ISO-10303-21;
HEADER;
FILE_DESCRIPTION(('Open CASCADE Model'),'2;1');
FILE_NAME('Open CASCADE Shape Model','2026-09-23T09:53:39',('Author'),(
    'Open CASCADE'),'Open CASCADE STEP processor 7.9','Open CASCADE 7.9'
  ,'Unknown');
FILE_SCHEMA(('AUTOMOTIVE_DESIGN { 1 0 10303 214 1 1 1 1 }'));
ENDSEC;
DATA;
#1 = APPLICATION_PROTOCOL_DEFINITION('international standard',
  'automotive_design',2000,#2);
#2 = APPLICATION_CONTEXT(
  'core data for automotive mechanical design processes');
#3 = SHAPE_DEFINITION_REPRESENTATION(#4,#10);
#4 = PRODUCT_DEFINITION_SHAPE('','',#5);
#5 = PRODUCT_DEFINITION('design','',#6,#9);
#6 = PRODUCT_DEFINITION_FORMATION('','',#7);
#7 = PRODUCT('Open CASCADE STEP translator 7.9 79',
  'Open CASCADE STEP translator 7.9 79','',(#8));
#8 = PRODUCT_CONTEXT('',#2,'mechanical');
#9 = PRODUCT_DEFINITION_CONTEXT('part definition',#2,'design');
#10 = ADVANCED_BREP_SHAPE_REPRESENTATION('',(#11,#15),#1993);
#11 = AXIS2_PLACEMENT_3D('',#12,#13,#14);
#12 = CARTESIAN_POINT('',(0.,0.,0.));
#13 = DIRECTION('',(0.,0.,1.));
#14 = DIRECTION('',(1.,0.,-0.));
#15 = MANIFOLD_SOLID_BREP('',#16);
#16 = CLOSED_SHELL('',(#17,#177,#622,#670,#1804,#1830,#1856,#1863,#1908,
    #1934,#1960,#1986));
#17 = ADVANCED_FACE('',(#18),#32,.T.);
#18 = FACE_BOUND('',#19,.T.);
#19 = EDGE_LOOP('',(#20,#69,#108,#136));
#20 = ORIENTED_EDGE('',*,*,#21,.T.);
#21 = EDGE_CURVE('',#22,#24,#26,.T.);
#22 = VERTEX_POINT('',#23);
#23 = CARTESIAN_POINT('',(2.879661824571E+03,-250.,1.405104170594E+03));
#24 = VERTEX_POINT('',#25);
#25 = CARTESIAN_POINT('',(3.2639E+03,-250.,1.233174164363E+03));
#26 = SURFACE_CURVE('',#27,(#31,#57),.PCURVE_S1.);
#27 = LINE('',#28,#29);
#28 = CARTESIAN_POINT('',(2.879661824571E+03,-250.,1.405104170594E+03));
#29 = VECTOR('',#30,1.);
#30 = DIRECTION('',(0.912788158758,0.,-0.408433320422));
#31 = PCURVE('',#32,#51);
#32 = B_SPLINE_SURFACE_WITH_KNOTS('',8,1,(
    (#33,#34)
    ,(#35,#36)
    ,(#37,#38)
    ,(#39,#40)
    ,(#41,#42)
    ,(#43,#44)
    ,(#45,#46)
    ,(#47,#48)
    ,(#49,#50
    )),.UNSPECIFIED.,.F.,.F.,.F.,(9,9),(2,2),(0.,420.95),(0.,1.),
  .PIECEWISE_BEZIER_KNOTS.);
#33 = CARTESIAN_POINT('',(2.879661824571E+03,-250.,1.405104170594E+03));
#34 = CARTESIAN_POINT('',(3.146268661236E+03,-54.73493142162,
    1.702638853983E+03));
#35 = CARTESIAN_POINT('',(2.927691596499E+03,-250.,1.383612919815E+03));
#36 = CARTESIAN_POINT('',(3.155844164748E+03,-62.79654782822,
    1.702638853983E+03));
#37 = CARTESIAN_POINT('',(2.975721368428E+03,-250.,1.362121669037E+03));
#38 = CARTESIAN_POINT('',(3.167031470236E+03,-68.94368533646,
    1.702638853983E+03));
#39 = CARTESIAN_POINT('',(3.023751140357E+03,-250.,1.340630418258E+03));
#40 = CARTESIAN_POINT('',(3.179383994166E+03,-72.8003783129,
    1.702638853983E+03));
#41 = CARTESIAN_POINT('',(3.071780912285E+03,-250.,1.319139167479E+03));
#42 = CARTESIAN_POINT('',(3.19235E+03,-74.11566602261,1.702638853983E+03
    ));
#43 = CARTESIAN_POINT('',(3.119810684214E+03,-250.,1.2976479167E+03));
#44 = CARTESIAN_POINT('',(3.205316005834E+03,-72.8003783129,
    1.702638853983E+03));
#45 = CARTESIAN_POINT('',(3.167840456143E+03,-250.,1.276156665921E+03));
#46 = CARTESIAN_POINT('',(3.217668529764E+03,-68.94368533646,
    1.702638853983E+03));
#47 = CARTESIAN_POINT('',(3.215870228071E+03,-250.,1.254665415142E+03));
#48 = CARTESIAN_POINT('',(3.228855835252E+03,-62.79654782822,
    1.702638853983E+03));
#49 = CARTESIAN_POINT('',(3.2639E+03,-250.,1.233174164363E+03));
#50 = CARTESIAN_POINT('',(3.238431338764E+03,-54.73493142162,
    1.702638853983E+03));
#51 = DEFINITIONAL_REPRESENTATION('',(#52),#56);
#52 = LINE('',#53,#54);
#53 = CARTESIAN_POINT('',(0.,0.));
#54 = VECTOR('',#55,1.);
#55 = DIRECTION('',(1.,0.));
#56 = ( GEOMETRIC_REPRESENTATION_CONTEXT(2) 
PARAMETRIC_REPRESENTATION_CONTEXT() REPRESENTATION_CONTEXT('2D SPACE',''
  ) );
#57 = PCURVE('',#58,#63);
#58 = PLANE('',#59);
#59 = AXIS2_PLACEMENT_3D('',#60,#61,#62);
#60 = CARTESIAN_POINT('',(2.879661824571E+03,-250.,1.405104170594E+03));
#61 = DIRECTION('',(-0.408433320422,-3.628234079624E-17,-0.912788158758)
  );
#62 = DIRECTION('',(0.587875616539,0.764988559352,-0.263048975553));
#63 = DEFINITIONAL_REPRESENTATION('',(#64),#68);
#64 = LINE('',#65,#66);
#65 = CARTESIAN_POINT('',(0.,0.));
#66 = VECTOR('',#67,1.);
#67 = DIRECTION('',(0.644043868118,0.764988559352));
#68 = ( GEOMETRIC_REPRESENTATION_CONTEXT(2) 
PARAMETRIC_REPRESENTATION_CONTEXT() REPRESENTATION_CONTEXT('2D SPACE',''
  ) );
#69 = ORIENTED_EDGE('',*,*,#70,.T.);
#70 = EDGE_CURVE('',#24,#71,#73,.T.);
#71 = VERTEX_POINT('',#72);
#72 = CARTESIAN_POINT('',(3.238431338764E+03,-54.73493142162,
    1.702638853983E+03));
#73 = SURFACE_CURVE('',#74,(#77,#84),.PCURVE_S1.);
#74 = B_SPLINE_CURVE_WITH_KNOTS('',1,(#75,#76),.UNSPECIFIED.,.F.,.F.,(2,
    2),(0.,1.),.PIECEWISE_BEZIER_KNOTS.);
#75 = CARTESIAN_POINT('',(3.2639E+03,-250.,1.233174164363E+03));
#76 = CARTESIAN_POINT('',(3.238431338764E+03,-54.73493142162,
    1.702638853983E+03));
#77 = PCURVE('',#32,#78);
#78 = DEFINITIONAL_REPRESENTATION('',(#79),#83);
#79 = LINE('',#80,#81);
#80 = CARTESIAN_POINT('',(420.95,0.));
#81 = VECTOR('',#82,1.);
#82 = DIRECTION('',(0.,1.));
#83 = ( GEOMETRIC_REPRESENTATION_CONTEXT(2) 
PARAMETRIC_REPRESENTATION_CONTEXT() REPRESENTATION_CONTEXT('2D SPACE',''
  ) );
#84 = PCURVE('',#85,#102);
#85 = B_SPLINE_SURFACE_WITH_KNOTS('',7,1,(
    (#86,#87)
    ,(#88,#89)
    ,(#90,#91)
    ,(#92,#93)
    ,(#94,#95)
    ,(#96,#97)
    ,(#98,#99)
    ,(#100,#101
    )),.UNSPECIFIED.,.F.,.F.,.F.,(8,8),(2,2),(0.,250.),(0.,1.),
  .PIECEWISE_BEZIER_KNOTS.);
#86 = CARTESIAN_POINT('',(3.2639E+03,-250.,1.233174164363E+03));
#87 = CARTESIAN_POINT('',(3.238431338764E+03,-54.73493142162,
    1.702638853983E+03));
#88 = CARTESIAN_POINT('',(3.2639E+03,-214.2857142857,1.233174164363E+03)
  );
#89 = CARTESIAN_POINT('',(3.245242112361E+03,-49.00094113052,
    1.702638853983E+03));
#90 = CARTESIAN_POINT('',(3.2639E+03,-178.5714285714,1.233174164363E+03)
  );
#91 = CARTESIAN_POINT('',(3.251220478226E+03,-42.278226301,
    1.702638853983E+03));
#92 = CARTESIAN_POINT('',(3.2639E+03,-142.8571428571,1.233174164363E+03)
  );
#93 = CARTESIAN_POINT('',(3.256194203016E+03,-34.71179981543,
    1.702638853983E+03));
#94 = CARTESIAN_POINT('',(3.2639E+03,-107.1428571428,1.233174164363E+03)
  );
#95 = CARTESIAN_POINT('',(3.260022597201E+03,-26.48416306583,
    1.702638853983E+03));
#96 = CARTESIAN_POINT('',(3.2639E+03,-71.42857142857,1.233174164363E+03)
  );
#97 = CARTESIAN_POINT('',(3.262607529944E+03,-17.80620992218,
    1.702638853983E+03));
#98 = CARTESIAN_POINT('',(3.2639E+03,-35.71428571428,1.233174164363E+03)
  );
#99 = CARTESIAN_POINT('',(3.2639E+03,-8.903105168673,1.702638853983E+03)
  );
#100 = CARTESIAN_POINT('',(3.2639E+03,0.,1.233174164363E+03));
#101 = CARTESIAN_POINT('',(3.2639E+03,-1.7763568394E-14,
    1.702638853983E+03));
#102 = DEFINITIONAL_REPRESENTATION('',(#103),#107);
#103 = LINE('',#104,#105);
#104 = CARTESIAN_POINT('',(0.,0.));
#105 = VECTOR('',#106,1.);
#106 = DIRECTION('',(0.,1.));
#107 = ( GEOMETRIC_REPRESENTATION_CONTEXT(2) 
PARAMETRIC_REPRESENTATION_CONTEXT() REPRESENTATION_CONTEXT('2D SPACE',''
  ) );
#108 = ORIENTED_EDGE('',*,*,#109,.F.);
#109 = EDGE_CURVE('',#110,#71,#112,.T.);
#110 = VERTEX_POINT('',#111);
#111 = CARTESIAN_POINT('',(3.146268661236E+03,-54.73493142162,
    1.702638853983E+03));
#112 = SURFACE_CURVE('',#113,(#118,#124),.PCURVE_S1.);
#113 = CIRCLE('',#114,71.55);
#114 = AXIS2_PLACEMENT_3D('',#115,#116,#117);
#115 = CARTESIAN_POINT('',(3.19235E+03,0.,1.702638853983E+03));
#116 = DIRECTION('',(0.,0.,1.));
#117 = DIRECTION('',(1.,0.,-0.));
#118 = PCURVE('',#32,#119);
#119 = DEFINITIONAL_REPRESENTATION('',(#120),#123);
#120 = B_SPLINE_CURVE_WITH_KNOTS('',1,(#121,#122),.UNSPECIFIED.,.F.,.F.,
  (2,2),(4.012616220057,5.412161740713),.PIECEWISE_BEZIER_KNOTS.);
#121 = CARTESIAN_POINT('',(0.,1.));
#122 = CARTESIAN_POINT('',(420.95,1.));
#123 = ( GEOMETRIC_REPRESENTATION_CONTEXT(2) 
PARAMETRIC_REPRESENTATION_CONTEXT() REPRESENTATION_CONTEXT('2D SPACE',''
  ) );
#124 = PCURVE('',#125,#130);
#125 = PLANE('',#126);
#126 = AXIS2_PLACEMENT_3D('',#127,#128,#129);
#127 = CARTESIAN_POINT('',(3.19235E+03,0.,1.702638853983E+03));
#128 = DIRECTION('',(0.,0.,1.));
#129 = DIRECTION('',(1.,0.,-0.));
#130 = DEFINITIONAL_REPRESENTATION('',(#131),#135);
#131 = CIRCLE('',#132,71.55);
#132 = AXIS2_PLACEMENT_2D('',#133,#134);
#133 = CARTESIAN_POINT('',(0.,0.));
#134 = DIRECTION('',(1.,0.));
#135 = ( GEOMETRIC_REPRESENTATION_CONTEXT(2) 
PARAMETRIC_REPRESENTATION_CONTEXT() REPRESENTATION_CONTEXT('2D SPACE',''
  ) );
#136 = ORIENTED_EDGE('',*,*,#137,.F.);
#137 = EDGE_CURVE('',#22,#110,#138,.T.);
#138 = SURFACE_CURVE('',#139,(#142,#149),.PCURVE_S1.);
#139 = B_SPLINE_CURVE_WITH_KNOTS('',1,(#140,#141),.UNSPECIFIED.,.F.,.F.,
  (2,2),(0.,1.),.PIECEWISE_BEZIER_KNOTS.);
#140 = CARTESIAN_POINT('',(2.879661824571E+03,-250.,1.405104170594E+03)
  );
#141 = CARTESIAN_POINT('',(3.146268661236E+03,-54.73493142162,
    1.702638853983E+03));
#142 = PCURVE('',#32,#143);
#143 = DEFINITIONAL_REPRESENTATION('',(#144),#148);
#144 = LINE('',#145,#146);
#145 = CARTESIAN_POINT('',(0.,0.));
#146 = VECTOR('',#147,1.);
#147 = DIRECTION('',(0.,1.));
#148 = ( GEOMETRIC_REPRESENTATION_CONTEXT(2) 
PARAMETRIC_REPRESENTATION_CONTEXT() REPRESENTATION_CONTEXT('2D SPACE',''
  ) );
#149 = PCURVE('',#150,#171);
#150 = B_SPLINE_SURFACE_WITH_KNOTS('',9,1,(
    (#151,#152)
    ,(#153,#154)
    ,(#155,#156)
    ,(#157,#158)
    ,(#159,#160)
    ,(#161,#162)
    ,(#163,#164)
    ,(#165,#166)
    ,(#167,#168)
    ,(#169,#170
    )),.UNSPECIFIED.,.F.,.F.,.F.,(10,10),(2,2),(0.,500.),(0.,1.),
  .PIECEWISE_BEZIER_KNOTS.);
#151 = CARTESIAN_POINT('',(2.879661824571E+03,250.,1.405104170594E+03));
#152 = CARTESIAN_POINT('',(3.146268661236E+03,54.734931421624,
    1.702638853983E+03));
#153 = CARTESIAN_POINT('',(2.879661824571E+03,194.44444444444,
    1.405104170594E+03));
#154 = CARTESIAN_POINT('',(3.13567412453E+03,45.815390968807,
    1.702638853983E+03));
#155 = CARTESIAN_POINT('',(2.879661824571E+03,138.88888888888,
    1.405104170594E+03));
#156 = CARTESIAN_POINT('',(3.12702186956E+03,34.588827771683,
    1.702638853983E+03));
#157 = CARTESIAN_POINT('',(2.879661824571E+03,83.333333333333,
    1.405104170594E+03));
#158 = CARTESIAN_POINT('',(3.120886037361E+03,21.538605334992,
    1.702638853984E+03));
#159 = CARTESIAN_POINT('',(2.879661824571E+03,27.777777777778,
    1.405104170594E+03));
#160 = CARTESIAN_POINT('',(3.117700395074E+03,7.314784949058,
    1.702638853983E+03));
#161 = CARTESIAN_POINT('',(2.879661824571E+03,-27.77777777777,
    1.405104170594E+03));
#162 = CARTESIAN_POINT('',(3.117700395075E+03,-7.314784949058,
    1.702638853984E+03));
#163 = CARTESIAN_POINT('',(2.879661824571E+03,-83.33333333333,
    1.405104170594E+03));
#164 = CARTESIAN_POINT('',(3.12088603736E+03,-21.53860533499,
    1.702638853983E+03));
#165 = CARTESIAN_POINT('',(2.879661824571E+03,-138.8888888888,
    1.405104170594E+03));
#166 = CARTESIAN_POINT('',(3.127021869561E+03,-34.58882777168,
    1.702638853983E+03));
#167 = CARTESIAN_POINT('',(2.879661824571E+03,-194.4444444444,
    1.405104170594E+03));
#168 = CARTESIAN_POINT('',(3.13567412453E+03,-45.8153909688,
    1.702638853983E+03));
#169 = CARTESIAN_POINT('',(2.879661824571E+03,-250.,1.405104170594E+03)
  );
#170 = CARTESIAN_POINT('',(3.146268661236E+03,-54.73493142162,
    1.702638853983E+03));
#171 = DEFINITIONAL_REPRESENTATION('',(#172),#176);
#172 = LINE('',#173,#174);
#173 = CARTESIAN_POINT('',(500.,0.));
#174 = VECTOR('',#175,1.);
#175 = DIRECTION('',(0.,1.));
#176 = ( GEOMETRIC_REPRESENTATION_CONTEXT(2) 
PARAMETRIC_REPRESENTATION_CONTEXT() REPRESENTATION_CONTEXT('2D SPACE',''
  ) );
#177 = ADVANCED_FACE('',(#178,#307),#58,.T.);
#178 = FACE_BOUND('',#179,.T.);
#179 = EDGE_LOOP('',(#180,#181,#204,#246,#286));
#180 = ORIENTED_EDGE('',*,*,#21,.F.);
#181 = ORIENTED_EDGE('',*,*,#182,.F.);
#182 = EDGE_CURVE('',#183,#22,#185,.T.);
#183 = VERTEX_POINT('',#184);
#184 = CARTESIAN_POINT('',(2.879661824571E+03,250.,1.405104170594E+03));
#185 = SURFACE_CURVE('',#186,(#190,#197),.PCURVE_S1.);
#186 = LINE('',#187,#188);
#187 = CARTESIAN_POINT('',(2.879661824571E+03,250.,1.405104170594E+03));
#188 = VECTOR('',#189,1.);
#189 = DIRECTION('',(0.,-1.,0.));
#190 = PCURVE('',#58,#191);
#191 = DEFINITIONAL_REPRESENTATION('',(#192),#196);
#192 = LINE('',#193,#194);
#193 = CARTESIAN_POINT('',(382.49427967591,-322.0219340591));
#194 = VECTOR('',#195,1.);
#195 = DIRECTION('',(-0.764988559352,0.644043868118));
#196 = ( GEOMETRIC_REPRESENTATION_CONTEXT(2) 
PARAMETRIC_REPRESENTATION_CONTEXT() REPRESENTATION_CONTEXT('2D SPACE',''
  ) );
#197 = PCURVE('',#150,#198);
#198 = DEFINITIONAL_REPRESENTATION('',(#199),#203);
#199 = LINE('',#200,#201);
#200 = CARTESIAN_POINT('',(0.,0.));
#201 = VECTOR('',#202,1.);
#202 = DIRECTION('',(1.,0.));
#203 = ( GEOMETRIC_REPRESENTATION_CONTEXT(2) 
PARAMETRIC_REPRESENTATION_CONTEXT() REPRESENTATION_CONTEXT('2D SPACE',''
  ) );
#204 = ORIENTED_EDGE('',*,*,#205,.F.);
#205 = EDGE_CURVE('',#206,#183,#208,.T.);
#206 = VERTEX_POINT('',#207);
#207 = CARTESIAN_POINT('',(3.2639E+03,250.,1.233174164363E+03));
#208 = SURFACE_CURVE('',#209,(#213,#220),.PCURVE_S1.);
#209 = LINE('',#210,#211);
#210 = CARTESIAN_POINT('',(3.2639E+03,250.,1.233174164363E+03));
#211 = VECTOR('',#212,1.);
#212 = DIRECTION('',(-0.912788158758,0.,0.408433320422));
#213 = PCURVE('',#58,#214);
#214 = DEFINITIONAL_REPRESENTATION('',(#215),#219);
#215 = LINE('',#216,#217);
#216 = CARTESIAN_POINT('',(653.60454596032,-8.526512829121E-14));
#217 = VECTOR('',#218,1.);
#218 = DIRECTION('',(-0.644043868118,-0.764988559352));
#219 = ( GEOMETRIC_REPRESENTATION_CONTEXT(2) 
PARAMETRIC_REPRESENTATION_CONTEXT() REPRESENTATION_CONTEXT('2D SPACE',''
  ) );
#220 = PCURVE('',#221,#240);
#221 = B_SPLINE_SURFACE_WITH_KNOTS('',8,1,(
    (#222,#223)
    ,(#224,#225)
    ,(#226,#227)
    ,(#228,#229)
    ,(#230,#231)
    ,(#232,#233)
    ,(#234,#235)
    ,(#236,#237)
    ,(#238,#239
    )),.UNSPECIFIED.,.F.,.F.,.F.,(9,9),(2,2),(0.,420.95),(0.,1.),
  .PIECEWISE_BEZIER_KNOTS.);
#222 = CARTESIAN_POINT('',(3.2639E+03,250.,1.233174164363E+03));
#223 = CARTESIAN_POINT('',(3.238431338764E+03,54.734931421624,
    1.702638853983E+03));
#224 = CARTESIAN_POINT('',(3.215870228071E+03,250.,1.254665415142E+03));
#225 = CARTESIAN_POINT('',(3.228855835252E+03,62.796547828222,
    1.702638853983E+03));
#226 = CARTESIAN_POINT('',(3.167840456143E+03,250.,1.276156665921E+03));
#227 = CARTESIAN_POINT('',(3.217668529764E+03,68.943685336461,
    1.702638853983E+03));
#228 = CARTESIAN_POINT('',(3.119810684214E+03,250.,1.2976479167E+03));
#229 = CARTESIAN_POINT('',(3.205316005834E+03,72.800378312904,
    1.702638853983E+03));
#230 = CARTESIAN_POINT('',(3.071780912285E+03,250.,1.319139167479E+03));
#231 = CARTESIAN_POINT('',(3.19235E+03,74.115666022615,
    1.702638853983E+03));
#232 = CARTESIAN_POINT('',(3.023751140357E+03,250.,1.340630418258E+03));
#233 = CARTESIAN_POINT('',(3.179383994166E+03,72.800378312904,
    1.702638853983E+03));
#234 = CARTESIAN_POINT('',(2.975721368428E+03,250.,1.362121669037E+03));
#235 = CARTESIAN_POINT('',(3.167031470236E+03,68.943685336461,
    1.702638853983E+03));
#236 = CARTESIAN_POINT('',(2.927691596499E+03,250.,1.383612919815E+03));
#237 = CARTESIAN_POINT('',(3.155844164748E+03,62.796547828222,
    1.702638853983E+03));
#238 = CARTESIAN_POINT('',(2.879661824571E+03,250.,1.405104170594E+03));
#239 = CARTESIAN_POINT('',(3.146268661236E+03,54.734931421624,
    1.702638853983E+03));
#240 = DEFINITIONAL_REPRESENTATION('',(#241),#245);
#241 = LINE('',#242,#243);
#242 = CARTESIAN_POINT('',(0.,0.));
#243 = VECTOR('',#244,1.);
#244 = DIRECTION('',(1.,0.));
#245 = ( GEOMETRIC_REPRESENTATION_CONTEXT(2) 
PARAMETRIC_REPRESENTATION_CONTEXT() REPRESENTATION_CONTEXT('2D SPACE',''
  ) );
#246 = ORIENTED_EDGE('',*,*,#247,.F.);
#247 = EDGE_CURVE('',#248,#206,#250,.T.);
#248 = VERTEX_POINT('',#249);
#249 = CARTESIAN_POINT('',(3.2639E+03,0.,1.233174164363E+03));
#250 = SURFACE_CURVE('',#251,(#255,#262),.PCURVE_S1.);
#251 = LINE('',#252,#253);
#252 = CARTESIAN_POINT('',(3.2639E+03,-250.,1.233174164363E+03));
#253 = VECTOR('',#254,1.);
#254 = DIRECTION('',(0.,1.,0.));
#255 = PCURVE('',#58,#256);
#256 = DEFINITIONAL_REPRESENTATION('',(#257),#261);
#257 = LINE('',#258,#259);
#258 = CARTESIAN_POINT('',(271.1102662844,322.02193405915));
#259 = VECTOR('',#260,1.);
#260 = DIRECTION('',(0.764988559352,-0.644043868118));
#261 = ( GEOMETRIC_REPRESENTATION_CONTEXT(2) 
PARAMETRIC_REPRESENTATION_CONTEXT() REPRESENTATION_CONTEXT('2D SPACE',''
  ) );
#262 = PCURVE('',#263,#280);
#263 = B_SPLINE_SURFACE_WITH_KNOTS('',7,1,(
    (#264,#265)
    ,(#266,#267)
    ,(#268,#269)
    ,(#270,#271)
    ,(#272,#273)
    ,(#274,#275)
    ,(#276,#277)
    ,(#278,#279
    )),.UNSPECIFIED.,.F.,.F.,.F.,(8,8),(2,2),(250.,500.),(0.,1.),
  .PIECEWISE_BEZIER_KNOTS.);
#264 = CARTESIAN_POINT('',(3.2639E+03,0.,1.233174164363E+03));
#265 = CARTESIAN_POINT('',(3.2639E+03,0.,1.702638853983E+03));
#266 = CARTESIAN_POINT('',(3.2639E+03,35.714285714286,1.233174164363E+03
    ));
#267 = CARTESIAN_POINT('',(3.2639E+03,8.903105168674,1.702638853983E+03)
  );
#268 = CARTESIAN_POINT('',(3.2639E+03,71.428571428571,1.233174164363E+03
    ));
#269 = CARTESIAN_POINT('',(3.262607529944E+03,17.80620992218,
    1.702638853983E+03));
#270 = CARTESIAN_POINT('',(3.2639E+03,107.14285714285,1.233174164363E+03
    ));
#271 = CARTESIAN_POINT('',(3.260022597201E+03,26.48416306584,
    1.702638853983E+03));
#272 = CARTESIAN_POINT('',(3.2639E+03,142.85714285714,1.233174164363E+03
    ));
#273 = CARTESIAN_POINT('',(3.256194203016E+03,34.711799815435,
    1.702638853983E+03));
#274 = CARTESIAN_POINT('',(3.2639E+03,178.57142857142,1.233174164363E+03
    ));
#275 = CARTESIAN_POINT('',(3.251220478226E+03,42.278226301009,
    1.702638853983E+03));
#276 = CARTESIAN_POINT('',(3.2639E+03,214.28571428571,1.233174164363E+03
    ));
#277 = CARTESIAN_POINT('',(3.245242112361E+03,49.000941130527,
    1.702638853983E+03));
#278 = CARTESIAN_POINT('',(3.2639E+03,250.,1.233174164363E+03));
#279 = CARTESIAN_POINT('',(3.238431338764E+03,54.734931421624,
    1.702638853983E+03));
#280 = DEFINITIONAL_REPRESENTATION('',(#281),#285);
#281 = LINE('',#282,#283);
#282 = CARTESIAN_POINT('',(0.,0.));
#283 = VECTOR('',#284,1.);
#284 = DIRECTION('',(1.,0.));
#285 = ( GEOMETRIC_REPRESENTATION_CONTEXT(2) 
PARAMETRIC_REPRESENTATION_CONTEXT() REPRESENTATION_CONTEXT('2D SPACE',''
  ) );
#286 = ORIENTED_EDGE('',*,*,#287,.F.);
#287 = EDGE_CURVE('',#24,#248,#288,.T.);
#288 = SURFACE_CURVE('',#289,(#293,#300),.PCURVE_S1.);
#289 = LINE('',#290,#291);
#290 = CARTESIAN_POINT('',(3.2639E+03,-250.,1.233174164363E+03));
#291 = VECTOR('',#292,1.);
#292 = DIRECTION('',(0.,1.,0.));
#293 = PCURVE('',#58,#294);
#294 = DEFINITIONAL_REPRESENTATION('',(#295),#299);
#295 = LINE('',#296,#297);
#296 = CARTESIAN_POINT('',(271.1102662844,322.02193405915));
#297 = VECTOR('',#298,1.);
#298 = DIRECTION('',(0.764988559352,-0.644043868118));
#299 = ( GEOMETRIC_REPRESENTATION_CONTEXT(2) 
PARAMETRIC_REPRESENTATION_CONTEXT() REPRESENTATION_CONTEXT('2D SPACE',''
  ) );
#300 = PCURVE('',#85,#301);
#301 = DEFINITIONAL_REPRESENTATION('',(#302),#306);
#302 = LINE('',#303,#304);
#303 = CARTESIAN_POINT('',(0.,0.));
#304 = VECTOR('',#305,1.);
#305 = DIRECTION('',(1.,0.));
#306 = ( GEOMETRIC_REPRESENTATION_CONTEXT(2) 
PARAMETRIC_REPRESENTATION_CONTEXT() REPRESENTATION_CONTEXT('2D SPACE',''
  ) );
#307 = FACE_BOUND('',#308,.T.);
#308 = EDGE_LOOP('',(#309,#380,#432,#484,#553));
#309 = ORIENTED_EDGE('',*,*,#310,.F.);
#310 = EDGE_CURVE('',#311,#313,#315,.T.);
#311 = VERTEX_POINT('',#312);
#312 = CARTESIAN_POINT('',(3.262063553275E+03,-248.035568424,
    1.233995895042E+03));
#313 = VERTEX_POINT('',#314);
#314 = CARTESIAN_POINT('',(2.881319136445E+03,-247.9908856889,
    1.404362595032E+03));
#315 = SURFACE_CURVE('',#316,(#329,#345),.PCURVE_S1.);
#316 = B_SPLINE_CURVE_WITH_KNOTS('',6,(#317,#318,#319,#320,#321,#322,
    #323,#324,#325,#326,#327,#328),.UNSPECIFIED.,.F.,.F.,(7,5,7),(0.,
    0.493722556652,1.),.UNSPECIFIED.);
#317 = CARTESIAN_POINT('',(3.262063553275E+03,-248.035568424,
    1.233995895042E+03));
#318 = CARTESIAN_POINT('',(3.230731998013E+03,-248.045142845,
    1.248015414278E+03));
#319 = CARTESIAN_POINT('',(3.199399998308E+03,-248.0525010604,
    1.262035132382E+03));
#320 = CARTESIAN_POINT('',(3.16806781491E+03,-248.0573863583,
    1.276054932681E+03));
#321 = CARTESIAN_POINT('',(3.136735719842E+03,-248.0595853513,
    1.290074693457E+03));
#322 = CARTESIAN_POINT('',(3.105403976499E+03,-248.0589624382,
    1.304094296851E+03));
#323 = CARTESIAN_POINT('',(3.041944941977E+03,-248.0519379006,
    1.332489476972E+03));
#324 = CARTESIAN_POINT('',(3.009817680818E+03,-248.0453897981,
    1.346865040267E+03));
#325 = CARTESIAN_POINT('',(2.977691288077E+03,-248.0358261371,
    1.361240214982E+03));
#326 = CARTESIAN_POINT('',(2.945565982241E+03,-248.0233458142,
    1.375614903354E+03));
#327 = CARTESIAN_POINT('',(2.9134419128E+03,-248.0082222006,
    1.389989038494E+03));
#328 = CARTESIAN_POINT('',(2.881319136445E+03,-247.9908856889,
    1.404362595032E+03));
#329 = PCURVE('',#58,#330);
#330 = DEFINITIONAL_REPRESENTATION('',(#331),#344);
#331 = B_SPLINE_CURVE_WITH_KNOTS('',6,(#332,#333,#334,#335,#336,#337,
    #338,#339,#340,#341,#342,#343),.UNSPECIFIED.,.F.,.F.,(7,5,7),(0.,
    0.493722556652,1.),.UNSPECIFIED.);
#332 = CARTESIAN_POINT('',(271.31727630176,319.21766656987));
#333 = CARTESIAN_POINT('',(249.20307443956,292.96551537383));
#334 = CARTESIAN_POINT('',(227.09025436019,266.7115643662));
#335 = CARTESIAN_POINT('',(204.97919642417,240.4558667416));
#336 = CARTESIAN_POINT('',(182.8702558051,214.19851304708));
#337 = CARTESIAN_POINT('',(160.76372208059,187.93963669328));
#338 = CARTESIAN_POINT('',(115.99375368551,134.75143033335));
#339 = CARTESIAN_POINT('',(93.330452250054,107.82203114743));
#340 = CARTESIAN_POINT('',(70.670070418829,80.891417611587));
#341 = CARTESIAN_POINT('',(48.012686698319,53.959836530637));
#342 = CARTESIAN_POINT('',(25.358197438257,27.027589250356));
#343 = CARTESIAN_POINT('',(2.706313394192,9.500047516212E-02));
#344 = ( GEOMETRIC_REPRESENTATION_CONTEXT(2) 
PARAMETRIC_REPRESENTATION_CONTEXT() REPRESENTATION_CONTEXT('2D SPACE',''
  ) );
#345 = PCURVE('',#346,#365);
#346 = B_SPLINE_SURFACE_WITH_KNOTS('',8,1,(
    (#347,#348)
    ,(#349,#350)
    ,(#351,#352)
    ,(#353,#354)
    ,(#355,#356)
    ,(#357,#358)
    ,(#359,#360)
    ,(#361,#362)
    ,(#363,#364
    )),.UNSPECIFIED.,.F.,.F.,.F.,(9,9),(2,2),(0.,417.95),(0.,1.),
  .PIECEWISE_BEZIER_KNOTS.);
#347 = CARTESIAN_POINT('',(2.880622573488E+03,-248.5,1.403578732455E+03)
  );
#348 = CARTESIAN_POINT('',(3.147264675603E+03,-53.61264798527,
    1.703638853983E+03));
#349 = CARTESIAN_POINT('',(2.928310049858E+03,-248.5,1.382240644171E+03)
  );
#350 = CARTESIAN_POINT('',(3.156636354369E+03,-61.49372070239,
    1.703638853983E+03));
#351 = CARTESIAN_POINT('',(2.975997526227E+03,-248.5,1.360902555887E+03)
  );
#352 = CARTESIAN_POINT('',(3.167582479899E+03,-67.5025623321,
    1.703638853983E+03));
#353 = CARTESIAN_POINT('',(3.023685002596E+03,-248.5,1.339564467604E+03)
  );
#354 = CARTESIAN_POINT('',(3.17966667245E+03,-71.27221388086,
    1.703638853983E+03));
#355 = CARTESIAN_POINT('',(3.071372478965E+03,-248.5,1.31822637932E+03)
  );
#356 = CARTESIAN_POINT('',(3.19235E+03,-72.5577675302,1.703638853983E+03
    ));
#357 = CARTESIAN_POINT('',(3.119059955334E+03,-248.5,1.296888291036E+03)
  );
#358 = CARTESIAN_POINT('',(3.20503332755E+03,-71.27221388086,
    1.703638853983E+03));
#359 = CARTESIAN_POINT('',(3.166747431703E+03,-248.5,1.275550202752E+03)
  );
#360 = CARTESIAN_POINT('',(3.217117520101E+03,-67.5025623321,
    1.703638853983E+03));
#361 = CARTESIAN_POINT('',(3.214434908072E+03,-248.5,1.254212114469E+03)
  );
#362 = CARTESIAN_POINT('',(3.228063645631E+03,-61.49372070239,
    1.703638853983E+03));
#363 = CARTESIAN_POINT('',(3.262122384441E+03,-248.5,1.232874026185E+03)
  );
#364 = CARTESIAN_POINT('',(3.237435324397E+03,-53.61264798527,
    1.703638853983E+03));
#365 = DEFINITIONAL_REPRESENTATION('',(#366),#379);
#366 = B_SPLINE_CURVE_WITH_KNOTS('',6,(#367,#368,#369,#370,#371,#372,
    #373,#374,#375,#376,#377,#378),.UNSPECIFIED.,.F.,.F.,(7,5,7),(0.,
    0.493722556652,1.),.UNSPECIFIED.);
#367 = CARTESIAN_POINT('',(417.95,2.383077050352E-03));
#368 = CARTESIAN_POINT('',(383.55942629556,2.397386397035E-03));
#369 = CARTESIAN_POINT('',(349.16933795102,2.413562882283E-03));
#370 = CARTESIAN_POINT('',(314.77944997149,2.431362989402E-03));
#371 = CARTESIAN_POINT('',(280.38946510172,2.450462823864E-03));
#372 = CARTESIAN_POINT('',(245.999095598,2.470462077991E-03));
#373 = CARTESIAN_POINT('',(176.34254429283,2.511833324595E-03));
#374 = CARTESIAN_POINT('',(141.07632963725,2.533227855439E-03));
#375 = CARTESIAN_POINT('',(105.8091661236,2.55456500174E-03));
#376 = CARTESIAN_POINT('',(70.540815224856,2.575267045044E-03));
#377 = CARTESIAN_POINT('',(35.271113776192,2.594716273553E-03));
#378 = CARTESIAN_POINT('',(0.,2.612351729439E-03));
#379 = ( GEOMETRIC_REPRESENTATION_CONTEXT(2) 
PARAMETRIC_REPRESENTATION_CONTEXT() REPRESENTATION_CONTEXT('2D SPACE',''
  ) );
#380 = ORIENTED_EDGE('',*,*,#381,.F.);
#381 = EDGE_CURVE('',#382,#311,#384,.T.);
#382 = VERTEX_POINT('',#383);
#383 = CARTESIAN_POINT('',(3.262123030326E+03,-4.959328433777E-17,
    1.233969281628E+03));
#384 = SURFACE_CURVE('',#385,(#393,#404),.PCURVE_S1.);
#385 = B_SPLINE_CURVE_WITH_KNOTS('',6,(#386,#387,#388,#389,#390,#391,
    #392),.UNSPECIFIED.,.F.,.F.,(7,7),(0.,1.),.PIECEWISE_BEZIER_KNOTS.);
#386 = CARTESIAN_POINT('',(3.262123030326E+03,0.,1.233969281628E+03));
#387 = CARTESIAN_POINT('',(3.262123030326E+03,-41.34162750884,
    1.233969281628E+03));
#388 = CARTESIAN_POINT('',(3.262118904985E+03,-82.68325509718,
    1.23397112754E+03));
#389 = CARTESIAN_POINT('',(3.262110654858E+03,-124.0241555055,
    1.233974819116E+03));
#390 = CARTESIAN_POINT('',(3.262098434518E+03,-165.3636040113,
    1.233980287191E+03));
#391 = CARTESIAN_POINT('',(3.262082560681E+03,-206.7009215077,
    1.233987390048E+03));
#392 = CARTESIAN_POINT('',(3.262063553275E+03,-248.035568424,
    1.233995895042E+03));
#393 = PCURVE('',#58,#394);
#394 = DEFINITIONAL_REPRESENTATION('',(#395),#403);
#395 = B_SPLINE_CURVE_WITH_KNOTS('',6,(#396,#397,#398,#399,#400,#401,
    #402),.UNSPECIFIED.,.F.,.F.,(7,7),(0.,1.),.PIECEWISE_BEZIER_KNOTS.);
#396 = CARTESIAN_POINT('',(461.10361419803,159.52172611696));
#397 = CARTESIAN_POINT('',(429.47774212878,186.14754781207));
#398 = CARTESIAN_POINT('',(397.84895924605,212.76991219683));
#399 = CARTESIAN_POINT('',(366.21782228605,239.3883513488));
#400 = CARTESIAN_POINT('',(334.58499471788,266.00252806055));
#401 = CARTESIAN_POINT('',(302.95121951777,292.61227038954));
#402 = CARTESIAN_POINT('',(271.31727630176,319.21766656987));
#403 = ( GEOMETRIC_REPRESENTATION_CONTEXT(2) 
PARAMETRIC_REPRESENTATION_CONTEXT() REPRESENTATION_CONTEXT('2D SPACE',''
  ) );
#404 = PCURVE('',#405,#422);
#405 = B_SPLINE_SURFACE_WITH_KNOTS('',7,1,(
    (#406,#407)
    ,(#408,#409)
    ,(#410,#411)
    ,(#412,#413)
    ,(#414,#415)
    ,(#416,#417)
    ,(#418,#419)
    ,(#420,#421
    )),.UNSPECIFIED.,.F.,.F.,.F.,(8,8),(2,2),(0.,248.5),(0.,1.),
  .PIECEWISE_BEZIER_KNOTS.);
#406 = CARTESIAN_POINT('',(3.262122384441E+03,-248.5,1.232874026185E+03)
  );
#407 = CARTESIAN_POINT('',(3.237435324397E+03,-53.61264798527,
    1.703638853983E+03));
#408 = CARTESIAN_POINT('',(3.262122384441E+03,-213.,1.232874026185E+03)
  );
#409 = CARTESIAN_POINT('',(3.244110729463E+03,-47.99899497282,
    1.703638853983E+03));
#410 = CARTESIAN_POINT('',(3.262122384441E+03,-177.5,1.232874026185E+03)
  );
#411 = CARTESIAN_POINT('',(3.249970673483E+03,-41.41564732208,
    1.703638853983E+03));
#412 = CARTESIAN_POINT('',(3.262122384441E+03,-142.,1.232874026185E+03)
  );
#413 = CARTESIAN_POINT('',(3.254846129737E+03,-34.00475679492,
    1.703638853983E+03));
#414 = CARTESIAN_POINT('',(3.262122384441E+03,-106.5,1.232874026185E+03)
  );
#415 = CARTESIAN_POINT('',(3.258599012686E+03,-25.94528926309,
    1.703638853983E+03));
#416 = CARTESIAN_POINT('',(3.262122384441E+03,-71.,1.232874026185E+03));
#417 = CARTESIAN_POINT('',(3.261133001812E+03,-17.44409692347,
    1.703638853983E+03));
#418 = CARTESIAN_POINT('',(3.262122384441E+03,-35.5,1.232874026185E+03)
  );
#419 = CARTESIAN_POINT('',(3.2624E+03,-8.722048666139,1.703638853983E+03
    ));
#420 = CARTESIAN_POINT('',(3.262122384441E+03,0.,1.232874026185E+03));
#421 = CARTESIAN_POINT('',(3.2624E+03,-2.13162820728E-14,
    1.703638853983E+03));
#422 = DEFINITIONAL_REPRESENTATION('',(#423),#431);
#423 = B_SPLINE_CURVE_WITH_KNOTS('',6,(#424,#425,#426,#427,#428,#429,
    #430),.UNSPECIFIED.,.F.,.F.,(7,7),(0.,1.),.PIECEWISE_BEZIER_KNOTS.);
#424 = CARTESIAN_POINT('',(248.5,2.326544758997E-03));
#425 = CARTESIAN_POINT('',(207.0856931798,2.326544758997E-03));
#426 = CARTESIAN_POINT('',(165.6713864358,2.330465850816E-03));
#427 = CARTESIAN_POINT('',(124.25635439272,2.338307507644E-03));
#428 = CARTESIAN_POINT('',(82.839874247023,2.349922807952E-03));
#429 = CARTESIAN_POINT('',(41.42126876109,2.36501071772E-03));
#430 = CARTESIAN_POINT('',(0.,2.383077050352E-03));
#431 = ( GEOMETRIC_REPRESENTATION_CONTEXT(2) 
PARAMETRIC_REPRESENTATION_CONTEXT() REPRESENTATION_CONTEXT('2D SPACE',''
  ) );
#432 = ORIENTED_EDGE('',*,*,#433,.F.);
#433 = EDGE_CURVE('',#434,#382,#436,.T.);
#434 = VERTEX_POINT('',#435);
#435 = CARTESIAN_POINT('',(3.262063553275E+03,248.03556842401,
    1.233995895042E+03));
#436 = SURFACE_CURVE('',#437,(#445,#456),.PCURVE_S1.);
#437 = B_SPLINE_CURVE_WITH_KNOTS('',6,(#438,#439,#440,#441,#442,#443,
    #444),.UNSPECIFIED.,.F.,.F.,(7,7),(0.,1.),.PIECEWISE_BEZIER_KNOTS.);
#438 = CARTESIAN_POINT('',(3.262063553275E+03,248.03556842401,
    1.233995895042E+03));
#439 = CARTESIAN_POINT('',(3.262082560681E+03,206.70092150776,
    1.233987390048E+03));
#440 = CARTESIAN_POINT('',(3.262098434518E+03,165.36360401141,
    1.233980287191E+03));
#441 = CARTESIAN_POINT('',(3.262110654858E+03,124.02415550554,
    1.233974819116E+03));
#442 = CARTESIAN_POINT('',(3.262118904985E+03,82.683255097201,
    1.23397112754E+03));
#443 = CARTESIAN_POINT('',(3.262123030326E+03,41.341627508839,
    1.233969281628E+03));
#444 = CARTESIAN_POINT('',(3.262123030326E+03,-2.273736754432E-13,
    1.233969281628E+03));
#445 = PCURVE('',#58,#446);
#446 = DEFINITIONAL_REPRESENTATION('',(#447),#455);
#447 = B_SPLINE_CURVE_WITH_KNOTS('',6,(#448,#449,#450,#451,#452,#453,
    #454),.UNSPECIFIED.,.F.,.F.,(7,7),(0.,1.),.PIECEWISE_BEZIER_KNOTS.);
#448 = CARTESIAN_POINT('',(650.80602061516,-0.273907267575));
#449 = CARTESIAN_POINT('',(619.19889983963,26.363348326573));
#450 = CARTESIAN_POINT('',(587.5875251217,52.999697713576));
#451 = CARTESIAN_POINT('',(555.9719423761,79.634357644987));
#452 = CARTESIAN_POINT('',(524.35244764469,106.26662531402));
#453 = CARTESIAN_POINT('',(492.72948626728,132.89590442186));
#454 = CARTESIAN_POINT('',(461.10361419803,159.52172611696));
#455 = ( GEOMETRIC_REPRESENTATION_CONTEXT(2) 
PARAMETRIC_REPRESENTATION_CONTEXT() REPRESENTATION_CONTEXT('2D SPACE',''
  ) );
#456 = PCURVE('',#457,#474);
#457 = B_SPLINE_SURFACE_WITH_KNOTS('',7,1,(
    (#458,#459)
    ,(#460,#461)
    ,(#462,#463)
    ,(#464,#465)
    ,(#466,#467)
    ,(#468,#469)
    ,(#470,#471)
    ,(#472,#473
    )),.UNSPECIFIED.,.F.,.F.,.F.,(8,8),(2,2),(248.5,497.),(0.,1.),
  .PIECEWISE_BEZIER_KNOTS.);
#458 = CARTESIAN_POINT('',(3.262122384441E+03,0.,1.232874026185E+03));
#459 = CARTESIAN_POINT('',(3.2624E+03,0.,1.703638853983E+03));
#460 = CARTESIAN_POINT('',(3.262122384441E+03,35.5,1.232874026185E+03));
#461 = CARTESIAN_POINT('',(3.2624E+03,8.722048666139,1.703638853983E+03)
  );
#462 = CARTESIAN_POINT('',(3.262122384441E+03,71.,1.232874026185E+03));
#463 = CARTESIAN_POINT('',(3.261133001812E+03,17.444096923478,
    1.703638853983E+03));
#464 = CARTESIAN_POINT('',(3.262122384441E+03,106.5,1.232874026185E+03)
  );
#465 = CARTESIAN_POINT('',(3.258599012686E+03,25.945289263094,
    1.703638853983E+03));
#466 = CARTESIAN_POINT('',(3.262122384441E+03,142.,1.232874026185E+03));
#467 = CARTESIAN_POINT('',(3.254846129737E+03,34.004756794929,
    1.703638853983E+03));
#468 = CARTESIAN_POINT('',(3.262122384441E+03,177.5,1.232874026185E+03)
  );
#469 = CARTESIAN_POINT('',(3.249970673483E+03,41.415647322086,
    1.703638853983E+03));
#470 = CARTESIAN_POINT('',(3.262122384441E+03,213.,1.232874026185E+03));
#471 = CARTESIAN_POINT('',(3.244110729463E+03,47.998994972828,
    1.703638853983E+03));
#472 = CARTESIAN_POINT('',(3.262122384441E+03,248.5,1.232874026185E+03)
  );
#473 = CARTESIAN_POINT('',(3.237435324397E+03,53.612647985272,
    1.703638853983E+03));
#474 = DEFINITIONAL_REPRESENTATION('',(#475),#483);
#475 = B_SPLINE_CURVE_WITH_KNOTS('',6,(#476,#477,#478,#479,#480,#481,
    #482),.UNSPECIFIED.,.F.,.F.,(7,7),(0.,1.),.PIECEWISE_BEZIER_KNOTS.);
#476 = CARTESIAN_POINT('',(497.,2.383077050353E-03));
#477 = CARTESIAN_POINT('',(455.5787312389,2.365010717721E-03));
#478 = CARTESIAN_POINT('',(414.16012575299,2.349922807953E-03));
#479 = CARTESIAN_POINT('',(372.74364560725,2.338307507645E-03));
#480 = CARTESIAN_POINT('',(331.32861356421,2.330465850816E-03));
#481 = CARTESIAN_POINT('',(289.91430682018,2.326544758998E-03));
#482 = CARTESIAN_POINT('',(248.5,2.326544758998E-03));
#483 = ( GEOMETRIC_REPRESENTATION_CONTEXT(2) 
PARAMETRIC_REPRESENTATION_CONTEXT() REPRESENTATION_CONTEXT('2D SPACE',''
  ) );
#484 = ORIENTED_EDGE('',*,*,#485,.F.);
#485 = EDGE_CURVE('',#486,#434,#488,.T.);
#486 = VERTEX_POINT('',#487);
#487 = CARTESIAN_POINT('',(2.881319136445E+03,247.99088568891,
    1.404362595032E+03));
#488 = SURFACE_CURVE('',#489,(#502,#518),.PCURVE_S1.);
#489 = B_SPLINE_CURVE_WITH_KNOTS('',6,(#490,#491,#492,#493,#494,#495,
    #496,#497,#498,#499,#500,#501),.UNSPECIFIED.,.F.,.F.,(7,5,7),(0.,
    0.494177147793,1.),.UNSPECIFIED.);
#490 = CARTESIAN_POINT('',(2.881319136445E+03,247.99088568891,
    1.404362595032E+03));
#491 = CARTESIAN_POINT('',(2.912674161653E+03,248.00780784896,
    1.390332574009E+03));
#492 = CARTESIAN_POINT('',(2.94403041888E+03,248.0226216153,
    1.37630200171E+03));
#493 = CARTESIAN_POINT('',(2.975387855372E+03,248.03492677984,
    1.36227090174E+03));
#494 = CARTESIAN_POINT('',(3.006746334242E+03,248.04446548633,
    1.348239335352E+03));
#495 = CARTESIAN_POINT('',(3.038105655281E+03,248.05113818166,
    1.334207392129E+03));
#496 = CARTESIAN_POINT('',(3.101564541433E+03,248.05886911382,
    1.305812278397E+03));
#497 = CARTESIAN_POINT('',(3.133664135864E+03,248.05979125651,
    1.291449094769E+03));
#498 = CARTESIAN_POINT('',(3.165764119865E+03,248.05774109905,
    1.277085736825E+03));
#499 = CARTESIAN_POINT('',(3.197864210603E+03,248.05286038315,
    1.262722331121E+03));
#500 = CARTESIAN_POINT('',(3.229964115173E+03,248.04537749775,
    1.24835900872E+03));
#501 = CARTESIAN_POINT('',(3.262063553275E+03,248.03556842401,
    1.233995895042E+03));
#502 = PCURVE('',#58,#503);
#503 = DEFINITIONAL_REPRESENTATION('',(#504),#517);
#504 = B_SPLINE_CURVE_WITH_KNOTS('',6,(#505,#506,#507,#508,#509,#510,
    #511,#512,#513,#514,#515,#516),.UNSPECIFIED.,.F.,.F.,(7,5,7),(0.,
    0.494177147793,1.),.UNSPECIFIED.);
#505 = CARTESIAN_POINT('',(382.12669414529,-319.3390180791));
#506 = CARTESIAN_POINT('',(404.26307683709,-293.0719294815));
#507 = CARTESIAN_POINT('',(426.39871591813,-266.8024504567));
#508 = CARTESIAN_POINT('',(448.53326801205,-240.5303674647));
#509 = CARTESIAN_POINT('',(470.66643927646,-214.2556291578));
#510 = CARTESIAN_POINT('',(492.79801229194,-187.9783392095));
#511 = CARTESIAN_POINT('',(537.57916376607,-134.7997603649));
#512 = CARTESIAN_POINT('',(560.22865880083,-107.8983592466));
#513 = CARTESIAN_POINT('',(582.87615493147,-80.99471734728));
#514 = CARTESIAN_POINT('',(605.52156102936,-54.08916298915));
#515 = CARTESIAN_POINT('',(628.16484514077,-27.18208874373));
#516 = CARTESIAN_POINT('',(650.80602061516,-0.273907267574));
#517 = ( GEOMETRIC_REPRESENTATION_CONTEXT(2) 
PARAMETRIC_REPRESENTATION_CONTEXT() REPRESENTATION_CONTEXT('2D SPACE',''
  ) );
#518 = PCURVE('',#519,#538);
#519 = B_SPLINE_SURFACE_WITH_KNOTS('',8,1,(
    (#520,#521)
    ,(#522,#523)
    ,(#524,#525)
    ,(#526,#527)
    ,(#528,#529)
    ,(#530,#531)
    ,(#532,#533)
    ,(#534,#535)
    ,(#536,#537
    )),.UNSPECIFIED.,.F.,.F.,.F.,(9,9),(2,2),(0.,417.95),(0.,1.),
  .PIECEWISE_BEZIER_KNOTS.);
#520 = CARTESIAN_POINT('',(3.262122384441E+03,248.5,1.232874026185E+03)
  );
#521 = CARTESIAN_POINT('',(3.237435324397E+03,53.612647985272,
    1.703638853983E+03));
#522 = CARTESIAN_POINT('',(3.214434908072E+03,248.5,1.254212114469E+03)
  );
#523 = CARTESIAN_POINT('',(3.228063645631E+03,61.493720702394,
    1.703638853983E+03));
#524 = CARTESIAN_POINT('',(3.166747431703E+03,248.5,1.275550202752E+03)
  );
#525 = CARTESIAN_POINT('',(3.217117520101E+03,67.502562332106,
    1.703638853983E+03));
#526 = CARTESIAN_POINT('',(3.119059955334E+03,248.5,1.296888291036E+03)
  );
#527 = CARTESIAN_POINT('',(3.20503332755E+03,71.272213880861,
    1.703638853983E+03));
#528 = CARTESIAN_POINT('',(3.071372478965E+03,248.5,1.31822637932E+03));
#529 = CARTESIAN_POINT('',(3.19235E+03,72.557767530203,
    1.703638853983E+03));
#530 = CARTESIAN_POINT('',(3.023685002596E+03,248.5,1.339564467604E+03)
  );
#531 = CARTESIAN_POINT('',(3.17966667245E+03,71.272213880861,
    1.703638853983E+03));
#532 = CARTESIAN_POINT('',(2.975997526227E+03,248.5,1.360902555887E+03)
  );
#533 = CARTESIAN_POINT('',(3.167582479899E+03,67.502562332106,
    1.703638853983E+03));
#534 = CARTESIAN_POINT('',(2.928310049858E+03,248.5,1.382240644171E+03)
  );
#535 = CARTESIAN_POINT('',(3.156636354369E+03,61.493720702394,
    1.703638853983E+03));
#536 = CARTESIAN_POINT('',(2.880622573488E+03,248.5,1.403578732455E+03)
  );
#537 = CARTESIAN_POINT('',(3.147264675603E+03,53.612647985272,
    1.703638853983E+03));
#538 = DEFINITIONAL_REPRESENTATION('',(#539),#552);
#539 = B_SPLINE_CURVE_WITH_KNOTS('',6,(#540,#541,#542,#543,#544,#545,
    #546,#547,#548,#549,#550,#551),.UNSPECIFIED.,.F.,.F.,(7,5,7),(0.,
    0.494177147793,1.),.UNSPECIFIED.);
#540 = CARTESIAN_POINT('',(417.95,2.612351729438E-03));
#541 = CARTESIAN_POINT('',(383.52188428105,2.595137770167E-03));
#542 = CARTESIAN_POINT('',(349.09511419306,2.576195699201E-03));
#543 = CARTESIAN_POINT('',(314.66963224701,2.556047223903E-03));
#544 = CARTESIAN_POINT('',(280.24528903269,2.535265513451E-03));
#545 = CARTESIAN_POINT('',(245.82186598411,2.514389622683E-03));
#546 = CARTESIAN_POINT('',(176.16515252059,2.47291807598E-03));
#547 = CARTESIAN_POINT('',(140.93189410777,2.452339991947E-03));
#548 = CARTESIAN_POINT('',(105.69906169198,2.432674698695E-03));
#549 = CARTESIAN_POINT('',(70.466346298549,2.414356849074E-03));
#550 = CARTESIAN_POINT('',(35.233427855276,2.397737094653E-03));
#551 = CARTESIAN_POINT('',(0.,2.383077050352E-03));
#552 = ( GEOMETRIC_REPRESENTATION_CONTEXT(2) 
PARAMETRIC_REPRESENTATION_CONTEXT() REPRESENTATION_CONTEXT('2D SPACE',''
  ) );
#553 = ORIENTED_EDGE('',*,*,#554,.F.);
#554 = EDGE_CURVE('',#313,#486,#555,.T.);
#555 = SURFACE_CURVE('',#556,(#569,#585),.PCURVE_S1.);
#556 = B_SPLINE_CURVE_WITH_KNOTS('',6,(#557,#558,#559,#560,#561,#562,
    #563,#564,#565,#566,#567,#568),.UNSPECIFIED.,.F.,.F.,(7,5,7),(0.,
    0.48439981083,1.),.UNSPECIFIED.);
#557 = CARTESIAN_POINT('',(2.881319136445E+03,-247.9908856889,
    1.404362595032E+03));
#558 = CARTESIAN_POINT('',(2.881305033479E+03,-207.9496128596,
    1.404368905501E+03));
#559 = CARTESIAN_POINT('',(2.881292661481E+03,-167.9077780446,
    1.404374441437E+03));
#560 = CARTESIAN_POINT('',(2.881282655943E+03,-127.865513262,
    1.404378918483E+03));
#561 = CARTESIAN_POINT('',(2.881275587979E+03,-87.82295368482,
    1.404382081092E+03));
#562 = CARTESIAN_POINT('',(2.881271776923E+03,-47.78023770949,
    1.404383786375E+03));
#563 = CARTESIAN_POINT('',(2.881270685316E+03,34.884397810356,
    1.404384274822E+03));
#564 = CARTESIAN_POINT('',(2.881273841101E+03,77.506319763264,
    1.404382862745E+03));
#565 = CARTESIAN_POINT('',(2.881280751834E+03,120.12809485406,
    1.40437977049E+03));
#566 = CARTESIAN_POINT('',(2.881291075022E+03,162.74955571165,
    1.404375151308E+03));
#567 = CARTESIAN_POINT('',(2.881304125102E+03,205.37053905945,
    1.404369311961E+03));
#568 = CARTESIAN_POINT('',(2.881319136445E+03,247.99088568891,
    1.404362595032E+03));
#569 = PCURVE('',#58,#570);
#570 = DEFINITIONAL_REPRESENTATION('',(#571),#584);
#571 = B_SPLINE_CURVE_WITH_KNOTS('',6,(#572,#573,#574,#575,#576,#577,
    #578,#579,#580,#581,#582,#583),.UNSPECIFIED.,.F.,.F.,(7,5,7),(0.,
    0.48439981083,1.),.UNSPECIFIED.);
#572 = CARTESIAN_POINT('',(2.706313394194,9.500047516326E-02));
#573 = CARTESIAN_POINT('',(33.327478258622,-25.70515516104));
#574 = CARTESIAN_POINT('',(63.950294369105,-51.50422205363));
#575 = CARTESIAN_POINT('',(94.575109123922,-77.30158258345));
#576 = CARTESIAN_POINT('',(125.20222208331,-103.0966710544));
#577 = CARTESIAN_POINT('',(155.83175268962,-128.8891307073));
#578 = CARTESIAN_POINT('',(219.06848291053,-182.1296971772));
#579 = CARTESIAN_POINT('',(251.67599223677,-209.5774398613));
#580 = CARTESIAN_POINT('',(284.28603862626,-237.021941017));
#581 = CARTESIAN_POINT('',(316.89825238715,-264.4633798851));
#582 = CARTESIAN_POINT('',(349.5120248945,-291.9022258662));
#583 = CARTESIAN_POINT('',(382.12669414529,-319.3390180791));
#584 = ( GEOMETRIC_REPRESENTATION_CONTEXT(2) 
PARAMETRIC_REPRESENTATION_CONTEXT() REPRESENTATION_CONTEXT('2D SPACE',''
  ) );
#585 = PCURVE('',#586,#607);
#586 = B_SPLINE_SURFACE_WITH_KNOTS('',9,1,(
    (#587,#588)
    ,(#589,#590)
    ,(#591,#592)
    ,(#593,#594)
    ,(#595,#596)
    ,(#597,#598)
    ,(#599,#600)
    ,(#601,#602)
    ,(#603,#604)
    ,(#605,#606
    )),.UNSPECIFIED.,.F.,.F.,.F.,(10,10),(2,2),(0.,497.),(0.,1.),
  .PIECEWISE_BEZIER_KNOTS.);
#587 = CARTESIAN_POINT('',(2.880622573488E+03,248.5,1.403578732455E+03)
  );
#588 = CARTESIAN_POINT('',(3.147264675603E+03,53.612647985272,
    1.703638853983E+03));
#589 = CARTESIAN_POINT('',(2.880622573488E+03,193.27777777777,
    1.403578732455E+03));
#590 = CARTESIAN_POINT('',(3.136880712167E+03,44.880298854805,
    1.703638853983E+03));
#591 = CARTESIAN_POINT('',(2.880622573488E+03,138.05555555555,
    1.403578732455E+03));
#592 = CARTESIAN_POINT('',(3.128399488247E+03,33.885330062275,
    1.703638853983E+03));
#593 = CARTESIAN_POINT('',(2.880622573488E+03,82.833333333333,
    1.403578732455E+03));
#594 = CARTESIAN_POINT('',(3.122384455663E+03,21.101568239666,
    1.703638853983E+03));
#595 = CARTESIAN_POINT('',(2.880622573488E+03,27.611111111111,
    1.403578732455E+03));
#596 = CARTESIAN_POINT('',(3.11926137354E+03,7.166539213375,
    1.703638853983E+03));
#597 = CARTESIAN_POINT('',(2.880622573488E+03,-27.61111111111,
    1.403578732455E+03));
#598 = CARTESIAN_POINT('',(3.11926137354E+03,-7.166539213375,
    1.703638853983E+03));
#599 = CARTESIAN_POINT('',(2.880622573488E+03,-82.83333333333,
    1.403578732455E+03));
#600 = CARTESIAN_POINT('',(3.122384455663E+03,-21.10156823966,
    1.703638853983E+03));
#601 = CARTESIAN_POINT('',(2.880622573488E+03,-138.0555555555,
    1.403578732455E+03));
#602 = CARTESIAN_POINT('',(3.128399488247E+03,-33.88533006227,
    1.703638853983E+03));
#603 = CARTESIAN_POINT('',(2.880622573488E+03,-193.2777777777,
    1.403578732455E+03));
#604 = CARTESIAN_POINT('',(3.136880712167E+03,-44.8802988548,
    1.703638853983E+03));
#605 = CARTESIAN_POINT('',(2.880622573488E+03,-248.5,1.403578732455E+03)
  );
#606 = CARTESIAN_POINT('',(3.147264675603E+03,-53.61264798527,
    1.703638853983E+03));
#607 = DEFINITIONAL_REPRESENTATION('',(#608),#621);
#608 = B_SPLINE_CURVE_WITH_KNOTS('',6,(#609,#610,#611,#612,#613,#614,
    #615,#616,#617,#618,#619,#620),.UNSPECIFIED.,.F.,.F.,(7,5,7),(0.,
    0.48439981083,1.),.UNSPECIFIED.);
#609 = CARTESIAN_POINT('',(497.,2.612351729439E-03));
#610 = CARTESIAN_POINT('',(456.87457964256,2.63338241024E-03));
#611 = CARTESIAN_POINT('',(416.74971932498,2.651831831473E-03));
#612 = CARTESIAN_POINT('',(376.62528722188,2.666752330068E-03));
#613 = CARTESIAN_POINT('',(336.5011485141,2.677292246777E-03));
#614 = CARTESIAN_POINT('',(296.37716536767,2.682975385645E-03));
#615 = CARTESIAN_POINT('',(213.54483457298,2.684603216504E-03));
#616 = CARTESIAN_POINT('',(170.83648923499,2.679897234045E-03));
#617 = CARTESIAN_POINT('',(128.12799785539,2.669591783408E-03));
#618 = CARTESIAN_POINT('',(85.419193764592,2.6541975964E-03));
#619 = CARTESIAN_POINT('',(42.709914132284,2.634737004487E-03));
#620 = CARTESIAN_POINT('',(0.,2.612351729438E-03));
#621 = ( GEOMETRIC_REPRESENTATION_CONTEXT(2) 
PARAMETRIC_REPRESENTATION_CONTEXT() REPRESENTATION_CONTEXT('2D SPACE',''
  ) );
#622 = ADVANCED_FACE('',(#623),#85,.T.);
#623 = FACE_BOUND('',#624,.T.);
#624 = EDGE_LOOP('',(#625,#626,#648,#669));
#625 = ORIENTED_EDGE('',*,*,#287,.T.);
#626 = ORIENTED_EDGE('',*,*,#627,.T.);
#627 = EDGE_CURVE('',#248,#628,#630,.T.);
#628 = VERTEX_POINT('',#629);
#629 = CARTESIAN_POINT('',(3.2639E+03,0.,1.702638853983E+03));
#630 = SURFACE_CURVE('',#631,(#634,#641),.PCURVE_S1.);
#631 = B_SPLINE_CURVE_WITH_KNOTS('',1,(#632,#633),.UNSPECIFIED.,.F.,.F.,
  (2,2),(0.,1.),.PIECEWISE_BEZIER_KNOTS.);
#632 = CARTESIAN_POINT('',(3.2639E+03,0.,1.233174164363E+03));
#633 = CARTESIAN_POINT('',(3.2639E+03,-1.7763568394E-14,
    1.702638853983E+03));
#634 = PCURVE('',#85,#635);
#635 = DEFINITIONAL_REPRESENTATION('',(#636),#640);
#636 = LINE('',#637,#638);
#637 = CARTESIAN_POINT('',(250.,0.));
#638 = VECTOR('',#639,1.);
#639 = DIRECTION('',(0.,1.));
#640 = ( GEOMETRIC_REPRESENTATION_CONTEXT(2) 
PARAMETRIC_REPRESENTATION_CONTEXT() REPRESENTATION_CONTEXT('2D SPACE',''
  ) );
#641 = PCURVE('',#263,#642);
#642 = DEFINITIONAL_REPRESENTATION('',(#643),#647);
#643 = LINE('',#644,#645);
#644 = CARTESIAN_POINT('',(250.,0.));
#645 = VECTOR('',#646,1.);
#646 = DIRECTION('',(0.,1.));
#647 = ( GEOMETRIC_REPRESENTATION_CONTEXT(2) 
PARAMETRIC_REPRESENTATION_CONTEXT() REPRESENTATION_CONTEXT('2D SPACE',''
  ) );
#648 = ORIENTED_EDGE('',*,*,#649,.F.);
#649 = EDGE_CURVE('',#71,#628,#650,.T.);
#650 = SURFACE_CURVE('',#651,(#656,#662),.PCURVE_S1.);
#651 = CIRCLE('',#652,71.55);
#652 = AXIS2_PLACEMENT_3D('',#653,#654,#655);
#653 = CARTESIAN_POINT('',(3.19235E+03,0.,1.702638853983E+03));
#654 = DIRECTION('',(0.,0.,1.));
#655 = DIRECTION('',(1.,0.,-0.));
#656 = PCURVE('',#85,#657);
#657 = DEFINITIONAL_REPRESENTATION('',(#658),#661);
#658 = B_SPLINE_CURVE_WITH_KNOTS('',1,(#659,#660),.UNSPECIFIED.,.F.,.F.,
  (2,2),(5.412161740713,6.28318530718),.PIECEWISE_BEZIER_KNOTS.);
#659 = CARTESIAN_POINT('',(0.,1.));
#660 = CARTESIAN_POINT('',(250.,1.));
#661 = ( GEOMETRIC_REPRESENTATION_CONTEXT(2) 
PARAMETRIC_REPRESENTATION_CONTEXT() REPRESENTATION_CONTEXT('2D SPACE',''
  ) );
#662 = PCURVE('',#125,#663);
#663 = DEFINITIONAL_REPRESENTATION('',(#664),#668);
#664 = CIRCLE('',#665,71.55);
#665 = AXIS2_PLACEMENT_2D('',#666,#667);
#666 = CARTESIAN_POINT('',(0.,0.));
#667 = DIRECTION('',(1.,0.));
#668 = ( GEOMETRIC_REPRESENTATION_CONTEXT(2) 
PARAMETRIC_REPRESENTATION_CONTEXT() REPRESENTATION_CONTEXT('2D SPACE',''
  ) );
#669 = ORIENTED_EDGE('',*,*,#70,.F.);
#670 = ADVANCED_FACE('',(#671,#742),#125,.T.);
#671 = FACE_BOUND('',#672,.T.);
#672 = EDGE_LOOP('',(#673,#674,#675,#698,#721));
#673 = ORIENTED_EDGE('',*,*,#109,.T.);
#674 = ORIENTED_EDGE('',*,*,#649,.T.);
#675 = ORIENTED_EDGE('',*,*,#676,.T.);
#676 = EDGE_CURVE('',#628,#677,#679,.T.);
#677 = VERTEX_POINT('',#678);
#678 = CARTESIAN_POINT('',(3.238431338764E+03,54.734931421624,
    1.702638853983E+03));
#679 = SURFACE_CURVE('',#680,(#685,#692),.PCURVE_S1.);
#680 = CIRCLE('',#681,71.55);
#681 = AXIS2_PLACEMENT_3D('',#682,#683,#684);
#682 = CARTESIAN_POINT('',(3.19235E+03,0.,1.702638853983E+03));
#683 = DIRECTION('',(0.,0.,1.));
#684 = DIRECTION('',(1.,0.,-0.));
#685 = PCURVE('',#125,#686);
#686 = DEFINITIONAL_REPRESENTATION('',(#687),#691);
#687 = CIRCLE('',#688,71.55);
#688 = AXIS2_PLACEMENT_2D('',#689,#690);
#689 = CARTESIAN_POINT('',(0.,0.));
#690 = DIRECTION('',(1.,0.));
#691 = ( GEOMETRIC_REPRESENTATION_CONTEXT(2) 
PARAMETRIC_REPRESENTATION_CONTEXT() REPRESENTATION_CONTEXT('2D SPACE',''
  ) );
#692 = PCURVE('',#263,#693);
#693 = DEFINITIONAL_REPRESENTATION('',(#694),#697);
#694 = B_SPLINE_CURVE_WITH_KNOTS('',1,(#695,#696),.UNSPECIFIED.,.F.,.F.,
  (2,2),(0.,0.871023566467),.PIECEWISE_BEZIER_KNOTS.);
#695 = CARTESIAN_POINT('',(250.,1.));
#696 = CARTESIAN_POINT('',(500.,1.));
#697 = ( GEOMETRIC_REPRESENTATION_CONTEXT(2) 
PARAMETRIC_REPRESENTATION_CONTEXT() REPRESENTATION_CONTEXT('2D SPACE',''
  ) );
#698 = ORIENTED_EDGE('',*,*,#699,.T.);
#699 = EDGE_CURVE('',#677,#700,#702,.T.);
#700 = VERTEX_POINT('',#701);
#701 = CARTESIAN_POINT('',(3.146268661236E+03,54.734931421624,
    1.702638853983E+03));
#702 = SURFACE_CURVE('',#703,(#708,#715),.PCURVE_S1.);
#703 = CIRCLE('',#704,71.55);
#704 = AXIS2_PLACEMENT_3D('',#705,#706,#707);
#705 = CARTESIAN_POINT('',(3.19235E+03,0.,1.702638853983E+03));
#706 = DIRECTION('',(0.,0.,1.));
#707 = DIRECTION('',(1.,0.,-0.));
#708 = PCURVE('',#125,#709);
#709 = DEFINITIONAL_REPRESENTATION('',(#710),#714);
#710 = CIRCLE('',#711,71.55);
#711 = AXIS2_PLACEMENT_2D('',#712,#713);
#712 = CARTESIAN_POINT('',(0.,0.));
#713 = DIRECTION('',(1.,0.));
#714 = ( GEOMETRIC_REPRESENTATION_CONTEXT(2) 
PARAMETRIC_REPRESENTATION_CONTEXT() REPRESENTATION_CONTEXT('2D SPACE',''
  ) );
#715 = PCURVE('',#221,#716);
#716 = DEFINITIONAL_REPRESENTATION('',(#717),#720);
#717 = B_SPLINE_CURVE_WITH_KNOTS('',1,(#718,#719),.UNSPECIFIED.,.F.,.F.,
  (2,2),(0.871023566467,2.270569087123),.PIECEWISE_BEZIER_KNOTS.);
#718 = CARTESIAN_POINT('',(0.,1.));
#719 = CARTESIAN_POINT('',(420.95,1.));
#720 = ( GEOMETRIC_REPRESENTATION_CONTEXT(2) 
PARAMETRIC_REPRESENTATION_CONTEXT() REPRESENTATION_CONTEXT('2D SPACE',''
  ) );
#721 = ORIENTED_EDGE('',*,*,#722,.T.);
#722 = EDGE_CURVE('',#700,#110,#723,.T.);
#723 = SURFACE_CURVE('',#724,(#729,#736),.PCURVE_S1.);
#724 = CIRCLE('',#725,71.55);
#725 = AXIS2_PLACEMENT_3D('',#726,#727,#728);
#726 = CARTESIAN_POINT('',(3.19235E+03,0.,1.702638853983E+03));
#727 = DIRECTION('',(0.,0.,1.));
#728 = DIRECTION('',(1.,0.,-0.));
#729 = PCURVE('',#125,#730);
#730 = DEFINITIONAL_REPRESENTATION('',(#731),#735);
#731 = CIRCLE('',#732,71.55);
#732 = AXIS2_PLACEMENT_2D('',#733,#734);
#733 = CARTESIAN_POINT('',(0.,0.));
#734 = DIRECTION('',(1.,0.));
#735 = ( GEOMETRIC_REPRESENTATION_CONTEXT(2) 
PARAMETRIC_REPRESENTATION_CONTEXT() REPRESENTATION_CONTEXT('2D SPACE',''
  ) );
#736 = PCURVE('',#150,#737);
#737 = DEFINITIONAL_REPRESENTATION('',(#738),#741);
#738 = B_SPLINE_CURVE_WITH_KNOTS('',1,(#739,#740),.UNSPECIFIED.,.F.,.F.,
  (2,2),(2.270569087123,4.012616220057),.PIECEWISE_BEZIER_KNOTS.);
#739 = CARTESIAN_POINT('',(0.,1.));
#740 = CARTESIAN_POINT('',(500.,1.));
#741 = ( GEOMETRIC_REPRESENTATION_CONTEXT(2) 
PARAMETRIC_REPRESENTATION_CONTEXT() REPRESENTATION_CONTEXT('2D SPACE',''
  ) );
#742 = FACE_BOUND('',#743,.T.);
#743 = EDGE_LOOP('',(#744,#814,#1122,#1430,#1738));
#744 = ORIENTED_EDGE('',*,*,#745,.T.);
#745 = EDGE_CURVE('',#746,#748,#750,.T.);
#746 = VERTEX_POINT('',#747);
#747 = CARTESIAN_POINT('',(3.262399410288E+03,-2.127100196517E-14,
    1.702638853983E+03));
#748 = VERTEX_POINT('',#749);
#749 = CARTESIAN_POINT('',(3.237487764721E+03,-54.02662825845,
    1.702638853983E+03));
#750 = SURFACE_CURVE('',#751,(#770,#792),.PCURVE_S1.);
#751 = B_SPLINE_CURVE_WITH_KNOTS('',5,(#752,#753,#754,#755,#756,#757,
    #758,#759,#760,#761,#762,#763,#764,#765,#766,#767,#768,#769),
  .UNSPECIFIED.,.F.,.F.,(6,4,4,4,6),(0.,0.250013987875,0.500022218735,
    0.750019207488,1.),.UNSPECIFIED.);
#752 = CARTESIAN_POINT('',(3.262399410288E+03,1.42108547152E-14,
    1.702638853983E+03));
#753 = CARTESIAN_POINT('',(3.262399410288E+03,-3.072613487319,
    1.702638853983E+03));
#754 = CARTESIAN_POINT('',(3.262233471495E+03,-6.145228170349,
    1.702638853983E+03));
#755 = CARTESIAN_POINT('',(3.261901592994E+03,-9.205794091871,
    1.702638853983E+03));
#756 = CARTESIAN_POINT('',(3.261405089635E+03,-12.2422696904,
    1.702638853983E+03));
#757 = CARTESIAN_POINT('',(3.260088053491E+03,-18.24343863997,
    1.702638853983E+03));
#758 = CARTESIAN_POINT('',(3.259267527626E+03,-21.20813606451,
    1.702638853983E+03));
#759 = CARTESIAN_POINT('',(3.25828758629E+03,-24.125214995,
    1.702638853983E+03));
#760 = CARTESIAN_POINT('',(3.257152113072E+03,-26.98320149347,
    1.702638853983E+03));
#761 = CARTESIAN_POINT('',(3.254580323882E+03,-32.55900878207,
    1.702638853983E+03));
#762 = CARTESIAN_POINT('',(3.253144020401E+03,-35.27683812457,
    1.702638853983E+03));
#763 = CARTESIAN_POINT('',(3.251562357785E+03,-37.91372855431,
    1.702638853983E+03));
#764 = CARTESIAN_POINT('',(3.24984160528E+03,-40.45931453368,
    1.702638853983E+03));
#765 = CARTESIAN_POINT('',(3.246136684083E+03,-45.34857187952,
    1.702638853983E+03));
#766 = CARTESIAN_POINT('',(3.244152530973E+03,-47.69225829988,
    1.702638853983E+03));
#767 = CARTESIAN_POINT('',(3.24204394367E+03,-49.92550833226,
    1.702638853983E+03));
#768 = CARTESIAN_POINT('',(3.239819282564E+03,-52.0395541858,
    1.702638853983E+03));
#769 = CARTESIAN_POINT('',(3.237487764721E+03,-54.02662825845,
    1.702638853983E+03));
#770 = PCURVE('',#125,#771);
#771 = DEFINITIONAL_REPRESENTATION('',(#772),#791);
#772 = B_SPLINE_CURVE_WITH_KNOTS('',5,(#773,#774,#775,#776,#777,#778,
    #779,#780,#781,#782,#783,#784,#785,#786,#787,#788,#789,#790),
  .UNSPECIFIED.,.F.,.F.,(6,4,4,4,6),(0.,0.250013987875,0.500022218735,
    0.750019207488,1.),.UNSPECIFIED.);
#773 = CARTESIAN_POINT('',(70.049410288234,1.42108547152E-14));
#774 = CARTESIAN_POINT('',(70.049410288233,-3.072613487319));
#775 = CARTESIAN_POINT('',(69.883471495437,-6.145228170349));
#776 = CARTESIAN_POINT('',(69.551592993609,-9.205794091871));
#777 = CARTESIAN_POINT('',(69.05508963527,-12.2422696904));
#778 = CARTESIAN_POINT('',(67.738053491089,-18.24343863997));
#779 = CARTESIAN_POINT('',(66.917527625639,-21.20813606451));
#780 = CARTESIAN_POINT('',(65.937586290471,-24.125214995));
#781 = CARTESIAN_POINT('',(64.802113072468,-26.98320149347));
#782 = CARTESIAN_POINT('',(62.23032388233,-32.55900878207));
#783 = CARTESIAN_POINT('',(60.794020400627,-35.27683812457));
#784 = CARTESIAN_POINT('',(59.212357784521,-37.91372855431));
#785 = CARTESIAN_POINT('',(57.491605280081,-40.45931453368));
#786 = CARTESIAN_POINT('',(53.786684083237,-45.34857187952));
#787 = CARTESIAN_POINT('',(51.802530973446,-47.69225829988));
#788 = CARTESIAN_POINT('',(49.693943670357,-49.92550833226));
#789 = CARTESIAN_POINT('',(47.469282564077,-52.0395541858));
#790 = CARTESIAN_POINT('',(45.137764721159,-54.02662825845));
#791 = ( GEOMETRIC_REPRESENTATION_CONTEXT(2) 
PARAMETRIC_REPRESENTATION_CONTEXT() REPRESENTATION_CONTEXT('2D SPACE',''
  ) );
#792 = PCURVE('',#405,#793);
#793 = DEFINITIONAL_REPRESENTATION('',(#794),#813);
#794 = B_SPLINE_CURVE_WITH_KNOTS('',5,(#795,#796,#797,#798,#799,#800,
    #801,#802,#803,#804,#805,#806,#807,#808,#809,#810,#811,#812),
  .UNSPECIFIED.,.F.,.F.,(6,4,4,4,6),(0.,0.250013987875,0.500022218735,
    0.750019207488,1.),.UNSPECIFIED.);
#795 = CARTESIAN_POINT('',(248.5,0.997875797126));
#796 = CARTESIAN_POINT('',(236.07504923794,0.997875797126));
#797 = CARTESIAN_POINT('',(223.6500935089,0.997875797126));
#798 = CARTESIAN_POINT('',(211.22512304417,0.997875797126));
#799 = CARTESIAN_POINT('',(198.80009495326,0.997875797126));
#800 = CARTESIAN_POINT('',(173.95019115659,0.997875797126));
#801 = CARTESIAN_POINT('',(161.52530554736,0.997875797126));
#802 = CARTESIAN_POINT('',(149.10033394517,0.997875797126));
#803 = CARTESIAN_POINT('',(136.67523461552,0.997875797126));
#804 = CARTESIAN_POINT('',(111.82532410934,0.997875797126));
#805 = CARTESIAN_POINT('',(99.400503030897,0.997875797126));
#806 = CARTESIAN_POINT('',(86.975529224049,0.997875797126));
#807 = CARTESIAN_POINT('',(74.550363161929,0.997875797126));
#808 = CARTESIAN_POINT('',(49.700441824429,0.997875797126));
#809 = CARTESIAN_POINT('',(37.275676658112,0.997875797126));
#810 = CARTESIAN_POINT('',(24.850699681662,0.997875797126));
#811 = CARTESIAN_POINT('',(12.425474525637,0.997875797126));
#812 = CARTESIAN_POINT('',(0.,0.997875797126));
#813 = ( GEOMETRIC_REPRESENTATION_CONTEXT(2) 
PARAMETRIC_REPRESENTATION_CONTEXT() REPRESENTATION_CONTEXT('2D SPACE',''
  ) );
#814 = ORIENTED_EDGE('',*,*,#815,.T.);
#815 = EDGE_CURVE('',#748,#816,#818,.T.);
#816 = VERTEX_POINT('',#817);
#817 = CARTESIAN_POINT('',(3.146376046681E+03,-54.26214233001,
    1.702638853983E+03));
#818 = SURFACE_CURVE('',#819,(#918,#1020),.PCURVE_S1.);
#819 = B_SPLINE_CURVE_WITH_KNOTS('',4,(#820,#821,#822,#823,#824,#825,
    #826,#827,#828,#829,#830,#831,#832,#833,#834,#835,#836,#837,#838,
    #839,#840,#841,#842,#843,#844,#845,#846,#847,#848,#849,#850,#851,
    #852,#853,#854,#855,#856,#857,#858,#859,#860,#861,#862,#863,#864,
    #865,#866,#867,#868,#869,#870,#871,#872,#873,#874,#875,#876,#877,
    #878,#879,#880,#881,#882,#883,#884,#885,#886,#887,#888,#889,#890,
    #891,#892,#893,#894,#895,#896,#897,#898,#899,#900,#901,#902,#903,
    #904,#905,#906,#907,#908,#909,#910,#911,#912,#913,#914,#915,#916,
    #917),.UNSPECIFIED.,.F.,.F.,(5,3,3,3,3,3,3,3,3,3,3,3,3,3,3,3,3,3,3,3
    ,3,3,3,3,3,3,3,3,3,3,3,3,5),(0.,3.129508718716E-02,
    6.249065882616E-02,9.378668200467E-02,0.124983176522,0.156280113102,
    0.187477503316,0.218775321108,0.249973569791,0.281272226055,
    0.312471284985,0.343770725453,0.3749705344,0.406270692217,
    0.437471177835,0.468771972377,0.499973046945,0.531274382471,
    0.562475942455,0.593777706566,0.624979630981,0.656281692857,
    0.687483841383,0.718786049766,0.749988260591,0.781290441449,
    0.81249252876,0.843794482569,0.874996233604,0.906297732117,
    0.937498903635,0.968799685992,1.),.UNSPECIFIED.);
#820 = CARTESIAN_POINT('',(3.237487764721E+03,-54.02662825845,
    1.702638853983E+03));
#821 = CARTESIAN_POINT('',(3.236896146904E+03,-54.52011379918,
    1.702638853983E+03));
#822 = CARTESIAN_POINT('',(3.236297311634E+03,-55.00505623355,
    1.702638853983E+03));
#823 = CARTESIAN_POINT('',(3.235691445671E+03,-55.4812988556,
    1.702638853983E+03));
#824 = CARTESIAN_POINT('',(3.234467987489E+03,-56.41460154238,
    1.702638853983E+03));
#825 = CARTESIAN_POINT('',(3.233850438673E+03,-56.87171779984,
    1.702638853983E+03));
#826 = CARTESIAN_POINT('',(3.233226287519E+03,-57.31989518914,
    1.702638853983E+03));
#827 = CARTESIAN_POINT('',(3.231963145594E+03,-58.19950942128,
    1.702638853983E+03));
#828 = CARTESIAN_POINT('',(3.231324113496E+03,-58.63088772066,
    1.702638853983E+03));
#829 = CARTESIAN_POINT('',(3.230678835137E+03,-59.05299053056,
    1.702638853983E+03));
#830 = CARTESIAN_POINT('',(3.229378268319E+03,-59.87707113579,
    1.702638853983E+03));
#831 = CARTESIAN_POINT('',(3.228723018208E+03,-60.27910867274,
    1.702638853983E+03));
#832 = CARTESIAN_POINT('',(3.228061969307E+03,-60.67167014277,
    1.702638853983E+03));
#833 = CARTESIAN_POINT('',(3.226726545567E+03,-61.43883301194,
    1.702638853983E+03));
#834 = CARTESIAN_POINT('',(3.226052134663E+03,-61.81337252434,
    1.702638853983E+03));
#835 = CARTESIAN_POINT('',(3.225372308922E+03,-62.17813196345,
    1.702638853983E+03));
#836 = CARTESIAN_POINT('',(3.224004438824E+03,-62.88673750032,
    1.702638853983E+03));
#837 = CARTESIAN_POINT('',(3.223316427471E+03,-63.23064643433,
    1.702638853983E+03));
#838 = CARTESIAN_POINT('',(3.222623464426E+03,-63.56461473369,
    1.702638853983E+03));
#839 = CARTESIAN_POINT('',(3.221225826274E+03,-64.21350948939,
    1.702638853983E+03));
#840 = CARTESIAN_POINT('',(3.220521120631E+03,-64.528371194,
    1.702638853983E+03));
#841 = CARTESIAN_POINT('',(3.219811872157E+03,-64.83302320397,
    1.702638853983E+03));
#842 = CARTESIAN_POINT('',(3.218387009617E+03,-65.42078575747,
    1.702638853983E+03));
#843 = CARTESIAN_POINT('',(3.217671422965E+03,-65.70396175443,
    1.702638853983E+03));
#844 = CARTESIAN_POINT('',(3.216951768729E+03,-65.97680874447,
    1.702638853983E+03));
#845 = CARTESIAN_POINT('',(3.215502449789E+03,-66.50252518862,
    1.702638853983E+03));
#846 = CARTESIAN_POINT('',(3.214772760307E+03,-66.75532752685,
    1.702638853983E+03));
#847 = CARTESIAN_POINT('',(3.214039433837E+03,-66.99756881011,
    1.702638853983E+03));
#848 = CARTESIAN_POINT('',(3.212568315586E+03,-67.46004684283,
    1.702638853983E+03));
#849 = CARTESIAN_POINT('',(3.211830545426E+03,-67.68035116599,
    1.702638853983E+03));
#850 = CARTESIAN_POINT('',(3.211089621957E+03,-67.89001728962,
    1.702638853983E+03));
#851 = CARTESIAN_POINT('',(3.209599540695E+03,-68.28858960796,
    1.702638853983E+03));
#852 = CARTESIAN_POINT('',(3.208850364062E+03,-68.47742684216,
    1.702638853983E+03));
#853 = CARTESIAN_POINT('',(3.208098483111E+03,-68.65543262474,
    1.702638853983E+03));
#854 = CARTESIAN_POINT('',(3.206592188764E+03,-68.98914525051,
    1.702638853983E+03));
#855 = CARTESIAN_POINT('',(3.205837791032E+03,-69.14492127478,
    1.702638853983E+03));
#856 = CARTESIAN_POINT('',(3.205081177357E+03,-69.28983146826,
    1.702638853983E+03));
#857 = CARTESIAN_POINT('',(3.203561552598E+03,-69.55826889302,
    1.702638853983E+03));
#858 = CARTESIAN_POINT('',(3.202798528751E+03,-69.68172585328,
    1.702638853983E+03));
#859 = CARTESIAN_POINT('',(3.202033752854E+03,-69.7941640157,
    1.702638853983E+03));
#860 = CARTESIAN_POINT('',(3.200503619118E+03,-69.99661798234,
    1.702638853983E+03));
#861 = CARTESIAN_POINT('',(3.199738270871E+03,-70.08670405015,
    1.702638853983E+03));
#862 = CARTESIAN_POINT('',(3.198971659863E+03,-70.16577997863,
    1.702638853983E+03));
#863 = CARTESIAN_POINT('',(3.197433923871E+03,-70.3020900537,
    1.702638853983E+03));
#864 = CARTESIAN_POINT('',(3.196662792282E+03,-70.35925316341,
    1.702638853983E+03));
#865 = CARTESIAN_POINT('',(3.195890873121E+03,-70.40529463493,
    1.702638853983E+03));
#866 = CARTESIAN_POINT('',(3.194348405888E+03,-70.47500381774,
    1.702638853983E+03));
#867 = CARTESIAN_POINT('',(3.193577861267E+03,-70.49874234206,
    1.702638853983E+03));
#868 = CARTESIAN_POINT('',(3.192807015482E+03,-70.51141086964,
    1.702638853983E+03));
#869 = CARTESIAN_POINT('',(3.191262725228E+03,-70.51461514981,
    1.702638853983E+03));
#870 = CARTESIAN_POINT('',(3.190489280352E+03,-70.50507965048,
    1.702638853983E+03));
#871 = CARTESIAN_POINT('',(3.189716017089E+03,-70.48440499248,
    1.702638853983E+03));
#872 = CARTESIAN_POINT('',(3.188172802054E+03,-70.42090225981,
    1.702638853983E+03));
#873 = CARTESIAN_POINT('',(3.187402847567E+03,-70.37814501029,
    1.702638853983E+03));
#874 = CARTESIAN_POINT('',(3.186633554445E+03,-70.32434284562,
    1.702638853983E+03));
#875 = CARTESIAN_POINT('',(3.185094301731E+03,-70.19448492136,
    1.702638853983E+03));
#876 = CARTESIAN_POINT('',(3.184324347916E+03,-70.11835824761,
    1.702638853983E+03));
#877 = CARTESIAN_POINT('',(3.183555542057E+03,-70.03116038183,
    1.702638853983E+03));
#878 = CARTESIAN_POINT('',(3.1820231545E+03,-69.83500175487,
    1.702638853983E+03));
#879 = CARTESIAN_POINT('',(3.181259563945E+03,-69.72611129335,
    1.702638853983E+03));
#880 = CARTESIAN_POINT('',(3.180497590701E+03,-69.60628578182,
    1.702638853983E+03));
#881 = CARTESIAN_POINT('',(3.178974911762E+03,-69.34443158223,
    1.702638853983E+03));
#882 = CARTESIAN_POINT('',(3.178214217968E+03,-69.20233286813,
    1.702638853983E+03));
#883 = CARTESIAN_POINT('',(3.177455628074E+03,-69.04931593632,
    1.702638853983E+03));
#884 = CARTESIAN_POINT('',(3.175945542443E+03,-68.7220770262,
    1.702638853983E+03));
#885 = CARTESIAN_POINT('',(3.175194031775E+03,-68.54792428805,
    1.702638853983E+03));
#886 = CARTESIAN_POINT('',(3.174445080296E+03,-68.36303035245,
    1.702638853983E+03));
#887 = CARTESIAN_POINT('',(3.172950365522E+03,-67.9712607401,
    1.702638853983E+03));
#888 = CARTESIAN_POINT('',(3.172204620137E+03,-67.76431646902,
    1.702638853983E+03));
#889 = CARTESIAN_POINT('',(3.171461916695E+03,-67.54669084109,
    1.702638853983E+03));
#890 = CARTESIAN_POINT('',(3.169985416613E+03,-67.09095560808,
    1.702638853983E+03));
#891 = CARTESIAN_POINT('',(3.169251599082E+03,-66.85291365703,
    1.702638853983E+03));
#892 = CARTESIAN_POINT('',(3.168521261141E+03,-66.60440691928,
    1.702638853983E+03));
#893 = CARTESIAN_POINT('',(3.16706566552E+03,-66.08580265271,
    1.702638853983E+03));
#894 = CARTESIAN_POINT('',(3.166340431599E+03,-65.81563849385,
    1.702638853983E+03));
#895 = CARTESIAN_POINT('',(3.165619152366E+03,-65.5351119731,
    1.702638853983E+03));
#896 = CARTESIAN_POINT('',(3.164187241676E+03,-64.95445391505,
    1.702638853983E+03));
#897 = CARTESIAN_POINT('',(3.163476583532E+03,-64.65438793021,
    1.702638853983E+03));
#898 = CARTESIAN_POINT('',(3.162770296614E+03,-64.34421407821,
    1.702638853983E+03));
#899 = CARTESIAN_POINT('',(3.161364651525E+03,-63.70283328112,
    1.702638853983E+03));
#900 = CARTESIAN_POINT('',(3.160665322751E+03,-63.37156218756,
    1.702638853983E+03));
#901 = CARTESIAN_POINT('',(3.15997082886E+03,-63.03032749302,
    1.702638853983E+03));
#902 = CARTESIAN_POINT('',(3.158594144307E+03,-62.3292834341,
    1.702638853983E+03));
#903 = CARTESIAN_POINT('',(3.157911921365E+03,-61.96953701993,
    1.702638853983E+03));
#904 = CARTESIAN_POINT('',(3.157234925415E+03,-61.60011751547,
    1.702638853983E+03));
#905 = CARTESIAN_POINT('',(3.155889652343E+03,-60.84096585564,
    1.702638853983E+03));
#906 = CARTESIAN_POINT('',(3.155221409997E+03,-60.45117253126,
    1.702638853983E+03));
#907 = CARTESIAN_POINT('',(3.15455884313E+03,-60.05189116988,
    1.702638853983E+03));
#908 = CARTESIAN_POINT('',(3.153247569257E+03,-59.23592788551,
    1.702638853983E+03));
#909 = CARTESIAN_POINT('',(3.152598824619E+03,-58.81930582804,
    1.702638853983E+03));
#910 = CARTESIAN_POINT('',(3.151956119985E+03,-58.39352008452,
    1.702638853983E+03));
#911 = CARTESIAN_POINT('',(3.150681146723E+03,-57.5225139318,
    1.702638853983E+03));
#912 = CARTESIAN_POINT('',(3.150048917951E+03,-57.07723580753,
    1.702638853983E+03));
#913 = CARTESIAN_POINT('',(3.149423158856E+03,-56.62301848215,
    1.702638853983E+03));
#914 = CARTESIAN_POINT('',(3.148186945658E+03,-55.69849246337,
    1.702638853983E+03));
#915 = CARTESIAN_POINT('',(3.147576448862E+03,-55.22824008983,
    1.702638853983E+03));
#916 = CARTESIAN_POINT('',(3.146972755701E+03,-54.74940428256,
    1.702638853983E+03));
#917 = CARTESIAN_POINT('',(3.146376046681E+03,-54.26214233001,
    1.702638853983E+03));
#918 = PCURVE('',#125,#919);
#919 = DEFINITIONAL_REPRESENTATION('',(#920),#1019);
#920 = B_SPLINE_CURVE_WITH_KNOTS('',4,(#921,#922,#923,#924,#925,#926,
    #927,#928,#929,#930,#931,#932,#933,#934,#935,#936,#937,#938,#939,
    #940,#941,#942,#943,#944,#945,#946,#947,#948,#949,#950,#951,#952,
    #953,#954,#955,#956,#957,#958,#959,#960,#961,#962,#963,#964,#965,
    #966,#967,#968,#969,#970,#971,#972,#973,#974,#975,#976,#977,#978,
    #979,#980,#981,#982,#983,#984,#985,#986,#987,#988,#989,#990,#991,
    #992,#993,#994,#995,#996,#997,#998,#999,#1000,#1001,#1002,#1003,
    #1004,#1005,#1006,#1007,#1008,#1009,#1010,#1011,#1012,#1013,#1014,
    #1015,#1016,#1017,#1018),.UNSPECIFIED.,.F.,.F.,(5,3,3,3,3,3,3,3,3,3,
    3,3,3,3,3,3,3,3,3,3,3,3,3,3,3,3,3,3,3,3,3,3,5),(0.,
    3.129508718716E-02,6.249065882616E-02,9.378668200467E-02,
    0.124983176522,0.156280113102,0.187477503316,0.218775321108,
    0.249973569791,0.281272226055,0.312471284985,0.343770725453,
    0.3749705344,0.406270692217,0.437471177835,0.468771972377,
    0.499973046945,0.531274382471,0.562475942455,0.593777706566,
    0.624979630981,0.656281692857,0.687483841383,0.718786049766,
    0.749988260591,0.781290441449,0.81249252876,0.843794482569,
    0.874996233604,0.906297732117,0.937498903635,0.968799685992,1.),
  .UNSPECIFIED.);
#921 = CARTESIAN_POINT('',(45.137764721158,-54.02662825845));
#922 = CARTESIAN_POINT('',(44.546146903789,-54.52011379918));
#923 = CARTESIAN_POINT('',(43.947311633992,-55.00505623355));
#924 = CARTESIAN_POINT('',(43.341445670565,-55.4812988556));
#925 = CARTESIAN_POINT('',(42.117987489091,-56.41460154238));
#926 = CARTESIAN_POINT('',(41.500438673245,-56.87171779984));
#927 = CARTESIAN_POINT('',(40.876287519275,-57.31989518914));
#928 = CARTESIAN_POINT('',(39.613145593788,-58.19950942128));
#929 = CARTESIAN_POINT('',(38.974113496378,-58.63088772066));
#930 = CARTESIAN_POINT('',(38.32883513706,-59.05299053056));
#931 = CARTESIAN_POINT('',(37.02826831944,-59.87707113579));
#932 = CARTESIAN_POINT('',(36.373018208387,-60.27910867274));
#933 = CARTESIAN_POINT('',(35.711969306582,-60.67167014277));
#934 = CARTESIAN_POINT('',(34.376545566824,-61.43883301194));
#935 = CARTESIAN_POINT('',(33.702134662545,-61.81337252434));
#936 = CARTESIAN_POINT('',(33.022308921803,-62.17813196345));
#937 = CARTESIAN_POINT('',(31.654438823815,-62.88673750032));
#938 = CARTESIAN_POINT('',(30.966427471117,-63.23064643433));
#939 = CARTESIAN_POINT('',(30.273464426149,-63.56461473369));
#940 = CARTESIAN_POINT('',(28.87582627432,-64.21350948939));
#941 = CARTESIAN_POINT('',(28.171120631459,-64.528371194));
#942 = CARTESIAN_POINT('',(27.461872156993,-64.83302320397));
#943 = CARTESIAN_POINT('',(26.037009616517,-65.42078575747));
#944 = CARTESIAN_POINT('',(25.32142296513,-65.70396175443));
#945 = CARTESIAN_POINT('',(24.601768728723,-65.97680874447));
#946 = CARTESIAN_POINT('',(23.152449788701,-66.50252518862));
#947 = CARTESIAN_POINT('',(22.422760306668,-66.75532752685));
#948 = CARTESIAN_POINT('',(21.689433836648,-66.99756881011));
#949 = CARTESIAN_POINT('',(20.218315586393,-67.46004684283));
#950 = CARTESIAN_POINT('',(19.480545425994,-67.68035116599));
#951 = CARTESIAN_POINT('',(18.739621957353,-67.89001728962));
#952 = CARTESIAN_POINT('',(17.249540694641,-68.28858960796));
#953 = CARTESIAN_POINT('',(16.500364061504,-68.47742684216));
#954 = CARTESIAN_POINT('',(15.748483110811,-68.65543262474));
#955 = CARTESIAN_POINT('',(14.242188764041,-68.98914525051));
#956 = CARTESIAN_POINT('',(13.487791032051,-69.14492127478));
#957 = CARTESIAN_POINT('',(12.731177356521,-69.28983146826));
#958 = CARTESIAN_POINT('',(11.211552598308,-69.55826889302));
#959 = CARTESIAN_POINT('',(10.448528750598,-69.68172585328));
#960 = CARTESIAN_POINT('',(9.683752854059,-69.7941640157));
#961 = CARTESIAN_POINT('',(8.153619117841,-69.99661798234));
#962 = CARTESIAN_POINT('',(7.388270870564,-70.08670405015));
#963 = CARTESIAN_POINT('',(6.621659862738,-70.16577997863));
#964 = CARTESIAN_POINT('',(5.083923870928,-70.3020900537));
#965 = CARTESIAN_POINT('',(4.312792282313,-70.35925316341));
#966 = CARTESIAN_POINT('',(3.540873121318,-70.40529463493));
#967 = CARTESIAN_POINT('',(1.998405888238,-70.47500381774));
#968 = CARTESIAN_POINT('',(1.227861266807,-70.49874234206));
#969 = CARTESIAN_POINT('',(0.457015482366,-70.51141086964));
#970 = CARTESIAN_POINT('',(-1.087274771548,-70.51461514981));
#971 = CARTESIAN_POINT('',(-1.860719648098,-70.50507965048));
#972 = CARTESIAN_POINT('',(-2.633982911379,-70.48440499248));
#973 = CARTESIAN_POINT('',(-4.177197946449,-70.42090225981));
#974 = CARTESIAN_POINT('',(-4.947152433031,-70.37814501029));
#975 = CARTESIAN_POINT('',(-5.716445554794,-70.32434284562));
#976 = CARTESIAN_POINT('',(-7.255698269022,-70.19448492136));
#977 = CARTESIAN_POINT('',(-8.025652083622,-70.11835824761));
#978 = CARTESIAN_POINT('',(-8.794457942858,-70.03116038183));
#979 = CARTESIAN_POINT('',(-10.32684549994,-69.83500175487));
#980 = CARTESIAN_POINT('',(-11.09043605522,-69.72611129335));
#981 = CARTESIAN_POINT('',(-11.85240929924,-69.60628578182));
#982 = CARTESIAN_POINT('',(-13.37508823753,-69.34443158223));
#983 = CARTESIAN_POINT('',(-14.13578203155,-69.20233286813));
#984 = CARTESIAN_POINT('',(-14.89437192558,-69.04931593632));
#985 = CARTESIAN_POINT('',(-16.40445755687,-68.7220770262));
#986 = CARTESIAN_POINT('',(-17.15596822504,-68.54792428805));
#987 = CARTESIAN_POINT('',(-17.90491970366,-68.36303035245));
#988 = CARTESIAN_POINT('',(-19.39963447802,-67.9712607401));
#989 = CARTESIAN_POINT('',(-20.14537986347,-67.76431646902));
#990 = CARTESIAN_POINT('',(-20.88808330459,-67.54669084109));
#991 = CARTESIAN_POINT('',(-22.36458338696,-67.09095560808));
#992 = CARTESIAN_POINT('',(-23.0984009176,-66.85291365703));
#993 = CARTESIAN_POINT('',(-23.82873885893,-66.60440691928));
#994 = CARTESIAN_POINT('',(-25.28433447991,-66.08580265271));
#995 = CARTESIAN_POINT('',(-26.00956840094,-65.81563849385));
#996 = CARTESIAN_POINT('',(-26.73084763403,-65.5351119731));
#997 = CARTESIAN_POINT('',(-28.16275832379,-64.95445391505));
#998 = CARTESIAN_POINT('',(-28.87341646831,-64.65438793021));
#999 = CARTESIAN_POINT('',(-29.57970338604,-64.34421407821));
#1000 = CARTESIAN_POINT('',(-30.98534847467,-63.70283328112));
#1001 = CARTESIAN_POINT('',(-31.68467724881,-63.37156218756));
#1002 = CARTESIAN_POINT('',(-32.37917114048,-63.03032749302));
#1003 = CARTESIAN_POINT('',(-33.75585569252,-62.3292834341));
#1004 = CARTESIAN_POINT('',(-34.43807863528,-61.96953701993));
#1005 = CARTESIAN_POINT('',(-35.11507458451,-61.60011751547));
#1006 = CARTESIAN_POINT('',(-36.46034765727,-60.84096585564));
#1007 = CARTESIAN_POINT('',(-37.12859000347,-60.45117253126));
#1008 = CARTESIAN_POINT('',(-37.79115686995,-60.05189116988));
#1009 = CARTESIAN_POINT('',(-39.10243074335,-59.23592788551));
#1010 = CARTESIAN_POINT('',(-39.75117538087,-58.81930582804));
#1011 = CARTESIAN_POINT('',(-40.39388001542,-58.39352008452));
#1012 = CARTESIAN_POINT('',(-41.66885327661,-57.5225139318));
#1013 = CARTESIAN_POINT('',(-42.30108204897,-57.07723580753));
#1014 = CARTESIAN_POINT('',(-42.92684114384,-56.62301848215));
#1015 = CARTESIAN_POINT('',(-44.16305434245,-55.69849246337));
#1016 = CARTESIAN_POINT('',(-44.77355113797,-55.22824008983));
#1017 = CARTESIAN_POINT('',(-45.37724429887,-54.74940428256));
#1018 = CARTESIAN_POINT('',(-45.97395331855,-54.26214233001));
#1019 = ( GEOMETRIC_REPRESENTATION_CONTEXT(2) 
PARAMETRIC_REPRESENTATION_CONTEXT() REPRESENTATION_CONTEXT('2D SPACE',''
  ) );
#1020 = PCURVE('',#346,#1021);
#1021 = DEFINITIONAL_REPRESENTATION('',(#1022),#1121);
#1022 = B_SPLINE_CURVE_WITH_KNOTS('',4,(#1023,#1024,#1025,#1026,#1027,
    #1028,#1029,#1030,#1031,#1032,#1033,#1034,#1035,#1036,#1037,#1038,
    #1039,#1040,#1041,#1042,#1043,#1044,#1045,#1046,#1047,#1048,#1049,
    #1050,#1051,#1052,#1053,#1054,#1055,#1056,#1057,#1058,#1059,#1060,
    #1061,#1062,#1063,#1064,#1065,#1066,#1067,#1068,#1069,#1070,#1071,
    #1072,#1073,#1074,#1075,#1076,#1077,#1078,#1079,#1080,#1081,#1082,
    #1083,#1084,#1085,#1086,#1087,#1088,#1089,#1090,#1091,#1092,#1093,
    #1094,#1095,#1096,#1097,#1098,#1099,#1100,#1101,#1102,#1103,#1104,
    #1105,#1106,#1107,#1108,#1109,#1110,#1111,#1112,#1113,#1114,#1115,
    #1116,#1117,#1118,#1119,#1120),.UNSPECIFIED.,.F.,.F.,(5,3,3,3,3,3,3,
    3,3,3,3,3,3,3,3,3,3,3,3,3,3,3,3,3,3,3,3,3,3,3,3,3,5),(0.,
    3.129508718716E-02,6.249065882616E-02,9.378668200467E-02,
    0.124983176522,0.156280113102,0.187477503316,0.218775321108,
    0.249973569791,0.281272226055,0.312471284985,0.343770725453,
    0.3749705344,0.406270692217,0.437471177835,0.468771972377,
    0.499973046945,0.531274382471,0.562475942455,0.593777706566,
    0.624979630981,0.656281692857,0.687483841383,0.718786049766,
    0.749988260591,0.781290441449,0.81249252876,0.843794482569,
    0.874996233604,0.906297732117,0.937498903635,0.968799685992,1.),
  .UNSPECIFIED.);
#1023 = CARTESIAN_POINT('',(417.95,0.997875797126));
#1024 = CARTESIAN_POINT('',(414.67951650895,0.997869769794));
#1025 = CARTESIAN_POINT('',(411.40904954906,0.997863696887));
#1026 = CARTESIAN_POINT('',(408.13859906908,0.997857577628));
#1027 = CARTESIAN_POINT('',(401.60813061562,0.997845264395));
#1028 = CARTESIAN_POINT('',(398.34811253616,0.997839070719));
#1029 = CARTESIAN_POINT('',(395.08811069328,0.997832829377));
#1030 = CARTESIAN_POINT('',(388.55764196482,0.997820229421));
#1031 = CARTESIAN_POINT('',(385.28717518163,0.997813870495));
#1032 = CARTESIAN_POINT('',(382.01672456261,0.997807461898));
#1033 = CARTESIAN_POINT('',(375.48625618291,0.99779456412));
#1034 = CARTESIAN_POINT('',(372.22623831849,0.997788075262));
#1035 = CARTESIAN_POINT('',(368.96623630001,0.99778153528));
#1036 = CARTESIAN_POINT('',(362.4357676571,0.997768329998));
#1037 = CARTESIAN_POINT('',(359.16530113226,0.997761664361));
#1038 = CARTESIAN_POINT('',(355.8948502968,0.997754945407));
#1039 = CARTESIAN_POINT('',(349.36438199768,0.997741420451));
#1040 = CARTESIAN_POINT('',(346.10436443355,0.997734614794));
#1041 = CARTESIAN_POINT('',(342.84436215834,0.997727754215));
#1042 = CARTESIAN_POINT('',(336.31389361088,0.997713898912));
#1043 = CARTESIAN_POINT('',(333.04342743431,0.997706903828));
#1044 = CARTESIAN_POINT('',(329.77297629662,0.997699851415));
#1045 = CARTESIAN_POINT('',(323.2425080846,0.997685652396));
#1046 = CARTESIAN_POINT('',(319.98249091421,0.997678506161));
#1047 = CARTESIAN_POINT('',(316.72248829293,0.997671300819));
#1048 = CARTESIAN_POINT('',(310.19201985106,0.997656746293));
#1049 = CARTESIAN_POINT('',(306.92155412105,0.99764939672));
#1050 = CARTESIAN_POINT('',(303.65110258708,0.997641985395));
#1051 = CARTESIAN_POINT('',(297.12063446888,0.997627060637));
#1052 = CARTESIAN_POINT('',(293.86061779419,0.997619547604));
#1053 = CARTESIAN_POINT('',(290.60061472923,0.997611970844));
#1054 = CARTESIAN_POINT('',(284.07014640386,0.997596662797));
#1055 = CARTESIAN_POINT('',(280.79968122761,0.99758893109));
#1056 = CARTESIAN_POINT('',(277.52922919475,0.997581132739));
#1057 = CARTESIAN_POINT('',(270.99876117769,0.997565425145));
#1058 = CARTESIAN_POINT('',(267.73874511007,0.997557516334));
#1059 = CARTESIAN_POINT('',(264.47874149486,0.997549538679));
#1060 = CARTESIAN_POINT('',(257.94827329809,0.997533417042));
#1061 = CARTESIAN_POINT('',(254.67780879281,0.997525272606));
#1062 = CARTESIAN_POINT('',(251.40735614901,0.997517056103));
#1063 = CARTESIAN_POINT('',(244.87688824144,0.997500502425));
#1064 = CARTESIAN_POINT('',(241.61687290276,0.997492165718));
#1065 = CARTESIAN_POINT('',(238.35686862087,0.99748375449));
#1066 = CARTESIAN_POINT('',(231.82640056636,0.997466752634));
#1067 = CARTESIAN_POINT('',(228.55593686056,0.997458161518));
#1068 = CARTESIAN_POINT('',(225.28548348317,0.997449492306));
#1069 = CARTESIAN_POINT('',(218.75501569473,0.997432022297));
#1070 = CARTESIAN_POINT('',(215.4950012189,0.997423222006));
#1071 = CARTESIAN_POINT('',(212.23499614263,0.997414340873));
#1072 = CARTESIAN_POINT('',(205.70452824589,0.997396384693));
#1073 = CARTESIAN_POINT('',(202.43406548108,0.997387309116));
#1074 = CARTESIAN_POINT('',(199.16361123531,0.997378148726));
#1075 = CARTESIAN_POINT('',(192.63314357711,0.997359684139));
#1076 = CARTESIAN_POINT('',(189.37313011184,0.997350380494));
#1077 = CARTESIAN_POINT('',(186.1131241006,0.997340988949));
#1078 = CARTESIAN_POINT('',(179.58265637927,0.997321995782));
#1079 = CARTESIAN_POINT('',(176.31219471177,0.997312393581));
#1080 = CARTESIAN_POINT('',(173.04173944898,0.997302699054));
#1081 = CARTESIAN_POINT('',(166.51127193385,0.997283152474));
#1082 = CARTESIAN_POINT('',(163.2512596426,0.997273301022));
#1083 = CARTESIAN_POINT('',(159.99125254108,0.997263353768));
#1084 = CARTESIAN_POINT('',(153.46078501524,0.997243231117));
#1085 = CARTESIAN_POINT('',(150.19032461834,0.99723305509));
#1086 = CARTESIAN_POINT('',(146.91986817406,0.997222778311));
#1087 = CARTESIAN_POINT('',(140.38940081681,0.997202051771));
#1088 = CARTESIAN_POINT('',(137.12938988111,0.997191602666));
#1089 = CARTESIAN_POINT('',(133.86938151715,0.997181048881));
#1090 = CARTESIAN_POINT('',(127.33891420977,0.997159692916));
#1091 = CARTESIAN_POINT('',(124.06845527632,0.997148890048));
#1092 = CARTESIAN_POINT('',(120.79799746787,0.997137976942));
#1093 = CARTESIAN_POINT('',(114.2675302858,0.997115960279));
#1094 = CARTESIAN_POINT('',(111.0075209081,0.997104857442));
#1095 = CARTESIAN_POINT('',(107.7475110901,0.997093639912));
#1096 = CARTESIAN_POINT('',(101.21704402779,0.997070933673));
#1097 = CARTESIAN_POINT('',(97.946586773365,0.99705944421));
#1098 = CARTESIAN_POINT('',(94.676127397032,0.997047833796));
#1099 = CARTESIAN_POINT('',(88.145660410593,0.997024402697));
#1100 = CARTESIAN_POINT('',(84.885652817824,0.997012582804));
#1101 = CARTESIAN_POINT('',(81.62564133165,0.997000636888));
#1102 = CARTESIAN_POINT('',(75.095174545529,0.996976448146));
#1103 = CARTESIAN_POINT('',(71.824719212547,0.996964204491));
#1104 = CARTESIAN_POINT('',(68.554258040005,0.996951827737));
#1105 = CARTESIAN_POINT('',(62.023791273811,0.996926841388));
#1106 = CARTESIAN_POINT('',(58.763785722074,0.996914232665));
#1107 = CARTESIAN_POINT('',(55.503772326902,0.996901485048));
#1108 = CARTESIAN_POINT('',(48.973305854042,0.996875663726));
#1109 = CARTESIAN_POINT('',(45.702852717137,0.99686258911));
#1110 = CARTESIAN_POINT('',(42.432389490724,0.996849367564));
#1111 = CARTESIAN_POINT('',(35.901922974891,0.99682266582));
#1112 = CARTESIAN_POINT('',(32.641919755531,0.996809186587));
#1113 = CARTESIAN_POINT('',(29.381904178572,0.996795553771));
#1114 = CARTESIAN_POINT('',(22.851438063691,0.996767928833));
#1115 = CARTESIAN_POINT('',(19.580987436708,0.996753935702));
#1116 = CARTESIAN_POINT('',(16.310521863313,0.996739779827));
#1117 = CARTESIAN_POINT('',(9.780055635115,0.996711179776));
#1118 = CARTESIAN_POINT('',(6.520055082623,0.996696736672));
#1119 = CARTESIAN_POINT('',(3.26003701213,0.996682123152));
#1120 = CARTESIAN_POINT('',(0.,0.99666733455));
#1121 = ( GEOMETRIC_REPRESENTATION_CONTEXT(2) 
PARAMETRIC_REPRESENTATION_CONTEXT() REPRESENTATION_CONTEXT('2D SPACE',''
  ) );
#1122 = ORIENTED_EDGE('',*,*,#1123,.T.);
#1123 = EDGE_CURVE('',#816,#1124,#1126,.T.);
#1124 = VERTEX_POINT('',#1125);
#1125 = CARTESIAN_POINT('',(3.146376046681E+03,54.262142330012,
    1.702638853983E+03));
#1126 = SURFACE_CURVE('',#1127,(#1226,#1328),.PCURVE_S1.);
#1127 = B_SPLINE_CURVE_WITH_KNOTS('',4,(#1128,#1129,#1130,#1131,#1132,
    #1133,#1134,#1135,#1136,#1137,#1138,#1139,#1140,#1141,#1142,#1143,
    #1144,#1145,#1146,#1147,#1148,#1149,#1150,#1151,#1152,#1153,#1154,
    #1155,#1156,#1157,#1158,#1159,#1160,#1161,#1162,#1163,#1164,#1165,
    #1166,#1167,#1168,#1169,#1170,#1171,#1172,#1173,#1174,#1175,#1176,
    #1177,#1178,#1179,#1180,#1181,#1182,#1183,#1184,#1185,#1186,#1187,
    #1188,#1189,#1190,#1191,#1192,#1193,#1194,#1195,#1196,#1197,#1198,
    #1199,#1200,#1201,#1202,#1203,#1204,#1205,#1206,#1207,#1208,#1209,
    #1210,#1211,#1212,#1213,#1214,#1215,#1216,#1217,#1218,#1219,#1220,
    #1221,#1222,#1223,#1224,#1225),.UNSPECIFIED.,.F.,.F.,(5,3,3,3,3,3,3,
    3,3,3,3,3,3,3,3,3,3,3,3,3,3,3,3,3,3,3,3,3,3,3,3,3,5),(0.,
    3.12948510535E-02,6.249067128171E-02,9.37873835727E-02,
    0.124984956165,0.156283317977,0.18748242184,0.218782201934,
    0.249982597842,0.281283548186,0.312484981618,0.34378684033,
    0.374989044492,0.406291538945,0.437494237923,0.46879708797,
    0.499999999999,0.531302921284,0.562505762075,0.5938084694,
    0.625010955506,0.656313166205,0.687515018379,0.718816455661,
    0.750017402156,0.781317798379,0.812517578159,0.843816677998,
    0.875015043834,0.906312607311,0.937509328718,0.968805134046,1.),
  .UNSPECIFIED.);
#1128 = CARTESIAN_POINT('',(3.146376046681E+03,-54.26214233001,
    1.702638853983E+03));
#1129 = CARTESIAN_POINT('',(3.145647181681E+03,-53.63624543677,
    1.702638853983E+03));
#1130 = CARTESIAN_POINT('',(3.144929472114E+03,-52.99709913879,
    1.702638853983E+03));
#1131 = CARTESIAN_POINT('',(3.14422327901E+03,-52.34500813231,
    1.702638853983E+03));
#1132 = CARTESIAN_POINT('',(3.142836810632E+03,-51.01768786158,
    1.702638853983E+03));
#1133 = CARTESIAN_POINT('',(3.14215646038E+03,-50.34253831419,
    1.702638853983E+03));
#1134 = CARTESIAN_POINT('',(3.14148823608E+03,-49.65516842906,
    1.702638853983E+03));
#1135 = CARTESIAN_POINT('',(3.140174563815E+03,-48.25440402572,
    1.702638853983E+03));
#1136 = CARTESIAN_POINT('',(3.139529196469E+03,-47.54093249482,
    1.702638853983E+03));
#1137 = CARTESIAN_POINT('',(3.138896684144E+03,-46.81584444419,
    1.702638853983E+03));
#1138 = CARTESIAN_POINT('',(3.137659944785E+03,-45.34548635287,
    1.702638853983E+03));
#1139 = CARTESIAN_POINT('',(3.137055634467E+03,-44.60028748309,
    1.702638853983E+03));
#1140 = CARTESIAN_POINT('',(3.13646470629E+03,-43.84425836648,
    1.702638853983E+03));
#1141 = CARTESIAN_POINT('',(3.135308317199E+03,-42.30880689915,
    1.702638853983E+03));
#1142 = CARTESIAN_POINT('',(3.134742944701E+03,-41.52931682531,
    1.702638853983E+03));
#1143 = CARTESIAN_POINT('',(3.134191613444E+03,-40.7396759323,
    1.702638853983E+03));
#1144 = CARTESIAN_POINT('',(3.13311926819E+03,-39.14340847336,
    1.702638853983E+03));
#1145 = CARTESIAN_POINT('',(3.132598163564E+03,-38.33684367738,
    1.702638853983E+03));
#1146 = CARTESIAN_POINT('',(3.132091538711E+03,-37.52096691893,
    1.702638853983E+03));
#1147 = CARTESIAN_POINT('',(3.131106145093E+03,-35.86872871289,
    1.702638853983E+03));
#1148 = CARTESIAN_POINT('',(3.130627471467E+03,-35.03230961807,
    1.702638853983E+03));
#1149 = CARTESIAN_POINT('',(3.130163858961E+03,-34.18732554673,
    1.702638853983E+03));
#1150 = CARTESIAN_POINT('',(3.12926862354E+03,-32.48377018819,
    1.702638853983E+03));
#1151 = CARTESIAN_POINT('',(3.128836903702E+03,-31.62525052097,
    1.702638853983E+03));
#1152 = CARTESIAN_POINT('',(3.128420589748E+03,-30.75904738151,
    1.702638853983E+03));
#1153 = CARTESIAN_POINT('',(3.127617876274E+03,-29.00930760185,
    1.702638853983E+03));
#1154 = CARTESIAN_POINT('',(3.127231577468E+03,-28.12572405208,
    1.702638853983E+03));
#1155 = CARTESIAN_POINT('',(3.126861181269E+03,-27.2352627273,
    1.702638853983E+03));
#1156 = CARTESIAN_POINT('',(3.126153671277E+03,-25.44431314199,
    1.702638853983E+03));
#1157 = CARTESIAN_POINT('',(3.125816455395E+03,-24.54386571777,
    1.702638853983E+03));
#1158 = CARTESIAN_POINT('',(3.125495389046E+03,-23.63745423329,
    1.702638853983E+03));
#1159 = CARTESIAN_POINT('',(3.124884874197E+03,-21.8106542051,
    1.702638853983E+03));
#1160 = CARTESIAN_POINT('',(3.124595530772E+03,-20.89023001945,
    1.702638853983E+03));
#1161 = CARTESIAN_POINT('',(3.124322743109E+03,-19.96469664367,
    1.702638853983E+03));
#1162 = CARTESIAN_POINT('',(3.12381134812E+03,-18.1072828138,
    1.702638853983E+03));
#1163 = CARTESIAN_POINT('',(3.123572634726E+03,-17.17543190202,
    1.702638853983E+03));
#1164 = CARTESIAN_POINT('',(3.123350623274E+03,-16.23940691024,
    1.702638853983E+03));
#1165 = CARTESIAN_POINT('',(3.122939546456E+03,-14.35690172838,
    1.702638853983E+03));
#1166 = CARTESIAN_POINT('',(3.122750589269E+03,-13.41039755684,
    1.702638853983E+03));
#1167 = CARTESIAN_POINT('',(3.122578644959E+03,-12.46061323078,
    1.702638853983E+03));
#1168 = CARTESIAN_POINT('',(3.122269429028E+03,-10.55845326293,
    1.702638853983E+03));
#1169 = CARTESIAN_POINT('',(3.122132048609E+03,-9.606095489436,
    1.702638853983E+03));
#1170 = CARTESIAN_POINT('',(3.122011724775E+03,-8.651403001243,
    1.702638853983E+03));
#1171 = CARTESIAN_POINT('',(3.121804960478E+03,-6.735208304074,
    1.702638853983E+03));
#1172 = CARTESIAN_POINT('',(3.121718630005E+03,-5.773694026046,
    1.702638853983E+03));
#1173 = CARTESIAN_POINT('',(3.121649568084E+03,-4.810767436721,
    1.702638853983E+03));
#1174 = CARTESIAN_POINT('',(3.121546197852E+03,-2.88611003107,
    1.702638853983E+03));
#1175 = CARTESIAN_POINT('',(3.121511779289E+03,-1.924385164813,
    1.702638853983E+03));
#1176 = CARTESIAN_POINT('',(3.121494570005E+03,-0.96219257066,
    1.702638853983E+03));
#1177 = CARTESIAN_POINT('',(3.121494570005E+03,0.965276518791,
    1.702638853983E+03));
#1178 = CARTESIAN_POINT('',(3.121511889781E+03,1.930553061516,
    1.702638853983E+03));
#1179 = CARTESIAN_POINT('',(3.12154652933E+03,2.895357363798,
    1.702638853983E+03));
#1180 = CARTESIAN_POINT('',(3.121650230549E+03,4.81999673551,
    1.702638853983E+03));
#1181 = CARTESIAN_POINT('',(3.121719181814E+03,5.779837877514,
    1.702638853983E+03));
#1182 = CARTESIAN_POINT('',(3.121805291302E+03,6.738274227138,
    1.702638853983E+03));
#1183 = CARTESIAN_POINT('',(3.122012055596E+03,8.654468896402,
    1.702638853983E+03));
#1184 = CARTESIAN_POINT('',(3.122132820089E+03,9.612215275452,
    1.702638853983E+03));
#1185 = CARTESIAN_POINT('',(3.122270750516E+03,10.567610449171,
    1.702638853983E+03));
#1186 = CARTESIAN_POINT('',(3.122580293515E+03,12.469716528562,
    1.702638853983E+03));
#1187 = CARTESIAN_POINT('',(3.122751796841E+03,13.416445491622,
    1.702638853983E+03));
#1188 = CARTESIAN_POINT('',(3.122940204185E+03,14.359913761588,
    1.702638853983E+03));
#1189 = CARTESIAN_POINT('',(3.123351280991E+03,16.24241888894,
    1.702638853983E+03));
#1190 = CARTESIAN_POINT('',(3.123574058041E+03,17.181431992555,
    1.702638853983E+03));
#1191 = CARTESIAN_POINT('',(3.123813643943E+03,18.116242742552,
    1.702638853983E+03));
#1192 = CARTESIAN_POINT('',(3.12432535821E+03,19.973567466989,
    1.702638853983E+03));
#1193 = CARTESIAN_POINT('',(3.12459737979E+03,20.896111302815,
    1.702638853983E+03));
#1194 = CARTESIAN_POINT('',(3.124885851033E+03,21.813577122206,
    1.702638853983E+03));
#1195 = CARTESIAN_POINT('',(3.125496365856E+03,23.640377071841,
    1.702638853983E+03));
#1196 = CARTESIAN_POINT('',(3.125818513665E+03,24.549675947955,
    1.702638853983E+03));
#1197 = CARTESIAN_POINT('',(3.126156914211E+03,25.452971041739,
    1.702638853983E+03));
#1198 = CARTESIAN_POINT('',(3.126864731908E+03,27.243797358905,
    1.702638853983E+03));
#1199 = CARTESIAN_POINT('',(3.127234046011E+03,28.131369924842,
    1.702638853983E+03));
#1200 = CARTESIAN_POINT('',(3.127619160637E+03,29.01210723292,
    1.702638853983E+03));
#1201 = CARTESIAN_POINT('',(3.128421874066E+03,30.761846913636,
    1.702638853983E+03));
#1202 = CARTESIAN_POINT('',(3.128839572516E+03,31.630802977827,
    1.702638853983E+03));
#1203 = CARTESIAN_POINT('',(3.129272775128E+03,32.492024869214,
    1.702638853983E+03));
#1204 = CARTESIAN_POINT('',(3.130168303038E+03,34.195424255497,
    1.702638853983E+03));
#1205 = CARTESIAN_POINT('',(3.130630530267E+03,35.037654112027,
    1.702638853983E+03));
#1206 = CARTESIAN_POINT('',(3.131107721756E+03,35.871372349519,
    1.702638853983E+03));
#1207 = CARTESIAN_POINT('',(3.132093115306E+03,37.523610440862,
    1.702638853983E+03));
#1208 = CARTESIAN_POINT('',(3.132601411274E+03,38.342073505,
    1.702638853983E+03));
#1209 = CARTESIAN_POINT('',(3.1331242792E+03,39.151163527595,
    1.702638853983E+03));
#1210 = CARTESIAN_POINT('',(3.134196898263E+03,40.747244155903,
    1.702638853983E+03));
#1211 = CARTESIAN_POINT('',(3.134746557489E+03,41.534297545543,
    1.702638853983E+03));
#1212 = CARTESIAN_POINT('',(3.135310167468E+03,42.311263682429,
    1.702638853983E+03));
#1213 = CARTESIAN_POINT('',(3.136466556464E+03,43.846715024669,
    1.702638853983E+03));
#1214 = CARTESIAN_POINT('',(3.137059422558E+03,44.605133651584,
    1.702638853983E+03));
#1215 = CARTESIAN_POINT('',(3.137665755795E+03,45.352651296968,
    1.702638853983E+03));
#1216 = CARTESIAN_POINT('',(3.13890274704E+03,46.822793910503,
    1.702638853983E+03));
#1217 = CARTESIAN_POINT('',(3.139533320408E+03,47.545491359726,
    1.702638853983E+03));
#1218 = CARTESIAN_POINT('',(3.14017666575E+03,48.256645312231,
    1.702638853983E+03));
#1219 = CARTESIAN_POINT('',(3.141490337893E+03,49.657409585911,
    1.702638853983E+03));
#1220 = CARTESIAN_POINT('',(3.142160743933E+03,50.346944343241,
    1.702638853983E+03));
#1221 = CARTESIAN_POINT('',(3.142843352737E+03,51.024179209763,
    1.702638853983E+03));
#1222 = CARTESIAN_POINT('',(3.144230048091E+03,52.351257906195,
    1.702638853983E+03));
#1223 = CARTESIAN_POINT('',(3.144934058302E+03,53.00118306892,
    1.702638853983E+03));
#1224 = CARTESIAN_POINT('',(3.145649510359E+03,53.638245138364,
    1.702638853983E+03));
#1225 = CARTESIAN_POINT('',(3.146376046681E+03,54.262142330012,
    1.702638853983E+03));
#1226 = PCURVE('',#125,#1227);
#1227 = DEFINITIONAL_REPRESENTATION('',(#1228),#1327);
#1228 = B_SPLINE_CURVE_WITH_KNOTS('',4,(#1229,#1230,#1231,#1232,#1233,
    #1234,#1235,#1236,#1237,#1238,#1239,#1240,#1241,#1242,#1243,#1244,
    #1245,#1246,#1247,#1248,#1249,#1250,#1251,#1252,#1253,#1254,#1255,
    #1256,#1257,#1258,#1259,#1260,#1261,#1262,#1263,#1264,#1265,#1266,
    #1267,#1268,#1269,#1270,#1271,#1272,#1273,#1274,#1275,#1276,#1277,
    #1278,#1279,#1280,#1281,#1282,#1283,#1284,#1285,#1286,#1287,#1288,
    #1289,#1290,#1291,#1292,#1293,#1294,#1295,#1296,#1297,#1298,#1299,
    #1300,#1301,#1302,#1303,#1304,#1305,#1306,#1307,#1308,#1309,#1310,
    #1311,#1312,#1313,#1314,#1315,#1316,#1317,#1318,#1319,#1320,#1321,
    #1322,#1323,#1324,#1325,#1326),.UNSPECIFIED.,.F.,.F.,(5,3,3,3,3,3,3,
    3,3,3,3,3,3,3,3,3,3,3,3,3,3,3,3,3,3,3,3,3,3,3,3,3,5),(0.,
    3.12948510535E-02,6.249067128171E-02,9.37873835727E-02,
    0.124984956165,0.156283317977,0.18748242184,0.218782201934,
    0.249982597842,0.281283548186,0.312484981618,0.34378684033,
    0.374989044492,0.406291538945,0.437494237923,0.46879708797,
    0.499999999999,0.531302921284,0.562505762075,0.5938084694,
    0.625010955506,0.656313166205,0.687515018379,0.718816455661,
    0.750017402156,0.781317798379,0.812517578159,0.843816677998,
    0.875015043834,0.906312607311,0.937509328718,0.968805134046,1.),
  .UNSPECIFIED.);
#1229 = CARTESIAN_POINT('',(-45.97395331855,-54.26214233001));
#1230 = CARTESIAN_POINT('',(-46.70281831899,-53.63624543677));
#1231 = CARTESIAN_POINT('',(-47.42052788648,-52.99709913879));
#1232 = CARTESIAN_POINT('',(-48.12672099018,-52.34500813231));
#1233 = CARTESIAN_POINT('',(-49.51318936781,-51.01768786158));
#1234 = CARTESIAN_POINT('',(-50.1935396199,-50.34253831419));
#1235 = CARTESIAN_POINT('',(-50.86176392037,-49.65516842906));
#1236 = CARTESIAN_POINT('',(-52.17543618524,-48.25440402572));
#1237 = CARTESIAN_POINT('',(-52.82080353066,-47.54093249482));
#1238 = CARTESIAN_POINT('',(-53.45331585634,-46.81584444419));
#1239 = CARTESIAN_POINT('',(-54.69005521537,-45.34548635287));
#1240 = CARTESIAN_POINT('',(-55.29436553258,-44.60028748309));
#1241 = CARTESIAN_POINT('',(-55.88529370977,-43.84425836648));
#1242 = CARTESIAN_POINT('',(-57.04168280083,-42.30880689915));
#1243 = CARTESIAN_POINT('',(-57.60705529928,-41.52931682531));
#1244 = CARTESIAN_POINT('',(-58.15838655566,-40.7396759323));
#1245 = CARTESIAN_POINT('',(-59.23073180978,-39.14340847336));
#1246 = CARTESIAN_POINT('',(-59.75183643552,-38.33684367738));
#1247 = CARTESIAN_POINT('',(-60.2584612887,-37.52096691893));
#1248 = CARTESIAN_POINT('',(-61.24385490722,-35.86872871289));
#1249 = CARTESIAN_POINT('',(-61.72252853291,-35.03230961807));
#1250 = CARTESIAN_POINT('',(-62.18614103859,-34.18732554673));
#1251 = CARTESIAN_POINT('',(-63.08137645978,-32.48377018819));
#1252 = CARTESIAN_POINT('',(-63.51309629765,-31.62525052097));
#1253 = CARTESIAN_POINT('',(-63.92941025196,-30.75904738151));
#1254 = CARTESIAN_POINT('',(-64.73212372624,-29.00930760185));
#1255 = CARTESIAN_POINT('',(-65.11842253195,-28.12572405208));
#1256 = CARTESIAN_POINT('',(-65.48881873139,-27.2352627273));
#1257 = CARTESIAN_POINT('',(-66.19632872304,-25.44431314199));
#1258 = CARTESIAN_POINT('',(-66.53354460526,-24.54386571777));
#1259 = CARTESIAN_POINT('',(-66.85461095353,-23.63745423329));
#1260 = CARTESIAN_POINT('',(-67.46512580319,-21.8106542051));
#1261 = CARTESIAN_POINT('',(-67.75446922806,-20.89023001945));
#1262 = CARTESIAN_POINT('',(-68.02725689056,-19.96469664367));
#1263 = CARTESIAN_POINT('',(-68.53865188042,-18.1072828138));
#1264 = CARTESIAN_POINT('',(-68.77736527412,-17.17543190202));
#1265 = CARTESIAN_POINT('',(-68.99937672589,-16.23940691024));
#1266 = CARTESIAN_POINT('',(-69.41045354356,-14.35690172838));
#1267 = CARTESIAN_POINT('',(-69.59941073051,-13.41039755684));
#1268 = CARTESIAN_POINT('',(-69.77135504117,-12.46061323078));
#1269 = CARTESIAN_POINT('',(-70.08057097156,-10.55845326293));
#1270 = CARTESIAN_POINT('',(-70.21795139127,-9.606095489436));
#1271 = CARTESIAN_POINT('',(-70.33827522498,-8.651403001243));
#1272 = CARTESIAN_POINT('',(-70.54503952183,-6.735208304074));
#1273 = CARTESIAN_POINT('',(-70.63136999528,-5.773694026046));
#1274 = CARTESIAN_POINT('',(-70.70043191645,-4.810767436721));
#1275 = CARTESIAN_POINT('',(-70.80380214771,-2.88611003107));
#1276 = CARTESIAN_POINT('',(-70.8382207114,-1.924385164813));
#1277 = CARTESIAN_POINT('',(-70.85542999461,-0.96219257066));
#1278 = CARTESIAN_POINT('',(-70.85542999461,0.965276518791));
#1279 = CARTESIAN_POINT('',(-70.83811021877,1.930553061516));
#1280 = CARTESIAN_POINT('',(-70.80347066988,2.895357363798));
#1281 = CARTESIAN_POINT('',(-70.69976945132,4.81999673551));
#1282 = CARTESIAN_POINT('',(-70.63081818627,5.779837877514));
#1283 = CARTESIAN_POINT('',(-70.54470869771,6.738274227138));
#1284 = CARTESIAN_POINT('',(-70.33794440387,8.654468896402));
#1285 = CARTESIAN_POINT('',(-70.21717991122,9.612215275452));
#1286 = CARTESIAN_POINT('',(-70.07924948438,10.567610449171));
#1287 = CARTESIAN_POINT('',(-69.76970648549,12.469716528562));
#1288 = CARTESIAN_POINT('',(-69.59820315914,13.416445491622));
#1289 = CARTESIAN_POINT('',(-69.40979581521,14.359913761588));
#1290 = CARTESIAN_POINT('',(-68.99871900945,16.24241888894));
#1291 = CARTESIAN_POINT('',(-68.77594195864,17.181431992555));
#1292 = CARTESIAN_POINT('',(-68.53635605678,18.116242742552));
#1293 = CARTESIAN_POINT('',(-68.02464178977,19.973567466989));
#1294 = CARTESIAN_POINT('',(-67.75262020972,20.896111302815));
#1295 = CARTESIAN_POINT('',(-67.46414896705,21.813577122206));
#1296 = CARTESIAN_POINT('',(-66.85363414364,23.640377071841));
#1297 = CARTESIAN_POINT('',(-66.53148633548,24.549675947955));
#1298 = CARTESIAN_POINT('',(-66.19308578919,25.452971041739));
#1299 = CARTESIAN_POINT('',(-65.48526809234,27.243797358905));
#1300 = CARTESIAN_POINT('',(-65.11595398854,28.131369924842));
#1301 = CARTESIAN_POINT('',(-64.73083936292,29.01210723292));
#1302 = CARTESIAN_POINT('',(-63.92812593404,30.761846913636));
#1303 = CARTESIAN_POINT('',(-63.51042748355,31.630802977827));
#1304 = CARTESIAN_POINT('',(-63.07722487244,32.492024869214));
#1305 = CARTESIAN_POINT('',(-62.18169696195,34.195424255497));
#1306 = CARTESIAN_POINT('',(-61.71946973304,35.037654112027));
#1307 = CARTESIAN_POINT('',(-61.24227824433,35.871372349519));
#1308 = CARTESIAN_POINT('',(-60.25688469422,37.523610440862));
#1309 = CARTESIAN_POINT('',(-59.74858872638,38.342073505));
#1310 = CARTESIAN_POINT('',(-59.22572079999,39.151163527595));
#1311 = CARTESIAN_POINT('',(-58.15310173674,40.747244155903));
#1312 = CARTESIAN_POINT('',(-57.60344251123,41.534297545543));
#1313 = CARTESIAN_POINT('',(-57.03983253239,42.311263682429));
#1314 = CARTESIAN_POINT('',(-55.88344353555,43.846715024669));
#1315 = CARTESIAN_POINT('',(-55.29057744153,44.605133651584));
#1316 = CARTESIAN_POINT('',(-54.68424420459,45.352651296968));
#1317 = CARTESIAN_POINT('',(-53.44725296021,46.822793910503));
#1318 = CARTESIAN_POINT('',(-52.81667959238,47.545491359726));
#1319 = CARTESIAN_POINT('',(-52.1733342501,48.256645312231));
#1320 = CARTESIAN_POINT('',(-50.85966210682,49.657409585911));
#1321 = CARTESIAN_POINT('',(-50.18925606718,50.346944343241));
#1322 = CARTESIAN_POINT('',(-49.50664726331,51.024179209763));
#1323 = CARTESIAN_POINT('',(-48.11995190875,52.351257906195));
#1324 = CARTESIAN_POINT('',(-47.41594169772,53.00118306892));
#1325 = CARTESIAN_POINT('',(-46.70048964072,53.638245138364));
#1326 = CARTESIAN_POINT('',(-45.97395331855,54.262142330012));
#1327 = ( GEOMETRIC_REPRESENTATION_CONTEXT(2) 
PARAMETRIC_REPRESENTATION_CONTEXT() REPRESENTATION_CONTEXT('2D SPACE',''
  ) );
#1328 = PCURVE('',#586,#1329);
#1329 = DEFINITIONAL_REPRESENTATION('',(#1330),#1429);
#1330 = B_SPLINE_CURVE_WITH_KNOTS('',4,(#1331,#1332,#1333,#1334,#1335,
    #1336,#1337,#1338,#1339,#1340,#1341,#1342,#1343,#1344,#1345,#1346,
    #1347,#1348,#1349,#1350,#1351,#1352,#1353,#1354,#1355,#1356,#1357,
    #1358,#1359,#1360,#1361,#1362,#1363,#1364,#1365,#1366,#1367,#1368,
    #1369,#1370,#1371,#1372,#1373,#1374,#1375,#1376,#1377,#1378,#1379,
    #1380,#1381,#1382,#1383,#1384,#1385,#1386,#1387,#1388,#1389,#1390,
    #1391,#1392,#1393,#1394,#1395,#1396,#1397,#1398,#1399,#1400,#1401,
    #1402,#1403,#1404,#1405,#1406,#1407,#1408,#1409,#1410,#1411,#1412,
    #1413,#1414,#1415,#1416,#1417,#1418,#1419,#1420,#1421,#1422,#1423,
    #1424,#1425,#1426,#1427,#1428),.UNSPECIFIED.,.F.,.F.,(5,3,3,3,3,3,3,
    3,3,3,3,3,3,3,3,3,3,3,3,3,3,3,3,3,3,3,3,3,3,3,3,3,5),(0.,
    3.12948510535E-02,6.249067128171E-02,9.37873835727E-02,
    0.124984956165,0.156283317977,0.18748242184,0.218782201934,
    0.249982597842,0.281283548186,0.312484981618,0.34378684033,
    0.374989044492,0.406291538945,0.437494237923,0.46879708797,
    0.499999999999,0.531302921284,0.562505762075,0.5938084694,
    0.625010955506,0.656313166205,0.687515018379,0.718816455661,
    0.750017402156,0.781317798379,0.812517578159,0.843816677998,
    0.875015043834,0.906312607311,0.937509328718,0.968805134046,1.),
  .UNSPECIFIED.);
#1331 = CARTESIAN_POINT('',(497.,0.99666733455));
#1332 = CARTESIAN_POINT('',(493.11091351811,0.99666733455));
#1333 = CARTESIAN_POINT('',(489.22186867154,0.99666733455));
#1334 = CARTESIAN_POINT('',(485.33286450409,0.99666733455));
#1335 = CARTESIAN_POINT('',(477.567241909,0.99666733455));
#1336 = CARTESIAN_POINT('',(473.69062322551,0.99666733455));
#1337 = CARTESIAN_POINT('',(469.8140429433,0.99666733455));
#1338 = CARTESIAN_POINT('',(462.04841972284,0.99666733455));
#1339 = CARTESIAN_POINT('',(458.15937702124,0.99666733455));
#1340 = CARTESIAN_POINT('',(454.2703708225,0.99666733455));
#1341 = CARTESIAN_POINT('',(446.50474840752,0.99666733455));
#1342 = CARTESIAN_POINT('',(442.62813196231,0.99666733455));
#1343 = CARTESIAN_POINT('',(438.75154954844,0.99666733455));
#1344 = CARTESIAN_POINT('',(430.98592657964,0.99666733455));
#1345 = CARTESIAN_POINT('',(427.09688623219,0.99666733455));
#1346 = CARTESIAN_POINT('',(423.20787778043,0.99666733455));
#1347 = CARTESIAN_POINT('',(415.44225551559,0.99666733455));
#1348 = CARTESIAN_POINT('',(411.56564150309,0.99666733455));
#1349 = CARTESIAN_POINT('',(407.6890567498,0.99666733455));
#1350 = CARTESIAN_POINT('',(399.92343400881,0.99666733455));
#1351 = CARTESIAN_POINT('',(396.03439619692,0.99666733455));
#1352 = CARTESIAN_POINT('',(392.14538529652,0.99666733455));
#1353 = CARTESIAN_POINT('',(384.37976314944,0.99666733455));
#1354 = CARTESIAN_POINT('',(380.50315173524,0.99666733455));
#1355 = CARTESIAN_POINT('',(376.62656446229,0.99666733455));
#1356 = CARTESIAN_POINT('',(368.86094192228,0.99666733455));
#1357 = CARTESIAN_POINT('',(364.97190679729,0.99666733455));
#1358 = CARTESIAN_POINT('',(361.08289328164,0.99666733455));
#1359 = CARTESIAN_POINT('',(353.31727121847,0.99666733455));
#1360 = CARTESIAN_POINT('',(349.44066253735,0.99666733455));
#1361 = CARTESIAN_POINT('',(345.56407259441,0.99666733455));
#1362 = CARTESIAN_POINT('',(337.79845022625,0.99666733455));
#1363 = CARTESIAN_POINT('',(333.90941790766,0.99666733455));
#1364 = CARTESIAN_POINT('',(330.02040164119,0.99666733455));
#1365 = CARTESIAN_POINT('',(322.25477962723,0.99666733455));
#1366 = CARTESIAN_POINT('',(318.37817378162,0.99666733455));
#1367 = CARTESIAN_POINT('',(314.50158105002,0.99666733455));
#1368 = CARTESIAN_POINT('',(306.73595882262,0.99666733455));
#1369 = CARTESIAN_POINT('',(302.8469293968,0.99666733455));
#1370 = CARTESIAN_POINT('',(298.95791027645,0.99666733455));
#1371 = CARTESIAN_POINT('',(291.19228827645,0.99666733455));
#1372 = CARTESIAN_POINT('',(287.31568533535,0.99666733455));
#1373 = CARTESIAN_POINT('',(283.43908972932,0.99666733455));
#1374 = CARTESIAN_POINT('',(275.67346760994,0.99666733455));
#1375 = CARTESIAN_POINT('',(271.78444112919,0.99666733455));
#1376 = CARTESIAN_POINT('',(267.89541908553,0.99666733455));
#1377 = CARTESIAN_POINT('',(260.12979706408,0.99666733455));
#1378 = CARTESIAN_POINT('',(256.25319706226,0.99666733455));
#1379 = CARTESIAN_POINT('',(252.37659852991,0.99666733455));
#1380 = CARTESIAN_POINT('',(244.61097648453,0.99666733455));
#1381 = CARTESIAN_POINT('',(240.72195296633,0.99666733455));
#1382 = CARTESIAN_POINT('',(236.83292796448,0.99666733455));
#1383 = CARTESIAN_POINT('',(229.06730588636,0.99666733455));
#1384 = CARTESIAN_POINT('',(225.19070882385,0.99666733455));
#1385 = CARTESIAN_POINT('',(221.31410734786,0.99666733455));
#1386 = CARTESIAN_POINT('',(213.54848534157,0.99666733455));
#1387 = CARTESIAN_POINT('',(209.65946476843,0.99666733455));
#1388 = CARTESIAN_POINT('',(205.77043680842,0.99666733455));
#1389 = CARTESIAN_POINT('',(198.00481463911,0.99666733455));
#1390 = CARTESIAN_POINT('',(194.12822048122,0.99666733455));
#1391 = CARTESIAN_POINT('',(190.25161607904,0.99666733455));
#1392 = CARTESIAN_POINT('',(182.48599407648,0.99666733455));
#1393 = CARTESIAN_POINT('',(178.59697639614,0.99666733455));
#1394 = CARTESIAN_POINT('',(174.70794551294,0.99666733455));
#1395 = CARTESIAN_POINT('',(166.94232321903,0.99666733455));
#1396 = CARTESIAN_POINT('',(163.06573189681,0.99666733455));
#1397 = CARTESIAN_POINT('',(159.18912462042,0.99666733455));
#1398 = CARTESIAN_POINT('',(151.4235025862,0.99666733455));
#1399 = CARTESIAN_POINT('',(147.53448771228,0.99666733455));
#1400 = CARTESIAN_POINT('',(143.64545397534,0.99666733455));
#1401 = CARTESIAN_POINT('',(135.87983152489,0.99666733455));
#1402 = CARTESIAN_POINT('',(132.00324293594,0.99666733455));
#1403 = CARTESIAN_POINT('',(128.12663287122,0.99666733455));
#1404 = CARTESIAN_POINT('',(120.36101077032,0.99666733455));
#1405 = CARTESIAN_POINT('',(116.47199858331,0.99666733455));
#1406 = CARTESIAN_POINT('',(112.58296209576,0.99666733455));
#1407 = CARTESIAN_POINT('',(104.8173394586,0.99666733455));
#1408 = CARTESIAN_POINT('',(100.9407534682,0.99666733455));
#1409 = CARTESIAN_POINT('',(97.064140733964,0.99666733455));
#1410 = CARTESIAN_POINT('',(89.298518532062,0.99666733455));
#1411 = CARTESIAN_POINT('',(85.409508880629,0.99666733455));
#1412 = CARTESIAN_POINT('',(81.520469778084,0.99666733455));
#1413 = CARTESIAN_POINT('',(73.754846926195,0.99666733455));
#1414 = CARTESIAN_POINT('',(69.878263368797,0.99666733455));
#1415 = CARTESIAN_POINT('',(66.001648115442,0.99666733455));
#1416 = CARTESIAN_POINT('',(58.236025779337,0.99666733455));
#1417 = CARTESIAN_POINT('',(54.347018482051,0.99666733455));
#1418 = CARTESIAN_POINT('',(50.457976931161,0.99666733455));
#1419 = CARTESIAN_POINT('',(42.692353839084,0.99666733455));
#1420 = CARTESIAN_POINT('',(38.815772520316,0.99666733455));
#1421 = CARTESIAN_POINT('',(34.939154928164,0.99666733455));
#1422 = CARTESIAN_POINT('',(27.173532426521,0.99666733455));
#1423 = CARTESIAN_POINT('',(23.284527274235,0.99666733455));
#1424 = CARTESIAN_POINT('',(19.39548347068,0.99666733455));
#1425 = CARTESIAN_POINT('',(11.629860116422,0.99666733455));
#1426 = CARTESIAN_POINT('',(7.753280815954,0.99666733455));
#1427 = CARTESIAN_POINT('',(3.876661092839,0.99666733455));
#1428 = CARTESIAN_POINT('',(0.,0.99666733455));
#1429 = ( GEOMETRIC_REPRESENTATION_CONTEXT(2) 
PARAMETRIC_REPRESENTATION_CONTEXT() REPRESENTATION_CONTEXT('2D SPACE',''
  ) );
#1430 = ORIENTED_EDGE('',*,*,#1431,.T.);
#1431 = EDGE_CURVE('',#1124,#1432,#1434,.T.);
#1432 = VERTEX_POINT('',#1433);
#1433 = CARTESIAN_POINT('',(3.237487764721E+03,54.02662825845,
    1.702638853983E+03));
#1434 = SURFACE_CURVE('',#1435,(#1534,#1636),.PCURVE_S1.);
#1435 = B_SPLINE_CURVE_WITH_KNOTS('',4,(#1436,#1437,#1438,#1439,#1440,
    #1441,#1442,#1443,#1444,#1445,#1446,#1447,#1448,#1449,#1450,#1451,
    #1452,#1453,#1454,#1455,#1456,#1457,#1458,#1459,#1460,#1461,#1462,
    #1463,#1464,#1465,#1466,#1467,#1468,#1469,#1470,#1471,#1472,#1473,
    #1474,#1475,#1476,#1477,#1478,#1479,#1480,#1481,#1482,#1483,#1484,
    #1485,#1486,#1487,#1488,#1489,#1490,#1491,#1492,#1493,#1494,#1495,
    #1496,#1497,#1498,#1499,#1500,#1501,#1502,#1503,#1504,#1505,#1506,
    #1507,#1508,#1509,#1510,#1511,#1512,#1513,#1514,#1515,#1516,#1517,
    #1518,#1519,#1520,#1521,#1522,#1523,#1524,#1525,#1526,#1527,#1528,
    #1529,#1530,#1531,#1532,#1533),.UNSPECIFIED.,.F.,.F.,(5,3,3,3,3,3,3,
    3,3,3,3,3,3,3,3,3,3,3,3,3,3,3,3,3,3,3,3,3,3,3,3,3,5),(0.,
    3.130031580317E-02,6.250109636413E-02,9.380227219002E-02,
    0.125003766395,0.156305523389,0.187507471239,0.218809565406,
    0.250011739408,0.281313957327,0.312516158615,0.343818313898,
    0.375020369017,0.406322299351,0.437524057542,0.468825622175,
    0.500026953053,0.531328030624,0.562528822163,0.593829308822,
    0.625029465598,0.656329273354,0.687528715013,0.718827770295,
    0.750026430207,0.781324672603,0.812522496682,0.843819877824,
    0.875016823476,0.906313306026,0.937509341173,0.968804897869,1.),
  .UNSPECIFIED.);
#1436 = CARTESIAN_POINT('',(3.146376046681E+03,54.262142330012,
    1.702638853983E+03));
#1437 = CARTESIAN_POINT('',(3.146974668245E+03,54.75096603191,
    1.702638853983E+03));
#1438 = CARTESIAN_POINT('',(3.147580318792E+03,55.231309487823,
    1.702638853983E+03));
#1439 = CARTESIAN_POINT('',(3.148192816075E+03,55.703013891887,
    1.702638853983E+03));
#1440 = CARTESIAN_POINT('',(3.149429156703E+03,56.627371698391,
    1.702638853983E+03));
#1441 = CARTESIAN_POINT('',(3.150052957787E+03,57.080080922468,
    1.702638853983E+03));
#1442 = CARTESIAN_POINT('',(3.150683186653E+03,57.523907523091,
    1.702638853983E+03));
#1443 = CARTESIAN_POINT('',(3.151958159966E+03,58.394913710827,
    1.702638853983E+03));
#1444 = CARTESIAN_POINT('',(3.152602944607E+03,58.822035146259,
    1.702638853983E+03));
#1445 = CARTESIAN_POINT('',(3.153253807406E+03,59.23993360652,
    1.702638853983E+03));
#1446 = CARTESIAN_POINT('',(3.154565193754E+03,60.055717838845,
    1.702638853983E+03));
#1447 = CARTESIAN_POINT('',(3.155225679951E+03,60.453663113402,
    1.702638853983E+03));
#1448 = CARTESIAN_POINT('',(3.15589180476E+03,60.842180487461,
    1.702638853983E+03));
#1449 = CARTESIAN_POINT('',(3.157237077869E+03,61.60133216735,
    1.702638853983E+03));
#1450 = CARTESIAN_POINT('',(3.157916261153E+03,61.971905003809,
    1.702638853983E+03));
#1451 = CARTESIAN_POINT('',(3.158600704327E+03,62.332742248079,
    1.702638853983E+03));
#1452 = CARTESIAN_POINT('',(3.15997748548E+03,63.033597798698,
    1.702638853983E+03));
#1453 = CARTESIAN_POINT('',(3.16066979134E+03,63.373678827028,
    1.702638853983E+03));
#1454 = CARTESIAN_POINT('',(3.161366900546E+03,63.70385948519,
    1.702638853983E+03));
#1455 = CARTESIAN_POINT('',(3.162772545655E+03,64.345240291493,
    1.702638853983E+03));
#1456 = CARTESIAN_POINT('',(3.163481111067E+03,64.656376124696,
    1.702638853983E+03));
#1457 = CARTESIAN_POINT('',(3.164194075074E+03,64.957338858156,
    1.702638853983E+03));
#1458 = CARTESIAN_POINT('',(3.165626065699E+03,65.537800405357,
    1.702638853983E+03));
#1459 = CARTESIAN_POINT('',(3.166345065715E+03,65.817364673871,
    1.702638853983E+03));
#1460 = CARTESIAN_POINT('',(3.167067994469E+03,66.086632418118,
    1.702638853983E+03));
#1461 = CARTESIAN_POINT('',(3.168523590096E+03,66.605236686667,
    1.702638853983E+03));
#1462 = CARTESIAN_POINT('',(3.169256280774E+03,66.854506542457,
    1.702638853983E+03));
#1463 = CARTESIAN_POINT('',(3.169992472659E+03,67.093244150657,
    1.702638853983E+03));
#1464 = CARTESIAN_POINT('',(3.171469035355E+03,67.548776383438,
    1.702638853983E+03));
#1465 = CARTESIAN_POINT('',(3.172209385313E+03,67.765638687482,
    1.702638853983E+03));
#1466 = CARTESIAN_POINT('',(3.172952757069E+03,67.971887572248,
    1.702638853983E+03));
#1467 = CARTESIAN_POINT('',(3.174447471835E+03,68.363657182488,
    1.702638853983E+03));
#1468 = CARTESIAN_POINT('',(3.175198832769E+03,68.54910939439,
    1.702638853983E+03));
#1469 = CARTESIAN_POINT('',(3.175952768577E+03,68.723751238557,
    1.702638853983E+03));
#1470 = CARTESIAN_POINT('',(3.177462898981E+03,69.050782220417,
    1.702638853983E+03));
#1471 = CARTESIAN_POINT('',(3.178219078659E+03,69.203240736801,
    1.702638853983E+03));
#1472 = CARTESIAN_POINT('',(3.178977348058E+03,69.34485055054,
    1.702638853983E+03));
#1473 = CARTESIAN_POINT('',(3.180500026976E+03,69.606704746614,
    1.702638853983E+03));
#1474 = CARTESIAN_POINT('',(3.181264448396E+03,69.726879291813,
    1.702638853983E+03));
#1475 = CARTESIAN_POINT('',(3.182030496748E+03,69.836048438924,
    1.702638853983E+03));
#1476 = CARTESIAN_POINT('',(3.183562910859E+03,70.031995807465,
    1.702638853983E+03));
#1477 = CARTESIAN_POINT('',(3.184329267772E+03,70.118844568181,
    1.702638853983E+03));
#1478 = CARTESIAN_POINT('',(3.18509676455E+03,70.19469269529,
    1.702638853983E+03));
#1479 = CARTESIAN_POINT('',(3.186636017233E+03,70.324550616911,
    1.702638853983E+03));
#1480 = CARTESIAN_POINT('',(3.187407778925E+03,70.378489781521,
    1.702638853983E+03));
#1481 = CARTESIAN_POINT('',(3.188180205456E+03,70.421313045374,
    1.702638853983E+03));
#1482 = CARTESIAN_POINT('',(3.189723428591E+03,70.484602811796,
    1.702638853983E+03));
#1483 = CARTESIAN_POINT('',(3.19049422251E+03,70.505140466715,
    1.702638853983E+03));
#1484 = CARTESIAN_POINT('',(3.191265196112E+03,70.514610022923,
    1.702638853983E+03));
#1485 = CARTESIAN_POINT('',(3.192809486326E+03,70.511405742843,
    1.702638853983E+03));
#1486 = CARTESIAN_POINT('',(3.193582802564E+03,70.498661020198,
    1.702638853983E+03));
#1487 = CARTESIAN_POINT('',(3.194355814929E+03,70.474775222556,
    1.702638853983E+03));
#1488 = CARTESIAN_POINT('',(3.195898271718E+03,70.404853000261,
    1.702638853983E+03));
#1489 = CARTESIAN_POINT('',(3.196667719653E+03,70.358887788907,
    1.702638853983E+03));
#1490 = CARTESIAN_POINT('',(3.197436384272E+03,70.301871955501,
    1.702638853983E+03));
#1491 = CARTESIAN_POINT('',(3.198974120216E+03,70.165561884714,
    1.702638853983E+03));
#1492 = CARTESIAN_POINT('',(3.199743185008E+03,70.086197042475,
    1.702638853983E+03));
#1493 = CARTESIAN_POINT('',(3.200510978159E+03,69.99575143532,
    1.702638853983E+03));
#1494 = CARTESIAN_POINT('',(3.20204108296E+03,69.793085990449,
    1.702638853983E+03));
#1495 = CARTESIAN_POINT('',(3.202803404308E+03,69.680936874629,
    1.702638853983E+03));
#1496 = CARTESIAN_POINT('',(3.203563984024E+03,69.557839388449,
    1.702638853983E+03));
#1497 = CARTESIAN_POINT('',(3.205083608728E+03,69.289401973284,
    1.702638853983E+03));
#1498 = CARTESIAN_POINT('',(3.205842641071E+03,69.143992256616,
    1.702638853983E+03));
#1499 = CARTESIAN_POINT('',(3.206599442478E+03,68.987647077962,
    1.702638853983E+03));
#1500 = CARTESIAN_POINT('',(3.208105689598E+03,68.65372615721,
    1.702638853983E+03));
#1501 = CARTESIAN_POINT('',(3.208855151131E+03,68.476220097344,
    1.702638853983E+03));
#1502 = CARTESIAN_POINT('',(3.209601924853E+03,68.287951884551,
    1.702638853983E+03));
#1503 = CARTESIAN_POINT('',(3.211092006058E+03,67.889379581874,
    1.702638853983E+03));
#1504 = CARTESIAN_POINT('',(3.211835294875E+03,67.679007050941,
    1.702638853983E+03));
#1505 = CARTESIAN_POINT('',(3.212575409388E+03,67.457928217605,
    1.702638853983E+03));
#1506 = CARTESIAN_POINT('',(3.214046462459E+03,66.995246670329,
    1.702638853983E+03));
#1507 = CARTESIAN_POINT('',(3.21477742285E+03,66.753712059062,
    1.702638853983E+03));
#1508 = CARTESIAN_POINT('',(3.215504768729E+03,66.501684031354,
    1.702638853983E+03));
#1509 = CARTESIAN_POINT('',(3.216954087608E+03,65.975967609408,
    1.702638853983E+03));
#1510 = CARTESIAN_POINT('',(3.217676036063E+03,65.702212640101,
    1.702638853983E+03));
#1511 = CARTESIAN_POINT('',(3.218393890086E+03,65.418062611427,
    1.702638853983E+03));
#1512 = CARTESIAN_POINT('',(3.219818669973E+03,64.830102884069,
    1.702638853983E+03));
#1513 = CARTESIAN_POINT('',(3.220525623525E+03,64.526359181169,
    1.702638853983E+03));
#1514 = CARTESIAN_POINT('',(3.221228062526E+03,64.212471243475,
    1.702638853983E+03));
#1515 = CARTESIAN_POINT('',(3.222625700616E+03,63.563576516688,
    1.702638853983E+03));
#1516 = CARTESIAN_POINT('',(3.223320869462E+03,63.228505523869,
    1.702638853983E+03));
#1517 = CARTESIAN_POINT('',(3.224011054118E+03,62.883430400758,
    1.702638853983E+03));
#1518 = CARTESIAN_POINT('',(3.225378824704E+03,62.174635542159,
    1.702638853983E+03));
#1519 = CARTESIAN_POINT('',(3.226056443971E+03,61.810979184906,
    1.702638853983E+03));
#1520 = CARTESIAN_POINT('',(3.226728682276E+03,61.437605533719,
    1.702638853983E+03));
#1521 = CARTESIAN_POINT('',(3.228064105953E+03,60.670442700093,
    1.702638853983E+03));
#1522 = CARTESIAN_POINT('',(3.228727255613E+03,60.276592172899,
    1.702638853983E+03));
#1523 = CARTESIAN_POINT('',(3.229384568576E+03,59.873205126605,
    1.702638853983E+03));
#1524 = CARTESIAN_POINT('',(3.230685019768E+03,59.048944502923,
    1.702638853983E+03));
#1525 = CARTESIAN_POINT('',(3.231328196733E+03,58.628131196201,
    1.702638853983E+03));
#1526 = CARTESIAN_POINT('',(3.231965166651E+03,58.198102017698,
    1.702638853983E+03));
#1527 = CARTESIAN_POINT('',(3.233228308516E+03,57.318487827433,
    1.702638853983E+03));
#1528 = CARTESIAN_POINT('',(3.233854439546E+03,56.868844796142,
    1.702638853983E+03));
#1529 = CARTESIAN_POINT('',(3.23447392521E+03,56.410205951323,
    1.702638853983E+03));
#1530 = CARTESIAN_POINT('',(3.235697252521E+03,55.476733929144,
    1.702638853983E+03));
#1531 = CARTESIAN_POINT('',(3.236301138013E+03,55.001957449299,
    1.702638853983E+03));
#1532 = CARTESIAN_POINT('',(3.236898037071E+03,54.518537156204,
    1.702638853983E+03));
#1533 = CARTESIAN_POINT('',(3.237487764721E+03,54.02662825845,
    1.702638853983E+03));
#1534 = PCURVE('',#125,#1535);
#1535 = DEFINITIONAL_REPRESENTATION('',(#1536),#1635);
#1536 = B_SPLINE_CURVE_WITH_KNOTS('',4,(#1537,#1538,#1539,#1540,#1541,
    #1542,#1543,#1544,#1545,#1546,#1547,#1548,#1549,#1550,#1551,#1552,
    #1553,#1554,#1555,#1556,#1557,#1558,#1559,#1560,#1561,#1562,#1563,
    #1564,#1565,#1566,#1567,#1568,#1569,#1570,#1571,#1572,#1573,#1574,
    #1575,#1576,#1577,#1578,#1579,#1580,#1581,#1582,#1583,#1584,#1585,
    #1586,#1587,#1588,#1589,#1590,#1591,#1592,#1593,#1594,#1595,#1596,
    #1597,#1598,#1599,#1600,#1601,#1602,#1603,#1604,#1605,#1606,#1607,
    #1608,#1609,#1610,#1611,#1612,#1613,#1614,#1615,#1616,#1617,#1618,
    #1619,#1620,#1621,#1622,#1623,#1624,#1625,#1626,#1627,#1628,#1629,
    #1630,#1631,#1632,#1633,#1634),.UNSPECIFIED.,.F.,.F.,(5,3,3,3,3,3,3,
    3,3,3,3,3,3,3,3,3,3,3,3,3,3,3,3,3,3,3,3,3,3,3,3,3,5),(0.,
    3.130031580317E-02,6.250109636413E-02,9.380227219002E-02,
    0.125003766395,0.156305523389,0.187507471239,0.218809565406,
    0.250011739408,0.281313957327,0.312516158615,0.343818313898,
    0.375020369017,0.406322299351,0.437524057542,0.468825622175,
    0.500026953053,0.531328030624,0.562528822163,0.593829308822,
    0.625029465598,0.656329273354,0.687528715013,0.718827770295,
    0.750026430207,0.781324672603,0.812522496682,0.843819877824,
    0.875016823476,0.906313306026,0.937509341173,0.968804897869,1.),
  .UNSPECIFIED.);
#1537 = CARTESIAN_POINT('',(-45.97395331855,54.262142330012));
#1538 = CARTESIAN_POINT('',(-45.37533175488,54.75096603191));
#1539 = CARTESIAN_POINT('',(-44.76968120769,55.231309487823));
#1540 = CARTESIAN_POINT('',(-44.15718392505,55.703013891887));
#1541 = CARTESIAN_POINT('',(-42.92084329705,56.627371698391));
#1542 = CARTESIAN_POINT('',(-42.29704221287,57.080080922468));
#1543 = CARTESIAN_POINT('',(-41.66681334656,57.523907523091));
#1544 = CARTESIAN_POINT('',(-40.39184003412,58.394913710827));
#1545 = CARTESIAN_POINT('',(-39.7470553925,58.822035146259));
#1546 = CARTESIAN_POINT('',(-39.09619259359,59.23993360652));
#1547 = CARTESIAN_POINT('',(-37.78480624556,60.055717838845));
#1548 = CARTESIAN_POINT('',(-37.12432004895,60.453663113402));
#1549 = CARTESIAN_POINT('',(-36.45819523956,60.842180487461));
#1550 = CARTESIAN_POINT('',(-35.11292213126,61.60133216735));
#1551 = CARTESIAN_POINT('',(-34.43373884675,61.971905003809));
#1552 = CARTESIAN_POINT('',(-33.74929567279,62.332742248079));
#1553 = CARTESIAN_POINT('',(-32.37251452039,63.033597798698));
#1554 = CARTESIAN_POINT('',(-31.68020865982,63.373678827028));
#1555 = CARTESIAN_POINT('',(-30.98309945394,63.70385948519));
#1556 = CARTESIAN_POINT('',(-29.57745434513,64.345240291493));
#1557 = CARTESIAN_POINT('',(-28.86888893336,64.656376124696));
#1558 = CARTESIAN_POINT('',(-28.15592492642,64.957338858156));
#1559 = CARTESIAN_POINT('',(-26.72393430122,65.537800405357));
#1560 = CARTESIAN_POINT('',(-26.00493428543,65.817364673871));
#1561 = CARTESIAN_POINT('',(-25.2820055309,66.086632418118));
#1562 = CARTESIAN_POINT('',(-23.82640990438,66.605236686667));
#1563 = CARTESIAN_POINT('',(-23.09371922562,66.854506542457));
#1564 = CARTESIAN_POINT('',(-22.35752734142,67.093244150657));
#1565 = CARTESIAN_POINT('',(-20.88096464542,67.548776383438));
#1566 = CARTESIAN_POINT('',(-20.14061468666,67.765638687482));
#1567 = CARTESIAN_POINT('',(-19.39724293145,67.971887572248));
#1568 = CARTESIAN_POINT('',(-17.90252816516,68.363657182488));
#1569 = CARTESIAN_POINT('',(-17.15116723149,68.54910939439));
#1570 = CARTESIAN_POINT('',(-16.3972314233,68.723751238557));
#1571 = CARTESIAN_POINT('',(-14.88710101924,69.050782220417));
#1572 = CARTESIAN_POINT('',(-14.13092134098,69.203240736801));
#1573 = CARTESIAN_POINT('',(-13.37265194202,69.34485055054));
#1574 = CARTESIAN_POINT('',(-11.84997302414,69.606704746614));
#1575 = CARTESIAN_POINT('',(-11.08555160439,69.726879291813));
#1576 = CARTESIAN_POINT('',(-10.31950325156,69.836048438924));
#1577 = CARTESIAN_POINT('',(-8.78708914067,70.031995807465));
#1578 = CARTESIAN_POINT('',(-8.020732227697,70.118844568181));
#1579 = CARTESIAN_POINT('',(-7.253235449909,70.19469269529));
#1580 = CARTESIAN_POINT('',(-5.71398276699,70.324550616911));
#1581 = CARTESIAN_POINT('',(-4.942221074909,70.378489781521));
#1582 = CARTESIAN_POINT('',(-4.169794543686,70.421313045374));
#1583 = CARTESIAN_POINT('',(-2.626571408681,70.484602811796));
#1584 = CARTESIAN_POINT('',(-1.85577749004,70.505140466715));
#1585 = CARTESIAN_POINT('',(-1.084803887602,70.514610022923));
#1586 = CARTESIAN_POINT('',(0.459486325679,70.511405742843));
#1587 = CARTESIAN_POINT('',(1.232802563602,70.498661020198));
#1588 = CARTESIAN_POINT('',(2.005814929119,70.474775222556));
#1589 = CARTESIAN_POINT('',(3.548271717725,70.404853000261));
#1590 = CARTESIAN_POINT('',(4.317719653168,70.358887788907));
#1591 = CARTESIAN_POINT('',(5.086384271991,70.301871955501));
#1592 = CARTESIAN_POINT('',(6.624120215503,70.165561884714));
#1593 = CARTESIAN_POINT('',(7.393185007877,70.086197042475));
#1594 = CARTESIAN_POINT('',(8.160978158618,69.99575143532));
#1595 = CARTESIAN_POINT('',(9.691082960034,69.793085990449));
#1596 = CARTESIAN_POINT('',(10.453404308209,69.680936874629));
#1597 = CARTESIAN_POINT('',(11.213984024485,69.557839388449));
#1598 = CARTESIAN_POINT('',(12.733608728421,69.289401973284));
#1599 = CARTESIAN_POINT('',(13.492641071334,69.143992256616));
#1600 = CARTESIAN_POINT('',(14.249442477966,68.987647077962));
#1601 = CARTESIAN_POINT('',(15.755689597529,68.65372615721));
#1602 = CARTESIAN_POINT('',(16.505151131214,68.476220097344));
#1603 = CARTESIAN_POINT('',(17.251924853465,68.287951884551));
#1604 = CARTESIAN_POINT('',(18.74200605761,67.889379581874));
#1605 = CARTESIAN_POINT('',(19.485294875445,67.679007050941));
#1606 = CARTESIAN_POINT('',(20.225409388133,67.457928217605));
#1607 = CARTESIAN_POINT('',(21.696462458721,66.995246670329));
#1608 = CARTESIAN_POINT('',(22.427422849927,66.753712059062));
#1609 = CARTESIAN_POINT('',(23.15476872922,66.501684031354));
#1610 = CARTESIAN_POINT('',(24.604087608031,65.975967609408));
#1611 = CARTESIAN_POINT('',(25.326036062785,65.702212640101));
#1612 = CARTESIAN_POINT('',(26.043890085534,65.418062611427));
#1613 = CARTESIAN_POINT('',(27.468669973006,64.830102884069));
#1614 = CARTESIAN_POINT('',(28.175623525152,64.526359181169));
#1615 = CARTESIAN_POINT('',(28.878062526193,64.212471243475));
#1616 = CARTESIAN_POINT('',(30.275700615741,63.563576516688));
#1617 = CARTESIAN_POINT('',(30.970869461897,63.228505523869));
#1618 = CARTESIAN_POINT('',(31.661054118065,62.883430400758));
#1619 = CARTESIAN_POINT('',(33.028824704143,62.174635542159));
#1620 = CARTESIAN_POINT('',(33.706443970821,61.810979184906));
#1621 = CARTESIAN_POINT('',(34.37868227551,61.437605533719));
#1622 = CARTESIAN_POINT('',(35.714105953386,60.670442700093));
#1623 = CARTESIAN_POINT('',(36.377255612914,60.276592172899));
#1624 = CARTESIAN_POINT('',(37.034568576301,59.873205126605));
#1625 = CARTESIAN_POINT('',(38.335019767902,59.048944502923));
#1626 = CARTESIAN_POINT('',(38.978196732916,58.628131196201));
#1627 = CARTESIAN_POINT('',(39.615166650767,58.198102017698));
#1628 = CARTESIAN_POINT('',(40.878308516112,57.318487827433));
#1629 = CARTESIAN_POINT('',(41.504439546411,56.868844796142));
#1630 = CARTESIAN_POINT('',(42.123925210363,56.410205951323));
#1631 = CARTESIAN_POINT('',(43.347252520892,55.476733929144));
#1632 = CARTESIAN_POINT('',(43.951138012605,55.001957449299));
#1633 = CARTESIAN_POINT('',(44.548037070775,54.518537156204));
#1634 = CARTESIAN_POINT('',(45.137764721158,54.02662825845));
#1635 = ( GEOMETRIC_REPRESENTATION_CONTEXT(2) 
PARAMETRIC_REPRESENTATION_CONTEXT() REPRESENTATION_CONTEXT('2D SPACE',''
  ) );
#1636 = PCURVE('',#519,#1637);
#1637 = DEFINITIONAL_REPRESENTATION('',(#1638),#1737);
#1638 = B_SPLINE_CURVE_WITH_KNOTS('',4,(#1639,#1640,#1641,#1642,#1643,
    #1644,#1645,#1646,#1647,#1648,#1649,#1650,#1651,#1652,#1653,#1654,
    #1655,#1656,#1657,#1658,#1659,#1660,#1661,#1662,#1663,#1664,#1665,
    #1666,#1667,#1668,#1669,#1670,#1671,#1672,#1673,#1674,#1675,#1676,
    #1677,#1678,#1679,#1680,#1681,#1682,#1683,#1684,#1685,#1686,#1687,
    #1688,#1689,#1690,#1691,#1692,#1693,#1694,#1695,#1696,#1697,#1698,
    #1699,#1700,#1701,#1702,#1703,#1704,#1705,#1706,#1707,#1708,#1709,
    #1710,#1711,#1712,#1713,#1714,#1715,#1716,#1717,#1718,#1719,#1720,
    #1721,#1722,#1723,#1724,#1725,#1726,#1727,#1728,#1729,#1730,#1731,
    #1732,#1733,#1734,#1735,#1736),.UNSPECIFIED.,.F.,.F.,(5,3,3,3,3,3,3,
    3,3,3,3,3,3,3,3,3,3,3,3,3,3,3,3,3,3,3,3,3,3,3,3,3,5),(0.,
    3.130031580317E-02,6.250109636413E-02,9.380227219002E-02,
    0.125003766395,0.156305523389,0.187507471239,0.218809565406,
    0.250011739408,0.281313957327,0.312516158615,0.343818313898,
    0.375020369017,0.406322299351,0.437524057542,0.468825622175,
    0.500026953053,0.531328030624,0.562528822163,0.593829308822,
    0.625029465598,0.656329273354,0.687528715013,0.718827770295,
    0.750026430207,0.781324672603,0.812522496682,0.843819877824,
    0.875016823476,0.906313306026,0.937509341173,0.968804897869,1.),
  .UNSPECIFIED.);
#1639 = CARTESIAN_POINT('',(417.95,0.99666733455));
#1640 = CARTESIAN_POINT('',(414.6795140689,0.996682170552));
#1641 = CARTESIAN_POINT('',(411.40904720105,0.996696830347));
#1642 = CARTESIAN_POINT('',(408.13859795908,0.996711318648));
#1643 = CARTESIAN_POINT('',(401.6081320426,0.9967399155));
#1644 = CARTESIAN_POINT('',(398.34811526261,0.996754025113));
#1645 = CARTESIAN_POINT('',(395.08811332967,0.996767973032));
#1646 = CARTESIAN_POINT('',(388.55764695226,0.996795597971));
#1647 = CARTESIAN_POINT('',(385.28718259337,0.996809273975));
#1648 = CARTESIAN_POINT('',(382.01673066742,0.996822795424));
#1649 = CARTESIAN_POINT('',(375.48626436711,0.996849494283));
#1650 = CARTESIAN_POINT('',(372.22624991916,0.996862672652));
#1651 = CARTESIAN_POINT('',(368.96624549282,0.99687570504));
#1652 = CARTESIAN_POINT('',(362.43577884745,0.996901526362));
#1653 = CARTESIAN_POINT('',(359.16531668387,0.99691431438));
#1654 = CARTESIAN_POINT('',(355.89486241058,0.996926962622));
#1655 = CARTESIAN_POINT('',(349.36439577578,0.996951946359));
#1656 = CARTESIAN_POINT('',(346.10438336859,0.996964282723));
#1657 = CARTESIAN_POINT('',(342.84437676065,0.996976486847));
#1658 = CARTESIAN_POINT('',(336.31390988079,0.99700067559));
#1659 = CARTESIAN_POINT('',(333.04344963802,0.997012659379));
#1660 = CARTESIAN_POINT('',(329.77299331062,0.997024516346));
#1661 = CARTESIAN_POINT('',(323.24252638195,0.997047945074));
#1662 = CARTESIAN_POINT('',(319.98251575953,0.997059517624));
#1663 = CARTESIAN_POINT('',(316.7225072428,0.997070970003));
#1664 = CARTESIAN_POINT('',(310.1920401556,0.997093676242));
#1665 = CARTESIAN_POINT('',(306.92158159138,0.997104929348));
#1666 = CARTESIAN_POINT('',(303.65112346758,0.997116067034));
#1667 = CARTESIAN_POINT('',(297.12065627896,0.997138081537));
#1668 = CARTESIAN_POINT('',(293.86064721442,0.997148959074));
#1669 = CARTESIAN_POINT('',(290.60063702973,0.997159727085));
#1670 = CARTESIAN_POINT('',(284.0701697576,0.997181083051));
#1671 = CARTESIAN_POINT('',(280.79971265639,0.997191670318));
#1672 = CARTESIAN_POINT('',(277.52925296462,0.997202152239));
#1673 = CARTESIAN_POINT('',(270.99878554475,0.997222876807));
#1674 = CARTESIAN_POINT('',(267.7387778357,0.997233120112));
#1675 = CARTESIAN_POINT('',(264.47876619721,0.997243263313));
#1676 = CARTESIAN_POINT('',(257.94829875891,0.997263385964));
#1677 = CARTESIAN_POINT('',(254.67784292796,0.997273364785));
#1678 = CARTESIAN_POINT('',(251.40738187193,0.997283247196));
#1679 = CARTESIAN_POINT('',(244.8769142455,0.99730279197));
#1680 = CARTESIAN_POINT('',(241.61690771041,0.997312454936));
#1681 = CARTESIAN_POINT('',(238.35689480971,0.997322026171));
#1682 = CARTESIAN_POINT('',(231.82642722121,0.997341019338));
#1683 = CARTESIAN_POINT('',(228.55597248727,0.997350440695));
#1684 = CARTESIAN_POINT('',(225.28551024968,0.997359773594));
#1685 = CARTESIAN_POINT('',(218.75504243816,0.997378236523));
#1686 = CARTESIAN_POINT('',(215.49503691359,0.997387367107));
#1687 = CARTESIAN_POINT('',(212.23502292285,0.997396413424));
#1688 = CARTESIAN_POINT('',(205.70455519793,0.997414369602));
#1689 = CARTESIAN_POINT('',(202.43410140471,0.997423278935));
#1690 = CARTESIAN_POINT('',(199.16363815009,0.997432106913));
#1691 = CARTESIAN_POINT('',(192.63317017228,0.997449575396));
#1692 = CARTESIAN_POINT('',(189.37316551055,0.997458216412));
#1693 = CARTESIAN_POINT('',(186.11315058505,0.997466779837));
#1694 = CARTESIAN_POINT('',(179.58268273566,0.997483781692));
#1695 = CARTESIAN_POINT('',(176.31222974171,0.997492219635));
#1696 = CARTESIAN_POINT('',(173.04176561869,0.997500582583));
#1697 = CARTESIAN_POINT('',(166.51129749112,0.997517134853));
#1698 = CARTESIAN_POINT('',(163.25129355832,0.997525324646));
#1699 = CARTESIAN_POINT('',(159.99127783864,0.997533442836));
#1700 = CARTESIAN_POINT('',(153.46080987511,0.997549564474));
#1701 = CARTESIAN_POINT('',(150.19035755192,0.997557567472));
#1702 = CARTESIAN_POINT('',(146.91989269528,0.997565501189));
#1703 = CARTESIAN_POINT('',(140.38942443251,0.997581207482));
#1704 = CARTESIAN_POINT('',(137.12942110676,0.997588980494));
#1705 = CARTESIAN_POINT('',(133.86940472058,0.99759668729));
#1706 = CARTESIAN_POINT('',(127.33893665189,0.997611995337));
#1707 = CARTESIAN_POINT('',(124.06848488227,0.997619596172));
#1708 = CARTESIAN_POINT('',(120.79801941469,0.997627132875));
#1709 = CARTESIAN_POINT('',(114.26755102955,0.997642056428));
#1710 = CARTESIAN_POINT('',(111.00754819952,0.997649443682));
#1711 = CARTESIAN_POINT('',(107.74753126328,0.997656769581));
#1712 = CARTESIAN_POINT('',(101.21706309722,0.997671324106));
#1713 = CARTESIAN_POINT('',(97.946611773996,0.997678552348));
#1714 = CARTESIAN_POINT('',(94.676145807514,0.997685721108));
#1715 = CARTESIAN_POINT('',(88.145677311457,0.997699919009));
#1716 = CARTESIAN_POINT('',(84.88567487517,0.997706948525));
#1717 = CARTESIAN_POINT('',(81.625657495388,0.997713921081));
#1718 = CARTESIAN_POINT('',(75.095189238934,0.997727776383));
#1719 = CARTESIAN_POINT('',(71.824738263839,0.997734658771));
#1720 = CARTESIAN_POINT('',(68.554271901099,0.997741485888));
#1721 = CARTESIAN_POINT('',(62.023803304593,0.997755009805));
#1722 = CARTESIAN_POINT('',(58.763801168609,0.997761706953));
#1723 = CARTESIAN_POINT('',(55.503783442925,0.997768351126));
#1724 = CARTESIAN_POINT('',(48.973315102628,0.997781556408));
#1725 = CARTESIAN_POINT('',(45.702864385767,0.997788117184));
#1726 = CARTESIAN_POINT('',(42.432397720815,0.997794626511));
#1727 = CARTESIAN_POINT('',(35.90192903382,0.997807523321));
#1728 = CARTESIAN_POINT('',(32.641927112898,0.997813911127));
#1729 = CARTESIAN_POINT('',(29.381909130641,0.997820249582));
#1730 = CARTESIAN_POINT('',(22.851440713112,0.997832849537));
#1731 = CARTESIAN_POINT('',(19.58099017285,0.997839110727));
#1732 = CARTESIAN_POINT('',(16.310523291485,0.997845323947));
#1733 = CARTESIAN_POINT('',(9.780054523932,0.997857636278));
#1734 = CARTESIAN_POINT('',(6.520052741144,0.997863735691));
#1735 = CARTESIAN_POINT('',(3.260034583424,0.997869789051));
#1736 = CARTESIAN_POINT('',(0.,0.997875797126));
#1737 = ( GEOMETRIC_REPRESENTATION_CONTEXT(2) 
PARAMETRIC_REPRESENTATION_CONTEXT() REPRESENTATION_CONTEXT('2D SPACE',''
  ) );
#1738 = ORIENTED_EDGE('',*,*,#1739,.T.);
#1739 = EDGE_CURVE('',#1432,#746,#1740,.T.);
#1740 = SURFACE_CURVE('',#1741,(#1760,#1782),.PCURVE_S1.);
#1741 = B_SPLINE_CURVE_WITH_KNOTS('',5,(#1742,#1743,#1744,#1745,#1746,
    #1747,#1748,#1749,#1750,#1751,#1752,#1753,#1754,#1755,#1756,#1757,
    #1758,#1759),.UNSPECIFIED.,.F.,.F.,(6,4,4,4,6),(0.,0.249980792512,
    0.499977781265,0.749986012125,1.),.UNSPECIFIED.);
#1742 = CARTESIAN_POINT('',(3.237487764721E+03,54.02662825845,
    1.702638853983E+03));
#1743 = CARTESIAN_POINT('',(3.239819282564E+03,52.039554185799,
    1.702638853983E+03));
#1744 = CARTESIAN_POINT('',(3.24204394367E+03,49.925508332268,
    1.702638853983E+03));
#1745 = CARTESIAN_POINT('',(3.244152530973E+03,47.692258299882,
    1.702638853983E+03));
#1746 = CARTESIAN_POINT('',(3.246136684083E+03,45.348571879522,
    1.702638853983E+03));
#1747 = CARTESIAN_POINT('',(3.24984160528E+03,40.459314533688,
    1.702638853983E+03));
#1748 = CARTESIAN_POINT('',(3.251562357785E+03,37.913728554316,
    1.702638853983E+03));
#1749 = CARTESIAN_POINT('',(3.253144020401E+03,35.276838124575,
    1.702638853983E+03));
#1750 = CARTESIAN_POINT('',(3.254580323882E+03,32.559008782076,
    1.702638853983E+03));
#1751 = CARTESIAN_POINT('',(3.257152113072E+03,26.983201493474,
    1.702638853983E+03));
#1752 = CARTESIAN_POINT('',(3.25828758629E+03,24.125214995003,
    1.702638853983E+03));
#1753 = CARTESIAN_POINT('',(3.259267527626E+03,21.208136064515,
    1.702638853983E+03));
#1754 = CARTESIAN_POINT('',(3.260088053491E+03,18.243438639974,
    1.702638853983E+03));
#1755 = CARTESIAN_POINT('',(3.261405089635E+03,12.242269690409,
    1.702638853983E+03));
#1756 = CARTESIAN_POINT('',(3.261901592994E+03,9.205794091868,
    1.702638853983E+03));
#1757 = CARTESIAN_POINT('',(3.262233471495E+03,6.145228170356,
    1.702638853983E+03));
#1758 = CARTESIAN_POINT('',(3.262399410288E+03,3.072613487317,
    1.702638853983E+03));
#1759 = CARTESIAN_POINT('',(3.262399410288E+03,1.415048123836E-14,
    1.702638853983E+03));
#1760 = PCURVE('',#125,#1761);
#1761 = DEFINITIONAL_REPRESENTATION('',(#1762),#1781);
#1762 = B_SPLINE_CURVE_WITH_KNOTS('',5,(#1763,#1764,#1765,#1766,#1767,
    #1768,#1769,#1770,#1771,#1772,#1773,#1774,#1775,#1776,#1777,#1778,
    #1779,#1780),.UNSPECIFIED.,.F.,.F.,(6,4,4,4,6),(0.,0.249980792512,
    0.499977781265,0.749986012125,1.),.UNSPECIFIED.);
#1763 = CARTESIAN_POINT('',(45.137764721158,54.02662825845));
#1764 = CARTESIAN_POINT('',(47.469282564071,52.039554185799));
#1765 = CARTESIAN_POINT('',(49.693943670355,49.925508332268));
#1766 = CARTESIAN_POINT('',(51.802530973448,47.692258299882));
#1767 = CARTESIAN_POINT('',(53.786684083238,45.348571879522));
#1768 = CARTESIAN_POINT('',(57.49160528008,40.459314533688));
#1769 = CARTESIAN_POINT('',(59.212357784522,37.913728554316));
#1770 = CARTESIAN_POINT('',(60.794020400623,35.276838124575));
#1771 = CARTESIAN_POINT('',(62.230323882328,32.559008782076));
#1772 = CARTESIAN_POINT('',(64.802113072466,26.983201493474));
#1773 = CARTESIAN_POINT('',(65.93758629047,24.125214995003));
#1774 = CARTESIAN_POINT('',(66.917527625638,21.208136064515));
#1775 = CARTESIAN_POINT('',(67.738053491088,18.243438639974));
#1776 = CARTESIAN_POINT('',(69.055089635266,12.242269690409));
#1777 = CARTESIAN_POINT('',(69.551592993607,9.205794091868));
#1778 = CARTESIAN_POINT('',(69.883471495433,6.145228170356));
#1779 = CARTESIAN_POINT('',(70.049410288234,3.072613487317));
#1780 = CARTESIAN_POINT('',(70.049410288233,1.415048123836E-14));
#1781 = ( GEOMETRIC_REPRESENTATION_CONTEXT(2) 
PARAMETRIC_REPRESENTATION_CONTEXT() REPRESENTATION_CONTEXT('2D SPACE',''
  ) );
#1782 = PCURVE('',#457,#1783);
#1783 = DEFINITIONAL_REPRESENTATION('',(#1784),#1803);
#1784 = B_SPLINE_CURVE_WITH_KNOTS('',5,(#1785,#1786,#1787,#1788,#1789,
    #1790,#1791,#1792,#1793,#1794,#1795,#1796,#1797,#1798,#1799,#1800,
    #1801,#1802),.UNSPECIFIED.,.F.,.F.,(6,4,4,4,6),(0.,0.249980792512,
    0.499977781265,0.749986012125,1.),.UNSPECIFIED.);
#1785 = CARTESIAN_POINT('',(497.,0.997875797126));
#1786 = CARTESIAN_POINT('',(484.57452547435,0.997875797126));
#1787 = CARTESIAN_POINT('',(472.14930031834,0.997875797126));
#1788 = CARTESIAN_POINT('',(459.72432334188,0.997875797126));
#1789 = CARTESIAN_POINT('',(447.29955817556,0.997875797126));
#1790 = CARTESIAN_POINT('',(422.44963683807,0.997875797126));
#1791 = CARTESIAN_POINT('',(410.02447077594,0.997875797126));
#1792 = CARTESIAN_POINT('',(397.59949696911,0.997875797126));
#1793 = CARTESIAN_POINT('',(385.17467589066,0.997875797126));
#1794 = CARTESIAN_POINT('',(360.32476538448,0.997875797126));
#1795 = CARTESIAN_POINT('',(347.89966605481,0.997875797126));
#1796 = CARTESIAN_POINT('',(335.47469445265,0.997875797126));
#1797 = CARTESIAN_POINT('',(323.04980884341,0.997875797126));
#1798 = CARTESIAN_POINT('',(298.19990504676,0.997875797126));
#1799 = CARTESIAN_POINT('',(285.77487695581,0.997875797126));
#1800 = CARTESIAN_POINT('',(273.34990649112,0.997875797126));
#1801 = CARTESIAN_POINT('',(260.92495076204,0.997875797126));
#1802 = CARTESIAN_POINT('',(248.5,0.997875797126));
#1803 = ( GEOMETRIC_REPRESENTATION_CONTEXT(2) 
PARAMETRIC_REPRESENTATION_CONTEXT() REPRESENTATION_CONTEXT('2D SPACE',''
  ) );
#1804 = ADVANCED_FACE('',(#1805),#150,.T.);
#1805 = FACE_BOUND('',#1806,.T.);
#1806 = EDGE_LOOP('',(#1807,#1808,#1809,#1810));
#1807 = ORIENTED_EDGE('',*,*,#182,.T.);
#1808 = ORIENTED_EDGE('',*,*,#137,.T.);
#1809 = ORIENTED_EDGE('',*,*,#722,.F.);
#1810 = ORIENTED_EDGE('',*,*,#1811,.F.);
#1811 = EDGE_CURVE('',#183,#700,#1812,.T.);
#1812 = SURFACE_CURVE('',#1813,(#1816,#1823),.PCURVE_S1.);
#1813 = B_SPLINE_CURVE_WITH_KNOTS('',1,(#1814,#1815),.UNSPECIFIED.,.F.,
  .F.,(2,2),(0.,1.),.PIECEWISE_BEZIER_KNOTS.);
#1814 = CARTESIAN_POINT('',(2.879661824571E+03,250.,1.405104170594E+03)
  );
#1815 = CARTESIAN_POINT('',(3.146268661236E+03,54.734931421624,
    1.702638853983E+03));
#1816 = PCURVE('',#150,#1817);
#1817 = DEFINITIONAL_REPRESENTATION('',(#1818),#1822);
#1818 = LINE('',#1819,#1820);
#1819 = CARTESIAN_POINT('',(0.,0.));
#1820 = VECTOR('',#1821,1.);
#1821 = DIRECTION('',(0.,1.));
#1822 = ( GEOMETRIC_REPRESENTATION_CONTEXT(2) 
PARAMETRIC_REPRESENTATION_CONTEXT() REPRESENTATION_CONTEXT('2D SPACE',''
  ) );
#1823 = PCURVE('',#221,#1824);
#1824 = DEFINITIONAL_REPRESENTATION('',(#1825),#1829);
#1825 = LINE('',#1826,#1827);
#1826 = CARTESIAN_POINT('',(420.95,0.));
#1827 = VECTOR('',#1828,1.);
#1828 = DIRECTION('',(0.,1.));
#1829 = ( GEOMETRIC_REPRESENTATION_CONTEXT(2) 
PARAMETRIC_REPRESENTATION_CONTEXT() REPRESENTATION_CONTEXT('2D SPACE',''
  ) );
#1830 = ADVANCED_FACE('',(#1831),#221,.T.);
#1831 = FACE_BOUND('',#1832,.T.);
#1832 = EDGE_LOOP('',(#1833,#1834,#1835,#1836));
#1833 = ORIENTED_EDGE('',*,*,#205,.T.);
#1834 = ORIENTED_EDGE('',*,*,#1811,.T.);
#1835 = ORIENTED_EDGE('',*,*,#699,.F.);
#1836 = ORIENTED_EDGE('',*,*,#1837,.F.);
#1837 = EDGE_CURVE('',#206,#677,#1838,.T.);
#1838 = SURFACE_CURVE('',#1839,(#1842,#1849),.PCURVE_S1.);
#1839 = B_SPLINE_CURVE_WITH_KNOTS('',1,(#1840,#1841),.UNSPECIFIED.,.F.,
  .F.,(2,2),(0.,1.),.PIECEWISE_BEZIER_KNOTS.);
#1840 = CARTESIAN_POINT('',(3.2639E+03,250.,1.233174164363E+03));
#1841 = CARTESIAN_POINT('',(3.238431338764E+03,54.734931421624,
    1.702638853983E+03));
#1842 = PCURVE('',#221,#1843);
#1843 = DEFINITIONAL_REPRESENTATION('',(#1844),#1848);
#1844 = LINE('',#1845,#1846);
#1845 = CARTESIAN_POINT('',(0.,0.));
#1846 = VECTOR('',#1847,1.);
#1847 = DIRECTION('',(0.,1.));
#1848 = ( GEOMETRIC_REPRESENTATION_CONTEXT(2) 
PARAMETRIC_REPRESENTATION_CONTEXT() REPRESENTATION_CONTEXT('2D SPACE',''
  ) );
#1849 = PCURVE('',#263,#1850);
#1850 = DEFINITIONAL_REPRESENTATION('',(#1851),#1855);
#1851 = LINE('',#1852,#1853);
#1852 = CARTESIAN_POINT('',(500.,0.));
#1853 = VECTOR('',#1854,1.);
#1854 = DIRECTION('',(0.,1.));
#1855 = ( GEOMETRIC_REPRESENTATION_CONTEXT(2) 
PARAMETRIC_REPRESENTATION_CONTEXT() REPRESENTATION_CONTEXT('2D SPACE',''
  ) );
#1856 = ADVANCED_FACE('',(#1857),#263,.T.);
#1857 = FACE_BOUND('',#1858,.T.);
#1858 = EDGE_LOOP('',(#1859,#1860,#1861,#1862));
#1859 = ORIENTED_EDGE('',*,*,#247,.T.);
#1860 = ORIENTED_EDGE('',*,*,#1837,.T.);
#1861 = ORIENTED_EDGE('',*,*,#676,.F.);
#1862 = ORIENTED_EDGE('',*,*,#627,.F.);
#1863 = ADVANCED_FACE('',(#1864),#346,.F.);
#1864 = FACE_BOUND('',#1865,.F.);
#1865 = EDGE_LOOP('',(#1866,#1886,#1887,#1907));
#1866 = ORIENTED_EDGE('',*,*,#1867,.F.);
#1867 = EDGE_CURVE('',#313,#816,#1868,.T.);
#1868 = SURFACE_CURVE('',#1869,(#1872,#1879),.PCURVE_S1.);
#1869 = B_SPLINE_CURVE_WITH_KNOTS('',1,(#1870,#1871),.UNSPECIFIED.,.F.,
  .F.,(2,2),(0.,1.),.PIECEWISE_BEZIER_KNOTS.);
#1870 = CARTESIAN_POINT('',(2.880622573488E+03,-248.5,1.403578732455E+03
    ));
#1871 = CARTESIAN_POINT('',(3.147264675603E+03,-53.61264798527,
    1.703638853983E+03));
#1872 = PCURVE('',#346,#1873);
#1873 = DEFINITIONAL_REPRESENTATION('',(#1874),#1878);
#1874 = LINE('',#1875,#1876);
#1875 = CARTESIAN_POINT('',(0.,0.));
#1876 = VECTOR('',#1877,1.);
#1877 = DIRECTION('',(0.,1.));
#1878 = ( GEOMETRIC_REPRESENTATION_CONTEXT(2) 
PARAMETRIC_REPRESENTATION_CONTEXT() REPRESENTATION_CONTEXT('2D SPACE',''
  ) );
#1879 = PCURVE('',#586,#1880);
#1880 = DEFINITIONAL_REPRESENTATION('',(#1881),#1885);
#1881 = LINE('',#1882,#1883);
#1882 = CARTESIAN_POINT('',(497.,0.));
#1883 = VECTOR('',#1884,1.);
#1884 = DIRECTION('',(0.,1.));
#1885 = ( GEOMETRIC_REPRESENTATION_CONTEXT(2) 
PARAMETRIC_REPRESENTATION_CONTEXT() REPRESENTATION_CONTEXT('2D SPACE',''
  ) );
#1886 = ORIENTED_EDGE('',*,*,#310,.F.);
#1887 = ORIENTED_EDGE('',*,*,#1888,.T.);
#1888 = EDGE_CURVE('',#311,#748,#1889,.T.);
#1889 = SURFACE_CURVE('',#1890,(#1893,#1900),.PCURVE_S1.);
#1890 = B_SPLINE_CURVE_WITH_KNOTS('',1,(#1891,#1892),.UNSPECIFIED.,.F.,
  .F.,(2,2),(0.,1.),.PIECEWISE_BEZIER_KNOTS.);
#1891 = CARTESIAN_POINT('',(3.262122384441E+03,-248.5,1.232874026185E+03
    ));
#1892 = CARTESIAN_POINT('',(3.237435324397E+03,-53.61264798527,
    1.703638853983E+03));
#1893 = PCURVE('',#346,#1894);
#1894 = DEFINITIONAL_REPRESENTATION('',(#1895),#1899);
#1895 = LINE('',#1896,#1897);
#1896 = CARTESIAN_POINT('',(417.95,0.));
#1897 = VECTOR('',#1898,1.);
#1898 = DIRECTION('',(0.,1.));
#1899 = ( GEOMETRIC_REPRESENTATION_CONTEXT(2) 
PARAMETRIC_REPRESENTATION_CONTEXT() REPRESENTATION_CONTEXT('2D SPACE',''
  ) );
#1900 = PCURVE('',#405,#1901);
#1901 = DEFINITIONAL_REPRESENTATION('',(#1902),#1906);
#1902 = LINE('',#1903,#1904);
#1903 = CARTESIAN_POINT('',(0.,0.));
#1904 = VECTOR('',#1905,1.);
#1905 = DIRECTION('',(0.,1.));
#1906 = ( GEOMETRIC_REPRESENTATION_CONTEXT(2) 
PARAMETRIC_REPRESENTATION_CONTEXT() REPRESENTATION_CONTEXT('2D SPACE',''
  ) );
#1907 = ORIENTED_EDGE('',*,*,#815,.T.);
#1908 = ADVANCED_FACE('',(#1909),#586,.F.);
#1909 = FACE_BOUND('',#1910,.F.);
#1910 = EDGE_LOOP('',(#1911,#1931,#1932,#1933));
#1911 = ORIENTED_EDGE('',*,*,#1912,.F.);
#1912 = EDGE_CURVE('',#486,#1124,#1913,.T.);
#1913 = SURFACE_CURVE('',#1914,(#1917,#1924),.PCURVE_S1.);
#1914 = B_SPLINE_CURVE_WITH_KNOTS('',1,(#1915,#1916),.UNSPECIFIED.,.F.,
  .F.,(2,2),(0.,1.),.PIECEWISE_BEZIER_KNOTS.);
#1915 = CARTESIAN_POINT('',(2.880622573488E+03,248.5,1.403578732455E+03)
  );
#1916 = CARTESIAN_POINT('',(3.147264675603E+03,53.612647985272,
    1.703638853983E+03));
#1917 = PCURVE('',#586,#1918);
#1918 = DEFINITIONAL_REPRESENTATION('',(#1919),#1923);
#1919 = LINE('',#1920,#1921);
#1920 = CARTESIAN_POINT('',(0.,0.));
#1921 = VECTOR('',#1922,1.);
#1922 = DIRECTION('',(0.,1.));
#1923 = ( GEOMETRIC_REPRESENTATION_CONTEXT(2) 
PARAMETRIC_REPRESENTATION_CONTEXT() REPRESENTATION_CONTEXT('2D SPACE',''
  ) );
#1924 = PCURVE('',#519,#1925);
#1925 = DEFINITIONAL_REPRESENTATION('',(#1926),#1930);
#1926 = LINE('',#1927,#1928);
#1927 = CARTESIAN_POINT('',(417.95,0.));
#1928 = VECTOR('',#1929,1.);
#1929 = DIRECTION('',(0.,1.));
#1930 = ( GEOMETRIC_REPRESENTATION_CONTEXT(2) 
PARAMETRIC_REPRESENTATION_CONTEXT() REPRESENTATION_CONTEXT('2D SPACE',''
  ) );
#1931 = ORIENTED_EDGE('',*,*,#554,.F.);
#1932 = ORIENTED_EDGE('',*,*,#1867,.T.);
#1933 = ORIENTED_EDGE('',*,*,#1123,.T.);
#1934 = ADVANCED_FACE('',(#1935),#519,.F.);
#1935 = FACE_BOUND('',#1936,.F.);
#1936 = EDGE_LOOP('',(#1937,#1957,#1958,#1959));
#1937 = ORIENTED_EDGE('',*,*,#1938,.F.);
#1938 = EDGE_CURVE('',#434,#1432,#1939,.T.);
#1939 = SURFACE_CURVE('',#1940,(#1943,#1950),.PCURVE_S1.);
#1940 = B_SPLINE_CURVE_WITH_KNOTS('',1,(#1941,#1942),.UNSPECIFIED.,.F.,
  .F.,(2,2),(0.,1.),.PIECEWISE_BEZIER_KNOTS.);
#1941 = CARTESIAN_POINT('',(3.262122384441E+03,248.5,1.232874026185E+03)
  );
#1942 = CARTESIAN_POINT('',(3.237435324397E+03,53.612647985272,
    1.703638853983E+03));
#1943 = PCURVE('',#519,#1944);
#1944 = DEFINITIONAL_REPRESENTATION('',(#1945),#1949);
#1945 = LINE('',#1946,#1947);
#1946 = CARTESIAN_POINT('',(0.,0.));
#1947 = VECTOR('',#1948,1.);
#1948 = DIRECTION('',(0.,1.));
#1949 = ( GEOMETRIC_REPRESENTATION_CONTEXT(2) 
PARAMETRIC_REPRESENTATION_CONTEXT() REPRESENTATION_CONTEXT('2D SPACE',''
  ) );
#1950 = PCURVE('',#457,#1951);
#1951 = DEFINITIONAL_REPRESENTATION('',(#1952),#1956);
#1952 = LINE('',#1953,#1954);
#1953 = CARTESIAN_POINT('',(497.,0.));
#1954 = VECTOR('',#1955,1.);
#1955 = DIRECTION('',(0.,1.));
#1956 = ( GEOMETRIC_REPRESENTATION_CONTEXT(2) 
PARAMETRIC_REPRESENTATION_CONTEXT() REPRESENTATION_CONTEXT('2D SPACE',''
  ) );
#1957 = ORIENTED_EDGE('',*,*,#485,.F.);
#1958 = ORIENTED_EDGE('',*,*,#1912,.T.);
#1959 = ORIENTED_EDGE('',*,*,#1431,.T.);
#1960 = ADVANCED_FACE('',(#1961),#457,.F.);
#1961 = FACE_BOUND('',#1962,.F.);
#1962 = EDGE_LOOP('',(#1963,#1983,#1984,#1985));
#1963 = ORIENTED_EDGE('',*,*,#1964,.F.);
#1964 = EDGE_CURVE('',#382,#746,#1965,.T.);
#1965 = SURFACE_CURVE('',#1966,(#1969,#1976),.PCURVE_S1.);
#1966 = B_SPLINE_CURVE_WITH_KNOTS('',1,(#1967,#1968),.UNSPECIFIED.,.F.,
  .F.,(2,2),(0.,1.),.PIECEWISE_BEZIER_KNOTS.);
#1967 = CARTESIAN_POINT('',(3.262122384441E+03,0.,1.232874026185E+03));
#1968 = CARTESIAN_POINT('',(3.2624E+03,-2.13162820728E-14,
    1.703638853983E+03));
#1969 = PCURVE('',#457,#1970);
#1970 = DEFINITIONAL_REPRESENTATION('',(#1971),#1975);
#1971 = LINE('',#1972,#1973);
#1972 = CARTESIAN_POINT('',(248.5,0.));
#1973 = VECTOR('',#1974,1.);
#1974 = DIRECTION('',(0.,1.));
#1975 = ( GEOMETRIC_REPRESENTATION_CONTEXT(2) 
PARAMETRIC_REPRESENTATION_CONTEXT() REPRESENTATION_CONTEXT('2D SPACE',''
  ) );
#1976 = PCURVE('',#405,#1977);
#1977 = DEFINITIONAL_REPRESENTATION('',(#1978),#1982);
#1978 = LINE('',#1979,#1980);
#1979 = CARTESIAN_POINT('',(248.5,0.));
#1980 = VECTOR('',#1981,1.);
#1981 = DIRECTION('',(0.,1.));
#1982 = ( GEOMETRIC_REPRESENTATION_CONTEXT(2) 
PARAMETRIC_REPRESENTATION_CONTEXT() REPRESENTATION_CONTEXT('2D SPACE',''
  ) );
#1983 = ORIENTED_EDGE('',*,*,#433,.F.);
#1984 = ORIENTED_EDGE('',*,*,#1938,.T.);
#1985 = ORIENTED_EDGE('',*,*,#1739,.T.);
#1986 = ADVANCED_FACE('',(#1987),#405,.F.);
#1987 = FACE_BOUND('',#1988,.F.);
#1988 = EDGE_LOOP('',(#1989,#1990,#1991,#1992));
#1989 = ORIENTED_EDGE('',*,*,#1888,.F.);
#1990 = ORIENTED_EDGE('',*,*,#381,.F.);
#1991 = ORIENTED_EDGE('',*,*,#1964,.T.);
#1992 = ORIENTED_EDGE('',*,*,#745,.T.);
#1993 = ( GEOMETRIC_REPRESENTATION_CONTEXT(3) 
GLOBAL_UNCERTAINTY_ASSIGNED_CONTEXT((#1997)) 
GLOBAL_UNIT_ASSIGNED_CONTEXT((#1994,#1995,#1996)) REPRESENTATION_CONTEXT
('Context #1','3D Context with UNIT and UNCERTAINTY') );
#1994 = ( LENGTH_UNIT() NAMED_UNIT(*) SI_UNIT(.MILLI.,.METRE.) );
#1995 = ( NAMED_UNIT(*) PLANE_ANGLE_UNIT() SI_UNIT($,.RADIAN.) );
#1996 = ( NAMED_UNIT(*) SI_UNIT($,.STERADIAN.) SOLID_ANGLE_UNIT() );
#1997 = UNCERTAINTY_MEASURE_WITH_UNIT(LENGTH_MEASURE(2.E-06),#1994,
  'distance_accuracy_value','confusion accuracy');
#1998 = PRODUCT_RELATED_PRODUCT_CATEGORY('part',$,(#7));
ENDSEC;
END-ISO-10303-21;
