ISO-10303-21;
HEADER;
FILE_DESCRIPTION(('Open CASCADE Model'),'2;1');
FILE_NAME('Open CASCADE Shape Model','2026-09-23T09:49:54',('Author'),(
    'Open CASCADE'),'Open CASCADE STEP processor 7.9','Open CASCADE 7.9'
  ,'Unknown');
FILE_SCHEMA(('AUTOMOTIVE_DESIGN { 1 0 10303 214 1 1 1 1 }'));
ENDSEC;
DATA;
#1 = APPLICATION_PROTOCOL_DEFINITION('international standard',
  'automotive_design',2000,#2);
#2 = APPLICATION_CONTEXT(
  'core data for automotive mechanical design processes');
#3 = SHAPE_DEFINITION_REPRESENTATION(#4,#10);
#4 = PRODUCT_DEFINITION_SHAPE('','',#5);
#5 = PRODUCT_DEFINITION('design','',#6,#9);
#6 = PRODUCT_DEFINITION_FORMATION('','',#7);
#7 = PRODUCT('Open CASCADE STEP translator 7.9 2',
  'Open CASCADE STEP translator 7.9 2','',(#8));
#8 = PRODUCT_CONTEXT('',#2,'mechanical');
#9 = PRODUCT_DEFINITION_CONTEXT('part definition',#2,'design');
#10 = ADVANCED_BREP_SHAPE_REPRESENTATION('',(#11,#15),#8195);
#11 = AXIS2_PLACEMENT_3D('',#12,#13,#14);
#12 = CARTESIAN_POINT('',(0.,0.,0.));
#13 = DIRECTION('',(0.,0.,1.));
#14 = DIRECTION('',(1.,0.,-0.));
#15 = MANIFOLD_SOLID_BREP('',#16);
#16 = CLOSED_SHELL('',(#17,#178,#233,#287,#341,#395,#449,#484,#512,#540,
    #568,#596,#651,#686,#741,#776,#1038,#1073,#1201,#1256,#1284,#3349,
    #3384,#3389,#3419,#3479,#3534,#3589,#4005,#4033,#4068,#4123,#4177,
    #4231,#4285,#4339,#4393,#4447,#4501,#4556,#4610,#4664,#4718,#4773,
    #5318,#5346,#5374,#5402,#5430,#5458,#5486,#5514,#5569,#5597,#5625,
    #5653,#5688,#5758,#5806,#5854,#5899,#5944,#6051,#6158,#6207,#6256,
    #6306,#6356,#6403,#6450,#6552,#6654,#6699,#6744,#6776,#6826,#6861,
    #7123,#7310,#7358,#7411,#7485,#7512,#7539,#7566,#7823,#7858,#7885,
    #7892,#7899,#7954,#7958,#8013,#8048,#8083,#8138,#8188));
#17 = ADVANCED_FACE('',(#18,#54,#85,#116,#147),#31,.F.);
#18 = FACE_BOUND('',#19,.T.);
#19 = EDGE_LOOP('',(#20));
#20 = ORIENTED_EDGE('',*,*,#21,.F.);
#21 = EDGE_CURVE('',#22,#22,#24,.T.);
#22 = VERTEX_POINT('',#23);
#23 = CARTESIAN_POINT('',(59.95,0.,13.));
#24 = SURFACE_CURVE('',#25,(#30,#42),.PCURVE_S1.);
#25 = CIRCLE('',#26,59.95);
#26 = AXIS2_PLACEMENT_3D('',#27,#28,#29);
#27 = CARTESIAN_POINT('',(0.,0.,13.));
#28 = DIRECTION('',(0.,0.,1.));
#29 = DIRECTION('',(1.,0.,-0.));
#30 = PCURVE('',#31,#36);
#31 = PLANE('',#32);
#32 = AXIS2_PLACEMENT_3D('',#33,#34,#35);
#33 = CARTESIAN_POINT('',(0.,0.,13.));
#34 = DIRECTION('',(0.,0.,1.));
#35 = DIRECTION('',(1.,0.,-0.));
#36 = DEFINITIONAL_REPRESENTATION('',(#37),#41);
#37 = CIRCLE('',#38,59.95);
#38 = AXIS2_PLACEMENT_2D('',#39,#40);
#39 = CARTESIAN_POINT('',(0.,0.));
#40 = DIRECTION('',(1.,-0.));
#41 = ( GEOMETRIC_REPRESENTATION_CONTEXT(2) 
PARAMETRIC_REPRESENTATION_CONTEXT() REPRESENTATION_CONTEXT('2D SPACE',''
  ) );
#42 = PCURVE('',#43,#48);
#43 = CYLINDRICAL_SURFACE('',#44,59.95);
#44 = AXIS2_PLACEMENT_3D('',#45,#46,#47);
#45 = CARTESIAN_POINT('',(0.,0.,13.));
#46 = DIRECTION('',(0.,0.,1.));
#47 = DIRECTION('',(1.,0.,-0.));
#48 = DEFINITIONAL_REPRESENTATION('',(#49),#53);
#49 = LINE('',#50,#51);
#50 = CARTESIAN_POINT('',(0.,0.));
#51 = VECTOR('',#52,1.);
#52 = DIRECTION('',(1.,0.));
#53 = ( GEOMETRIC_REPRESENTATION_CONTEXT(2) 
PARAMETRIC_REPRESENTATION_CONTEXT() REPRESENTATION_CONTEXT('2D SPACE',''
  ) );
#54 = FACE_BOUND('',#55,.T.);
#55 = EDGE_LOOP('',(#56));
#56 = ORIENTED_EDGE('',*,*,#57,.T.);
#57 = EDGE_CURVE('',#58,#58,#60,.T.);
#58 = VERTEX_POINT('',#59);
#59 = CARTESIAN_POINT('',(5.,-45.,13.));
#60 = SURFACE_CURVE('',#61,(#66,#73),.PCURVE_S1.);
#61 = CIRCLE('',#62,5.);
#62 = AXIS2_PLACEMENT_3D('',#63,#64,#65);
#63 = CARTESIAN_POINT('',(-8.266365894245E-15,-45.,13.));
#64 = DIRECTION('',(0.,0.,1.));
#65 = DIRECTION('',(1.,0.,-0.));
#66 = PCURVE('',#31,#67);
#67 = DEFINITIONAL_REPRESENTATION('',(#68),#72);
#68 = CIRCLE('',#69,5.);
#69 = AXIS2_PLACEMENT_2D('',#70,#71);
#70 = CARTESIAN_POINT('',(-8.266365894245E-15,-45.));
#71 = DIRECTION('',(1.,-0.));
#72 = ( GEOMETRIC_REPRESENTATION_CONTEXT(2) 
PARAMETRIC_REPRESENTATION_CONTEXT() REPRESENTATION_CONTEXT('2D SPACE',''
  ) );
#73 = PCURVE('',#74,#79);
#74 = CYLINDRICAL_SURFACE('',#75,5.);
#75 = AXIS2_PLACEMENT_3D('',#76,#77,#78);
#76 = CARTESIAN_POINT('',(-8.266365894245E-15,-45.,12.));
#77 = DIRECTION('',(0.,0.,1.));
#78 = DIRECTION('',(1.,0.,-0.));
#79 = DEFINITIONAL_REPRESENTATION('',(#80),#84);
#80 = LINE('',#81,#82);
#81 = CARTESIAN_POINT('',(0.,1.));
#82 = VECTOR('',#83,1.);
#83 = DIRECTION('',(1.,0.));
#84 = ( GEOMETRIC_REPRESENTATION_CONTEXT(2) 
PARAMETRIC_REPRESENTATION_CONTEXT() REPRESENTATION_CONTEXT('2D SPACE',''
  ) );
#85 = FACE_BOUND('',#86,.T.);
#86 = EDGE_LOOP('',(#87));
#87 = ORIENTED_EDGE('',*,*,#88,.T.);
#88 = EDGE_CURVE('',#89,#89,#91,.T.);
#89 = VERTEX_POINT('',#90);
#90 = CARTESIAN_POINT('',(50.,-1.224646799147E-15,13.));
#91 = SURFACE_CURVE('',#92,(#97,#104),.PCURVE_S1.);
#92 = CIRCLE('',#93,5.);
#93 = AXIS2_PLACEMENT_3D('',#94,#95,#96);
#94 = CARTESIAN_POINT('',(45.,0.,13.));
#95 = DIRECTION('',(0.,0.,1.));
#96 = DIRECTION('',(1.,0.,-0.));
#97 = PCURVE('',#31,#98);
#98 = DEFINITIONAL_REPRESENTATION('',(#99),#103);
#99 = CIRCLE('',#100,5.);
#100 = AXIS2_PLACEMENT_2D('',#101,#102);
#101 = CARTESIAN_POINT('',(45.,0.));
#102 = DIRECTION('',(1.,-0.));
#103 = ( GEOMETRIC_REPRESENTATION_CONTEXT(2) 
PARAMETRIC_REPRESENTATION_CONTEXT() REPRESENTATION_CONTEXT('2D SPACE',''
  ) );
#104 = PCURVE('',#105,#110);
#105 = CYLINDRICAL_SURFACE('',#106,5.);
#106 = AXIS2_PLACEMENT_3D('',#107,#108,#109);
#107 = CARTESIAN_POINT('',(45.,0.,12.));
#108 = DIRECTION('',(0.,0.,1.));
#109 = DIRECTION('',(1.,0.,-0.));
#110 = DEFINITIONAL_REPRESENTATION('',(#111),#115);
#111 = LINE('',#112,#113);
#112 = CARTESIAN_POINT('',(0.,1.));
#113 = VECTOR('',#114,1.);
#114 = DIRECTION('',(1.,0.));
#115 = ( GEOMETRIC_REPRESENTATION_CONTEXT(2) 
PARAMETRIC_REPRESENTATION_CONTEXT() REPRESENTATION_CONTEXT('2D SPACE',''
  ) );
#116 = FACE_BOUND('',#117,.T.);
#117 = EDGE_LOOP('',(#118));
#118 = ORIENTED_EDGE('',*,*,#119,.T.);
#119 = EDGE_CURVE('',#120,#120,#122,.T.);
#120 = VERTEX_POINT('',#121);
#121 = CARTESIAN_POINT('',(-40.,4.286263797016E-15,13.));
#122 = SURFACE_CURVE('',#123,(#128,#135),.PCURVE_S1.);
#123 = CIRCLE('',#124,5.);
#124 = AXIS2_PLACEMENT_3D('',#125,#126,#127);
#125 = CARTESIAN_POINT('',(-45.,5.510910596163E-15,13.));
#126 = DIRECTION('',(0.,0.,1.));
#127 = DIRECTION('',(1.,0.,-0.));
#128 = PCURVE('',#31,#129);
#129 = DEFINITIONAL_REPRESENTATION('',(#130),#134);
#130 = CIRCLE('',#131,5.);
#131 = AXIS2_PLACEMENT_2D('',#132,#133);
#132 = CARTESIAN_POINT('',(-45.,5.510910596163E-15));
#133 = DIRECTION('',(1.,-0.));
#134 = ( GEOMETRIC_REPRESENTATION_CONTEXT(2) 
PARAMETRIC_REPRESENTATION_CONTEXT() REPRESENTATION_CONTEXT('2D SPACE',''
  ) );
#135 = PCURVE('',#136,#141);
#136 = CYLINDRICAL_SURFACE('',#137,5.);
#137 = AXIS2_PLACEMENT_3D('',#138,#139,#140);
#138 = CARTESIAN_POINT('',(-45.,5.510910596163E-15,12.));
#139 = DIRECTION('',(0.,0.,1.));
#140 = DIRECTION('',(1.,0.,-0.));
#141 = DEFINITIONAL_REPRESENTATION('',(#142),#146);
#142 = LINE('',#143,#144);
#143 = CARTESIAN_POINT('',(0.,1.));
#144 = VECTOR('',#145,1.);
#145 = DIRECTION('',(1.,0.));
#146 = ( GEOMETRIC_REPRESENTATION_CONTEXT(2) 
PARAMETRIC_REPRESENTATION_CONTEXT() REPRESENTATION_CONTEXT('2D SPACE',''
  ) );
#147 = FACE_BOUND('',#148,.T.);
#148 = EDGE_LOOP('',(#149));
#149 = ORIENTED_EDGE('',*,*,#150,.T.);
#150 = EDGE_CURVE('',#151,#151,#153,.T.);
#151 = VERTEX_POINT('',#152);
#152 = CARTESIAN_POINT('',(5.,45.,13.));
#153 = SURFACE_CURVE('',#154,(#159,#166),.PCURVE_S1.);
#154 = CIRCLE('',#155,5.);
#155 = AXIS2_PLACEMENT_3D('',#156,#157,#158);
#156 = CARTESIAN_POINT('',(2.755455298082E-15,45.,13.));
#157 = DIRECTION('',(0.,0.,1.));
#158 = DIRECTION('',(1.,0.,-0.));
#159 = PCURVE('',#31,#160);
#160 = DEFINITIONAL_REPRESENTATION('',(#161),#165);
#161 = CIRCLE('',#162,5.);
#162 = AXIS2_PLACEMENT_2D('',#163,#164);
#163 = CARTESIAN_POINT('',(2.755455298082E-15,45.));
#164 = DIRECTION('',(1.,-0.));
#165 = ( GEOMETRIC_REPRESENTATION_CONTEXT(2) 
PARAMETRIC_REPRESENTATION_CONTEXT() REPRESENTATION_CONTEXT('2D SPACE',''
  ) );
#166 = PCURVE('',#167,#172);
#167 = CYLINDRICAL_SURFACE('',#168,5.);
#168 = AXIS2_PLACEMENT_3D('',#169,#170,#171);
#169 = CARTESIAN_POINT('',(2.755455298082E-15,45.,12.));
#170 = DIRECTION('',(0.,0.,1.));
#171 = DIRECTION('',(1.,0.,-0.));
#172 = DEFINITIONAL_REPRESENTATION('',(#173),#177);
#173 = LINE('',#174,#175);
#174 = CARTESIAN_POINT('',(0.,1.));
#175 = VECTOR('',#176,1.);
#176 = DIRECTION('',(1.,0.));
#177 = ( GEOMETRIC_REPRESENTATION_CONTEXT(2) 
PARAMETRIC_REPRESENTATION_CONTEXT() REPRESENTATION_CONTEXT('2D SPACE',''
  ) );
#178 = ADVANCED_FACE('',(#179),#43,.T.);
#179 = FACE_BOUND('',#180,.T.);
#180 = EDGE_LOOP('',(#181,#182,#205,#232));
#181 = ORIENTED_EDGE('',*,*,#21,.T.);
#182 = ORIENTED_EDGE('',*,*,#183,.T.);
#183 = EDGE_CURVE('',#22,#184,#186,.T.);
#184 = VERTEX_POINT('',#185);
#185 = CARTESIAN_POINT('',(59.95,0.,19.45));
#186 = SEAM_CURVE('',#187,(#191,#198),.PCURVE_S1.);
#187 = LINE('',#188,#189);
#188 = CARTESIAN_POINT('',(59.95,0.,13.));
#189 = VECTOR('',#190,1.);
#190 = DIRECTION('',(0.,0.,1.));
#191 = PCURVE('',#43,#192);
#192 = DEFINITIONAL_REPRESENTATION('',(#193),#197);
#193 = LINE('',#194,#195);
#194 = CARTESIAN_POINT('',(0.,0.));
#195 = VECTOR('',#196,1.);
#196 = DIRECTION('',(0.,1.));
#197 = ( GEOMETRIC_REPRESENTATION_CONTEXT(2) 
PARAMETRIC_REPRESENTATION_CONTEXT() REPRESENTATION_CONTEXT('2D SPACE',''
  ) );
#198 = PCURVE('',#43,#199);
#199 = DEFINITIONAL_REPRESENTATION('',(#200),#204);
#200 = LINE('',#201,#202);
#201 = CARTESIAN_POINT('',(6.28318530718,0.));
#202 = VECTOR('',#203,1.);
#203 = DIRECTION('',(0.,1.));
#204 = ( GEOMETRIC_REPRESENTATION_CONTEXT(2) 
PARAMETRIC_REPRESENTATION_CONTEXT() REPRESENTATION_CONTEXT('2D SPACE',''
  ) );
#205 = ORIENTED_EDGE('',*,*,#206,.F.);
#206 = EDGE_CURVE('',#184,#184,#207,.T.);
#207 = SURFACE_CURVE('',#208,(#213,#220),.PCURVE_S1.);
#208 = CIRCLE('',#209,59.95);
#209 = AXIS2_PLACEMENT_3D('',#210,#211,#212);
#210 = CARTESIAN_POINT('',(0.,0.,19.45));
#211 = DIRECTION('',(0.,0.,1.));
#212 = DIRECTION('',(1.,0.,-0.));
#213 = PCURVE('',#43,#214);
#214 = DEFINITIONAL_REPRESENTATION('',(#215),#219);
#215 = LINE('',#216,#217);
#216 = CARTESIAN_POINT('',(0.,6.45));
#217 = VECTOR('',#218,1.);
#218 = DIRECTION('',(1.,0.));
#219 = ( GEOMETRIC_REPRESENTATION_CONTEXT(2) 
PARAMETRIC_REPRESENTATION_CONTEXT() REPRESENTATION_CONTEXT('2D SPACE',''
  ) );
#220 = PCURVE('',#221,#226);
#221 = PLANE('',#222);
#222 = AXIS2_PLACEMENT_3D('',#223,#224,#225);
#223 = CARTESIAN_POINT('',(0.,0.,19.45));
#224 = DIRECTION('',(0.,0.,1.));
#225 = DIRECTION('',(1.,0.,-0.));
#226 = DEFINITIONAL_REPRESENTATION('',(#227),#231);
#227 = CIRCLE('',#228,59.95);
#228 = AXIS2_PLACEMENT_2D('',#229,#230);
#229 = CARTESIAN_POINT('',(0.,0.));
#230 = DIRECTION('',(1.,0.));
#231 = ( GEOMETRIC_REPRESENTATION_CONTEXT(2) 
PARAMETRIC_REPRESENTATION_CONTEXT() REPRESENTATION_CONTEXT('2D SPACE',''
  ) );
#232 = ORIENTED_EDGE('',*,*,#183,.F.);
#233 = ADVANCED_FACE('',(#234),#74,.F.);
#234 = FACE_BOUND('',#235,.F.);
#235 = EDGE_LOOP('',(#236,#259,#285,#286));
#236 = ORIENTED_EDGE('',*,*,#237,.T.);
#237 = EDGE_CURVE('',#58,#238,#240,.T.);
#238 = VERTEX_POINT('',#239);
#239 = CARTESIAN_POINT('',(5.,-45.,24.));
#240 = SEAM_CURVE('',#241,(#245,#252),.PCURVE_S1.);
#241 = LINE('',#242,#243);
#242 = CARTESIAN_POINT('',(5.,-45.,12.));
#243 = VECTOR('',#244,1.);
#244 = DIRECTION('',(0.,0.,1.));
#245 = PCURVE('',#74,#246);
#246 = DEFINITIONAL_REPRESENTATION('',(#247),#251);
#247 = LINE('',#248,#249);
#248 = CARTESIAN_POINT('',(6.28318530718,-0.));
#249 = VECTOR('',#250,1.);
#250 = DIRECTION('',(0.,1.));
#251 = ( GEOMETRIC_REPRESENTATION_CONTEXT(2) 
PARAMETRIC_REPRESENTATION_CONTEXT() REPRESENTATION_CONTEXT('2D SPACE',''
  ) );
#252 = PCURVE('',#74,#253);
#253 = DEFINITIONAL_REPRESENTATION('',(#254),#258);
#254 = LINE('',#255,#256);
#255 = CARTESIAN_POINT('',(0.,-0.));
#256 = VECTOR('',#257,1.);
#257 = DIRECTION('',(0.,1.));
#258 = ( GEOMETRIC_REPRESENTATION_CONTEXT(2) 
PARAMETRIC_REPRESENTATION_CONTEXT() REPRESENTATION_CONTEXT('2D SPACE',''
  ) );
#259 = ORIENTED_EDGE('',*,*,#260,.F.);
#260 = EDGE_CURVE('',#238,#238,#261,.T.);
#261 = SURFACE_CURVE('',#262,(#267,#274),.PCURVE_S1.);
#262 = CIRCLE('',#263,5.);
#263 = AXIS2_PLACEMENT_3D('',#264,#265,#266);
#264 = CARTESIAN_POINT('',(-8.266365894245E-15,-45.,24.));
#265 = DIRECTION('',(0.,0.,1.));
#266 = DIRECTION('',(1.,0.,-0.));
#267 = PCURVE('',#74,#268);
#268 = DEFINITIONAL_REPRESENTATION('',(#269),#273);
#269 = LINE('',#270,#271);
#270 = CARTESIAN_POINT('',(0.,12.));
#271 = VECTOR('',#272,1.);
#272 = DIRECTION('',(1.,0.));
#273 = ( GEOMETRIC_REPRESENTATION_CONTEXT(2) 
PARAMETRIC_REPRESENTATION_CONTEXT() REPRESENTATION_CONTEXT('2D SPACE',''
  ) );
#274 = PCURVE('',#275,#280);
#275 = CONICAL_SURFACE('',#276,5.,1.029744258677);
#276 = AXIS2_PLACEMENT_3D('',#277,#278,#279);
#277 = CARTESIAN_POINT('',(-8.266365894245E-15,-45.,24.));
#278 = DIRECTION('',(-0.,-0.,-1.));
#279 = DIRECTION('',(1.,0.,-0.));
#280 = DEFINITIONAL_REPRESENTATION('',(#281),#284);
#281 = B_SPLINE_CURVE_WITH_KNOTS('',1,(#282,#283),.UNSPECIFIED.,.F.,.F.,
  (2,2),(0.,6.28318530718),.PIECEWISE_BEZIER_KNOTS.);
#282 = CARTESIAN_POINT('',(0.,0.));
#283 = CARTESIAN_POINT('',(-6.28318530718,0.));
#284 = ( GEOMETRIC_REPRESENTATION_CONTEXT(2) 
PARAMETRIC_REPRESENTATION_CONTEXT() REPRESENTATION_CONTEXT('2D SPACE',''
  ) );
#285 = ORIENTED_EDGE('',*,*,#237,.F.);
#286 = ORIENTED_EDGE('',*,*,#57,.T.);
#287 = ADVANCED_FACE('',(#288),#105,.F.);
#288 = FACE_BOUND('',#289,.F.);
#289 = EDGE_LOOP('',(#290,#313,#339,#340));
#290 = ORIENTED_EDGE('',*,*,#291,.T.);
#291 = EDGE_CURVE('',#89,#292,#294,.T.);
#292 = VERTEX_POINT('',#293);
#293 = CARTESIAN_POINT('',(50.,-1.224646799147E-15,24.));
#294 = SEAM_CURVE('',#295,(#299,#306),.PCURVE_S1.);
#295 = LINE('',#296,#297);
#296 = CARTESIAN_POINT('',(50.,-1.224646799147E-15,12.));
#297 = VECTOR('',#298,1.);
#298 = DIRECTION('',(0.,0.,1.));
#299 = PCURVE('',#105,#300);
#300 = DEFINITIONAL_REPRESENTATION('',(#301),#305);
#301 = LINE('',#302,#303);
#302 = CARTESIAN_POINT('',(6.28318530718,-0.));
#303 = VECTOR('',#304,1.);
#304 = DIRECTION('',(0.,1.));
#305 = ( GEOMETRIC_REPRESENTATION_CONTEXT(2) 
PARAMETRIC_REPRESENTATION_CONTEXT() REPRESENTATION_CONTEXT('2D SPACE',''
  ) );
#306 = PCURVE('',#105,#307);
#307 = DEFINITIONAL_REPRESENTATION('',(#308),#312);
#308 = LINE('',#309,#310);
#309 = CARTESIAN_POINT('',(0.,-0.));
#310 = VECTOR('',#311,1.);
#311 = DIRECTION('',(0.,1.));
#312 = ( GEOMETRIC_REPRESENTATION_CONTEXT(2) 
PARAMETRIC_REPRESENTATION_CONTEXT() REPRESENTATION_CONTEXT('2D SPACE',''
  ) );
#313 = ORIENTED_EDGE('',*,*,#314,.F.);
#314 = EDGE_CURVE('',#292,#292,#315,.T.);
#315 = SURFACE_CURVE('',#316,(#321,#328),.PCURVE_S1.);
#316 = CIRCLE('',#317,5.);
#317 = AXIS2_PLACEMENT_3D('',#318,#319,#320);
#318 = CARTESIAN_POINT('',(45.,0.,24.));
#319 = DIRECTION('',(0.,0.,1.));
#320 = DIRECTION('',(1.,0.,-0.));
#321 = PCURVE('',#105,#322);
#322 = DEFINITIONAL_REPRESENTATION('',(#323),#327);
#323 = LINE('',#324,#325);
#324 = CARTESIAN_POINT('',(0.,12.));
#325 = VECTOR('',#326,1.);
#326 = DIRECTION('',(1.,0.));
#327 = ( GEOMETRIC_REPRESENTATION_CONTEXT(2) 
PARAMETRIC_REPRESENTATION_CONTEXT() REPRESENTATION_CONTEXT('2D SPACE',''
  ) );
#328 = PCURVE('',#329,#334);
#329 = CONICAL_SURFACE('',#330,5.,1.029744258677);
#330 = AXIS2_PLACEMENT_3D('',#331,#332,#333);
#331 = CARTESIAN_POINT('',(45.,0.,24.));
#332 = DIRECTION('',(-0.,-0.,-1.));
#333 = DIRECTION('',(1.,0.,-0.));
#334 = DEFINITIONAL_REPRESENTATION('',(#335),#338);
#335 = B_SPLINE_CURVE_WITH_KNOTS('',1,(#336,#337),.UNSPECIFIED.,.F.,.F.,
  (2,2),(0.,6.28318530718),.PIECEWISE_BEZIER_KNOTS.);
#336 = CARTESIAN_POINT('',(0.,0.));
#337 = CARTESIAN_POINT('',(-6.28318530718,0.));
#338 = ( GEOMETRIC_REPRESENTATION_CONTEXT(2) 
PARAMETRIC_REPRESENTATION_CONTEXT() REPRESENTATION_CONTEXT('2D SPACE',''
  ) );
#339 = ORIENTED_EDGE('',*,*,#291,.F.);
#340 = ORIENTED_EDGE('',*,*,#88,.T.);
#341 = ADVANCED_FACE('',(#342),#136,.F.);
#342 = FACE_BOUND('',#343,.F.);
#343 = EDGE_LOOP('',(#344,#367,#393,#394));
#344 = ORIENTED_EDGE('',*,*,#345,.T.);
#345 = EDGE_CURVE('',#120,#346,#348,.T.);
#346 = VERTEX_POINT('',#347);
#347 = CARTESIAN_POINT('',(-40.,4.286263797016E-15,24.));
#348 = SEAM_CURVE('',#349,(#353,#360),.PCURVE_S1.);
#349 = LINE('',#350,#351);
#350 = CARTESIAN_POINT('',(-40.,4.286263797016E-15,12.));
#351 = VECTOR('',#352,1.);
#352 = DIRECTION('',(0.,0.,1.));
#353 = PCURVE('',#136,#354);
#354 = DEFINITIONAL_REPRESENTATION('',(#355),#359);
#355 = LINE('',#356,#357);
#356 = CARTESIAN_POINT('',(6.28318530718,-0.));
#357 = VECTOR('',#358,1.);
#358 = DIRECTION('',(0.,1.));
#359 = ( GEOMETRIC_REPRESENTATION_CONTEXT(2) 
PARAMETRIC_REPRESENTATION_CONTEXT() REPRESENTATION_CONTEXT('2D SPACE',''
  ) );
#360 = PCURVE('',#136,#361);
#361 = DEFINITIONAL_REPRESENTATION('',(#362),#366);
#362 = LINE('',#363,#364);
#363 = CARTESIAN_POINT('',(0.,-0.));
#364 = VECTOR('',#365,1.);
#365 = DIRECTION('',(0.,1.));
#366 = ( GEOMETRIC_REPRESENTATION_CONTEXT(2) 
PARAMETRIC_REPRESENTATION_CONTEXT() REPRESENTATION_CONTEXT('2D SPACE',''
  ) );
#367 = ORIENTED_EDGE('',*,*,#368,.F.);
#368 = EDGE_CURVE('',#346,#346,#369,.T.);
#369 = SURFACE_CURVE('',#370,(#375,#382),.PCURVE_S1.);
#370 = CIRCLE('',#371,5.);
#371 = AXIS2_PLACEMENT_3D('',#372,#373,#374);
#372 = CARTESIAN_POINT('',(-45.,5.510910596163E-15,24.));
#373 = DIRECTION('',(0.,0.,1.));
#374 = DIRECTION('',(1.,0.,-0.));
#375 = PCURVE('',#136,#376);
#376 = DEFINITIONAL_REPRESENTATION('',(#377),#381);
#377 = LINE('',#378,#379);
#378 = CARTESIAN_POINT('',(0.,12.));
#379 = VECTOR('',#380,1.);
#380 = DIRECTION('',(1.,0.));
#381 = ( GEOMETRIC_REPRESENTATION_CONTEXT(2) 
PARAMETRIC_REPRESENTATION_CONTEXT() REPRESENTATION_CONTEXT('2D SPACE',''
  ) );
#382 = PCURVE('',#383,#388);
#383 = CONICAL_SURFACE('',#384,5.,1.029744258677);
#384 = AXIS2_PLACEMENT_3D('',#385,#386,#387);
#385 = CARTESIAN_POINT('',(-45.,5.510910596163E-15,24.));
#386 = DIRECTION('',(-0.,-0.,-1.));
#387 = DIRECTION('',(1.,0.,-0.));
#388 = DEFINITIONAL_REPRESENTATION('',(#389),#392);
#389 = B_SPLINE_CURVE_WITH_KNOTS('',1,(#390,#391),.UNSPECIFIED.,.F.,.F.,
  (2,2),(0.,6.28318530718),.PIECEWISE_BEZIER_KNOTS.);
#390 = CARTESIAN_POINT('',(0.,0.));
#391 = CARTESIAN_POINT('',(-6.28318530718,0.));
#392 = ( GEOMETRIC_REPRESENTATION_CONTEXT(2) 
PARAMETRIC_REPRESENTATION_CONTEXT() REPRESENTATION_CONTEXT('2D SPACE',''
  ) );
#393 = ORIENTED_EDGE('',*,*,#345,.F.);
#394 = ORIENTED_EDGE('',*,*,#119,.T.);
#395 = ADVANCED_FACE('',(#396),#167,.F.);
#396 = FACE_BOUND('',#397,.F.);
#397 = EDGE_LOOP('',(#398,#421,#447,#448));
#398 = ORIENTED_EDGE('',*,*,#399,.T.);
#399 = EDGE_CURVE('',#151,#400,#402,.T.);
#400 = VERTEX_POINT('',#401);
#401 = CARTESIAN_POINT('',(5.,45.,24.));
#402 = SEAM_CURVE('',#403,(#407,#414),.PCURVE_S1.);
#403 = LINE('',#404,#405);
#404 = CARTESIAN_POINT('',(5.,45.,12.));
#405 = VECTOR('',#406,1.);
#406 = DIRECTION('',(0.,0.,1.));
#407 = PCURVE('',#167,#408);
#408 = DEFINITIONAL_REPRESENTATION('',(#409),#413);
#409 = LINE('',#410,#411);
#410 = CARTESIAN_POINT('',(6.28318530718,-0.));
#411 = VECTOR('',#412,1.);
#412 = DIRECTION('',(0.,1.));
#413 = ( GEOMETRIC_REPRESENTATION_CONTEXT(2) 
PARAMETRIC_REPRESENTATION_CONTEXT() REPRESENTATION_CONTEXT('2D SPACE',''
  ) );
#414 = PCURVE('',#167,#415);
#415 = DEFINITIONAL_REPRESENTATION('',(#416),#420);
#416 = LINE('',#417,#418);
#417 = CARTESIAN_POINT('',(0.,-0.));
#418 = VECTOR('',#419,1.);
#419 = DIRECTION('',(0.,1.));
#420 = ( GEOMETRIC_REPRESENTATION_CONTEXT(2) 
PARAMETRIC_REPRESENTATION_CONTEXT() REPRESENTATION_CONTEXT('2D SPACE',''
  ) );
#421 = ORIENTED_EDGE('',*,*,#422,.F.);
#422 = EDGE_CURVE('',#400,#400,#423,.T.);
#423 = SURFACE_CURVE('',#424,(#429,#436),.PCURVE_S1.);
#424 = CIRCLE('',#425,5.);
#425 = AXIS2_PLACEMENT_3D('',#426,#427,#428);
#426 = CARTESIAN_POINT('',(2.755455298082E-15,45.,24.));
#427 = DIRECTION('',(0.,0.,1.));
#428 = DIRECTION('',(1.,0.,-0.));
#429 = PCURVE('',#167,#430);
#430 = DEFINITIONAL_REPRESENTATION('',(#431),#435);
#431 = LINE('',#432,#433);
#432 = CARTESIAN_POINT('',(0.,12.));
#433 = VECTOR('',#434,1.);
#434 = DIRECTION('',(1.,0.));
#435 = ( GEOMETRIC_REPRESENTATION_CONTEXT(2) 
PARAMETRIC_REPRESENTATION_CONTEXT() REPRESENTATION_CONTEXT('2D SPACE',''
  ) );
#436 = PCURVE('',#437,#442);
#437 = CONICAL_SURFACE('',#438,5.,1.029744258677);
#438 = AXIS2_PLACEMENT_3D('',#439,#440,#441);
#439 = CARTESIAN_POINT('',(2.755455298082E-15,45.,24.));
#440 = DIRECTION('',(-0.,-0.,-1.));
#441 = DIRECTION('',(1.,0.,-0.));
#442 = DEFINITIONAL_REPRESENTATION('',(#443),#446);
#443 = B_SPLINE_CURVE_WITH_KNOTS('',1,(#444,#445),.UNSPECIFIED.,.F.,.F.,
  (2,2),(0.,6.28318530718),.PIECEWISE_BEZIER_KNOTS.);
#444 = CARTESIAN_POINT('',(0.,0.));
#445 = CARTESIAN_POINT('',(-6.28318530718,0.));
#446 = ( GEOMETRIC_REPRESENTATION_CONTEXT(2) 
PARAMETRIC_REPRESENTATION_CONTEXT() REPRESENTATION_CONTEXT('2D SPACE',''
  ) );
#447 = ORIENTED_EDGE('',*,*,#399,.F.);
#448 = ORIENTED_EDGE('',*,*,#150,.T.);
#449 = ADVANCED_FACE('',(#450,#453),#221,.T.);
#450 = FACE_BOUND('',#451,.T.);
#451 = EDGE_LOOP('',(#452));
#452 = ORIENTED_EDGE('',*,*,#206,.T.);
#453 = FACE_BOUND('',#454,.T.);
#454 = EDGE_LOOP('',(#455));
#455 = ORIENTED_EDGE('',*,*,#456,.F.);
#456 = EDGE_CURVE('',#457,#457,#459,.T.);
#457 = VERTEX_POINT('',#458);
#458 = CARTESIAN_POINT('',(54.86,-1.343682468024E-14,19.45));
#459 = SURFACE_CURVE('',#460,(#465,#472),.PCURVE_S1.);
#460 = CIRCLE('',#461,54.86);
#461 = AXIS2_PLACEMENT_3D('',#462,#463,#464);
#462 = CARTESIAN_POINT('',(0.,0.,19.45));
#463 = DIRECTION('',(0.,0.,1.));
#464 = DIRECTION('',(1.,0.,-0.));
#465 = PCURVE('',#221,#466);
#466 = DEFINITIONAL_REPRESENTATION('',(#467),#471);
#467 = CIRCLE('',#468,54.86);
#468 = AXIS2_PLACEMENT_2D('',#469,#470);
#469 = CARTESIAN_POINT('',(0.,0.));
#470 = DIRECTION('',(1.,0.));
#471 = ( GEOMETRIC_REPRESENTATION_CONTEXT(2) 
PARAMETRIC_REPRESENTATION_CONTEXT() REPRESENTATION_CONTEXT('2D SPACE',''
  ) );
#472 = PCURVE('',#473,#478);
#473 = CYLINDRICAL_SURFACE('',#474,54.86);
#474 = AXIS2_PLACEMENT_3D('',#475,#476,#477);
#475 = CARTESIAN_POINT('',(0.,0.,18.45));
#476 = DIRECTION('',(0.,0.,1.));
#477 = DIRECTION('',(1.,0.,-0.));
#478 = DEFINITIONAL_REPRESENTATION('',(#479),#483);
#479 = LINE('',#480,#481);
#480 = CARTESIAN_POINT('',(0.,1.));
#481 = VECTOR('',#482,1.);
#482 = DIRECTION('',(1.,0.));
#483 = ( GEOMETRIC_REPRESENTATION_CONTEXT(2) 
PARAMETRIC_REPRESENTATION_CONTEXT() REPRESENTATION_CONTEXT('2D SPACE',''
  ) );
#484 = ADVANCED_FACE('',(#485),#275,.F.);
#485 = FACE_BOUND('',#486,.F.);
#486 = EDGE_LOOP('',(#487,#510,#511));
#487 = ORIENTED_EDGE('',*,*,#488,.F.);
#488 = EDGE_CURVE('',#238,#489,#491,.T.);
#489 = VERTEX_POINT('',#490);
#490 = CARTESIAN_POINT('',(-8.266365894245E-15,-45.,27.004303095138));
#491 = SEAM_CURVE('',#492,(#496,#503),.PCURVE_S1.);
#492 = LINE('',#493,#494);
#493 = CARTESIAN_POINT('',(5.,-45.,24.));
#494 = VECTOR('',#495,1.);
#495 = DIRECTION('',(-0.857167300702,2.099454382277E-16,0.51503807491));
#496 = PCURVE('',#275,#497);
#497 = DEFINITIONAL_REPRESENTATION('',(#498),#502);
#498 = LINE('',#499,#500);
#499 = CARTESIAN_POINT('',(-6.28318530718,0.));
#500 = VECTOR('',#501,1.);
#501 = DIRECTION('',(-0.,-1.));
#502 = ( GEOMETRIC_REPRESENTATION_CONTEXT(2) 
PARAMETRIC_REPRESENTATION_CONTEXT() REPRESENTATION_CONTEXT('2D SPACE',''
  ) );
#503 = PCURVE('',#275,#504);
#504 = DEFINITIONAL_REPRESENTATION('',(#505),#509);
#505 = LINE('',#506,#507);
#506 = CARTESIAN_POINT('',(0.,-0.));
#507 = VECTOR('',#508,1.);
#508 = DIRECTION('',(-0.,-1.));
#509 = ( GEOMETRIC_REPRESENTATION_CONTEXT(2) 
PARAMETRIC_REPRESENTATION_CONTEXT() REPRESENTATION_CONTEXT('2D SPACE',''
  ) );
#510 = ORIENTED_EDGE('',*,*,#260,.T.);
#511 = ORIENTED_EDGE('',*,*,#488,.T.);
#512 = ADVANCED_FACE('',(#513),#329,.F.);
#513 = FACE_BOUND('',#514,.F.);
#514 = EDGE_LOOP('',(#515,#538,#539));
#515 = ORIENTED_EDGE('',*,*,#516,.F.);
#516 = EDGE_CURVE('',#292,#517,#519,.T.);
#517 = VERTEX_POINT('',#518);
#518 = CARTESIAN_POINT('',(45.,0.,27.004303095138));
#519 = SEAM_CURVE('',#520,(#524,#531),.PCURVE_S1.);
#520 = LINE('',#521,#522);
#521 = CARTESIAN_POINT('',(50.,-1.224646799147E-15,24.));
#522 = VECTOR('',#523,1.);
#523 = DIRECTION('',(-0.857167300702,2.099454382277E-16,0.51503807491));
#524 = PCURVE('',#329,#525);
#525 = DEFINITIONAL_REPRESENTATION('',(#526),#530);
#526 = LINE('',#527,#528);
#527 = CARTESIAN_POINT('',(-6.28318530718,0.));
#528 = VECTOR('',#529,1.);
#529 = DIRECTION('',(-0.,-1.));
#530 = ( GEOMETRIC_REPRESENTATION_CONTEXT(2) 
PARAMETRIC_REPRESENTATION_CONTEXT() REPRESENTATION_CONTEXT('2D SPACE',''
  ) );
#531 = PCURVE('',#329,#532);
#532 = DEFINITIONAL_REPRESENTATION('',(#533),#537);
#533 = LINE('',#534,#535);
#534 = CARTESIAN_POINT('',(0.,-0.));
#535 = VECTOR('',#536,1.);
#536 = DIRECTION('',(-0.,-1.));
#537 = ( GEOMETRIC_REPRESENTATION_CONTEXT(2) 
PARAMETRIC_REPRESENTATION_CONTEXT() REPRESENTATION_CONTEXT('2D SPACE',''
  ) );
#538 = ORIENTED_EDGE('',*,*,#314,.T.);
#539 = ORIENTED_EDGE('',*,*,#516,.T.);
#540 = ADVANCED_FACE('',(#541),#383,.F.);
#541 = FACE_BOUND('',#542,.F.);
#542 = EDGE_LOOP('',(#543,#566,#567));
#543 = ORIENTED_EDGE('',*,*,#544,.F.);
#544 = EDGE_CURVE('',#346,#545,#547,.T.);
#545 = VERTEX_POINT('',#546);
#546 = CARTESIAN_POINT('',(-45.,5.510910596163E-15,27.004303095138));
#547 = SEAM_CURVE('',#548,(#552,#559),.PCURVE_S1.);
#548 = LINE('',#549,#550);
#549 = CARTESIAN_POINT('',(-40.,4.286263797016E-15,24.));
#550 = VECTOR('',#551,1.);
#551 = DIRECTION('',(-0.857167300702,2.099454382277E-16,0.51503807491));
#552 = PCURVE('',#383,#553);
#553 = DEFINITIONAL_REPRESENTATION('',(#554),#558);
#554 = LINE('',#555,#556);
#555 = CARTESIAN_POINT('',(-6.28318530718,0.));
#556 = VECTOR('',#557,1.);
#557 = DIRECTION('',(-0.,-1.));
#558 = ( GEOMETRIC_REPRESENTATION_CONTEXT(2) 
PARAMETRIC_REPRESENTATION_CONTEXT() REPRESENTATION_CONTEXT('2D SPACE',''
  ) );
#559 = PCURVE('',#383,#560);
#560 = DEFINITIONAL_REPRESENTATION('',(#561),#565);
#561 = LINE('',#562,#563);
#562 = CARTESIAN_POINT('',(0.,-0.));
#563 = VECTOR('',#564,1.);
#564 = DIRECTION('',(-0.,-1.));
#565 = ( GEOMETRIC_REPRESENTATION_CONTEXT(2) 
PARAMETRIC_REPRESENTATION_CONTEXT() REPRESENTATION_CONTEXT('2D SPACE',''
  ) );
#566 = ORIENTED_EDGE('',*,*,#368,.T.);
#567 = ORIENTED_EDGE('',*,*,#544,.T.);
#568 = ADVANCED_FACE('',(#569),#437,.F.);
#569 = FACE_BOUND('',#570,.F.);
#570 = EDGE_LOOP('',(#571,#594,#595));
#571 = ORIENTED_EDGE('',*,*,#572,.F.);
#572 = EDGE_CURVE('',#400,#573,#575,.T.);
#573 = VERTEX_POINT('',#574);
#574 = CARTESIAN_POINT('',(2.755455298082E-15,45.,27.004303095138));
#575 = SEAM_CURVE('',#576,(#580,#587),.PCURVE_S1.);
#576 = LINE('',#577,#578);
#577 = CARTESIAN_POINT('',(5.,45.,24.));
#578 = VECTOR('',#579,1.);
#579 = DIRECTION('',(-0.857167300702,2.099454382277E-16,0.51503807491));
#580 = PCURVE('',#437,#581);
#581 = DEFINITIONAL_REPRESENTATION('',(#582),#586);
#582 = LINE('',#583,#584);
#583 = CARTESIAN_POINT('',(-6.28318530718,0.));
#584 = VECTOR('',#585,1.);
#585 = DIRECTION('',(-0.,-1.));
#586 = ( GEOMETRIC_REPRESENTATION_CONTEXT(2) 
PARAMETRIC_REPRESENTATION_CONTEXT() REPRESENTATION_CONTEXT('2D SPACE',''
  ) );
#587 = PCURVE('',#437,#588);
#588 = DEFINITIONAL_REPRESENTATION('',(#589),#593);
#589 = LINE('',#590,#591);
#590 = CARTESIAN_POINT('',(0.,-0.));
#591 = VECTOR('',#592,1.);
#592 = DIRECTION('',(-0.,-1.));
#593 = ( GEOMETRIC_REPRESENTATION_CONTEXT(2) 
PARAMETRIC_REPRESENTATION_CONTEXT() REPRESENTATION_CONTEXT('2D SPACE',''
  ) );
#594 = ORIENTED_EDGE('',*,*,#422,.T.);
#595 = ORIENTED_EDGE('',*,*,#572,.T.);
#596 = ADVANCED_FACE('',(#597),#473,.T.);
#597 = FACE_BOUND('',#598,.T.);
#598 = EDGE_LOOP('',(#599,#628,#649,#650));
#599 = ORIENTED_EDGE('',*,*,#600,.F.);
#600 = EDGE_CURVE('',#601,#601,#603,.T.);
#601 = VERTEX_POINT('',#602);
#602 = CARTESIAN_POINT('',(54.86,-1.343682468024E-14,24.55));
#603 = SURFACE_CURVE('',#604,(#609,#616),.PCURVE_S1.);
#604 = CIRCLE('',#605,54.86);
#605 = AXIS2_PLACEMENT_3D('',#606,#607,#608);
#606 = CARTESIAN_POINT('',(0.,0.,24.55));
#607 = DIRECTION('',(0.,0.,1.));
#608 = DIRECTION('',(1.,0.,-0.));
#609 = PCURVE('',#473,#610);
#610 = DEFINITIONAL_REPRESENTATION('',(#611),#615);
#611 = LINE('',#612,#613);
#612 = CARTESIAN_POINT('',(0.,6.1));
#613 = VECTOR('',#614,1.);
#614 = DIRECTION('',(1.,0.));
#615 = ( GEOMETRIC_REPRESENTATION_CONTEXT(2) 
PARAMETRIC_REPRESENTATION_CONTEXT() REPRESENTATION_CONTEXT('2D SPACE',''
  ) );
#616 = PCURVE('',#617,#622);
#617 = PLANE('',#618);
#618 = AXIS2_PLACEMENT_3D('',#619,#620,#621);
#619 = CARTESIAN_POINT('',(0.,0.,24.55));
#620 = DIRECTION('',(0.,0.,1.));
#621 = DIRECTION('',(1.,0.,-0.));
#622 = DEFINITIONAL_REPRESENTATION('',(#623),#627);
#623 = CIRCLE('',#624,54.86);
#624 = AXIS2_PLACEMENT_2D('',#625,#626);
#625 = CARTESIAN_POINT('',(0.,0.));
#626 = DIRECTION('',(1.,0.));
#627 = ( GEOMETRIC_REPRESENTATION_CONTEXT(2) 
PARAMETRIC_REPRESENTATION_CONTEXT() REPRESENTATION_CONTEXT('2D SPACE',''
  ) );
#628 = ORIENTED_EDGE('',*,*,#629,.F.);
#629 = EDGE_CURVE('',#457,#601,#630,.T.);
#630 = SEAM_CURVE('',#631,(#635,#642),.PCURVE_S1.);
#631 = LINE('',#632,#633);
#632 = CARTESIAN_POINT('',(54.86,-1.343682468024E-14,18.45));
#633 = VECTOR('',#634,1.);
#634 = DIRECTION('',(0.,0.,1.));
#635 = PCURVE('',#473,#636);
#636 = DEFINITIONAL_REPRESENTATION('',(#637),#641);
#637 = LINE('',#638,#639);
#638 = CARTESIAN_POINT('',(6.28318530718,-0.));
#639 = VECTOR('',#640,1.);
#640 = DIRECTION('',(0.,1.));
#641 = ( GEOMETRIC_REPRESENTATION_CONTEXT(2) 
PARAMETRIC_REPRESENTATION_CONTEXT() REPRESENTATION_CONTEXT('2D SPACE',''
  ) );
#642 = PCURVE('',#473,#643);
#643 = DEFINITIONAL_REPRESENTATION('',(#644),#648);
#644 = LINE('',#645,#646);
#645 = CARTESIAN_POINT('',(0.,-0.));
#646 = VECTOR('',#647,1.);
#647 = DIRECTION('',(0.,1.));
#648 = ( GEOMETRIC_REPRESENTATION_CONTEXT(2) 
PARAMETRIC_REPRESENTATION_CONTEXT() REPRESENTATION_CONTEXT('2D SPACE',''
  ) );
#649 = ORIENTED_EDGE('',*,*,#456,.T.);
#650 = ORIENTED_EDGE('',*,*,#629,.T.);
#651 = ADVANCED_FACE('',(#652,#683),#617,.F.);
#652 = FACE_BOUND('',#653,.F.);
#653 = EDGE_LOOP('',(#654));
#654 = ORIENTED_EDGE('',*,*,#655,.T.);
#655 = EDGE_CURVE('',#656,#656,#658,.T.);
#656 = VERTEX_POINT('',#657);
#657 = CARTESIAN_POINT('',(59.95,0.,24.55));
#658 = SURFACE_CURVE('',#659,(#664,#671),.PCURVE_S1.);
#659 = CIRCLE('',#660,59.95);
#660 = AXIS2_PLACEMENT_3D('',#661,#662,#663);
#661 = CARTESIAN_POINT('',(0.,0.,24.55));
#662 = DIRECTION('',(0.,0.,1.));
#663 = DIRECTION('',(1.,0.,-0.));
#664 = PCURVE('',#617,#665);
#665 = DEFINITIONAL_REPRESENTATION('',(#666),#670);
#666 = CIRCLE('',#667,59.95);
#667 = AXIS2_PLACEMENT_2D('',#668,#669);
#668 = CARTESIAN_POINT('',(0.,0.));
#669 = DIRECTION('',(1.,0.));
#670 = ( GEOMETRIC_REPRESENTATION_CONTEXT(2) 
PARAMETRIC_REPRESENTATION_CONTEXT() REPRESENTATION_CONTEXT('2D SPACE',''
  ) );
#671 = PCURVE('',#672,#677);
#672 = CYLINDRICAL_SURFACE('',#673,59.95);
#673 = AXIS2_PLACEMENT_3D('',#674,#675,#676);
#674 = CARTESIAN_POINT('',(0.,0.,13.));
#675 = DIRECTION('',(0.,0.,1.));
#676 = DIRECTION('',(1.,0.,-0.));
#677 = DEFINITIONAL_REPRESENTATION('',(#678),#682);
#678 = LINE('',#679,#680);
#679 = CARTESIAN_POINT('',(0.,11.55));
#680 = VECTOR('',#681,1.);
#681 = DIRECTION('',(1.,0.));
#682 = ( GEOMETRIC_REPRESENTATION_CONTEXT(2) 
PARAMETRIC_REPRESENTATION_CONTEXT() REPRESENTATION_CONTEXT('2D SPACE',''
  ) );
#683 = FACE_BOUND('',#684,.F.);
#684 = EDGE_LOOP('',(#685));
#685 = ORIENTED_EDGE('',*,*,#600,.F.);
#686 = ADVANCED_FACE('',(#687),#672,.T.);
#687 = FACE_BOUND('',#688,.T.);
#688 = EDGE_LOOP('',(#689,#690,#713,#740));
#689 = ORIENTED_EDGE('',*,*,#655,.T.);
#690 = ORIENTED_EDGE('',*,*,#691,.T.);
#691 = EDGE_CURVE('',#656,#692,#694,.T.);
#692 = VERTEX_POINT('',#693);
#693 = CARTESIAN_POINT('',(59.95,0.,27.));
#694 = SEAM_CURVE('',#695,(#699,#706),.PCURVE_S1.);
#695 = LINE('',#696,#697);
#696 = CARTESIAN_POINT('',(59.95,0.,13.));
#697 = VECTOR('',#698,1.);
#698 = DIRECTION('',(0.,0.,1.));
#699 = PCURVE('',#672,#700);
#700 = DEFINITIONAL_REPRESENTATION('',(#701),#705);
#701 = LINE('',#702,#703);
#702 = CARTESIAN_POINT('',(0.,0.));
#703 = VECTOR('',#704,1.);
#704 = DIRECTION('',(0.,1.));
#705 = ( GEOMETRIC_REPRESENTATION_CONTEXT(2) 
PARAMETRIC_REPRESENTATION_CONTEXT() REPRESENTATION_CONTEXT('2D SPACE',''
  ) );
#706 = PCURVE('',#672,#707);
#707 = DEFINITIONAL_REPRESENTATION('',(#708),#712);
#708 = LINE('',#709,#710);
#709 = CARTESIAN_POINT('',(6.28318530718,0.));
#710 = VECTOR('',#711,1.);
#711 = DIRECTION('',(0.,1.));
#712 = ( GEOMETRIC_REPRESENTATION_CONTEXT(2) 
PARAMETRIC_REPRESENTATION_CONTEXT() REPRESENTATION_CONTEXT('2D SPACE',''
  ) );
#713 = ORIENTED_EDGE('',*,*,#714,.F.);
#714 = EDGE_CURVE('',#692,#692,#715,.T.);
#715 = SURFACE_CURVE('',#716,(#721,#728),.PCURVE_S1.);
#716 = CIRCLE('',#717,59.95);
#717 = AXIS2_PLACEMENT_3D('',#718,#719,#720);
#718 = CARTESIAN_POINT('',(0.,0.,27.));
#719 = DIRECTION('',(0.,0.,1.));
#720 = DIRECTION('',(1.,0.,-0.));
#721 = PCURVE('',#672,#722);
#722 = DEFINITIONAL_REPRESENTATION('',(#723),#727);
#723 = LINE('',#724,#725);
#724 = CARTESIAN_POINT('',(0.,14.));
#725 = VECTOR('',#726,1.);
#726 = DIRECTION('',(1.,0.));
#727 = ( GEOMETRIC_REPRESENTATION_CONTEXT(2) 
PARAMETRIC_REPRESENTATION_CONTEXT() REPRESENTATION_CONTEXT('2D SPACE',''
  ) );
#728 = PCURVE('',#729,#734);
#729 = PLANE('',#730);
#730 = AXIS2_PLACEMENT_3D('',#731,#732,#733);
#731 = CARTESIAN_POINT('',(0.,0.,27.));
#732 = DIRECTION('',(0.,0.,1.));
#733 = DIRECTION('',(1.,0.,-0.));
#734 = DEFINITIONAL_REPRESENTATION('',(#735),#739);
#735 = CIRCLE('',#736,59.95);
#736 = AXIS2_PLACEMENT_2D('',#737,#738);
#737 = CARTESIAN_POINT('',(0.,0.));
#738 = DIRECTION('',(1.,0.));
#739 = ( GEOMETRIC_REPRESENTATION_CONTEXT(2) 
PARAMETRIC_REPRESENTATION_CONTEXT() REPRESENTATION_CONTEXT('2D SPACE',''
  ) );
#740 = ORIENTED_EDGE('',*,*,#691,.F.);
#741 = ADVANCED_FACE('',(#742,#745),#729,.T.);
#742 = FACE_BOUND('',#743,.T.);
#743 = EDGE_LOOP('',(#744));
#744 = ORIENTED_EDGE('',*,*,#714,.T.);
#745 = FACE_BOUND('',#746,.T.);
#746 = EDGE_LOOP('',(#747));
#747 = ORIENTED_EDGE('',*,*,#748,.F.);
#748 = EDGE_CURVE('',#749,#749,#751,.T.);
#749 = VERTEX_POINT('',#750);
#750 = CARTESIAN_POINT('',(54.86,-1.343682468024E-14,27.));
#751 = SURFACE_CURVE('',#752,(#757,#764),.PCURVE_S1.);
#752 = CIRCLE('',#753,54.86);
#753 = AXIS2_PLACEMENT_3D('',#754,#755,#756);
#754 = CARTESIAN_POINT('',(0.,0.,27.));
#755 = DIRECTION('',(0.,0.,1.));
#756 = DIRECTION('',(1.,0.,-0.));
#757 = PCURVE('',#729,#758);
#758 = DEFINITIONAL_REPRESENTATION('',(#759),#763);
#759 = CIRCLE('',#760,54.86);
#760 = AXIS2_PLACEMENT_2D('',#761,#762);
#761 = CARTESIAN_POINT('',(0.,0.));
#762 = DIRECTION('',(1.,0.));
#763 = ( GEOMETRIC_REPRESENTATION_CONTEXT(2) 
PARAMETRIC_REPRESENTATION_CONTEXT() REPRESENTATION_CONTEXT('2D SPACE',''
  ) );
#764 = PCURVE('',#765,#770);
#765 = CYLINDRICAL_SURFACE('',#766,54.86);
#766 = AXIS2_PLACEMENT_3D('',#767,#768,#769);
#767 = CARTESIAN_POINT('',(0.,0.,26.));
#768 = DIRECTION('',(0.,0.,1.));
#769 = DIRECTION('',(1.,0.,-0.));
#770 = DEFINITIONAL_REPRESENTATION('',(#771),#775);
#771 = LINE('',#772,#773);
#772 = CARTESIAN_POINT('',(0.,1.));
#773 = VECTOR('',#774,1.);
#774 = DIRECTION('',(1.,0.));
#775 = ( GEOMETRIC_REPRESENTATION_CONTEXT(2) 
PARAMETRIC_REPRESENTATION_CONTEXT() REPRESENTATION_CONTEXT('2D SPACE',''
  ) );
#776 = ADVANCED_FACE('',(#777,#831),#765,.T.);
#777 = FACE_BOUND('',#778,.T.);
#778 = EDGE_LOOP('',(#779,#802,#829,#830));
#779 = ORIENTED_EDGE('',*,*,#780,.T.);
#780 = EDGE_CURVE('',#749,#781,#783,.T.);
#781 = VERTEX_POINT('',#782);
#782 = CARTESIAN_POINT('',(54.86,-1.343682468024E-14,37.));
#783 = SEAM_CURVE('',#784,(#788,#795),.PCURVE_S1.);
#784 = LINE('',#785,#786);
#785 = CARTESIAN_POINT('',(54.86,-1.343682468024E-14,26.));
#786 = VECTOR('',#787,1.);
#787 = DIRECTION('',(0.,0.,1.));
#788 = PCURVE('',#765,#789);
#789 = DEFINITIONAL_REPRESENTATION('',(#790),#794);
#790 = LINE('',#791,#792);
#791 = CARTESIAN_POINT('',(6.28318530718,-0.));
#792 = VECTOR('',#793,1.);
#793 = DIRECTION('',(0.,1.));
#794 = ( GEOMETRIC_REPRESENTATION_CONTEXT(2) 
PARAMETRIC_REPRESENTATION_CONTEXT() REPRESENTATION_CONTEXT('2D SPACE',''
  ) );
#795 = PCURVE('',#765,#796);
#796 = DEFINITIONAL_REPRESENTATION('',(#797),#801);
#797 = LINE('',#798,#799);
#798 = CARTESIAN_POINT('',(0.,-0.));
#799 = VECTOR('',#800,1.);
#800 = DIRECTION('',(0.,1.));
#801 = ( GEOMETRIC_REPRESENTATION_CONTEXT(2) 
PARAMETRIC_REPRESENTATION_CONTEXT() REPRESENTATION_CONTEXT('2D SPACE',''
  ) );
#802 = ORIENTED_EDGE('',*,*,#803,.F.);
#803 = EDGE_CURVE('',#781,#781,#804,.T.);
#804 = SURFACE_CURVE('',#805,(#810,#817),.PCURVE_S1.);
#805 = CIRCLE('',#806,54.86);
#806 = AXIS2_PLACEMENT_3D('',#807,#808,#809);
#807 = CARTESIAN_POINT('',(0.,0.,37.));
#808 = DIRECTION('',(0.,0.,1.));
#809 = DIRECTION('',(1.,0.,-0.));
#810 = PCURVE('',#765,#811);
#811 = DEFINITIONAL_REPRESENTATION('',(#812),#816);
#812 = LINE('',#813,#814);
#813 = CARTESIAN_POINT('',(0.,11.));
#814 = VECTOR('',#815,1.);
#815 = DIRECTION('',(1.,0.));
#816 = ( GEOMETRIC_REPRESENTATION_CONTEXT(2) 
PARAMETRIC_REPRESENTATION_CONTEXT() REPRESENTATION_CONTEXT('2D SPACE',''
  ) );
#817 = PCURVE('',#818,#823);
#818 = PLANE('',#819);
#819 = AXIS2_PLACEMENT_3D('',#820,#821,#822);
#820 = CARTESIAN_POINT('',(0.,0.,37.));
#821 = DIRECTION('',(0.,0.,1.));
#822 = DIRECTION('',(1.,0.,-0.));
#823 = DEFINITIONAL_REPRESENTATION('',(#824),#828);
#824 = CIRCLE('',#825,54.86);
#825 = AXIS2_PLACEMENT_2D('',#826,#827);
#826 = CARTESIAN_POINT('',(0.,0.));
#827 = DIRECTION('',(1.,0.));
#828 = ( GEOMETRIC_REPRESENTATION_CONTEXT(2) 
PARAMETRIC_REPRESENTATION_CONTEXT() REPRESENTATION_CONTEXT('2D SPACE',''
  ) );
#829 = ORIENTED_EDGE('',*,*,#780,.F.);
#830 = ORIENTED_EDGE('',*,*,#748,.T.);
#831 = FACE_BOUND('',#832,.T.);
#832 = EDGE_LOOP('',(#833));
#833 = ORIENTED_EDGE('',*,*,#834,.T.);
#834 = EDGE_CURVE('',#835,#835,#837,.T.);
#835 = VERTEX_POINT('',#836);
#836 = CARTESIAN_POINT('',(-54.86,6.73555739531E-16,34.75));
#837 = SURFACE_CURVE('',#838,(#901,#967),.PCURVE_S1.);
#838 = B_SPLINE_CURVE_WITH_KNOTS('',7,(#839,#840,#841,#842,#843,#844,
    #845,#846,#847,#848,#849,#850,#851,#852,#853,#854,#855,#856,#857,
    #858,#859,#860,#861,#862,#863,#864,#865,#866,#867,#868,#869,#870,
    #871,#872,#873,#874,#875,#876,#877,#878,#879,#880,#881,#882,#883,
    #884,#885,#886,#887,#888,#889,#890,#891,#892,#893,#894,#895,#896,
    #897,#898,#899,#900),.UNSPECIFIED.,.T.,.F.,(8,6,6,6,6,6,6,6,6,6,8),(
    0.,8.3179568083E-02,0.15721565694,0.249421663716,0.375279746245,
    0.475958597165,0.582091948006,0.656734961861,0.749696845042,
    0.876586673313,1.),.UNSPECIFIED.);
#839 = CARTESIAN_POINT('',(-54.86,6.217248937901E-15,34.75));
#840 = CARTESIAN_POINT('',(-54.86,-0.248194915172,34.75));
#841 = CARTESIAN_POINT('',(-54.85869030363,-0.493951733105,
    34.723866433269));
#842 = CARTESIAN_POINT('',(-54.85611548909,-0.733064455733,
    34.672522981308));
#843 = CARTESIAN_POINT('',(-54.85245823279,-0.961551945394,
    34.597974491764));
#844 = CARTESIAN_POINT('',(-54.84800639012,-1.175928262797,
    34.503240027552));
#845 = CARTESIAN_POINT('',(-54.84309685829,-1.373432606216,
    34.392298618665));
#846 = CARTESIAN_POINT('',(-54.83353187318,-1.711352094284,
    34.161235193896));
#847 = CARTESIAN_POINT('',(-54.82886491745,-1.857180522403,
    34.042420828993));
#848 = CARTESIAN_POINT('',(-54.8241939627,-1.989832654879,
    33.915418261874));
#849 = CARTESIAN_POINT('',(-54.81965074531,-2.109561387593,
    33.78174053548));
#850 = CARTESIAN_POINT('',(-54.81533977428,-2.216692384956,
    33.642648199619));
#851 = CARTESIAN_POINT('',(-54.81134105599,-2.311577284115,
    33.499194198616));
#852 = CARTESIAN_POINT('',(-54.80320105757,-2.497889702852,
    33.169277693939));
#853 = CARTESIAN_POINT('',(-54.79926137905,-2.582849937597,
    32.98073145632));
#854 = CARTESIAN_POINT('',(-54.79601410581,-2.650086309183,
    32.788204211192));
#855 = CARTESIAN_POINT('',(-54.7935340218,-2.700133022254,
    32.592927802302));
#856 = CARTESIAN_POINT('',(-54.7918657961,-2.733371782816,
    32.395897275198));
#857 = CARTESIAN_POINT('',(-54.79103120037,-2.75,32.197976403199));
#858 = CARTESIAN_POINT('',(-54.79103120037,-2.75,31.729768901575));
#859 = CARTESIAN_POINT('',(-54.79258607096,-2.719020480609,
    31.459802226062));
#860 = CARTESIAN_POINT('',(-54.79569068866,-2.657165387526,
    31.19205557065));
#861 = CARTESIAN_POINT('',(-54.80027055755,-2.563708425341,
    30.928696408087));
#862 = CARTESIAN_POINT('',(-54.80617568773,-2.437284563165,
    30.672510820415));
#863 = CARTESIAN_POINT('',(-54.81311991958,-2.276107231666,
    30.427401621289));
#864 = CARTESIAN_POINT('',(-54.82661706322,-1.920086575456,
    30.016531881442));
#865 = CARTESIAN_POINT('',(-54.83303927027,-1.736610270935,
    29.842607856934));
#866 = CARTESIAN_POINT('',(-54.83958653118,-1.527686181018,
    29.682761456683));
#867 = CARTESIAN_POINT('',(-54.84584333849,-1.294153209927,29.5423519089
    ));
#868 = CARTESIAN_POINT('',(-54.85131358317,-1.037803145832,
    29.426657899799));
#869 = CARTESIAN_POINT('',(-54.85549556211,-0.761419298501,
    29.340893173209));
#870 = CARTESIAN_POINT('',(-54.86063141531,-0.160606831552,
    29.236918483613));
#871 = CARTESIAN_POINT('',(-54.86132454055,0.157037444787,
    29.224104187759));
#872 = CARTESIAN_POINT('',(-54.85977438202,0.474295624805,
    29.254614790892));
#873 = CARTESIAN_POINT('',(-54.85603838645,0.780878915048,
    29.327233178959));
#874 = CARTESIAN_POINT('',(-54.85067255438,1.067274287867,
    29.436969020729));
#875 = CARTESIAN_POINT('',(-54.84444086091,1.325950600261,
    29.575234017663));
#876 = CARTESIAN_POINT('',(-54.83353187318,1.711352094234,29.83876480607
    ));
#877 = CARTESIAN_POINT('',(-54.82886491745,1.857180522461,
    29.957579171037));
#878 = CARTESIAN_POINT('',(-54.8241939627,1.9898326549,30.084581738164)
  );
#879 = CARTESIAN_POINT('',(-54.81965074532,2.109561387553,
    30.218259464493));
#880 = CARTESIAN_POINT('',(-54.81533977429,2.216692384938,30.35735180033
    ));
#881 = CARTESIAN_POINT('',(-54.81134105599,2.311577284141,
    30.500805801429));
#882 = CARTESIAN_POINT('',(-54.80320105757,2.497889702853,
    30.830722306062));
#883 = CARTESIAN_POINT('',(-54.79926137905,2.582849937597,31.01926854368
    ));
#884 = CARTESIAN_POINT('',(-54.79601410581,2.650086309182,
    31.211795788808));
#885 = CARTESIAN_POINT('',(-54.7935340218,2.700133022254,31.407072197698
    ));
#886 = CARTESIAN_POINT('',(-54.7918657961,2.733371782816,31.604102724802
    ));
#887 = CARTESIAN_POINT('',(-54.79103120037,2.75,31.802023596801));
#888 = CARTESIAN_POINT('',(-54.79103120037,2.75,32.270231098425));
#889 = CARTESIAN_POINT('',(-54.79258607096,2.719020480609,
    32.540197773938));
#890 = CARTESIAN_POINT('',(-54.79569068866,2.657165387526,
    32.807944429349));
#891 = CARTESIAN_POINT('',(-54.80027055755,2.56370842534,33.071303591914
    ));
#892 = CARTESIAN_POINT('',(-54.80617568773,2.437284563165,
    33.327489179585));
#893 = CARTESIAN_POINT('',(-54.81311991958,2.276107231666,
    33.572598378711));
#894 = CARTESIAN_POINT('',(-54.82791180307,1.885934598991,
    34.022881600446));
#895 = CARTESIAN_POINT('',(-54.83593596529,1.653473331685,
    34.235250124666));
#896 = CARTESIAN_POINT('',(-54.84409796702,1.3809711772,34.424919148502)
  );
#897 = CARTESIAN_POINT('',(-54.85149246973,1.071914222307,
    34.580279139829));
#898 = CARTESIAN_POINT('',(-54.85706023627,0.732650054458,
    34.691355096063));
#899 = CARTESIAN_POINT('',(-54.86,0.37180120161,34.75));
#900 = CARTESIAN_POINT('',(-54.86,6.217248937901E-15,34.75));
#901 = PCURVE('',#765,#902);
#902 = DEFINITIONAL_REPRESENTATION('',(#903),#966);
#903 = B_SPLINE_CURVE_WITH_KNOTS('',7,(#904,#905,#906,#907,#908,#909,
    #910,#911,#912,#913,#914,#915,#916,#917,#918,#919,#920,#921,#922,
    #923,#924,#925,#926,#927,#928,#929,#930,#931,#932,#933,#934,#935,
    #936,#937,#938,#939,#940,#941,#942,#943,#944,#945,#946,#947,#948,
    #949,#950,#951,#952,#953,#954,#955,#956,#957,#958,#959,#960,#961,
    #962,#963,#964,#965),.UNSPECIFIED.,.T.,.F.,(8,6,6,6,6,6,6,6,6,6,8),(
    0.,8.3179568083E-02,0.15721565694,0.249421663716,0.375279746245,
    0.475958597165,0.582091948006,0.656734961861,0.749696845042,
    0.876586673313,1.),.UNSPECIFIED.);
#904 = CARTESIAN_POINT('',(3.14159265359,8.75));
#905 = CARTESIAN_POINT('',(3.146116804431,8.75));
#906 = CARTESIAN_POINT('',(3.150596513229,8.723866433268));
#907 = CARTESIAN_POINT('',(3.154955262556,8.672522981309));
#908 = CARTESIAN_POINT('',(3.159120623972,8.597974491764));
#909 = CARTESIAN_POINT('',(3.163029109864,8.503240027552));
#910 = CARTESIAN_POINT('',(3.166630352839,8.392298618665));
#911 = CARTESIAN_POINT('',(3.172792489767,8.161235193896));
#912 = CARTESIAN_POINT('',(3.175452024791,8.042420828993));
#913 = CARTESIAN_POINT('',(3.177871517616,7.915418261874));
#914 = CARTESIAN_POINT('',(3.180055518036,7.781740535481));
#915 = CARTESIAN_POINT('',(3.182009899664,7.642648199619));
#916 = CARTESIAN_POINT('',(3.183741015352,7.499194198616));
#917 = CARTESIAN_POINT('',(3.187140398371,7.169277693939));
#918 = CARTESIAN_POINT('',(3.188690730618,6.98073145632));
#919 = CARTESIAN_POINT('',(3.189917756165,6.788204211192));
#920 = CARTESIAN_POINT('',(3.190831137942,6.592927802302));
#921 = CARTESIAN_POINT('',(3.191437783783,6.395897275198));
#922 = CARTESIAN_POINT('',(3.191741268122,6.197976403199));
#923 = CARTESIAN_POINT('',(3.191741268122,5.729768901575));
#924 = CARTESIAN_POINT('',(3.191175855933,5.459802226062));
#925 = CARTESIAN_POINT('',(3.190046928341,5.192055570651));
#926 = CARTESIAN_POINT('',(3.18834133199,4.928696408087));
#927 = CARTESIAN_POINT('',(3.186034350241,4.672510820415));
#928 = CARTESIAN_POINT('',(3.183093688446,4.427401621289));
#929 = CARTESIAN_POINT('',(3.176599404627,4.016531881442));
#930 = CARTESIAN_POINT('',(3.173252925489,3.842607856934));
#931 = CARTESIAN_POINT('',(3.169442782043,3.682761456683));
#932 = CARTESIAN_POINT('',(3.165184457368,3.5423519089));
#933 = CARTESIAN_POINT('',(3.160510720363,3.426657899799));
#934 = CARTESIAN_POINT('',(3.155472268885,3.340893173209));
#935 = CARTESIAN_POINT('',(3.144520128571,3.236918483613));
#936 = CARTESIAN_POINT('',(3.1387301426,3.224104187759));
#937 = CARTESIAN_POINT('',(3.132947257682,3.254614790892));
#938 = CARTESIAN_POINT('',(3.127358619606,3.327233178959));
#939 = CARTESIAN_POINT('',(3.122137346941,3.436969020729));
#940 = CARTESIAN_POINT('',(3.117420813318,3.575234017663));
#941 = CARTESIAN_POINT('',(3.110392817413,3.83876480607));
#942 = CARTESIAN_POINT('',(3.107733282388,3.957579171037));
#943 = CARTESIAN_POINT('',(3.105313789563,4.084581738164));
#944 = CARTESIAN_POINT('',(3.103129789144,4.218259464493));
#945 = CARTESIAN_POINT('',(3.101175407516,4.35735180033));
#946 = CARTESIAN_POINT('',(3.099444291827,4.500805801429));
#947 = CARTESIAN_POINT('',(3.096044908808,4.830722306062));
#948 = CARTESIAN_POINT('',(3.094494576561,5.01926854368));
#949 = CARTESIAN_POINT('',(3.093267551015,5.211795788808));
#950 = CARTESIAN_POINT('',(3.092354169237,5.407072197698));
#951 = CARTESIAN_POINT('',(3.091747523397,5.604102724802));
#952 = CARTESIAN_POINT('',(3.091444039058,5.802023596801));
#953 = CARTESIAN_POINT('',(3.091444039058,6.270231098425));
#954 = CARTESIAN_POINT('',(3.092009451247,6.540197773938));
#955 = CARTESIAN_POINT('',(3.093138378838,6.807944429349));
#956 = CARTESIAN_POINT('',(3.094843975189,7.071303591914));
#957 = CARTESIAN_POINT('',(3.097150956939,7.327489179585));
#958 = CARTESIAN_POINT('',(3.100091618733,7.572598378711));
#959 = CARTESIAN_POINT('',(3.107208879405,8.022881600446));
#960 = CARTESIAN_POINT('',(3.111448732756,8.235250124666));
#961 = CARTESIAN_POINT('',(3.116418104809,8.424919148502));
#962 = CARTESIAN_POINT('',(3.1220530624,8.580279139829));
#963 = CARTESIAN_POINT('',(3.128237748658,8.691355096063));
#964 = CARTESIAN_POINT('',(3.134815380502,8.75));
#965 = CARTESIAN_POINT('',(3.14159265359,8.75));
#966 = ( GEOMETRIC_REPRESENTATION_CONTEXT(2) 
PARAMETRIC_REPRESENTATION_CONTEXT() REPRESENTATION_CONTEXT('2D SPACE',''
  ) );
#967 = PCURVE('',#968,#973);
#968 = CYLINDRICAL_SURFACE('',#969,2.75);
#969 = AXIS2_PLACEMENT_3D('',#970,#971,#972);
#970 = CARTESIAN_POINT('',(-60.95,0.,32.));
#971 = DIRECTION('',(1.,0.,0.));
#972 = DIRECTION('',(-0.,0.,1.));
#973 = DEFINITIONAL_REPRESENTATION('',(#974),#1037);
#974 = B_SPLINE_CURVE_WITH_KNOTS('',7,(#975,#976,#977,#978,#979,#980,
    #981,#982,#983,#984,#985,#986,#987,#988,#989,#990,#991,#992,#993,
    #994,#995,#996,#997,#998,#999,#1000,#1001,#1002,#1003,#1004,#1005,
    #1006,#1007,#1008,#1009,#1010,#1011,#1012,#1013,#1014,#1015,#1016,
    #1017,#1018,#1019,#1020,#1021,#1022,#1023,#1024,#1025,#1026,#1027,
    #1028,#1029,#1030,#1031,#1032,#1033,#1034,#1035,#1036),
  .UNSPECIFIED.,.F.,.F.,(8,6,6,6,6,6,6,6,6,6,8),(0.,8.3179568083E-02,
    0.15721565694,0.249421663716,0.375279746245,0.475958597165,
    0.582091948006,0.656734961861,0.749696845042,0.876586673313,1.),
  .UNSPECIFIED.);
#975 = CARTESIAN_POINT('',(-1.7763568394E-15,6.09));
#976 = CARTESIAN_POINT('',(9.025269642606E-02,6.09));
#977 = CARTESIAN_POINT('',(0.179618692822,6.091309696366));
#978 = CARTESIAN_POINT('',(0.267770020373,6.093884510909));
#979 = CARTESIAN_POINT('',(0.354351556802,6.097541767202));
#980 = CARTESIAN_POINT('',(0.43894368565,6.101993609879));
#981 = CARTESIAN_POINT('',(0.520999792411,6.106903141709));
#982 = CARTESIAN_POINT('',(0.669859873892,6.116468126817));
#983 = CARTESIAN_POINT('',(0.73802042387,6.121135082548));
#984 = CARTESIAN_POINT('',(0.804468637335,6.125806037299));
#985 = CARTESIAN_POINT('',(0.869393981176,6.130349254681));
#986 = CARTESIAN_POINT('',(0.932968743888,6.134660225711));
#987 = CARTESIAN_POINT('',(0.99535796209,6.138658944001));
#988 = CARTESIAN_POINT('',(1.133135944922,6.146798942429));
#989 = CARTESIAN_POINT('',(1.20802837894,6.15073862095));
#990 = CARTESIAN_POINT('',(1.281740055974,6.153985894183));
#991 = CARTESIAN_POINT('',(1.354577289036,6.156465978196));
#992 = CARTESIAN_POINT('',(1.426833478797,6.1581342039));
#993 = CARTESIAN_POINT('',(1.49880490745,6.158968799629));
#994 = CARTESIAN_POINT('',(1.669062180768,6.158968799629));
#995 = CARTESIAN_POINT('',(1.767231694238,6.157413929033));
#996 = CARTESIAN_POINT('',(1.866144800762,6.15430931134));
#997 = CARTESIAN_POINT('',(1.966545911211,6.149729442446));
#998 = CARTESIAN_POINT('',(2.069219047865,6.143824312267));
#999 = CARTESIAN_POINT('',(2.174960949183,6.136880080414));
#1000 = CARTESIAN_POINT('',(2.372654977994,6.123382936777));
#1001 = CARTESIAN_POINT('',(2.46414444714,6.11696072973));
#1002 = CARTESIAN_POINT('',(2.558930308025,6.110413468813));
#1003 = CARTESIAN_POINT('',(2.65686640455,6.104156661503));
#1004 = CARTESIAN_POINT('',(2.757944564333,6.098686416822));
#1005 = CARTESIAN_POINT('',(2.862294617969,6.094504437884));
#1006 = CARTESIAN_POINT('',(3.08401929469,6.089368584687));
#1007 = CARTESIAN_POINT('',(3.198628803658,6.088675459446));
#1008 = CARTESIAN_POINT('',(3.312821878548,6.090225617977));
#1009 = CARTESIAN_POINT('',(3.425542338083,6.093961613545));
#1010 = CARTESIAN_POINT('',(3.535648875816,6.099327445616));
#1011 = CARTESIAN_POINT('',(3.641675702441,6.105559139082));
#1012 = CARTESIAN_POINT('',(3.81145252746,6.116468126816));
#1013 = CARTESIAN_POINT('',(3.879613077482,6.121135082549));
#1014 = CARTESIAN_POINT('',(3.94606129094,6.1258060373));
#1015 = CARTESIAN_POINT('',(4.010986634748,6.13034925468));
#1016 = CARTESIAN_POINT('',(4.07456139746,6.13466022571));
#1017 = CARTESIAN_POINT('',(4.136950615699,6.138658944002));
#1018 = CARTESIAN_POINT('',(4.274728598512,6.146798942429));
#1019 = CARTESIAN_POINT('',(4.34962103253,6.15073862095));
#1020 = CARTESIAN_POINT('',(4.423332709564,6.153985894183));
#1021 = CARTESIAN_POINT('',(4.496169942626,6.156465978196));
#1022 = CARTESIAN_POINT('',(4.568426132387,6.1581342039));
#1023 = CARTESIAN_POINT('',(4.64039756104,6.158968799629));
#1024 = CARTESIAN_POINT('',(4.810654834357,6.158968799629));
#1025 = CARTESIAN_POINT('',(4.908824347828,6.157413929033));
#1026 = CARTESIAN_POINT('',(5.007737454352,6.15430931134));
#1027 = CARTESIAN_POINT('',(5.108138564801,6.149729442446));
#1028 = CARTESIAN_POINT('',(5.210811701455,6.143824312267));
#1029 = CARTESIAN_POINT('',(5.316553602773,6.136880080414));
#1030 = CARTESIAN_POINT('',(5.533211817232,6.122088196925));
#1031 = CARTESIAN_POINT('',(5.646930837496,6.114064034705));
#1032 = CARTESIAN_POINT('',(5.765937125194,6.105902032977));
#1033 = CARTESIAN_POINT('',(5.889361656566,6.098507530267));
#1034 = CARTESIAN_POINT('',(6.016767186475,6.092939763725));
#1035 = CARTESIAN_POINT('',(6.147984870231,6.09));
#1036 = CARTESIAN_POINT('',(6.28318530718,6.09));
#1037 = ( GEOMETRIC_REPRESENTATION_CONTEXT(2) 
PARAMETRIC_REPRESENTATION_CONTEXT() REPRESENTATION_CONTEXT('2D SPACE',''
  ) );
#1038 = ADVANCED_FACE('',(#1039,#1070),#818,.F.);
#1039 = FACE_BOUND('',#1040,.F.);
#1040 = EDGE_LOOP('',(#1041));
#1041 = ORIENTED_EDGE('',*,*,#1042,.T.);
#1042 = EDGE_CURVE('',#1043,#1043,#1045,.T.);
#1043 = VERTEX_POINT('',#1044);
#1044 = CARTESIAN_POINT('',(59.95,0.,37.));
#1045 = SURFACE_CURVE('',#1046,(#1051,#1058),.PCURVE_S1.);
#1046 = CIRCLE('',#1047,59.95);
#1047 = AXIS2_PLACEMENT_3D('',#1048,#1049,#1050);
#1048 = CARTESIAN_POINT('',(0.,0.,37.));
#1049 = DIRECTION('',(0.,0.,1.));
#1050 = DIRECTION('',(1.,0.,-0.));
#1051 = PCURVE('',#818,#1052);
#1052 = DEFINITIONAL_REPRESENTATION('',(#1053),#1057);
#1053 = CIRCLE('',#1054,59.95);
#1054 = AXIS2_PLACEMENT_2D('',#1055,#1056);
#1055 = CARTESIAN_POINT('',(0.,0.));
#1056 = DIRECTION('',(1.,0.));
#1057 = ( GEOMETRIC_REPRESENTATION_CONTEXT(2) 
PARAMETRIC_REPRESENTATION_CONTEXT() REPRESENTATION_CONTEXT('2D SPACE',''
  ) );
#1058 = PCURVE('',#1059,#1064);
#1059 = CYLINDRICAL_SURFACE('',#1060,59.95);
#1060 = AXIS2_PLACEMENT_3D('',#1061,#1062,#1063);
#1061 = CARTESIAN_POINT('',(0.,0.,13.));
#1062 = DIRECTION('',(0.,0.,1.));
#1063 = DIRECTION('',(1.,0.,-0.));
#1064 = DEFINITIONAL_REPRESENTATION('',(#1065),#1069);
#1065 = LINE('',#1066,#1067);
#1066 = CARTESIAN_POINT('',(0.,24.));
#1067 = VECTOR('',#1068,1.);
#1068 = DIRECTION('',(1.,0.));
#1069 = ( GEOMETRIC_REPRESENTATION_CONTEXT(2) 
PARAMETRIC_REPRESENTATION_CONTEXT() REPRESENTATION_CONTEXT('2D SPACE',''
  ) );
#1070 = FACE_BOUND('',#1071,.F.);
#1071 = EDGE_LOOP('',(#1072));
#1072 = ORIENTED_EDGE('',*,*,#803,.F.);
#1073 = ADVANCED_FACE('',(#1074),#968,.F.);
#1074 = FACE_BOUND('',#1075,.F.);
#1075 = EDGE_LOOP('',(#1076,#1077,#1100,#1139,#1173,#1200));
#1076 = ORIENTED_EDGE('',*,*,#834,.T.);
#1077 = ORIENTED_EDGE('',*,*,#1078,.T.);
#1078 = EDGE_CURVE('',#835,#1079,#1081,.T.);
#1079 = VERTEX_POINT('',#1080);
#1080 = CARTESIAN_POINT('',(0.,6.73555739531E-16,34.75));
#1081 = SEAM_CURVE('',#1082,(#1086,#1093),.PCURVE_S1.);
#1082 = LINE('',#1083,#1084);
#1083 = CARTESIAN_POINT('',(-60.95,6.73555739531E-16,34.75));
#1084 = VECTOR('',#1085,1.);
#1085 = DIRECTION('',(1.,0.,0.));
#1086 = PCURVE('',#968,#1087);
#1087 = DEFINITIONAL_REPRESENTATION('',(#1088),#1092);
#1088 = LINE('',#1089,#1090);
#1089 = CARTESIAN_POINT('',(0.,-0.));
#1090 = VECTOR('',#1091,1.);
#1091 = DIRECTION('',(0.,1.));
#1092 = ( GEOMETRIC_REPRESENTATION_CONTEXT(2) 
PARAMETRIC_REPRESENTATION_CONTEXT() REPRESENTATION_CONTEXT('2D SPACE',''
  ) );
#1093 = PCURVE('',#968,#1094);
#1094 = DEFINITIONAL_REPRESENTATION('',(#1095),#1099);
#1095 = LINE('',#1096,#1097);
#1096 = CARTESIAN_POINT('',(6.28318530718,-0.));
#1097 = VECTOR('',#1098,1.);
#1098 = DIRECTION('',(0.,1.));
#1099 = ( GEOMETRIC_REPRESENTATION_CONTEXT(2) 
PARAMETRIC_REPRESENTATION_CONTEXT() REPRESENTATION_CONTEXT('2D SPACE',''
  ) );
#1100 = ORIENTED_EDGE('',*,*,#1101,.F.);
#1101 = EDGE_CURVE('',#1102,#1079,#1104,.T.);
#1102 = VERTEX_POINT('',#1103);
#1103 = CARTESIAN_POINT('',(-0.547009010294,2.75,32.));
#1104 = SURFACE_CURVE('',#1105,(#1110,#1122),.PCURVE_S1.);
#1105 = ELLIPSE('',#1106,2.803875685073,2.75);
#1106 = AXIS2_PLACEMENT_3D('',#1107,#1108,#1109);
#1107 = CARTESIAN_POINT('',(0.,0.,32.));
#1108 = DIRECTION('',(0.980785280403,0.195090322016,0.));
#1109 = DIRECTION('',(0.195090322016,-0.980785280403,0.));
#1110 = PCURVE('',#968,#1111);
#1111 = DEFINITIONAL_REPRESENTATION('',(#1112),#1121);
#1112 = B_SPLINE_CURVE_WITH_KNOTS('',7,(#1113,#1114,#1115,#1116,#1117,
    #1118,#1119,#1120),.UNSPECIFIED.,.F.,.F.,(8,8),(3.14159265359,
    4.712388980385),.PIECEWISE_BEZIER_KNOTS.);
#1113 = CARTESIAN_POINT('',(4.712388980385,60.402990989706));
#1114 = CARTESIAN_POINT('',(4.936788455641,60.402990989706));
#1115 = CARTESIAN_POINT('',(5.161187930897,60.435127042956));
#1116 = CARTESIAN_POINT('',(5.385587406153,60.49939448767));
#1117 = CARTESIAN_POINT('',(5.60998688141,60.591847586809));
#1118 = CARTESIAN_POINT('',(5.834386356666,60.704503428704));
#1119 = CARTESIAN_POINT('',(6.058785831923,60.827251465129));
#1120 = CARTESIAN_POINT('',(6.28318530718,60.95));
#1121 = ( GEOMETRIC_REPRESENTATION_CONTEXT(2) 
PARAMETRIC_REPRESENTATION_CONTEXT() REPRESENTATION_CONTEXT('2D SPACE',''
  ) );
#1122 = PCURVE('',#1123,#1128);
#1123 = CYLINDRICAL_SURFACE('',#1124,2.75);
#1124 = AXIS2_PLACEMENT_3D('',#1125,#1126,#1127);
#1125 = CARTESIAN_POINT('',(0.,0.,32.));
#1126 = DIRECTION('',(0.923879532511,0.382683432365,0.));
#1127 = DIRECTION('',(-0.382683432365,0.923879532511,0.));
#1128 = DEFINITIONAL_REPRESENTATION('',(#1129),#1138);
#1129 = B_SPLINE_CURVE_WITH_KNOTS('',7,(#1130,#1131,#1132,#1133,#1134,
    #1135,#1136,#1137),.UNSPECIFIED.,.F.,.F.,(8,8),(3.14159265359,
    4.712388980385),.PIECEWISE_BEZIER_KNOTS.);
#1130 = CARTESIAN_POINT('',(0.,0.547009010294));
#1131 = CARTESIAN_POINT('',(0.224399475256,0.547009010294));
#1132 = CARTESIAN_POINT('',(0.448798950513,0.514872957034));
#1133 = CARTESIAN_POINT('',(0.673198425769,0.450605512372));
#1134 = CARTESIAN_POINT('',(0.897597901026,0.35815241316));
#1135 = CARTESIAN_POINT('',(1.121997376282,0.24549657131));
#1136 = CARTESIAN_POINT('',(1.346396851538,0.122748534871));
#1137 = CARTESIAN_POINT('',(1.570796326795,1.004839250342E-16));
#1138 = ( GEOMETRIC_REPRESENTATION_CONTEXT(2) 
PARAMETRIC_REPRESENTATION_CONTEXT() REPRESENTATION_CONTEXT('2D SPACE',''
  ) );
#1139 = ORIENTED_EDGE('',*,*,#1140,.F.);
#1140 = EDGE_CURVE('',#1141,#1102,#1143,.T.);
#1141 = VERTEX_POINT('',#1142);
#1142 = CARTESIAN_POINT('',(4.542964377574E-14,-2.392972557434E-13,29.25
    ));
#1143 = SURFACE_CURVE('',#1144,(#1149,#1161),.PCURVE_S1.);
#1144 = ELLIPSE('',#1145,2.803875685073,2.75);
#1145 = AXIS2_PLACEMENT_3D('',#1146,#1147,#1148);
#1146 = CARTESIAN_POINT('',(0.,0.,32.));
#1147 = DIRECTION('',(0.980785280403,0.195090322016,0.));
#1148 = DIRECTION('',(0.195090322016,-0.980785280403,0.));
#1149 = PCURVE('',#968,#1150);
#1150 = DEFINITIONAL_REPRESENTATION('',(#1151),#1160);
#1151 = B_SPLINE_CURVE_WITH_KNOTS('',7,(#1152,#1153,#1154,#1155,#1156,
    #1157,#1158,#1159),.UNSPECIFIED.,.F.,.F.,(8,8),(1.570796285048,
    3.14159265359),.PIECEWISE_BEZIER_KNOTS.);
#1152 = CARTESIAN_POINT('',(3.141592611843,60.950000022836));
#1153 = CARTESIAN_POINT('',(3.365992093063,60.827251484703));
#1154 = CARTESIAN_POINT('',(3.590391574282,60.704503443651));
#1155 = CARTESIAN_POINT('',(3.814791055506,60.59184759669));
#1156 = CARTESIAN_POINT('',(4.039190536722,60.499394492734));
#1157 = CARTESIAN_POINT('',(4.263590017945,60.435127044675));
#1158 = CARTESIAN_POINT('',(4.487989499164,60.402990989706));
#1159 = CARTESIAN_POINT('',(4.712388980385,60.402990989706));
#1160 = ( GEOMETRIC_REPRESENTATION_CONTEXT(2) 
PARAMETRIC_REPRESENTATION_CONTEXT() REPRESENTATION_CONTEXT('2D SPACE',''
  ) );
#1161 = PCURVE('',#1123,#1162);
#1162 = DEFINITIONAL_REPRESENTATION('',(#1163),#1172);
#1163 = B_SPLINE_CURVE_WITH_KNOTS('',7,(#1164,#1165,#1166,#1167,#1168,
    #1169,#1170,#1171),.UNSPECIFIED.,.F.,.F.,(8,8),(1.570796285048,
    3.14159265359),.PIECEWISE_BEZIER_KNOTS.);
#1164 = CARTESIAN_POINT('',(4.712388938637,-2.283614033443E-08));
#1165 = CARTESIAN_POINT('',(4.936788419858,0.122748515297));
#1166 = CARTESIAN_POINT('',(5.161187901078,0.24549655634));
#1167 = CARTESIAN_POINT('',(5.385587382298,0.358152403331));
#1168 = CARTESIAN_POINT('',(5.609986863519,0.450605507249));
#1169 = CARTESIAN_POINT('',(5.834386344739,0.514872955325));
#1170 = CARTESIAN_POINT('',(6.058785825959,0.547009010294));
#1171 = CARTESIAN_POINT('',(6.28318530718,0.547009010294));
#1172 = ( GEOMETRIC_REPRESENTATION_CONTEXT(2) 
PARAMETRIC_REPRESENTATION_CONTEXT() REPRESENTATION_CONTEXT('2D SPACE',''
  ) );
#1173 = ORIENTED_EDGE('',*,*,#1174,.F.);
#1174 = EDGE_CURVE('',#1079,#1141,#1175,.T.);
#1175 = SURFACE_CURVE('',#1176,(#1181,#1188),.PCURVE_S1.);
#1176 = CIRCLE('',#1177,2.75);
#1177 = AXIS2_PLACEMENT_3D('',#1178,#1179,#1180);
#1178 = CARTESIAN_POINT('',(0.,0.,32.));
#1179 = DIRECTION('',(1.,0.,0.));
#1180 = DIRECTION('',(-0.,0.,1.));
#1181 = PCURVE('',#968,#1182);
#1182 = DEFINITIONAL_REPRESENTATION('',(#1183),#1187);
#1183 = LINE('',#1184,#1185);
#1184 = CARTESIAN_POINT('',(0.,60.95));
#1185 = VECTOR('',#1186,1.);
#1186 = DIRECTION('',(1.,0.));
#1187 = ( GEOMETRIC_REPRESENTATION_CONTEXT(2) 
PARAMETRIC_REPRESENTATION_CONTEXT() REPRESENTATION_CONTEXT('2D SPACE',''
  ) );
#1188 = PCURVE('',#1189,#1194);
#1189 = PLANE('',#1190);
#1190 = AXIS2_PLACEMENT_3D('',#1191,#1192,#1193);
#1191 = CARTESIAN_POINT('',(0.,0.,32.));
#1192 = DIRECTION('',(1.,0.,0.));
#1193 = DIRECTION('',(-0.,0.,1.));
#1194 = DEFINITIONAL_REPRESENTATION('',(#1195),#1199);
#1195 = CIRCLE('',#1196,2.75);
#1196 = AXIS2_PLACEMENT_2D('',#1197,#1198);
#1197 = CARTESIAN_POINT('',(0.,0.));
#1198 = DIRECTION('',(1.,0.));
#1199 = ( GEOMETRIC_REPRESENTATION_CONTEXT(2) 
PARAMETRIC_REPRESENTATION_CONTEXT() REPRESENTATION_CONTEXT('2D SPACE',''
  ) );
#1200 = ORIENTED_EDGE('',*,*,#1078,.F.);
#1201 = ADVANCED_FACE('',(#1202),#1059,.T.);
#1202 = FACE_BOUND('',#1203,.T.);
#1203 = EDGE_LOOP('',(#1204,#1205,#1228,#1255));
#1204 = ORIENTED_EDGE('',*,*,#1042,.T.);
#1205 = ORIENTED_EDGE('',*,*,#1206,.T.);
#1206 = EDGE_CURVE('',#1043,#1207,#1209,.T.);
#1207 = VERTEX_POINT('',#1208);
#1208 = CARTESIAN_POINT('',(59.95,0.,41.95));
#1209 = SEAM_CURVE('',#1210,(#1214,#1221),.PCURVE_S1.);
#1210 = LINE('',#1211,#1212);
#1211 = CARTESIAN_POINT('',(59.95,0.,13.));
#1212 = VECTOR('',#1213,1.);
#1213 = DIRECTION('',(0.,0.,1.));
#1214 = PCURVE('',#1059,#1215);
#1215 = DEFINITIONAL_REPRESENTATION('',(#1216),#1220);
#1216 = LINE('',#1217,#1218);
#1217 = CARTESIAN_POINT('',(0.,0.));
#1218 = VECTOR('',#1219,1.);
#1219 = DIRECTION('',(0.,1.));
#1220 = ( GEOMETRIC_REPRESENTATION_CONTEXT(2) 
PARAMETRIC_REPRESENTATION_CONTEXT() REPRESENTATION_CONTEXT('2D SPACE',''
  ) );
#1221 = PCURVE('',#1059,#1222);
#1222 = DEFINITIONAL_REPRESENTATION('',(#1223),#1227);
#1223 = LINE('',#1224,#1225);
#1224 = CARTESIAN_POINT('',(6.28318530718,0.));
#1225 = VECTOR('',#1226,1.);
#1226 = DIRECTION('',(0.,1.));
#1227 = ( GEOMETRIC_REPRESENTATION_CONTEXT(2) 
PARAMETRIC_REPRESENTATION_CONTEXT() REPRESENTATION_CONTEXT('2D SPACE',''
  ) );
#1228 = ORIENTED_EDGE('',*,*,#1229,.F.);
#1229 = EDGE_CURVE('',#1207,#1207,#1230,.T.);
#1230 = SURFACE_CURVE('',#1231,(#1236,#1243),.PCURVE_S1.);
#1231 = CIRCLE('',#1232,59.95);
#1232 = AXIS2_PLACEMENT_3D('',#1233,#1234,#1235);
#1233 = CARTESIAN_POINT('',(0.,0.,41.95));
#1234 = DIRECTION('',(0.,0.,1.));
#1235 = DIRECTION('',(1.,0.,-0.));
#1236 = PCURVE('',#1059,#1237);
#1237 = DEFINITIONAL_REPRESENTATION('',(#1238),#1242);
#1238 = LINE('',#1239,#1240);
#1239 = CARTESIAN_POINT('',(0.,28.95));
#1240 = VECTOR('',#1241,1.);
#1241 = DIRECTION('',(1.,0.));
#1242 = ( GEOMETRIC_REPRESENTATION_CONTEXT(2) 
PARAMETRIC_REPRESENTATION_CONTEXT() REPRESENTATION_CONTEXT('2D SPACE',''
  ) );
#1243 = PCURVE('',#1244,#1249);
#1244 = PLANE('',#1245);
#1245 = AXIS2_PLACEMENT_3D('',#1246,#1247,#1248);
#1246 = CARTESIAN_POINT('',(0.,0.,41.95));
#1247 = DIRECTION('',(0.,0.,1.));
#1248 = DIRECTION('',(1.,0.,-0.));
#1249 = DEFINITIONAL_REPRESENTATION('',(#1250),#1254);
#1250 = CIRCLE('',#1251,59.95);
#1251 = AXIS2_PLACEMENT_2D('',#1252,#1253);
#1252 = CARTESIAN_POINT('',(0.,0.));
#1253 = DIRECTION('',(1.,0.));
#1254 = ( GEOMETRIC_REPRESENTATION_CONTEXT(2) 
PARAMETRIC_REPRESENTATION_CONTEXT() REPRESENTATION_CONTEXT('2D SPACE',''
  ) );
#1255 = ORIENTED_EDGE('',*,*,#1206,.F.);
#1256 = ADVANCED_FACE('',(#1257),#1189,.F.);
#1257 = FACE_BOUND('',#1258,.F.);
#1258 = EDGE_LOOP('',(#1259,#1283));
#1259 = ORIENTED_EDGE('',*,*,#1260,.T.);
#1260 = EDGE_CURVE('',#1141,#1079,#1261,.T.);
#1261 = SURFACE_CURVE('',#1262,(#1266,#1272),.PCURVE_S1.);
#1262 = LINE('',#1263,#1264);
#1263 = CARTESIAN_POINT('',(0.,0.,32.));
#1264 = VECTOR('',#1265,1.);
#1265 = DIRECTION('',(0.,0.,1.));
#1266 = PCURVE('',#1189,#1267);
#1267 = DEFINITIONAL_REPRESENTATION('',(#1268),#1271);
#1268 = B_SPLINE_CURVE_WITH_KNOTS('',1,(#1269,#1270),.UNSPECIFIED.,.F.,
  .F.,(2,2),(-2.75,2.75),.PIECEWISE_BEZIER_KNOTS.);
#1269 = CARTESIAN_POINT('',(-2.75,0.));
#1270 = CARTESIAN_POINT('',(2.75,0.));
#1271 = ( GEOMETRIC_REPRESENTATION_CONTEXT(2) 
PARAMETRIC_REPRESENTATION_CONTEXT() REPRESENTATION_CONTEXT('2D SPACE',''
  ) );
#1272 = PCURVE('',#1273,#1278);
#1273 = PLANE('',#1274);
#1274 = AXIS2_PLACEMENT_3D('',#1275,#1276,#1277);
#1275 = CARTESIAN_POINT('',(0.,0.,32.));
#1276 = DIRECTION('',(0.923879532511,0.382683432365,0.));
#1277 = DIRECTION('',(-0.382683432365,0.923879532511,0.));
#1278 = DEFINITIONAL_REPRESENTATION('',(#1279),#1282);
#1279 = B_SPLINE_CURVE_WITH_KNOTS('',1,(#1280,#1281),.UNSPECIFIED.,.F.,
  .F.,(2,2),(-2.75,2.75),.PIECEWISE_BEZIER_KNOTS.);
#1280 = CARTESIAN_POINT('',(0.,-2.75));
#1281 = CARTESIAN_POINT('',(0.,2.75));
#1282 = ( GEOMETRIC_REPRESENTATION_CONTEXT(2) 
PARAMETRIC_REPRESENTATION_CONTEXT() REPRESENTATION_CONTEXT('2D SPACE',''
  ) );
#1283 = ORIENTED_EDGE('',*,*,#1174,.T.);
#1284 = ADVANCED_FACE('',(#1285,#1407,#2378),#1123,.F.);
#1285 = FACE_BOUND('',#1286,.F.);
#1286 = EDGE_LOOP('',(#1287,#1288,#1311,#1339,#1362,#1383,#1384,#1385));
#1287 = ORIENTED_EDGE('',*,*,#1140,.T.);
#1288 = ORIENTED_EDGE('',*,*,#1289,.T.);
#1289 = EDGE_CURVE('',#1102,#1290,#1292,.T.);
#1290 = VERTEX_POINT('',#1291);
#1291 = CARTESIAN_POINT('',(46.157864672323,22.095792108262,32.));
#1292 = SEAM_CURVE('',#1293,(#1297,#1304),.PCURVE_S1.);
#1293 = LINE('',#1294,#1295);
#1294 = CARTESIAN_POINT('',(-1.052379439004,2.540668714406,32.));
#1295 = VECTOR('',#1296,1.);
#1296 = DIRECTION('',(0.923879532511,0.382683432365,1.232595164408E-32)
  );
#1297 = PCURVE('',#1123,#1298);
#1298 = DEFINITIONAL_REPRESENTATION('',(#1299),#1303);
#1299 = LINE('',#1300,#1301);
#1300 = CARTESIAN_POINT('',(0.,-0.));
#1301 = VECTOR('',#1302,1.);
#1302 = DIRECTION('',(0.,1.));
#1303 = ( GEOMETRIC_REPRESENTATION_CONTEXT(2) 
PARAMETRIC_REPRESENTATION_CONTEXT() REPRESENTATION_CONTEXT('2D SPACE',''
  ) );
#1304 = PCURVE('',#1123,#1305);
#1305 = DEFINITIONAL_REPRESENTATION('',(#1306),#1310);
#1306 = LINE('',#1307,#1308);
#1307 = CARTESIAN_POINT('',(6.28318530718,-0.));
#1308 = VECTOR('',#1309,1.);
#1309 = DIRECTION('',(0.,1.));
#1310 = ( GEOMETRIC_REPRESENTATION_CONTEXT(2) 
PARAMETRIC_REPRESENTATION_CONTEXT() REPRESENTATION_CONTEXT('2D SPACE',''
  ) );
#1311 = ORIENTED_EDGE('',*,*,#1312,.F.);
#1312 = EDGE_CURVE('',#1313,#1290,#1315,.T.);
#1313 = VERTEX_POINT('',#1314);
#1314 = CARTESIAN_POINT('',(47.210244111327,19.555123393856,29.25));
#1315 = SURFACE_CURVE('',#1316,(#1321,#1328),.PCURVE_S1.);
#1316 = CIRCLE('',#1317,2.75);
#1317 = AXIS2_PLACEMENT_3D('',#1318,#1319,#1320);
#1318 = CARTESIAN_POINT('',(47.210244111327,19.555123393856,32.));
#1319 = DIRECTION('',(0.923879532511,0.382683432365,0.));
#1320 = DIRECTION('',(-0.382683432365,0.923879532511,0.));
#1321 = PCURVE('',#1123,#1322);
#1322 = DEFINITIONAL_REPRESENTATION('',(#1323),#1327);
#1323 = LINE('',#1324,#1325);
#1324 = CARTESIAN_POINT('',(0.,51.1));
#1325 = VECTOR('',#1326,1.);
#1326 = DIRECTION('',(1.,0.));
#1327 = ( GEOMETRIC_REPRESENTATION_CONTEXT(2) 
PARAMETRIC_REPRESENTATION_CONTEXT() REPRESENTATION_CONTEXT('2D SPACE',''
  ) );
#1328 = PCURVE('',#1329,#1334);
#1329 = CONICAL_SURFACE('',#1330,2.75,1.029744258677);
#1330 = AXIS2_PLACEMENT_3D('',#1331,#1332,#1333);
#1331 = CARTESIAN_POINT('',(47.210244111327,19.555123393856,32.));
#1332 = DIRECTION('',(-0.923879532511,-0.382683432365,-0.));
#1333 = DIRECTION('',(-0.382683432365,0.923879532511,0.));
#1334 = DEFINITIONAL_REPRESENTATION('',(#1335),#1338);
#1335 = B_SPLINE_CURVE_WITH_KNOTS('',1,(#1336,#1337),.UNSPECIFIED.,.F.,
  .F.,(2,2),(0.,6.28318530718),.PIECEWISE_BEZIER_KNOTS.);
#1336 = CARTESIAN_POINT('',(0.,0.));
#1337 = CARTESIAN_POINT('',(-6.28318530718,0.));
#1338 = ( GEOMETRIC_REPRESENTATION_CONTEXT(2) 
PARAMETRIC_REPRESENTATION_CONTEXT() REPRESENTATION_CONTEXT('2D SPACE',''
  ) );
#1339 = ORIENTED_EDGE('',*,*,#1340,.F.);
#1340 = EDGE_CURVE('',#1341,#1313,#1343,.T.);
#1341 = VERTEX_POINT('',#1342);
#1342 = CARTESIAN_POINT('',(47.210244111327,19.555123393856,34.75));
#1343 = SURFACE_CURVE('',#1344,(#1349,#1356),.PCURVE_S1.);
#1344 = CIRCLE('',#1345,2.75);
#1345 = AXIS2_PLACEMENT_3D('',#1346,#1347,#1348);
#1346 = CARTESIAN_POINT('',(47.210244111327,19.555123393856,32.));
#1347 = DIRECTION('',(0.923879532511,0.382683432365,0.));
#1348 = DIRECTION('',(-0.382683432365,0.923879532511,0.));
#1349 = PCURVE('',#1123,#1350);
#1350 = DEFINITIONAL_REPRESENTATION('',(#1351),#1355);
#1351 = LINE('',#1352,#1353);
#1352 = CARTESIAN_POINT('',(0.,51.1));
#1353 = VECTOR('',#1354,1.);
#1354 = DIRECTION('',(1.,0.));
#1355 = ( GEOMETRIC_REPRESENTATION_CONTEXT(2) 
PARAMETRIC_REPRESENTATION_CONTEXT() REPRESENTATION_CONTEXT('2D SPACE',''
  ) );
#1356 = PCURVE('',#1329,#1357);
#1357 = DEFINITIONAL_REPRESENTATION('',(#1358),#1361);
#1358 = B_SPLINE_CURVE_WITH_KNOTS('',1,(#1359,#1360),.UNSPECIFIED.,.F.,
  .F.,(2,2),(0.,6.28318530718),.PIECEWISE_BEZIER_KNOTS.);
#1359 = CARTESIAN_POINT('',(0.,0.));
#1360 = CARTESIAN_POINT('',(-6.28318530718,0.));
#1361 = ( GEOMETRIC_REPRESENTATION_CONTEXT(2) 
PARAMETRIC_REPRESENTATION_CONTEXT() REPRESENTATION_CONTEXT('2D SPACE',''
  ) );
#1362 = ORIENTED_EDGE('',*,*,#1363,.F.);
#1363 = EDGE_CURVE('',#1290,#1341,#1364,.T.);
#1364 = SURFACE_CURVE('',#1365,(#1370,#1377),.PCURVE_S1.);
#1365 = CIRCLE('',#1366,2.75);
#1366 = AXIS2_PLACEMENT_3D('',#1367,#1368,#1369);
#1367 = CARTESIAN_POINT('',(47.210244111327,19.555123393856,32.));
#1368 = DIRECTION('',(0.923879532511,0.382683432365,0.));
#1369 = DIRECTION('',(-0.382683432365,0.923879532511,0.));
#1370 = PCURVE('',#1123,#1371);
#1371 = DEFINITIONAL_REPRESENTATION('',(#1372),#1376);
#1372 = LINE('',#1373,#1374);
#1373 = CARTESIAN_POINT('',(0.,51.1));
#1374 = VECTOR('',#1375,1.);
#1375 = DIRECTION('',(1.,0.));
#1376 = ( GEOMETRIC_REPRESENTATION_CONTEXT(2) 
PARAMETRIC_REPRESENTATION_CONTEXT() REPRESENTATION_CONTEXT('2D SPACE',''
  ) );
#1377 = PCURVE('',#1329,#1378);
#1378 = DEFINITIONAL_REPRESENTATION('',(#1379),#1382);
#1379 = B_SPLINE_CURVE_WITH_KNOTS('',1,(#1380,#1381),.UNSPECIFIED.,.F.,
  .F.,(2,2),(0.,6.28318530718),.PIECEWISE_BEZIER_KNOTS.);
#1380 = CARTESIAN_POINT('',(0.,0.));
#1381 = CARTESIAN_POINT('',(-6.28318530718,0.));
#1382 = ( GEOMETRIC_REPRESENTATION_CONTEXT(2) 
PARAMETRIC_REPRESENTATION_CONTEXT() REPRESENTATION_CONTEXT('2D SPACE',''
  ) );
#1383 = ORIENTED_EDGE('',*,*,#1289,.F.);
#1384 = ORIENTED_EDGE('',*,*,#1101,.T.);
#1385 = ORIENTED_EDGE('',*,*,#1386,.T.);
#1386 = EDGE_CURVE('',#1079,#1141,#1387,.T.);
#1387 = SURFACE_CURVE('',#1388,(#1393,#1400),.PCURVE_S1.);
#1388 = CIRCLE('',#1389,2.75);
#1389 = AXIS2_PLACEMENT_3D('',#1390,#1391,#1392);
#1390 = CARTESIAN_POINT('',(0.,0.,32.));
#1391 = DIRECTION('',(0.923879532511,0.382683432365,0.));
#1392 = DIRECTION('',(-0.382683432365,0.923879532511,0.));
#1393 = PCURVE('',#1123,#1394);
#1394 = DEFINITIONAL_REPRESENTATION('',(#1395),#1399);
#1395 = LINE('',#1396,#1397);
#1396 = CARTESIAN_POINT('',(0.,0.));
#1397 = VECTOR('',#1398,1.);
#1398 = DIRECTION('',(1.,0.));
#1399 = ( GEOMETRIC_REPRESENTATION_CONTEXT(2) 
PARAMETRIC_REPRESENTATION_CONTEXT() REPRESENTATION_CONTEXT('2D SPACE',''
  ) );
#1400 = PCURVE('',#1273,#1401);
#1401 = DEFINITIONAL_REPRESENTATION('',(#1402),#1406);
#1402 = CIRCLE('',#1403,2.75);
#1403 = AXIS2_PLACEMENT_2D('',#1404,#1405);
#1404 = CARTESIAN_POINT('',(0.,0.));
#1405 = DIRECTION('',(1.,0.));
#1406 = ( GEOMETRIC_REPRESENTATION_CONTEXT(2) 
PARAMETRIC_REPRESENTATION_CONTEXT() REPRESENTATION_CONTEXT('2D SPACE',''
  ) );
#1407 = FACE_BOUND('',#1408,.F.);
#1408 = EDGE_LOOP('',(#1409,#1898));
#1409 = ORIENTED_EDGE('',*,*,#1410,.T.);
#1410 = EDGE_CURVE('',#1411,#1413,#1415,.T.);
#1411 = VERTEX_POINT('',#1412);
#1412 = CARTESIAN_POINT('',(42.400545280049,18.598414812943,
    34.57821812328));
#1413 = VERTEX_POINT('',#1414);
#1414 = CARTESIAN_POINT('',(47.210244111327,19.555123393856,34.75));
#1415 = SURFACE_CURVE('',#1416,(#1573,#1733),.PCURVE_S1.);
#1416 = B_SPLINE_CURVE_WITH_KNOTS('',8,(#1417,#1418,#1419,#1420,#1421,
    #1422,#1423,#1424,#1425,#1426,#1427,#1428,#1429,#1430,#1431,#1432,
    #1433,#1434,#1435,#1436,#1437,#1438,#1439,#1440,#1441,#1442,#1443,
    #1444,#1445,#1446,#1447,#1448,#1449,#1450,#1451,#1452,#1453,#1454,
    #1455,#1456,#1457,#1458,#1459,#1460,#1461,#1462,#1463,#1464,#1465,
    #1466,#1467,#1468,#1469,#1470,#1471,#1472,#1473,#1474,#1475,#1476,
    #1477,#1478,#1479,#1480,#1481,#1482,#1483,#1484,#1485,#1486,#1487,
    #1488,#1489,#1490,#1491,#1492,#1493,#1494,#1495,#1496,#1497,#1498,
    #1499,#1500,#1501,#1502,#1503,#1504,#1505,#1506,#1507,#1508,#1509,
    #1510,#1511,#1512,#1513,#1514,#1515,#1516,#1517,#1518,#1519,#1520,
    #1521,#1522,#1523,#1524,#1525,#1526,#1527,#1528,#1529,#1530,#1531,
    #1532,#1533,#1534,#1535,#1536,#1537,#1538,#1539,#1540,#1541,#1542,
    #1543,#1544,#1545,#1546,#1547,#1548,#1549,#1550,#1551,#1552,#1553,
    #1554,#1555,#1556,#1557,#1558,#1559,#1560,#1561,#1562,#1563,#1564,
    #1565,#1566,#1567,#1568,#1569,#1570,#1571,#1572),.UNSPECIFIED.,.T.,
  .F.,(9,7,7,7,7,7,7,7,7,7,7,7,7,7,7,7,7,7,7,7,7,7,9),(0.,
    2.855207707057E-02,9.896635872602E-02,0.148279724953,0.163320723017,
    0.175896435022,0.195706660056,0.244705047767,0.295063269685,
    0.392506095744,0.445894368252,0.500274836778,0.599571815934,
    0.648124598424,0.678188457869,0.698094893366,0.718477552442,
    0.731304881495,0.746631770826,0.796736177316,0.895047581859,
    0.948336321239,1.),.UNSPECIFIED.);
#1417 = CARTESIAN_POINT('',(42.400545280049,18.598414812943,
    34.57821812328));
#1418 = CARTESIAN_POINT('',(42.400545280049,18.662860543874,
    34.556124369386));
#1419 = CARTESIAN_POINT('',(42.402443858515,18.726266749863,
    34.532868836998));
#1420 = CARTESIAN_POINT('',(42.40613399327,18.788608040636,
    34.508560933937));
#1421 = CARTESIAN_POINT('',(42.411514661559,18.849865546891,
    34.483303184739));
#1422 = CARTESIAN_POINT('',(42.418490925961,18.910026726522,
    34.457191303169));
#1423 = CARTESIAN_POINT('',(42.426974020299,18.969085170839,
    34.430314264725));
#1424 = CARTESIAN_POINT('',(42.436881435547,19.02704041079,
    34.402754379153));
#1425 = CARTESIAN_POINT('',(42.475895157571,19.224117532733,
    34.305122706965));
#1426 = CARTESIAN_POINT('',(42.511897283315,19.357884081086,
    34.231854160268));
#1427 = CARTESIAN_POINT('',(42.555063214666,19.485305297942,
    34.155863462301));
#1428 = CARTESIAN_POINT('',(42.604547028388,19.60662495732,
    34.078018733492));
#1429 = CARTESIAN_POINT('',(42.659736607366,19.722186488623,
    33.999018562336));
#1430 = CARTESIAN_POINT('',(42.720244268394,19.832384078485,
    33.919437983186));
#1431 = CARTESIAN_POINT('',(42.785907043046,19.93761718425,
    33.839815214641));
#1432 = CARTESIAN_POINT('',(42.906474439424,20.108751159844,
    33.705493780565));
#1433 = CARTESIAN_POINT('',(42.95848447286,20.176673509501,
    33.650723815802));
#1434 = CARTESIAN_POINT('',(43.012952314808,20.242361497663,
    33.596603316915));
#1435 = CARTESIAN_POINT('',(43.070027199721,20.306030247562,
    33.54331560639));
#1436 = CARTESIAN_POINT('',(43.129853010332,20.367767830034,
    33.491191997426));
#1437 = CARTESIAN_POINT('',(43.192542040602,20.427559251363,
    33.440758339285));
#1438 = CARTESIAN_POINT('',(43.258174745333,20.485323979673,
    33.392753187294));
#1439 = CARTESIAN_POINT('',(43.347770609606,20.557908912487,
    33.33448369512));
#1440 = CARTESIAN_POINT('',(43.369013332724,20.574691074487,
    33.321163246865));
#1441 = CARTESIAN_POINT('',(43.390563228774,20.591288166195,
    33.308167391786));
#1442 = CARTESIAN_POINT('',(43.412425589736,20.607697265995,
    33.295524235916));
#1443 = CARTESIAN_POINT('',(43.434606070649,20.623915104122,
    33.283263782559));
#1444 = CARTESIAN_POINT('',(43.457110689607,20.639938062667,
    33.271417932294));
#1445 = CARTESIAN_POINT('',(43.479945827759,20.655762175574,
    33.260020482973));
#1446 = CARTESIAN_POINT('',(43.522492571837,20.684443738455,
    33.239982523296));
#1447 = CARTESIAN_POINT('',(43.542106872859,20.697364978339,
    33.231194320373));
#1448 = CARTESIAN_POINT('',(43.561957939726,20.710139522654,
    33.222767055193));
#1449 = CARTESIAN_POINT('',(43.582043554939,20.722760699749,
    33.214724830834));
#1450 = CARTESIAN_POINT('',(43.602362476149,20.735222491958,
    33.207091319212));
#1451 = CARTESIAN_POINT('',(43.622914436159,20.747519535599,
    33.19988976108));
#1452 = CARTESIAN_POINT('',(43.643700142923,20.759647120978,
    33.193142966024));
#1453 = CARTESIAN_POINT('',(43.697835384481,20.790432161517,
    33.176996873846));
#1454 = CARTESIAN_POINT('',(43.731576589591,20.808856384981,
    33.168291592363));
#1455 = CARTESIAN_POINT('',(43.765873485885,20.82680980598,
    33.160874188746));
#1456 = CARTESIAN_POINT('',(43.800665831416,20.844242618003,
    33.154839229023));
#1457 = CARTESIAN_POINT('',(43.835902068886,20.861116465507,
    33.150259199322));
#1458 = CARTESIAN_POINT('',(43.871536843234,20.877401644592,
    33.14718458066));
#1459 = CARTESIAN_POINT('',(43.907528519244,20.893074303685,
    33.145643923739));
#1460 = CARTESIAN_POINT('',(44.033640942772,20.945311779894,
    33.145643923739));
#1461 = CARTESIAN_POINT('',(44.123262855524,20.977759317244,
    33.155069413552));
#1462 = CARTESIAN_POINT('',(44.212879215461,21.005863162091,
    33.173246349754));
#1463 = CARTESIAN_POINT('',(44.302565370999,21.029849990179,
    33.199258910527));
#1464 = CARTESIAN_POINT('',(44.392176272322,21.049802713225,
    33.231949535806));
#1465 = CARTESIAN_POINT('',(44.481256639779,21.065755203637,
    33.269943010112));
#1466 = CARTESIAN_POINT('',(44.568990384424,21.07781052901,
    33.311684974185));
#1467 = CARTESIAN_POINT('',(44.741773181608,21.094919526536,
    33.400501101838));
#1468 = CARTESIAN_POINT('',(44.828742748288,21.099973672286,
    33.448751505724));
#1469 = CARTESIAN_POINT('',(44.915080408439,21.101543207419,
    33.499336820469));
#1470 = CARTESIAN_POINT('',(45.000789444682,21.099736832142,
    33.551543745299));
#1471 = CARTESIAN_POINT('',(45.085941123553,21.094638425677,
    33.604866102982));
#1472 = CARTESIAN_POINT('',(45.1706974821,21.086280905697,33.65898435564
    ));
#1473 = CARTESIAN_POINT('',(45.255307629949,21.074612838824,
    33.713718665517));
#1474 = CARTESIAN_POINT('',(45.504070858563,21.030186303489,
    33.875881880708));
#1475 = CARTESIAN_POINT('',(45.666827894063,20.988230736899,
    33.983555768956));
#1476 = CARTESIAN_POINT('',(45.829497135857,20.933129977494,
    34.09058488007));
#1477 = CARTESIAN_POINT('',(45.992509497714,20.863644341697,
    34.195916025552));
#1478 = CARTESIAN_POINT('',(46.155635730317,20.778066165497,
    34.29801004235));
#1479 = CARTESIAN_POINT('',(46.317812330085,20.674344991739,
    34.394738990835));
#1480 = CARTESIAN_POINT('',(46.477069134637,20.550225071169,
    34.483184393918));
#1481 = CARTESIAN_POINT('',(46.714126651515,20.323067894106,
    34.60129733764));
#1482 = CARTESIAN_POINT('',(46.797036931833,20.23506960797,
    34.639876620257));
#1483 = CARTESIAN_POINT('',(46.87752760132,20.139670235872,
    34.674050499939));
#1484 = CARTESIAN_POINT('',(46.95433301591,20.037214187898,
    34.702810741936));
#1485 = CARTESIAN_POINT('',(47.02633920385,19.92818613573,
    34.725328326361));
#1486 = CARTESIAN_POINT('',(47.092583836324,19.813198371688,
    34.740960954626));
#1487 = CARTESIAN_POINT('',(47.15225971255,19.692977175396,
    34.749257964835));
#1488 = CARTESIAN_POINT('',(47.258158788706,19.441403029468,
    34.750680443791));
#1489 = CARTESIAN_POINT('',(47.303169614767,19.312121879256,
    34.743508407964));
#1490 = CARTESIAN_POINT('',(47.339553497261,19.181618041163,
    34.728664097689));
#1491 = CARTESIAN_POINT('',(47.367319449056,19.051062342967,
    34.706586461496));
#1492 = CARTESIAN_POINT('',(47.386692415701,18.921664636928,
    34.677933550184));
#1493 = CARTESIAN_POINT('',(47.398121523025,18.794659168827,
    34.643577157294));
#1494 = CARTESIAN_POINT('',(47.402290392771,18.671293815625,
    34.604594397273));
#1495 = CARTESIAN_POINT('',(47.396183853897,18.336499658908,
    34.484948079517));
#1496 = CARTESIAN_POINT('',(47.371055287451,18.132259730594,
    34.394937382188));
#1497 = CARTESIAN_POINT('',(47.328808306279,17.940841223349,
    34.296316365436));
#1498 = CARTESIAN_POINT('',(47.272599093219,17.762033435057,
    34.192169395428));
#1499 = CARTESIAN_POINT('',(47.204743895776,17.595097906477,
    34.084733062641));
#1500 = CARTESIAN_POINT('',(47.126665412346,17.438924805692,
    33.975619854552));
#1501 = CARTESIAN_POINT('',(47.03893562534,17.292266638456,
    33.86592131124));
#1502 = CARTESIAN_POINT('',(46.893094781699,17.086258416278,
    33.703981809055));
#1503 = CARTESIAN_POINT('',(46.843014803624,17.020954075239,
    33.651310877118));
#1504 = CARTESIAN_POINT('',(46.790656056665,16.957714718409,
    33.599244707268));
#1505 = CARTESIAN_POINT('',(46.735890617758,16.896358516827,
    33.547950518802));
#1506 = CARTESIAN_POINT('',(46.678594502656,16.836802778458,
    33.497723212759));
#1507 = CARTESIAN_POINT('',(46.618668062536,16.779051676245,
    33.44902002742));
#1508 = CARTESIAN_POINT('',(46.55603677464,16.723173009467,
    33.402473443289));
#1509 = CARTESIAN_POINT('',(46.450134086464,16.635883564795,
    33.331890745943));
#1510 = CARTESIAN_POINT('',(46.408429972525,16.603141021233,
    33.305937163465));
#1511 = CARTESIAN_POINT('',(46.365516947222,16.571090835574,
    33.281242257757));
#1512 = CARTESIAN_POINT('',(46.321388806275,16.539784850339,
    33.258047016962));
#1513 = CARTESIAN_POINT('',(46.276031030555,16.509269437766,
    33.236610241911));
#1514 = CARTESIAN_POINT('',(46.229414713852,16.479584834398,
    33.217205293152));
#1515 = CARTESIAN_POINT('',(46.181489666895,16.450766655207,
    33.200116092812));
#1516 = CARTESIAN_POINT('',(46.099524687521,16.404364624808,
    33.176042159884));
#1517 = CARTESIAN_POINT('',(46.066266455061,16.386276232028,
    33.167594909613));
#1518 = CARTESIAN_POINT('',(46.032471249885,16.368645894489,
    33.160401560582));
#1519 = CARTESIAN_POINT('',(45.998197709018,16.351521546993,
    33.154551772181));
#1520 = CARTESIAN_POINT('',(45.963496220677,16.334940207588,
    33.150114057842));
#1521 = CARTESIAN_POINT('',(45.928411288084,16.318930611595,
    33.147135909779));
#1522 = CARTESIAN_POINT('',(45.892983893285,16.303515845638,
    33.145643923739));
#1523 = CARTESIAN_POINT('',(45.820669055624,16.273562059118,
    33.145643923739));
#1524 = CARTESIAN_POINT('',(45.783857776703,16.259090444272,
    33.147208144626));
#1525 = CARTESIAN_POINT('',(45.746863919282,16.245315076539,
    33.150329594454));
#1526 = CARTESIAN_POINT('',(45.70973450197,16.23224862928,
    33.154978844617));
#1527 = CARTESIAN_POINT('',(45.672523527577,16.219902264206,
    33.161103955316));
#1528 = CARTESIAN_POINT('',(45.635295843809,16.208285385755,
    33.168630401025));
#1529 = CARTESIAN_POINT('',(45.598131003941,16.19740539549,
    33.177460995961));
#1530 = CARTESIAN_POINT('',(45.537839640955,16.180887375686,
    33.193778404367));
#1531 = CARTESIAN_POINT('',(45.514596374399,16.174795638314,
    33.200555363561));
#1532 = CARTESIAN_POINT('',(45.491398951374,16.168988166157,
    33.207784363498));
#1533 = CARTESIAN_POINT('',(45.468250128307,16.16346111799,
    33.215442663943));
#1534 = CARTESIAN_POINT('',(45.445153794522,16.158210879576,
    33.22350711806));
#1535 = CARTESIAN_POINT('',(45.422114972245,16.15323406366,
    33.231954172411));
#1536 = CARTESIAN_POINT('',(45.399139816598,16.148527509971,
    33.240759866957));
#1537 = CARTESIAN_POINT('',(45.3488682539,16.138784023822,
    33.260820836534));
#1538 = CARTESIAN_POINT('',(45.32159532963,16.133859888526,
    33.27222193201));
#1539 = CARTESIAN_POINT('',(45.294415122382,16.129308124736,
    33.284067730755));
#1540 = CARTESIAN_POINT('',(45.267325909044,16.125121476675,
    33.296324734244));
#1541 = CARTESIAN_POINT('',(45.240325963796,16.121293187386,
    33.308961336155));
#1542 = CARTESIAN_POINT('',(45.213413558116,16.117816998737,
    33.321947822373));
#1543 = CARTESIAN_POINT('',(45.186586960777,16.114687151416,
    33.335256370986));
#1544 = CARTESIAN_POINT('',(45.072421725347,16.10278176078,
    33.393335470246));
#1545 = CARTESIAN_POINT('',(44.985615695561,16.097280418468,
    33.441118079114));
#1546 = CARTESIAN_POINT('',(44.899452975003,16.095257345916,
    33.491298615097));
#1547 = CARTESIAN_POINT('',(44.813932135452,16.096600264102,
    33.54315134843));
#1548 = CARTESIAN_POINT('',(44.728983792289,16.101220681259,
    33.596159358996));
#1549 = CARTESIAN_POINT('',(44.644445443262,16.109080012279,
    33.649996340048));
#1550 = CARTESIAN_POINT('',(44.560063518683,16.120223966978,
    33.704480760305));
#1551 = CARTESIAN_POINT('',(44.309679318958,16.163419074685,
    33.867505942936));
#1552 = CARTESIAN_POINT('',(44.145122535995,16.204948093302,
    33.976406276776));
#1553 = CARTESIAN_POINT('',(43.980646689121,16.259855809476,
    34.084731101803));
#1554 = CARTESIAN_POINT('',(43.815796501263,16.329405121114,
    34.191398899435));
#1555 = CARTESIAN_POINT('',(43.650798815164,16.415344573153,
    34.294822635366));
#1556 = CARTESIAN_POINT('',(43.486748509969,16.519777868166,
    34.392812482079));
#1557 = CARTESIAN_POINT('',(43.325675150576,16.645019894868,
    34.482360432104));
#1558 = CARTESIAN_POINT('',(43.086963908581,16.873761731782,
    34.60129733764));
#1559 = CARTESIAN_POINT('',(43.004053628263,16.961760017918,
    34.639876620258));
#1560 = CARTESIAN_POINT('',(42.923562958776,17.057159390016,
    34.67405049994));
#1561 = CARTESIAN_POINT('',(42.846757544187,17.15961543799,
    34.702810741936));
#1562 = CARTESIAN_POINT('',(42.774751356246,17.268643490158,
    34.725328326361));
#1563 = CARTESIAN_POINT('',(42.708506723772,17.383631254201,
    34.740960954627));
#1564 = CARTESIAN_POINT('',(42.648830847546,17.503852450492,
    34.749257964835));
#1565 = CARTESIAN_POINT('',(42.545506604249,17.749309816172,
    34.750645857601));
#1566 = CARTESIAN_POINT('',(42.502243427643,17.872336932417,
    34.744181758499));
#1567 = CARTESIAN_POINT('',(42.466784087654,17.996575907231,
    34.730740575142));
#1568 = CARTESIAN_POINT('',(42.439150109062,18.120986017659,
    34.710686060851));
#1569 = CARTESIAN_POINT('',(42.419174513456,18.244488004747,
    34.684573783332));
#1570 = CARTESIAN_POINT('',(42.40649496598,18.365976479624,
    34.653146938993));
#1571 = CARTESIAN_POINT('',(42.400545280049,18.484329427977,
    34.61732970417));
#1572 = CARTESIAN_POINT('',(42.400545280049,18.598414812943,
    34.57821812328));
#1573 = PCURVE('',#1123,#1574);
#1574 = DEFINITIONAL_REPRESENTATION('',(#1575),#1732);
#1575 = B_SPLINE_CURVE_WITH_KNOTS('',8,(#1576,#1577,#1578,#1579,#1580,
    #1581,#1582,#1583,#1584,#1585,#1586,#1587,#1588,#1589,#1590,#1591,
    #1592,#1593,#1594,#1595,#1596,#1597,#1598,#1599,#1600,#1601,#1602,
    #1603,#1604,#1605,#1606,#1607,#1608,#1609,#1610,#1611,#1612,#1613,
    #1614,#1615,#1616,#1617,#1618,#1619,#1620,#1621,#1622,#1623,#1624,
    #1625,#1626,#1627,#1628,#1629,#1630,#1631,#1632,#1633,#1634,#1635,
    #1636,#1637,#1638,#1639,#1640,#1641,#1642,#1643,#1644,#1645,#1646,
    #1647,#1648,#1649,#1650,#1651,#1652,#1653,#1654,#1655,#1656,#1657,
    #1658,#1659,#1660,#1661,#1662,#1663,#1664,#1665,#1666,#1667,#1668,
    #1669,#1670,#1671,#1672,#1673,#1674,#1675,#1676,#1677,#1678,#1679,
    #1680,#1681,#1682,#1683,#1684,#1685,#1686,#1687,#1688,#1689,#1690,
    #1691,#1692,#1693,#1694,#1695,#1696,#1697,#1698,#1699,#1700,#1701,
    #1702,#1703,#1704,#1705,#1706,#1707,#1708,#1709,#1710,#1711,#1712,
    #1713,#1714,#1715,#1716,#1717,#1718,#1719,#1720,#1721,#1722,#1723,
    #1724,#1725,#1726,#1727,#1728,#1729,#1730,#1731),.UNSPECIFIED.,.T.,
  .F.,(9,7,7,7,7,7,7,7,7,7,7,7,7,7,7,7,7,7,7,7,7,7,9),(0.,
    2.855207707057E-02,9.896635872602E-02,0.148279724953,0.163320723017,
    0.175896435022,0.195706660056,0.244705047767,0.295063269685,
    0.392506095744,0.445894368252,0.500274836778,0.599571815934,
    0.648124598424,0.678188457869,0.698094893366,0.718477552442,
    0.731304881495,0.746631770826,0.796736177316,0.895047581859,
    0.948336321239,1.),.UNSPECIFIED.);
#1576 = CARTESIAN_POINT('',(1.215472449485,46.290301168722));
#1577 = CARTESIAN_POINT('',(1.192378945011,46.314963482235));
#1578 = CARTESIAN_POINT('',(1.169713575767,46.340982044562));
#1579 = CARTESIAN_POINT('',(1.147465480321,46.368248263666));
#1580 = CARTESIAN_POINT('',(1.125624520694,46.396661585721));
#1581 = CARTESIAN_POINT('',(1.104181048193,46.426129500332));
#1582 = CARTESIAN_POINT('',(1.083125669259,46.456567545744));
#1583 = CARTESIAN_POINT('',(1.062449011296,46.48789931406));
#1584 = CARTESIAN_POINT('',(0.992059680988,46.599361442791));
#1585 = CARTESIAN_POINT('',(0.944142833404,46.683813311752));
#1586 = CARTESIAN_POINT('',(0.898236996329,46.772455420852));
#1587 = CARTESIAN_POINT('',(0.854206654883,46.864599527204));
#1588 = CARTESIAN_POINT('',(0.811931155558,46.959811533079));
#1589 = CARTESIAN_POINT('',(0.771309564448,47.057884114589));
#1590 = CARTESIAN_POINT('',(0.732283247465,47.15881957425));
#1591 = CARTESIAN_POINT('',(0.668694602595,47.335699461227));
#1592 = CARTESIAN_POINT('',(0.643419633065,47.409743224505));
#1593 = CARTESIAN_POINT('',(0.618998268232,47.485202653635));
#1594 = CARTESIAN_POINT('',(0.595429593372,47.562297947373));
#1595 = CARTESIAN_POINT('',(0.57278591614,47.641195739279));
#1596 = CARTESIAN_POINT('',(0.551220727509,47.721994037598));
#1597 = CARTESIAN_POINT('',(0.530969632877,47.804736354662));
#1598 = CARTESIAN_POINT('',(0.506659255696,47.915289191089));
#1599 = CARTESIAN_POINT('',(0.501122644054,47.941337163549));
#1600 = CARTESIAN_POINT('',(0.495740064558,47.967598103459));
#1601 = CARTESIAN_POINT('',(0.490521048984,47.994075781918));
#1602 = CARTESIAN_POINT('',(0.485475874738,48.020774172215));
#1603 = CARTESIAN_POINT('',(0.480615564849,48.047697449829));
#1604 = CARTESIAN_POINT('',(0.475951887976,48.074849992431));
#1605 = CARTESIAN_POINT('',(0.467772945912,48.125134017389));
#1606 = CARTESIAN_POINT('',(0.464193946839,48.148200013077));
#1607 = CARTESIAN_POINT('',(0.460769151653,48.17142861392));
#1608 = CARTESIAN_POINT('',(0.457507194755,48.194815218084));
#1609 = CARTESIAN_POINT('',(0.454416554477,48.218356374929));
#1610 = CARTESIAN_POINT('',(0.451505553083,48.242049785003));
#1611 = CARTESIAN_POINT('',(0.44878235677,48.26589430005));
#1612 = CARTESIAN_POINT('',(0.442273651309,48.327689666692));
#1613 = CARTESIAN_POINT('',(0.438773133708,48.365913120569));
#1614 = CARTESIAN_POINT('',(0.435796617363,48.404469797854));
#1615 = CARTESIAN_POINT('',(0.433378729351,48.44328498212));
#1616 = CARTESIAN_POINT('',(0.431545770821,48.4822963626));
#1617 = CARTESIAN_POINT('',(0.430315958492,48.521450669495));
#1618 = CARTESIAN_POINT('',(0.429699666151,48.560700309278));
#1619 = CARTESIAN_POINT('',(0.429699666151,48.697203412865));
#1620 = CARTESIAN_POINT('',(0.433469827193,48.792420398685));
#1621 = CARTESIAN_POINT('',(0.440740742029,48.885969995218));
#1622 = CARTESIAN_POINT('',(0.451182013512,48.978008560374));
#1623 = CARTESIAN_POINT('',(0.464391284091,49.068433814536));
#1624 = CARTESIAN_POINT('',(0.479889924075,49.156838096564));
#1625 = CARTESIAN_POINT('',(0.497118345296,49.242506880844));
#1626 = CARTESIAN_POINT('',(0.534237495937,49.40868470063));
#1627 = CARTESIAN_POINT('',(0.554632069478,49.49096824108));
#1628 = CARTESIAN_POINT('',(0.576309180138,49.571334473271));
#1629 = CARTESIAN_POINT('',(0.599042844227,49.649828027715));
#1630 = CARTESIAN_POINT('',(0.622687355294,49.726546845298));
#1631 = CARTESIAN_POINT('',(0.647175441946,49.801653225778));
#1632 = CARTESIAN_POINT('',(0.672509801971,49.875357633739));
#1633 = CARTESIAN_POINT('',(0.749527676145,50.088183590066));
#1634 = CARTESIAN_POINT('',(0.803141967958,50.222495783708));
#1635 = CARTESIAN_POINT('',(0.859609268643,50.351696419033));
#1636 = CARTESIAN_POINT('',(0.919235440329,50.475709202097));
#1637 = CARTESIAN_POINT('',(0.982351260909,50.593668839406));
#1638 = CARTESIAN_POINT('',(1.04931737478,50.703808105803));
#1639 = CARTESIAN_POINT('',(1.120516345832,50.803443570713));
#1640 = CARTESIAN_POINT('',(1.237955308392,50.93552687038));
#1641 = CARTESIAN_POINT('',(1.28133984555,50.978450495219));
#1642 = CARTESIAN_POINT('',(1.32624859969,51.016306418157));
#1643 = CARTESIAN_POINT('',(1.372425931386,51.048057136577));
#1644 = CARTESIAN_POINT('',(1.419646002795,51.072858950602));
#1645 = CARTESIAN_POINT('',(1.46770530672,51.09005709846));
#1646 = CARTESIAN_POINT('',(1.516413833304,51.099183759049));
#1647 = CARTESIAN_POINT('',(1.615669736169,51.100748490364));
#1648 = CARTESIAN_POINT('',(1.665351940311,51.092859317));
#1649 = CARTESIAN_POINT('',(1.714421106647,51.076531984651));
#1650 = CARTESIAN_POINT('',(1.762664890337,51.052222876514));
#1651 = CARTESIAN_POINT('',(1.809857062398,51.020602805595));
#1652 = CARTESIAN_POINT('',(1.85574712374,50.982559035464));
#1653 = CARTESIAN_POINT('',(1.900051452694,50.939200692098));
#1654 = CARTESIAN_POINT('',(2.019857034658,50.805438808789));
#1655 = CARTESIAN_POINT('',(2.092416565495,50.704063803774));
#1656 = CARTESIAN_POINT('',(2.160587333268,50.591779991194));
#1657 = CARTESIAN_POINT('',(2.224771008514,50.471422671542));
#1658 = CARTESIAN_POINT('',(2.285345809416,50.344849182399));
#1659 = CARTESIAN_POINT('',(2.342656709095,50.212949211372));
#1660 = CARTESIAN_POINT('',(2.397023418848,50.075773805945));
#1661 = CARTESIAN_POINT('',(2.473576371334,49.862198501942));
#1662 = CARTESIAN_POINT('',(2.497875223731,49.790939745832));
#1663 = CARTESIAN_POINT('',(2.521382957021,49.718365917037));
#1664 = CARTESIAN_POINT('',(2.544098384541,49.644289247124));
#1665 = CARTESIAN_POINT('',(2.565958156965,49.568563544712));
#1666 = CARTESIAN_POINT('',(2.586830697825,49.491098343212));
#1667 = CARTESIAN_POINT('',(2.606515591265,49.411850738231));
#1668 = CARTESIAN_POINT('',(2.636038182015,49.280605187891));
#1669 = CARTESIAN_POINT('',(2.646810980239,49.229545581647));
#1670 = CARTESIAN_POINT('',(2.656989979944,49.177634040835));
#1671 = CARTESIAN_POINT('',(2.666491330502,49.124884672723));
#1672 = CARTESIAN_POINT('',(2.675224863404,49.071301809272));
#1673 = CARTESIAN_POINT('',(2.683094828795,49.016874142483));
#1674 = CARTESIAN_POINT('',(2.690000672573,48.961568932777));
#1675 = CARTESIAN_POINT('',(2.699702875965,48.868085877689));
#1676 = CARTESIAN_POINT('',(2.703099074731,48.830437149197));
#1677 = CARTESIAN_POINT('',(2.705985386464,48.792467612755));
#1678 = CARTESIAN_POINT('',(2.708328965359,48.754249785764));
#1679 = CARTESIAN_POINT('',(2.710104939363,48.715844387062));
#1680 = CARTESIAN_POINT('',(2.711296165875,48.677303528794));
#1681 = CARTESIAN_POINT('',(2.711892987438,48.638673908303));
#1682 = CARTESIAN_POINT('',(2.711892987438,48.560400892054));
#1683 = CARTESIAN_POINT('',(2.711267268285,48.520853657652));
#1684 = CARTESIAN_POINT('',(2.710018724934,48.481404184946));
#1685 = CARTESIAN_POINT('',(2.708158049349,48.442100763351));
#1686 = CARTESIAN_POINT('',(2.705703980963,48.402997556361));
#1687 = CARTESIAN_POINT('',(2.702683557148,48.364158074366));
#1688 = CARTESIAN_POINT('',(2.699132363669,48.325658647465));
#1689 = CARTESIAN_POINT('',(2.692553833658,48.2636355187));
#1690 = CARTESIAN_POINT('',(2.689818120109,48.239830333494));
#1691 = CARTESIAN_POINT('',(2.686895637194,48.216176285775));
#1692 = CARTESIAN_POINT('',(2.683794524482,48.192674452179));
#1693 = CARTESIAN_POINT('',(2.680523068428,48.169327042862));
#1694 = CARTESIAN_POINT('',(2.677089702372,48.14613740151));
#1695 = CARTESIAN_POINT('',(2.673503006542,48.123110005331));
#1696 = CARTESIAN_POINT('',(2.665313320899,48.072936466764));
#1697 = CARTESIAN_POINT('',(2.660647357951,48.045855185243));
#1698 = CARTESIAN_POINT('',(2.655786223206,48.019002063487));
#1699 = CARTESIAN_POINT('',(2.650741576933,47.992372732881));
#1700 = CARTESIAN_POINT('',(2.645524335662,47.965963013203));
#1701 = CARTESIAN_POINT('',(2.640144672191,47.939768912621));
#1702 = CARTESIAN_POINT('',(2.634612015585,47.913786627697));
#1703 = CARTESIAN_POINT('',(2.610376756245,47.803755707607));
#1704 = CARTESIAN_POINT('',(2.59021647229,47.72145212083));
#1705 = CARTESIAN_POINT('',(2.568757365806,47.641073950493));
#1706 = CARTESIAN_POINT('',(2.546230850414,47.562576909769));
#1707 = CARTESIAN_POINT('',(2.522787662401,47.485863031296));
#1708 = CARTESIAN_POINT('',(2.498498921832,47.410767416689));
#1709 = CARTESIAN_POINT('',(2.47336410403,47.337073290491));
#1710 = CARTESIAN_POINT('',(2.396226489382,47.12227850518));
#1711 = CARTESIAN_POINT('',(2.342214640629,46.986140328851));
#1712 = CARTESIAN_POINT('',(2.285291634443,46.855196733622));
#1713 = CARTESIAN_POINT('',(2.225147575217,46.729510388423));
#1714 = CARTESIAN_POINT('',(2.161448276444,46.609960007809));
#1715 = CARTESIAN_POINT('',(2.09382729672,46.498362180324));
#1716 = CARTESIAN_POINT('',(2.021895567845,46.397477849004));
#1717 = CARTESIAN_POINT('',(1.903637345197,46.26447312962));
#1718 = CARTESIAN_POINT('',(1.860252808039,46.22154950478));
#1719 = CARTESIAN_POINT('',(1.815344053899,46.183693581843));
#1720 = CARTESIAN_POINT('',(1.769166722203,46.151942863423));
#1721 = CARTESIAN_POINT('',(1.721946650794,46.127141049398));
#1722 = CARTESIAN_POINT('',(1.673887346869,46.10994290154));
#1723 = CARTESIAN_POINT('',(1.625178820285,46.100816240951));
#1724 = CARTESIAN_POINT('',(1.528336227993,46.099289554554));
#1725 = CARTESIAN_POINT('',(1.480996945644,46.106400030294));
#1726 = CARTESIAN_POINT('',(1.434184795433,46.121184069158));
#1727 = CARTESIAN_POINT('',(1.388095987612,46.143263290014));
#1728 = CARTESIAN_POINT('',(1.342938106309,46.172070410407));
#1729 = CARTESIAN_POINT('',(1.2989389012,46.206847662571));
#1730 = CARTESIAN_POINT('',(1.256353843955,46.24664258202));
#1731 = CARTESIAN_POINT('',(1.215472449485,46.290301168722));
#1732 = ( GEOMETRIC_REPRESENTATION_CONTEXT(2) 
PARAMETRIC_REPRESENTATION_CONTEXT() REPRESENTATION_CONTEXT('2D SPACE',''
  ) );
#1733 = PCURVE('',#1734,#1739);
#1734 = CYLINDRICAL_SURFACE('',#1735,2.5);
#1735 = AXIS2_PLACEMENT_3D('',#1736,#1737,#1738);
#1736 = CARTESIAN_POINT('',(44.900545280049,18.598414812943,100.));
#1737 = DIRECTION('',(0.,0.,-1.));
#1738 = DIRECTION('',(-1.,0.,-0.));
#1739 = DEFINITIONAL_REPRESENTATION('',(#1740),#1897);
#1740 = B_SPLINE_CURVE_WITH_KNOTS('',8,(#1741,#1742,#1743,#1744,#1745,
    #1746,#1747,#1748,#1749,#1750,#1751,#1752,#1753,#1754,#1755,#1756,
    #1757,#1758,#1759,#1760,#1761,#1762,#1763,#1764,#1765,#1766,#1767,
    #1768,#1769,#1770,#1771,#1772,#1773,#1774,#1775,#1776,#1777,#1778,
    #1779,#1780,#1781,#1782,#1783,#1784,#1785,#1786,#1787,#1788,#1789,
    #1790,#1791,#1792,#1793,#1794,#1795,#1796,#1797,#1798,#1799,#1800,
    #1801,#1802,#1803,#1804,#1805,#1806,#1807,#1808,#1809,#1810,#1811,
    #1812,#1813,#1814,#1815,#1816,#1817,#1818,#1819,#1820,#1821,#1822,
    #1823,#1824,#1825,#1826,#1827,#1828,#1829,#1830,#1831,#1832,#1833,
    #1834,#1835,#1836,#1837,#1838,#1839,#1840,#1841,#1842,#1843,#1844,
    #1845,#1846,#1847,#1848,#1849,#1850,#1851,#1852,#1853,#1854,#1855,
    #1856,#1857,#1858,#1859,#1860,#1861,#1862,#1863,#1864,#1865,#1866,
    #1867,#1868,#1869,#1870,#1871,#1872,#1873,#1874,#1875,#1876,#1877,
    #1878,#1879,#1880,#1881,#1882,#1883,#1884,#1885,#1886,#1887,#1888,
    #1889,#1890,#1891,#1892,#1893,#1894,#1895,#1896),.UNSPECIFIED.,.F.,
  .F.,(9,7,7,7,7,7,7,7,7,7,7,7,7,7,7,7,7,7,7,7,7,7,9),(0.,
    2.855207707057E-02,9.896635872602E-02,0.148279724953,0.163320723017,
    0.175896435022,0.195706660056,0.244705047767,0.295063269685,
    0.392506095744,0.445894368252,0.500274836778,0.599571815934,
    0.648124598424,0.678188457869,0.698094893366,0.718477552442,
    0.731304881495,0.746631770826,0.796736177316,0.895047581859,
    0.948336321239,1.),.UNSPECIFIED.);
#1741 = CARTESIAN_POINT('',(0.,65.42178187672));
#1742 = CARTESIAN_POINT('',(2.577829237207E-02,65.443875630614));
#1743 = CARTESIAN_POINT('',(5.114078607531E-02,65.467131163002));
#1744 = CARTESIAN_POINT('',(7.610339024039E-02,65.491439066063));
#1745 = CARTESIAN_POINT('',(0.100681158898,65.516696815261));
#1746 = CARTESIAN_POINT('',(0.124888645606,65.542808696831));
#1747 = CARTESIAN_POINT('',(0.148740258073,65.569685735275));
#1748 = CARTESIAN_POINT('',(0.172250612787,65.597245620847));
#1749 = CARTESIAN_POINT('',(0.252611262361,65.694877293035));
#1750 = CARTESIAN_POINT('',(0.307895827,65.768145839732));
#1751 = CARTESIAN_POINT('',(0.361531918684,65.844136537699));
#1752 = CARTESIAN_POINT('',(0.413755046034,65.921981266508));
#1753 = CARTESIAN_POINT('',(0.464812733877,66.000981437664));
#1754 = CARTESIAN_POINT('',(0.514968502455,66.080562016814));
#1755 = CARTESIAN_POINT('',(0.564506515222,66.160184785359));
#1756 = CARTESIAN_POINT('',(0.648242609874,66.294506219435));
#1757 = CARTESIAN_POINT('',(0.682434855321,66.349276184198));
#1758 = CARTESIAN_POINT('',(0.716525246978,66.403396683085));
#1759 = CARTESIAN_POINT('',(0.750676369854,66.45668439361));
#1760 = CARTESIAN_POINT('',(0.785011205954,66.508808002574));
#1761 = CARTESIAN_POINT('',(0.819617632537,66.559241660715));
#1762 = CARTESIAN_POINT('',(0.854561432277,66.607246812706));
#1763 = CARTESIAN_POINT('',(0.90068473028,66.66551630488));
#1764 = CARTESIAN_POINT('',(0.911512736788,66.678836753135));
#1765 = CARTESIAN_POINT('',(0.922391510599,66.691832608214));
#1766 = CARTESIAN_POINT('',(0.933323940109,66.704475764084));
#1767 = CARTESIAN_POINT('',(0.944313035272,66.716736217441));
#1768 = CARTESIAN_POINT('',(0.955361927605,66.728582067706));
#1769 = CARTESIAN_POINT('',(0.966473870182,66.739979517027));
#1770 = CARTESIAN_POINT('',(0.98699842126,66.760017476704));
#1771 = CARTESIAN_POINT('',(0.996393032938,66.768805679627));
#1772 = CARTESIAN_POINT('',(1.005834618205,66.777232944807));
#1773 = CARTESIAN_POINT('',(1.015322246023,66.785275169166));
#1774 = CARTESIAN_POINT('',(1.024855508781,66.792908680788));
#1775 = CARTESIAN_POINT('',(1.034434522295,66.80011023892));
#1776 = CARTESIAN_POINT('',(1.044059925807,66.806857033976));
#1777 = CARTESIAN_POINT('',(1.068970463656,66.823003126154));
#1778 = CARTESIAN_POINT('',(1.084345655229,66.831708407637));
#1779 = CARTESIAN_POINT('',(1.099826394239,66.839125811254));
#1780 = CARTESIAN_POINT('',(1.115387646166,66.845160770977));
#1781 = CARTESIAN_POINT('',(1.131009871831,66.849740800678));
#1782 = CARTESIAN_POINT('',(1.146677494807,66.85281541934));
#1783 = CARTESIAN_POINT('',(1.162377368807,66.854356076261));
#1784 = CARTESIAN_POINT('',(1.216978610242,66.854356076261));
#1785 = CARTESIAN_POINT('',(1.255065376708,66.844930586448));
#1786 = CARTESIAN_POINT('',(1.292574891959,66.826753650246));
#1787 = CARTESIAN_POINT('',(1.329643487189,66.800741089473));
#1788 = CARTESIAN_POINT('',(1.366301001524,66.768050464193));
#1789 = CARTESIAN_POINT('',(1.40244961919,66.730056989888));
#1790 = CARTESIAN_POINT('',(1.437847515511,66.688315025815));
#1791 = CARTESIAN_POINT('',(1.507298635357,66.599498898162));
#1792 = CARTESIAN_POINT('',(1.542116378102,66.551248494276));
#1793 = CARTESIAN_POINT('',(1.576611659715,66.500663179531));
#1794 = CARTESIAN_POINT('',(1.610850613305,66.448456254701));
#1795 = CARTESIAN_POINT('',(1.644921401605,66.395133897018));
#1796 = CARTESIAN_POINT('',(1.678945897444,66.34101564436));
#1797 = CARTESIAN_POINT('',(1.713083346065,66.286281334483));
#1798 = CARTESIAN_POINT('',(1.814163006493,66.124118119292));
#1799 = CARTESIAN_POINT('',(1.881202298425,66.016444231044));
#1800 = CARTESIAN_POINT('',(1.949582110497,65.90941511993));
#1801 = CARTESIAN_POINT('',(2.020034315999,65.804083974448));
#1802 = CARTESIAN_POINT('',(2.093208800888,65.70198995765));
#1803 = CARTESIAN_POINT('',(2.169681770899,65.605261009165));
#1804 = CARTESIAN_POINT('',(2.250026561025,65.516815606082));
#1805 = CARTESIAN_POINT('',(2.381356161283,65.39870266236));
#1806 = CARTESIAN_POINT('',(2.429654740052,65.360123379743));
#1807 = CARTESIAN_POINT('',(2.479455747853,65.325949500061));
#1808 = CARTESIAN_POINT('',(2.530501795499,65.297189258064));
#1809 = CARTESIAN_POINT('',(2.582575955216,65.274671673639));
#1810 = CARTESIAN_POINT('',(2.635489856793,65.259039045374));
#1811 = CARTESIAN_POINT('',(2.689072669354,65.250742035165));
#1812 = CARTESIAN_POINT('',(2.798254473867,65.249319556209));
#1813 = CARTESIAN_POINT('',(2.85290154696,65.256491592036));
#1814 = CARTESIAN_POINT('',(2.906915354691,65.271335902311));
#1815 = CARTESIAN_POINT('',(2.960103116672,65.293413538504));
#1816 = CARTESIAN_POINT('',(3.012254101588,65.322066449816));
#1817 = CARTESIAN_POINT('',(3.063126643949,65.356422842706));
#1818 = CARTESIAN_POINT('',(3.112434181464,65.395405602727));
#1819 = CARTESIAN_POINT('',(3.246374118563,65.515051920483));
#1820 = CARTESIAN_POINT('',(3.328239885789,65.605062617812));
#1821 = CARTESIAN_POINT('',(3.406090011205,65.703683634564));
#1822 = CARTESIAN_POINT('',(3.48052729471,65.807830604572));
#1823 = CARTESIAN_POINT('',(3.552156328183,65.91526693736));
#1824 = CARTESIAN_POINT('',(3.621662631415,66.024380145448));
#1825 = CARTESIAN_POINT('',(3.689818462777,66.13407868876));
#1826 = CARTESIAN_POINT('',(3.790780981984,66.296018190945));
#1827 = CARTESIAN_POINT('',(3.823675524535,66.348689122882));
#1828 = CARTESIAN_POINT('',(3.856477918942,66.400755292732));
#1829 = CARTESIAN_POINT('',(3.889329362051,66.452049481198));
#1830 = CARTESIAN_POINT('',(3.922339443137,66.502276787241));
#1831 = CARTESIAN_POINT('',(3.955588566786,66.55097997258));
#1832 = CARTESIAN_POINT('',(3.989136939445,66.597526556711));
#1833 = CARTESIAN_POINT('',(4.044032952436,66.668109254057));
#1834 = CARTESIAN_POINT('',(4.065235685129,66.694062836535));
#1835 = CARTESIAN_POINT('',(4.086649485684,66.718757742243));
#1836 = CARTESIAN_POINT('',(4.108278428107,66.741952983038));
#1837 = CARTESIAN_POINT('',(4.130131679617,66.763389758088));
#1838 = CARTESIAN_POINT('',(4.152225774354,66.782794706848));
#1839 = CARTESIAN_POINT('',(4.174586973622,66.799883907188));
#1840 = CARTESIAN_POINT('',(4.212262230795,66.823957840116));
#1841 = CARTESIAN_POINT('',(4.227403609157,66.832405090387));
#1842 = CARTESIAN_POINT('',(4.242646816821,66.839598439418));
#1843 = CARTESIAN_POINT('',(4.257967494968,66.845448227819));
#1844 = CARTESIAN_POINT('',(4.273346504019,66.849885942158));
#1845 = CARTESIAN_POINT('',(4.288768470741,66.852864090221));
#1846 = CARTESIAN_POINT('',(4.304220335365,66.854356076261));
#1847 = CARTESIAN_POINT('',(4.335529541864,66.854356076261));
#1848 = CARTESIAN_POINT('',(4.351348454611,66.852791855374));
#1849 = CARTESIAN_POINT('',(4.367134279286,66.849670405546));
#1850 = CARTESIAN_POINT('',(4.382873726025,66.845021155383));
#1851 = CARTESIAN_POINT('',(4.398550990088,66.838896044684));
#1852 = CARTESIAN_POINT('',(4.41414616921,66.831369598975));
#1853 = CARTESIAN_POINT('',(4.429633680949,66.822539004039));
#1854 = CARTESIAN_POINT('',(4.454638939369,66.806221595633));
#1855 = CARTESIAN_POINT('',(4.464249663979,66.799444636439));
#1856 = CARTESIAN_POINT('',(4.473814030414,66.792215636502));
#1857 = CARTESIAN_POINT('',(4.483332699503,66.784557336057));
#1858 = CARTESIAN_POINT('',(4.492805816347,66.77649288194));
#1859 = CARTESIAN_POINT('',(4.502233010329,66.768045827589));
#1860 = CARTESIAN_POINT('',(4.511613395105,66.759240133043));
#1861 = CARTESIAN_POINT('',(4.532096229044,66.739179163466));
#1862 = CARTESIAN_POINT('',(4.543180885746,66.72777806799));
#1863 = CARTESIAN_POINT('',(4.554202891267,66.715932269245));
#1864 = CARTESIAN_POINT('',(4.565165483235,66.703675265756));
#1865 = CARTESIAN_POINT('',(4.576071784357,66.691038663845));
#1866 = CARTESIAN_POINT('',(4.586924802413,66.678052177627));
#1867 = CARTESIAN_POINT('',(4.597727430263,66.664743629014));
#1868 = CARTESIAN_POINT('',(4.64364115685,66.606664529754));
#1869 = CARTESIAN_POINT('',(4.678404543937,66.558881920887));
#1870 = CARTESIAN_POINT('',(4.712833867355,66.508701384903));
#1871 = CARTESIAN_POINT('',(4.746994485406,66.45684865157));
#1872 = CARTESIAN_POINT('',(4.780973591107,66.403840641004));
#1873 = CARTESIAN_POINT('',(4.814892721798,66.350003659952));
#1874 = CARTESIAN_POINT('',(4.848911964017,66.295519239695));
#1875 = CARTESIAN_POINT('',(4.950545080511,66.132494057064));
#1876 = CARTESIAN_POINT('',(5.018233714309,66.023593723223));
#1877 = CARTESIAN_POINT('',(5.087264887952,65.915268898198));
#1878 = CARTESIAN_POINT('',(5.158391542154,65.808601100564));
#1879 = CARTESIAN_POINT('',(5.232281481565,65.705177364635));
#1880 = CARTESIAN_POINT('',(5.309523067893,65.607187517921));
#1881 = CARTESIAN_POINT('',(5.390703052742,65.517639567896));
#1882 = CARTESIAN_POINT('',(5.522948814873,65.39870266236));
#1883 = CARTESIAN_POINT('',(5.571247393642,65.360123379742));
#1884 = CARTESIAN_POINT('',(5.621048401444,65.32594950006));
#1885 = CARTESIAN_POINT('',(5.672094449089,65.297189258064));
#1886 = CARTESIAN_POINT('',(5.724168608806,65.274671673639));
#1887 = CARTESIAN_POINT('',(5.777082510383,65.259039045373));
#1888 = CARTESIAN_POINT('',(5.830665322944,65.250742035165));
#1889 = CARTESIAN_POINT('',(5.937192478258,65.249354142399));
#1890 = CARTESIAN_POINT('',(5.989262667277,65.255818241501));
#1891 = CARTESIAN_POINT('',(6.040788254749,65.269259424858));
#1892 = CARTESIAN_POINT('',(6.091588973582,65.289313939149));
#1893 = CARTESIAN_POINT('',(6.141469811673,65.315426216668));
#1894 = CARTESIAN_POINT('',(6.190209964543,65.346853061007));
#1895 = CARTESIAN_POINT('',(6.237551153193,65.38267029583));
#1896 = CARTESIAN_POINT('',(6.28318530718,65.42178187672));
#1897 = ( GEOMETRIC_REPRESENTATION_CONTEXT(2) 
PARAMETRIC_REPRESENTATION_CONTEXT() REPRESENTATION_CONTEXT('2D SPACE',''
  ) );
#1898 = ORIENTED_EDGE('',*,*,#1899,.T.);
#1899 = EDGE_CURVE('',#1413,#1411,#1900,.T.);
#1900 = SURFACE_CURVE('',#1901,(#2058,#2218),.PCURVE_S1.);
#1901 = B_SPLINE_CURVE_WITH_KNOTS('',8,(#1902,#1903,#1904,#1905,#1906,
    #1907,#1908,#1909,#1910,#1911,#1912,#1913,#1914,#1915,#1916,#1917,
    #1918,#1919,#1920,#1921,#1922,#1923,#1924,#1925,#1926,#1927,#1928,
    #1929,#1930,#1931,#1932,#1933,#1934,#1935,#1936,#1937,#1938,#1939,
    #1940,#1941,#1942,#1943,#1944,#1945,#1946,#1947,#1948,#1949,#1950,
    #1951,#1952,#1953,#1954,#1955,#1956,#1957,#1958,#1959,#1960,#1961,
    #1962,#1963,#1964,#1965,#1966,#1967,#1968,#1969,#1970,#1971,#1972,
    #1973,#1974,#1975,#1976,#1977,#1978,#1979,#1980,#1981,#1982,#1983,
    #1984,#1985,#1986,#1987,#1988,#1989,#1990,#1991,#1992,#1993,#1994,
    #1995,#1996,#1997,#1998,#1999,#2000,#2001,#2002,#2003,#2004,#2005,
    #2006,#2007,#2008,#2009,#2010,#2011,#2012,#2013,#2014,#2015,#2016,
    #2017,#2018,#2019,#2020,#2021,#2022,#2023,#2024,#2025,#2026,#2027,
    #2028,#2029,#2030,#2031,#2032,#2033,#2034,#2035,#2036,#2037,#2038,
    #2039,#2040,#2041,#2042,#2043,#2044,#2045,#2046,#2047,#2048,#2049,
    #2050,#2051,#2052,#2053,#2054,#2055,#2056,#2057),.UNSPECIFIED.,.T.,
  .F.,(9,7,7,7,7,7,7,7,7,7,7,7,7,7,7,7,7,7,7,7,7,7,9),(0.,
    2.855207707057E-02,9.896635872602E-02,0.148279724953,0.163320723017,
    0.175896435022,0.195706660056,0.244705047767,0.295063269685,
    0.392506095744,0.445894368252,0.500274836778,0.599571815934,
    0.648124598424,0.678188457869,0.698094893366,0.718477552442,
    0.731304881495,0.746631770826,0.796736177316,0.895047581859,
    0.948336321239,1.),.UNSPECIFIED.);
#1902 = CARTESIAN_POINT('',(42.400545280049,18.598414812943,
    34.57821812328));
#1903 = CARTESIAN_POINT('',(42.400545280049,18.662860543874,
    34.556124369386));
#1904 = CARTESIAN_POINT('',(42.402443858515,18.726266749863,
    34.532868836998));
#1905 = CARTESIAN_POINT('',(42.40613399327,18.788608040636,
    34.508560933937));
#1906 = CARTESIAN_POINT('',(42.411514661559,18.849865546891,
    34.483303184739));
#1907 = CARTESIAN_POINT('',(42.418490925961,18.910026726522,
    34.457191303169));
#1908 = CARTESIAN_POINT('',(42.426974020299,18.969085170839,
    34.430314264725));
#1909 = CARTESIAN_POINT('',(42.436881435547,19.02704041079,
    34.402754379153));
#1910 = CARTESIAN_POINT('',(42.475895157571,19.224117532733,
    34.305122706965));
#1911 = CARTESIAN_POINT('',(42.511897283315,19.357884081086,
    34.231854160268));
#1912 = CARTESIAN_POINT('',(42.555063214666,19.485305297942,
    34.155863462301));
#1913 = CARTESIAN_POINT('',(42.604547028388,19.60662495732,
    34.078018733492));
#1914 = CARTESIAN_POINT('',(42.659736607366,19.722186488623,
    33.999018562336));
#1915 = CARTESIAN_POINT('',(42.720244268394,19.832384078485,
    33.919437983186));
#1916 = CARTESIAN_POINT('',(42.785907043046,19.93761718425,
    33.839815214641));
#1917 = CARTESIAN_POINT('',(42.906474439424,20.108751159844,
    33.705493780565));
#1918 = CARTESIAN_POINT('',(42.95848447286,20.176673509501,
    33.650723815802));
#1919 = CARTESIAN_POINT('',(43.012952314808,20.242361497663,
    33.596603316915));
#1920 = CARTESIAN_POINT('',(43.070027199721,20.306030247562,
    33.54331560639));
#1921 = CARTESIAN_POINT('',(43.129853010332,20.367767830034,
    33.491191997426));
#1922 = CARTESIAN_POINT('',(43.192542040602,20.427559251363,
    33.440758339285));
#1923 = CARTESIAN_POINT('',(43.258174745333,20.485323979673,
    33.392753187294));
#1924 = CARTESIAN_POINT('',(43.347770609606,20.557908912487,
    33.33448369512));
#1925 = CARTESIAN_POINT('',(43.369013332724,20.574691074487,
    33.321163246865));
#1926 = CARTESIAN_POINT('',(43.390563228774,20.591288166195,
    33.308167391786));
#1927 = CARTESIAN_POINT('',(43.412425589736,20.607697265995,
    33.295524235916));
#1928 = CARTESIAN_POINT('',(43.434606070649,20.623915104122,
    33.283263782559));
#1929 = CARTESIAN_POINT('',(43.457110689607,20.639938062667,
    33.271417932294));
#1930 = CARTESIAN_POINT('',(43.479945827759,20.655762175574,
    33.260020482973));
#1931 = CARTESIAN_POINT('',(43.522492571837,20.684443738455,
    33.239982523296));
#1932 = CARTESIAN_POINT('',(43.542106872859,20.697364978339,
    33.231194320373));
#1933 = CARTESIAN_POINT('',(43.561957939726,20.710139522654,
    33.222767055193));
#1934 = CARTESIAN_POINT('',(43.582043554939,20.722760699749,
    33.214724830834));
#1935 = CARTESIAN_POINT('',(43.602362476149,20.735222491958,
    33.207091319212));
#1936 = CARTESIAN_POINT('',(43.622914436159,20.747519535599,
    33.19988976108));
#1937 = CARTESIAN_POINT('',(43.643700142923,20.759647120978,
    33.193142966024));
#1938 = CARTESIAN_POINT('',(43.697835384481,20.790432161517,
    33.176996873846));
#1939 = CARTESIAN_POINT('',(43.731576589591,20.808856384981,
    33.168291592363));
#1940 = CARTESIAN_POINT('',(43.765873485885,20.82680980598,
    33.160874188746));
#1941 = CARTESIAN_POINT('',(43.800665831416,20.844242618003,
    33.154839229023));
#1942 = CARTESIAN_POINT('',(43.835902068886,20.861116465507,
    33.150259199322));
#1943 = CARTESIAN_POINT('',(43.871536843234,20.877401644592,
    33.14718458066));
#1944 = CARTESIAN_POINT('',(43.907528519244,20.893074303685,
    33.145643923739));
#1945 = CARTESIAN_POINT('',(44.033640942772,20.945311779894,
    33.145643923739));
#1946 = CARTESIAN_POINT('',(44.123262855524,20.977759317244,
    33.155069413552));
#1947 = CARTESIAN_POINT('',(44.212879215461,21.005863162091,
    33.173246349754));
#1948 = CARTESIAN_POINT('',(44.302565370999,21.029849990179,
    33.199258910527));
#1949 = CARTESIAN_POINT('',(44.392176272322,21.049802713225,
    33.231949535806));
#1950 = CARTESIAN_POINT('',(44.481256639779,21.065755203637,
    33.269943010112));
#1951 = CARTESIAN_POINT('',(44.568990384424,21.07781052901,
    33.311684974185));
#1952 = CARTESIAN_POINT('',(44.741773181608,21.094919526536,
    33.400501101838));
#1953 = CARTESIAN_POINT('',(44.828742748288,21.099973672286,
    33.448751505724));
#1954 = CARTESIAN_POINT('',(44.915080408439,21.101543207419,
    33.499336820469));
#1955 = CARTESIAN_POINT('',(45.000789444682,21.099736832142,
    33.551543745299));
#1956 = CARTESIAN_POINT('',(45.085941123553,21.094638425677,
    33.604866102982));
#1957 = CARTESIAN_POINT('',(45.1706974821,21.086280905697,33.65898435564
    ));
#1958 = CARTESIAN_POINT('',(45.255307629949,21.074612838824,
    33.713718665517));
#1959 = CARTESIAN_POINT('',(45.504070858563,21.030186303489,
    33.875881880708));
#1960 = CARTESIAN_POINT('',(45.666827894063,20.988230736899,
    33.983555768956));
#1961 = CARTESIAN_POINT('',(45.829497135857,20.933129977494,
    34.09058488007));
#1962 = CARTESIAN_POINT('',(45.992509497714,20.863644341697,
    34.195916025552));
#1963 = CARTESIAN_POINT('',(46.155635730317,20.778066165497,
    34.29801004235));
#1964 = CARTESIAN_POINT('',(46.317812330085,20.674344991739,
    34.394738990835));
#1965 = CARTESIAN_POINT('',(46.477069134637,20.550225071169,
    34.483184393918));
#1966 = CARTESIAN_POINT('',(46.714126651515,20.323067894106,
    34.60129733764));
#1967 = CARTESIAN_POINT('',(46.797036931833,20.23506960797,
    34.639876620257));
#1968 = CARTESIAN_POINT('',(46.87752760132,20.139670235872,
    34.674050499939));
#1969 = CARTESIAN_POINT('',(46.95433301591,20.037214187898,
    34.702810741936));
#1970 = CARTESIAN_POINT('',(47.02633920385,19.92818613573,
    34.725328326361));
#1971 = CARTESIAN_POINT('',(47.092583836324,19.813198371688,
    34.740960954626));
#1972 = CARTESIAN_POINT('',(47.15225971255,19.692977175396,
    34.749257964835));
#1973 = CARTESIAN_POINT('',(47.258158788706,19.441403029468,
    34.750680443791));
#1974 = CARTESIAN_POINT('',(47.303169614767,19.312121879256,
    34.743508407964));
#1975 = CARTESIAN_POINT('',(47.339553497261,19.181618041163,
    34.728664097689));
#1976 = CARTESIAN_POINT('',(47.367319449056,19.051062342967,
    34.706586461496));
#1977 = CARTESIAN_POINT('',(47.386692415701,18.921664636928,
    34.677933550184));
#1978 = CARTESIAN_POINT('',(47.398121523025,18.794659168827,
    34.643577157294));
#1979 = CARTESIAN_POINT('',(47.402290392771,18.671293815625,
    34.604594397273));
#1980 = CARTESIAN_POINT('',(47.396183853897,18.336499658908,
    34.484948079517));
#1981 = CARTESIAN_POINT('',(47.371055287451,18.132259730594,
    34.394937382188));
#1982 = CARTESIAN_POINT('',(47.328808306279,17.940841223349,
    34.296316365436));
#1983 = CARTESIAN_POINT('',(47.272599093219,17.762033435057,
    34.192169395428));
#1984 = CARTESIAN_POINT('',(47.204743895776,17.595097906477,
    34.084733062641));
#1985 = CARTESIAN_POINT('',(47.126665412346,17.438924805692,
    33.975619854552));
#1986 = CARTESIAN_POINT('',(47.03893562534,17.292266638456,
    33.86592131124));
#1987 = CARTESIAN_POINT('',(46.893094781699,17.086258416278,
    33.703981809055));
#1988 = CARTESIAN_POINT('',(46.843014803624,17.020954075239,
    33.651310877118));
#1989 = CARTESIAN_POINT('',(46.790656056665,16.957714718409,
    33.599244707268));
#1990 = CARTESIAN_POINT('',(46.735890617758,16.896358516827,
    33.547950518802));
#1991 = CARTESIAN_POINT('',(46.678594502656,16.836802778458,
    33.497723212759));
#1992 = CARTESIAN_POINT('',(46.618668062536,16.779051676245,
    33.44902002742));
#1993 = CARTESIAN_POINT('',(46.55603677464,16.723173009467,
    33.402473443289));
#1994 = CARTESIAN_POINT('',(46.450134086464,16.635883564795,
    33.331890745943));
#1995 = CARTESIAN_POINT('',(46.408429972525,16.603141021233,
    33.305937163465));
#1996 = CARTESIAN_POINT('',(46.365516947222,16.571090835574,
    33.281242257757));
#1997 = CARTESIAN_POINT('',(46.321388806275,16.539784850339,
    33.258047016962));
#1998 = CARTESIAN_POINT('',(46.276031030555,16.509269437766,
    33.236610241911));
#1999 = CARTESIAN_POINT('',(46.229414713852,16.479584834398,
    33.217205293152));
#2000 = CARTESIAN_POINT('',(46.181489666895,16.450766655207,
    33.200116092812));
#2001 = CARTESIAN_POINT('',(46.099524687521,16.404364624808,
    33.176042159884));
#2002 = CARTESIAN_POINT('',(46.066266455061,16.386276232028,
    33.167594909613));
#2003 = CARTESIAN_POINT('',(46.032471249885,16.368645894489,
    33.160401560582));
#2004 = CARTESIAN_POINT('',(45.998197709018,16.351521546993,
    33.154551772181));
#2005 = CARTESIAN_POINT('',(45.963496220677,16.334940207588,
    33.150114057842));
#2006 = CARTESIAN_POINT('',(45.928411288084,16.318930611595,
    33.147135909779));
#2007 = CARTESIAN_POINT('',(45.892983893285,16.303515845638,
    33.145643923739));
#2008 = CARTESIAN_POINT('',(45.820669055624,16.273562059118,
    33.145643923739));
#2009 = CARTESIAN_POINT('',(45.783857776703,16.259090444272,
    33.147208144626));
#2010 = CARTESIAN_POINT('',(45.746863919282,16.245315076539,
    33.150329594454));
#2011 = CARTESIAN_POINT('',(45.70973450197,16.23224862928,
    33.154978844617));
#2012 = CARTESIAN_POINT('',(45.672523527577,16.219902264206,
    33.161103955316));
#2013 = CARTESIAN_POINT('',(45.635295843809,16.208285385755,
    33.168630401025));
#2014 = CARTESIAN_POINT('',(45.598131003941,16.19740539549,
    33.177460995961));
#2015 = CARTESIAN_POINT('',(45.537839640955,16.180887375686,
    33.193778404367));
#2016 = CARTESIAN_POINT('',(45.514596374399,16.174795638314,
    33.200555363561));
#2017 = CARTESIAN_POINT('',(45.491398951374,16.168988166157,
    33.207784363498));
#2018 = CARTESIAN_POINT('',(45.468250128307,16.16346111799,
    33.215442663943));
#2019 = CARTESIAN_POINT('',(45.445153794522,16.158210879576,
    33.22350711806));
#2020 = CARTESIAN_POINT('',(45.422114972245,16.15323406366,
    33.231954172411));
#2021 = CARTESIAN_POINT('',(45.399139816598,16.148527509971,
    33.240759866957));
#2022 = CARTESIAN_POINT('',(45.3488682539,16.138784023822,
    33.260820836534));
#2023 = CARTESIAN_POINT('',(45.32159532963,16.133859888526,
    33.27222193201));
#2024 = CARTESIAN_POINT('',(45.294415122382,16.129308124736,
    33.284067730755));
#2025 = CARTESIAN_POINT('',(45.267325909044,16.125121476675,
    33.296324734244));
#2026 = CARTESIAN_POINT('',(45.240325963796,16.121293187386,
    33.308961336155));
#2027 = CARTESIAN_POINT('',(45.213413558116,16.117816998737,
    33.321947822373));
#2028 = CARTESIAN_POINT('',(45.186586960777,16.114687151416,
    33.335256370986));
#2029 = CARTESIAN_POINT('',(45.072421725347,16.10278176078,
    33.393335470246));
#2030 = CARTESIAN_POINT('',(44.985615695561,16.097280418468,
    33.441118079114));
#2031 = CARTESIAN_POINT('',(44.899452975003,16.095257345916,
    33.491298615097));
#2032 = CARTESIAN_POINT('',(44.813932135452,16.096600264102,
    33.54315134843));
#2033 = CARTESIAN_POINT('',(44.728983792289,16.101220681259,
    33.596159358996));
#2034 = CARTESIAN_POINT('',(44.644445443262,16.109080012279,
    33.649996340048));
#2035 = CARTESIAN_POINT('',(44.560063518683,16.120223966978,
    33.704480760305));
#2036 = CARTESIAN_POINT('',(44.309679318958,16.163419074685,
    33.867505942936));
#2037 = CARTESIAN_POINT('',(44.145122535995,16.204948093302,
    33.976406276776));
#2038 = CARTESIAN_POINT('',(43.980646689121,16.259855809476,
    34.084731101803));
#2039 = CARTESIAN_POINT('',(43.815796501263,16.329405121114,
    34.191398899435));
#2040 = CARTESIAN_POINT('',(43.650798815164,16.415344573153,
    34.294822635366));
#2041 = CARTESIAN_POINT('',(43.486748509969,16.519777868166,
    34.392812482079));
#2042 = CARTESIAN_POINT('',(43.325675150576,16.645019894868,
    34.482360432104));
#2043 = CARTESIAN_POINT('',(43.086963908581,16.873761731782,
    34.60129733764));
#2044 = CARTESIAN_POINT('',(43.004053628263,16.961760017918,
    34.639876620258));
#2045 = CARTESIAN_POINT('',(42.923562958776,17.057159390016,
    34.67405049994));
#2046 = CARTESIAN_POINT('',(42.846757544187,17.15961543799,
    34.702810741936));
#2047 = CARTESIAN_POINT('',(42.774751356246,17.268643490158,
    34.725328326361));
#2048 = CARTESIAN_POINT('',(42.708506723772,17.383631254201,
    34.740960954627));
#2049 = CARTESIAN_POINT('',(42.648830847546,17.503852450492,
    34.749257964835));
#2050 = CARTESIAN_POINT('',(42.545506604249,17.749309816172,
    34.750645857601));
#2051 = CARTESIAN_POINT('',(42.502243427643,17.872336932417,
    34.744181758499));
#2052 = CARTESIAN_POINT('',(42.466784087654,17.996575907231,
    34.730740575142));
#2053 = CARTESIAN_POINT('',(42.439150109062,18.120986017659,
    34.710686060851));
#2054 = CARTESIAN_POINT('',(42.419174513456,18.244488004747,
    34.684573783332));
#2055 = CARTESIAN_POINT('',(42.40649496598,18.365976479624,
    34.653146938993));
#2056 = CARTESIAN_POINT('',(42.400545280049,18.484329427977,
    34.61732970417));
#2057 = CARTESIAN_POINT('',(42.400545280049,18.598414812943,
    34.57821812328));
#2058 = PCURVE('',#1123,#2059);
#2059 = DEFINITIONAL_REPRESENTATION('',(#2060),#2217);
#2060 = B_SPLINE_CURVE_WITH_KNOTS('',8,(#2061,#2062,#2063,#2064,#2065,
    #2066,#2067,#2068,#2069,#2070,#2071,#2072,#2073,#2074,#2075,#2076,
    #2077,#2078,#2079,#2080,#2081,#2082,#2083,#2084,#2085,#2086,#2087,
    #2088,#2089,#2090,#2091,#2092,#2093,#2094,#2095,#2096,#2097,#2098,
    #2099,#2100,#2101,#2102,#2103,#2104,#2105,#2106,#2107,#2108,#2109,
    #2110,#2111,#2112,#2113,#2114,#2115,#2116,#2117,#2118,#2119,#2120,
    #2121,#2122,#2123,#2124,#2125,#2126,#2127,#2128,#2129,#2130,#2131,
    #2132,#2133,#2134,#2135,#2136,#2137,#2138,#2139,#2140,#2141,#2142,
    #2143,#2144,#2145,#2146,#2147,#2148,#2149,#2150,#2151,#2152,#2153,
    #2154,#2155,#2156,#2157,#2158,#2159,#2160,#2161,#2162,#2163,#2164,
    #2165,#2166,#2167,#2168,#2169,#2170,#2171,#2172,#2173,#2174,#2175,
    #2176,#2177,#2178,#2179,#2180,#2181,#2182,#2183,#2184,#2185,#2186,
    #2187,#2188,#2189,#2190,#2191,#2192,#2193,#2194,#2195,#2196,#2197,
    #2198,#2199,#2200,#2201,#2202,#2203,#2204,#2205,#2206,#2207,#2208,
    #2209,#2210,#2211,#2212,#2213,#2214,#2215,#2216),.UNSPECIFIED.,.T.,
  .F.,(9,7,7,7,7,7,7,7,7,7,7,7,7,7,7,7,7,7,7,7,7,7,9),(0.,
    2.855207707057E-02,9.896635872602E-02,0.148279724953,0.163320723017,
    0.175896435022,0.195706660056,0.244705047767,0.295063269685,
    0.392506095744,0.445894368252,0.500274836778,0.599571815934,
    0.648124598424,0.678188457869,0.698094893366,0.718477552442,
    0.731304881495,0.746631770826,0.796736177316,0.895047581859,
    0.948336321239,1.),.UNSPECIFIED.);
#2061 = CARTESIAN_POINT('',(1.215472449485,46.290301168722));
#2062 = CARTESIAN_POINT('',(1.192378945011,46.314963482235));
#2063 = CARTESIAN_POINT('',(1.169713575767,46.340982044562));
#2064 = CARTESIAN_POINT('',(1.147465480321,46.368248263666));
#2065 = CARTESIAN_POINT('',(1.125624520694,46.396661585721));
#2066 = CARTESIAN_POINT('',(1.104181048193,46.426129500332));
#2067 = CARTESIAN_POINT('',(1.083125669259,46.456567545744));
#2068 = CARTESIAN_POINT('',(1.062449011296,46.48789931406));
#2069 = CARTESIAN_POINT('',(0.992059680988,46.599361442791));
#2070 = CARTESIAN_POINT('',(0.944142833404,46.683813311752));
#2071 = CARTESIAN_POINT('',(0.898236996329,46.772455420852));
#2072 = CARTESIAN_POINT('',(0.854206654883,46.864599527204));
#2073 = CARTESIAN_POINT('',(0.811931155558,46.959811533079));
#2074 = CARTESIAN_POINT('',(0.771309564448,47.057884114589));
#2075 = CARTESIAN_POINT('',(0.732283247465,47.15881957425));
#2076 = CARTESIAN_POINT('',(0.668694602595,47.335699461227));
#2077 = CARTESIAN_POINT('',(0.643419633065,47.409743224505));
#2078 = CARTESIAN_POINT('',(0.618998268232,47.485202653635));
#2079 = CARTESIAN_POINT('',(0.595429593372,47.562297947373));
#2080 = CARTESIAN_POINT('',(0.57278591614,47.641195739279));
#2081 = CARTESIAN_POINT('',(0.551220727509,47.721994037598));
#2082 = CARTESIAN_POINT('',(0.530969632877,47.804736354662));
#2083 = CARTESIAN_POINT('',(0.506659255696,47.915289191089));
#2084 = CARTESIAN_POINT('',(0.501122644054,47.941337163549));
#2085 = CARTESIAN_POINT('',(0.495740064558,47.967598103459));
#2086 = CARTESIAN_POINT('',(0.490521048984,47.994075781918));
#2087 = CARTESIAN_POINT('',(0.485475874738,48.020774172215));
#2088 = CARTESIAN_POINT('',(0.480615564849,48.047697449829));
#2089 = CARTESIAN_POINT('',(0.475951887976,48.074849992431));
#2090 = CARTESIAN_POINT('',(0.467772945912,48.125134017389));
#2091 = CARTESIAN_POINT('',(0.464193946839,48.148200013077));
#2092 = CARTESIAN_POINT('',(0.460769151653,48.17142861392));
#2093 = CARTESIAN_POINT('',(0.457507194755,48.194815218084));
#2094 = CARTESIAN_POINT('',(0.454416554477,48.218356374929));
#2095 = CARTESIAN_POINT('',(0.451505553083,48.242049785003));
#2096 = CARTESIAN_POINT('',(0.44878235677,48.26589430005));
#2097 = CARTESIAN_POINT('',(0.442273651309,48.327689666692));
#2098 = CARTESIAN_POINT('',(0.438773133708,48.365913120569));
#2099 = CARTESIAN_POINT('',(0.435796617363,48.404469797854));
#2100 = CARTESIAN_POINT('',(0.433378729351,48.44328498212));
#2101 = CARTESIAN_POINT('',(0.431545770821,48.4822963626));
#2102 = CARTESIAN_POINT('',(0.430315958492,48.521450669495));
#2103 = CARTESIAN_POINT('',(0.429699666151,48.560700309278));
#2104 = CARTESIAN_POINT('',(0.429699666151,48.697203412865));
#2105 = CARTESIAN_POINT('',(0.433469827193,48.792420398685));
#2106 = CARTESIAN_POINT('',(0.440740742029,48.885969995218));
#2107 = CARTESIAN_POINT('',(0.451182013512,48.978008560374));
#2108 = CARTESIAN_POINT('',(0.464391284091,49.068433814536));
#2109 = CARTESIAN_POINT('',(0.479889924075,49.156838096564));
#2110 = CARTESIAN_POINT('',(0.497118345296,49.242506880844));
#2111 = CARTESIAN_POINT('',(0.534237495937,49.40868470063));
#2112 = CARTESIAN_POINT('',(0.554632069478,49.49096824108));
#2113 = CARTESIAN_POINT('',(0.576309180138,49.571334473271));
#2114 = CARTESIAN_POINT('',(0.599042844227,49.649828027715));
#2115 = CARTESIAN_POINT('',(0.622687355294,49.726546845298));
#2116 = CARTESIAN_POINT('',(0.647175441946,49.801653225778));
#2117 = CARTESIAN_POINT('',(0.672509801971,49.875357633739));
#2118 = CARTESIAN_POINT('',(0.749527676145,50.088183590066));
#2119 = CARTESIAN_POINT('',(0.803141967958,50.222495783708));
#2120 = CARTESIAN_POINT('',(0.859609268643,50.351696419033));
#2121 = CARTESIAN_POINT('',(0.919235440329,50.475709202097));
#2122 = CARTESIAN_POINT('',(0.982351260909,50.593668839406));
#2123 = CARTESIAN_POINT('',(1.04931737478,50.703808105803));
#2124 = CARTESIAN_POINT('',(1.120516345832,50.803443570713));
#2125 = CARTESIAN_POINT('',(1.237955308392,50.93552687038));
#2126 = CARTESIAN_POINT('',(1.28133984555,50.978450495219));
#2127 = CARTESIAN_POINT('',(1.32624859969,51.016306418157));
#2128 = CARTESIAN_POINT('',(1.372425931386,51.048057136577));
#2129 = CARTESIAN_POINT('',(1.419646002795,51.072858950602));
#2130 = CARTESIAN_POINT('',(1.46770530672,51.09005709846));
#2131 = CARTESIAN_POINT('',(1.516413833304,51.099183759049));
#2132 = CARTESIAN_POINT('',(1.615669736169,51.100748490364));
#2133 = CARTESIAN_POINT('',(1.665351940311,51.092859317));
#2134 = CARTESIAN_POINT('',(1.714421106647,51.076531984651));
#2135 = CARTESIAN_POINT('',(1.762664890337,51.052222876514));
#2136 = CARTESIAN_POINT('',(1.809857062398,51.020602805595));
#2137 = CARTESIAN_POINT('',(1.85574712374,50.982559035464));
#2138 = CARTESIAN_POINT('',(1.900051452694,50.939200692098));
#2139 = CARTESIAN_POINT('',(2.019857034658,50.805438808789));
#2140 = CARTESIAN_POINT('',(2.092416565495,50.704063803774));
#2141 = CARTESIAN_POINT('',(2.160587333268,50.591779991194));
#2142 = CARTESIAN_POINT('',(2.224771008514,50.471422671542));
#2143 = CARTESIAN_POINT('',(2.285345809416,50.344849182399));
#2144 = CARTESIAN_POINT('',(2.342656709095,50.212949211372));
#2145 = CARTESIAN_POINT('',(2.397023418848,50.075773805945));
#2146 = CARTESIAN_POINT('',(2.473576371334,49.862198501942));
#2147 = CARTESIAN_POINT('',(2.497875223731,49.790939745832));
#2148 = CARTESIAN_POINT('',(2.521382957021,49.718365917037));
#2149 = CARTESIAN_POINT('',(2.544098384541,49.644289247124));
#2150 = CARTESIAN_POINT('',(2.565958156965,49.568563544712));
#2151 = CARTESIAN_POINT('',(2.586830697825,49.491098343212));
#2152 = CARTESIAN_POINT('',(2.606515591265,49.411850738231));
#2153 = CARTESIAN_POINT('',(2.636038182015,49.280605187891));
#2154 = CARTESIAN_POINT('',(2.646810980239,49.229545581647));
#2155 = CARTESIAN_POINT('',(2.656989979944,49.177634040835));
#2156 = CARTESIAN_POINT('',(2.666491330502,49.124884672723));
#2157 = CARTESIAN_POINT('',(2.675224863404,49.071301809272));
#2158 = CARTESIAN_POINT('',(2.683094828795,49.016874142483));
#2159 = CARTESIAN_POINT('',(2.690000672573,48.961568932777));
#2160 = CARTESIAN_POINT('',(2.699702875965,48.868085877689));
#2161 = CARTESIAN_POINT('',(2.703099074731,48.830437149197));
#2162 = CARTESIAN_POINT('',(2.705985386464,48.792467612755));
#2163 = CARTESIAN_POINT('',(2.708328965359,48.754249785764));
#2164 = CARTESIAN_POINT('',(2.710104939363,48.715844387062));
#2165 = CARTESIAN_POINT('',(2.711296165875,48.677303528794));
#2166 = CARTESIAN_POINT('',(2.711892987438,48.638673908303));
#2167 = CARTESIAN_POINT('',(2.711892987438,48.560400892054));
#2168 = CARTESIAN_POINT('',(2.711267268285,48.520853657652));
#2169 = CARTESIAN_POINT('',(2.710018724934,48.481404184946));
#2170 = CARTESIAN_POINT('',(2.708158049349,48.442100763351));
#2171 = CARTESIAN_POINT('',(2.705703980963,48.402997556361));
#2172 = CARTESIAN_POINT('',(2.702683557148,48.364158074366));
#2173 = CARTESIAN_POINT('',(2.699132363669,48.325658647465));
#2174 = CARTESIAN_POINT('',(2.692553833658,48.2636355187));
#2175 = CARTESIAN_POINT('',(2.689818120109,48.239830333494));
#2176 = CARTESIAN_POINT('',(2.686895637194,48.216176285775));
#2177 = CARTESIAN_POINT('',(2.683794524482,48.192674452179));
#2178 = CARTESIAN_POINT('',(2.680523068428,48.169327042862));
#2179 = CARTESIAN_POINT('',(2.677089702372,48.14613740151));
#2180 = CARTESIAN_POINT('',(2.673503006542,48.123110005331));
#2181 = CARTESIAN_POINT('',(2.665313320899,48.072936466764));
#2182 = CARTESIAN_POINT('',(2.660647357951,48.045855185243));
#2183 = CARTESIAN_POINT('',(2.655786223206,48.019002063487));
#2184 = CARTESIAN_POINT('',(2.650741576933,47.992372732881));
#2185 = CARTESIAN_POINT('',(2.645524335662,47.965963013203));
#2186 = CARTESIAN_POINT('',(2.640144672191,47.939768912621));
#2187 = CARTESIAN_POINT('',(2.634612015585,47.913786627697));
#2188 = CARTESIAN_POINT('',(2.610376756245,47.803755707607));
#2189 = CARTESIAN_POINT('',(2.59021647229,47.72145212083));
#2190 = CARTESIAN_POINT('',(2.568757365806,47.641073950493));
#2191 = CARTESIAN_POINT('',(2.546230850414,47.562576909769));
#2192 = CARTESIAN_POINT('',(2.522787662401,47.485863031296));
#2193 = CARTESIAN_POINT('',(2.498498921832,47.410767416689));
#2194 = CARTESIAN_POINT('',(2.47336410403,47.337073290491));
#2195 = CARTESIAN_POINT('',(2.396226489382,47.12227850518));
#2196 = CARTESIAN_POINT('',(2.342214640629,46.986140328851));
#2197 = CARTESIAN_POINT('',(2.285291634443,46.855196733622));
#2198 = CARTESIAN_POINT('',(2.225147575217,46.729510388423));
#2199 = CARTESIAN_POINT('',(2.161448276444,46.609960007809));
#2200 = CARTESIAN_POINT('',(2.09382729672,46.498362180324));
#2201 = CARTESIAN_POINT('',(2.021895567845,46.397477849004));
#2202 = CARTESIAN_POINT('',(1.903637345197,46.26447312962));
#2203 = CARTESIAN_POINT('',(1.860252808039,46.22154950478));
#2204 = CARTESIAN_POINT('',(1.815344053899,46.183693581843));
#2205 = CARTESIAN_POINT('',(1.769166722203,46.151942863423));
#2206 = CARTESIAN_POINT('',(1.721946650794,46.127141049398));
#2207 = CARTESIAN_POINT('',(1.673887346869,46.10994290154));
#2208 = CARTESIAN_POINT('',(1.625178820285,46.100816240951));
#2209 = CARTESIAN_POINT('',(1.528336227993,46.099289554554));
#2210 = CARTESIAN_POINT('',(1.480996945644,46.106400030294));
#2211 = CARTESIAN_POINT('',(1.434184795433,46.121184069158));
#2212 = CARTESIAN_POINT('',(1.388095987612,46.143263290014));
#2213 = CARTESIAN_POINT('',(1.342938106309,46.172070410407));
#2214 = CARTESIAN_POINT('',(1.2989389012,46.206847662571));
#2215 = CARTESIAN_POINT('',(1.256353843955,46.24664258202));
#2216 = CARTESIAN_POINT('',(1.215472449485,46.290301168722));
#2217 = ( GEOMETRIC_REPRESENTATION_CONTEXT(2) 
PARAMETRIC_REPRESENTATION_CONTEXT() REPRESENTATION_CONTEXT('2D SPACE',''
  ) );
#2218 = PCURVE('',#1734,#2219);
#2219 = DEFINITIONAL_REPRESENTATION('',(#2220),#2377);
#2220 = B_SPLINE_CURVE_WITH_KNOTS('',8,(#2221,#2222,#2223,#2224,#2225,
    #2226,#2227,#2228,#2229,#2230,#2231,#2232,#2233,#2234,#2235,#2236,
    #2237,#2238,#2239,#2240,#2241,#2242,#2243,#2244,#2245,#2246,#2247,
    #2248,#2249,#2250,#2251,#2252,#2253,#2254,#2255,#2256,#2257,#2258,
    #2259,#2260,#2261,#2262,#2263,#2264,#2265,#2266,#2267,#2268,#2269,
    #2270,#2271,#2272,#2273,#2274,#2275,#2276,#2277,#2278,#2279,#2280,
    #2281,#2282,#2283,#2284,#2285,#2286,#2287,#2288,#2289,#2290,#2291,
    #2292,#2293,#2294,#2295,#2296,#2297,#2298,#2299,#2300,#2301,#2302,
    #2303,#2304,#2305,#2306,#2307,#2308,#2309,#2310,#2311,#2312,#2313,
    #2314,#2315,#2316,#2317,#2318,#2319,#2320,#2321,#2322,#2323,#2324,
    #2325,#2326,#2327,#2328,#2329,#2330,#2331,#2332,#2333,#2334,#2335,
    #2336,#2337,#2338,#2339,#2340,#2341,#2342,#2343,#2344,#2345,#2346,
    #2347,#2348,#2349,#2350,#2351,#2352,#2353,#2354,#2355,#2356,#2357,
    #2358,#2359,#2360,#2361,#2362,#2363,#2364,#2365,#2366,#2367,#2368,
    #2369,#2370,#2371,#2372,#2373,#2374,#2375,#2376),.UNSPECIFIED.,.F.,
  .F.,(9,7,7,7,7,7,7,7,7,7,7,7,7,7,7,7,7,7,7,7,7,7,9),(0.,
    2.855207707057E-02,9.896635872602E-02,0.148279724953,0.163320723017,
    0.175896435022,0.195706660056,0.244705047767,0.295063269685,
    0.392506095744,0.445894368252,0.500274836778,0.599571815934,
    0.648124598424,0.678188457869,0.698094893366,0.718477552442,
    0.731304881495,0.746631770826,0.796736177316,0.895047581859,
    0.948336321239,1.),.UNSPECIFIED.);
#2221 = CARTESIAN_POINT('',(0.,65.42178187672));
#2222 = CARTESIAN_POINT('',(2.577829237207E-02,65.443875630614));
#2223 = CARTESIAN_POINT('',(5.114078607531E-02,65.467131163002));
#2224 = CARTESIAN_POINT('',(7.610339024039E-02,65.491439066063));
#2225 = CARTESIAN_POINT('',(0.100681158898,65.516696815261));
#2226 = CARTESIAN_POINT('',(0.124888645606,65.542808696831));
#2227 = CARTESIAN_POINT('',(0.148740258073,65.569685735275));
#2228 = CARTESIAN_POINT('',(0.172250612787,65.597245620847));
#2229 = CARTESIAN_POINT('',(0.252611262361,65.694877293035));
#2230 = CARTESIAN_POINT('',(0.307895827,65.768145839732));
#2231 = CARTESIAN_POINT('',(0.361531918684,65.844136537699));
#2232 = CARTESIAN_POINT('',(0.413755046034,65.921981266508));
#2233 = CARTESIAN_POINT('',(0.464812733877,66.000981437664));
#2234 = CARTESIAN_POINT('',(0.514968502455,66.080562016814));
#2235 = CARTESIAN_POINT('',(0.564506515222,66.160184785359));
#2236 = CARTESIAN_POINT('',(0.648242609874,66.294506219435));
#2237 = CARTESIAN_POINT('',(0.682434855321,66.349276184198));
#2238 = CARTESIAN_POINT('',(0.716525246978,66.403396683085));
#2239 = CARTESIAN_POINT('',(0.750676369854,66.45668439361));
#2240 = CARTESIAN_POINT('',(0.785011205954,66.508808002574));
#2241 = CARTESIAN_POINT('',(0.819617632537,66.559241660715));
#2242 = CARTESIAN_POINT('',(0.854561432277,66.607246812706));
#2243 = CARTESIAN_POINT('',(0.90068473028,66.66551630488));
#2244 = CARTESIAN_POINT('',(0.911512736788,66.678836753135));
#2245 = CARTESIAN_POINT('',(0.922391510599,66.691832608214));
#2246 = CARTESIAN_POINT('',(0.933323940109,66.704475764084));
#2247 = CARTESIAN_POINT('',(0.944313035272,66.716736217441));
#2248 = CARTESIAN_POINT('',(0.955361927605,66.728582067706));
#2249 = CARTESIAN_POINT('',(0.966473870182,66.739979517027));
#2250 = CARTESIAN_POINT('',(0.98699842126,66.760017476704));
#2251 = CARTESIAN_POINT('',(0.996393032938,66.768805679627));
#2252 = CARTESIAN_POINT('',(1.005834618205,66.777232944807));
#2253 = CARTESIAN_POINT('',(1.015322246023,66.785275169166));
#2254 = CARTESIAN_POINT('',(1.024855508781,66.792908680788));
#2255 = CARTESIAN_POINT('',(1.034434522295,66.80011023892));
#2256 = CARTESIAN_POINT('',(1.044059925807,66.806857033976));
#2257 = CARTESIAN_POINT('',(1.068970463656,66.823003126154));
#2258 = CARTESIAN_POINT('',(1.084345655229,66.831708407637));
#2259 = CARTESIAN_POINT('',(1.099826394239,66.839125811254));
#2260 = CARTESIAN_POINT('',(1.115387646166,66.845160770977));
#2261 = CARTESIAN_POINT('',(1.131009871831,66.849740800678));
#2262 = CARTESIAN_POINT('',(1.146677494807,66.85281541934));
#2263 = CARTESIAN_POINT('',(1.162377368807,66.854356076261));
#2264 = CARTESIAN_POINT('',(1.216978610242,66.854356076261));
#2265 = CARTESIAN_POINT('',(1.255065376708,66.844930586448));
#2266 = CARTESIAN_POINT('',(1.292574891959,66.826753650246));
#2267 = CARTESIAN_POINT('',(1.329643487189,66.800741089473));
#2268 = CARTESIAN_POINT('',(1.366301001524,66.768050464193));
#2269 = CARTESIAN_POINT('',(1.40244961919,66.730056989888));
#2270 = CARTESIAN_POINT('',(1.437847515511,66.688315025815));
#2271 = CARTESIAN_POINT('',(1.507298635357,66.599498898162));
#2272 = CARTESIAN_POINT('',(1.542116378102,66.551248494276));
#2273 = CARTESIAN_POINT('',(1.576611659715,66.500663179531));
#2274 = CARTESIAN_POINT('',(1.610850613305,66.448456254701));
#2275 = CARTESIAN_POINT('',(1.644921401605,66.395133897018));
#2276 = CARTESIAN_POINT('',(1.678945897444,66.34101564436));
#2277 = CARTESIAN_POINT('',(1.713083346065,66.286281334483));
#2278 = CARTESIAN_POINT('',(1.814163006493,66.124118119292));
#2279 = CARTESIAN_POINT('',(1.881202298425,66.016444231044));
#2280 = CARTESIAN_POINT('',(1.949582110497,65.90941511993));
#2281 = CARTESIAN_POINT('',(2.020034315999,65.804083974448));
#2282 = CARTESIAN_POINT('',(2.093208800888,65.70198995765));
#2283 = CARTESIAN_POINT('',(2.169681770899,65.605261009165));
#2284 = CARTESIAN_POINT('',(2.250026561025,65.516815606082));
#2285 = CARTESIAN_POINT('',(2.381356161283,65.39870266236));
#2286 = CARTESIAN_POINT('',(2.429654740052,65.360123379743));
#2287 = CARTESIAN_POINT('',(2.479455747853,65.325949500061));
#2288 = CARTESIAN_POINT('',(2.530501795499,65.297189258064));
#2289 = CARTESIAN_POINT('',(2.582575955216,65.274671673639));
#2290 = CARTESIAN_POINT('',(2.635489856793,65.259039045374));
#2291 = CARTESIAN_POINT('',(2.689072669354,65.250742035165));
#2292 = CARTESIAN_POINT('',(2.798254473867,65.249319556209));
#2293 = CARTESIAN_POINT('',(2.85290154696,65.256491592036));
#2294 = CARTESIAN_POINT('',(2.906915354691,65.271335902311));
#2295 = CARTESIAN_POINT('',(2.960103116672,65.293413538504));
#2296 = CARTESIAN_POINT('',(3.012254101588,65.322066449816));
#2297 = CARTESIAN_POINT('',(3.063126643949,65.356422842706));
#2298 = CARTESIAN_POINT('',(3.112434181464,65.395405602727));
#2299 = CARTESIAN_POINT('',(3.246374118563,65.515051920483));
#2300 = CARTESIAN_POINT('',(3.328239885789,65.605062617812));
#2301 = CARTESIAN_POINT('',(3.406090011205,65.703683634564));
#2302 = CARTESIAN_POINT('',(3.48052729471,65.807830604572));
#2303 = CARTESIAN_POINT('',(3.552156328183,65.91526693736));
#2304 = CARTESIAN_POINT('',(3.621662631415,66.024380145448));
#2305 = CARTESIAN_POINT('',(3.689818462777,66.13407868876));
#2306 = CARTESIAN_POINT('',(3.790780981984,66.296018190945));
#2307 = CARTESIAN_POINT('',(3.823675524535,66.348689122882));
#2308 = CARTESIAN_POINT('',(3.856477918942,66.400755292732));
#2309 = CARTESIAN_POINT('',(3.889329362051,66.452049481198));
#2310 = CARTESIAN_POINT('',(3.922339443137,66.502276787241));
#2311 = CARTESIAN_POINT('',(3.955588566786,66.55097997258));
#2312 = CARTESIAN_POINT('',(3.989136939445,66.597526556711));
#2313 = CARTESIAN_POINT('',(4.044032952436,66.668109254057));
#2314 = CARTESIAN_POINT('',(4.065235685129,66.694062836535));
#2315 = CARTESIAN_POINT('',(4.086649485684,66.718757742243));
#2316 = CARTESIAN_POINT('',(4.108278428107,66.741952983038));
#2317 = CARTESIAN_POINT('',(4.130131679617,66.763389758088));
#2318 = CARTESIAN_POINT('',(4.152225774354,66.782794706848));
#2319 = CARTESIAN_POINT('',(4.174586973622,66.799883907188));
#2320 = CARTESIAN_POINT('',(4.212262230795,66.823957840116));
#2321 = CARTESIAN_POINT('',(4.227403609157,66.832405090387));
#2322 = CARTESIAN_POINT('',(4.242646816821,66.839598439418));
#2323 = CARTESIAN_POINT('',(4.257967494968,66.845448227819));
#2324 = CARTESIAN_POINT('',(4.273346504019,66.849885942158));
#2325 = CARTESIAN_POINT('',(4.288768470741,66.852864090221));
#2326 = CARTESIAN_POINT('',(4.304220335365,66.854356076261));
#2327 = CARTESIAN_POINT('',(4.335529541864,66.854356076261));
#2328 = CARTESIAN_POINT('',(4.351348454611,66.852791855374));
#2329 = CARTESIAN_POINT('',(4.367134279286,66.849670405546));
#2330 = CARTESIAN_POINT('',(4.382873726025,66.845021155383));
#2331 = CARTESIAN_POINT('',(4.398550990088,66.838896044684));
#2332 = CARTESIAN_POINT('',(4.41414616921,66.831369598975));
#2333 = CARTESIAN_POINT('',(4.429633680949,66.822539004039));
#2334 = CARTESIAN_POINT('',(4.454638939369,66.806221595633));
#2335 = CARTESIAN_POINT('',(4.464249663979,66.799444636439));
#2336 = CARTESIAN_POINT('',(4.473814030414,66.792215636502));
#2337 = CARTESIAN_POINT('',(4.483332699503,66.784557336057));
#2338 = CARTESIAN_POINT('',(4.492805816347,66.77649288194));
#2339 = CARTESIAN_POINT('',(4.502233010329,66.768045827589));
#2340 = CARTESIAN_POINT('',(4.511613395105,66.759240133043));
#2341 = CARTESIAN_POINT('',(4.532096229044,66.739179163466));
#2342 = CARTESIAN_POINT('',(4.543180885746,66.72777806799));
#2343 = CARTESIAN_POINT('',(4.554202891267,66.715932269245));
#2344 = CARTESIAN_POINT('',(4.565165483235,66.703675265756));
#2345 = CARTESIAN_POINT('',(4.576071784357,66.691038663845));
#2346 = CARTESIAN_POINT('',(4.586924802413,66.678052177627));
#2347 = CARTESIAN_POINT('',(4.597727430263,66.664743629014));
#2348 = CARTESIAN_POINT('',(4.64364115685,66.606664529754));
#2349 = CARTESIAN_POINT('',(4.678404543937,66.558881920887));
#2350 = CARTESIAN_POINT('',(4.712833867355,66.508701384903));
#2351 = CARTESIAN_POINT('',(4.746994485406,66.45684865157));
#2352 = CARTESIAN_POINT('',(4.780973591107,66.403840641004));
#2353 = CARTESIAN_POINT('',(4.814892721798,66.350003659952));
#2354 = CARTESIAN_POINT('',(4.848911964017,66.295519239695));
#2355 = CARTESIAN_POINT('',(4.950545080511,66.132494057064));
#2356 = CARTESIAN_POINT('',(5.018233714309,66.023593723223));
#2357 = CARTESIAN_POINT('',(5.087264887952,65.915268898198));
#2358 = CARTESIAN_POINT('',(5.158391542154,65.808601100564));
#2359 = CARTESIAN_POINT('',(5.232281481565,65.705177364635));
#2360 = CARTESIAN_POINT('',(5.309523067893,65.607187517921));
#2361 = CARTESIAN_POINT('',(5.390703052742,65.517639567896));
#2362 = CARTESIAN_POINT('',(5.522948814873,65.39870266236));
#2363 = CARTESIAN_POINT('',(5.571247393642,65.360123379742));
#2364 = CARTESIAN_POINT('',(5.621048401444,65.32594950006));
#2365 = CARTESIAN_POINT('',(5.672094449089,65.297189258064));
#2366 = CARTESIAN_POINT('',(5.724168608806,65.274671673639));
#2367 = CARTESIAN_POINT('',(5.777082510383,65.259039045373));
#2368 = CARTESIAN_POINT('',(5.830665322944,65.250742035165));
#2369 = CARTESIAN_POINT('',(5.937192478258,65.249354142399));
#2370 = CARTESIAN_POINT('',(5.989262667277,65.255818241501));
#2371 = CARTESIAN_POINT('',(6.040788254749,65.269259424858));
#2372 = CARTESIAN_POINT('',(6.091588973582,65.289313939149));
#2373 = CARTESIAN_POINT('',(6.141469811673,65.315426216668));
#2374 = CARTESIAN_POINT('',(6.190209964543,65.346853061007));
#2375 = CARTESIAN_POINT('',(6.237551153193,65.38267029583));
#2376 = CARTESIAN_POINT('',(6.28318530718,65.42178187672));
#2377 = ( GEOMETRIC_REPRESENTATION_CONTEXT(2) 
PARAMETRIC_REPRESENTATION_CONTEXT() REPRESENTATION_CONTEXT('2D SPACE',''
  ) );
#2378 = FACE_BOUND('',#2379,.F.);
#2379 = EDGE_LOOP('',(#2380,#2869));
#2380 = ORIENTED_EDGE('',*,*,#2381,.F.);
#2381 = EDGE_CURVE('',#2382,#2384,#2386,.T.);
#2382 = VERTEX_POINT('',#2383);
#2383 = CARTESIAN_POINT('',(47.210244111327,19.555123393856,29.25));
#2384 = VERTEX_POINT('',#2385);
#2385 = CARTESIAN_POINT('',(42.400545280049,18.598414812943,
    29.42178187672));
#2386 = SURFACE_CURVE('',#2387,(#2544,#2704),.PCURVE_S1.);
#2387 = B_SPLINE_CURVE_WITH_KNOTS('',8,(#2388,#2389,#2390,#2391,#2392,
    #2393,#2394,#2395,#2396,#2397,#2398,#2399,#2400,#2401,#2402,#2403,
    #2404,#2405,#2406,#2407,#2408,#2409,#2410,#2411,#2412,#2413,#2414,
    #2415,#2416,#2417,#2418,#2419,#2420,#2421,#2422,#2423,#2424,#2425,
    #2426,#2427,#2428,#2429,#2430,#2431,#2432,#2433,#2434,#2435,#2436,
    #2437,#2438,#2439,#2440,#2441,#2442,#2443,#2444,#2445,#2446,#2447,
    #2448,#2449,#2450,#2451,#2452,#2453,#2454,#2455,#2456,#2457,#2458,
    #2459,#2460,#2461,#2462,#2463,#2464,#2465,#2466,#2467,#2468,#2469,
    #2470,#2471,#2472,#2473,#2474,#2475,#2476,#2477,#2478,#2479,#2480,
    #2481,#2482,#2483,#2484,#2485,#2486,#2487,#2488,#2489,#2490,#2491,
    #2492,#2493,#2494,#2495,#2496,#2497,#2498,#2499,#2500,#2501,#2502,
    #2503,#2504,#2505,#2506,#2507,#2508,#2509,#2510,#2511,#2512,#2513,
    #2514,#2515,#2516,#2517,#2518,#2519,#2520,#2521,#2522,#2523,#2524,
    #2525,#2526,#2527,#2528,#2529,#2530,#2531,#2532,#2533,#2534,#2535,
    #2536,#2537,#2538,#2539,#2540,#2541,#2542,#2543),.UNSPECIFIED.,.T.,
  .F.,(9,7,7,7,7,7,7,7,7,7,7,7,7,7,7,7,7,7,7,7,7,7,9),(0.,
    2.855208837618E-02,9.89663979132E-02,0.148279783667,0.163320786299,
    0.175896498253,0.195706718936,0.24470509597,0.295063306915,
    0.392506111743,0.445894372527,0.500274828876,0.599571785476,
    0.648124556937,0.678188409592,0.698094840614,0.718477495108,
    0.731304824119,0.746631716723,0.796736133914,0.895047559452,
    0.948336310212,1.),.UNSPECIFIED.);
#2388 = CARTESIAN_POINT('',(42.400545280049,18.598414812943,
    29.42178187672));
#2389 = CARTESIAN_POINT('',(42.400545280049,18.662860543874,
    29.443875630614));
#2390 = CARTESIAN_POINT('',(42.402443858515,18.726266749863,
    29.467131163002));
#2391 = CARTESIAN_POINT('',(42.40613399327,18.788608040636,
    29.491439066063));
#2392 = CARTESIAN_POINT('',(42.411514661559,18.849865546891,
    29.516696815261));
#2393 = CARTESIAN_POINT('',(42.418490925961,18.910026726522,
    29.542808696831));
#2394 = CARTESIAN_POINT('',(42.426974020299,18.969085170839,
    29.569685735275));
#2395 = CARTESIAN_POINT('',(42.436881435547,19.02704041079,
    29.597245620847));
#2396 = CARTESIAN_POINT('',(42.475895157571,19.224117532733,
    29.694877293035));
#2397 = CARTESIAN_POINT('',(42.511897283315,19.357884081086,
    29.768145839732));
#2398 = CARTESIAN_POINT('',(42.555063214666,19.485305297943,
    29.844136537699));
#2399 = CARTESIAN_POINT('',(42.604547028388,19.60662495732,
    29.921981266508));
#2400 = CARTESIAN_POINT('',(42.659736607366,19.722186488623,
    30.000981437663));
#2401 = CARTESIAN_POINT('',(42.720244268394,19.832384078485,
    30.080562016814));
#2402 = CARTESIAN_POINT('',(42.785907043046,19.93761718425,
    30.160184785359));
#2403 = CARTESIAN_POINT('',(42.906474439424,20.108751159845,
    30.294506219435));
#2404 = CARTESIAN_POINT('',(42.958484472859,20.1766735095,
    30.349276184198));
#2405 = CARTESIAN_POINT('',(43.012952314809,20.242361497665,
    30.403396683086));
#2406 = CARTESIAN_POINT('',(43.070027199721,20.306030247562,
    30.45668439361));
#2407 = CARTESIAN_POINT('',(43.129853010331,20.367767830032,
    30.508808002573));
#2408 = CARTESIAN_POINT('',(43.192542040602,20.427559251364,
    30.559241660715));
#2409 = CARTESIAN_POINT('',(43.258174745333,20.485323979673,
    30.607246812706));
#2410 = CARTESIAN_POINT('',(43.347770607674,20.557908910922,
    30.665516303624));
#2411 = CARTESIAN_POINT('',(43.369013332089,20.574691073859,
    30.678836752573));
#2412 = CARTESIAN_POINT('',(43.39056322995,20.591288166964,
    30.691832608737));
#2413 = CARTESIAN_POINT('',(43.412425591625,20.607697267388,
    30.704475765135));
#2414 = CARTESIAN_POINT('',(43.434606071637,20.623915104951,
    30.716736218123));
#2415 = CARTESIAN_POINT('',(43.45711068867,20.639938062136,
    30.728582067397));
#2416 = CARTESIAN_POINT('',(43.479945825562,20.655762174093,
    30.739979515993));
#2417 = CARTESIAN_POINT('',(43.52249256771,20.684443735672,
    30.76001747476));
#2418 = CARTESIAN_POINT('',(43.542106871458,20.697364977211,
    30.768805678668));
#2419 = CARTESIAN_POINT('',(43.561957942167,20.710139524001,
    30.777232945471));
#2420 = CARTESIAN_POINT('',(43.582043558921,20.722760702213,
    30.785275170684));
#2421 = CARTESIAN_POINT('',(43.602362478274,20.735222493436,
    30.792908681866));
#2422 = CARTESIAN_POINT('',(43.622914434252,20.747519534681,
    30.800110238625));
#2423 = CARTESIAN_POINT('',(43.643700138353,20.759647118379,
    30.806857032612));
#2424 = CARTESIAN_POINT('',(43.697835384542,20.790432161552,
    30.823003126172));
#2425 = CARTESIAN_POINT('',(43.731576589613,20.808856384991,
    30.831708407639));
#2426 = CARTESIAN_POINT('',(43.765873485851,20.82680980596,
    30.839125811244));
#2427 = CARTESIAN_POINT('',(43.800665831359,20.844242617975,
    30.845160770968));
#2428 = CARTESIAN_POINT('',(43.835902068854,20.861116465494,
    30.849740800679));
#2429 = CARTESIAN_POINT('',(43.871536843259,20.877401644605,
    30.852815419346));
#2430 = CARTESIAN_POINT('',(43.907528519307,20.893074303711,
    30.854356076261));
#2431 = CARTESIAN_POINT('',(44.033640942772,20.945311779894,
    30.854356076261));
#2432 = CARTESIAN_POINT('',(44.123262855524,20.977759317244,
    30.844930586448));
#2433 = CARTESIAN_POINT('',(44.21287921546,21.00586316209,
    30.826753650246));
#2434 = CARTESIAN_POINT('',(44.302565370999,21.029849990179,
    30.800741089473));
#2435 = CARTESIAN_POINT('',(44.392176272322,21.049802713225,
    30.768050464194));
#2436 = CARTESIAN_POINT('',(44.481256639779,21.065755203636,
    30.730056989888));
#2437 = CARTESIAN_POINT('',(44.568990384424,21.07781052901,
    30.688315025815));
#2438 = CARTESIAN_POINT('',(44.741773181608,21.094919526536,
    30.599498898162));
#2439 = CARTESIAN_POINT('',(44.828742748288,21.099973672285,
    30.551248494276));
#2440 = CARTESIAN_POINT('',(44.915080408439,21.101543207419,
    30.500663179531));
#2441 = CARTESIAN_POINT('',(45.000789444682,21.099736832142,
    30.448456254701));
#2442 = CARTESIAN_POINT('',(45.085941123552,21.094638425677,
    30.395133897018));
#2443 = CARTESIAN_POINT('',(45.1706974821,21.086280905697,30.34101564436
    ));
#2444 = CARTESIAN_POINT('',(45.255307629949,21.074612838824,
    30.286281334483));
#2445 = CARTESIAN_POINT('',(45.504070858565,21.030186303489,
    30.124118119291));
#2446 = CARTESIAN_POINT('',(45.666827894059,20.988230736901,
    30.016444231047));
#2447 = CARTESIAN_POINT('',(45.829497135863,20.93312997749,
    29.909415119926));
#2448 = CARTESIAN_POINT('',(45.992509497708,20.863644341704,
    29.804083974453));
#2449 = CARTESIAN_POINT('',(46.155635730322,20.778066165491,
    29.701989957646));
#2450 = CARTESIAN_POINT('',(46.317812330081,20.674344991743,
    29.605261009167));
#2451 = CARTESIAN_POINT('',(46.477069134638,20.550225071168,
    29.516815606081));
#2452 = CARTESIAN_POINT('',(46.714126651371,20.323067894244,
    29.398702662432));
#2453 = CARTESIAN_POINT('',(46.797036931807,20.235069608024,
    29.360123379746));
#2454 = CARTESIAN_POINT('',(46.877527601411,20.139670235787,
    29.325949500015));
#2455 = CARTESIAN_POINT('',(46.954333016015,20.037214187745,
    29.297189258029));
#2456 = CARTESIAN_POINT('',(47.026339203882,19.928186135639,
    29.274671673644));
#2457 = CARTESIAN_POINT('',(47.092583836267,19.813198371758,
    29.259039045397));
#2458 = CARTESIAN_POINT('',(47.15225971247,19.692977175586,
    29.250742035166));
#2459 = CARTESIAN_POINT('',(47.258158788556,19.441403029823,
    29.249319556211));
#2460 = CARTESIAN_POINT('',(47.303169614749,19.312121879422,
    29.256491591993));
#2461 = CARTESIAN_POINT('',(47.339553497343,19.181618040998,
    29.271335902301));
#2462 = CARTESIAN_POINT('',(47.367319449121,19.051062342624,
    29.293413538569));
#2463 = CARTESIAN_POINT('',(47.386692415693,18.921664636699,
    29.322066449901));
#2464 = CARTESIAN_POINT('',(47.398121522985,18.794659168941,
    29.356422842699));
#2465 = CARTESIAN_POINT('',(47.402290392778,18.671293816009,
    29.39540560259));
#2466 = CARTESIAN_POINT('',(47.396183853897,18.336499658908,
    29.515051920483));
#2467 = CARTESIAN_POINT('',(47.37105528745,18.132259730595,
    29.605062617812));
#2468 = CARTESIAN_POINT('',(47.328808306281,17.940841223348,
    29.703683634565));
#2469 = CARTESIAN_POINT('',(47.272599093216,17.762033435059,
    29.80783060457));
#2470 = CARTESIAN_POINT('',(47.204743895778,17.595097906476,
    29.91526693736));
#2471 = CARTESIAN_POINT('',(47.126665412346,17.438924805693,
    30.024380145447));
#2472 = CARTESIAN_POINT('',(47.03893562534,17.292266638455,
    30.13407868876));
#2473 = CARTESIAN_POINT('',(46.893094781699,17.086258416278,
    30.296018190945));
#2474 = CARTESIAN_POINT('',(46.843014803624,17.020954075239,
    30.348689122882));
#2475 = CARTESIAN_POINT('',(46.790656056665,16.957714718409,
    30.400755292733));
#2476 = CARTESIAN_POINT('',(46.735890617758,16.896358516827,
    30.452049481198));
#2477 = CARTESIAN_POINT('',(46.678594502656,16.836802778458,
    30.502276787241));
#2478 = CARTESIAN_POINT('',(46.618668062537,16.779051676246,
    30.55097997258));
#2479 = CARTESIAN_POINT('',(46.556036774641,16.723173009467,
    30.597526556711));
#2480 = CARTESIAN_POINT('',(46.450134086412,16.635883564751,
    30.668109254092));
#2481 = CARTESIAN_POINT('',(46.40842997251,16.603141021225,
    30.694062836541));
#2482 = CARTESIAN_POINT('',(46.365516947254,16.5710908356,
    30.718757742222));
#2483 = CARTESIAN_POINT('',(46.321388806323,16.539784850372,
    30.741952983015));
#2484 = CARTESIAN_POINT('',(46.276031030578,16.509269437777,
    30.763389758083));
#2485 = CARTESIAN_POINT('',(46.229414713828,16.47958483438,
    30.782794706861));
#2486 = CARTESIAN_POINT('',(46.181489666842,16.450766655177,
    30.799883907204));
#2487 = CARTESIAN_POINT('',(46.099524687521,16.404364624808,
    30.823957840116));
#2488 = CARTESIAN_POINT('',(46.066266455061,16.386276232028,
    30.832405090387));
#2489 = CARTESIAN_POINT('',(46.032471249885,16.368645894489,
    30.839598439418));
#2490 = CARTESIAN_POINT('',(45.998197709018,16.351521546993,
    30.845448227819));
#2491 = CARTESIAN_POINT('',(45.963496220677,16.334940207588,
    30.849885942158));
#2492 = CARTESIAN_POINT('',(45.928411288084,16.318930611595,
    30.852864090221));
#2493 = CARTESIAN_POINT('',(45.892983893285,16.303515845638,
    30.854356076261));
#2494 = CARTESIAN_POINT('',(45.820669055624,16.273562059118,
    30.854356076261));
#2495 = CARTESIAN_POINT('',(45.783857776703,16.259090444272,
    30.852791855374));
#2496 = CARTESIAN_POINT('',(45.746863919283,16.245315076539,
    30.849670405546));
#2497 = CARTESIAN_POINT('',(45.70973450197,16.23224862928,
    30.845021155383));
#2498 = CARTESIAN_POINT('',(45.672523527577,16.219902264206,
    30.838896044684));
#2499 = CARTESIAN_POINT('',(45.635295843809,16.208285385755,
    30.831369598975));
#2500 = CARTESIAN_POINT('',(45.598131003941,16.19740539549,
    30.822539004039));
#2501 = CARTESIAN_POINT('',(45.537839635797,16.180887374273,
    30.806221594237));
#2502 = CARTESIAN_POINT('',(45.514596372366,16.174795637605,
    30.799444636134));
#2503 = CARTESIAN_POINT('',(45.491398953965,16.168988166619,
    30.792215637602));
#2504 = CARTESIAN_POINT('',(45.468250132943,16.163461119078,
    30.784557337607));
#2505 = CARTESIAN_POINT('',(45.445153797248,16.15821088036,
    30.77649288262));
#2506 = CARTESIAN_POINT('',(45.422114970427,16.153234063465,
    30.768045826612));
#2507 = CARTESIAN_POINT('',(45.399139811628,16.148527509008,
    30.75924013106));
#2508 = CARTESIAN_POINT('',(45.348868253901,16.138784023822,
    30.739179163467));
#2509 = CARTESIAN_POINT('',(45.32159532963,16.133859888526,
    30.72777806799));
#2510 = CARTESIAN_POINT('',(45.294415122382,16.129308124736,
    30.715932269245));
#2511 = CARTESIAN_POINT('',(45.267325909042,16.125121476674,
    30.703675265756));
#2512 = CARTESIAN_POINT('',(45.240325963795,16.121293187386,
    30.691038663845));
#2513 = CARTESIAN_POINT('',(45.213413558116,16.117816998737,
    30.678052177627));
#2514 = CARTESIAN_POINT('',(45.186586960778,16.114687151416,
    30.664743629014));
#2515 = CARTESIAN_POINT('',(45.072421725347,16.10278176078,
    30.606664529754));
#2516 = CARTESIAN_POINT('',(44.985615695561,16.097280418468,
    30.558881920886));
#2517 = CARTESIAN_POINT('',(44.899452975004,16.095257345916,
    30.508701384904));
#2518 = CARTESIAN_POINT('',(44.813932135452,16.096600264102,
    30.45684865157));
#2519 = CARTESIAN_POINT('',(44.728983792288,16.101220681259,
    30.403840641003));
#2520 = CARTESIAN_POINT('',(44.644445443262,16.109080012279,
    30.350003659952));
#2521 = CARTESIAN_POINT('',(44.560063518684,16.120223966978,
    30.295519239695));
#2522 = CARTESIAN_POINT('',(44.309679318958,16.163419074685,
    30.132494057064));
#2523 = CARTESIAN_POINT('',(44.145122535996,16.204948093302,
    30.023593723224));
#2524 = CARTESIAN_POINT('',(43.980646689118,16.259855809477,
    29.915268898196));
#2525 = CARTESIAN_POINT('',(43.815796501266,16.329405121113,
    29.808601100565));
#2526 = CARTESIAN_POINT('',(43.650798815161,16.415344573154,
    29.705177364634));
#2527 = CARTESIAN_POINT('',(43.48674850997,16.519777868165,
    29.607187517921));
#2528 = CARTESIAN_POINT('',(43.325675150576,16.645019894868,
    29.517639567895));
#2529 = CARTESIAN_POINT('',(43.086963908581,16.873761731782,
    29.39870266236));
#2530 = CARTESIAN_POINT('',(43.004053628263,16.961760017918,
    29.360123379742));
#2531 = CARTESIAN_POINT('',(42.923562958776,17.057159390016,
    29.32594950006));
#2532 = CARTESIAN_POINT('',(42.846757544187,17.15961543799,
    29.297189258064));
#2533 = CARTESIAN_POINT('',(42.774751356246,17.268643490158,
    29.274671673639));
#2534 = CARTESIAN_POINT('',(42.708506723772,17.383631254201,
    29.259039045373));
#2535 = CARTESIAN_POINT('',(42.648830847546,17.503852450493,
    29.250742035165));
#2536 = CARTESIAN_POINT('',(42.545506604255,17.749309816159,
    29.249354142399));
#2537 = CARTESIAN_POINT('',(42.502243427644,17.87233693241,29.2558182415
    ));
#2538 = CARTESIAN_POINT('',(42.466784087651,17.996575907237,
    29.269259424857));
#2539 = CARTESIAN_POINT('',(42.439150109059,18.120986017672,
    29.289313939152));
#2540 = CARTESIAN_POINT('',(42.419174513457,18.244488004756,
    29.315426216671));
#2541 = CARTESIAN_POINT('',(42.406494965982,18.365976479621,
    29.346853061007));
#2542 = CARTESIAN_POINT('',(42.400545280049,18.484329427963,
    29.382670295826));
#2543 = CARTESIAN_POINT('',(42.400545280049,18.598414812943,
    29.42178187672));
#2544 = PCURVE('',#1123,#2545);
#2545 = DEFINITIONAL_REPRESENTATION('',(#2546),#2703);
#2546 = B_SPLINE_CURVE_WITH_KNOTS('',8,(#2547,#2548,#2549,#2550,#2551,
    #2552,#2553,#2554,#2555,#2556,#2557,#2558,#2559,#2560,#2561,#2562,
    #2563,#2564,#2565,#2566,#2567,#2568,#2569,#2570,#2571,#2572,#2573,
    #2574,#2575,#2576,#2577,#2578,#2579,#2580,#2581,#2582,#2583,#2584,
    #2585,#2586,#2587,#2588,#2589,#2590,#2591,#2592,#2593,#2594,#2595,
    #2596,#2597,#2598,#2599,#2600,#2601,#2602,#2603,#2604,#2605,#2606,
    #2607,#2608,#2609,#2610,#2611,#2612,#2613,#2614,#2615,#2616,#2617,
    #2618,#2619,#2620,#2621,#2622,#2623,#2624,#2625,#2626,#2627,#2628,
    #2629,#2630,#2631,#2632,#2633,#2634,#2635,#2636,#2637,#2638,#2639,
    #2640,#2641,#2642,#2643,#2644,#2645,#2646,#2647,#2648,#2649,#2650,
    #2651,#2652,#2653,#2654,#2655,#2656,#2657,#2658,#2659,#2660,#2661,
    #2662,#2663,#2664,#2665,#2666,#2667,#2668,#2669,#2670,#2671,#2672,
    #2673,#2674,#2675,#2676,#2677,#2678,#2679,#2680,#2681,#2682,#2683,
    #2684,#2685,#2686,#2687,#2688,#2689,#2690,#2691,#2692,#2693,#2694,
    #2695,#2696,#2697,#2698,#2699,#2700,#2701,#2702),.UNSPECIFIED.,.T.,
  .F.,(9,7,7,7,7,7,7,7,7,7,7,7,7,7,7,7,7,7,7,7,7,7,9),(0.,
    2.855208837618E-02,9.89663979132E-02,0.148279783667,0.163320786299,
    0.175896498253,0.195706718936,0.24470509597,0.295063306915,
    0.392506111743,0.445894372527,0.500274828876,0.599571785476,
    0.648124556937,0.678188409592,0.698094840614,0.718477495108,
    0.731304824119,0.746631716723,0.796736133914,0.895047559452,
    0.948336310212,1.),.UNSPECIFIED.);
#2547 = CARTESIAN_POINT('',(5.067712857695,46.290301168722));
#2548 = CARTESIAN_POINT('',(5.090806362169,46.314963482235));
#2549 = CARTESIAN_POINT('',(5.113471731413,46.340982044562));
#2550 = CARTESIAN_POINT('',(5.135719826859,46.368248263666));
#2551 = CARTESIAN_POINT('',(5.157560786486,46.396661585721));
#2552 = CARTESIAN_POINT('',(5.179004258986,46.426129500332));
#2553 = CARTESIAN_POINT('',(5.200059637921,46.456567545744));
#2554 = CARTESIAN_POINT('',(5.220736295884,46.48789931406));
#2555 = CARTESIAN_POINT('',(5.291125626192,46.599361442791));
#2556 = CARTESIAN_POINT('',(5.339042473776,46.683813311752));
#2557 = CARTESIAN_POINT('',(5.38494831085,46.772455420853));
#2558 = CARTESIAN_POINT('',(5.428978652297,46.864599527204));
#2559 = CARTESIAN_POINT('',(5.471254151621,46.959811533078));
#2560 = CARTESIAN_POINT('',(5.511875742731,47.057884114589));
#2561 = CARTESIAN_POINT('',(5.550902059715,47.158819574251));
#2562 = CARTESIAN_POINT('',(5.614490704584,47.335699461228));
#2563 = CARTESIAN_POINT('',(5.639765674114,47.409743224504));
#2564 = CARTESIAN_POINT('',(5.664187038948,47.485202653637));
#2565 = CARTESIAN_POINT('',(5.687755713807,47.562297947373));
#2566 = CARTESIAN_POINT('',(5.710399391039,47.641195739277));
#2567 = CARTESIAN_POINT('',(5.731964579671,47.721994037599));
#2568 = CARTESIAN_POINT('',(5.752215674302,47.804736354662));
#2569 = CARTESIAN_POINT('',(5.776526050959,47.915289188705));
#2570 = CARTESIAN_POINT('',(5.782062662887,47.941337162722));
#2571 = CARTESIAN_POINT('',(5.787445242834,47.96759810484));
#2572 = CARTESIAN_POINT('',(5.792664258629,47.994075784196));
#2573 = CARTESIAN_POINT('',(5.797709432727,48.020774173445));
#2574 = CARTESIAN_POINT('',(5.802569742209,48.04769744876));
#2575 = CARTESIAN_POINT('',(5.807233418781,48.074849989836));
#2576 = CARTESIAN_POINT('',(5.815412360474,48.125134012512));
#2577 = CARTESIAN_POINT('',(5.818991359946,48.148200011351));
#2578 = CARTESIAN_POINT('',(5.822416155793,48.17142861669));
#2579 = CARTESIAN_POINT('',(5.825678113041,48.194815222706));
#2580 = CARTESIAN_POINT('',(5.828768753143,48.218356377457));
#2581 = CARTESIAN_POINT('',(5.831679753981,48.24204978289));
#2582 = CARTESIAN_POINT('',(5.83440294986,48.265894294834));
#2583 = CARTESIAN_POINT('',(5.840911655878,48.327689666762));
#2584 = CARTESIAN_POINT('',(5.844412173472,48.365913120594));
#2585 = CARTESIAN_POINT('',(5.847388689812,48.404469797816));
#2586 = CARTESIAN_POINT('',(5.849806577825,48.443284982057));
#2587 = CARTESIAN_POINT('',(5.851639536359,48.482296362566));
#2588 = CARTESIAN_POINT('',(5.85286934869,48.521450669524));
#2589 = CARTESIAN_POINT('',(5.853485641028,48.560700309346));
#2590 = CARTESIAN_POINT('',(5.853485641028,48.697203412865));
#2591 = CARTESIAN_POINT('',(5.849715479986,48.792420398686));
#2592 = CARTESIAN_POINT('',(5.84244456515,48.885969995218));
#2593 = CARTESIAN_POINT('',(5.832003293668,48.978008560374));
#2594 = CARTESIAN_POINT('',(5.818794023088,49.068433814537));
#2595 = CARTESIAN_POINT('',(5.803295383105,49.156838096564));
#2596 = CARTESIAN_POINT('',(5.786066961884,49.242506880844));
#2597 = CARTESIAN_POINT('',(5.748947811243,49.40868470063));
#2598 = CARTESIAN_POINT('',(5.728553237701,49.49096824108));
#2599 = CARTESIAN_POINT('',(5.706876127042,49.571334473272));
#2600 = CARTESIAN_POINT('',(5.684142462953,49.649828027715));
#2601 = CARTESIAN_POINT('',(5.660497951885,49.726546845297));
#2602 = CARTESIAN_POINT('',(5.636009865234,49.801653225778));
#2603 = CARTESIAN_POINT('',(5.610675505209,49.875357633739));
#2604 = CARTESIAN_POINT('',(5.533657631034,50.088183590068));
#2605 = CARTESIAN_POINT('',(5.480043339224,50.222495783703));
#2606 = CARTESIAN_POINT('',(5.423576038533,50.351696419042));
#2607 = CARTESIAN_POINT('',(5.363949866854,50.475709202086));
#2608 = CARTESIAN_POINT('',(5.300834046267,50.593668839414));
#2609 = CARTESIAN_POINT('',(5.233867932401,50.7038081058));
#2610 = CARTESIAN_POINT('',(5.162668961347,50.803443570714));
#2611 = CARTESIAN_POINT('',(5.045229998859,50.935526870299));
#2612 = CARTESIAN_POINT('',(5.00184546165,50.978450495216));
#2613 = CARTESIAN_POINT('',(4.956936707446,51.016306418208));
#2614 = CARTESIAN_POINT('',(4.910759375727,51.048057136616));
#2615 = CARTESIAN_POINT('',(4.86353930435,51.072858950596));
#2616 = CARTESIAN_POINT('',(4.815480000491,51.090057098434));
#2617 = CARTESIAN_POINT('',(4.766771473951,51.099183759048));
#2618 = CARTESIAN_POINT('',(4.667515571151,51.100748490361));
#2619 = CARTESIAN_POINT('',(4.617833366927,51.092859317047));
#2620 = CARTESIAN_POINT('',(4.568764200467,51.076531984663));
#2621 = CARTESIAN_POINT('',(4.520520416717,51.052222876443));
#2622 = CARTESIAN_POINT('',(4.473328244701,51.0206028055));
#2623 = CARTESIAN_POINT('',(4.427438183482,50.982559035471));
#2624 = CARTESIAN_POINT('',(4.383133854623,50.939200692252));
#2625 = CARTESIAN_POINT('',(4.263328272522,50.805438808789));
#2626 = CARTESIAN_POINT('',(4.190768741685,50.704063803776));
#2627 = CARTESIAN_POINT('',(4.12259797391,50.591779991188));
#2628 = CARTESIAN_POINT('',(4.058414298666,50.47142267155));
#2629 = CARTESIAN_POINT('',(3.997839497763,50.344849182394));
#2630 = CARTESIAN_POINT('',(3.940528598085,50.212949211374));
#2631 = CARTESIAN_POINT('',(3.886161888332,50.075773805944));
#2632 = CARTESIAN_POINT('',(3.809608935845,49.862198501942));
#2633 = CARTESIAN_POINT('',(3.785310083449,49.790939745832));
#2634 = CARTESIAN_POINT('',(3.761802350159,49.718365917036));
#2635 = CARTESIAN_POINT('',(3.739086922639,49.644289247123));
#2636 = CARTESIAN_POINT('',(3.717227150215,49.568563544712));
#2637 = CARTESIAN_POINT('',(3.696354609354,49.491098343212));
#2638 = CARTESIAN_POINT('',(3.676669715915,49.411850738231));
#2639 = CARTESIAN_POINT('',(3.64714712515,49.280605187826));
#2640 = CARTESIAN_POINT('',(3.636374326938,49.229545581629));
#2641 = CARTESIAN_POINT('',(3.626195327245,49.177634040874));
#2642 = CARTESIAN_POINT('',(3.616693976687,49.12488467278));
#2643 = CARTESIAN_POINT('',(3.607960443778,49.071301809297));
#2644 = CARTESIAN_POINT('',(3.600090478379,49.016874142454));
#2645 = CARTESIAN_POINT('',(3.5931846346,48.961568932718));
#2646 = CARTESIAN_POINT('',(3.583482431214,48.868085877689));
#2647 = CARTESIAN_POINT('',(3.580086232448,48.830437149197));
#2648 = CARTESIAN_POINT('',(3.577199920715,48.792467612755));
#2649 = CARTESIAN_POINT('',(3.574856341821,48.754249785764));
#2650 = CARTESIAN_POINT('',(3.573080367817,48.715844387061));
#2651 = CARTESIAN_POINT('',(3.571889141305,48.677303528794));
#2652 = CARTESIAN_POINT('',(3.571292319741,48.638673908303));
#2653 = CARTESIAN_POINT('',(3.571292319741,48.560400892054));
#2654 = CARTESIAN_POINT('',(3.571918038895,48.520853657652));
#2655 = CARTESIAN_POINT('',(3.573166582246,48.481404184946));
#2656 = CARTESIAN_POINT('',(3.575027257831,48.442100763352));
#2657 = CARTESIAN_POINT('',(3.577481326216,48.402997556362));
#2658 = CARTESIAN_POINT('',(3.580501750032,48.364158074366));
#2659 = CARTESIAN_POINT('',(3.58405294351,48.325658647464));
#2660 = CARTESIAN_POINT('',(3.590631474084,48.263635513394));
#2661 = CARTESIAN_POINT('',(3.59336718719,48.239830331344));
#2662 = CARTESIAN_POINT('',(3.596289669536,48.216176288346));
#2663 = CARTESIAN_POINT('',(3.599390782068,48.192674456878));
#2664 = CARTESIAN_POINT('',(3.602662238479,48.16932704568));
#2665 = CARTESIAN_POINT('',(3.606095605209,48.146137399755));
#2666 = CARTESIAN_POINT('',(3.609682301447,48.123110000371));
#2667 = CARTESIAN_POINT('',(3.617871986281,48.072936466765));
#2668 = CARTESIAN_POINT('',(3.622537949229,48.045855185243));
#2669 = CARTESIAN_POINT('',(3.627399083973,48.019002063486));
#2670 = CARTESIAN_POINT('',(3.632443730247,47.99237273288));
#2671 = CARTESIAN_POINT('',(3.637660971518,47.965963013202));
#2672 = CARTESIAN_POINT('',(3.643040634988,47.939768912621));
#2673 = CARTESIAN_POINT('',(3.648573291594,47.913786627698));
#2674 = CARTESIAN_POINT('',(3.672808550935,47.803755707607));
#2675 = CARTESIAN_POINT('',(3.692968834889,47.72145212083));
#2676 = CARTESIAN_POINT('',(3.714427941373,47.641073950494));
#2677 = CARTESIAN_POINT('',(3.736954456766,47.562576909769));
#2678 = CARTESIAN_POINT('',(3.760397644779,47.485863031296));
#2679 = CARTESIAN_POINT('',(3.784686385347,47.410767416689));
#2680 = CARTESIAN_POINT('',(3.80982120315,47.337073290492));
#2681 = CARTESIAN_POINT('',(3.886958817798,47.12227850518));
#2682 = CARTESIAN_POINT('',(3.94097066655,46.986140328852));
#2683 = CARTESIAN_POINT('',(3.997893672738,46.85519673362));
#2684 = CARTESIAN_POINT('',(4.05803773196,46.729510388425));
#2685 = CARTESIAN_POINT('',(4.121737030737,46.609960007807));
#2686 = CARTESIAN_POINT('',(4.189358010459,46.498362180325));
#2687 = CARTESIAN_POINT('',(4.261289739335,46.397477849003));
#2688 = CARTESIAN_POINT('',(4.379547961982,46.26447312962));
#2689 = CARTESIAN_POINT('',(4.422932499141,46.22154950478));
#2690 = CARTESIAN_POINT('',(4.46784125328,46.183693581843));
#2691 = CARTESIAN_POINT('',(4.514018584976,46.151942863423));
#2692 = CARTESIAN_POINT('',(4.561238656386,46.127141049398));
#2693 = CARTESIAN_POINT('',(4.60929796031,46.10994290154));
#2694 = CARTESIAN_POINT('',(4.658006486894,46.100816240951));
#2695 = CARTESIAN_POINT('',(4.754849079181,46.099289554554));
#2696 = CARTESIAN_POINT('',(4.802188361534,46.106400030293));
#2697 = CARTESIAN_POINT('',(4.849000511749,46.121184069157));
#2698 = CARTESIAN_POINT('',(4.895089319573,46.143263290016));
#2699 = CARTESIAN_POINT('',(4.940247200873,46.172070410411));
#2700 = CARTESIAN_POINT('',(4.984246405978,46.206847662571));
#2701 = CARTESIAN_POINT('',(5.026831463219,46.246642582015));
#2702 = CARTESIAN_POINT('',(5.067712857695,46.290301168722));
#2703 = ( GEOMETRIC_REPRESENTATION_CONTEXT(2) 
PARAMETRIC_REPRESENTATION_CONTEXT() REPRESENTATION_CONTEXT('2D SPACE',''
  ) );
#2704 = PCURVE('',#2705,#2710);
#2705 = CYLINDRICAL_SURFACE('',#2706,2.5);
#2706 = AXIS2_PLACEMENT_3D('',#2707,#2708,#2709);
#2707 = CARTESIAN_POINT('',(44.900545280049,18.598414812943,100.));
#2708 = DIRECTION('',(0.,0.,-1.));
#2709 = DIRECTION('',(-1.,0.,-0.));
#2710 = DEFINITIONAL_REPRESENTATION('',(#2711),#2868);
#2711 = B_SPLINE_CURVE_WITH_KNOTS('',8,(#2712,#2713,#2714,#2715,#2716,
    #2717,#2718,#2719,#2720,#2721,#2722,#2723,#2724,#2725,#2726,#2727,
    #2728,#2729,#2730,#2731,#2732,#2733,#2734,#2735,#2736,#2737,#2738,
    #2739,#2740,#2741,#2742,#2743,#2744,#2745,#2746,#2747,#2748,#2749,
    #2750,#2751,#2752,#2753,#2754,#2755,#2756,#2757,#2758,#2759,#2760,
    #2761,#2762,#2763,#2764,#2765,#2766,#2767,#2768,#2769,#2770,#2771,
    #2772,#2773,#2774,#2775,#2776,#2777,#2778,#2779,#2780,#2781,#2782,
    #2783,#2784,#2785,#2786,#2787,#2788,#2789,#2790,#2791,#2792,#2793,
    #2794,#2795,#2796,#2797,#2798,#2799,#2800,#2801,#2802,#2803,#2804,
    #2805,#2806,#2807,#2808,#2809,#2810,#2811,#2812,#2813,#2814,#2815,
    #2816,#2817,#2818,#2819,#2820,#2821,#2822,#2823,#2824,#2825,#2826,
    #2827,#2828,#2829,#2830,#2831,#2832,#2833,#2834,#2835,#2836,#2837,
    #2838,#2839,#2840,#2841,#2842,#2843,#2844,#2845,#2846,#2847,#2848,
    #2849,#2850,#2851,#2852,#2853,#2854,#2855,#2856,#2857,#2858,#2859,
    #2860,#2861,#2862,#2863,#2864,#2865,#2866,#2867),.UNSPECIFIED.,.F.,
  .F.,(9,7,7,7,7,7,7,7,7,7,7,7,7,7,7,7,7,7,7,7,7,7,9),(0.,
    2.855208837618E-02,9.89663979132E-02,0.148279783667,0.163320786299,
    0.175896498253,0.195706718936,0.24470509597,0.295063306915,
    0.392506111743,0.445894372527,0.500274828876,0.599571785476,
    0.648124556937,0.678188409592,0.698094840614,0.718477495108,
    0.731304824119,0.746631716723,0.796736133914,0.895047559452,
    0.948336310212,1.),.UNSPECIFIED.);
#2712 = CARTESIAN_POINT('',(0.,70.57821812328));
#2713 = CARTESIAN_POINT('',(2.577829237207E-02,70.556124369386));
#2714 = CARTESIAN_POINT('',(5.114078607532E-02,70.532868836998));
#2715 = CARTESIAN_POINT('',(7.610339024039E-02,70.508560933937));
#2716 = CARTESIAN_POINT('',(0.100681158898,70.483303184739));
#2717 = CARTESIAN_POINT('',(0.124888645606,70.457191303169));
#2718 = CARTESIAN_POINT('',(0.148740258073,70.430314264725));
#2719 = CARTESIAN_POINT('',(0.172250612787,70.402754379153));
#2720 = CARTESIAN_POINT('',(0.252611262361,70.305122706965));
#2721 = CARTESIAN_POINT('',(0.307895827,70.231854160268));
#2722 = CARTESIAN_POINT('',(0.361531918684,70.155863462301));
#2723 = CARTESIAN_POINT('',(0.413755046034,70.078018733492));
#2724 = CARTESIAN_POINT('',(0.464812733877,69.999018562337));
#2725 = CARTESIAN_POINT('',(0.514968502455,69.919437983186));
#2726 = CARTESIAN_POINT('',(0.564506515222,69.839815214641));
#2727 = CARTESIAN_POINT('',(0.648242609874,69.705493780565));
#2728 = CARTESIAN_POINT('',(0.682434855321,69.650723815802));
#2729 = CARTESIAN_POINT('',(0.716525246979,69.596603316914));
#2730 = CARTESIAN_POINT('',(0.750676369854,69.54331560639));
#2731 = CARTESIAN_POINT('',(0.785011205953,69.491191997427));
#2732 = CARTESIAN_POINT('',(0.819617632538,69.440758339285));
#2733 = CARTESIAN_POINT('',(0.854561432277,69.392753187294));
#2734 = CARTESIAN_POINT('',(0.900684729285,69.334483696376));
#2735 = CARTESIAN_POINT('',(0.911512736434,69.321163247427));
#2736 = CARTESIAN_POINT('',(0.922391511161,69.308167391263));
#2737 = CARTESIAN_POINT('',(0.933323941048,69.295524234865));
#2738 = CARTESIAN_POINT('',(0.944313035788,69.283263781877));
#2739 = CARTESIAN_POINT('',(0.955361927177,69.271417932603));
#2740 = CARTESIAN_POINT('',(0.966473869123,69.260020484007));
#2741 = CARTESIAN_POINT('',(0.986998419269,69.23998252524));
#2742 = CARTESIAN_POINT('',(0.996393032223,69.231194321332));
#2743 = CARTESIAN_POINT('',(1.00583461932,69.222767054529));
#2744 = CARTESIAN_POINT('',(1.015322247897,69.214724829316));
#2745 = CARTESIAN_POINT('',(1.024855509815,69.207091318134));
#2746 = CARTESIAN_POINT('',(1.034434521452,69.199889761375));
#2747 = CARTESIAN_POINT('',(1.044059923704,69.193142967388));
#2748 = CARTESIAN_POINT('',(1.068970463684,69.176996873828));
#2749 = CARTESIAN_POINT('',(1.084345655239,69.168291592361));
#2750 = CARTESIAN_POINT('',(1.099826394224,69.160874188756));
#2751 = CARTESIAN_POINT('',(1.11538764614,69.154839229032));
#2752 = CARTESIAN_POINT('',(1.131009871818,69.150259199321));
#2753 = CARTESIAN_POINT('',(1.146677494818,69.147184580654));
#2754 = CARTESIAN_POINT('',(1.162377368835,69.145643923739));
#2755 = CARTESIAN_POINT('',(1.216978610242,69.145643923739));
#2756 = CARTESIAN_POINT('',(1.255065376708,69.155069413552));
#2757 = CARTESIAN_POINT('',(1.292574891959,69.173246349754));
#2758 = CARTESIAN_POINT('',(1.329643487189,69.199258910527));
#2759 = CARTESIAN_POINT('',(1.366301001524,69.231949535807));
#2760 = CARTESIAN_POINT('',(1.40244961919,69.269943010112));
#2761 = CARTESIAN_POINT('',(1.437847515511,69.311684974185));
#2762 = CARTESIAN_POINT('',(1.507298635357,69.400501101838));
#2763 = CARTESIAN_POINT('',(1.542116378102,69.448751505724));
#2764 = CARTESIAN_POINT('',(1.576611659715,69.499336820469));
#2765 = CARTESIAN_POINT('',(1.610850613305,69.551543745299));
#2766 = CARTESIAN_POINT('',(1.644921401605,69.604866102982));
#2767 = CARTESIAN_POINT('',(1.678945897444,69.65898435564));
#2768 = CARTESIAN_POINT('',(1.713083346065,69.713718665517));
#2769 = CARTESIAN_POINT('',(1.814163006494,69.875881880709));
#2770 = CARTESIAN_POINT('',(1.881202298423,69.983555768953));
#2771 = CARTESIAN_POINT('',(1.9495821105,70.090584880074));
#2772 = CARTESIAN_POINT('',(2.020034315996,70.195916025547));
#2773 = CARTESIAN_POINT('',(2.09320880089,70.298010042354));
#2774 = CARTESIAN_POINT('',(2.169681770897,70.394738990833));
#2775 = CARTESIAN_POINT('',(2.250026561025,70.483184393919));
#2776 = CARTESIAN_POINT('',(2.381356161203,70.601297337568));
#2777 = CARTESIAN_POINT('',(2.429654740029,70.639876620254));
#2778 = CARTESIAN_POINT('',(2.479455747902,70.674050499985));
#2779 = CARTESIAN_POINT('',(2.530501795572,70.702810741971));
#2780 = CARTESIAN_POINT('',(2.582575955253,70.725328326356));
#2781 = CARTESIAN_POINT('',(2.635489856758,70.740960954603));
#2782 = CARTESIAN_POINT('',(2.689072669272,70.749257964834));
#2783 = CARTESIAN_POINT('',(2.798254473713,70.750680443789));
#2784 = CARTESIAN_POINT('',(2.852901546896,70.743508408007));
#2785 = CARTESIAN_POINT('',(2.906915354762,70.728664097699));
#2786 = CARTESIAN_POINT('',(2.960103116809,70.706586461431));
#2787 = CARTESIAN_POINT('',(3.012254101678,70.677933550099));
#2788 = CARTESIAN_POINT('',(3.063126643904,70.643577157301));
#2789 = CARTESIAN_POINT('',(3.11243418131,70.60459439741));
#2790 = CARTESIAN_POINT('',(3.246374118563,70.484948079517));
#2791 = CARTESIAN_POINT('',(3.32823988579,70.394937382188));
#2792 = CARTESIAN_POINT('',(3.406090011205,70.296316365435));
#2793 = CARTESIAN_POINT('',(3.48052729471,70.192169395429));
#2794 = CARTESIAN_POINT('',(3.552156328182,70.08473306264));
#2795 = CARTESIAN_POINT('',(3.621662631415,69.975619854553));
#2796 = CARTESIAN_POINT('',(3.689818462778,69.86592131124));
#2797 = CARTESIAN_POINT('',(3.790780981984,69.703981809055));
#2798 = CARTESIAN_POINT('',(3.823675524535,69.651310877119));
#2799 = CARTESIAN_POINT('',(3.856477918942,69.599244707267));
#2800 = CARTESIAN_POINT('',(3.889329362051,69.547950518802));
#2801 = CARTESIAN_POINT('',(3.922339443137,69.497723212759));
#2802 = CARTESIAN_POINT('',(3.955588566786,69.44902002742));
#2803 = CARTESIAN_POINT('',(3.989136939445,69.402473443289));
#2804 = CARTESIAN_POINT('',(4.044032952463,69.331890745908));
#2805 = CARTESIAN_POINT('',(4.065235685136,69.305937163459));
#2806 = CARTESIAN_POINT('',(4.086649485667,69.281242257778));
#2807 = CARTESIAN_POINT('',(4.108278428084,69.258047016985));
#2808 = CARTESIAN_POINT('',(4.130131679607,69.236610241917));
#2809 = CARTESIAN_POINT('',(4.152225774366,69.217205293139));
#2810 = CARTESIAN_POINT('',(4.174586973646,69.200116092796));
#2811 = CARTESIAN_POINT('',(4.212262230795,69.176042159884));
#2812 = CARTESIAN_POINT('',(4.227403609157,69.167594909613));
#2813 = CARTESIAN_POINT('',(4.242646816821,69.160401560582));
#2814 = CARTESIAN_POINT('',(4.257967494968,69.154551772181));
#2815 = CARTESIAN_POINT('',(4.273346504019,69.150114057842));
#2816 = CARTESIAN_POINT('',(4.288768470741,69.147135909779));
#2817 = CARTESIAN_POINT('',(4.304220335365,69.145643923739));
#2818 = CARTESIAN_POINT('',(4.335529541865,69.145643923739));
#2819 = CARTESIAN_POINT('',(4.351348454611,69.147208144626));
#2820 = CARTESIAN_POINT('',(4.367134279286,69.150329594454));
#2821 = CARTESIAN_POINT('',(4.382873726025,69.154978844617));
#2822 = CARTESIAN_POINT('',(4.398550990088,69.161103955316));
#2823 = CARTESIAN_POINT('',(4.41414616921,69.168630401025));
#2824 = CARTESIAN_POINT('',(4.429633680949,69.177460995961));
#2825 = CARTESIAN_POINT('',(4.454638941508,69.193778405763));
#2826 = CARTESIAN_POINT('',(4.464249664836,69.200555363866));
#2827 = CARTESIAN_POINT('',(4.473814029362,69.207784362398));
#2828 = CARTESIAN_POINT('',(4.483332697597,69.215442662393));
#2829 = CARTESIAN_POINT('',(4.492805815214,69.22350711738));
#2830 = CARTESIAN_POINT('',(4.502233011056,69.231954173388));
#2831 = CARTESIAN_POINT('',(4.51161339713,69.24075986894));
#2832 = CARTESIAN_POINT('',(4.532096229043,69.260820836533));
#2833 = CARTESIAN_POINT('',(4.543180885745,69.27222193201));
#2834 = CARTESIAN_POINT('',(4.554202891267,69.284067730755));
#2835 = CARTESIAN_POINT('',(4.565165483236,69.296324734244));
#2836 = CARTESIAN_POINT('',(4.576071784357,69.308961336155));
#2837 = CARTESIAN_POINT('',(4.586924802412,69.321947822373));
#2838 = CARTESIAN_POINT('',(4.597727430263,69.335256370986));
#2839 = CARTESIAN_POINT('',(4.64364115685,69.393335470246));
#2840 = CARTESIAN_POINT('',(4.678404543937,69.441118079114));
#2841 = CARTESIAN_POINT('',(4.712833867355,69.491298615096));
#2842 = CARTESIAN_POINT('',(4.746994485406,69.54315134843));
#2843 = CARTESIAN_POINT('',(4.780973591107,69.596159358997));
#2844 = CARTESIAN_POINT('',(4.814892721798,69.649996340048));
#2845 = CARTESIAN_POINT('',(4.848911964017,69.704480760305));
#2846 = CARTESIAN_POINT('',(4.950545080511,69.867505942936));
#2847 = CARTESIAN_POINT('',(5.018233714309,69.976406276776));
#2848 = CARTESIAN_POINT('',(5.087264887949,70.084731101803));
#2849 = CARTESIAN_POINT('',(5.158391542157,70.191398899435));
#2850 = CARTESIAN_POINT('',(5.232281481563,70.294822635366));
#2851 = CARTESIAN_POINT('',(5.309523067893,70.392812482079));
#2852 = CARTESIAN_POINT('',(5.390703052743,70.482360432105));
#2853 = CARTESIAN_POINT('',(5.522948814873,70.60129733764));
#2854 = CARTESIAN_POINT('',(5.571247393642,70.639876620258));
#2855 = CARTESIAN_POINT('',(5.621048401444,70.67405049994));
#2856 = CARTESIAN_POINT('',(5.672094449089,70.702810741936));
#2857 = CARTESIAN_POINT('',(5.724168608806,70.725328326361));
#2858 = CARTESIAN_POINT('',(5.777082510383,70.740960954627));
#2859 = CARTESIAN_POINT('',(5.830665322945,70.749257964835));
#2860 = CARTESIAN_POINT('',(5.937192478252,70.750645857601));
#2861 = CARTESIAN_POINT('',(5.989262667275,70.7441817585));
#2862 = CARTESIAN_POINT('',(6.040788254752,70.730740575143));
#2863 = CARTESIAN_POINT('',(6.091588973588,70.710686060848));
#2864 = CARTESIAN_POINT('',(6.141469811677,70.684573783329));
#2865 = CARTESIAN_POINT('',(6.190209964542,70.653146938993));
#2866 = CARTESIAN_POINT('',(6.237551153187,70.617329704174));
#2867 = CARTESIAN_POINT('',(6.28318530718,70.57821812328));
#2868 = ( GEOMETRIC_REPRESENTATION_CONTEXT(2) 
PARAMETRIC_REPRESENTATION_CONTEXT() REPRESENTATION_CONTEXT('2D SPACE',''
  ) );
#2869 = ORIENTED_EDGE('',*,*,#2870,.F.);
#2870 = EDGE_CURVE('',#2384,#2382,#2871,.T.);
#2871 = SURFACE_CURVE('',#2872,(#3029,#3189),.PCURVE_S1.);
#2872 = B_SPLINE_CURVE_WITH_KNOTS('',8,(#2873,#2874,#2875,#2876,#2877,
    #2878,#2879,#2880,#2881,#2882,#2883,#2884,#2885,#2886,#2887,#2888,
    #2889,#2890,#2891,#2892,#2893,#2894,#2895,#2896,#2897,#2898,#2899,
    #2900,#2901,#2902,#2903,#2904,#2905,#2906,#2907,#2908,#2909,#2910,
    #2911,#2912,#2913,#2914,#2915,#2916,#2917,#2918,#2919,#2920,#2921,
    #2922,#2923,#2924,#2925,#2926,#2927,#2928,#2929,#2930,#2931,#2932,
    #2933,#2934,#2935,#2936,#2937,#2938,#2939,#2940,#2941,#2942,#2943,
    #2944,#2945,#2946,#2947,#2948,#2949,#2950,#2951,#2952,#2953,#2954,
    #2955,#2956,#2957,#2958,#2959,#2960,#2961,#2962,#2963,#2964,#2965,
    #2966,#2967,#2968,#2969,#2970,#2971,#2972,#2973,#2974,#2975,#2976,
    #2977,#2978,#2979,#2980,#2981,#2982,#2983,#2984,#2985,#2986,#2987,
    #2988,#2989,#2990,#2991,#2992,#2993,#2994,#2995,#2996,#2997,#2998,
    #2999,#3000,#3001,#3002,#3003,#3004,#3005,#3006,#3007,#3008,#3009,
    #3010,#3011,#3012,#3013,#3014,#3015,#3016,#3017,#3018,#3019,#3020,
    #3021,#3022,#3023,#3024,#3025,#3026,#3027,#3028),.UNSPECIFIED.,.T.,
  .F.,(9,7,7,7,7,7,7,7,7,7,7,7,7,7,7,7,7,7,7,7,7,7,9),(0.,
    2.855208837618E-02,9.89663979132E-02,0.148279783667,0.163320786299,
    0.175896498253,0.195706718936,0.24470509597,0.295063306915,
    0.392506111743,0.445894372527,0.500274828876,0.599571785476,
    0.648124556937,0.678188409592,0.698094840614,0.718477495108,
    0.731304824119,0.746631716723,0.796736133914,0.895047559452,
    0.948336310212,1.),.UNSPECIFIED.);
#2873 = CARTESIAN_POINT('',(42.400545280049,18.598414812943,
    29.42178187672));
#2874 = CARTESIAN_POINT('',(42.400545280049,18.662860543874,
    29.443875630614));
#2875 = CARTESIAN_POINT('',(42.402443858515,18.726266749863,
    29.467131163002));
#2876 = CARTESIAN_POINT('',(42.40613399327,18.788608040636,
    29.491439066063));
#2877 = CARTESIAN_POINT('',(42.411514661559,18.849865546891,
    29.516696815261));
#2878 = CARTESIAN_POINT('',(42.418490925961,18.910026726522,
    29.542808696831));
#2879 = CARTESIAN_POINT('',(42.426974020299,18.969085170839,
    29.569685735275));
#2880 = CARTESIAN_POINT('',(42.436881435547,19.02704041079,
    29.597245620847));
#2881 = CARTESIAN_POINT('',(42.475895157571,19.224117532733,
    29.694877293035));
#2882 = CARTESIAN_POINT('',(42.511897283315,19.357884081086,
    29.768145839732));
#2883 = CARTESIAN_POINT('',(42.555063214666,19.485305297943,
    29.844136537699));
#2884 = CARTESIAN_POINT('',(42.604547028388,19.60662495732,
    29.921981266508));
#2885 = CARTESIAN_POINT('',(42.659736607366,19.722186488623,
    30.000981437663));
#2886 = CARTESIAN_POINT('',(42.720244268394,19.832384078485,
    30.080562016814));
#2887 = CARTESIAN_POINT('',(42.785907043046,19.93761718425,
    30.160184785359));
#2888 = CARTESIAN_POINT('',(42.906474439424,20.108751159845,
    30.294506219435));
#2889 = CARTESIAN_POINT('',(42.958484472859,20.1766735095,
    30.349276184198));
#2890 = CARTESIAN_POINT('',(43.012952314809,20.242361497665,
    30.403396683086));
#2891 = CARTESIAN_POINT('',(43.070027199721,20.306030247562,
    30.45668439361));
#2892 = CARTESIAN_POINT('',(43.129853010331,20.367767830032,
    30.508808002573));
#2893 = CARTESIAN_POINT('',(43.192542040602,20.427559251364,
    30.559241660715));
#2894 = CARTESIAN_POINT('',(43.258174745333,20.485323979673,
    30.607246812706));
#2895 = CARTESIAN_POINT('',(43.347770607674,20.557908910922,
    30.665516303624));
#2896 = CARTESIAN_POINT('',(43.369013332089,20.574691073859,
    30.678836752573));
#2897 = CARTESIAN_POINT('',(43.39056322995,20.591288166964,
    30.691832608737));
#2898 = CARTESIAN_POINT('',(43.412425591625,20.607697267388,
    30.704475765135));
#2899 = CARTESIAN_POINT('',(43.434606071637,20.623915104951,
    30.716736218123));
#2900 = CARTESIAN_POINT('',(43.45711068867,20.639938062136,
    30.728582067397));
#2901 = CARTESIAN_POINT('',(43.479945825562,20.655762174093,
    30.739979515993));
#2902 = CARTESIAN_POINT('',(43.52249256771,20.684443735672,
    30.76001747476));
#2903 = CARTESIAN_POINT('',(43.542106871458,20.697364977211,
    30.768805678668));
#2904 = CARTESIAN_POINT('',(43.561957942167,20.710139524001,
    30.777232945471));
#2905 = CARTESIAN_POINT('',(43.582043558921,20.722760702213,
    30.785275170684));
#2906 = CARTESIAN_POINT('',(43.602362478274,20.735222493436,
    30.792908681866));
#2907 = CARTESIAN_POINT('',(43.622914434252,20.747519534681,
    30.800110238625));
#2908 = CARTESIAN_POINT('',(43.643700138353,20.759647118379,
    30.806857032612));
#2909 = CARTESIAN_POINT('',(43.697835384542,20.790432161552,
    30.823003126172));
#2910 = CARTESIAN_POINT('',(43.731576589613,20.808856384991,
    30.831708407639));
#2911 = CARTESIAN_POINT('',(43.765873485851,20.82680980596,
    30.839125811244));
#2912 = CARTESIAN_POINT('',(43.800665831359,20.844242617975,
    30.845160770968));
#2913 = CARTESIAN_POINT('',(43.835902068854,20.861116465494,
    30.849740800679));
#2914 = CARTESIAN_POINT('',(43.871536843259,20.877401644605,
    30.852815419346));
#2915 = CARTESIAN_POINT('',(43.907528519307,20.893074303711,
    30.854356076261));
#2916 = CARTESIAN_POINT('',(44.033640942772,20.945311779894,
    30.854356076261));
#2917 = CARTESIAN_POINT('',(44.123262855524,20.977759317244,
    30.844930586448));
#2918 = CARTESIAN_POINT('',(44.21287921546,21.00586316209,
    30.826753650246));
#2919 = CARTESIAN_POINT('',(44.302565370999,21.029849990179,
    30.800741089473));
#2920 = CARTESIAN_POINT('',(44.392176272322,21.049802713225,
    30.768050464194));
#2921 = CARTESIAN_POINT('',(44.481256639779,21.065755203636,
    30.730056989888));
#2922 = CARTESIAN_POINT('',(44.568990384424,21.07781052901,
    30.688315025815));
#2923 = CARTESIAN_POINT('',(44.741773181608,21.094919526536,
    30.599498898162));
#2924 = CARTESIAN_POINT('',(44.828742748288,21.099973672285,
    30.551248494276));
#2925 = CARTESIAN_POINT('',(44.915080408439,21.101543207419,
    30.500663179531));
#2926 = CARTESIAN_POINT('',(45.000789444682,21.099736832142,
    30.448456254701));
#2927 = CARTESIAN_POINT('',(45.085941123552,21.094638425677,
    30.395133897018));
#2928 = CARTESIAN_POINT('',(45.1706974821,21.086280905697,30.34101564436
    ));
#2929 = CARTESIAN_POINT('',(45.255307629949,21.074612838824,
    30.286281334483));
#2930 = CARTESIAN_POINT('',(45.504070858565,21.030186303489,
    30.124118119291));
#2931 = CARTESIAN_POINT('',(45.666827894059,20.988230736901,
    30.016444231047));
#2932 = CARTESIAN_POINT('',(45.829497135863,20.93312997749,
    29.909415119926));
#2933 = CARTESIAN_POINT('',(45.992509497708,20.863644341704,
    29.804083974453));
#2934 = CARTESIAN_POINT('',(46.155635730322,20.778066165491,
    29.701989957646));
#2935 = CARTESIAN_POINT('',(46.317812330081,20.674344991743,
    29.605261009167));
#2936 = CARTESIAN_POINT('',(46.477069134638,20.550225071168,
    29.516815606081));
#2937 = CARTESIAN_POINT('',(46.714126651371,20.323067894244,
    29.398702662432));
#2938 = CARTESIAN_POINT('',(46.797036931807,20.235069608024,
    29.360123379746));
#2939 = CARTESIAN_POINT('',(46.877527601411,20.139670235787,
    29.325949500015));
#2940 = CARTESIAN_POINT('',(46.954333016015,20.037214187745,
    29.297189258029));
#2941 = CARTESIAN_POINT('',(47.026339203882,19.928186135639,
    29.274671673644));
#2942 = CARTESIAN_POINT('',(47.092583836267,19.813198371758,
    29.259039045397));
#2943 = CARTESIAN_POINT('',(47.15225971247,19.692977175586,
    29.250742035166));
#2944 = CARTESIAN_POINT('',(47.258158788556,19.441403029823,
    29.249319556211));
#2945 = CARTESIAN_POINT('',(47.303169614749,19.312121879422,
    29.256491591993));
#2946 = CARTESIAN_POINT('',(47.339553497343,19.181618040998,
    29.271335902301));
#2947 = CARTESIAN_POINT('',(47.367319449121,19.051062342624,
    29.293413538569));
#2948 = CARTESIAN_POINT('',(47.386692415693,18.921664636699,
    29.322066449901));
#2949 = CARTESIAN_POINT('',(47.398121522985,18.794659168941,
    29.356422842699));
#2950 = CARTESIAN_POINT('',(47.402290392778,18.671293816009,
    29.39540560259));
#2951 = CARTESIAN_POINT('',(47.396183853897,18.336499658908,
    29.515051920483));
#2952 = CARTESIAN_POINT('',(47.37105528745,18.132259730595,
    29.605062617812));
#2953 = CARTESIAN_POINT('',(47.328808306281,17.940841223348,
    29.703683634565));
#2954 = CARTESIAN_POINT('',(47.272599093216,17.762033435059,
    29.80783060457));
#2955 = CARTESIAN_POINT('',(47.204743895778,17.595097906476,
    29.91526693736));
#2956 = CARTESIAN_POINT('',(47.126665412346,17.438924805693,
    30.024380145447));
#2957 = CARTESIAN_POINT('',(47.03893562534,17.292266638455,
    30.13407868876));
#2958 = CARTESIAN_POINT('',(46.893094781699,17.086258416278,
    30.296018190945));
#2959 = CARTESIAN_POINT('',(46.843014803624,17.020954075239,
    30.348689122882));
#2960 = CARTESIAN_POINT('',(46.790656056665,16.957714718409,
    30.400755292733));
#2961 = CARTESIAN_POINT('',(46.735890617758,16.896358516827,
    30.452049481198));
#2962 = CARTESIAN_POINT('',(46.678594502656,16.836802778458,
    30.502276787241));
#2963 = CARTESIAN_POINT('',(46.618668062537,16.779051676246,
    30.55097997258));
#2964 = CARTESIAN_POINT('',(46.556036774641,16.723173009467,
    30.597526556711));
#2965 = CARTESIAN_POINT('',(46.450134086412,16.635883564751,
    30.668109254092));
#2966 = CARTESIAN_POINT('',(46.40842997251,16.603141021225,
    30.694062836541));
#2967 = CARTESIAN_POINT('',(46.365516947254,16.5710908356,
    30.718757742222));
#2968 = CARTESIAN_POINT('',(46.321388806323,16.539784850372,
    30.741952983015));
#2969 = CARTESIAN_POINT('',(46.276031030578,16.509269437777,
    30.763389758083));
#2970 = CARTESIAN_POINT('',(46.229414713828,16.47958483438,
    30.782794706861));
#2971 = CARTESIAN_POINT('',(46.181489666842,16.450766655177,
    30.799883907204));
#2972 = CARTESIAN_POINT('',(46.099524687521,16.404364624808,
    30.823957840116));
#2973 = CARTESIAN_POINT('',(46.066266455061,16.386276232028,
    30.832405090387));
#2974 = CARTESIAN_POINT('',(46.032471249885,16.368645894489,
    30.839598439418));
#2975 = CARTESIAN_POINT('',(45.998197709018,16.351521546993,
    30.845448227819));
#2976 = CARTESIAN_POINT('',(45.963496220677,16.334940207588,
    30.849885942158));
#2977 = CARTESIAN_POINT('',(45.928411288084,16.318930611595,
    30.852864090221));
#2978 = CARTESIAN_POINT('',(45.892983893285,16.303515845638,
    30.854356076261));
#2979 = CARTESIAN_POINT('',(45.820669055624,16.273562059118,
    30.854356076261));
#2980 = CARTESIAN_POINT('',(45.783857776703,16.259090444272,
    30.852791855374));
#2981 = CARTESIAN_POINT('',(45.746863919283,16.245315076539,
    30.849670405546));
#2982 = CARTESIAN_POINT('',(45.70973450197,16.23224862928,
    30.845021155383));
#2983 = CARTESIAN_POINT('',(45.672523527577,16.219902264206,
    30.838896044684));
#2984 = CARTESIAN_POINT('',(45.635295843809,16.208285385755,
    30.831369598975));
#2985 = CARTESIAN_POINT('',(45.598131003941,16.19740539549,
    30.822539004039));
#2986 = CARTESIAN_POINT('',(45.537839635797,16.180887374273,
    30.806221594237));
#2987 = CARTESIAN_POINT('',(45.514596372366,16.174795637605,
    30.799444636134));
#2988 = CARTESIAN_POINT('',(45.491398953965,16.168988166619,
    30.792215637602));
#2989 = CARTESIAN_POINT('',(45.468250132943,16.163461119078,
    30.784557337607));
#2990 = CARTESIAN_POINT('',(45.445153797248,16.15821088036,
    30.77649288262));
#2991 = CARTESIAN_POINT('',(45.422114970427,16.153234063465,
    30.768045826612));
#2992 = CARTESIAN_POINT('',(45.399139811628,16.148527509008,
    30.75924013106));
#2993 = CARTESIAN_POINT('',(45.348868253901,16.138784023822,
    30.739179163467));
#2994 = CARTESIAN_POINT('',(45.32159532963,16.133859888526,
    30.72777806799));
#2995 = CARTESIAN_POINT('',(45.294415122382,16.129308124736,
    30.715932269245));
#2996 = CARTESIAN_POINT('',(45.267325909042,16.125121476674,
    30.703675265756));
#2997 = CARTESIAN_POINT('',(45.240325963795,16.121293187386,
    30.691038663845));
#2998 = CARTESIAN_POINT('',(45.213413558116,16.117816998737,
    30.678052177627));
#2999 = CARTESIAN_POINT('',(45.186586960778,16.114687151416,
    30.664743629014));
#3000 = CARTESIAN_POINT('',(45.072421725347,16.10278176078,
    30.606664529754));
#3001 = CARTESIAN_POINT('',(44.985615695561,16.097280418468,
    30.558881920886));
#3002 = CARTESIAN_POINT('',(44.899452975004,16.095257345916,
    30.508701384904));
#3003 = CARTESIAN_POINT('',(44.813932135452,16.096600264102,
    30.45684865157));
#3004 = CARTESIAN_POINT('',(44.728983792288,16.101220681259,
    30.403840641003));
#3005 = CARTESIAN_POINT('',(44.644445443262,16.109080012279,
    30.350003659952));
#3006 = CARTESIAN_POINT('',(44.560063518684,16.120223966978,
    30.295519239695));
#3007 = CARTESIAN_POINT('',(44.309679318958,16.163419074685,
    30.132494057064));
#3008 = CARTESIAN_POINT('',(44.145122535996,16.204948093302,
    30.023593723224));
#3009 = CARTESIAN_POINT('',(43.980646689118,16.259855809477,
    29.915268898196));
#3010 = CARTESIAN_POINT('',(43.815796501266,16.329405121113,
    29.808601100565));
#3011 = CARTESIAN_POINT('',(43.650798815161,16.415344573154,
    29.705177364634));
#3012 = CARTESIAN_POINT('',(43.48674850997,16.519777868165,
    29.607187517921));
#3013 = CARTESIAN_POINT('',(43.325675150576,16.645019894868,
    29.517639567895));
#3014 = CARTESIAN_POINT('',(43.086963908581,16.873761731782,
    29.39870266236));
#3015 = CARTESIAN_POINT('',(43.004053628263,16.961760017918,
    29.360123379742));
#3016 = CARTESIAN_POINT('',(42.923562958776,17.057159390016,
    29.32594950006));
#3017 = CARTESIAN_POINT('',(42.846757544187,17.15961543799,
    29.297189258064));
#3018 = CARTESIAN_POINT('',(42.774751356246,17.268643490158,
    29.274671673639));
#3019 = CARTESIAN_POINT('',(42.708506723772,17.383631254201,
    29.259039045373));
#3020 = CARTESIAN_POINT('',(42.648830847546,17.503852450493,
    29.250742035165));
#3021 = CARTESIAN_POINT('',(42.545506604255,17.749309816159,
    29.249354142399));
#3022 = CARTESIAN_POINT('',(42.502243427644,17.87233693241,29.2558182415
    ));
#3023 = CARTESIAN_POINT('',(42.466784087651,17.996575907237,
    29.269259424857));
#3024 = CARTESIAN_POINT('',(42.439150109059,18.120986017672,
    29.289313939152));
#3025 = CARTESIAN_POINT('',(42.419174513457,18.244488004756,
    29.315426216671));
#3026 = CARTESIAN_POINT('',(42.406494965982,18.365976479621,
    29.346853061007));
#3027 = CARTESIAN_POINT('',(42.400545280049,18.484329427963,
    29.382670295826));
#3028 = CARTESIAN_POINT('',(42.400545280049,18.598414812943,
    29.42178187672));
#3029 = PCURVE('',#1123,#3030);
#3030 = DEFINITIONAL_REPRESENTATION('',(#3031),#3188);
#3031 = B_SPLINE_CURVE_WITH_KNOTS('',8,(#3032,#3033,#3034,#3035,#3036,
    #3037,#3038,#3039,#3040,#3041,#3042,#3043,#3044,#3045,#3046,#3047,
    #3048,#3049,#3050,#3051,#3052,#3053,#3054,#3055,#3056,#3057,#3058,
    #3059,#3060,#3061,#3062,#3063,#3064,#3065,#3066,#3067,#3068,#3069,
    #3070,#3071,#3072,#3073,#3074,#3075,#3076,#3077,#3078,#3079,#3080,
    #3081,#3082,#3083,#3084,#3085,#3086,#3087,#3088,#3089,#3090,#3091,
    #3092,#3093,#3094,#3095,#3096,#3097,#3098,#3099,#3100,#3101,#3102,
    #3103,#3104,#3105,#3106,#3107,#3108,#3109,#3110,#3111,#3112,#3113,
    #3114,#3115,#3116,#3117,#3118,#3119,#3120,#3121,#3122,#3123,#3124,
    #3125,#3126,#3127,#3128,#3129,#3130,#3131,#3132,#3133,#3134,#3135,
    #3136,#3137,#3138,#3139,#3140,#3141,#3142,#3143,#3144,#3145,#3146,
    #3147,#3148,#3149,#3150,#3151,#3152,#3153,#3154,#3155,#3156,#3157,
    #3158,#3159,#3160,#3161,#3162,#3163,#3164,#3165,#3166,#3167,#3168,
    #3169,#3170,#3171,#3172,#3173,#3174,#3175,#3176,#3177,#3178,#3179,
    #3180,#3181,#3182,#3183,#3184,#3185,#3186,#3187),.UNSPECIFIED.,.T.,
  .F.,(9,7,7,7,7,7,7,7,7,7,7,7,7,7,7,7,7,7,7,7,7,7,9),(0.,
    2.855208837618E-02,9.89663979132E-02,0.148279783667,0.163320786299,
    0.175896498253,0.195706718936,0.24470509597,0.295063306915,
    0.392506111743,0.445894372527,0.500274828876,0.599571785476,
    0.648124556937,0.678188409592,0.698094840614,0.718477495108,
    0.731304824119,0.746631716723,0.796736133914,0.895047559452,
    0.948336310212,1.),.UNSPECIFIED.);
#3032 = CARTESIAN_POINT('',(5.067712857695,46.290301168722));
#3033 = CARTESIAN_POINT('',(5.090806362169,46.314963482235));
#3034 = CARTESIAN_POINT('',(5.113471731413,46.340982044562));
#3035 = CARTESIAN_POINT('',(5.135719826859,46.368248263666));
#3036 = CARTESIAN_POINT('',(5.157560786486,46.396661585721));
#3037 = CARTESIAN_POINT('',(5.179004258986,46.426129500332));
#3038 = CARTESIAN_POINT('',(5.200059637921,46.456567545744));
#3039 = CARTESIAN_POINT('',(5.220736295884,46.48789931406));
#3040 = CARTESIAN_POINT('',(5.291125626192,46.599361442791));
#3041 = CARTESIAN_POINT('',(5.339042473776,46.683813311752));
#3042 = CARTESIAN_POINT('',(5.38494831085,46.772455420853));
#3043 = CARTESIAN_POINT('',(5.428978652297,46.864599527204));
#3044 = CARTESIAN_POINT('',(5.471254151621,46.959811533078));
#3045 = CARTESIAN_POINT('',(5.511875742731,47.057884114589));
#3046 = CARTESIAN_POINT('',(5.550902059715,47.158819574251));
#3047 = CARTESIAN_POINT('',(5.614490704584,47.335699461228));
#3048 = CARTESIAN_POINT('',(5.639765674114,47.409743224504));
#3049 = CARTESIAN_POINT('',(5.664187038948,47.485202653637));
#3050 = CARTESIAN_POINT('',(5.687755713807,47.562297947373));
#3051 = CARTESIAN_POINT('',(5.710399391039,47.641195739277));
#3052 = CARTESIAN_POINT('',(5.731964579671,47.721994037599));
#3053 = CARTESIAN_POINT('',(5.752215674302,47.804736354662));
#3054 = CARTESIAN_POINT('',(5.776526050959,47.915289188705));
#3055 = CARTESIAN_POINT('',(5.782062662887,47.941337162722));
#3056 = CARTESIAN_POINT('',(5.787445242834,47.96759810484));
#3057 = CARTESIAN_POINT('',(5.792664258629,47.994075784196));
#3058 = CARTESIAN_POINT('',(5.797709432727,48.020774173445));
#3059 = CARTESIAN_POINT('',(5.802569742209,48.04769744876));
#3060 = CARTESIAN_POINT('',(5.807233418781,48.074849989836));
#3061 = CARTESIAN_POINT('',(5.815412360474,48.125134012512));
#3062 = CARTESIAN_POINT('',(5.818991359946,48.148200011351));
#3063 = CARTESIAN_POINT('',(5.822416155793,48.17142861669));
#3064 = CARTESIAN_POINT('',(5.825678113041,48.194815222706));
#3065 = CARTESIAN_POINT('',(5.828768753143,48.218356377457));
#3066 = CARTESIAN_POINT('',(5.831679753981,48.24204978289));
#3067 = CARTESIAN_POINT('',(5.83440294986,48.265894294834));
#3068 = CARTESIAN_POINT('',(5.840911655878,48.327689666762));
#3069 = CARTESIAN_POINT('',(5.844412173472,48.365913120594));
#3070 = CARTESIAN_POINT('',(5.847388689812,48.404469797816));
#3071 = CARTESIAN_POINT('',(5.849806577825,48.443284982057));
#3072 = CARTESIAN_POINT('',(5.851639536359,48.482296362566));
#3073 = CARTESIAN_POINT('',(5.85286934869,48.521450669524));
#3074 = CARTESIAN_POINT('',(5.853485641028,48.560700309346));
#3075 = CARTESIAN_POINT('',(5.853485641028,48.697203412865));
#3076 = CARTESIAN_POINT('',(5.849715479986,48.792420398686));
#3077 = CARTESIAN_POINT('',(5.84244456515,48.885969995218));
#3078 = CARTESIAN_POINT('',(5.832003293668,48.978008560374));
#3079 = CARTESIAN_POINT('',(5.818794023088,49.068433814537));
#3080 = CARTESIAN_POINT('',(5.803295383105,49.156838096564));
#3081 = CARTESIAN_POINT('',(5.786066961884,49.242506880844));
#3082 = CARTESIAN_POINT('',(5.748947811243,49.40868470063));
#3083 = CARTESIAN_POINT('',(5.728553237701,49.49096824108));
#3084 = CARTESIAN_POINT('',(5.706876127042,49.571334473272));
#3085 = CARTESIAN_POINT('',(5.684142462953,49.649828027715));
#3086 = CARTESIAN_POINT('',(5.660497951885,49.726546845297));
#3087 = CARTESIAN_POINT('',(5.636009865234,49.801653225778));
#3088 = CARTESIAN_POINT('',(5.610675505209,49.875357633739));
#3089 = CARTESIAN_POINT('',(5.533657631034,50.088183590068));
#3090 = CARTESIAN_POINT('',(5.480043339224,50.222495783703));
#3091 = CARTESIAN_POINT('',(5.423576038533,50.351696419042));
#3092 = CARTESIAN_POINT('',(5.363949866854,50.475709202086));
#3093 = CARTESIAN_POINT('',(5.300834046267,50.593668839414));
#3094 = CARTESIAN_POINT('',(5.233867932401,50.7038081058));
#3095 = CARTESIAN_POINT('',(5.162668961347,50.803443570714));
#3096 = CARTESIAN_POINT('',(5.045229998859,50.935526870299));
#3097 = CARTESIAN_POINT('',(5.00184546165,50.978450495216));
#3098 = CARTESIAN_POINT('',(4.956936707446,51.016306418208));
#3099 = CARTESIAN_POINT('',(4.910759375727,51.048057136616));
#3100 = CARTESIAN_POINT('',(4.86353930435,51.072858950596));
#3101 = CARTESIAN_POINT('',(4.815480000491,51.090057098434));
#3102 = CARTESIAN_POINT('',(4.766771473951,51.099183759048));
#3103 = CARTESIAN_POINT('',(4.667515571151,51.100748490361));
#3104 = CARTESIAN_POINT('',(4.617833366927,51.092859317047));
#3105 = CARTESIAN_POINT('',(4.568764200467,51.076531984663));
#3106 = CARTESIAN_POINT('',(4.520520416717,51.052222876443));
#3107 = CARTESIAN_POINT('',(4.473328244701,51.0206028055));
#3108 = CARTESIAN_POINT('',(4.427438183482,50.982559035471));
#3109 = CARTESIAN_POINT('',(4.383133854623,50.939200692252));
#3110 = CARTESIAN_POINT('',(4.263328272522,50.805438808789));
#3111 = CARTESIAN_POINT('',(4.190768741685,50.704063803776));
#3112 = CARTESIAN_POINT('',(4.12259797391,50.591779991188));
#3113 = CARTESIAN_POINT('',(4.058414298666,50.47142267155));
#3114 = CARTESIAN_POINT('',(3.997839497763,50.344849182394));
#3115 = CARTESIAN_POINT('',(3.940528598085,50.212949211374));
#3116 = CARTESIAN_POINT('',(3.886161888332,50.075773805944));
#3117 = CARTESIAN_POINT('',(3.809608935845,49.862198501942));
#3118 = CARTESIAN_POINT('',(3.785310083449,49.790939745832));
#3119 = CARTESIAN_POINT('',(3.761802350159,49.718365917036));
#3120 = CARTESIAN_POINT('',(3.739086922639,49.644289247123));
#3121 = CARTESIAN_POINT('',(3.717227150215,49.568563544712));
#3122 = CARTESIAN_POINT('',(3.696354609354,49.491098343212));
#3123 = CARTESIAN_POINT('',(3.676669715915,49.411850738231));
#3124 = CARTESIAN_POINT('',(3.64714712515,49.280605187826));
#3125 = CARTESIAN_POINT('',(3.636374326938,49.229545581629));
#3126 = CARTESIAN_POINT('',(3.626195327245,49.177634040874));
#3127 = CARTESIAN_POINT('',(3.616693976687,49.12488467278));
#3128 = CARTESIAN_POINT('',(3.607960443778,49.071301809297));
#3129 = CARTESIAN_POINT('',(3.600090478379,49.016874142454));
#3130 = CARTESIAN_POINT('',(3.5931846346,48.961568932718));
#3131 = CARTESIAN_POINT('',(3.583482431214,48.868085877689));
#3132 = CARTESIAN_POINT('',(3.580086232448,48.830437149197));
#3133 = CARTESIAN_POINT('',(3.577199920715,48.792467612755));
#3134 = CARTESIAN_POINT('',(3.574856341821,48.754249785764));
#3135 = CARTESIAN_POINT('',(3.573080367817,48.715844387061));
#3136 = CARTESIAN_POINT('',(3.571889141305,48.677303528794));
#3137 = CARTESIAN_POINT('',(3.571292319741,48.638673908303));
#3138 = CARTESIAN_POINT('',(3.571292319741,48.560400892054));
#3139 = CARTESIAN_POINT('',(3.571918038895,48.520853657652));
#3140 = CARTESIAN_POINT('',(3.573166582246,48.481404184946));
#3141 = CARTESIAN_POINT('',(3.575027257831,48.442100763352));
#3142 = CARTESIAN_POINT('',(3.577481326216,48.402997556362));
#3143 = CARTESIAN_POINT('',(3.580501750032,48.364158074366));
#3144 = CARTESIAN_POINT('',(3.58405294351,48.325658647464));
#3145 = CARTESIAN_POINT('',(3.590631474084,48.263635513394));
#3146 = CARTESIAN_POINT('',(3.59336718719,48.239830331344));
#3147 = CARTESIAN_POINT('',(3.596289669536,48.216176288346));
#3148 = CARTESIAN_POINT('',(3.599390782068,48.192674456878));
#3149 = CARTESIAN_POINT('',(3.602662238479,48.16932704568));
#3150 = CARTESIAN_POINT('',(3.606095605209,48.146137399755));
#3151 = CARTESIAN_POINT('',(3.609682301447,48.123110000371));
#3152 = CARTESIAN_POINT('',(3.617871986281,48.072936466765));
#3153 = CARTESIAN_POINT('',(3.622537949229,48.045855185243));
#3154 = CARTESIAN_POINT('',(3.627399083973,48.019002063486));
#3155 = CARTESIAN_POINT('',(3.632443730247,47.99237273288));
#3156 = CARTESIAN_POINT('',(3.637660971518,47.965963013202));
#3157 = CARTESIAN_POINT('',(3.643040634988,47.939768912621));
#3158 = CARTESIAN_POINT('',(3.648573291594,47.913786627698));
#3159 = CARTESIAN_POINT('',(3.672808550935,47.803755707607));
#3160 = CARTESIAN_POINT('',(3.692968834889,47.72145212083));
#3161 = CARTESIAN_POINT('',(3.714427941373,47.641073950494));
#3162 = CARTESIAN_POINT('',(3.736954456766,47.562576909769));
#3163 = CARTESIAN_POINT('',(3.760397644779,47.485863031296));
#3164 = CARTESIAN_POINT('',(3.784686385347,47.410767416689));
#3165 = CARTESIAN_POINT('',(3.80982120315,47.337073290492));
#3166 = CARTESIAN_POINT('',(3.886958817798,47.12227850518));
#3167 = CARTESIAN_POINT('',(3.94097066655,46.986140328852));
#3168 = CARTESIAN_POINT('',(3.997893672738,46.85519673362));
#3169 = CARTESIAN_POINT('',(4.05803773196,46.729510388425));
#3170 = CARTESIAN_POINT('',(4.121737030737,46.609960007807));
#3171 = CARTESIAN_POINT('',(4.189358010459,46.498362180325));
#3172 = CARTESIAN_POINT('',(4.261289739335,46.397477849003));
#3173 = CARTESIAN_POINT('',(4.379547961982,46.26447312962));
#3174 = CARTESIAN_POINT('',(4.422932499141,46.22154950478));
#3175 = CARTESIAN_POINT('',(4.46784125328,46.183693581843));
#3176 = CARTESIAN_POINT('',(4.514018584976,46.151942863423));
#3177 = CARTESIAN_POINT('',(4.561238656386,46.127141049398));
#3178 = CARTESIAN_POINT('',(4.60929796031,46.10994290154));
#3179 = CARTESIAN_POINT('',(4.658006486894,46.100816240951));
#3180 = CARTESIAN_POINT('',(4.754849079181,46.099289554554));
#3181 = CARTESIAN_POINT('',(4.802188361534,46.106400030293));
#3182 = CARTESIAN_POINT('',(4.849000511749,46.121184069157));
#3183 = CARTESIAN_POINT('',(4.895089319573,46.143263290016));
#3184 = CARTESIAN_POINT('',(4.940247200873,46.172070410411));
#3185 = CARTESIAN_POINT('',(4.984246405978,46.206847662571));
#3186 = CARTESIAN_POINT('',(5.026831463219,46.246642582015));
#3187 = CARTESIAN_POINT('',(5.067712857695,46.290301168722));
#3188 = ( GEOMETRIC_REPRESENTATION_CONTEXT(2) 
PARAMETRIC_REPRESENTATION_CONTEXT() REPRESENTATION_CONTEXT('2D SPACE',''
  ) );
#3189 = PCURVE('',#2705,#3190);
#3190 = DEFINITIONAL_REPRESENTATION('',(#3191),#3348);
#3191 = B_SPLINE_CURVE_WITH_KNOTS('',8,(#3192,#3193,#3194,#3195,#3196,
    #3197,#3198,#3199,#3200,#3201,#3202,#3203,#3204,#3205,#3206,#3207,
    #3208,#3209,#3210,#3211,#3212,#3213,#3214,#3215,#3216,#3217,#3218,
    #3219,#3220,#3221,#3222,#3223,#3224,#3225,#3226,#3227,#3228,#3229,
    #3230,#3231,#3232,#3233,#3234,#3235,#3236,#3237,#3238,#3239,#3240,
    #3241,#3242,#3243,#3244,#3245,#3246,#3247,#3248,#3249,#3250,#3251,
    #3252,#3253,#3254,#3255,#3256,#3257,#3258,#3259,#3260,#3261,#3262,
    #3263,#3264,#3265,#3266,#3267,#3268,#3269,#3270,#3271,#3272,#3273,
    #3274,#3275,#3276,#3277,#3278,#3279,#3280,#3281,#3282,#3283,#3284,
    #3285,#3286,#3287,#3288,#3289,#3290,#3291,#3292,#3293,#3294,#3295,
    #3296,#3297,#3298,#3299,#3300,#3301,#3302,#3303,#3304,#3305,#3306,
    #3307,#3308,#3309,#3310,#3311,#3312,#3313,#3314,#3315,#3316,#3317,
    #3318,#3319,#3320,#3321,#3322,#3323,#3324,#3325,#3326,#3327,#3328,
    #3329,#3330,#3331,#3332,#3333,#3334,#3335,#3336,#3337,#3338,#3339,
    #3340,#3341,#3342,#3343,#3344,#3345,#3346,#3347),.UNSPECIFIED.,.F.,
  .F.,(9,7,7,7,7,7,7,7,7,7,7,7,7,7,7,7,7,7,7,7,7,7,9),(0.,
    2.855208837618E-02,9.89663979132E-02,0.148279783667,0.163320786299,
    0.175896498253,0.195706718936,0.24470509597,0.295063306915,
    0.392506111743,0.445894372527,0.500274828876,0.599571785476,
    0.648124556937,0.678188409592,0.698094840614,0.718477495108,
    0.731304824119,0.746631716723,0.796736133914,0.895047559452,
    0.948336310212,1.),.UNSPECIFIED.);
#3192 = CARTESIAN_POINT('',(0.,70.57821812328));
#3193 = CARTESIAN_POINT('',(2.577829237207E-02,70.556124369386));
#3194 = CARTESIAN_POINT('',(5.114078607532E-02,70.532868836998));
#3195 = CARTESIAN_POINT('',(7.610339024039E-02,70.508560933937));
#3196 = CARTESIAN_POINT('',(0.100681158898,70.483303184739));
#3197 = CARTESIAN_POINT('',(0.124888645606,70.457191303169));
#3198 = CARTESIAN_POINT('',(0.148740258073,70.430314264725));
#3199 = CARTESIAN_POINT('',(0.172250612787,70.402754379153));
#3200 = CARTESIAN_POINT('',(0.252611262361,70.305122706965));
#3201 = CARTESIAN_POINT('',(0.307895827,70.231854160268));
#3202 = CARTESIAN_POINT('',(0.361531918684,70.155863462301));
#3203 = CARTESIAN_POINT('',(0.413755046034,70.078018733492));
#3204 = CARTESIAN_POINT('',(0.464812733877,69.999018562337));
#3205 = CARTESIAN_POINT('',(0.514968502455,69.919437983186));
#3206 = CARTESIAN_POINT('',(0.564506515222,69.839815214641));
#3207 = CARTESIAN_POINT('',(0.648242609874,69.705493780565));
#3208 = CARTESIAN_POINT('',(0.682434855321,69.650723815802));
#3209 = CARTESIAN_POINT('',(0.716525246979,69.596603316914));
#3210 = CARTESIAN_POINT('',(0.750676369854,69.54331560639));
#3211 = CARTESIAN_POINT('',(0.785011205953,69.491191997427));
#3212 = CARTESIAN_POINT('',(0.819617632538,69.440758339285));
#3213 = CARTESIAN_POINT('',(0.854561432277,69.392753187294));
#3214 = CARTESIAN_POINT('',(0.900684729285,69.334483696376));
#3215 = CARTESIAN_POINT('',(0.911512736434,69.321163247427));
#3216 = CARTESIAN_POINT('',(0.922391511161,69.308167391263));
#3217 = CARTESIAN_POINT('',(0.933323941048,69.295524234865));
#3218 = CARTESIAN_POINT('',(0.944313035788,69.283263781877));
#3219 = CARTESIAN_POINT('',(0.955361927177,69.271417932603));
#3220 = CARTESIAN_POINT('',(0.966473869123,69.260020484007));
#3221 = CARTESIAN_POINT('',(0.986998419269,69.23998252524));
#3222 = CARTESIAN_POINT('',(0.996393032223,69.231194321332));
#3223 = CARTESIAN_POINT('',(1.00583461932,69.222767054529));
#3224 = CARTESIAN_POINT('',(1.015322247897,69.214724829316));
#3225 = CARTESIAN_POINT('',(1.024855509815,69.207091318134));
#3226 = CARTESIAN_POINT('',(1.034434521452,69.199889761375));
#3227 = CARTESIAN_POINT('',(1.044059923704,69.193142967388));
#3228 = CARTESIAN_POINT('',(1.068970463684,69.176996873828));
#3229 = CARTESIAN_POINT('',(1.084345655239,69.168291592361));
#3230 = CARTESIAN_POINT('',(1.099826394224,69.160874188756));
#3231 = CARTESIAN_POINT('',(1.11538764614,69.154839229032));
#3232 = CARTESIAN_POINT('',(1.131009871818,69.150259199321));
#3233 = CARTESIAN_POINT('',(1.146677494818,69.147184580654));
#3234 = CARTESIAN_POINT('',(1.162377368835,69.145643923739));
#3235 = CARTESIAN_POINT('',(1.216978610242,69.145643923739));
#3236 = CARTESIAN_POINT('',(1.255065376708,69.155069413552));
#3237 = CARTESIAN_POINT('',(1.292574891959,69.173246349754));
#3238 = CARTESIAN_POINT('',(1.329643487189,69.199258910527));
#3239 = CARTESIAN_POINT('',(1.366301001524,69.231949535807));
#3240 = CARTESIAN_POINT('',(1.40244961919,69.269943010112));
#3241 = CARTESIAN_POINT('',(1.437847515511,69.311684974185));
#3242 = CARTESIAN_POINT('',(1.507298635357,69.400501101838));
#3243 = CARTESIAN_POINT('',(1.542116378102,69.448751505724));
#3244 = CARTESIAN_POINT('',(1.576611659715,69.499336820469));
#3245 = CARTESIAN_POINT('',(1.610850613305,69.551543745299));
#3246 = CARTESIAN_POINT('',(1.644921401605,69.604866102982));
#3247 = CARTESIAN_POINT('',(1.678945897444,69.65898435564));
#3248 = CARTESIAN_POINT('',(1.713083346065,69.713718665517));
#3249 = CARTESIAN_POINT('',(1.814163006494,69.875881880709));
#3250 = CARTESIAN_POINT('',(1.881202298423,69.983555768953));
#3251 = CARTESIAN_POINT('',(1.9495821105,70.090584880074));
#3252 = CARTESIAN_POINT('',(2.020034315996,70.195916025547));
#3253 = CARTESIAN_POINT('',(2.09320880089,70.298010042354));
#3254 = CARTESIAN_POINT('',(2.169681770897,70.394738990833));
#3255 = CARTESIAN_POINT('',(2.250026561025,70.483184393919));
#3256 = CARTESIAN_POINT('',(2.381356161203,70.601297337568));
#3257 = CARTESIAN_POINT('',(2.429654740029,70.639876620254));
#3258 = CARTESIAN_POINT('',(2.479455747902,70.674050499985));
#3259 = CARTESIAN_POINT('',(2.530501795572,70.702810741971));
#3260 = CARTESIAN_POINT('',(2.582575955253,70.725328326356));
#3261 = CARTESIAN_POINT('',(2.635489856758,70.740960954603));
#3262 = CARTESIAN_POINT('',(2.689072669272,70.749257964834));
#3263 = CARTESIAN_POINT('',(2.798254473713,70.750680443789));
#3264 = CARTESIAN_POINT('',(2.852901546896,70.743508408007));
#3265 = CARTESIAN_POINT('',(2.906915354762,70.728664097699));
#3266 = CARTESIAN_POINT('',(2.960103116809,70.706586461431));
#3267 = CARTESIAN_POINT('',(3.012254101678,70.677933550099));
#3268 = CARTESIAN_POINT('',(3.063126643904,70.643577157301));
#3269 = CARTESIAN_POINT('',(3.11243418131,70.60459439741));
#3270 = CARTESIAN_POINT('',(3.246374118563,70.484948079517));
#3271 = CARTESIAN_POINT('',(3.32823988579,70.394937382188));
#3272 = CARTESIAN_POINT('',(3.406090011205,70.296316365435));
#3273 = CARTESIAN_POINT('',(3.48052729471,70.192169395429));
#3274 = CARTESIAN_POINT('',(3.552156328182,70.08473306264));
#3275 = CARTESIAN_POINT('',(3.621662631415,69.975619854553));
#3276 = CARTESIAN_POINT('',(3.689818462778,69.86592131124));
#3277 = CARTESIAN_POINT('',(3.790780981984,69.703981809055));
#3278 = CARTESIAN_POINT('',(3.823675524535,69.651310877119));
#3279 = CARTESIAN_POINT('',(3.856477918942,69.599244707267));
#3280 = CARTESIAN_POINT('',(3.889329362051,69.547950518802));
#3281 = CARTESIAN_POINT('',(3.922339443137,69.497723212759));
#3282 = CARTESIAN_POINT('',(3.955588566786,69.44902002742));
#3283 = CARTESIAN_POINT('',(3.989136939445,69.402473443289));
#3284 = CARTESIAN_POINT('',(4.044032952463,69.331890745908));
#3285 = CARTESIAN_POINT('',(4.065235685136,69.305937163459));
#3286 = CARTESIAN_POINT('',(4.086649485667,69.281242257778));
#3287 = CARTESIAN_POINT('',(4.108278428084,69.258047016985));
#3288 = CARTESIAN_POINT('',(4.130131679607,69.236610241917));
#3289 = CARTESIAN_POINT('',(4.152225774366,69.217205293139));
#3290 = CARTESIAN_POINT('',(4.174586973646,69.200116092796));
#3291 = CARTESIAN_POINT('',(4.212262230795,69.176042159884));
#3292 = CARTESIAN_POINT('',(4.227403609157,69.167594909613));
#3293 = CARTESIAN_POINT('',(4.242646816821,69.160401560582));
#3294 = CARTESIAN_POINT('',(4.257967494968,69.154551772181));
#3295 = CARTESIAN_POINT('',(4.273346504019,69.150114057842));
#3296 = CARTESIAN_POINT('',(4.288768470741,69.147135909779));
#3297 = CARTESIAN_POINT('',(4.304220335365,69.145643923739));
#3298 = CARTESIAN_POINT('',(4.335529541865,69.145643923739));
#3299 = CARTESIAN_POINT('',(4.351348454611,69.147208144626));
#3300 = CARTESIAN_POINT('',(4.367134279286,69.150329594454));
#3301 = CARTESIAN_POINT('',(4.382873726025,69.154978844617));
#3302 = CARTESIAN_POINT('',(4.398550990088,69.161103955316));
#3303 = CARTESIAN_POINT('',(4.41414616921,69.168630401025));
#3304 = CARTESIAN_POINT('',(4.429633680949,69.177460995961));
#3305 = CARTESIAN_POINT('',(4.454638941508,69.193778405763));
#3306 = CARTESIAN_POINT('',(4.464249664836,69.200555363866));
#3307 = CARTESIAN_POINT('',(4.473814029362,69.207784362398));
#3308 = CARTESIAN_POINT('',(4.483332697597,69.215442662393));
#3309 = CARTESIAN_POINT('',(4.492805815214,69.22350711738));
#3310 = CARTESIAN_POINT('',(4.502233011056,69.231954173388));
#3311 = CARTESIAN_POINT('',(4.51161339713,69.24075986894));
#3312 = CARTESIAN_POINT('',(4.532096229043,69.260820836533));
#3313 = CARTESIAN_POINT('',(4.543180885745,69.27222193201));
#3314 = CARTESIAN_POINT('',(4.554202891267,69.284067730755));
#3315 = CARTESIAN_POINT('',(4.565165483236,69.296324734244));
#3316 = CARTESIAN_POINT('',(4.576071784357,69.308961336155));
#3317 = CARTESIAN_POINT('',(4.586924802412,69.321947822373));
#3318 = CARTESIAN_POINT('',(4.597727430263,69.335256370986));
#3319 = CARTESIAN_POINT('',(4.64364115685,69.393335470246));
#3320 = CARTESIAN_POINT('',(4.678404543937,69.441118079114));
#3321 = CARTESIAN_POINT('',(4.712833867355,69.491298615096));
#3322 = CARTESIAN_POINT('',(4.746994485406,69.54315134843));
#3323 = CARTESIAN_POINT('',(4.780973591107,69.596159358997));
#3324 = CARTESIAN_POINT('',(4.814892721798,69.649996340048));
#3325 = CARTESIAN_POINT('',(4.848911964017,69.704480760305));
#3326 = CARTESIAN_POINT('',(4.950545080511,69.867505942936));
#3327 = CARTESIAN_POINT('',(5.018233714309,69.976406276776));
#3328 = CARTESIAN_POINT('',(5.087264887949,70.084731101803));
#3329 = CARTESIAN_POINT('',(5.158391542157,70.191398899435));
#3330 = CARTESIAN_POINT('',(5.232281481563,70.294822635366));
#3331 = CARTESIAN_POINT('',(5.309523067893,70.392812482079));
#3332 = CARTESIAN_POINT('',(5.390703052743,70.482360432105));
#3333 = CARTESIAN_POINT('',(5.522948814873,70.60129733764));
#3334 = CARTESIAN_POINT('',(5.571247393642,70.639876620258));
#3335 = CARTESIAN_POINT('',(5.621048401444,70.67405049994));
#3336 = CARTESIAN_POINT('',(5.672094449089,70.702810741936));
#3337 = CARTESIAN_POINT('',(5.724168608806,70.725328326361));
#3338 = CARTESIAN_POINT('',(5.777082510383,70.740960954627));
#3339 = CARTESIAN_POINT('',(5.830665322945,70.749257964835));
#3340 = CARTESIAN_POINT('',(5.937192478252,70.750645857601));
#3341 = CARTESIAN_POINT('',(5.989262667275,70.7441817585));
#3342 = CARTESIAN_POINT('',(6.040788254752,70.730740575143));
#3343 = CARTESIAN_POINT('',(6.091588973588,70.710686060848));
#3344 = CARTESIAN_POINT('',(6.141469811677,70.684573783329));
#3345 = CARTESIAN_POINT('',(6.190209964542,70.653146938993));
#3346 = CARTESIAN_POINT('',(6.237551153187,70.617329704174));
#3347 = CARTESIAN_POINT('',(6.28318530718,70.57821812328));
#3348 = ( GEOMETRIC_REPRESENTATION_CONTEXT(2) 
PARAMETRIC_REPRESENTATION_CONTEXT() REPRESENTATION_CONTEXT('2D SPACE',''
  ) );
#3349 = ADVANCED_FACE('',(#3350,#3353),#1244,.T.);
#3350 = FACE_BOUND('',#3351,.T.);
#3351 = EDGE_LOOP('',(#3352));
#3352 = ORIENTED_EDGE('',*,*,#1229,.T.);
#3353 = FACE_BOUND('',#3354,.T.);
#3354 = EDGE_LOOP('',(#3355));
#3355 = ORIENTED_EDGE('',*,*,#3356,.F.);
#3356 = EDGE_CURVE('',#3357,#3357,#3359,.T.);
#3357 = VERTEX_POINT('',#3358);
#3358 = CARTESIAN_POINT('',(54.86,-1.343682468024E-14,41.95));
#3359 = SURFACE_CURVE('',#3360,(#3365,#3372),.PCURVE_S1.);
#3360 = CIRCLE('',#3361,54.86);
#3361 = AXIS2_PLACEMENT_3D('',#3362,#3363,#3364);
#3362 = CARTESIAN_POINT('',(0.,0.,41.95));
#3363 = DIRECTION('',(0.,0.,1.));
#3364 = DIRECTION('',(1.,0.,-0.));
#3365 = PCURVE('',#1244,#3366);
#3366 = DEFINITIONAL_REPRESENTATION('',(#3367),#3371);
#3367 = CIRCLE('',#3368,54.86);
#3368 = AXIS2_PLACEMENT_2D('',#3369,#3370);
#3369 = CARTESIAN_POINT('',(0.,0.));
#3370 = DIRECTION('',(1.,0.));
#3371 = ( GEOMETRIC_REPRESENTATION_CONTEXT(2) 
PARAMETRIC_REPRESENTATION_CONTEXT() REPRESENTATION_CONTEXT('2D SPACE',''
  ) );
#3372 = PCURVE('',#3373,#3378);
#3373 = CYLINDRICAL_SURFACE('',#3374,54.86);
#3374 = AXIS2_PLACEMENT_3D('',#3375,#3376,#3377);
#3375 = CARTESIAN_POINT('',(0.,0.,40.95));
#3376 = DIRECTION('',(0.,0.,1.));
#3377 = DIRECTION('',(1.,0.,-0.));
#3378 = DEFINITIONAL_REPRESENTATION('',(#3379),#3383);
#3379 = LINE('',#3380,#3381);
#3380 = CARTESIAN_POINT('',(0.,1.));
#3381 = VECTOR('',#3382,1.);
#3382 = DIRECTION('',(1.,0.));
#3383 = ( GEOMETRIC_REPRESENTATION_CONTEXT(2) 
PARAMETRIC_REPRESENTATION_CONTEXT() REPRESENTATION_CONTEXT('2D SPACE',''
  ) );
#3384 = ADVANCED_FACE('',(#3385),#1273,.T.);
#3385 = FACE_BOUND('',#3386,.T.);
#3386 = EDGE_LOOP('',(#3387,#3388));
#3387 = ORIENTED_EDGE('',*,*,#1260,.T.);
#3388 = ORIENTED_EDGE('',*,*,#1386,.T.);
#3389 = ADVANCED_FACE('',(#3390),#1329,.F.);
#3390 = FACE_BOUND('',#3391,.F.);
#3391 = EDGE_LOOP('',(#3392,#3415,#3416,#3417,#3418));
#3392 = ORIENTED_EDGE('',*,*,#3393,.T.);
#3393 = EDGE_CURVE('',#1290,#3394,#3396,.T.);
#3394 = VERTEX_POINT('',#3395);
#3395 = CARTESIAN_POINT('',(48.736831887809,20.187456755028,32.));
#3396 = SEAM_CURVE('',#3397,(#3401,#3408),.PCURVE_S1.);
#3397 = LINE('',#3398,#3399);
#3398 = CARTESIAN_POINT('',(46.157864672323,22.095792108262,32.));
#3399 = VECTOR('',#3400,1.);
#3400 = DIRECTION('',(0.803856860617,-0.594822786751,2.099454382277E-16)
  );
#3401 = PCURVE('',#1329,#3402);
#3402 = DEFINITIONAL_REPRESENTATION('',(#3403),#3407);
#3403 = LINE('',#3404,#3405);
#3404 = CARTESIAN_POINT('',(-6.28318530718,0.));
#3405 = VECTOR('',#3406,1.);
#3406 = DIRECTION('',(-0.,-1.));
#3407 = ( GEOMETRIC_REPRESENTATION_CONTEXT(2) 
PARAMETRIC_REPRESENTATION_CONTEXT() REPRESENTATION_CONTEXT('2D SPACE',''
  ) );
#3408 = PCURVE('',#1329,#3409);
#3409 = DEFINITIONAL_REPRESENTATION('',(#3410),#3414);
#3410 = LINE('',#3411,#3412);
#3411 = CARTESIAN_POINT('',(0.,-0.));
#3412 = VECTOR('',#3413,1.);
#3413 = DIRECTION('',(-0.,-1.));
#3414 = ( GEOMETRIC_REPRESENTATION_CONTEXT(2) 
PARAMETRIC_REPRESENTATION_CONTEXT() REPRESENTATION_CONTEXT('2D SPACE',''
  ) );
#3415 = ORIENTED_EDGE('',*,*,#3393,.F.);
#3416 = ORIENTED_EDGE('',*,*,#1363,.T.);
#3417 = ORIENTED_EDGE('',*,*,#1340,.T.);
#3418 = ORIENTED_EDGE('',*,*,#1312,.T.);
#3419 = ADVANCED_FACE('',(#3420),#1734,.F.);
#3420 = FACE_BOUND('',#3421,.F.);
#3421 = EDGE_LOOP('',(#3422,#3423,#3446,#3477,#3478));
#3422 = ORIENTED_EDGE('',*,*,#1410,.F.);
#3423 = ORIENTED_EDGE('',*,*,#3424,.F.);
#3424 = EDGE_CURVE('',#3425,#1411,#3427,.T.);
#3425 = VERTEX_POINT('',#3426);
#3426 = CARTESIAN_POINT('',(42.400545280049,18.598414812943,99.));
#3427 = SEAM_CURVE('',#3428,(#3432,#3439),.PCURVE_S1.);
#3428 = LINE('',#3429,#3430);
#3429 = CARTESIAN_POINT('',(42.400545280049,18.598414812943,100.));
#3430 = VECTOR('',#3431,1.);
#3431 = DIRECTION('',(0.,0.,-1.));
#3432 = PCURVE('',#1734,#3433);
#3433 = DEFINITIONAL_REPRESENTATION('',(#3434),#3438);
#3434 = LINE('',#3435,#3436);
#3435 = CARTESIAN_POINT('',(6.28318530718,-0.));
#3436 = VECTOR('',#3437,1.);
#3437 = DIRECTION('',(0.,1.));
#3438 = ( GEOMETRIC_REPRESENTATION_CONTEXT(2) 
PARAMETRIC_REPRESENTATION_CONTEXT() REPRESENTATION_CONTEXT('2D SPACE',''
  ) );
#3439 = PCURVE('',#1734,#3440);
#3440 = DEFINITIONAL_REPRESENTATION('',(#3441),#3445);
#3441 = LINE('',#3442,#3443);
#3442 = CARTESIAN_POINT('',(0.,-0.));
#3443 = VECTOR('',#3444,1.);
#3444 = DIRECTION('',(0.,1.));
#3445 = ( GEOMETRIC_REPRESENTATION_CONTEXT(2) 
PARAMETRIC_REPRESENTATION_CONTEXT() REPRESENTATION_CONTEXT('2D SPACE',''
  ) );
#3446 = ORIENTED_EDGE('',*,*,#3447,.T.);
#3447 = EDGE_CURVE('',#3425,#3425,#3448,.T.);
#3448 = SURFACE_CURVE('',#3449,(#3454,#3461),.PCURVE_S1.);
#3449 = CIRCLE('',#3450,2.5);
#3450 = AXIS2_PLACEMENT_3D('',#3451,#3452,#3453);
#3451 = CARTESIAN_POINT('',(44.900545280049,18.598414812943,99.));
#3452 = DIRECTION('',(0.,0.,-1.));
#3453 = DIRECTION('',(-1.,0.,-0.));
#3454 = PCURVE('',#1734,#3455);
#3455 = DEFINITIONAL_REPRESENTATION('',(#3456),#3460);
#3456 = LINE('',#3457,#3458);
#3457 = CARTESIAN_POINT('',(0.,1.));
#3458 = VECTOR('',#3459,1.);
#3459 = DIRECTION('',(1.,0.));
#3460 = ( GEOMETRIC_REPRESENTATION_CONTEXT(2) 
PARAMETRIC_REPRESENTATION_CONTEXT() REPRESENTATION_CONTEXT('2D SPACE',''
  ) );
#3461 = PCURVE('',#3462,#3467);
#3462 = PLANE('',#3463);
#3463 = AXIS2_PLACEMENT_3D('',#3464,#3465,#3466);
#3464 = CARTESIAN_POINT('',(0.,0.,99.));
#3465 = DIRECTION('',(0.,0.,1.));
#3466 = DIRECTION('',(1.,0.,-0.));
#3467 = DEFINITIONAL_REPRESENTATION('',(#3468),#3476);
#3468 = ( BOUNDED_CURVE() B_SPLINE_CURVE(2,(#3469,#3470,#3471,#3472,
#3473,#3474,#3475),.UNSPECIFIED.,.T.,.F.) B_SPLINE_CURVE_WITH_KNOTS((1,2
    ,2,2,2,1),(-2.094395102393,0.,2.094395102393,4.188790204786,
6.28318530718,8.377580409573),.UNSPECIFIED.) CURVE() 
GEOMETRIC_REPRESENTATION_ITEM() RATIONAL_B_SPLINE_CURVE((1.,0.5,1.,0.5,
1.,0.5,1.)) REPRESENTATION_ITEM('') );
#3469 = CARTESIAN_POINT('',(42.400545280049,18.598414812943));
#3470 = CARTESIAN_POINT('',(42.400545280049,22.928541831866));
#3471 = CARTESIAN_POINT('',(46.150545280049,20.763478322404));
#3472 = CARTESIAN_POINT('',(49.900545280049,18.598414812943));
#3473 = CARTESIAN_POINT('',(46.150545280049,16.433351303482));
#3474 = CARTESIAN_POINT('',(42.400545280049,14.268287794021));
#3475 = CARTESIAN_POINT('',(42.400545280049,18.598414812943));
#3476 = ( GEOMETRIC_REPRESENTATION_CONTEXT(2) 
PARAMETRIC_REPRESENTATION_CONTEXT() REPRESENTATION_CONTEXT('2D SPACE',''
  ) );
#3477 = ORIENTED_EDGE('',*,*,#3424,.T.);
#3478 = ORIENTED_EDGE('',*,*,#1899,.F.);
#3479 = ADVANCED_FACE('',(#3480),#2705,.F.);
#3480 = FACE_BOUND('',#3481,.F.);
#3481 = EDGE_LOOP('',(#3482,#3505,#3531,#3532,#3533));
#3482 = ORIENTED_EDGE('',*,*,#3483,.T.);
#3483 = EDGE_CURVE('',#2384,#3484,#3486,.T.);
#3484 = VERTEX_POINT('',#3485);
#3485 = CARTESIAN_POINT('',(42.400545280049,18.598414812943,26.1));
#3486 = SEAM_CURVE('',#3487,(#3491,#3498),.PCURVE_S1.);
#3487 = LINE('',#3488,#3489);
#3488 = CARTESIAN_POINT('',(42.400545280049,18.598414812943,100.));
#3489 = VECTOR('',#3490,1.);
#3490 = DIRECTION('',(0.,0.,-1.));
#3491 = PCURVE('',#2705,#3492);
#3492 = DEFINITIONAL_REPRESENTATION('',(#3493),#3497);
#3493 = LINE('',#3494,#3495);
#3494 = CARTESIAN_POINT('',(6.28318530718,-0.));
#3495 = VECTOR('',#3496,1.);
#3496 = DIRECTION('',(0.,1.));
#3497 = ( GEOMETRIC_REPRESENTATION_CONTEXT(2) 
PARAMETRIC_REPRESENTATION_CONTEXT() REPRESENTATION_CONTEXT('2D SPACE',''
  ) );
#3498 = PCURVE('',#2705,#3499);
#3499 = DEFINITIONAL_REPRESENTATION('',(#3500),#3504);
#3500 = LINE('',#3501,#3502);
#3501 = CARTESIAN_POINT('',(0.,-0.));
#3502 = VECTOR('',#3503,1.);
#3503 = DIRECTION('',(0.,1.));
#3504 = ( GEOMETRIC_REPRESENTATION_CONTEXT(2) 
PARAMETRIC_REPRESENTATION_CONTEXT() REPRESENTATION_CONTEXT('2D SPACE',''
  ) );
#3505 = ORIENTED_EDGE('',*,*,#3506,.F.);
#3506 = EDGE_CURVE('',#3484,#3484,#3507,.T.);
#3507 = SURFACE_CURVE('',#3508,(#3513,#3520),.PCURVE_S1.);
#3508 = CIRCLE('',#3509,2.5);
#3509 = AXIS2_PLACEMENT_3D('',#3510,#3511,#3512);
#3510 = CARTESIAN_POINT('',(44.900545280049,18.598414812943,26.1));
#3511 = DIRECTION('',(0.,0.,-1.));
#3512 = DIRECTION('',(-1.,0.,-0.));
#3513 = PCURVE('',#2705,#3514);
#3514 = DEFINITIONAL_REPRESENTATION('',(#3515),#3519);
#3515 = LINE('',#3516,#3517);
#3516 = CARTESIAN_POINT('',(0.,73.9));
#3517 = VECTOR('',#3518,1.);
#3518 = DIRECTION('',(1.,0.));
#3519 = ( GEOMETRIC_REPRESENTATION_CONTEXT(2) 
PARAMETRIC_REPRESENTATION_CONTEXT() REPRESENTATION_CONTEXT('2D SPACE',''
  ) );
#3520 = PCURVE('',#3521,#3526);
#3521 = CONICAL_SURFACE('',#3522,2.5,1.029744258677);
#3522 = AXIS2_PLACEMENT_3D('',#3523,#3524,#3525);
#3523 = CARTESIAN_POINT('',(44.900545280049,18.598414812943,26.1));
#3524 = DIRECTION('',(-0.,-0.,1.));
#3525 = DIRECTION('',(-1.,0.,-0.));
#3526 = DEFINITIONAL_REPRESENTATION('',(#3527),#3530);
#3527 = B_SPLINE_CURVE_WITH_KNOTS('',1,(#3528,#3529),.UNSPECIFIED.,.F.,
  .F.,(2,2),(0.,6.28318530718),.PIECEWISE_BEZIER_KNOTS.);
#3528 = CARTESIAN_POINT('',(0.,0.));
#3529 = CARTESIAN_POINT('',(-6.28318530718,0.));
#3530 = ( GEOMETRIC_REPRESENTATION_CONTEXT(2) 
PARAMETRIC_REPRESENTATION_CONTEXT() REPRESENTATION_CONTEXT('2D SPACE',''
  ) );
#3531 = ORIENTED_EDGE('',*,*,#3483,.F.);
#3532 = ORIENTED_EDGE('',*,*,#2870,.T.);
#3533 = ORIENTED_EDGE('',*,*,#2381,.T.);
#3534 = ADVANCED_FACE('',(#3535),#3373,.T.);
#3535 = FACE_BOUND('',#3536,.T.);
#3536 = EDGE_LOOP('',(#3537,#3566,#3587,#3588));
#3537 = ORIENTED_EDGE('',*,*,#3538,.F.);
#3538 = EDGE_CURVE('',#3539,#3539,#3541,.T.);
#3539 = VERTEX_POINT('',#3540);
#3540 = CARTESIAN_POINT('',(54.86,-1.343682468024E-14,47.05));
#3541 = SURFACE_CURVE('',#3542,(#3547,#3554),.PCURVE_S1.);
#3542 = CIRCLE('',#3543,54.86);
#3543 = AXIS2_PLACEMENT_3D('',#3544,#3545,#3546);
#3544 = CARTESIAN_POINT('',(0.,0.,47.05));
#3545 = DIRECTION('',(0.,0.,1.));
#3546 = DIRECTION('',(1.,0.,-0.));
#3547 = PCURVE('',#3373,#3548);
#3548 = DEFINITIONAL_REPRESENTATION('',(#3549),#3553);
#3549 = LINE('',#3550,#3551);
#3550 = CARTESIAN_POINT('',(0.,6.1));
#3551 = VECTOR('',#3552,1.);
#3552 = DIRECTION('',(1.,0.));
#3553 = ( GEOMETRIC_REPRESENTATION_CONTEXT(2) 
PARAMETRIC_REPRESENTATION_CONTEXT() REPRESENTATION_CONTEXT('2D SPACE',''
  ) );
#3554 = PCURVE('',#3555,#3560);
#3555 = PLANE('',#3556);
#3556 = AXIS2_PLACEMENT_3D('',#3557,#3558,#3559);
#3557 = CARTESIAN_POINT('',(0.,0.,47.05));
#3558 = DIRECTION('',(0.,0.,1.));
#3559 = DIRECTION('',(1.,0.,-0.));
#3560 = DEFINITIONAL_REPRESENTATION('',(#3561),#3565);
#3561 = CIRCLE('',#3562,54.86);
#3562 = AXIS2_PLACEMENT_2D('',#3563,#3564);
#3563 = CARTESIAN_POINT('',(0.,0.));
#3564 = DIRECTION('',(1.,0.));
#3565 = ( GEOMETRIC_REPRESENTATION_CONTEXT(2) 
PARAMETRIC_REPRESENTATION_CONTEXT() REPRESENTATION_CONTEXT('2D SPACE',''
  ) );
#3566 = ORIENTED_EDGE('',*,*,#3567,.F.);
#3567 = EDGE_CURVE('',#3357,#3539,#3568,.T.);
#3568 = SEAM_CURVE('',#3569,(#3573,#3580),.PCURVE_S1.);
#3569 = LINE('',#3570,#3571);
#3570 = CARTESIAN_POINT('',(54.86,-1.343682468024E-14,40.95));
#3571 = VECTOR('',#3572,1.);
#3572 = DIRECTION('',(0.,0.,1.));
#3573 = PCURVE('',#3373,#3574);
#3574 = DEFINITIONAL_REPRESENTATION('',(#3575),#3579);
#3575 = LINE('',#3576,#3577);
#3576 = CARTESIAN_POINT('',(6.28318530718,-0.));
#3577 = VECTOR('',#3578,1.);
#3578 = DIRECTION('',(0.,1.));
#3579 = ( GEOMETRIC_REPRESENTATION_CONTEXT(2) 
PARAMETRIC_REPRESENTATION_CONTEXT() REPRESENTATION_CONTEXT('2D SPACE',''
  ) );
#3580 = PCURVE('',#3373,#3581);
#3581 = DEFINITIONAL_REPRESENTATION('',(#3582),#3586);
#3582 = LINE('',#3583,#3584);
#3583 = CARTESIAN_POINT('',(0.,-0.));
#3584 = VECTOR('',#3585,1.);
#3585 = DIRECTION('',(0.,1.));
#3586 = ( GEOMETRIC_REPRESENTATION_CONTEXT(2) 
PARAMETRIC_REPRESENTATION_CONTEXT() REPRESENTATION_CONTEXT('2D SPACE',''
  ) );
#3587 = ORIENTED_EDGE('',*,*,#3356,.T.);
#3588 = ORIENTED_EDGE('',*,*,#3567,.T.);
#3589 = ADVANCED_FACE('',(#3590,#3621,#3656,#3691,#3726,#3761,#3796,
    #3831,#3866,#3897,#3932,#3935,#3970),#3462,.T.);
#3590 = FACE_BOUND('',#3591,.T.);
#3591 = EDGE_LOOP('',(#3592));
#3592 = ORIENTED_EDGE('',*,*,#3593,.T.);
#3593 = EDGE_CURVE('',#3594,#3594,#3596,.T.);
#3594 = VERTEX_POINT('',#3595);
#3595 = CARTESIAN_POINT('',(58.25,0.,99.));
#3596 = SURFACE_CURVE('',#3597,(#3602,#3609),.PCURVE_S1.);
#3597 = CIRCLE('',#3598,58.25);
#3598 = AXIS2_PLACEMENT_3D('',#3599,#3600,#3601);
#3599 = CARTESIAN_POINT('',(0.,0.,99.));
#3600 = DIRECTION('',(0.,0.,1.));
#3601 = DIRECTION('',(1.,0.,-0.));
#3602 = PCURVE('',#3462,#3603);
#3603 = DEFINITIONAL_REPRESENTATION('',(#3604),#3608);
#3604 = CIRCLE('',#3605,58.25);
#3605 = AXIS2_PLACEMENT_2D('',#3606,#3607);
#3606 = CARTESIAN_POINT('',(0.,0.));
#3607 = DIRECTION('',(1.,0.));
#3608 = ( GEOMETRIC_REPRESENTATION_CONTEXT(2) 
PARAMETRIC_REPRESENTATION_CONTEXT() REPRESENTATION_CONTEXT('2D SPACE',''
  ) );
#3609 = PCURVE('',#3610,#3615);
#3610 = CYLINDRICAL_SURFACE('',#3611,58.25);
#3611 = AXIS2_PLACEMENT_3D('',#3612,#3613,#3614);
#3612 = CARTESIAN_POINT('',(0.,0.,83.));
#3613 = DIRECTION('',(0.,0.,1.));
#3614 = DIRECTION('',(1.,0.,-0.));
#3615 = DEFINITIONAL_REPRESENTATION('',(#3616),#3620);
#3616 = LINE('',#3617,#3618);
#3617 = CARTESIAN_POINT('',(0.,16.));
#3618 = VECTOR('',#3619,1.);
#3619 = DIRECTION('',(1.,0.));
#3620 = ( GEOMETRIC_REPRESENTATION_CONTEXT(2) 
PARAMETRIC_REPRESENTATION_CONTEXT() REPRESENTATION_CONTEXT('2D SPACE',''
  ) );
#3621 = FACE_BOUND('',#3622,.T.);
#3622 = EDGE_LOOP('',(#3623));
#3623 = ORIENTED_EDGE('',*,*,#3624,.T.);
#3624 = EDGE_CURVE('',#3625,#3625,#3627,.T.);
#3625 = VERTEX_POINT('',#3626);
#3626 = CARTESIAN_POINT('',(-45.06888370749,-30.5648331192,99.));
#3627 = SURFACE_CURVE('',#3628,(#3633,#3644),.PCURVE_S1.);
#3628 = CIRCLE('',#3629,3.);
#3629 = AXIS2_PLACEMENT_3D('',#3630,#3631,#3632);
#3630 = CARTESIAN_POINT('',(-42.06888370749,-30.5648331192,99.));
#3631 = DIRECTION('',(0.,0.,-1.));
#3632 = DIRECTION('',(-1.,0.,-0.));
#3633 = PCURVE('',#3462,#3634);
#3634 = DEFINITIONAL_REPRESENTATION('',(#3635),#3643);
#3635 = ( BOUNDED_CURVE() B_SPLINE_CURVE(2,(#3636,#3637,#3638,#3639,
#3640,#3641,#3642),.UNSPECIFIED.,.T.,.F.) B_SPLINE_CURVE_WITH_KNOTS((1,2
    ,2,2,2,1),(-2.094395102393,0.,2.094395102393,4.188790204786,
6.28318530718,8.377580409573),.UNSPECIFIED.) CURVE() 
GEOMETRIC_REPRESENTATION_ITEM() RATIONAL_B_SPLINE_CURVE((1.,0.5,1.,0.5,
1.,0.5,1.)) REPRESENTATION_ITEM('') );
#3636 = CARTESIAN_POINT('',(-45.06888370749,-30.5648331192));
#3637 = CARTESIAN_POINT('',(-45.06888370749,-25.3686806965));
#3638 = CARTESIAN_POINT('',(-40.56888370749,-27.96675690785));
#3639 = CARTESIAN_POINT('',(-36.06888370749,-30.5648331192));
#3640 = CARTESIAN_POINT('',(-40.56888370749,-33.16290933056));
#3641 = CARTESIAN_POINT('',(-45.06888370749,-35.76098554191));
#3642 = CARTESIAN_POINT('',(-45.06888370749,-30.5648331192));
#3643 = ( GEOMETRIC_REPRESENTATION_CONTEXT(2) 
PARAMETRIC_REPRESENTATION_CONTEXT() REPRESENTATION_CONTEXT('2D SPACE',''
  ) );
#3644 = PCURVE('',#3645,#3650);
#3645 = CYLINDRICAL_SURFACE('',#3646,3.);
#3646 = AXIS2_PLACEMENT_3D('',#3647,#3648,#3649);
#3647 = CARTESIAN_POINT('',(-42.06888370749,-30.5648331192,100.));
#3648 = DIRECTION('',(0.,0.,-1.));
#3649 = DIRECTION('',(-1.,0.,-0.));
#3650 = DEFINITIONAL_REPRESENTATION('',(#3651),#3655);
#3651 = LINE('',#3652,#3653);
#3652 = CARTESIAN_POINT('',(0.,1.));
#3653 = VECTOR('',#3654,1.);
#3654 = DIRECTION('',(1.,0.));
#3655 = ( GEOMETRIC_REPRESENTATION_CONTEXT(2) 
PARAMETRIC_REPRESENTATION_CONTEXT() REPRESENTATION_CONTEXT('2D SPACE',''
  ) );
#3656 = FACE_BOUND('',#3657,.T.);
#3657 = EDGE_LOOP('',(#3658));
#3658 = ORIENTED_EDGE('',*,*,#3659,.T.);
#3659 = EDGE_CURVE('',#3660,#3660,#3662,.T.);
#3660 = VERTEX_POINT('',#3661);
#3661 = CARTESIAN_POINT('',(-19.06888370749,-49.45493884734,99.));
#3662 = SURFACE_CURVE('',#3663,(#3668,#3679),.PCURVE_S1.);
#3663 = CIRCLE('',#3664,3.);
#3664 = AXIS2_PLACEMENT_3D('',#3665,#3666,#3667);
#3665 = CARTESIAN_POINT('',(-16.06888370749,-49.45493884734,99.));
#3666 = DIRECTION('',(0.,0.,-1.));
#3667 = DIRECTION('',(-1.,0.,-0.));
#3668 = PCURVE('',#3462,#3669);
#3669 = DEFINITIONAL_REPRESENTATION('',(#3670),#3678);
#3670 = ( BOUNDED_CURVE() B_SPLINE_CURVE(2,(#3671,#3672,#3673,#3674,
#3675,#3676,#3677),.UNSPECIFIED.,.T.,.F.) B_SPLINE_CURVE_WITH_KNOTS((1,2
    ,2,2,2,1),(-2.094395102393,0.,2.094395102393,4.188790204786,
6.28318530718,8.377580409573),.UNSPECIFIED.) CURVE() 
GEOMETRIC_REPRESENTATION_ITEM() RATIONAL_B_SPLINE_CURVE((1.,0.5,1.,0.5,
1.,0.5,1.)) REPRESENTATION_ITEM('') );
#3671 = CARTESIAN_POINT('',(-19.06888370749,-49.45493884734));
#3672 = CARTESIAN_POINT('',(-19.06888370749,-44.25878642464));
#3673 = CARTESIAN_POINT('',(-14.56888370749,-46.85686263599));
#3674 = CARTESIAN_POINT('',(-10.06888370749,-49.45493884734));
#3675 = CARTESIAN_POINT('',(-14.56888370749,-52.0530150587));
#3676 = CARTESIAN_POINT('',(-19.06888370749,-54.65109127005));
#3677 = CARTESIAN_POINT('',(-19.06888370749,-49.45493884734));
#3678 = ( GEOMETRIC_REPRESENTATION_CONTEXT(2) 
PARAMETRIC_REPRESENTATION_CONTEXT() REPRESENTATION_CONTEXT('2D SPACE',''
  ) );
#3679 = PCURVE('',#3680,#3685);
#3680 = CYLINDRICAL_SURFACE('',#3681,3.);
#3681 = AXIS2_PLACEMENT_3D('',#3682,#3683,#3684);
#3682 = CARTESIAN_POINT('',(-16.06888370749,-49.45493884734,100.));
#3683 = DIRECTION('',(0.,0.,-1.));
#3684 = DIRECTION('',(-1.,0.,-0.));
#3685 = DEFINITIONAL_REPRESENTATION('',(#3686),#3690);
#3686 = LINE('',#3687,#3688);
#3687 = CARTESIAN_POINT('',(0.,1.));
#3688 = VECTOR('',#3689,1.);
#3689 = DIRECTION('',(1.,0.));
#3690 = ( GEOMETRIC_REPRESENTATION_CONTEXT(2) 
PARAMETRIC_REPRESENTATION_CONTEXT() REPRESENTATION_CONTEXT('2D SPACE',''
  ) );
#3691 = FACE_BOUND('',#3692,.T.);
#3692 = EDGE_LOOP('',(#3693));
#3693 = ORIENTED_EDGE('',*,*,#3694,.T.);
#3694 = EDGE_CURVE('',#3695,#3695,#3697,.T.);
#3695 = VERTEX_POINT('',#3696);
#3696 = CARTESIAN_POINT('',(13.068883707497,-49.45493884734,99.));
#3697 = SURFACE_CURVE('',#3698,(#3703,#3714),.PCURVE_S1.);
#3698 = CIRCLE('',#3699,3.);
#3699 = AXIS2_PLACEMENT_3D('',#3700,#3701,#3702);
#3700 = CARTESIAN_POINT('',(16.068883707497,-49.45493884734,99.));
#3701 = DIRECTION('',(0.,0.,-1.));
#3702 = DIRECTION('',(-1.,0.,-0.));
#3703 = PCURVE('',#3462,#3704);
#3704 = DEFINITIONAL_REPRESENTATION('',(#3705),#3713);
#3705 = ( BOUNDED_CURVE() B_SPLINE_CURVE(2,(#3706,#3707,#3708,#3709,
#3710,#3711,#3712),.UNSPECIFIED.,.T.,.F.) B_SPLINE_CURVE_WITH_KNOTS((1,2
    ,2,2,2,1),(-2.094395102393,0.,2.094395102393,4.188790204786,
6.28318530718,8.377580409573),.UNSPECIFIED.) CURVE() 
GEOMETRIC_REPRESENTATION_ITEM() RATIONAL_B_SPLINE_CURVE((1.,0.5,1.,0.5,
1.,0.5,1.)) REPRESENTATION_ITEM('') );
#3706 = CARTESIAN_POINT('',(13.068883707497,-49.45493884734));
#3707 = CARTESIAN_POINT('',(13.068883707497,-44.25878642464));
#3708 = CARTESIAN_POINT('',(17.568883707497,-46.85686263599));
#3709 = CARTESIAN_POINT('',(22.068883707497,-49.45493884734));
#3710 = CARTESIAN_POINT('',(17.568883707497,-52.0530150587));
#3711 = CARTESIAN_POINT('',(13.068883707497,-54.65109127005));
#3712 = CARTESIAN_POINT('',(13.068883707497,-49.45493884734));
#3713 = ( GEOMETRIC_REPRESENTATION_CONTEXT(2) 
PARAMETRIC_REPRESENTATION_CONTEXT() REPRESENTATION_CONTEXT('2D SPACE',''
  ) );
#3714 = PCURVE('',#3715,#3720);
#3715 = CYLINDRICAL_SURFACE('',#3716,3.);
#3716 = AXIS2_PLACEMENT_3D('',#3717,#3718,#3719);
#3717 = CARTESIAN_POINT('',(16.068883707497,-49.45493884734,100.));
#3718 = DIRECTION('',(0.,0.,-1.));
#3719 = DIRECTION('',(-1.,0.,-0.));
#3720 = DEFINITIONAL_REPRESENTATION('',(#3721),#3725);
#3721 = LINE('',#3722,#3723);
#3722 = CARTESIAN_POINT('',(0.,1.));
#3723 = VECTOR('',#3724,1.);
#3724 = DIRECTION('',(1.,0.));
#3725 = ( GEOMETRIC_REPRESENTATION_CONTEXT(2) 
PARAMETRIC_REPRESENTATION_CONTEXT() REPRESENTATION_CONTEXT('2D SPACE',''
  ) );
#3726 = FACE_BOUND('',#3727,.T.);
#3727 = EDGE_LOOP('',(#3728));
#3728 = ORIENTED_EDGE('',*,*,#3729,.T.);
#3729 = EDGE_CURVE('',#3730,#3730,#3732,.T.);
#3730 = VERTEX_POINT('',#3731);
#3731 = CARTESIAN_POINT('',(39.068883707497,-30.5648331192,99.));
#3732 = SURFACE_CURVE('',#3733,(#3738,#3749),.PCURVE_S1.);
#3733 = CIRCLE('',#3734,3.);
#3734 = AXIS2_PLACEMENT_3D('',#3735,#3736,#3737);
#3735 = CARTESIAN_POINT('',(42.068883707497,-30.5648331192,99.));
#3736 = DIRECTION('',(0.,0.,-1.));
#3737 = DIRECTION('',(-1.,0.,-0.));
#3738 = PCURVE('',#3462,#3739);
#3739 = DEFINITIONAL_REPRESENTATION('',(#3740),#3748);
#3740 = ( BOUNDED_CURVE() B_SPLINE_CURVE(2,(#3741,#3742,#3743,#3744,
#3745,#3746,#3747),.UNSPECIFIED.,.T.,.F.) B_SPLINE_CURVE_WITH_KNOTS((1,2
    ,2,2,2,1),(-2.094395102393,0.,2.094395102393,4.188790204786,
6.28318530718,8.377580409573),.UNSPECIFIED.) CURVE() 
GEOMETRIC_REPRESENTATION_ITEM() RATIONAL_B_SPLINE_CURVE((1.,0.5,1.,0.5,
1.,0.5,1.)) REPRESENTATION_ITEM('') );
#3741 = CARTESIAN_POINT('',(39.068883707497,-30.5648331192));
#3742 = CARTESIAN_POINT('',(39.068883707497,-25.3686806965));
#3743 = CARTESIAN_POINT('',(43.568883707497,-27.96675690785));
#3744 = CARTESIAN_POINT('',(48.068883707497,-30.5648331192));
#3745 = CARTESIAN_POINT('',(43.568883707497,-33.16290933056));
#3746 = CARTESIAN_POINT('',(39.068883707497,-35.76098554191));
#3747 = CARTESIAN_POINT('',(39.068883707497,-30.5648331192));
#3748 = ( GEOMETRIC_REPRESENTATION_CONTEXT(2) 
PARAMETRIC_REPRESENTATION_CONTEXT() REPRESENTATION_CONTEXT('2D SPACE',''
  ) );
#3749 = PCURVE('',#3750,#3755);
#3750 = CYLINDRICAL_SURFACE('',#3751,3.);
#3751 = AXIS2_PLACEMENT_3D('',#3752,#3753,#3754);
#3752 = CARTESIAN_POINT('',(42.068883707497,-30.5648331192,100.));
#3753 = DIRECTION('',(0.,0.,-1.));
#3754 = DIRECTION('',(-1.,0.,-0.));
#3755 = DEFINITIONAL_REPRESENTATION('',(#3756),#3760);
#3756 = LINE('',#3757,#3758);
#3757 = CARTESIAN_POINT('',(0.,1.));
#3758 = VECTOR('',#3759,1.);
#3759 = DIRECTION('',(1.,0.));
#3760 = ( GEOMETRIC_REPRESENTATION_CONTEXT(2) 
PARAMETRIC_REPRESENTATION_CONTEXT() REPRESENTATION_CONTEXT('2D SPACE',''
  ) );
#3761 = FACE_BOUND('',#3762,.T.);
#3762 = EDGE_LOOP('',(#3763));
#3763 = ORIENTED_EDGE('',*,*,#3764,.T.);
#3764 = EDGE_CURVE('',#3765,#3765,#3767,.T.);
#3765 = VERTEX_POINT('',#3766);
#3766 = CARTESIAN_POINT('',(-55.,5.633375276078E-15,99.));
#3767 = SURFACE_CURVE('',#3768,(#3773,#3784),.PCURVE_S1.);
#3768 = CIRCLE('',#3769,3.);
#3769 = AXIS2_PLACEMENT_3D('',#3770,#3771,#3772);
#3770 = CARTESIAN_POINT('',(-52.,6.368163355566E-15,99.));
#3771 = DIRECTION('',(0.,0.,-1.));
#3772 = DIRECTION('',(-1.,0.,-0.));
#3773 = PCURVE('',#3462,#3774);
#3774 = DEFINITIONAL_REPRESENTATION('',(#3775),#3783);
#3775 = ( BOUNDED_CURVE() B_SPLINE_CURVE(2,(#3776,#3777,#3778,#3779,
#3780,#3781,#3782),.UNSPECIFIED.,.T.,.F.) B_SPLINE_CURVE_WITH_KNOTS((1,2
    ,2,2,2,1),(-2.094395102393,0.,2.094395102393,4.188790204786,
6.28318530718,8.377580409573),.UNSPECIFIED.) CURVE() 
GEOMETRIC_REPRESENTATION_ITEM() RATIONAL_B_SPLINE_CURVE((1.,0.5,1.,0.5,
1.,0.5,1.)) REPRESENTATION_ITEM('') );
#3776 = CARTESIAN_POINT('',(-55.,6.368163355566E-15));
#3777 = CARTESIAN_POINT('',(-55.,5.196152422707));
#3778 = CARTESIAN_POINT('',(-50.5,2.598076211353));
#3779 = CARTESIAN_POINT('',(-46.,7.102951435055E-15));
#3780 = CARTESIAN_POINT('',(-50.5,-2.598076211353));
#3781 = CARTESIAN_POINT('',(-55.,-5.196152422707));
#3782 = CARTESIAN_POINT('',(-55.,6.368163355566E-15));
#3783 = ( GEOMETRIC_REPRESENTATION_CONTEXT(2) 
PARAMETRIC_REPRESENTATION_CONTEXT() REPRESENTATION_CONTEXT('2D SPACE',''
  ) );
#3784 = PCURVE('',#3785,#3790);
#3785 = CYLINDRICAL_SURFACE('',#3786,3.);
#3786 = AXIS2_PLACEMENT_3D('',#3787,#3788,#3789);
#3787 = CARTESIAN_POINT('',(-52.,6.368163355566E-15,100.));
#3788 = DIRECTION('',(0.,0.,-1.));
#3789 = DIRECTION('',(-1.,0.,-0.));
#3790 = DEFINITIONAL_REPRESENTATION('',(#3791),#3795);
#3791 = LINE('',#3792,#3793);
#3792 = CARTESIAN_POINT('',(0.,1.));
#3793 = VECTOR('',#3794,1.);
#3794 = DIRECTION('',(1.,0.));
#3795 = ( GEOMETRIC_REPRESENTATION_CONTEXT(2) 
PARAMETRIC_REPRESENTATION_CONTEXT() REPRESENTATION_CONTEXT('2D SPACE',''
  ) );
#3796 = FACE_BOUND('',#3797,.T.);
#3797 = EDGE_LOOP('',(#3798));
#3798 = ORIENTED_EDGE('',*,*,#3799,.T.);
#3799 = EDGE_CURVE('',#3800,#3800,#3802,.T.);
#3800 = VERTEX_POINT('',#3801);
#3801 = CARTESIAN_POINT('',(-45.06888370749,30.564833119209,99.));
#3802 = SURFACE_CURVE('',#3803,(#3808,#3819),.PCURVE_S1.);
#3803 = CIRCLE('',#3804,3.);
#3804 = AXIS2_PLACEMENT_3D('',#3805,#3806,#3807);
#3805 = CARTESIAN_POINT('',(-42.06888370749,30.564833119209,99.));
#3806 = DIRECTION('',(0.,0.,-1.));
#3807 = DIRECTION('',(-1.,0.,-0.));
#3808 = PCURVE('',#3462,#3809);
#3809 = DEFINITIONAL_REPRESENTATION('',(#3810),#3818);
#3810 = ( BOUNDED_CURVE() B_SPLINE_CURVE(2,(#3811,#3812,#3813,#3814,
#3815,#3816,#3817),.UNSPECIFIED.,.T.,.F.) B_SPLINE_CURVE_WITH_KNOTS((1,2
    ,2,2,2,1),(-2.094395102393,0.,2.094395102393,4.188790204786,
6.28318530718,8.377580409573),.UNSPECIFIED.) CURVE() 
GEOMETRIC_REPRESENTATION_ITEM() RATIONAL_B_SPLINE_CURVE((1.,0.5,1.,0.5,
1.,0.5,1.)) REPRESENTATION_ITEM('') );
#3811 = CARTESIAN_POINT('',(-45.06888370749,30.564833119209));
#3812 = CARTESIAN_POINT('',(-45.06888370749,35.760985541915));
#3813 = CARTESIAN_POINT('',(-40.56888370749,33.162909330562));
#3814 = CARTESIAN_POINT('',(-36.06888370749,30.564833119209));
#3815 = CARTESIAN_POINT('',(-40.56888370749,27.966756907855));
#3816 = CARTESIAN_POINT('',(-45.06888370749,25.368680696502));
#3817 = CARTESIAN_POINT('',(-45.06888370749,30.564833119209));
#3818 = ( GEOMETRIC_REPRESENTATION_CONTEXT(2) 
PARAMETRIC_REPRESENTATION_CONTEXT() REPRESENTATION_CONTEXT('2D SPACE',''
  ) );
#3819 = PCURVE('',#3820,#3825);
#3820 = CYLINDRICAL_SURFACE('',#3821,3.);
#3821 = AXIS2_PLACEMENT_3D('',#3822,#3823,#3824);
#3822 = CARTESIAN_POINT('',(-42.06888370749,30.564833119209,100.));
#3823 = DIRECTION('',(0.,0.,-1.));
#3824 = DIRECTION('',(-1.,0.,-0.));
#3825 = DEFINITIONAL_REPRESENTATION('',(#3826),#3830);
#3826 = LINE('',#3827,#3828);
#3827 = CARTESIAN_POINT('',(0.,1.));
#3828 = VECTOR('',#3829,1.);
#3829 = DIRECTION('',(1.,0.));
#3830 = ( GEOMETRIC_REPRESENTATION_CONTEXT(2) 
PARAMETRIC_REPRESENTATION_CONTEXT() REPRESENTATION_CONTEXT('2D SPACE',''
  ) );
#3831 = FACE_BOUND('',#3832,.T.);
#3832 = EDGE_LOOP('',(#3833));
#3833 = ORIENTED_EDGE('',*,*,#3834,.T.);
#3834 = EDGE_CURVE('',#3835,#3835,#3837,.T.);
#3835 = VERTEX_POINT('',#3836);
#3836 = CARTESIAN_POINT('',(-19.06888370749,49.454938847348,99.));
#3837 = SURFACE_CURVE('',#3838,(#3843,#3854),.PCURVE_S1.);
#3838 = CIRCLE('',#3839,3.);
#3839 = AXIS2_PLACEMENT_3D('',#3840,#3841,#3842);
#3840 = CARTESIAN_POINT('',(-16.06888370749,49.454938847348,99.));
#3841 = DIRECTION('',(0.,0.,-1.));
#3842 = DIRECTION('',(-1.,0.,-0.));
#3843 = PCURVE('',#3462,#3844);
#3844 = DEFINITIONAL_REPRESENTATION('',(#3845),#3853);
#3845 = ( BOUNDED_CURVE() B_SPLINE_CURVE(2,(#3846,#3847,#3848,#3849,
#3850,#3851,#3852),.UNSPECIFIED.,.T.,.F.) B_SPLINE_CURVE_WITH_KNOTS((1,2
    ,2,2,2,1),(-2.094395102393,0.,2.094395102393,4.188790204786,
6.28318530718,8.377580409573),.UNSPECIFIED.) CURVE() 
GEOMETRIC_REPRESENTATION_ITEM() RATIONAL_B_SPLINE_CURVE((1.,0.5,1.,0.5,
1.,0.5,1.)) REPRESENTATION_ITEM('') );
#3846 = CARTESIAN_POINT('',(-19.06888370749,49.454938847348));
#3847 = CARTESIAN_POINT('',(-19.06888370749,54.651091270055));
#3848 = CARTESIAN_POINT('',(-14.56888370749,52.053015058701));
#3849 = CARTESIAN_POINT('',(-10.06888370749,49.454938847348));
#3850 = CARTESIAN_POINT('',(-14.56888370749,46.856862635995));
#3851 = CARTESIAN_POINT('',(-19.06888370749,44.258786424641));
#3852 = CARTESIAN_POINT('',(-19.06888370749,49.454938847348));
#3853 = ( GEOMETRIC_REPRESENTATION_CONTEXT(2) 
PARAMETRIC_REPRESENTATION_CONTEXT() REPRESENTATION_CONTEXT('2D SPACE',''
  ) );
#3854 = PCURVE('',#3855,#3860);
#3855 = CYLINDRICAL_SURFACE('',#3856,3.);
#3856 = AXIS2_PLACEMENT_3D('',#3857,#3858,#3859);
#3857 = CARTESIAN_POINT('',(-16.06888370749,49.454938847348,100.));
#3858 = DIRECTION('',(0.,0.,-1.));
#3859 = DIRECTION('',(-1.,0.,-0.));
#3860 = DEFINITIONAL_REPRESENTATION('',(#3861),#3865);
#3861 = LINE('',#3862,#3863);
#3862 = CARTESIAN_POINT('',(0.,1.));
#3863 = VECTOR('',#3864,1.);
#3864 = DIRECTION('',(1.,0.));
#3865 = ( GEOMETRIC_REPRESENTATION_CONTEXT(2) 
PARAMETRIC_REPRESENTATION_CONTEXT() REPRESENTATION_CONTEXT('2D SPACE',''
  ) );
#3866 = FACE_BOUND('',#3867,.T.);
#3867 = EDGE_LOOP('',(#3868));
#3868 = ORIENTED_EDGE('',*,*,#3869,.F.);
#3869 = EDGE_CURVE('',#3870,#3870,#3872,.T.);
#3870 = VERTEX_POINT('',#3871);
#3871 = CARTESIAN_POINT('',(38.45,0.,99.));
#3872 = SURFACE_CURVE('',#3873,(#3878,#3885),.PCURVE_S1.);
#3873 = CIRCLE('',#3874,38.45);
#3874 = AXIS2_PLACEMENT_3D('',#3875,#3876,#3877);
#3875 = CARTESIAN_POINT('',(0.,0.,99.));
#3876 = DIRECTION('',(0.,0.,1.));
#3877 = DIRECTION('',(1.,0.,-0.));
#3878 = PCURVE('',#3462,#3879);
#3879 = DEFINITIONAL_REPRESENTATION('',(#3880),#3884);
#3880 = CIRCLE('',#3881,38.45);
#3881 = AXIS2_PLACEMENT_2D('',#3882,#3883);
#3882 = CARTESIAN_POINT('',(0.,0.));
#3883 = DIRECTION('',(1.,0.));
#3884 = ( GEOMETRIC_REPRESENTATION_CONTEXT(2) 
PARAMETRIC_REPRESENTATION_CONTEXT() REPRESENTATION_CONTEXT('2D SPACE',''
  ) );
#3885 = PCURVE('',#3886,#3891);
#3886 = CYLINDRICAL_SURFACE('',#3887,38.45);
#3887 = AXIS2_PLACEMENT_3D('',#3888,#3889,#3890);
#3888 = CARTESIAN_POINT('',(0.,0.,99.));
#3889 = DIRECTION('',(0.,0.,1.));
#3890 = DIRECTION('',(1.,0.,-0.));
#3891 = DEFINITIONAL_REPRESENTATION('',(#3892),#3896);
#3892 = LINE('',#3893,#3894);
#3893 = CARTESIAN_POINT('',(0.,0.));
#3894 = VECTOR('',#3895,1.);
#3895 = DIRECTION('',(1.,0.));
#3896 = ( GEOMETRIC_REPRESENTATION_CONTEXT(2) 
PARAMETRIC_REPRESENTATION_CONTEXT() REPRESENTATION_CONTEXT('2D SPACE',''
  ) );
#3897 = FACE_BOUND('',#3898,.T.);
#3898 = EDGE_LOOP('',(#3899));
#3899 = ORIENTED_EDGE('',*,*,#3900,.T.);
#3900 = EDGE_CURVE('',#3901,#3901,#3903,.T.);
#3901 = VERTEX_POINT('',#3902);
#3902 = CARTESIAN_POINT('',(49.,-7.347880794884E-16,99.));
#3903 = SURFACE_CURVE('',#3904,(#3909,#3920),.PCURVE_S1.);
#3904 = CIRCLE('',#3905,3.);
#3905 = AXIS2_PLACEMENT_3D('',#3906,#3907,#3908);
#3906 = CARTESIAN_POINT('',(52.,0.,99.));
#3907 = DIRECTION('',(0.,0.,-1.));
#3908 = DIRECTION('',(-1.,0.,-0.));
#3909 = PCURVE('',#3462,#3910);
#3910 = DEFINITIONAL_REPRESENTATION('',(#3911),#3919);
#3911 = ( BOUNDED_CURVE() B_SPLINE_CURVE(2,(#3912,#3913,#3914,#3915,
#3916,#3917,#3918),.UNSPECIFIED.,.T.,.F.) B_SPLINE_CURVE_WITH_KNOTS((1,2
    ,2,2,2,1),(-2.094395102393,0.,2.094395102393,4.188790204786,
6.28318530718,8.377580409573),.UNSPECIFIED.) CURVE() 
GEOMETRIC_REPRESENTATION_ITEM() RATIONAL_B_SPLINE_CURVE((1.,0.5,1.,0.5,
1.,0.5,1.)) REPRESENTATION_ITEM('') );
#3912 = CARTESIAN_POINT('',(49.,0.));
#3913 = CARTESIAN_POINT('',(49.,5.196152422707));
#3914 = CARTESIAN_POINT('',(53.5,2.598076211353));
#3915 = CARTESIAN_POINT('',(58.,7.347880794884E-16));
#3916 = CARTESIAN_POINT('',(53.5,-2.598076211353));
#3917 = CARTESIAN_POINT('',(49.,-5.196152422707));
#3918 = CARTESIAN_POINT('',(49.,0.));
#3919 = ( GEOMETRIC_REPRESENTATION_CONTEXT(2) 
PARAMETRIC_REPRESENTATION_CONTEXT() REPRESENTATION_CONTEXT('2D SPACE',''
  ) );
#3920 = PCURVE('',#3921,#3926);
#3921 = CYLINDRICAL_SURFACE('',#3922,3.);
#3922 = AXIS2_PLACEMENT_3D('',#3923,#3924,#3925);
#3923 = CARTESIAN_POINT('',(52.,0.,100.));
#3924 = DIRECTION('',(0.,0.,-1.));
#3925 = DIRECTION('',(-1.,0.,-0.));
#3926 = DEFINITIONAL_REPRESENTATION('',(#3927),#3931);
#3927 = LINE('',#3928,#3929);
#3928 = CARTESIAN_POINT('',(0.,1.));
#3929 = VECTOR('',#3930,1.);
#3930 = DIRECTION('',(1.,0.));
#3931 = ( GEOMETRIC_REPRESENTATION_CONTEXT(2) 
PARAMETRIC_REPRESENTATION_CONTEXT() REPRESENTATION_CONTEXT('2D SPACE',''
  ) );
#3932 = FACE_BOUND('',#3933,.T.);
#3933 = EDGE_LOOP('',(#3934));
#3934 = ORIENTED_EDGE('',*,*,#3447,.T.);
#3935 = FACE_BOUND('',#3936,.T.);
#3936 = EDGE_LOOP('',(#3937));
#3937 = ORIENTED_EDGE('',*,*,#3938,.T.);
#3938 = EDGE_CURVE('',#3939,#3939,#3941,.T.);
#3939 = VERTEX_POINT('',#3940);
#3940 = CARTESIAN_POINT('',(13.068883707497,49.454938847348,99.));
#3941 = SURFACE_CURVE('',#3942,(#3947,#3958),.PCURVE_S1.);
#3942 = CIRCLE('',#3943,3.);
#3943 = AXIS2_PLACEMENT_3D('',#3944,#3945,#3946);
#3944 = CARTESIAN_POINT('',(16.068883707497,49.454938847348,99.));
#3945 = DIRECTION('',(0.,0.,-1.));
#3946 = DIRECTION('',(-1.,0.,-0.));
#3947 = PCURVE('',#3462,#3948);
#3948 = DEFINITIONAL_REPRESENTATION('',(#3949),#3957);
#3949 = ( BOUNDED_CURVE() B_SPLINE_CURVE(2,(#3950,#3951,#3952,#3953,
#3954,#3955,#3956),.UNSPECIFIED.,.T.,.F.) B_SPLINE_CURVE_WITH_KNOTS((1,2
    ,2,2,2,1),(-2.094395102393,0.,2.094395102393,4.188790204786,
6.28318530718,8.377580409573),.UNSPECIFIED.) CURVE() 
GEOMETRIC_REPRESENTATION_ITEM() RATIONAL_B_SPLINE_CURVE((1.,0.5,1.,0.5,
1.,0.5,1.)) REPRESENTATION_ITEM('') );
#3950 = CARTESIAN_POINT('',(13.068883707497,49.454938847348));
#3951 = CARTESIAN_POINT('',(13.068883707497,54.651091270055));
#3952 = CARTESIAN_POINT('',(17.568883707497,52.053015058701));
#3953 = CARTESIAN_POINT('',(22.068883707497,49.454938847348));
#3954 = CARTESIAN_POINT('',(17.568883707497,46.856862635995));
#3955 = CARTESIAN_POINT('',(13.068883707497,44.258786424641));
#3956 = CARTESIAN_POINT('',(13.068883707497,49.454938847348));
#3957 = ( GEOMETRIC_REPRESENTATION_CONTEXT(2) 
PARAMETRIC_REPRESENTATION_CONTEXT() REPRESENTATION_CONTEXT('2D SPACE',''
  ) );
#3958 = PCURVE('',#3959,#3964);
#3959 = CYLINDRICAL_SURFACE('',#3960,3.);
#3960 = AXIS2_PLACEMENT_3D('',#3961,#3962,#3963);
#3961 = CARTESIAN_POINT('',(16.068883707497,49.454938847348,100.));
#3962 = DIRECTION('',(0.,0.,-1.));
#3963 = DIRECTION('',(-1.,0.,-0.));
#3964 = DEFINITIONAL_REPRESENTATION('',(#3965),#3969);
#3965 = LINE('',#3966,#3967);
#3966 = CARTESIAN_POINT('',(0.,1.));
#3967 = VECTOR('',#3968,1.);
#3968 = DIRECTION('',(1.,0.));
#3969 = ( GEOMETRIC_REPRESENTATION_CONTEXT(2) 
PARAMETRIC_REPRESENTATION_CONTEXT() REPRESENTATION_CONTEXT('2D SPACE',''
  ) );
#3970 = FACE_BOUND('',#3971,.T.);
#3971 = EDGE_LOOP('',(#3972));
#3972 = ORIENTED_EDGE('',*,*,#3973,.T.);
#3973 = EDGE_CURVE('',#3974,#3974,#3976,.T.);
#3974 = VERTEX_POINT('',#3975);
#3975 = CARTESIAN_POINT('',(39.068883707497,30.564833119209,99.));
#3976 = SURFACE_CURVE('',#3977,(#3982,#3993),.PCURVE_S1.);
#3977 = CIRCLE('',#3978,3.);
#3978 = AXIS2_PLACEMENT_3D('',#3979,#3980,#3981);
#3979 = CARTESIAN_POINT('',(42.068883707497,30.564833119209,99.));
#3980 = DIRECTION('',(0.,0.,-1.));
#3981 = DIRECTION('',(-1.,0.,-0.));
#3982 = PCURVE('',#3462,#3983);
#3983 = DEFINITIONAL_REPRESENTATION('',(#3984),#3992);
#3984 = ( BOUNDED_CURVE() B_SPLINE_CURVE(2,(#3985,#3986,#3987,#3988,
#3989,#3990,#3991),.UNSPECIFIED.,.T.,.F.) B_SPLINE_CURVE_WITH_KNOTS((1,2
    ,2,2,2,1),(-2.094395102393,0.,2.094395102393,4.188790204786,
6.28318530718,8.377580409573),.UNSPECIFIED.) CURVE() 
GEOMETRIC_REPRESENTATION_ITEM() RATIONAL_B_SPLINE_CURVE((1.,0.5,1.,0.5,
1.,0.5,1.)) REPRESENTATION_ITEM('') );
#3985 = CARTESIAN_POINT('',(39.068883707497,30.564833119209));
#3986 = CARTESIAN_POINT('',(39.068883707497,35.760985541915));
#3987 = CARTESIAN_POINT('',(43.568883707497,33.162909330562));
#3988 = CARTESIAN_POINT('',(48.068883707497,30.564833119209));
#3989 = CARTESIAN_POINT('',(43.568883707497,27.966756907855));
#3990 = CARTESIAN_POINT('',(39.068883707497,25.368680696502));
#3991 = CARTESIAN_POINT('',(39.068883707497,30.564833119209));
#3992 = ( GEOMETRIC_REPRESENTATION_CONTEXT(2) 
PARAMETRIC_REPRESENTATION_CONTEXT() REPRESENTATION_CONTEXT('2D SPACE',''
  ) );
#3993 = PCURVE('',#3994,#3999);
#3994 = CYLINDRICAL_SURFACE('',#3995,3.);
#3995 = AXIS2_PLACEMENT_3D('',#3996,#3997,#3998);
#3996 = CARTESIAN_POINT('',(42.068883707497,30.564833119209,100.));
#3997 = DIRECTION('',(0.,0.,-1.));
#3998 = DIRECTION('',(-1.,0.,-0.));
#3999 = DEFINITIONAL_REPRESENTATION('',(#4000),#4004);
#4000 = LINE('',#4001,#4002);
#4001 = CARTESIAN_POINT('',(0.,1.));
#4002 = VECTOR('',#4003,1.);
#4003 = DIRECTION('',(1.,0.));
#4004 = ( GEOMETRIC_REPRESENTATION_CONTEXT(2) 
PARAMETRIC_REPRESENTATION_CONTEXT() REPRESENTATION_CONTEXT('2D SPACE',''
  ) );
#4005 = ADVANCED_FACE('',(#4006),#3521,.F.);
#4006 = FACE_BOUND('',#4007,.F.);
#4007 = EDGE_LOOP('',(#4008,#4031,#4032));
#4008 = ORIENTED_EDGE('',*,*,#4009,.F.);
#4009 = EDGE_CURVE('',#3484,#4010,#4012,.T.);
#4010 = VERTEX_POINT('',#4011);
#4011 = CARTESIAN_POINT('',(44.900545280049,18.598414812943,
    24.597848452431));
#4012 = SEAM_CURVE('',#4013,(#4017,#4024),.PCURVE_S1.);
#4013 = LINE('',#4014,#4015);
#4014 = CARTESIAN_POINT('',(42.400545280049,18.598414812943,26.1));
#4015 = VECTOR('',#4016,1.);
#4016 = DIRECTION('',(0.857167300702,2.099454382277E-16,-0.51503807491)
  );
#4017 = PCURVE('',#3521,#4018);
#4018 = DEFINITIONAL_REPRESENTATION('',(#4019),#4023);
#4019 = LINE('',#4020,#4021);
#4020 = CARTESIAN_POINT('',(-6.28318530718,0.));
#4021 = VECTOR('',#4022,1.);
#4022 = DIRECTION('',(-0.,-1.));
#4023 = ( GEOMETRIC_REPRESENTATION_CONTEXT(2) 
PARAMETRIC_REPRESENTATION_CONTEXT() REPRESENTATION_CONTEXT('2D SPACE',''
  ) );
#4024 = PCURVE('',#3521,#4025);
#4025 = DEFINITIONAL_REPRESENTATION('',(#4026),#4030);
#4026 = LINE('',#4027,#4028);
#4027 = CARTESIAN_POINT('',(0.,-0.));
#4028 = VECTOR('',#4029,1.);
#4029 = DIRECTION('',(-0.,-1.));
#4030 = ( GEOMETRIC_REPRESENTATION_CONTEXT(2) 
PARAMETRIC_REPRESENTATION_CONTEXT() REPRESENTATION_CONTEXT('2D SPACE',''
  ) );
#4031 = ORIENTED_EDGE('',*,*,#3506,.T.);
#4032 = ORIENTED_EDGE('',*,*,#4009,.T.);
#4033 = ADVANCED_FACE('',(#4034,#4065),#3555,.F.);
#4034 = FACE_BOUND('',#4035,.F.);
#4035 = EDGE_LOOP('',(#4036));
#4036 = ORIENTED_EDGE('',*,*,#4037,.T.);
#4037 = EDGE_CURVE('',#4038,#4038,#4040,.T.);
#4038 = VERTEX_POINT('',#4039);
#4039 = CARTESIAN_POINT('',(59.95,0.,47.05));
#4040 = SURFACE_CURVE('',#4041,(#4046,#4053),.PCURVE_S1.);
#4041 = CIRCLE('',#4042,59.95);
#4042 = AXIS2_PLACEMENT_3D('',#4043,#4044,#4045);
#4043 = CARTESIAN_POINT('',(0.,0.,47.05));
#4044 = DIRECTION('',(0.,0.,1.));
#4045 = DIRECTION('',(1.,0.,-0.));
#4046 = PCURVE('',#3555,#4047);
#4047 = DEFINITIONAL_REPRESENTATION('',(#4048),#4052);
#4048 = CIRCLE('',#4049,59.95);
#4049 = AXIS2_PLACEMENT_2D('',#4050,#4051);
#4050 = CARTESIAN_POINT('',(0.,0.));
#4051 = DIRECTION('',(1.,0.));
#4052 = ( GEOMETRIC_REPRESENTATION_CONTEXT(2) 
PARAMETRIC_REPRESENTATION_CONTEXT() REPRESENTATION_CONTEXT('2D SPACE',''
  ) );
#4053 = PCURVE('',#4054,#4059);
#4054 = CYLINDRICAL_SURFACE('',#4055,59.95);
#4055 = AXIS2_PLACEMENT_3D('',#4056,#4057,#4058);
#4056 = CARTESIAN_POINT('',(0.,0.,13.));
#4057 = DIRECTION('',(0.,0.,1.));
#4058 = DIRECTION('',(1.,0.,-0.));
#4059 = DEFINITIONAL_REPRESENTATION('',(#4060),#4064);
#4060 = LINE('',#4061,#4062);
#4061 = CARTESIAN_POINT('',(0.,34.05));
#4062 = VECTOR('',#4063,1.);
#4063 = DIRECTION('',(1.,0.));
#4064 = ( GEOMETRIC_REPRESENTATION_CONTEXT(2) 
PARAMETRIC_REPRESENTATION_CONTEXT() REPRESENTATION_CONTEXT('2D SPACE',''
  ) );
#4065 = FACE_BOUND('',#4066,.F.);
#4066 = EDGE_LOOP('',(#4067));
#4067 = ORIENTED_EDGE('',*,*,#3538,.F.);
#4068 = ADVANCED_FACE('',(#4069),#3610,.T.);
#4069 = FACE_BOUND('',#4070,.T.);
#4070 = EDGE_LOOP('',(#4071,#4100,#4121,#4122));
#4071 = ORIENTED_EDGE('',*,*,#4072,.T.);
#4072 = EDGE_CURVE('',#4073,#4073,#4075,.T.);
#4073 = VERTEX_POINT('',#4074);
#4074 = CARTESIAN_POINT('',(58.25,0.,83.));
#4075 = SURFACE_CURVE('',#4076,(#4081,#4088),.PCURVE_S1.);
#4076 = CIRCLE('',#4077,58.25);
#4077 = AXIS2_PLACEMENT_3D('',#4078,#4079,#4080);
#4078 = CARTESIAN_POINT('',(0.,0.,83.));
#4079 = DIRECTION('',(0.,0.,1.));
#4080 = DIRECTION('',(1.,0.,-0.));
#4081 = PCURVE('',#3610,#4082);
#4082 = DEFINITIONAL_REPRESENTATION('',(#4083),#4087);
#4083 = LINE('',#4084,#4085);
#4084 = CARTESIAN_POINT('',(0.,0.));
#4085 = VECTOR('',#4086,1.);
#4086 = DIRECTION('',(1.,0.));
#4087 = ( GEOMETRIC_REPRESENTATION_CONTEXT(2) 
PARAMETRIC_REPRESENTATION_CONTEXT() REPRESENTATION_CONTEXT('2D SPACE',''
  ) );
#4088 = PCURVE('',#4089,#4094);
#4089 = PLANE('',#4090);
#4090 = AXIS2_PLACEMENT_3D('',#4091,#4092,#4093);
#4091 = CARTESIAN_POINT('',(0.,0.,83.));
#4092 = DIRECTION('',(0.,0.,1.));
#4093 = DIRECTION('',(1.,0.,-0.));
#4094 = DEFINITIONAL_REPRESENTATION('',(#4095),#4099);
#4095 = CIRCLE('',#4096,58.25);
#4096 = AXIS2_PLACEMENT_2D('',#4097,#4098);
#4097 = CARTESIAN_POINT('',(0.,0.));
#4098 = DIRECTION('',(1.,0.));
#4099 = ( GEOMETRIC_REPRESENTATION_CONTEXT(2) 
PARAMETRIC_REPRESENTATION_CONTEXT() REPRESENTATION_CONTEXT('2D SPACE',''
  ) );
#4100 = ORIENTED_EDGE('',*,*,#4101,.T.);
#4101 = EDGE_CURVE('',#4073,#3594,#4102,.T.);
#4102 = SEAM_CURVE('',#4103,(#4107,#4114),.PCURVE_S1.);
#4103 = LINE('',#4104,#4105);
#4104 = CARTESIAN_POINT('',(58.25,0.,83.));
#4105 = VECTOR('',#4106,1.);
#4106 = DIRECTION('',(0.,0.,1.));
#4107 = PCURVE('',#3610,#4108);
#4108 = DEFINITIONAL_REPRESENTATION('',(#4109),#4113);
#4109 = LINE('',#4110,#4111);
#4110 = CARTESIAN_POINT('',(0.,0.));
#4111 = VECTOR('',#4112,1.);
#4112 = DIRECTION('',(0.,1.));
#4113 = ( GEOMETRIC_REPRESENTATION_CONTEXT(2) 
PARAMETRIC_REPRESENTATION_CONTEXT() REPRESENTATION_CONTEXT('2D SPACE',''
  ) );
#4114 = PCURVE('',#3610,#4115);
#4115 = DEFINITIONAL_REPRESENTATION('',(#4116),#4120);
#4116 = LINE('',#4117,#4118);
#4117 = CARTESIAN_POINT('',(6.28318530718,0.));
#4118 = VECTOR('',#4119,1.);
#4119 = DIRECTION('',(0.,1.));
#4120 = ( GEOMETRIC_REPRESENTATION_CONTEXT(2) 
PARAMETRIC_REPRESENTATION_CONTEXT() REPRESENTATION_CONTEXT('2D SPACE',''
  ) );
#4121 = ORIENTED_EDGE('',*,*,#3593,.F.);
#4122 = ORIENTED_EDGE('',*,*,#4101,.F.);
#4123 = ADVANCED_FACE('',(#4124),#3645,.F.);
#4124 = FACE_BOUND('',#4125,.F.);
#4125 = EDGE_LOOP('',(#4126,#4149,#4175,#4176));
#4126 = ORIENTED_EDGE('',*,*,#4127,.T.);
#4127 = EDGE_CURVE('',#3625,#4128,#4130,.T.);
#4128 = VERTEX_POINT('',#4129);
#4129 = CARTESIAN_POINT('',(-45.06888370749,-30.5648331192,84.));
#4130 = SEAM_CURVE('',#4131,(#4135,#4142),.PCURVE_S1.);
#4131 = LINE('',#4132,#4133);
#4132 = CARTESIAN_POINT('',(-45.06888370749,-30.5648331192,100.));
#4133 = VECTOR('',#4134,1.);
#4134 = DIRECTION('',(0.,0.,-1.));
#4135 = PCURVE('',#3645,#4136);
#4136 = DEFINITIONAL_REPRESENTATION('',(#4137),#4141);
#4137 = LINE('',#4138,#4139);
#4138 = CARTESIAN_POINT('',(6.28318530718,-0.));
#4139 = VECTOR('',#4140,1.);
#4140 = DIRECTION('',(0.,1.));
#4141 = ( GEOMETRIC_REPRESENTATION_CONTEXT(2) 
PARAMETRIC_REPRESENTATION_CONTEXT() REPRESENTATION_CONTEXT('2D SPACE',''
  ) );
#4142 = PCURVE('',#3645,#4143);
#4143 = DEFINITIONAL_REPRESENTATION('',(#4144),#4148);
#4144 = LINE('',#4145,#4146);
#4145 = CARTESIAN_POINT('',(0.,-0.));
#4146 = VECTOR('',#4147,1.);
#4147 = DIRECTION('',(0.,1.));
#4148 = ( GEOMETRIC_REPRESENTATION_CONTEXT(2) 
PARAMETRIC_REPRESENTATION_CONTEXT() REPRESENTATION_CONTEXT('2D SPACE',''
  ) );
#4149 = ORIENTED_EDGE('',*,*,#4150,.F.);
#4150 = EDGE_CURVE('',#4128,#4128,#4151,.T.);
#4151 = SURFACE_CURVE('',#4152,(#4157,#4164),.PCURVE_S1.);
#4152 = CIRCLE('',#4153,3.);
#4153 = AXIS2_PLACEMENT_3D('',#4154,#4155,#4156);
#4154 = CARTESIAN_POINT('',(-42.06888370749,-30.5648331192,84.));
#4155 = DIRECTION('',(0.,0.,-1.));
#4156 = DIRECTION('',(-1.,0.,-0.));
#4157 = PCURVE('',#3645,#4158);
#4158 = DEFINITIONAL_REPRESENTATION('',(#4159),#4163);
#4159 = LINE('',#4160,#4161);
#4160 = CARTESIAN_POINT('',(0.,16.));
#4161 = VECTOR('',#4162,1.);
#4162 = DIRECTION('',(1.,0.));
#4163 = ( GEOMETRIC_REPRESENTATION_CONTEXT(2) 
PARAMETRIC_REPRESENTATION_CONTEXT() REPRESENTATION_CONTEXT('2D SPACE',''
  ) );
#4164 = PCURVE('',#4165,#4170);
#4165 = CONICAL_SURFACE('',#4166,3.,1.029744258677);
#4166 = AXIS2_PLACEMENT_3D('',#4167,#4168,#4169);
#4167 = CARTESIAN_POINT('',(-42.06888370749,-30.5648331192,84.));
#4168 = DIRECTION('',(-0.,-0.,1.));
#4169 = DIRECTION('',(-1.,0.,-0.));
#4170 = DEFINITIONAL_REPRESENTATION('',(#4171),#4174);
#4171 = B_SPLINE_CURVE_WITH_KNOTS('',1,(#4172,#4173),.UNSPECIFIED.,.F.,
  .F.,(2,2),(0.,6.28318530718),.PIECEWISE_BEZIER_KNOTS.);
#4172 = CARTESIAN_POINT('',(0.,0.));
#4173 = CARTESIAN_POINT('',(-6.28318530718,0.));
#4174 = ( GEOMETRIC_REPRESENTATION_CONTEXT(2) 
PARAMETRIC_REPRESENTATION_CONTEXT() REPRESENTATION_CONTEXT('2D SPACE',''
  ) );
#4175 = ORIENTED_EDGE('',*,*,#4127,.F.);
#4176 = ORIENTED_EDGE('',*,*,#3624,.T.);
#4177 = ADVANCED_FACE('',(#4178),#3680,.F.);
#4178 = FACE_BOUND('',#4179,.F.);
#4179 = EDGE_LOOP('',(#4180,#4203,#4229,#4230));
#4180 = ORIENTED_EDGE('',*,*,#4181,.T.);
#4181 = EDGE_CURVE('',#3660,#4182,#4184,.T.);
#4182 = VERTEX_POINT('',#4183);
#4183 = CARTESIAN_POINT('',(-19.06888370749,-49.45493884734,84.));
#4184 = SEAM_CURVE('',#4185,(#4189,#4196),.PCURVE_S1.);
#4185 = LINE('',#4186,#4187);
#4186 = CARTESIAN_POINT('',(-19.06888370749,-49.45493884734,100.));
#4187 = VECTOR('',#4188,1.);
#4188 = DIRECTION('',(0.,0.,-1.));
#4189 = PCURVE('',#3680,#4190);
#4190 = DEFINITIONAL_REPRESENTATION('',(#4191),#4195);
#4191 = LINE('',#4192,#4193);
#4192 = CARTESIAN_POINT('',(6.28318530718,-0.));
#4193 = VECTOR('',#4194,1.);
#4194 = DIRECTION('',(0.,1.));
#4195 = ( GEOMETRIC_REPRESENTATION_CONTEXT(2) 
PARAMETRIC_REPRESENTATION_CONTEXT() REPRESENTATION_CONTEXT('2D SPACE',''
  ) );
#4196 = PCURVE('',#3680,#4197);
#4197 = DEFINITIONAL_REPRESENTATION('',(#4198),#4202);
#4198 = LINE('',#4199,#4200);
#4199 = CARTESIAN_POINT('',(0.,-0.));
#4200 = VECTOR('',#4201,1.);
#4201 = DIRECTION('',(0.,1.));
#4202 = ( GEOMETRIC_REPRESENTATION_CONTEXT(2) 
PARAMETRIC_REPRESENTATION_CONTEXT() REPRESENTATION_CONTEXT('2D SPACE',''
  ) );
#4203 = ORIENTED_EDGE('',*,*,#4204,.F.);
#4204 = EDGE_CURVE('',#4182,#4182,#4205,.T.);
#4205 = SURFACE_CURVE('',#4206,(#4211,#4218),.PCURVE_S1.);
#4206 = CIRCLE('',#4207,3.);
#4207 = AXIS2_PLACEMENT_3D('',#4208,#4209,#4210);
#4208 = CARTESIAN_POINT('',(-16.06888370749,-49.45493884734,84.));
#4209 = DIRECTION('',(0.,0.,-1.));
#4210 = DIRECTION('',(-1.,0.,-0.));
#4211 = PCURVE('',#3680,#4212);
#4212 = DEFINITIONAL_REPRESENTATION('',(#4213),#4217);
#4213 = LINE('',#4214,#4215);
#4214 = CARTESIAN_POINT('',(0.,16.));
#4215 = VECTOR('',#4216,1.);
#4216 = DIRECTION('',(1.,0.));
#4217 = ( GEOMETRIC_REPRESENTATION_CONTEXT(2) 
PARAMETRIC_REPRESENTATION_CONTEXT() REPRESENTATION_CONTEXT('2D SPACE',''
  ) );
#4218 = PCURVE('',#4219,#4224);
#4219 = CONICAL_SURFACE('',#4220,3.,1.029744258677);
#4220 = AXIS2_PLACEMENT_3D('',#4221,#4222,#4223);
#4221 = CARTESIAN_POINT('',(-16.06888370749,-49.45493884734,84.));
#4222 = DIRECTION('',(-0.,-0.,1.));
#4223 = DIRECTION('',(-1.,0.,-0.));
#4224 = DEFINITIONAL_REPRESENTATION('',(#4225),#4228);
#4225 = B_SPLINE_CURVE_WITH_KNOTS('',1,(#4226,#4227),.UNSPECIFIED.,.F.,
  .F.,(2,2),(0.,6.28318530718),.PIECEWISE_BEZIER_KNOTS.);
#4226 = CARTESIAN_POINT('',(0.,0.));
#4227 = CARTESIAN_POINT('',(-6.28318530718,0.));
#4228 = ( GEOMETRIC_REPRESENTATION_CONTEXT(2) 
PARAMETRIC_REPRESENTATION_CONTEXT() REPRESENTATION_CONTEXT('2D SPACE',''
  ) );
#4229 = ORIENTED_EDGE('',*,*,#4181,.F.);
#4230 = ORIENTED_EDGE('',*,*,#3659,.T.);
#4231 = ADVANCED_FACE('',(#4232),#3715,.F.);
#4232 = FACE_BOUND('',#4233,.F.);
#4233 = EDGE_LOOP('',(#4234,#4257,#4283,#4284));
#4234 = ORIENTED_EDGE('',*,*,#4235,.T.);
#4235 = EDGE_CURVE('',#3695,#4236,#4238,.T.);
#4236 = VERTEX_POINT('',#4237);
#4237 = CARTESIAN_POINT('',(13.068883707497,-49.45493884734,84.));
#4238 = SEAM_CURVE('',#4239,(#4243,#4250),.PCURVE_S1.);
#4239 = LINE('',#4240,#4241);
#4240 = CARTESIAN_POINT('',(13.068883707497,-49.45493884734,100.));
#4241 = VECTOR('',#4242,1.);
#4242 = DIRECTION('',(0.,0.,-1.));
#4243 = PCURVE('',#3715,#4244);
#4244 = DEFINITIONAL_REPRESENTATION('',(#4245),#4249);
#4245 = LINE('',#4246,#4247);
#4246 = CARTESIAN_POINT('',(6.28318530718,-0.));
#4247 = VECTOR('',#4248,1.);
#4248 = DIRECTION('',(0.,1.));
#4249 = ( GEOMETRIC_REPRESENTATION_CONTEXT(2) 
PARAMETRIC_REPRESENTATION_CONTEXT() REPRESENTATION_CONTEXT('2D SPACE',''
  ) );
#4250 = PCURVE('',#3715,#4251);
#4251 = DEFINITIONAL_REPRESENTATION('',(#4252),#4256);
#4252 = LINE('',#4253,#4254);
#4253 = CARTESIAN_POINT('',(0.,-0.));
#4254 = VECTOR('',#4255,1.);
#4255 = DIRECTION('',(0.,1.));
#4256 = ( GEOMETRIC_REPRESENTATION_CONTEXT(2) 
PARAMETRIC_REPRESENTATION_CONTEXT() REPRESENTATION_CONTEXT('2D SPACE',''
  ) );
#4257 = ORIENTED_EDGE('',*,*,#4258,.F.);
#4258 = EDGE_CURVE('',#4236,#4236,#4259,.T.);
#4259 = SURFACE_CURVE('',#4260,(#4265,#4272),.PCURVE_S1.);
#4260 = CIRCLE('',#4261,3.);
#4261 = AXIS2_PLACEMENT_3D('',#4262,#4263,#4264);
#4262 = CARTESIAN_POINT('',(16.068883707497,-49.45493884734,84.));
#4263 = DIRECTION('',(0.,0.,-1.));
#4264 = DIRECTION('',(-1.,0.,-0.));
#4265 = PCURVE('',#3715,#4266);
#4266 = DEFINITIONAL_REPRESENTATION('',(#4267),#4271);
#4267 = LINE('',#4268,#4269);
#4268 = CARTESIAN_POINT('',(0.,16.));
#4269 = VECTOR('',#4270,1.);
#4270 = DIRECTION('',(1.,0.));
#4271 = ( GEOMETRIC_REPRESENTATION_CONTEXT(2) 
PARAMETRIC_REPRESENTATION_CONTEXT() REPRESENTATION_CONTEXT('2D SPACE',''
  ) );
#4272 = PCURVE('',#4273,#4278);
#4273 = CONICAL_SURFACE('',#4274,3.,1.029744258677);
#4274 = AXIS2_PLACEMENT_3D('',#4275,#4276,#4277);
#4275 = CARTESIAN_POINT('',(16.068883707497,-49.45493884734,84.));
#4276 = DIRECTION('',(-0.,-0.,1.));
#4277 = DIRECTION('',(-1.,0.,-0.));
#4278 = DEFINITIONAL_REPRESENTATION('',(#4279),#4282);
#4279 = B_SPLINE_CURVE_WITH_KNOTS('',1,(#4280,#4281),.UNSPECIFIED.,.F.,
  .F.,(2,2),(0.,6.28318530718),.PIECEWISE_BEZIER_KNOTS.);
#4280 = CARTESIAN_POINT('',(0.,0.));
#4281 = CARTESIAN_POINT('',(-6.28318530718,0.));
#4282 = ( GEOMETRIC_REPRESENTATION_CONTEXT(2) 
PARAMETRIC_REPRESENTATION_CONTEXT() REPRESENTATION_CONTEXT('2D SPACE',''
  ) );
#4283 = ORIENTED_EDGE('',*,*,#4235,.F.);
#4284 = ORIENTED_EDGE('',*,*,#3694,.T.);
#4285 = ADVANCED_FACE('',(#4286),#3750,.F.);
#4286 = FACE_BOUND('',#4287,.F.);
#4287 = EDGE_LOOP('',(#4288,#4311,#4337,#4338));
#4288 = ORIENTED_EDGE('',*,*,#4289,.T.);
#4289 = EDGE_CURVE('',#3730,#4290,#4292,.T.);
#4290 = VERTEX_POINT('',#4291);
#4291 = CARTESIAN_POINT('',(39.068883707497,-30.5648331192,84.));
#4292 = SEAM_CURVE('',#4293,(#4297,#4304),.PCURVE_S1.);
#4293 = LINE('',#4294,#4295);
#4294 = CARTESIAN_POINT('',(39.068883707497,-30.5648331192,100.));
#4295 = VECTOR('',#4296,1.);
#4296 = DIRECTION('',(0.,0.,-1.));
#4297 = PCURVE('',#3750,#4298);
#4298 = DEFINITIONAL_REPRESENTATION('',(#4299),#4303);
#4299 = LINE('',#4300,#4301);
#4300 = CARTESIAN_POINT('',(6.28318530718,-0.));
#4301 = VECTOR('',#4302,1.);
#4302 = DIRECTION('',(0.,1.));
#4303 = ( GEOMETRIC_REPRESENTATION_CONTEXT(2) 
PARAMETRIC_REPRESENTATION_CONTEXT() REPRESENTATION_CONTEXT('2D SPACE',''
  ) );
#4304 = PCURVE('',#3750,#4305);
#4305 = DEFINITIONAL_REPRESENTATION('',(#4306),#4310);
#4306 = LINE('',#4307,#4308);
#4307 = CARTESIAN_POINT('',(0.,-0.));
#4308 = VECTOR('',#4309,1.);
#4309 = DIRECTION('',(0.,1.));
#4310 = ( GEOMETRIC_REPRESENTATION_CONTEXT(2) 
PARAMETRIC_REPRESENTATION_CONTEXT() REPRESENTATION_CONTEXT('2D SPACE',''
  ) );
#4311 = ORIENTED_EDGE('',*,*,#4312,.F.);
#4312 = EDGE_CURVE('',#4290,#4290,#4313,.T.);
#4313 = SURFACE_CURVE('',#4314,(#4319,#4326),.PCURVE_S1.);
#4314 = CIRCLE('',#4315,3.);
#4315 = AXIS2_PLACEMENT_3D('',#4316,#4317,#4318);
#4316 = CARTESIAN_POINT('',(42.068883707497,-30.5648331192,84.));
#4317 = DIRECTION('',(0.,0.,-1.));
#4318 = DIRECTION('',(-1.,0.,-0.));
#4319 = PCURVE('',#3750,#4320);
#4320 = DEFINITIONAL_REPRESENTATION('',(#4321),#4325);
#4321 = LINE('',#4322,#4323);
#4322 = CARTESIAN_POINT('',(0.,16.));
#4323 = VECTOR('',#4324,1.);
#4324 = DIRECTION('',(1.,0.));
#4325 = ( GEOMETRIC_REPRESENTATION_CONTEXT(2) 
PARAMETRIC_REPRESENTATION_CONTEXT() REPRESENTATION_CONTEXT('2D SPACE',''
  ) );
#4326 = PCURVE('',#4327,#4332);
#4327 = CONICAL_SURFACE('',#4328,3.,1.029744258677);
#4328 = AXIS2_PLACEMENT_3D('',#4329,#4330,#4331);
#4329 = CARTESIAN_POINT('',(42.068883707497,-30.5648331192,84.));
#4330 = DIRECTION('',(-0.,-0.,1.));
#4331 = DIRECTION('',(-1.,0.,-0.));
#4332 = DEFINITIONAL_REPRESENTATION('',(#4333),#4336);
#4333 = B_SPLINE_CURVE_WITH_KNOTS('',1,(#4334,#4335),.UNSPECIFIED.,.F.,
  .F.,(2,2),(0.,6.28318530718),.PIECEWISE_BEZIER_KNOTS.);
#4334 = CARTESIAN_POINT('',(0.,0.));
#4335 = CARTESIAN_POINT('',(-6.28318530718,0.));
#4336 = ( GEOMETRIC_REPRESENTATION_CONTEXT(2) 
PARAMETRIC_REPRESENTATION_CONTEXT() REPRESENTATION_CONTEXT('2D SPACE',''
  ) );
#4337 = ORIENTED_EDGE('',*,*,#4289,.F.);
#4338 = ORIENTED_EDGE('',*,*,#3729,.T.);
#4339 = ADVANCED_FACE('',(#4340),#3785,.F.);
#4340 = FACE_BOUND('',#4341,.F.);
#4341 = EDGE_LOOP('',(#4342,#4365,#4391,#4392));
#4342 = ORIENTED_EDGE('',*,*,#4343,.T.);
#4343 = EDGE_CURVE('',#3765,#4344,#4346,.T.);
#4344 = VERTEX_POINT('',#4345);
#4345 = CARTESIAN_POINT('',(-55.,5.633375276078E-15,84.));
#4346 = SEAM_CURVE('',#4347,(#4351,#4358),.PCURVE_S1.);
#4347 = LINE('',#4348,#4349);
#4348 = CARTESIAN_POINT('',(-55.,5.633375276078E-15,100.));
#4349 = VECTOR('',#4350,1.);
#4350 = DIRECTION('',(0.,0.,-1.));
#4351 = PCURVE('',#3785,#4352);
#4352 = DEFINITIONAL_REPRESENTATION('',(#4353),#4357);
#4353 = LINE('',#4354,#4355);
#4354 = CARTESIAN_POINT('',(6.28318530718,-0.));
#4355 = VECTOR('',#4356,1.);
#4356 = DIRECTION('',(0.,1.));
#4357 = ( GEOMETRIC_REPRESENTATION_CONTEXT(2) 
PARAMETRIC_REPRESENTATION_CONTEXT() REPRESENTATION_CONTEXT('2D SPACE',''
  ) );
#4358 = PCURVE('',#3785,#4359);
#4359 = DEFINITIONAL_REPRESENTATION('',(#4360),#4364);
#4360 = LINE('',#4361,#4362);
#4361 = CARTESIAN_POINT('',(0.,-0.));
#4362 = VECTOR('',#4363,1.);
#4363 = DIRECTION('',(0.,1.));
#4364 = ( GEOMETRIC_REPRESENTATION_CONTEXT(2) 
PARAMETRIC_REPRESENTATION_CONTEXT() REPRESENTATION_CONTEXT('2D SPACE',''
  ) );
#4365 = ORIENTED_EDGE('',*,*,#4366,.F.);
#4366 = EDGE_CURVE('',#4344,#4344,#4367,.T.);
#4367 = SURFACE_CURVE('',#4368,(#4373,#4380),.PCURVE_S1.);
#4368 = CIRCLE('',#4369,3.);
#4369 = AXIS2_PLACEMENT_3D('',#4370,#4371,#4372);
#4370 = CARTESIAN_POINT('',(-52.,6.368163355566E-15,84.));
#4371 = DIRECTION('',(0.,0.,-1.));
#4372 = DIRECTION('',(-1.,0.,-0.));
#4373 = PCURVE('',#3785,#4374);
#4374 = DEFINITIONAL_REPRESENTATION('',(#4375),#4379);
#4375 = LINE('',#4376,#4377);
#4376 = CARTESIAN_POINT('',(0.,16.));
#4377 = VECTOR('',#4378,1.);
#4378 = DIRECTION('',(1.,0.));
#4379 = ( GEOMETRIC_REPRESENTATION_CONTEXT(2) 
PARAMETRIC_REPRESENTATION_CONTEXT() REPRESENTATION_CONTEXT('2D SPACE',''
  ) );
#4380 = PCURVE('',#4381,#4386);
#4381 = CONICAL_SURFACE('',#4382,3.,1.029744258677);
#4382 = AXIS2_PLACEMENT_3D('',#4383,#4384,#4385);
#4383 = CARTESIAN_POINT('',(-52.,6.368163355566E-15,84.));
#4384 = DIRECTION('',(-0.,-0.,1.));
#4385 = DIRECTION('',(-1.,0.,-0.));
#4386 = DEFINITIONAL_REPRESENTATION('',(#4387),#4390);
#4387 = B_SPLINE_CURVE_WITH_KNOTS('',1,(#4388,#4389),.UNSPECIFIED.,.F.,
  .F.,(2,2),(0.,6.28318530718),.PIECEWISE_BEZIER_KNOTS.);
#4388 = CARTESIAN_POINT('',(0.,0.));
#4389 = CARTESIAN_POINT('',(-6.28318530718,0.));
#4390 = ( GEOMETRIC_REPRESENTATION_CONTEXT(2) 
PARAMETRIC_REPRESENTATION_CONTEXT() REPRESENTATION_CONTEXT('2D SPACE',''
  ) );
#4391 = ORIENTED_EDGE('',*,*,#4343,.F.);
#4392 = ORIENTED_EDGE('',*,*,#3764,.T.);
#4393 = ADVANCED_FACE('',(#4394),#3820,.F.);
#4394 = FACE_BOUND('',#4395,.F.);
#4395 = EDGE_LOOP('',(#4396,#4419,#4445,#4446));
#4396 = ORIENTED_EDGE('',*,*,#4397,.T.);
#4397 = EDGE_CURVE('',#3800,#4398,#4400,.T.);
#4398 = VERTEX_POINT('',#4399);
#4399 = CARTESIAN_POINT('',(-45.06888370749,30.564833119209,84.));
#4400 = SEAM_CURVE('',#4401,(#4405,#4412),.PCURVE_S1.);
#4401 = LINE('',#4402,#4403);
#4402 = CARTESIAN_POINT('',(-45.06888370749,30.564833119209,100.));
#4403 = VECTOR('',#4404,1.);
#4404 = DIRECTION('',(0.,0.,-1.));
#4405 = PCURVE('',#3820,#4406);
#4406 = DEFINITIONAL_REPRESENTATION('',(#4407),#4411);
#4407 = LINE('',#4408,#4409);
#4408 = CARTESIAN_POINT('',(6.28318530718,-0.));
#4409 = VECTOR('',#4410,1.);
#4410 = DIRECTION('',(0.,1.));
#4411 = ( GEOMETRIC_REPRESENTATION_CONTEXT(2) 
PARAMETRIC_REPRESENTATION_CONTEXT() REPRESENTATION_CONTEXT('2D SPACE',''
  ) );
#4412 = PCURVE('',#3820,#4413);
#4413 = DEFINITIONAL_REPRESENTATION('',(#4414),#4418);
#4414 = LINE('',#4415,#4416);
#4415 = CARTESIAN_POINT('',(0.,-0.));
#4416 = VECTOR('',#4417,1.);
#4417 = DIRECTION('',(0.,1.));
#4418 = ( GEOMETRIC_REPRESENTATION_CONTEXT(2) 
PARAMETRIC_REPRESENTATION_CONTEXT() REPRESENTATION_CONTEXT('2D SPACE',''
  ) );
#4419 = ORIENTED_EDGE('',*,*,#4420,.F.);
#4420 = EDGE_CURVE('',#4398,#4398,#4421,.T.);
#4421 = SURFACE_CURVE('',#4422,(#4427,#4434),.PCURVE_S1.);
#4422 = CIRCLE('',#4423,3.);
#4423 = AXIS2_PLACEMENT_3D('',#4424,#4425,#4426);
#4424 = CARTESIAN_POINT('',(-42.06888370749,30.564833119209,84.));
#4425 = DIRECTION('',(0.,0.,-1.));
#4426 = DIRECTION('',(-1.,0.,-0.));
#4427 = PCURVE('',#3820,#4428);
#4428 = DEFINITIONAL_REPRESENTATION('',(#4429),#4433);
#4429 = LINE('',#4430,#4431);
#4430 = CARTESIAN_POINT('',(0.,16.));
#4431 = VECTOR('',#4432,1.);
#4432 = DIRECTION('',(1.,0.));
#4433 = ( GEOMETRIC_REPRESENTATION_CONTEXT(2) 
PARAMETRIC_REPRESENTATION_CONTEXT() REPRESENTATION_CONTEXT('2D SPACE',''
  ) );
#4434 = PCURVE('',#4435,#4440);
#4435 = CONICAL_SURFACE('',#4436,3.,1.029744258677);
#4436 = AXIS2_PLACEMENT_3D('',#4437,#4438,#4439);
#4437 = CARTESIAN_POINT('',(-42.06888370749,30.564833119209,84.));
#4438 = DIRECTION('',(-0.,-0.,1.));
#4439 = DIRECTION('',(-1.,0.,-0.));
#4440 = DEFINITIONAL_REPRESENTATION('',(#4441),#4444);
#4441 = B_SPLINE_CURVE_WITH_KNOTS('',1,(#4442,#4443),.UNSPECIFIED.,.F.,
  .F.,(2,2),(0.,6.28318530718),.PIECEWISE_BEZIER_KNOTS.);
#4442 = CARTESIAN_POINT('',(0.,0.));
#4443 = CARTESIAN_POINT('',(-6.28318530718,0.));
#4444 = ( GEOMETRIC_REPRESENTATION_CONTEXT(2) 
PARAMETRIC_REPRESENTATION_CONTEXT() REPRESENTATION_CONTEXT('2D SPACE',''
  ) );
#4445 = ORIENTED_EDGE('',*,*,#4397,.F.);
#4446 = ORIENTED_EDGE('',*,*,#3799,.T.);
#4447 = ADVANCED_FACE('',(#4448),#3855,.F.);
#4448 = FACE_BOUND('',#4449,.F.);
#4449 = EDGE_LOOP('',(#4450,#4473,#4499,#4500));
#4450 = ORIENTED_EDGE('',*,*,#4451,.T.);
#4451 = EDGE_CURVE('',#3835,#4452,#4454,.T.);
#4452 = VERTEX_POINT('',#4453);
#4453 = CARTESIAN_POINT('',(-19.06888370749,49.454938847348,84.));
#4454 = SEAM_CURVE('',#4455,(#4459,#4466),.PCURVE_S1.);
#4455 = LINE('',#4456,#4457);
#4456 = CARTESIAN_POINT('',(-19.06888370749,49.454938847348,100.));
#4457 = VECTOR('',#4458,1.);
#4458 = DIRECTION('',(0.,0.,-1.));
#4459 = PCURVE('',#3855,#4460);
#4460 = DEFINITIONAL_REPRESENTATION('',(#4461),#4465);
#4461 = LINE('',#4462,#4463);
#4462 = CARTESIAN_POINT('',(6.28318530718,-0.));
#4463 = VECTOR('',#4464,1.);
#4464 = DIRECTION('',(0.,1.));
#4465 = ( GEOMETRIC_REPRESENTATION_CONTEXT(2) 
PARAMETRIC_REPRESENTATION_CONTEXT() REPRESENTATION_CONTEXT('2D SPACE',''
  ) );
#4466 = PCURVE('',#3855,#4467);
#4467 = DEFINITIONAL_REPRESENTATION('',(#4468),#4472);
#4468 = LINE('',#4469,#4470);
#4469 = CARTESIAN_POINT('',(0.,-0.));
#4470 = VECTOR('',#4471,1.);
#4471 = DIRECTION('',(0.,1.));
#4472 = ( GEOMETRIC_REPRESENTATION_CONTEXT(2) 
PARAMETRIC_REPRESENTATION_CONTEXT() REPRESENTATION_CONTEXT('2D SPACE',''
  ) );
#4473 = ORIENTED_EDGE('',*,*,#4474,.F.);
#4474 = EDGE_CURVE('',#4452,#4452,#4475,.T.);
#4475 = SURFACE_CURVE('',#4476,(#4481,#4488),.PCURVE_S1.);
#4476 = CIRCLE('',#4477,3.);
#4477 = AXIS2_PLACEMENT_3D('',#4478,#4479,#4480);
#4478 = CARTESIAN_POINT('',(-16.06888370749,49.454938847348,84.));
#4479 = DIRECTION('',(0.,0.,-1.));
#4480 = DIRECTION('',(-1.,0.,-0.));
#4481 = PCURVE('',#3855,#4482);
#4482 = DEFINITIONAL_REPRESENTATION('',(#4483),#4487);
#4483 = LINE('',#4484,#4485);
#4484 = CARTESIAN_POINT('',(0.,16.));
#4485 = VECTOR('',#4486,1.);
#4486 = DIRECTION('',(1.,0.));
#4487 = ( GEOMETRIC_REPRESENTATION_CONTEXT(2) 
PARAMETRIC_REPRESENTATION_CONTEXT() REPRESENTATION_CONTEXT('2D SPACE',''
  ) );
#4488 = PCURVE('',#4489,#4494);
#4489 = CONICAL_SURFACE('',#4490,3.,1.029744258677);
#4490 = AXIS2_PLACEMENT_3D('',#4491,#4492,#4493);
#4491 = CARTESIAN_POINT('',(-16.06888370749,49.454938847348,84.));
#4492 = DIRECTION('',(-0.,-0.,1.));
#4493 = DIRECTION('',(-1.,0.,-0.));
#4494 = DEFINITIONAL_REPRESENTATION('',(#4495),#4498);
#4495 = B_SPLINE_CURVE_WITH_KNOTS('',1,(#4496,#4497),.UNSPECIFIED.,.F.,
  .F.,(2,2),(0.,6.28318530718),.PIECEWISE_BEZIER_KNOTS.);
#4496 = CARTESIAN_POINT('',(0.,0.));
#4497 = CARTESIAN_POINT('',(-6.28318530718,0.));
#4498 = ( GEOMETRIC_REPRESENTATION_CONTEXT(2) 
PARAMETRIC_REPRESENTATION_CONTEXT() REPRESENTATION_CONTEXT('2D SPACE',''
  ) );
#4499 = ORIENTED_EDGE('',*,*,#4451,.F.);
#4500 = ORIENTED_EDGE('',*,*,#3834,.T.);
#4501 = ADVANCED_FACE('',(#4502),#3886,.T.);
#4502 = FACE_BOUND('',#4503,.T.);
#4503 = EDGE_LOOP('',(#4504,#4505,#4528,#4555));
#4504 = ORIENTED_EDGE('',*,*,#3869,.T.);
#4505 = ORIENTED_EDGE('',*,*,#4506,.T.);
#4506 = EDGE_CURVE('',#3870,#4507,#4509,.T.);
#4507 = VERTEX_POINT('',#4508);
#4508 = CARTESIAN_POINT('',(38.45,0.,106.95));
#4509 = SEAM_CURVE('',#4510,(#4514,#4521),.PCURVE_S1.);
#4510 = LINE('',#4511,#4512);
#4511 = CARTESIAN_POINT('',(38.45,0.,99.));
#4512 = VECTOR('',#4513,1.);
#4513 = DIRECTION('',(0.,0.,1.));
#4514 = PCURVE('',#3886,#4515);
#4515 = DEFINITIONAL_REPRESENTATION('',(#4516),#4520);
#4516 = LINE('',#4517,#4518);
#4517 = CARTESIAN_POINT('',(0.,0.));
#4518 = VECTOR('',#4519,1.);
#4519 = DIRECTION('',(0.,1.));
#4520 = ( GEOMETRIC_REPRESENTATION_CONTEXT(2) 
PARAMETRIC_REPRESENTATION_CONTEXT() REPRESENTATION_CONTEXT('2D SPACE',''
  ) );
#4521 = PCURVE('',#3886,#4522);
#4522 = DEFINITIONAL_REPRESENTATION('',(#4523),#4527);
#4523 = LINE('',#4524,#4525);
#4524 = CARTESIAN_POINT('',(6.28318530718,0.));
#4525 = VECTOR('',#4526,1.);
#4526 = DIRECTION('',(0.,1.));
#4527 = ( GEOMETRIC_REPRESENTATION_CONTEXT(2) 
PARAMETRIC_REPRESENTATION_CONTEXT() REPRESENTATION_CONTEXT('2D SPACE',''
  ) );
#4528 = ORIENTED_EDGE('',*,*,#4529,.F.);
#4529 = EDGE_CURVE('',#4507,#4507,#4530,.T.);
#4530 = SURFACE_CURVE('',#4531,(#4536,#4543),.PCURVE_S1.);
#4531 = CIRCLE('',#4532,38.45);
#4532 = AXIS2_PLACEMENT_3D('',#4533,#4534,#4535);
#4533 = CARTESIAN_POINT('',(0.,0.,106.95));
#4534 = DIRECTION('',(0.,0.,1.));
#4535 = DIRECTION('',(1.,0.,-0.));
#4536 = PCURVE('',#3886,#4537);
#4537 = DEFINITIONAL_REPRESENTATION('',(#4538),#4542);
#4538 = LINE('',#4539,#4540);
#4539 = CARTESIAN_POINT('',(0.,7.95));
#4540 = VECTOR('',#4541,1.);
#4541 = DIRECTION('',(1.,0.));
#4542 = ( GEOMETRIC_REPRESENTATION_CONTEXT(2) 
PARAMETRIC_REPRESENTATION_CONTEXT() REPRESENTATION_CONTEXT('2D SPACE',''
  ) );
#4543 = PCURVE('',#4544,#4549);
#4544 = CONICAL_SURFACE('',#4545,38.45,0.785398163397);
#4545 = AXIS2_PLACEMENT_3D('',#4546,#4547,#4548);
#4546 = CARTESIAN_POINT('',(0.,0.,106.95));
#4547 = DIRECTION('',(-0.,-0.,-1.));
#4548 = DIRECTION('',(1.,0.,-0.));
#4549 = DEFINITIONAL_REPRESENTATION('',(#4550),#4554);
#4550 = LINE('',#4551,#4552);
#4551 = CARTESIAN_POINT('',(-0.,-0.));
#4552 = VECTOR('',#4553,1.);
#4553 = DIRECTION('',(-1.,-0.));
#4554 = ( GEOMETRIC_REPRESENTATION_CONTEXT(2) 
PARAMETRIC_REPRESENTATION_CONTEXT() REPRESENTATION_CONTEXT('2D SPACE',''
  ) );
#4555 = ORIENTED_EDGE('',*,*,#4506,.F.);
#4556 = ADVANCED_FACE('',(#4557),#3921,.F.);
#4557 = FACE_BOUND('',#4558,.F.);
#4558 = EDGE_LOOP('',(#4559,#4582,#4608,#4609));
#4559 = ORIENTED_EDGE('',*,*,#4560,.T.);
#4560 = EDGE_CURVE('',#3901,#4561,#4563,.T.);
#4561 = VERTEX_POINT('',#4562);
#4562 = CARTESIAN_POINT('',(49.,-7.347880794884E-16,84.));
#4563 = SEAM_CURVE('',#4564,(#4568,#4575),.PCURVE_S1.);
#4564 = LINE('',#4565,#4566);
#4565 = CARTESIAN_POINT('',(49.,-7.347880794884E-16,100.));
#4566 = VECTOR('',#4567,1.);
#4567 = DIRECTION('',(0.,0.,-1.));
#4568 = PCURVE('',#3921,#4569);
#4569 = DEFINITIONAL_REPRESENTATION('',(#4570),#4574);
#4570 = LINE('',#4571,#4572);
#4571 = CARTESIAN_POINT('',(6.28318530718,-0.));
#4572 = VECTOR('',#4573,1.);
#4573 = DIRECTION('',(0.,1.));
#4574 = ( GEOMETRIC_REPRESENTATION_CONTEXT(2) 
PARAMETRIC_REPRESENTATION_CONTEXT() REPRESENTATION_CONTEXT('2D SPACE',''
  ) );
#4575 = PCURVE('',#3921,#4576);
#4576 = DEFINITIONAL_REPRESENTATION('',(#4577),#4581);
#4577 = LINE('',#4578,#4579);
#4578 = CARTESIAN_POINT('',(0.,-0.));
#4579 = VECTOR('',#4580,1.);
#4580 = DIRECTION('',(0.,1.));
#4581 = ( GEOMETRIC_REPRESENTATION_CONTEXT(2) 
PARAMETRIC_REPRESENTATION_CONTEXT() REPRESENTATION_CONTEXT('2D SPACE',''
  ) );
#4582 = ORIENTED_EDGE('',*,*,#4583,.F.);
#4583 = EDGE_CURVE('',#4561,#4561,#4584,.T.);
#4584 = SURFACE_CURVE('',#4585,(#4590,#4597),.PCURVE_S1.);
#4585 = CIRCLE('',#4586,3.);
#4586 = AXIS2_PLACEMENT_3D('',#4587,#4588,#4589);
#4587 = CARTESIAN_POINT('',(52.,0.,84.));
#4588 = DIRECTION('',(0.,0.,-1.));
#4589 = DIRECTION('',(-1.,0.,-0.));
#4590 = PCURVE('',#3921,#4591);
#4591 = DEFINITIONAL_REPRESENTATION('',(#4592),#4596);
#4592 = LINE('',#4593,#4594);
#4593 = CARTESIAN_POINT('',(0.,16.));
#4594 = VECTOR('',#4595,1.);
#4595 = DIRECTION('',(1.,0.));
#4596 = ( GEOMETRIC_REPRESENTATION_CONTEXT(2) 
PARAMETRIC_REPRESENTATION_CONTEXT() REPRESENTATION_CONTEXT('2D SPACE',''
  ) );
#4597 = PCURVE('',#4598,#4603);
#4598 = CONICAL_SURFACE('',#4599,3.,1.029744258677);
#4599 = AXIS2_PLACEMENT_3D('',#4600,#4601,#4602);
#4600 = CARTESIAN_POINT('',(52.,0.,84.));
#4601 = DIRECTION('',(-0.,-0.,1.));
#4602 = DIRECTION('',(-1.,0.,-0.));
#4603 = DEFINITIONAL_REPRESENTATION('',(#4604),#4607);
#4604 = B_SPLINE_CURVE_WITH_KNOTS('',1,(#4605,#4606),.UNSPECIFIED.,.F.,
  .F.,(2,2),(0.,6.28318530718),.PIECEWISE_BEZIER_KNOTS.);
#4605 = CARTESIAN_POINT('',(0.,0.));
#4606 = CARTESIAN_POINT('',(-6.28318530718,0.));
#4607 = ( GEOMETRIC_REPRESENTATION_CONTEXT(2) 
PARAMETRIC_REPRESENTATION_CONTEXT() REPRESENTATION_CONTEXT('2D SPACE',''
  ) );
#4608 = ORIENTED_EDGE('',*,*,#4560,.F.);
#4609 = ORIENTED_EDGE('',*,*,#3900,.T.);
#4610 = ADVANCED_FACE('',(#4611),#3959,.F.);
#4611 = FACE_BOUND('',#4612,.F.);
#4612 = EDGE_LOOP('',(#4613,#4636,#4662,#4663));
#4613 = ORIENTED_EDGE('',*,*,#4614,.T.);
#4614 = EDGE_CURVE('',#3939,#4615,#4617,.T.);
#4615 = VERTEX_POINT('',#4616);
#4616 = CARTESIAN_POINT('',(13.068883707497,49.454938847348,84.));
#4617 = SEAM_CURVE('',#4618,(#4622,#4629),.PCURVE_S1.);
#4618 = LINE('',#4619,#4620);
#4619 = CARTESIAN_POINT('',(13.068883707497,49.454938847348,100.));
#4620 = VECTOR('',#4621,1.);
#4621 = DIRECTION('',(0.,0.,-1.));
#4622 = PCURVE('',#3959,#4623);
#4623 = DEFINITIONAL_REPRESENTATION('',(#4624),#4628);
#4624 = LINE('',#4625,#4626);
#4625 = CARTESIAN_POINT('',(6.28318530718,-0.));
#4626 = VECTOR('',#4627,1.);
#4627 = DIRECTION('',(0.,1.));
#4628 = ( GEOMETRIC_REPRESENTATION_CONTEXT(2) 
PARAMETRIC_REPRESENTATION_CONTEXT() REPRESENTATION_CONTEXT('2D SPACE',''
  ) );
#4629 = PCURVE('',#3959,#4630);
#4630 = DEFINITIONAL_REPRESENTATION('',(#4631),#4635);
#4631 = LINE('',#4632,#4633);
#4632 = CARTESIAN_POINT('',(0.,-0.));
#4633 = VECTOR('',#4634,1.);
#4634 = DIRECTION('',(0.,1.));
#4635 = ( GEOMETRIC_REPRESENTATION_CONTEXT(2) 
PARAMETRIC_REPRESENTATION_CONTEXT() REPRESENTATION_CONTEXT('2D SPACE',''
  ) );
#4636 = ORIENTED_EDGE('',*,*,#4637,.F.);
#4637 = EDGE_CURVE('',#4615,#4615,#4638,.T.);
#4638 = SURFACE_CURVE('',#4639,(#4644,#4651),.PCURVE_S1.);
#4639 = CIRCLE('',#4640,3.);
#4640 = AXIS2_PLACEMENT_3D('',#4641,#4642,#4643);
#4641 = CARTESIAN_POINT('',(16.068883707497,49.454938847348,84.));
#4642 = DIRECTION('',(0.,0.,-1.));
#4643 = DIRECTION('',(-1.,0.,-0.));
#4644 = PCURVE('',#3959,#4645);
#4645 = DEFINITIONAL_REPRESENTATION('',(#4646),#4650);
#4646 = LINE('',#4647,#4648);
#4647 = CARTESIAN_POINT('',(0.,16.));
#4648 = VECTOR('',#4649,1.);
#4649 = DIRECTION('',(1.,0.));
#4650 = ( GEOMETRIC_REPRESENTATION_CONTEXT(2) 
PARAMETRIC_REPRESENTATION_CONTEXT() REPRESENTATION_CONTEXT('2D SPACE',''
  ) );
#4651 = PCURVE('',#4652,#4657);
#4652 = CONICAL_SURFACE('',#4653,3.,1.029744258677);
#4653 = AXIS2_PLACEMENT_3D('',#4654,#4655,#4656);
#4654 = CARTESIAN_POINT('',(16.068883707497,49.454938847348,84.));
#4655 = DIRECTION('',(-0.,-0.,1.));
#4656 = DIRECTION('',(-1.,0.,-0.));
#4657 = DEFINITIONAL_REPRESENTATION('',(#4658),#4661);
#4658 = B_SPLINE_CURVE_WITH_KNOTS('',1,(#4659,#4660),.UNSPECIFIED.,.F.,
  .F.,(2,2),(0.,6.28318530718),.PIECEWISE_BEZIER_KNOTS.);
#4659 = CARTESIAN_POINT('',(0.,0.));
#4660 = CARTESIAN_POINT('',(-6.28318530718,0.));
#4661 = ( GEOMETRIC_REPRESENTATION_CONTEXT(2) 
PARAMETRIC_REPRESENTATION_CONTEXT() REPRESENTATION_CONTEXT('2D SPACE',''
  ) );
#4662 = ORIENTED_EDGE('',*,*,#4614,.F.);
#4663 = ORIENTED_EDGE('',*,*,#3938,.T.);
#4664 = ADVANCED_FACE('',(#4665),#3994,.F.);
#4665 = FACE_BOUND('',#4666,.F.);
#4666 = EDGE_LOOP('',(#4667,#4690,#4716,#4717));
#4667 = ORIENTED_EDGE('',*,*,#4668,.T.);
#4668 = EDGE_CURVE('',#3974,#4669,#4671,.T.);
#4669 = VERTEX_POINT('',#4670);
#4670 = CARTESIAN_POINT('',(39.068883707497,30.564833119209,84.));
#4671 = SEAM_CURVE('',#4672,(#4676,#4683),.PCURVE_S1.);
#4672 = LINE('',#4673,#4674);
#4673 = CARTESIAN_POINT('',(39.068883707497,30.564833119209,100.));
#4674 = VECTOR('',#4675,1.);
#4675 = DIRECTION('',(0.,0.,-1.));
#4676 = PCURVE('',#3994,#4677);
#4677 = DEFINITIONAL_REPRESENTATION('',(#4678),#4682);
#4678 = LINE('',#4679,#4680);
#4679 = CARTESIAN_POINT('',(6.28318530718,-0.));
#4680 = VECTOR('',#4681,1.);
#4681 = DIRECTION('',(0.,1.));
#4682 = ( GEOMETRIC_REPRESENTATION_CONTEXT(2) 
PARAMETRIC_REPRESENTATION_CONTEXT() REPRESENTATION_CONTEXT('2D SPACE',''
  ) );
#4683 = PCURVE('',#3994,#4684);
#4684 = DEFINITIONAL_REPRESENTATION('',(#4685),#4689);
#4685 = LINE('',#4686,#4687);
#4686 = CARTESIAN_POINT('',(0.,-0.));
#4687 = VECTOR('',#4688,1.);
#4688 = DIRECTION('',(0.,1.));
#4689 = ( GEOMETRIC_REPRESENTATION_CONTEXT(2) 
PARAMETRIC_REPRESENTATION_CONTEXT() REPRESENTATION_CONTEXT('2D SPACE',''
  ) );
#4690 = ORIENTED_EDGE('',*,*,#4691,.F.);
#4691 = EDGE_CURVE('',#4669,#4669,#4692,.T.);
#4692 = SURFACE_CURVE('',#4693,(#4698,#4705),.PCURVE_S1.);
#4693 = CIRCLE('',#4694,3.);
#4694 = AXIS2_PLACEMENT_3D('',#4695,#4696,#4697);
#4695 = CARTESIAN_POINT('',(42.068883707497,30.564833119209,84.));
#4696 = DIRECTION('',(0.,0.,-1.));
#4697 = DIRECTION('',(-1.,0.,-0.));
#4698 = PCURVE('',#3994,#4699);
#4699 = DEFINITIONAL_REPRESENTATION('',(#4700),#4704);
#4700 = LINE('',#4701,#4702);
#4701 = CARTESIAN_POINT('',(0.,16.));
#4702 = VECTOR('',#4703,1.);
#4703 = DIRECTION('',(1.,0.));
#4704 = ( GEOMETRIC_REPRESENTATION_CONTEXT(2) 
PARAMETRIC_REPRESENTATION_CONTEXT() REPRESENTATION_CONTEXT('2D SPACE',''
  ) );
#4705 = PCURVE('',#4706,#4711);
#4706 = CONICAL_SURFACE('',#4707,3.,1.029744258677);
#4707 = AXIS2_PLACEMENT_3D('',#4708,#4709,#4710);
#4708 = CARTESIAN_POINT('',(42.068883707497,30.564833119209,84.));
#4709 = DIRECTION('',(-0.,-0.,1.));
#4710 = DIRECTION('',(-1.,0.,-0.));
#4711 = DEFINITIONAL_REPRESENTATION('',(#4712),#4715);
#4712 = B_SPLINE_CURVE_WITH_KNOTS('',1,(#4713,#4714),.UNSPECIFIED.,.F.,
  .F.,(2,2),(0.,6.28318530718),.PIECEWISE_BEZIER_KNOTS.);
#4713 = CARTESIAN_POINT('',(0.,0.));
#4714 = CARTESIAN_POINT('',(-6.28318530718,0.));
#4715 = ( GEOMETRIC_REPRESENTATION_CONTEXT(2) 
PARAMETRIC_REPRESENTATION_CONTEXT() REPRESENTATION_CONTEXT('2D SPACE',''
  ) );
#4716 = ORIENTED_EDGE('',*,*,#4668,.F.);
#4717 = ORIENTED_EDGE('',*,*,#3973,.T.);
#4718 = ADVANCED_FACE('',(#4719),#4054,.T.);
#4719 = FACE_BOUND('',#4720,.T.);
#4720 = EDGE_LOOP('',(#4721,#4722,#4745,#4772));
#4721 = ORIENTED_EDGE('',*,*,#4037,.T.);
#4722 = ORIENTED_EDGE('',*,*,#4723,.T.);
#4723 = EDGE_CURVE('',#4038,#4724,#4726,.T.);
#4724 = VERTEX_POINT('',#4725);
#4725 = CARTESIAN_POINT('',(59.95,0.,52.));
#4726 = SEAM_CURVE('',#4727,(#4731,#4738),.PCURVE_S1.);
#4727 = LINE('',#4728,#4729);
#4728 = CARTESIAN_POINT('',(59.95,0.,13.));
#4729 = VECTOR('',#4730,1.);
#4730 = DIRECTION('',(0.,0.,1.));
#4731 = PCURVE('',#4054,#4732);
#4732 = DEFINITIONAL_REPRESENTATION('',(#4733),#4737);
#4733 = LINE('',#4734,#4735);
#4734 = CARTESIAN_POINT('',(0.,0.));
#4735 = VECTOR('',#4736,1.);
#4736 = DIRECTION('',(0.,1.));
#4737 = ( GEOMETRIC_REPRESENTATION_CONTEXT(2) 
PARAMETRIC_REPRESENTATION_CONTEXT() REPRESENTATION_CONTEXT('2D SPACE',''
  ) );
#4738 = PCURVE('',#4054,#4739);
#4739 = DEFINITIONAL_REPRESENTATION('',(#4740),#4744);
#4740 = LINE('',#4741,#4742);
#4741 = CARTESIAN_POINT('',(6.28318530718,0.));
#4742 = VECTOR('',#4743,1.);
#4743 = DIRECTION('',(0.,1.));
#4744 = ( GEOMETRIC_REPRESENTATION_CONTEXT(2) 
PARAMETRIC_REPRESENTATION_CONTEXT() REPRESENTATION_CONTEXT('2D SPACE',''
  ) );
#4745 = ORIENTED_EDGE('',*,*,#4746,.F.);
#4746 = EDGE_CURVE('',#4724,#4724,#4747,.T.);
#4747 = SURFACE_CURVE('',#4748,(#4753,#4760),.PCURVE_S1.);
#4748 = CIRCLE('',#4749,59.95);
#4749 = AXIS2_PLACEMENT_3D('',#4750,#4751,#4752);
#4750 = CARTESIAN_POINT('',(0.,0.,52.));
#4751 = DIRECTION('',(0.,0.,1.));
#4752 = DIRECTION('',(1.,0.,-0.));
#4753 = PCURVE('',#4054,#4754);
#4754 = DEFINITIONAL_REPRESENTATION('',(#4755),#4759);
#4755 = LINE('',#4756,#4757);
#4756 = CARTESIAN_POINT('',(0.,39.));
#4757 = VECTOR('',#4758,1.);
#4758 = DIRECTION('',(1.,0.));
#4759 = ( GEOMETRIC_REPRESENTATION_CONTEXT(2) 
PARAMETRIC_REPRESENTATION_CONTEXT() REPRESENTATION_CONTEXT('2D SPACE',''
  ) );
#4760 = PCURVE('',#4761,#4766);
#4761 = PLANE('',#4762);
#4762 = AXIS2_PLACEMENT_3D('',#4763,#4764,#4765);
#4763 = CARTESIAN_POINT('',(0.,0.,52.));
#4764 = DIRECTION('',(0.,0.,1.));
#4765 = DIRECTION('',(1.,0.,-0.));
#4766 = DEFINITIONAL_REPRESENTATION('',(#4767),#4771);
#4767 = CIRCLE('',#4768,59.95);
#4768 = AXIS2_PLACEMENT_2D('',#4769,#4770);
#4769 = CARTESIAN_POINT('',(0.,0.));
#4770 = DIRECTION('',(1.,0.));
#4771 = ( GEOMETRIC_REPRESENTATION_CONTEXT(2) 
PARAMETRIC_REPRESENTATION_CONTEXT() REPRESENTATION_CONTEXT('2D SPACE',''
  ) );
#4772 = ORIENTED_EDGE('',*,*,#4723,.F.);
#4773 = ADVANCED_FACE('',(#4774,#5284,#5287),#4089,.T.);
#4774 = FACE_BOUND('',#4775,.T.);
#4775 = EDGE_LOOP('',(#4776,#4805,#4834,#4861,#4890,#4917,#4946,#4973,
    #5002,#5029,#5062,#5089,#5118,#5145,#5174,#5201,#5230,#5257));
#4776 = ORIENTED_EDGE('',*,*,#4777,.F.);
#4777 = EDGE_CURVE('',#4778,#4780,#4782,.T.);
#4778 = VERTEX_POINT('',#4779);
#4779 = CARTESIAN_POINT('',(-85.,-61.64414002969,83.));
#4780 = VERTEX_POINT('',#4781);
#4781 = CARTESIAN_POINT('',(-85.,61.64414002969,83.));
#4782 = SURFACE_CURVE('',#4783,(#4787,#4794),.PCURVE_S1.);
#4783 = LINE('',#4784,#4785);
#4784 = CARTESIAN_POINT('',(-85.,-60.,83.));
#4785 = VECTOR('',#4786,1.);
#4786 = DIRECTION('',(-0.,1.,0.));
#4787 = PCURVE('',#4089,#4788);
#4788 = DEFINITIONAL_REPRESENTATION('',(#4789),#4793);
#4789 = LINE('',#4790,#4791);
#4790 = CARTESIAN_POINT('',(-85.,-60.));
#4791 = VECTOR('',#4792,1.);
#4792 = DIRECTION('',(0.,1.));
#4793 = ( GEOMETRIC_REPRESENTATION_CONTEXT(2) 
PARAMETRIC_REPRESENTATION_CONTEXT() REPRESENTATION_CONTEXT('2D SPACE',''
  ) );
#4794 = PCURVE('',#4795,#4800);
#4795 = PLANE('',#4796);
#4796 = AXIS2_PLACEMENT_3D('',#4797,#4798,#4799);
#4797 = CARTESIAN_POINT('',(-85.,-120.,66.));
#4798 = DIRECTION('',(1.,0.,-0.));
#4799 = DIRECTION('',(0.,0.,1.));
#4800 = DEFINITIONAL_REPRESENTATION('',(#4801),#4804);
#4801 = B_SPLINE_CURVE_WITH_KNOTS('',1,(#4802,#4803),.UNSPECIFIED.,.F.,
  .F.,(2,2),(-45.,165.),.PIECEWISE_BEZIER_KNOTS.);
#4802 = CARTESIAN_POINT('',(17.,-15.));
#4803 = CARTESIAN_POINT('',(17.,-225.));
#4804 = ( GEOMETRIC_REPRESENTATION_CONTEXT(2) 
PARAMETRIC_REPRESENTATION_CONTEXT() REPRESENTATION_CONTEXT('2D SPACE',''
  ) );
#4805 = ORIENTED_EDGE('',*,*,#4806,.T.);
#4806 = EDGE_CURVE('',#4778,#4807,#4809,.T.);
#4807 = VERTEX_POINT('',#4808);
#4808 = CARTESIAN_POINT('',(-34.87691884778,-99.03837908449,83.));
#4809 = SURFACE_CURVE('',#4810,(#4815,#4822),.PCURVE_S1.);
#4810 = CIRCLE('',#4811,105.);
#4811 = AXIS2_PLACEMENT_3D('',#4812,#4813,#4814);
#4812 = CARTESIAN_POINT('',(0.,0.,83.));
#4813 = DIRECTION('',(0.,0.,1.));
#4814 = DIRECTION('',(1.,0.,-0.));
#4815 = PCURVE('',#4089,#4816);
#4816 = DEFINITIONAL_REPRESENTATION('',(#4817),#4821);
#4817 = CIRCLE('',#4818,105.);
#4818 = AXIS2_PLACEMENT_2D('',#4819,#4820);
#4819 = CARTESIAN_POINT('',(0.,0.));
#4820 = DIRECTION('',(1.,0.));
#4821 = ( GEOMETRIC_REPRESENTATION_CONTEXT(2) 
PARAMETRIC_REPRESENTATION_CONTEXT() REPRESENTATION_CONTEXT('2D SPACE',''
  ) );
#4822 = PCURVE('',#4823,#4828);
#4823 = CYLINDRICAL_SURFACE('',#4824,105.);
#4824 = AXIS2_PLACEMENT_3D('',#4825,#4826,#4827);
#4825 = CARTESIAN_POINT('',(0.,0.,67.));
#4826 = DIRECTION('',(0.,0.,1.));
#4827 = DIRECTION('',(1.,0.,-0.));
#4828 = DEFINITIONAL_REPRESENTATION('',(#4829),#4833);
#4829 = LINE('',#4830,#4831);
#4830 = CARTESIAN_POINT('',(0.,16.));
#4831 = VECTOR('',#4832,1.);
#4832 = DIRECTION('',(1.,0.));
#4833 = ( GEOMETRIC_REPRESENTATION_CONTEXT(2) 
PARAMETRIC_REPRESENTATION_CONTEXT() REPRESENTATION_CONTEXT('2D SPACE',''
  ) );
#4834 = ORIENTED_EDGE('',*,*,#4835,.T.);
#4835 = EDGE_CURVE('',#4807,#4836,#4838,.T.);
#4836 = VERTEX_POINT('',#4837);
#4837 = CARTESIAN_POINT('',(-33.21611318837,-94.32226579476,83.));
#4838 = SURFACE_CURVE('',#4839,(#4843,#4850),.PCURVE_S1.);
#4839 = LINE('',#4840,#4841);
#4840 = CARTESIAN_POINT('',(0.,0.,83.));
#4841 = VECTOR('',#4842,1.);
#4842 = DIRECTION('',(0.332161131884,0.943222657948,-0.));
#4843 = PCURVE('',#4089,#4844);
#4844 = DEFINITIONAL_REPRESENTATION('',(#4845),#4849);
#4845 = LINE('',#4846,#4847);
#4846 = CARTESIAN_POINT('',(0.,0.));
#4847 = VECTOR('',#4848,1.);
#4848 = DIRECTION('',(0.332161131884,0.943222657948));
#4849 = ( GEOMETRIC_REPRESENTATION_CONTEXT(2) 
PARAMETRIC_REPRESENTATION_CONTEXT() REPRESENTATION_CONTEXT('2D SPACE',''
  ) );
#4850 = PCURVE('',#4851,#4856);
#4851 = PLANE('',#4852);
#4852 = AXIS2_PLACEMENT_3D('',#4853,#4854,#4855);
#4853 = CARTESIAN_POINT('',(0.,0.,66.));
#4854 = DIRECTION('',(0.943222657948,-0.332161131884,0.));
#4855 = DIRECTION('',(-0.332161131884,-0.943222657948,0.));
#4856 = DEFINITIONAL_REPRESENTATION('',(#4857),#4860);
#4857 = B_SPLINE_CURVE_WITH_KNOTS('',1,(#4858,#4859),.UNSPECIFIED.,.F.,
  .F.,(2,2),(-111.3204810288,-100.),.PIECEWISE_BEZIER_KNOTS.);
#4858 = CARTESIAN_POINT('',(111.32048102881,-17.));
#4859 = CARTESIAN_POINT('',(100.,-17.));
#4860 = ( GEOMETRIC_REPRESENTATION_CONTEXT(2) 
PARAMETRIC_REPRESENTATION_CONTEXT() REPRESENTATION_CONTEXT('2D SPACE',''
  ) );
#4861 = ORIENTED_EDGE('',*,*,#4862,.T.);
#4862 = EDGE_CURVE('',#4836,#4863,#4865,.T.);
#4863 = VERTEX_POINT('',#4864);
#4864 = CARTESIAN_POINT('',(-17.,-98.54440623394,83.));
#4865 = SURFACE_CURVE('',#4866,(#4871,#4878),.PCURVE_S1.);
#4866 = CIRCLE('',#4867,100.);
#4867 = AXIS2_PLACEMENT_3D('',#4868,#4869,#4870);
#4868 = CARTESIAN_POINT('',(0.,0.,83.));
#4869 = DIRECTION('',(0.,0.,1.));
#4870 = DIRECTION('',(1.,0.,-0.));
#4871 = PCURVE('',#4089,#4872);
#4872 = DEFINITIONAL_REPRESENTATION('',(#4873),#4877);
#4873 = CIRCLE('',#4874,100.);
#4874 = AXIS2_PLACEMENT_2D('',#4875,#4876);
#4875 = CARTESIAN_POINT('',(0.,0.));
#4876 = DIRECTION('',(1.,0.));
#4877 = ( GEOMETRIC_REPRESENTATION_CONTEXT(2) 
PARAMETRIC_REPRESENTATION_CONTEXT() REPRESENTATION_CONTEXT('2D SPACE',''
  ) );
#4878 = PCURVE('',#4879,#4884);
#4879 = CYLINDRICAL_SURFACE('',#4880,100.);
#4880 = AXIS2_PLACEMENT_3D('',#4881,#4882,#4883);
#4881 = CARTESIAN_POINT('',(0.,0.,65.));
#4882 = DIRECTION('',(0.,0.,1.));
#4883 = DIRECTION('',(1.,0.,-0.));
#4884 = DEFINITIONAL_REPRESENTATION('',(#4885),#4889);
#4885 = LINE('',#4886,#4887);
#4886 = CARTESIAN_POINT('',(0.,18.));
#4887 = VECTOR('',#4888,1.);
#4888 = DIRECTION('',(1.,0.));
#4889 = ( GEOMETRIC_REPRESENTATION_CONTEXT(2) 
PARAMETRIC_REPRESENTATION_CONTEXT() REPRESENTATION_CONTEXT('2D SPACE',''
  ) );
#4890 = ORIENTED_EDGE('',*,*,#4891,.T.);
#4891 = EDGE_CURVE('',#4863,#4892,#4894,.T.);
#4892 = VERTEX_POINT('',#4893);
#4893 = CARTESIAN_POINT('',(-17.,-85.,83.));
#4894 = SURFACE_CURVE('',#4895,(#4899,#4906),.PCURVE_S1.);
#4895 = LINE('',#4896,#4897);
#4896 = CARTESIAN_POINT('',(-17.,-65.,83.));
#4897 = VECTOR('',#4898,1.);
#4898 = DIRECTION('',(-0.,1.,0.));
#4899 = PCURVE('',#4089,#4900);
#4900 = DEFINITIONAL_REPRESENTATION('',(#4901),#4905);
#4901 = LINE('',#4902,#4903);
#4902 = CARTESIAN_POINT('',(-17.,-65.));
#4903 = VECTOR('',#4904,1.);
#4904 = DIRECTION('',(0.,1.));
#4905 = ( GEOMETRIC_REPRESENTATION_CONTEXT(2) 
PARAMETRIC_REPRESENTATION_CONTEXT() REPRESENTATION_CONTEXT('2D SPACE',''
  ) );
#4906 = PCURVE('',#4907,#4912);
#4907 = PLANE('',#4908);
#4908 = AXIS2_PLACEMENT_3D('',#4909,#4910,#4911);
#4909 = CARTESIAN_POINT('',(-17.,-130.,78.));
#4910 = DIRECTION('',(1.,0.,-0.));
#4911 = DIRECTION('',(0.,0.,1.));
#4912 = DEFINITIONAL_REPRESENTATION('',(#4913),#4916);
#4913 = B_SPLINE_CURVE_WITH_KNOTS('',1,(#4914,#4915),.UNSPECIFIED.,.F.,
  .F.,(2,2),(-34.62352941176,-20.),.PIECEWISE_BEZIER_KNOTS.);
#4914 = CARTESIAN_POINT('',(5.,-30.37647058823));
#4915 = CARTESIAN_POINT('',(5.,-45.));
#4916 = ( GEOMETRIC_REPRESENTATION_CONTEXT(2) 
PARAMETRIC_REPRESENTATION_CONTEXT() REPRESENTATION_CONTEXT('2D SPACE',''
  ) );
#4917 = ORIENTED_EDGE('',*,*,#4918,.F.);
#4918 = EDGE_CURVE('',#4919,#4892,#4921,.T.);
#4919 = VERTEX_POINT('',#4920);
#4920 = CARTESIAN_POINT('',(17.,-85.,83.));
#4921 = SURFACE_CURVE('',#4922,(#4927,#4934),.PCURVE_S1.);
#4922 = CIRCLE('',#4923,17.);
#4923 = AXIS2_PLACEMENT_3D('',#4924,#4925,#4926);
#4924 = CARTESIAN_POINT('',(0.,-85.,83.));
#4925 = DIRECTION('',(0.,0.,1.));
#4926 = DIRECTION('',(1.,0.,-0.));
#4927 = PCURVE('',#4089,#4928);
#4928 = DEFINITIONAL_REPRESENTATION('',(#4929),#4933);
#4929 = CIRCLE('',#4930,17.);
#4930 = AXIS2_PLACEMENT_2D('',#4931,#4932);
#4931 = CARTESIAN_POINT('',(0.,-85.));
#4932 = DIRECTION('',(1.,0.));
#4933 = ( GEOMETRIC_REPRESENTATION_CONTEXT(2) 
PARAMETRIC_REPRESENTATION_CONTEXT() REPRESENTATION_CONTEXT('2D SPACE',''
  ) );
#4934 = PCURVE('',#4935,#4940);
#4935 = CYLINDRICAL_SURFACE('',#4936,17.);
#4936 = AXIS2_PLACEMENT_3D('',#4937,#4938,#4939);
#4937 = CARTESIAN_POINT('',(0.,-85.,78.));
#4938 = DIRECTION('',(0.,0.,1.));
#4939 = DIRECTION('',(1.,0.,-0.));
#4940 = DEFINITIONAL_REPRESENTATION('',(#4941),#4945);
#4941 = LINE('',#4942,#4943);
#4942 = CARTESIAN_POINT('',(0.,5.));
#4943 = VECTOR('',#4944,1.);
#4944 = DIRECTION('',(1.,0.));
#4945 = ( GEOMETRIC_REPRESENTATION_CONTEXT(2) 
PARAMETRIC_REPRESENTATION_CONTEXT() REPRESENTATION_CONTEXT('2D SPACE',''
  ) );
#4946 = ORIENTED_EDGE('',*,*,#4947,.F.);
#4947 = EDGE_CURVE('',#4948,#4919,#4950,.T.);
#4948 = VERTEX_POINT('',#4949);
#4949 = CARTESIAN_POINT('',(17.,-98.54440623394,83.));
#4950 = SURFACE_CURVE('',#4951,(#4955,#4962),.PCURVE_S1.);
#4951 = LINE('',#4952,#4953);
#4952 = CARTESIAN_POINT('',(17.,-65.,83.));
#4953 = VECTOR('',#4954,1.);
#4954 = DIRECTION('',(-0.,1.,0.));
#4955 = PCURVE('',#4089,#4956);
#4956 = DEFINITIONAL_REPRESENTATION('',(#4957),#4961);
#4957 = LINE('',#4958,#4959);
#4958 = CARTESIAN_POINT('',(17.,-65.));
#4959 = VECTOR('',#4960,1.);
#4960 = DIRECTION('',(0.,1.));
#4961 = ( GEOMETRIC_REPRESENTATION_CONTEXT(2) 
PARAMETRIC_REPRESENTATION_CONTEXT() REPRESENTATION_CONTEXT('2D SPACE',''
  ) );
#4962 = PCURVE('',#4963,#4968);
#4963 = PLANE('',#4964);
#4964 = AXIS2_PLACEMENT_3D('',#4965,#4966,#4967);
#4965 = CARTESIAN_POINT('',(17.,-130.,78.));
#4966 = DIRECTION('',(1.,0.,-0.));
#4967 = DIRECTION('',(0.,0.,1.));
#4968 = DEFINITIONAL_REPRESENTATION('',(#4969),#4972);
#4969 = B_SPLINE_CURVE_WITH_KNOTS('',1,(#4970,#4971),.UNSPECIFIED.,.F.,
  .F.,(2,2),(-34.62352941176,-20.),.PIECEWISE_BEZIER_KNOTS.);
#4970 = CARTESIAN_POINT('',(5.,-30.37647058823));
#4971 = CARTESIAN_POINT('',(5.,-45.));
#4972 = ( GEOMETRIC_REPRESENTATION_CONTEXT(2) 
PARAMETRIC_REPRESENTATION_CONTEXT() REPRESENTATION_CONTEXT('2D SPACE',''
  ) );
#4973 = ORIENTED_EDGE('',*,*,#4974,.T.);
#4974 = EDGE_CURVE('',#4948,#4975,#4977,.T.);
#4975 = VERTEX_POINT('',#4976);
#4976 = CARTESIAN_POINT('',(33.21611318837,-94.32226579476,83.));
#4977 = SURFACE_CURVE('',#4978,(#4983,#4990),.PCURVE_S1.);
#4978 = CIRCLE('',#4979,100.);
#4979 = AXIS2_PLACEMENT_3D('',#4980,#4981,#4982);
#4980 = CARTESIAN_POINT('',(0.,0.,83.));
#4981 = DIRECTION('',(0.,0.,1.));
#4982 = DIRECTION('',(1.,0.,-0.));
#4983 = PCURVE('',#4089,#4984);
#4984 = DEFINITIONAL_REPRESENTATION('',(#4985),#4989);
#4985 = CIRCLE('',#4986,100.);
#4986 = AXIS2_PLACEMENT_2D('',#4987,#4988);
#4987 = CARTESIAN_POINT('',(0.,0.));
#4988 = DIRECTION('',(1.,0.));
#4989 = ( GEOMETRIC_REPRESENTATION_CONTEXT(2) 
PARAMETRIC_REPRESENTATION_CONTEXT() REPRESENTATION_CONTEXT('2D SPACE',''
  ) );
#4990 = PCURVE('',#4991,#4996);
#4991 = CYLINDRICAL_SURFACE('',#4992,100.);
#4992 = AXIS2_PLACEMENT_3D('',#4993,#4994,#4995);
#4993 = CARTESIAN_POINT('',(0.,0.,65.));
#4994 = DIRECTION('',(0.,0.,1.));
#4995 = DIRECTION('',(1.,0.,-0.));
#4996 = DEFINITIONAL_REPRESENTATION('',(#4997),#5001);
#4997 = LINE('',#4998,#4999);
#4998 = CARTESIAN_POINT('',(0.,18.));
#4999 = VECTOR('',#5000,1.);
#5000 = DIRECTION('',(1.,0.));
#5001 = ( GEOMETRIC_REPRESENTATION_CONTEXT(2) 
PARAMETRIC_REPRESENTATION_CONTEXT() REPRESENTATION_CONTEXT('2D SPACE',''
  ) );
#5002 = ORIENTED_EDGE('',*,*,#5003,.T.);
#5003 = EDGE_CURVE('',#4975,#5004,#5006,.T.);
#5004 = VERTEX_POINT('',#5005);
#5005 = CARTESIAN_POINT('',(34.876918847789,-99.03837908449,83.));
#5006 = SURFACE_CURVE('',#5007,(#5011,#5018),.PCURVE_S1.);
#5007 = LINE('',#5008,#5009);
#5008 = CARTESIAN_POINT('',(21.590473572441,-61.30947276659,83.));
#5009 = VECTOR('',#5010,1.);
#5010 = DIRECTION('',(0.332161131884,-0.943222657948,0.));
#5011 = PCURVE('',#4089,#5012);
#5012 = DEFINITIONAL_REPRESENTATION('',(#5013),#5017);
#5013 = LINE('',#5014,#5015);
#5014 = CARTESIAN_POINT('',(21.590473572441,-61.30947276659));
#5015 = VECTOR('',#5016,1.);
#5016 = DIRECTION('',(0.332161131884,-0.943222657948));
#5017 = ( GEOMETRIC_REPRESENTATION_CONTEXT(2) 
PARAMETRIC_REPRESENTATION_CONTEXT() REPRESENTATION_CONTEXT('2D SPACE',''
  ) );
#5018 = PCURVE('',#5019,#5024);
#5019 = PLANE('',#5020);
#5020 = AXIS2_PLACEMENT_3D('',#5021,#5022,#5023);
#5021 = CARTESIAN_POINT('',(43.180947144881,-122.6189455331,66.));
#5022 = DIRECTION('',(-0.943222657948,-0.332161131884,0.));
#5023 = DIRECTION('',(-0.332161131884,0.943222657948,0.));
#5024 = DEFINITIONAL_REPRESENTATION('',(#5025),#5028);
#5025 = B_SPLINE_CURVE_WITH_KNOTS('',1,(#5026,#5027),.UNSPECIFIED.,.F.,
  .F.,(2,2),(35.,46.32048102881),.PIECEWISE_BEZIER_KNOTS.);
#5026 = CARTESIAN_POINT('',(30.,-17.));
#5027 = CARTESIAN_POINT('',(18.67951897119,-17.));
#5028 = ( GEOMETRIC_REPRESENTATION_CONTEXT(2) 
PARAMETRIC_REPRESENTATION_CONTEXT() REPRESENTATION_CONTEXT('2D SPACE',''
  ) );
#5029 = ORIENTED_EDGE('',*,*,#5030,.F.);
#5030 = EDGE_CURVE('',#5031,#5004,#5033,.T.);
#5031 = VERTEX_POINT('',#5032);
#5032 = CARTESIAN_POINT('',(34.876918847789,99.038379084498,83.));
#5033 = SURFACE_CURVE('',#5034,(#5039,#5050),.PCURVE_S1.);
#5034 = CIRCLE('',#5035,105.);
#5035 = AXIS2_PLACEMENT_3D('',#5036,#5037,#5038);
#5036 = CARTESIAN_POINT('',(0.,0.,83.));
#5037 = DIRECTION('',(0.,0.,-1.));
#5038 = DIRECTION('',(0.332161131884,0.943222657948,0.));
#5039 = PCURVE('',#4089,#5040);
#5040 = DEFINITIONAL_REPRESENTATION('',(#5041),#5049);
#5041 = ( BOUNDED_CURVE() B_SPLINE_CURVE(2,(#5042,#5043,#5044,#5045,
#5046,#5047,#5048),.UNSPECIFIED.,.T.,.F.) B_SPLINE_CURVE_WITH_KNOTS((1,2
    ,2,2,2,1),(-2.094395102393,0.,2.094395102393,4.188790204786,
6.28318530718,8.377580409573),.UNSPECIFIED.) CURVE() 
GEOMETRIC_REPRESENTATION_ITEM() RATIONAL_B_SPLINE_CURVE((1.,0.5,1.,0.5,
1.,0.5,1.)) REPRESENTATION_ITEM('') );
#5042 = CARTESIAN_POINT('',(34.876918847789,99.038379084498));
#5043 = CARTESIAN_POINT('',(206.4164233214,38.629783628671));
#5044 = CARTESIAN_POINT('',(68.331292812914,-79.72348727016));
#5045 = CARTESIAN_POINT('',(-69.75383769557,-198.0767581689));
#5046 = CARTESIAN_POINT('',(-103.2082116607,-19.31489181433));
#5047 = CARTESIAN_POINT('',(-136.6625856258,159.44697454032));
#5048 = CARTESIAN_POINT('',(34.876918847789,99.038379084498));
#5049 = ( GEOMETRIC_REPRESENTATION_CONTEXT(2) 
PARAMETRIC_REPRESENTATION_CONTEXT() REPRESENTATION_CONTEXT('2D SPACE',''
  ) );
#5050 = PCURVE('',#5051,#5056);
#5051 = CYLINDRICAL_SURFACE('',#5052,105.);
#5052 = AXIS2_PLACEMENT_3D('',#5053,#5054,#5055);
#5053 = CARTESIAN_POINT('',(0.,0.,67.));
#5054 = DIRECTION('',(0.,0.,1.));
#5055 = DIRECTION('',(1.,0.,-0.));
#5056 = DEFINITIONAL_REPRESENTATION('',(#5057),#5061);
#5057 = LINE('',#5058,#5059);
#5058 = CARTESIAN_POINT('',(7.515387759088,16.));
#5059 = VECTOR('',#5060,1.);
#5060 = DIRECTION('',(-1.,-0.));
#5061 = ( GEOMETRIC_REPRESENTATION_CONTEXT(2) 
PARAMETRIC_REPRESENTATION_CONTEXT() REPRESENTATION_CONTEXT('2D SPACE',''
  ) );
#5062 = ORIENTED_EDGE('',*,*,#5063,.T.);
#5063 = EDGE_CURVE('',#5031,#5064,#5066,.T.);
#5064 = VERTEX_POINT('',#5065);
#5065 = CARTESIAN_POINT('',(33.21611318837,94.32226579476,83.));
#5066 = SURFACE_CURVE('',#5067,(#5071,#5078),.PCURVE_S1.);
#5067 = LINE('',#5068,#5069);
#5068 = CARTESIAN_POINT('',(0.,0.,83.));
#5069 = VECTOR('',#5070,1.);
#5070 = DIRECTION('',(-0.332161131884,-0.943222657948,0.));
#5071 = PCURVE('',#4089,#5072);
#5072 = DEFINITIONAL_REPRESENTATION('',(#5073),#5077);
#5073 = LINE('',#5074,#5075);
#5074 = CARTESIAN_POINT('',(0.,0.));
#5075 = VECTOR('',#5076,1.);
#5076 = DIRECTION('',(-0.332161131884,-0.943222657948));
#5077 = ( GEOMETRIC_REPRESENTATION_CONTEXT(2) 
PARAMETRIC_REPRESENTATION_CONTEXT() REPRESENTATION_CONTEXT('2D SPACE',''
  ) );
#5078 = PCURVE('',#5079,#5084);
#5079 = PLANE('',#5080);
#5080 = AXIS2_PLACEMENT_3D('',#5081,#5082,#5083);
#5081 = CARTESIAN_POINT('',(0.,0.,66.));
#5082 = DIRECTION('',(-0.943222657948,0.332161131884,0.));
#5083 = DIRECTION('',(0.332161131884,0.943222657948,0.));
#5084 = DEFINITIONAL_REPRESENTATION('',(#5085),#5088);
#5085 = B_SPLINE_CURVE_WITH_KNOTS('',1,(#5086,#5087),.UNSPECIFIED.,.F.,
  .F.,(2,2),(-111.3204810288,-100.),.PIECEWISE_BEZIER_KNOTS.);
#5086 = CARTESIAN_POINT('',(111.32048102881,-17.));
#5087 = CARTESIAN_POINT('',(100.,-17.));
#5088 = ( GEOMETRIC_REPRESENTATION_CONTEXT(2) 
PARAMETRIC_REPRESENTATION_CONTEXT() REPRESENTATION_CONTEXT('2D SPACE',''
  ) );
#5089 = ORIENTED_EDGE('',*,*,#5090,.T.);
#5090 = EDGE_CURVE('',#5064,#5091,#5093,.T.);
#5091 = VERTEX_POINT('',#5092);
#5092 = CARTESIAN_POINT('',(17.,98.544406233941,83.));
#5093 = SURFACE_CURVE('',#5094,(#5099,#5106),.PCURVE_S1.);
#5094 = CIRCLE('',#5095,100.);
#5095 = AXIS2_PLACEMENT_3D('',#5096,#5097,#5098);
#5096 = CARTESIAN_POINT('',(0.,0.,83.));
#5097 = DIRECTION('',(0.,0.,1.));
#5098 = DIRECTION('',(1.,0.,-0.));
#5099 = PCURVE('',#4089,#5100);
#5100 = DEFINITIONAL_REPRESENTATION('',(#5101),#5105);
#5101 = CIRCLE('',#5102,100.);
#5102 = AXIS2_PLACEMENT_2D('',#5103,#5104);
#5103 = CARTESIAN_POINT('',(0.,0.));
#5104 = DIRECTION('',(1.,0.));
#5105 = ( GEOMETRIC_REPRESENTATION_CONTEXT(2) 
PARAMETRIC_REPRESENTATION_CONTEXT() REPRESENTATION_CONTEXT('2D SPACE',''
  ) );
#5106 = PCURVE('',#5107,#5112);
#5107 = CYLINDRICAL_SURFACE('',#5108,100.);
#5108 = AXIS2_PLACEMENT_3D('',#5109,#5110,#5111);
#5109 = CARTESIAN_POINT('',(0.,0.,65.));
#5110 = DIRECTION('',(0.,0.,1.));
#5111 = DIRECTION('',(1.,0.,-0.));
#5112 = DEFINITIONAL_REPRESENTATION('',(#5113),#5117);
#5113 = LINE('',#5114,#5115);
#5114 = CARTESIAN_POINT('',(0.,18.));
#5115 = VECTOR('',#5116,1.);
#5116 = DIRECTION('',(1.,0.));
#5117 = ( GEOMETRIC_REPRESENTATION_CONTEXT(2) 
PARAMETRIC_REPRESENTATION_CONTEXT() REPRESENTATION_CONTEXT('2D SPACE',''
  ) );
#5118 = ORIENTED_EDGE('',*,*,#5119,.F.);
#5119 = EDGE_CURVE('',#5120,#5091,#5122,.T.);
#5120 = VERTEX_POINT('',#5121);
#5121 = CARTESIAN_POINT('',(17.,85.,83.));
#5122 = SURFACE_CURVE('',#5123,(#5127,#5134),.PCURVE_S1.);
#5123 = LINE('',#5124,#5125);
#5124 = CARTESIAN_POINT('',(17.,42.5,83.));
#5125 = VECTOR('',#5126,1.);
#5126 = DIRECTION('',(-0.,1.,0.));
#5127 = PCURVE('',#4089,#5128);
#5128 = DEFINITIONAL_REPRESENTATION('',(#5129),#5133);
#5129 = LINE('',#5130,#5131);
#5130 = CARTESIAN_POINT('',(17.,42.5));
#5131 = VECTOR('',#5132,1.);
#5132 = DIRECTION('',(0.,1.));
#5133 = ( GEOMETRIC_REPRESENTATION_CONTEXT(2) 
PARAMETRIC_REPRESENTATION_CONTEXT() REPRESENTATION_CONTEXT('2D SPACE',''
  ) );
#5134 = PCURVE('',#5135,#5140);
#5135 = PLANE('',#5136);
#5136 = AXIS2_PLACEMENT_3D('',#5137,#5138,#5139);
#5137 = CARTESIAN_POINT('',(17.,85.,78.));
#5138 = DIRECTION('',(1.,0.,-0.));
#5139 = DIRECTION('',(0.,0.,1.));
#5140 = DEFINITIONAL_REPRESENTATION('',(#5141),#5144);
#5141 = B_SPLINE_CURVE_WITH_KNOTS('',1,(#5142,#5143),.UNSPECIFIED.,.F.,
  .F.,(2,2),(42.5,57.123529411765),.PIECEWISE_BEZIER_KNOTS.);
#5142 = CARTESIAN_POINT('',(5.,0.));
#5143 = CARTESIAN_POINT('',(5.,-14.62352941176));
#5144 = ( GEOMETRIC_REPRESENTATION_CONTEXT(2) 
PARAMETRIC_REPRESENTATION_CONTEXT() REPRESENTATION_CONTEXT('2D SPACE',''
  ) );
#5145 = ORIENTED_EDGE('',*,*,#5146,.F.);
#5146 = EDGE_CURVE('',#5147,#5120,#5149,.T.);
#5147 = VERTEX_POINT('',#5148);
#5148 = CARTESIAN_POINT('',(-17.,85.,83.));
#5149 = SURFACE_CURVE('',#5150,(#5155,#5162),.PCURVE_S1.);
#5150 = CIRCLE('',#5151,17.);
#5151 = AXIS2_PLACEMENT_3D('',#5152,#5153,#5154);
#5152 = CARTESIAN_POINT('',(0.,85.,83.));
#5153 = DIRECTION('',(0.,0.,1.));
#5154 = DIRECTION('',(1.,0.,-0.));
#5155 = PCURVE('',#4089,#5156);
#5156 = DEFINITIONAL_REPRESENTATION('',(#5157),#5161);
#5157 = CIRCLE('',#5158,17.);
#5158 = AXIS2_PLACEMENT_2D('',#5159,#5160);
#5159 = CARTESIAN_POINT('',(0.,85.));
#5160 = DIRECTION('',(1.,0.));
#5161 = ( GEOMETRIC_REPRESENTATION_CONTEXT(2) 
PARAMETRIC_REPRESENTATION_CONTEXT() REPRESENTATION_CONTEXT('2D SPACE',''
  ) );
#5162 = PCURVE('',#5163,#5168);
#5163 = CYLINDRICAL_SURFACE('',#5164,17.);
#5164 = AXIS2_PLACEMENT_3D('',#5165,#5166,#5167);
#5165 = CARTESIAN_POINT('',(0.,85.,78.));
#5166 = DIRECTION('',(0.,0.,1.));
#5167 = DIRECTION('',(1.,0.,-0.));
#5168 = DEFINITIONAL_REPRESENTATION('',(#5169),#5173);
#5169 = LINE('',#5170,#5171);
#5170 = CARTESIAN_POINT('',(0.,5.));
#5171 = VECTOR('',#5172,1.);
#5172 = DIRECTION('',(1.,0.));
#5173 = ( GEOMETRIC_REPRESENTATION_CONTEXT(2) 
PARAMETRIC_REPRESENTATION_CONTEXT() REPRESENTATION_CONTEXT('2D SPACE',''
  ) );
#5174 = ORIENTED_EDGE('',*,*,#5175,.T.);
#5175 = EDGE_CURVE('',#5147,#5176,#5178,.T.);
#5176 = VERTEX_POINT('',#5177);
#5177 = CARTESIAN_POINT('',(-17.,98.544406233941,83.));
#5178 = SURFACE_CURVE('',#5179,(#5183,#5190),.PCURVE_S1.);
#5179 = LINE('',#5180,#5181);
#5180 = CARTESIAN_POINT('',(-17.,42.5,83.));
#5181 = VECTOR('',#5182,1.);
#5182 = DIRECTION('',(-0.,1.,0.));
#5183 = PCURVE('',#4089,#5184);
#5184 = DEFINITIONAL_REPRESENTATION('',(#5185),#5189);
#5185 = LINE('',#5186,#5187);
#5186 = CARTESIAN_POINT('',(-17.,42.5));
#5187 = VECTOR('',#5188,1.);
#5188 = DIRECTION('',(0.,1.));
#5189 = ( GEOMETRIC_REPRESENTATION_CONTEXT(2) 
PARAMETRIC_REPRESENTATION_CONTEXT() REPRESENTATION_CONTEXT('2D SPACE',''
  ) );
#5190 = PCURVE('',#5191,#5196);
#5191 = PLANE('',#5192);
#5192 = AXIS2_PLACEMENT_3D('',#5193,#5194,#5195);
#5193 = CARTESIAN_POINT('',(-17.,85.,78.));
#5194 = DIRECTION('',(1.,0.,-0.));
#5195 = DIRECTION('',(0.,0.,1.));
#5196 = DEFINITIONAL_REPRESENTATION('',(#5197),#5200);
#5197 = B_SPLINE_CURVE_WITH_KNOTS('',1,(#5198,#5199),.UNSPECIFIED.,.F.,
  .F.,(2,2),(42.5,57.123529411765),.PIECEWISE_BEZIER_KNOTS.);
#5198 = CARTESIAN_POINT('',(5.,0.));
#5199 = CARTESIAN_POINT('',(5.,-14.62352941176));
#5200 = ( GEOMETRIC_REPRESENTATION_CONTEXT(2) 
PARAMETRIC_REPRESENTATION_CONTEXT() REPRESENTATION_CONTEXT('2D SPACE',''
  ) );
#5201 = ORIENTED_EDGE('',*,*,#5202,.T.);
#5202 = EDGE_CURVE('',#5176,#5203,#5205,.T.);
#5203 = VERTEX_POINT('',#5204);
#5204 = CARTESIAN_POINT('',(-33.21611318837,94.32226579476,83.));
#5205 = SURFACE_CURVE('',#5206,(#5211,#5218),.PCURVE_S1.);
#5206 = CIRCLE('',#5207,100.);
#5207 = AXIS2_PLACEMENT_3D('',#5208,#5209,#5210);
#5208 = CARTESIAN_POINT('',(0.,0.,83.));
#5209 = DIRECTION('',(0.,0.,1.));
#5210 = DIRECTION('',(1.,0.,-0.));
#5211 = PCURVE('',#4089,#5212);
#5212 = DEFINITIONAL_REPRESENTATION('',(#5213),#5217);
#5213 = CIRCLE('',#5214,100.);
#5214 = AXIS2_PLACEMENT_2D('',#5215,#5216);
#5215 = CARTESIAN_POINT('',(0.,0.));
#5216 = DIRECTION('',(1.,0.));
#5217 = ( GEOMETRIC_REPRESENTATION_CONTEXT(2) 
PARAMETRIC_REPRESENTATION_CONTEXT() REPRESENTATION_CONTEXT('2D SPACE',''
  ) );
#5218 = PCURVE('',#5219,#5224);
#5219 = CYLINDRICAL_SURFACE('',#5220,100.);
#5220 = AXIS2_PLACEMENT_3D('',#5221,#5222,#5223);
#5221 = CARTESIAN_POINT('',(0.,0.,65.));
#5222 = DIRECTION('',(0.,0.,1.));
#5223 = DIRECTION('',(1.,0.,-0.));
#5224 = DEFINITIONAL_REPRESENTATION('',(#5225),#5229);
#5225 = LINE('',#5226,#5227);
#5226 = CARTESIAN_POINT('',(0.,18.));
#5227 = VECTOR('',#5228,1.);
#5228 = DIRECTION('',(1.,0.));
#5229 = ( GEOMETRIC_REPRESENTATION_CONTEXT(2) 
PARAMETRIC_REPRESENTATION_CONTEXT() REPRESENTATION_CONTEXT('2D SPACE',''
  ) );
#5230 = ORIENTED_EDGE('',*,*,#5231,.T.);
#5231 = EDGE_CURVE('',#5203,#5232,#5234,.T.);
#5232 = VERTEX_POINT('',#5233);
#5233 = CARTESIAN_POINT('',(-34.87691884778,99.038379084498,83.));
#5234 = SURFACE_CURVE('',#5235,(#5239,#5246),.PCURVE_S1.);
#5235 = LINE('',#5236,#5237);
#5236 = CARTESIAN_POINT('',(-21.59047357244,61.309472766594,83.));
#5237 = VECTOR('',#5238,1.);
#5238 = DIRECTION('',(-0.332161131884,0.943222657948,0.));
#5239 = PCURVE('',#4089,#5240);
#5240 = DEFINITIONAL_REPRESENTATION('',(#5241),#5245);
#5241 = LINE('',#5242,#5243);
#5242 = CARTESIAN_POINT('',(-21.59047357244,61.309472766594));
#5243 = VECTOR('',#5244,1.);
#5244 = DIRECTION('',(-0.332161131884,0.943222657948));
#5245 = ( GEOMETRIC_REPRESENTATION_CONTEXT(2) 
PARAMETRIC_REPRESENTATION_CONTEXT() REPRESENTATION_CONTEXT('2D SPACE',''
  ) );
#5246 = PCURVE('',#5247,#5252);
#5247 = PLANE('',#5248);
#5248 = AXIS2_PLACEMENT_3D('',#5249,#5250,#5251);
#5249 = CARTESIAN_POINT('',(-43.18094714488,122.61894553318,66.));
#5250 = DIRECTION('',(0.943222657948,0.332161131884,-0.));
#5251 = DIRECTION('',(0.332161131884,-0.943222657948,0.));
#5252 = DEFINITIONAL_REPRESENTATION('',(#5253),#5256);
#5253 = B_SPLINE_CURVE_WITH_KNOTS('',1,(#5254,#5255),.UNSPECIFIED.,.F.,
  .F.,(2,2),(35.,46.32048102881),.PIECEWISE_BEZIER_KNOTS.);
#5254 = CARTESIAN_POINT('',(30.,-17.));
#5255 = CARTESIAN_POINT('',(18.67951897119,-17.));
#5256 = ( GEOMETRIC_REPRESENTATION_CONTEXT(2) 
PARAMETRIC_REPRESENTATION_CONTEXT() REPRESENTATION_CONTEXT('2D SPACE',''
  ) );
#5257 = ORIENTED_EDGE('',*,*,#5258,.T.);
#5258 = EDGE_CURVE('',#5232,#4780,#5259,.T.);
#5259 = SURFACE_CURVE('',#5260,(#5265,#5272),.PCURVE_S1.);
#5260 = CIRCLE('',#5261,105.);
#5261 = AXIS2_PLACEMENT_3D('',#5262,#5263,#5264);
#5262 = CARTESIAN_POINT('',(0.,0.,83.));
#5263 = DIRECTION('',(0.,0.,1.));
#5264 = DIRECTION('',(1.,0.,-0.));
#5265 = PCURVE('',#4089,#5266);
#5266 = DEFINITIONAL_REPRESENTATION('',(#5267),#5271);
#5267 = CIRCLE('',#5268,105.);
#5268 = AXIS2_PLACEMENT_2D('',#5269,#5270);
#5269 = CARTESIAN_POINT('',(0.,0.));
#5270 = DIRECTION('',(1.,0.));
#5271 = ( GEOMETRIC_REPRESENTATION_CONTEXT(2) 
PARAMETRIC_REPRESENTATION_CONTEXT() REPRESENTATION_CONTEXT('2D SPACE',''
  ) );
#5272 = PCURVE('',#5273,#5278);
#5273 = CYLINDRICAL_SURFACE('',#5274,105.);
#5274 = AXIS2_PLACEMENT_3D('',#5275,#5276,#5277);
#5275 = CARTESIAN_POINT('',(0.,0.,67.));
#5276 = DIRECTION('',(0.,0.,1.));
#5277 = DIRECTION('',(1.,0.,-0.));
#5278 = DEFINITIONAL_REPRESENTATION('',(#5279),#5283);
#5279 = LINE('',#5280,#5281);
#5280 = CARTESIAN_POINT('',(0.,16.));
#5281 = VECTOR('',#5282,1.);
#5282 = DIRECTION('',(1.,0.));
#5283 = ( GEOMETRIC_REPRESENTATION_CONTEXT(2) 
PARAMETRIC_REPRESENTATION_CONTEXT() REPRESENTATION_CONTEXT('2D SPACE',''
  ) );
#5284 = FACE_BOUND('',#5285,.T.);
#5285 = EDGE_LOOP('',(#5286));
#5286 = ORIENTED_EDGE('',*,*,#4072,.F.);
#5287 = FACE_BOUND('',#5288,.T.);
#5288 = EDGE_LOOP('',(#5289));
#5289 = ORIENTED_EDGE('',*,*,#5290,.F.);
#5290 = EDGE_CURVE('',#5291,#5291,#5293,.T.);
#5291 = VERTEX_POINT('',#5292);
#5292 = CARTESIAN_POINT('',(91.149157926016,34.441508912858,83.));
#5293 = SURFACE_CURVE('',#5294,(#5299,#5306),.PCURVE_S1.);
#5294 = CIRCLE('',#5295,8.);
#5295 = AXIS2_PLACEMENT_3D('',#5296,#5297,#5298);
#5296 = CARTESIAN_POINT('',(83.149157926016,34.441508912858,83.));
#5297 = DIRECTION('',(0.,0.,1.));
#5298 = DIRECTION('',(1.,0.,-0.));
#5299 = PCURVE('',#4089,#5300);
#5300 = DEFINITIONAL_REPRESENTATION('',(#5301),#5305);
#5301 = CIRCLE('',#5302,8.);
#5302 = AXIS2_PLACEMENT_2D('',#5303,#5304);
#5303 = CARTESIAN_POINT('',(83.149157926016,34.441508912858));
#5304 = DIRECTION('',(1.,0.));
#5305 = ( GEOMETRIC_REPRESENTATION_CONTEXT(2) 
PARAMETRIC_REPRESENTATION_CONTEXT() REPRESENTATION_CONTEXT('2D SPACE',''
  ) );
#5306 = PCURVE('',#5307,#5312);
#5307 = CYLINDRICAL_SURFACE('',#5308,8.);
#5308 = AXIS2_PLACEMENT_3D('',#5309,#5310,#5311);
#5309 = CARTESIAN_POINT('',(83.149157926016,34.441508912858,66.));
#5310 = DIRECTION('',(0.,0.,1.));
#5311 = DIRECTION('',(1.,0.,-0.));
#5312 = DEFINITIONAL_REPRESENTATION('',(#5313),#5317);
#5313 = LINE('',#5314,#5315);
#5314 = CARTESIAN_POINT('',(0.,17.));
#5315 = VECTOR('',#5316,1.);
#5316 = DIRECTION('',(1.,0.));
#5317 = ( GEOMETRIC_REPRESENTATION_CONTEXT(2) 
PARAMETRIC_REPRESENTATION_CONTEXT() REPRESENTATION_CONTEXT('2D SPACE',''
  ) );
#5318 = ADVANCED_FACE('',(#5319),#4165,.F.);
#5319 = FACE_BOUND('',#5320,.F.);
#5320 = EDGE_LOOP('',(#5321,#5344,#5345));
#5321 = ORIENTED_EDGE('',*,*,#5322,.F.);
#5322 = EDGE_CURVE('',#4128,#5323,#5325,.T.);
#5323 = VERTEX_POINT('',#5324);
#5324 = CARTESIAN_POINT('',(-42.06888370749,-30.5648331192,
    82.197418142917));
#5325 = SEAM_CURVE('',#5326,(#5330,#5337),.PCURVE_S1.);
#5326 = LINE('',#5327,#5328);
#5327 = CARTESIAN_POINT('',(-45.06888370749,-30.5648331192,84.));
#5328 = VECTOR('',#5329,1.);
#5329 = DIRECTION('',(0.857167300702,2.099454382277E-16,-0.51503807491)
  );
#5330 = PCURVE('',#4165,#5331);
#5331 = DEFINITIONAL_REPRESENTATION('',(#5332),#5336);
#5332 = LINE('',#5333,#5334);
#5333 = CARTESIAN_POINT('',(-6.28318530718,0.));
#5334 = VECTOR('',#5335,1.);
#5335 = DIRECTION('',(-0.,-1.));
#5336 = ( GEOMETRIC_REPRESENTATION_CONTEXT(2) 
PARAMETRIC_REPRESENTATION_CONTEXT() REPRESENTATION_CONTEXT('2D SPACE',''
  ) );
#5337 = PCURVE('',#4165,#5338);
#5338 = DEFINITIONAL_REPRESENTATION('',(#5339),#5343);
#5339 = LINE('',#5340,#5341);
#5340 = CARTESIAN_POINT('',(0.,-0.));
#5341 = VECTOR('',#5342,1.);
#5342 = DIRECTION('',(-0.,-1.));
#5343 = ( GEOMETRIC_REPRESENTATION_CONTEXT(2) 
PARAMETRIC_REPRESENTATION_CONTEXT() REPRESENTATION_CONTEXT('2D SPACE',''
  ) );
#5344 = ORIENTED_EDGE('',*,*,#4150,.T.);
#5345 = ORIENTED_EDGE('',*,*,#5322,.T.);
#5346 = ADVANCED_FACE('',(#5347),#4219,.F.);
#5347 = FACE_BOUND('',#5348,.F.);
#5348 = EDGE_LOOP('',(#5349,#5372,#5373));
#5349 = ORIENTED_EDGE('',*,*,#5350,.F.);
#5350 = EDGE_CURVE('',#4182,#5351,#5353,.T.);
#5351 = VERTEX_POINT('',#5352);
#5352 = CARTESIAN_POINT('',(-16.06888370749,-49.45493884734,
    82.197418142917));
#5353 = SEAM_CURVE('',#5354,(#5358,#5365),.PCURVE_S1.);
#5354 = LINE('',#5355,#5356);
#5355 = CARTESIAN_POINT('',(-19.06888370749,-49.45493884734,84.));
#5356 = VECTOR('',#5357,1.);
#5357 = DIRECTION('',(0.857167300702,2.099454382277E-16,-0.51503807491)
  );
#5358 = PCURVE('',#4219,#5359);
#5359 = DEFINITIONAL_REPRESENTATION('',(#5360),#5364);
#5360 = LINE('',#5361,#5362);
#5361 = CARTESIAN_POINT('',(-6.28318530718,0.));
#5362 = VECTOR('',#5363,1.);
#5363 = DIRECTION('',(-0.,-1.));
#5364 = ( GEOMETRIC_REPRESENTATION_CONTEXT(2) 
PARAMETRIC_REPRESENTATION_CONTEXT() REPRESENTATION_CONTEXT('2D SPACE',''
  ) );
#5365 = PCURVE('',#4219,#5366);
#5366 = DEFINITIONAL_REPRESENTATION('',(#5367),#5371);
#5367 = LINE('',#5368,#5369);
#5368 = CARTESIAN_POINT('',(0.,-0.));
#5369 = VECTOR('',#5370,1.);
#5370 = DIRECTION('',(-0.,-1.));
#5371 = ( GEOMETRIC_REPRESENTATION_CONTEXT(2) 
PARAMETRIC_REPRESENTATION_CONTEXT() REPRESENTATION_CONTEXT('2D SPACE',''
  ) );
#5372 = ORIENTED_EDGE('',*,*,#4204,.T.);
#5373 = ORIENTED_EDGE('',*,*,#5350,.T.);
#5374 = ADVANCED_FACE('',(#5375),#4273,.F.);
#5375 = FACE_BOUND('',#5376,.F.);
#5376 = EDGE_LOOP('',(#5377,#5400,#5401));
#5377 = ORIENTED_EDGE('',*,*,#5378,.F.);
#5378 = EDGE_CURVE('',#4236,#5379,#5381,.T.);
#5379 = VERTEX_POINT('',#5380);
#5380 = CARTESIAN_POINT('',(16.068883707497,-49.45493884734,
    82.197418142917));
#5381 = SEAM_CURVE('',#5382,(#5386,#5393),.PCURVE_S1.);
#5382 = LINE('',#5383,#5384);
#5383 = CARTESIAN_POINT('',(13.068883707497,-49.45493884734,84.));
#5384 = VECTOR('',#5385,1.);
#5385 = DIRECTION('',(0.857167300702,2.099454382277E-16,-0.51503807491)
  );
#5386 = PCURVE('',#4273,#5387);
#5387 = DEFINITIONAL_REPRESENTATION('',(#5388),#5392);
#5388 = LINE('',#5389,#5390);
#5389 = CARTESIAN_POINT('',(-6.28318530718,0.));
#5390 = VECTOR('',#5391,1.);
#5391 = DIRECTION('',(-0.,-1.));
#5392 = ( GEOMETRIC_REPRESENTATION_CONTEXT(2) 
PARAMETRIC_REPRESENTATION_CONTEXT() REPRESENTATION_CONTEXT('2D SPACE',''
  ) );
#5393 = PCURVE('',#4273,#5394);
#5394 = DEFINITIONAL_REPRESENTATION('',(#5395),#5399);
#5395 = LINE('',#5396,#5397);
#5396 = CARTESIAN_POINT('',(0.,-0.));
#5397 = VECTOR('',#5398,1.);
#5398 = DIRECTION('',(-0.,-1.));
#5399 = ( GEOMETRIC_REPRESENTATION_CONTEXT(2) 
PARAMETRIC_REPRESENTATION_CONTEXT() REPRESENTATION_CONTEXT('2D SPACE',''
  ) );
#5400 = ORIENTED_EDGE('',*,*,#4258,.T.);
#5401 = ORIENTED_EDGE('',*,*,#5378,.T.);
#5402 = ADVANCED_FACE('',(#5403),#4327,.F.);
#5403 = FACE_BOUND('',#5404,.F.);
#5404 = EDGE_LOOP('',(#5405,#5428,#5429));
#5405 = ORIENTED_EDGE('',*,*,#5406,.F.);
#5406 = EDGE_CURVE('',#4290,#5407,#5409,.T.);
#5407 = VERTEX_POINT('',#5408);
#5408 = CARTESIAN_POINT('',(42.068883707497,-30.5648331192,
    82.197418142917));
#5409 = SEAM_CURVE('',#5410,(#5414,#5421),.PCURVE_S1.);
#5410 = LINE('',#5411,#5412);
#5411 = CARTESIAN_POINT('',(39.068883707497,-30.5648331192,84.));
#5412 = VECTOR('',#5413,1.);
#5413 = DIRECTION('',(0.857167300702,2.099454382277E-16,-0.51503807491)
  );
#5414 = PCURVE('',#4327,#5415);
#5415 = DEFINITIONAL_REPRESENTATION('',(#5416),#5420);
#5416 = LINE('',#5417,#5418);
#5417 = CARTESIAN_POINT('',(-6.28318530718,0.));
#5418 = VECTOR('',#5419,1.);
#5419 = DIRECTION('',(-0.,-1.));
#5420 = ( GEOMETRIC_REPRESENTATION_CONTEXT(2) 
PARAMETRIC_REPRESENTATION_CONTEXT() REPRESENTATION_CONTEXT('2D SPACE',''
  ) );
#5421 = PCURVE('',#4327,#5422);
#5422 = DEFINITIONAL_REPRESENTATION('',(#5423),#5427);
#5423 = LINE('',#5424,#5425);
#5424 = CARTESIAN_POINT('',(0.,-0.));
#5425 = VECTOR('',#5426,1.);
#5426 = DIRECTION('',(-0.,-1.));
#5427 = ( GEOMETRIC_REPRESENTATION_CONTEXT(2) 
PARAMETRIC_REPRESENTATION_CONTEXT() REPRESENTATION_CONTEXT('2D SPACE',''
  ) );
#5428 = ORIENTED_EDGE('',*,*,#4312,.T.);
#5429 = ORIENTED_EDGE('',*,*,#5406,.T.);
#5430 = ADVANCED_FACE('',(#5431),#4381,.F.);
#5431 = FACE_BOUND('',#5432,.F.);
#5432 = EDGE_LOOP('',(#5433,#5456,#5457));
#5433 = ORIENTED_EDGE('',*,*,#5434,.F.);
#5434 = EDGE_CURVE('',#4344,#5435,#5437,.T.);
#5435 = VERTEX_POINT('',#5436);
#5436 = CARTESIAN_POINT('',(-52.,6.368163355566E-15,82.197418142917));
#5437 = SEAM_CURVE('',#5438,(#5442,#5449),.PCURVE_S1.);
#5438 = LINE('',#5439,#5440);
#5439 = CARTESIAN_POINT('',(-55.,5.633375276078E-15,84.));
#5440 = VECTOR('',#5441,1.);
#5441 = DIRECTION('',(0.857167300702,2.099454382277E-16,-0.51503807491)
  );
#5442 = PCURVE('',#4381,#5443);
#5443 = DEFINITIONAL_REPRESENTATION('',(#5444),#5448);
#5444 = LINE('',#5445,#5446);
#5445 = CARTESIAN_POINT('',(-6.28318530718,0.));
#5446 = VECTOR('',#5447,1.);
#5447 = DIRECTION('',(-0.,-1.));
#5448 = ( GEOMETRIC_REPRESENTATION_CONTEXT(2) 
PARAMETRIC_REPRESENTATION_CONTEXT() REPRESENTATION_CONTEXT('2D SPACE',''
  ) );
#5449 = PCURVE('',#4381,#5450);
#5450 = DEFINITIONAL_REPRESENTATION('',(#5451),#5455);
#5451 = LINE('',#5452,#5453);
#5452 = CARTESIAN_POINT('',(0.,-0.));
#5453 = VECTOR('',#5454,1.);
#5454 = DIRECTION('',(-0.,-1.));
#5455 = ( GEOMETRIC_REPRESENTATION_CONTEXT(2) 
PARAMETRIC_REPRESENTATION_CONTEXT() REPRESENTATION_CONTEXT('2D SPACE',''
  ) );
#5456 = ORIENTED_EDGE('',*,*,#4366,.T.);
#5457 = ORIENTED_EDGE('',*,*,#5434,.T.);
#5458 = ADVANCED_FACE('',(#5459),#4435,.F.);
#5459 = FACE_BOUND('',#5460,.F.);
#5460 = EDGE_LOOP('',(#5461,#5484,#5485));
#5461 = ORIENTED_EDGE('',*,*,#5462,.F.);
#5462 = EDGE_CURVE('',#4398,#5463,#5465,.T.);
#5463 = VERTEX_POINT('',#5464);
#5464 = CARTESIAN_POINT('',(-42.06888370749,30.564833119209,
    82.197418142917));
#5465 = SEAM_CURVE('',#5466,(#5470,#5477),.PCURVE_S1.);
#5466 = LINE('',#5467,#5468);
#5467 = CARTESIAN_POINT('',(-45.06888370749,30.564833119209,84.));
#5468 = VECTOR('',#5469,1.);
#5469 = DIRECTION('',(0.857167300702,2.099454382277E-16,-0.51503807491)
  );
#5470 = PCURVE('',#4435,#5471);
#5471 = DEFINITIONAL_REPRESENTATION('',(#5472),#5476);
#5472 = LINE('',#5473,#5474);
#5473 = CARTESIAN_POINT('',(-6.28318530718,0.));
#5474 = VECTOR('',#5475,1.);
#5475 = DIRECTION('',(-0.,-1.));
#5476 = ( GEOMETRIC_REPRESENTATION_CONTEXT(2) 
PARAMETRIC_REPRESENTATION_CONTEXT() REPRESENTATION_CONTEXT('2D SPACE',''
  ) );
#5477 = PCURVE('',#4435,#5478);
#5478 = DEFINITIONAL_REPRESENTATION('',(#5479),#5483);
#5479 = LINE('',#5480,#5481);
#5480 = CARTESIAN_POINT('',(0.,-0.));
#5481 = VECTOR('',#5482,1.);
#5482 = DIRECTION('',(-0.,-1.));
#5483 = ( GEOMETRIC_REPRESENTATION_CONTEXT(2) 
PARAMETRIC_REPRESENTATION_CONTEXT() REPRESENTATION_CONTEXT('2D SPACE',''
  ) );
#5484 = ORIENTED_EDGE('',*,*,#4420,.T.);
#5485 = ORIENTED_EDGE('',*,*,#5462,.T.);
#5486 = ADVANCED_FACE('',(#5487),#4489,.F.);
#5487 = FACE_BOUND('',#5488,.F.);
#5488 = EDGE_LOOP('',(#5489,#5512,#5513));
#5489 = ORIENTED_EDGE('',*,*,#5490,.F.);
#5490 = EDGE_CURVE('',#4452,#5491,#5493,.T.);
#5491 = VERTEX_POINT('',#5492);
#5492 = CARTESIAN_POINT('',(-16.06888370749,49.454938847348,
    82.197418142917));
#5493 = SEAM_CURVE('',#5494,(#5498,#5505),.PCURVE_S1.);
#5494 = LINE('',#5495,#5496);
#5495 = CARTESIAN_POINT('',(-19.06888370749,49.454938847348,84.));
#5496 = VECTOR('',#5497,1.);
#5497 = DIRECTION('',(0.857167300702,2.099454382277E-16,-0.51503807491)
  );
#5498 = PCURVE('',#4489,#5499);
#5499 = DEFINITIONAL_REPRESENTATION('',(#5500),#5504);
#5500 = LINE('',#5501,#5502);
#5501 = CARTESIAN_POINT('',(-6.28318530718,0.));
#5502 = VECTOR('',#5503,1.);
#5503 = DIRECTION('',(-0.,-1.));
#5504 = ( GEOMETRIC_REPRESENTATION_CONTEXT(2) 
PARAMETRIC_REPRESENTATION_CONTEXT() REPRESENTATION_CONTEXT('2D SPACE',''
  ) );
#5505 = PCURVE('',#4489,#5506);
#5506 = DEFINITIONAL_REPRESENTATION('',(#5507),#5511);
#5507 = LINE('',#5508,#5509);
#5508 = CARTESIAN_POINT('',(0.,-0.));
#5509 = VECTOR('',#5510,1.);
#5510 = DIRECTION('',(-0.,-1.));
#5511 = ( GEOMETRIC_REPRESENTATION_CONTEXT(2) 
PARAMETRIC_REPRESENTATION_CONTEXT() REPRESENTATION_CONTEXT('2D SPACE',''
  ) );
#5512 = ORIENTED_EDGE('',*,*,#4474,.T.);
#5513 = ORIENTED_EDGE('',*,*,#5490,.T.);
#5514 = ADVANCED_FACE('',(#5515),#4544,.T.);
#5515 = FACE_BOUND('',#5516,.T.);
#5516 = EDGE_LOOP('',(#5517,#5518,#5541,#5568));
#5517 = ORIENTED_EDGE('',*,*,#4529,.T.);
#5518 = ORIENTED_EDGE('',*,*,#5519,.T.);
#5519 = EDGE_CURVE('',#4507,#5520,#5522,.T.);
#5520 = VERTEX_POINT('',#5521);
#5521 = CARTESIAN_POINT('',(37.1,0.,108.3));
#5522 = SEAM_CURVE('',#5523,(#5527,#5534),.PCURVE_S1.);
#5523 = LINE('',#5524,#5525);
#5524 = CARTESIAN_POINT('',(38.45,0.,106.95));
#5525 = VECTOR('',#5526,1.);
#5526 = DIRECTION('',(-0.707106781187,0.,0.707106781187));
#5527 = PCURVE('',#4544,#5528);
#5528 = DEFINITIONAL_REPRESENTATION('',(#5529),#5533);
#5529 = LINE('',#5530,#5531);
#5530 = CARTESIAN_POINT('',(-0.,-0.));
#5531 = VECTOR('',#5532,1.);
#5532 = DIRECTION('',(-0.,-1.));
#5533 = ( GEOMETRIC_REPRESENTATION_CONTEXT(2) 
PARAMETRIC_REPRESENTATION_CONTEXT() REPRESENTATION_CONTEXT('2D SPACE',''
  ) );
#5534 = PCURVE('',#4544,#5535);
#5535 = DEFINITIONAL_REPRESENTATION('',(#5536),#5540);
#5536 = LINE('',#5537,#5538);
#5537 = CARTESIAN_POINT('',(-6.28318530718,-0.));
#5538 = VECTOR('',#5539,1.);
#5539 = DIRECTION('',(-0.,-1.));
#5540 = ( GEOMETRIC_REPRESENTATION_CONTEXT(2) 
PARAMETRIC_REPRESENTATION_CONTEXT() REPRESENTATION_CONTEXT('2D SPACE',''
  ) );
#5541 = ORIENTED_EDGE('',*,*,#5542,.F.);
#5542 = EDGE_CURVE('',#5520,#5520,#5543,.T.);
#5543 = SURFACE_CURVE('',#5544,(#5549,#5556),.PCURVE_S1.);
#5544 = CIRCLE('',#5545,37.1);
#5545 = AXIS2_PLACEMENT_3D('',#5546,#5547,#5548);
#5546 = CARTESIAN_POINT('',(0.,0.,108.3));
#5547 = DIRECTION('',(0.,0.,1.));
#5548 = DIRECTION('',(1.,0.,-0.));
#5549 = PCURVE('',#4544,#5550);
#5550 = DEFINITIONAL_REPRESENTATION('',(#5551),#5555);
#5551 = LINE('',#5552,#5553);
#5552 = CARTESIAN_POINT('',(-0.,-1.35));
#5553 = VECTOR('',#5554,1.);
#5554 = DIRECTION('',(-1.,-0.));
#5555 = ( GEOMETRIC_REPRESENTATION_CONTEXT(2) 
PARAMETRIC_REPRESENTATION_CONTEXT() REPRESENTATION_CONTEXT('2D SPACE',''
  ) );
#5556 = PCURVE('',#5557,#5562);
#5557 = PLANE('',#5558);
#5558 = AXIS2_PLACEMENT_3D('',#5559,#5560,#5561);
#5559 = CARTESIAN_POINT('',(0.,0.,108.3));
#5560 = DIRECTION('',(0.,0.,1.));
#5561 = DIRECTION('',(1.,0.,-0.));
#5562 = DEFINITIONAL_REPRESENTATION('',(#5563),#5567);
#5563 = CIRCLE('',#5564,37.1);
#5564 = AXIS2_PLACEMENT_2D('',#5565,#5566);
#5565 = CARTESIAN_POINT('',(0.,0.));
#5566 = DIRECTION('',(1.,0.));
#5567 = ( GEOMETRIC_REPRESENTATION_CONTEXT(2) 
PARAMETRIC_REPRESENTATION_CONTEXT() REPRESENTATION_CONTEXT('2D SPACE',''
  ) );
#5568 = ORIENTED_EDGE('',*,*,#5519,.F.);
#5569 = ADVANCED_FACE('',(#5570),#4598,.F.);
#5570 = FACE_BOUND('',#5571,.F.);
#5571 = EDGE_LOOP('',(#5572,#5595,#5596));
#5572 = ORIENTED_EDGE('',*,*,#5573,.F.);
#5573 = EDGE_CURVE('',#4561,#5574,#5576,.T.);
#5574 = VERTEX_POINT('',#5575);
#5575 = CARTESIAN_POINT('',(52.,0.,82.197418142917));
#5576 = SEAM_CURVE('',#5577,(#5581,#5588),.PCURVE_S1.);
#5577 = LINE('',#5578,#5579);
#5578 = CARTESIAN_POINT('',(49.,-7.347880794884E-16,84.));
#5579 = VECTOR('',#5580,1.);
#5580 = DIRECTION('',(0.857167300702,2.099454382277E-16,-0.51503807491)
  );
#5581 = PCURVE('',#4598,#5582);
#5582 = DEFINITIONAL_REPRESENTATION('',(#5583),#5587);
#5583 = LINE('',#5584,#5585);
#5584 = CARTESIAN_POINT('',(-6.28318530718,0.));
#5585 = VECTOR('',#5586,1.);
#5586 = DIRECTION('',(-0.,-1.));
#5587 = ( GEOMETRIC_REPRESENTATION_CONTEXT(2) 
PARAMETRIC_REPRESENTATION_CONTEXT() REPRESENTATION_CONTEXT('2D SPACE',''
  ) );
#5588 = PCURVE('',#4598,#5589);
#5589 = DEFINITIONAL_REPRESENTATION('',(#5590),#5594);
#5590 = LINE('',#5591,#5592);
#5591 = CARTESIAN_POINT('',(0.,-0.));
#5592 = VECTOR('',#5593,1.);
#5593 = DIRECTION('',(-0.,-1.));
#5594 = ( GEOMETRIC_REPRESENTATION_CONTEXT(2) 
PARAMETRIC_REPRESENTATION_CONTEXT() REPRESENTATION_CONTEXT('2D SPACE',''
  ) );
#5595 = ORIENTED_EDGE('',*,*,#4583,.T.);
#5596 = ORIENTED_EDGE('',*,*,#5573,.T.);
#5597 = ADVANCED_FACE('',(#5598),#4652,.F.);
#5598 = FACE_BOUND('',#5599,.F.);
#5599 = EDGE_LOOP('',(#5600,#5623,#5624));
#5600 = ORIENTED_EDGE('',*,*,#5601,.F.);
#5601 = EDGE_CURVE('',#4615,#5602,#5604,.T.);
#5602 = VERTEX_POINT('',#5603);
#5603 = CARTESIAN_POINT('',(16.068883707497,49.454938847348,
    82.197418142917));
#5604 = SEAM_CURVE('',#5605,(#5609,#5616),.PCURVE_S1.);
#5605 = LINE('',#5606,#5607);
#5606 = CARTESIAN_POINT('',(13.068883707497,49.454938847348,84.));
#5607 = VECTOR('',#5608,1.);
#5608 = DIRECTION('',(0.857167300702,2.099454382277E-16,-0.51503807491)
  );
#5609 = PCURVE('',#4652,#5610);
#5610 = DEFINITIONAL_REPRESENTATION('',(#5611),#5615);
#5611 = LINE('',#5612,#5613);
#5612 = CARTESIAN_POINT('',(-6.28318530718,0.));
#5613 = VECTOR('',#5614,1.);
#5614 = DIRECTION('',(-0.,-1.));
#5615 = ( GEOMETRIC_REPRESENTATION_CONTEXT(2) 
PARAMETRIC_REPRESENTATION_CONTEXT() REPRESENTATION_CONTEXT('2D SPACE',''
  ) );
#5616 = PCURVE('',#4652,#5617);
#5617 = DEFINITIONAL_REPRESENTATION('',(#5618),#5622);
#5618 = LINE('',#5619,#5620);
#5619 = CARTESIAN_POINT('',(0.,-0.));
#5620 = VECTOR('',#5621,1.);
#5621 = DIRECTION('',(-0.,-1.));
#5622 = ( GEOMETRIC_REPRESENTATION_CONTEXT(2) 
PARAMETRIC_REPRESENTATION_CONTEXT() REPRESENTATION_CONTEXT('2D SPACE',''
  ) );
#5623 = ORIENTED_EDGE('',*,*,#4637,.T.);
#5624 = ORIENTED_EDGE('',*,*,#5601,.T.);
#5625 = ADVANCED_FACE('',(#5626),#4706,.F.);
#5626 = FACE_BOUND('',#5627,.F.);
#5627 = EDGE_LOOP('',(#5628,#5651,#5652));
#5628 = ORIENTED_EDGE('',*,*,#5629,.F.);
#5629 = EDGE_CURVE('',#4669,#5630,#5632,.T.);
#5630 = VERTEX_POINT('',#5631);
#5631 = CARTESIAN_POINT('',(42.068883707497,30.564833119209,
    82.197418142917));
#5632 = SEAM_CURVE('',#5633,(#5637,#5644),.PCURVE_S1.);
#5633 = LINE('',#5634,#5635);
#5634 = CARTESIAN_POINT('',(39.068883707497,30.564833119209,84.));
#5635 = VECTOR('',#5636,1.);
#5636 = DIRECTION('',(0.857167300702,2.099454382277E-16,-0.51503807491)
  );
#5637 = PCURVE('',#4706,#5638);
#5638 = DEFINITIONAL_REPRESENTATION('',(#5639),#5643);
#5639 = LINE('',#5640,#5641);
#5640 = CARTESIAN_POINT('',(-6.28318530718,0.));
#5641 = VECTOR('',#5642,1.);
#5642 = DIRECTION('',(-0.,-1.));
#5643 = ( GEOMETRIC_REPRESENTATION_CONTEXT(2) 
PARAMETRIC_REPRESENTATION_CONTEXT() REPRESENTATION_CONTEXT('2D SPACE',''
  ) );
#5644 = PCURVE('',#4706,#5645);
#5645 = DEFINITIONAL_REPRESENTATION('',(#5646),#5650);
#5646 = LINE('',#5647,#5648);
#5647 = CARTESIAN_POINT('',(0.,-0.));
#5648 = VECTOR('',#5649,1.);
#5649 = DIRECTION('',(-0.,-1.));
#5650 = ( GEOMETRIC_REPRESENTATION_CONTEXT(2) 
PARAMETRIC_REPRESENTATION_CONTEXT() REPRESENTATION_CONTEXT('2D SPACE',''
  ) );
#5651 = ORIENTED_EDGE('',*,*,#4691,.T.);
#5652 = ORIENTED_EDGE('',*,*,#5629,.T.);
#5653 = ADVANCED_FACE('',(#5654,#5657),#4761,.T.);
#5654 = FACE_BOUND('',#5655,.T.);
#5655 = EDGE_LOOP('',(#5656));
#5656 = ORIENTED_EDGE('',*,*,#4746,.T.);
#5657 = FACE_BOUND('',#5658,.T.);
#5658 = EDGE_LOOP('',(#5659));
#5659 = ORIENTED_EDGE('',*,*,#5660,.F.);
#5660 = EDGE_CURVE('',#5661,#5661,#5663,.T.);
#5661 = VERTEX_POINT('',#5662);
#5662 = CARTESIAN_POINT('',(54.86,-1.343682468024E-14,52.));
#5663 = SURFACE_CURVE('',#5664,(#5669,#5676),.PCURVE_S1.);
#5664 = CIRCLE('',#5665,54.86);
#5665 = AXIS2_PLACEMENT_3D('',#5666,#5667,#5668);
#5666 = CARTESIAN_POINT('',(0.,0.,52.));
#5667 = DIRECTION('',(0.,0.,1.));
#5668 = DIRECTION('',(1.,0.,-0.));
#5669 = PCURVE('',#4761,#5670);
#5670 = DEFINITIONAL_REPRESENTATION('',(#5671),#5675);
#5671 = CIRCLE('',#5672,54.86);
#5672 = AXIS2_PLACEMENT_2D('',#5673,#5674);
#5673 = CARTESIAN_POINT('',(0.,0.));
#5674 = DIRECTION('',(1.,0.));
#5675 = ( GEOMETRIC_REPRESENTATION_CONTEXT(2) 
PARAMETRIC_REPRESENTATION_CONTEXT() REPRESENTATION_CONTEXT('2D SPACE',''
  ) );
#5676 = PCURVE('',#5677,#5682);
#5677 = CYLINDRICAL_SURFACE('',#5678,54.86);
#5678 = AXIS2_PLACEMENT_3D('',#5679,#5680,#5681);
#5679 = CARTESIAN_POINT('',(0.,0.,51.));
#5680 = DIRECTION('',(0.,0.,1.));
#5681 = DIRECTION('',(1.,0.,-0.));
#5682 = DEFINITIONAL_REPRESENTATION('',(#5683),#5687);
#5683 = LINE('',#5684,#5685);
#5684 = CARTESIAN_POINT('',(0.,1.));
#5685 = VECTOR('',#5686,1.);
#5686 = DIRECTION('',(1.,0.));
#5687 = ( GEOMETRIC_REPRESENTATION_CONTEXT(2) 
PARAMETRIC_REPRESENTATION_CONTEXT() REPRESENTATION_CONTEXT('2D SPACE',''
  ) );
#5688 = ADVANCED_FACE('',(#5689),#4795,.F.);
#5689 = FACE_BOUND('',#5690,.F.);
#5690 = EDGE_LOOP('',(#5691,#5712,#5738,#5757));
#5691 = ORIENTED_EDGE('',*,*,#5692,.F.);
#5692 = EDGE_CURVE('',#5693,#4778,#5695,.T.);
#5693 = VERTEX_POINT('',#5694);
#5694 = CARTESIAN_POINT('',(-85.,-61.64414002969,67.));
#5695 = SURFACE_CURVE('',#5696,(#5700,#5706),.PCURVE_S1.);
#5696 = LINE('',#5697,#5698);
#5697 = CARTESIAN_POINT('',(-85.,-61.64414002969,67.));
#5698 = VECTOR('',#5699,1.);
#5699 = DIRECTION('',(0.,0.,1.));
#5700 = PCURVE('',#4795,#5701);
#5701 = DEFINITIONAL_REPRESENTATION('',(#5702),#5705);
#5702 = B_SPLINE_CURVE_WITH_KNOTS('',1,(#5703,#5704),.UNSPECIFIED.,.F.,
  .F.,(2,2),(-6.000000070117E-07,16.0000006),.PIECEWISE_BEZIER_KNOTS.);
#5703 = CARTESIAN_POINT('',(0.9999994,-58.35585997031));
#5704 = CARTESIAN_POINT('',(17.0000006,-58.35585997031));
#5705 = ( GEOMETRIC_REPRESENTATION_CONTEXT(2) 
PARAMETRIC_REPRESENTATION_CONTEXT() REPRESENTATION_CONTEXT('2D SPACE',''
  ) );
#5706 = PCURVE('',#4823,#5707);
#5707 = DEFINITIONAL_REPRESENTATION('',(#5708),#5711);
#5708 = B_SPLINE_CURVE_WITH_KNOTS('',1,(#5709,#5710),.UNSPECIFIED.,.F.,
  .F.,(2,2),(-6.000000070117E-07,16.0000006),.PIECEWISE_BEZIER_KNOTS.);
#5709 = CARTESIAN_POINT('',(3.769048426513,-6.000000070117E-07));
#5710 = CARTESIAN_POINT('',(3.769048426513,16.0000006));
#5711 = ( GEOMETRIC_REPRESENTATION_CONTEXT(2) 
PARAMETRIC_REPRESENTATION_CONTEXT() REPRESENTATION_CONTEXT('2D SPACE',''
  ) );
#5712 = ORIENTED_EDGE('',*,*,#5713,.T.);
#5713 = EDGE_CURVE('',#5693,#5714,#5716,.T.);
#5714 = VERTEX_POINT('',#5715);
#5715 = CARTESIAN_POINT('',(-85.,61.64414002969,67.));
#5716 = SURFACE_CURVE('',#5717,(#5721,#5727),.PCURVE_S1.);
#5717 = LINE('',#5718,#5719);
#5718 = CARTESIAN_POINT('',(-85.,-60.,67.));
#5719 = VECTOR('',#5720,1.);
#5720 = DIRECTION('',(-0.,1.,0.));
#5721 = PCURVE('',#4795,#5722);
#5722 = DEFINITIONAL_REPRESENTATION('',(#5723),#5726);
#5723 = B_SPLINE_CURVE_WITH_KNOTS('',1,(#5724,#5725),.UNSPECIFIED.,.F.,
  .F.,(2,2),(-45.,165.),.PIECEWISE_BEZIER_KNOTS.);
#5724 = CARTESIAN_POINT('',(1.,-15.));
#5725 = CARTESIAN_POINT('',(1.,-225.));
#5726 = ( GEOMETRIC_REPRESENTATION_CONTEXT(2) 
PARAMETRIC_REPRESENTATION_CONTEXT() REPRESENTATION_CONTEXT('2D SPACE',''
  ) );
#5727 = PCURVE('',#5728,#5733);
#5728 = PLANE('',#5729);
#5729 = AXIS2_PLACEMENT_3D('',#5730,#5731,#5732);
#5730 = CARTESIAN_POINT('',(0.,0.,67.));
#5731 = DIRECTION('',(0.,0.,1.));
#5732 = DIRECTION('',(1.,0.,-0.));
#5733 = DEFINITIONAL_REPRESENTATION('',(#5734),#5737);
#5734 = B_SPLINE_CURVE_WITH_KNOTS('',1,(#5735,#5736),.UNSPECIFIED.,.F.,
  .F.,(2,2),(-45.,165.),.PIECEWISE_BEZIER_KNOTS.);
#5735 = CARTESIAN_POINT('',(-85.,-105.));
#5736 = CARTESIAN_POINT('',(-85.,105.));
#5737 = ( GEOMETRIC_REPRESENTATION_CONTEXT(2) 
PARAMETRIC_REPRESENTATION_CONTEXT() REPRESENTATION_CONTEXT('2D SPACE',''
  ) );
#5738 = ORIENTED_EDGE('',*,*,#5739,.T.);
#5739 = EDGE_CURVE('',#5714,#4780,#5740,.T.);
#5740 = SURFACE_CURVE('',#5741,(#5745,#5751),.PCURVE_S1.);
#5741 = LINE('',#5742,#5743);
#5742 = CARTESIAN_POINT('',(-85.,61.64414002969,67.));
#5743 = VECTOR('',#5744,1.);
#5744 = DIRECTION('',(0.,0.,1.));
#5745 = PCURVE('',#4795,#5746);
#5746 = DEFINITIONAL_REPRESENTATION('',(#5747),#5750);
#5747 = B_SPLINE_CURVE_WITH_KNOTS('',1,(#5748,#5749),.UNSPECIFIED.,.F.,
  .F.,(2,2),(-6.000000070117E-07,16.0000006),.PIECEWISE_BEZIER_KNOTS.);
#5748 = CARTESIAN_POINT('',(0.9999994,-181.6441400296));
#5749 = CARTESIAN_POINT('',(17.0000006,-181.6441400296));
#5750 = ( GEOMETRIC_REPRESENTATION_CONTEXT(2) 
PARAMETRIC_REPRESENTATION_CONTEXT() REPRESENTATION_CONTEXT('2D SPACE',''
  ) );
#5751 = PCURVE('',#5273,#5752);
#5752 = DEFINITIONAL_REPRESENTATION('',(#5753),#5756);
#5753 = B_SPLINE_CURVE_WITH_KNOTS('',1,(#5754,#5755),.UNSPECIFIED.,.F.,
  .F.,(2,2),(-6.000000070117E-07,16.0000006),.PIECEWISE_BEZIER_KNOTS.);
#5754 = CARTESIAN_POINT('',(2.514136880667,-6.000000070117E-07));
#5755 = CARTESIAN_POINT('',(2.514136880667,16.0000006));
#5756 = ( GEOMETRIC_REPRESENTATION_CONTEXT(2) 
PARAMETRIC_REPRESENTATION_CONTEXT() REPRESENTATION_CONTEXT('2D SPACE',''
  ) );
#5757 = ORIENTED_EDGE('',*,*,#4777,.F.);
#5758 = ADVANCED_FACE('',(#5759),#4823,.T.);
#5759 = FACE_BOUND('',#5760,.T.);
#5760 = EDGE_LOOP('',(#5761,#5782,#5783,#5784));
#5761 = ORIENTED_EDGE('',*,*,#5762,.T.);
#5762 = EDGE_CURVE('',#5763,#4807,#5765,.T.);
#5763 = VERTEX_POINT('',#5764);
#5764 = CARTESIAN_POINT('',(-34.87691884778,-99.03837908449,67.));
#5765 = SURFACE_CURVE('',#5766,(#5770,#5776),.PCURVE_S1.);
#5766 = LINE('',#5767,#5768);
#5767 = CARTESIAN_POINT('',(-34.87691884778,-99.03837908449,67.));
#5768 = VECTOR('',#5769,1.);
#5769 = DIRECTION('',(0.,0.,1.));
#5770 = PCURVE('',#4823,#5771);
#5771 = DEFINITIONAL_REPRESENTATION('',(#5772),#5775);
#5772 = B_SPLINE_CURVE_WITH_KNOTS('',1,(#5773,#5774),.UNSPECIFIED.,.F.,
  .F.,(2,2),(-6.000000070117E-07,16.0000006),.PIECEWISE_BEZIER_KNOTS.);
#5773 = CARTESIAN_POINT('',(4.373795105498,-6.000000070117E-07));
#5774 = CARTESIAN_POINT('',(4.373795105498,16.0000006));
#5775 = ( GEOMETRIC_REPRESENTATION_CONTEXT(2) 
PARAMETRIC_REPRESENTATION_CONTEXT() REPRESENTATION_CONTEXT('2D SPACE',''
  ) );
#5776 = PCURVE('',#4851,#5777);
#5777 = DEFINITIONAL_REPRESENTATION('',(#5778),#5781);
#5778 = B_SPLINE_CURVE_WITH_KNOTS('',1,(#5779,#5780),.UNSPECIFIED.,.F.,
  .F.,(2,2),(-6.000000070117E-07,16.0000006),.PIECEWISE_BEZIER_KNOTS.);
#5779 = CARTESIAN_POINT('',(105.,-0.9999994));
#5780 = CARTESIAN_POINT('',(105.,-17.0000006));
#5781 = ( GEOMETRIC_REPRESENTATION_CONTEXT(2) 
PARAMETRIC_REPRESENTATION_CONTEXT() REPRESENTATION_CONTEXT('2D SPACE',''
  ) );
#5782 = ORIENTED_EDGE('',*,*,#4806,.F.);
#5783 = ORIENTED_EDGE('',*,*,#5692,.F.);
#5784 = ORIENTED_EDGE('',*,*,#5785,.T.);
#5785 = EDGE_CURVE('',#5693,#5763,#5786,.T.);
#5786 = SURFACE_CURVE('',#5787,(#5792,#5799),.PCURVE_S1.);
#5787 = CIRCLE('',#5788,105.);
#5788 = AXIS2_PLACEMENT_3D('',#5789,#5790,#5791);
#5789 = CARTESIAN_POINT('',(0.,0.,67.));
#5790 = DIRECTION('',(0.,0.,1.));
#5791 = DIRECTION('',(1.,0.,-0.));
#5792 = PCURVE('',#4823,#5793);
#5793 = DEFINITIONAL_REPRESENTATION('',(#5794),#5798);
#5794 = LINE('',#5795,#5796);
#5795 = CARTESIAN_POINT('',(0.,0.));
#5796 = VECTOR('',#5797,1.);
#5797 = DIRECTION('',(1.,0.));
#5798 = ( GEOMETRIC_REPRESENTATION_CONTEXT(2) 
PARAMETRIC_REPRESENTATION_CONTEXT() REPRESENTATION_CONTEXT('2D SPACE',''
  ) );
#5799 = PCURVE('',#5728,#5800);
#5800 = DEFINITIONAL_REPRESENTATION('',(#5801),#5805);
#5801 = CIRCLE('',#5802,105.);
#5802 = AXIS2_PLACEMENT_2D('',#5803,#5804);
#5803 = CARTESIAN_POINT('',(0.,0.));
#5804 = DIRECTION('',(1.,0.));
#5805 = ( GEOMETRIC_REPRESENTATION_CONTEXT(2) 
PARAMETRIC_REPRESENTATION_CONTEXT() REPRESENTATION_CONTEXT('2D SPACE',''
  ) );
#5806 = ADVANCED_FACE('',(#5807),#5273,.T.);
#5807 = FACE_BOUND('',#5808,.T.);
#5808 = EDGE_LOOP('',(#5809,#5810,#5831,#5853));
#5809 = ORIENTED_EDGE('',*,*,#5258,.F.);
#5810 = ORIENTED_EDGE('',*,*,#5811,.F.);
#5811 = EDGE_CURVE('',#5812,#5232,#5814,.T.);
#5812 = VERTEX_POINT('',#5813);
#5813 = CARTESIAN_POINT('',(-34.87691884778,99.038379084498,67.));
#5814 = SURFACE_CURVE('',#5815,(#5819,#5825),.PCURVE_S1.);
#5815 = LINE('',#5816,#5817);
#5816 = CARTESIAN_POINT('',(-34.87691884778,99.038379084498,67.));
#5817 = VECTOR('',#5818,1.);
#5818 = DIRECTION('',(0.,0.,1.));
#5819 = PCURVE('',#5273,#5820);
#5820 = DEFINITIONAL_REPRESENTATION('',(#5821),#5824);
#5821 = B_SPLINE_CURVE_WITH_KNOTS('',1,(#5822,#5823),.UNSPECIFIED.,.F.,
  .F.,(2,2),(-6.000000070117E-07,16.0000006),.PIECEWISE_BEZIER_KNOTS.);
#5822 = CARTESIAN_POINT('',(1.909390201682,-6.000000070117E-07));
#5823 = CARTESIAN_POINT('',(1.909390201682,16.0000006));
#5824 = ( GEOMETRIC_REPRESENTATION_CONTEXT(2) 
PARAMETRIC_REPRESENTATION_CONTEXT() REPRESENTATION_CONTEXT('2D SPACE',''
  ) );
#5825 = PCURVE('',#5247,#5826);
#5826 = DEFINITIONAL_REPRESENTATION('',(#5827),#5830);
#5827 = B_SPLINE_CURVE_WITH_KNOTS('',1,(#5828,#5829),.UNSPECIFIED.,.F.,
  .F.,(2,2),(-6.000000070117E-07,16.0000006),.PIECEWISE_BEZIER_KNOTS.);
#5828 = CARTESIAN_POINT('',(25.,-0.9999994));
#5829 = CARTESIAN_POINT('',(25.,-17.0000006));
#5830 = ( GEOMETRIC_REPRESENTATION_CONTEXT(2) 
PARAMETRIC_REPRESENTATION_CONTEXT() REPRESENTATION_CONTEXT('2D SPACE',''
  ) );
#5831 = ORIENTED_EDGE('',*,*,#5832,.T.);
#5832 = EDGE_CURVE('',#5812,#5714,#5833,.T.);
#5833 = SURFACE_CURVE('',#5834,(#5839,#5846),.PCURVE_S1.);
#5834 = CIRCLE('',#5835,105.);
#5835 = AXIS2_PLACEMENT_3D('',#5836,#5837,#5838);
#5836 = CARTESIAN_POINT('',(0.,0.,67.));
#5837 = DIRECTION('',(0.,0.,1.));
#5838 = DIRECTION('',(1.,0.,-0.));
#5839 = PCURVE('',#5273,#5840);
#5840 = DEFINITIONAL_REPRESENTATION('',(#5841),#5845);
#5841 = LINE('',#5842,#5843);
#5842 = CARTESIAN_POINT('',(0.,0.));
#5843 = VECTOR('',#5844,1.);
#5844 = DIRECTION('',(1.,0.));
#5845 = ( GEOMETRIC_REPRESENTATION_CONTEXT(2) 
PARAMETRIC_REPRESENTATION_CONTEXT() REPRESENTATION_CONTEXT('2D SPACE',''
  ) );
#5846 = PCURVE('',#5728,#5847);
#5847 = DEFINITIONAL_REPRESENTATION('',(#5848),#5852);
#5848 = CIRCLE('',#5849,105.);
#5849 = AXIS2_PLACEMENT_2D('',#5850,#5851);
#5850 = CARTESIAN_POINT('',(0.,0.));
#5851 = DIRECTION('',(1.,0.));
#5852 = ( GEOMETRIC_REPRESENTATION_CONTEXT(2) 
PARAMETRIC_REPRESENTATION_CONTEXT() REPRESENTATION_CONTEXT('2D SPACE',''
  ) );
#5853 = ORIENTED_EDGE('',*,*,#5739,.T.);
#5854 = ADVANCED_FACE('',(#5855),#4851,.T.);
#5855 = FACE_BOUND('',#5856,.T.);
#5856 = EDGE_LOOP('',(#5857,#5878,#5897,#5898));
#5857 = ORIENTED_EDGE('',*,*,#5858,.T.);
#5858 = EDGE_CURVE('',#5763,#5859,#5861,.T.);
#5859 = VERTEX_POINT('',#5860);
#5860 = CARTESIAN_POINT('',(-33.21611318837,-94.32226579476,67.));
#5861 = SURFACE_CURVE('',#5862,(#5866,#5872),.PCURVE_S1.);
#5862 = LINE('',#5863,#5864);
#5863 = CARTESIAN_POINT('',(0.,0.,67.));
#5864 = VECTOR('',#5865,1.);
#5865 = DIRECTION('',(0.332161131884,0.943222657948,-0.));
#5866 = PCURVE('',#4851,#5867);
#5867 = DEFINITIONAL_REPRESENTATION('',(#5868),#5871);
#5868 = B_SPLINE_CURVE_WITH_KNOTS('',1,(#5869,#5870),.UNSPECIFIED.,.F.,
  .F.,(2,2),(-111.3204810288,-100.),.PIECEWISE_BEZIER_KNOTS.);
#5869 = CARTESIAN_POINT('',(111.32048102881,-1.));
#5870 = CARTESIAN_POINT('',(100.,-1.));
#5871 = ( GEOMETRIC_REPRESENTATION_CONTEXT(2) 
PARAMETRIC_REPRESENTATION_CONTEXT() REPRESENTATION_CONTEXT('2D SPACE',''
  ) );
#5872 = PCURVE('',#5728,#5873);
#5873 = DEFINITIONAL_REPRESENTATION('',(#5874),#5877);
#5874 = B_SPLINE_CURVE_WITH_KNOTS('',1,(#5875,#5876),.UNSPECIFIED.,.F.,
  .F.,(2,2),(-111.3204810288,-100.),.PIECEWISE_BEZIER_KNOTS.);
#5875 = CARTESIAN_POINT('',(-36.97633698036,-105.));
#5876 = CARTESIAN_POINT('',(-33.21611318837,-94.32226579476));
#5877 = ( GEOMETRIC_REPRESENTATION_CONTEXT(2) 
PARAMETRIC_REPRESENTATION_CONTEXT() REPRESENTATION_CONTEXT('2D SPACE',''
  ) );
#5878 = ORIENTED_EDGE('',*,*,#5879,.T.);
#5879 = EDGE_CURVE('',#5859,#4836,#5880,.T.);
#5880 = SURFACE_CURVE('',#5881,(#5885,#5891),.PCURVE_S1.);
#5881 = LINE('',#5882,#5883);
#5882 = CARTESIAN_POINT('',(-33.21611318837,-94.32226579476,65.));
#5883 = VECTOR('',#5884,1.);
#5884 = DIRECTION('',(0.,0.,1.));
#5885 = PCURVE('',#4851,#5886);
#5886 = DEFINITIONAL_REPRESENTATION('',(#5887),#5890);
#5887 = B_SPLINE_CURVE_WITH_KNOTS('',1,(#5888,#5889),.UNSPECIFIED.,.F.,
  .F.,(2,2),(0.9999994,19.0000006),.PIECEWISE_BEZIER_KNOTS.);
#5888 = CARTESIAN_POINT('',(100.,6.000000070117E-07));
#5889 = CARTESIAN_POINT('',(100.,-18.0000006));
#5890 = ( GEOMETRIC_REPRESENTATION_CONTEXT(2) 
PARAMETRIC_REPRESENTATION_CONTEXT() REPRESENTATION_CONTEXT('2D SPACE',''
  ) );
#5891 = PCURVE('',#4879,#5892);
#5892 = DEFINITIONAL_REPRESENTATION('',(#5893),#5896);
#5893 = B_SPLINE_CURVE_WITH_KNOTS('',1,(#5894,#5895),.UNSPECIFIED.,.F.,
  .F.,(2,2),(0.9999994,19.0000006),.PIECEWISE_BEZIER_KNOTS.);
#5894 = CARTESIAN_POINT('',(4.373795105498,0.9999994));
#5895 = CARTESIAN_POINT('',(4.373795105498,19.0000006));
#5896 = ( GEOMETRIC_REPRESENTATION_CONTEXT(2) 
PARAMETRIC_REPRESENTATION_CONTEXT() REPRESENTATION_CONTEXT('2D SPACE',''
  ) );
#5897 = ORIENTED_EDGE('',*,*,#4835,.F.);
#5898 = ORIENTED_EDGE('',*,*,#5762,.F.);
#5899 = ADVANCED_FACE('',(#5900),#5247,.T.);
#5900 = FACE_BOUND('',#5901,.T.);
#5901 = EDGE_LOOP('',(#5902,#5923,#5942,#5943));
#5902 = ORIENTED_EDGE('',*,*,#5903,.F.);
#5903 = EDGE_CURVE('',#5904,#5203,#5906,.T.);
#5904 = VERTEX_POINT('',#5905);
#5905 = CARTESIAN_POINT('',(-33.21611318837,94.32226579476,67.));
#5906 = SURFACE_CURVE('',#5907,(#5911,#5917),.PCURVE_S1.);
#5907 = LINE('',#5908,#5909);
#5908 = CARTESIAN_POINT('',(-33.21611318837,94.32226579476,65.));
#5909 = VECTOR('',#5910,1.);
#5910 = DIRECTION('',(0.,0.,1.));
#5911 = PCURVE('',#5247,#5912);
#5912 = DEFINITIONAL_REPRESENTATION('',(#5913),#5916);
#5913 = B_SPLINE_CURVE_WITH_KNOTS('',1,(#5914,#5915),.UNSPECIFIED.,.F.,
  .F.,(2,2),(0.9999994,19.0000006),.PIECEWISE_BEZIER_KNOTS.);
#5914 = CARTESIAN_POINT('',(30.,6.000000070117E-07));
#5915 = CARTESIAN_POINT('',(30.,-18.0000006));
#5916 = ( GEOMETRIC_REPRESENTATION_CONTEXT(2) 
PARAMETRIC_REPRESENTATION_CONTEXT() REPRESENTATION_CONTEXT('2D SPACE',''
  ) );
#5917 = PCURVE('',#5219,#5918);
#5918 = DEFINITIONAL_REPRESENTATION('',(#5919),#5922);
#5919 = B_SPLINE_CURVE_WITH_KNOTS('',1,(#5920,#5921),.UNSPECIFIED.,.F.,
  .F.,(2,2),(0.9999994,19.0000006),.PIECEWISE_BEZIER_KNOTS.);
#5920 = CARTESIAN_POINT('',(1.909390201682,0.9999994));
#5921 = CARTESIAN_POINT('',(1.909390201682,19.0000006));
#5922 = ( GEOMETRIC_REPRESENTATION_CONTEXT(2) 
PARAMETRIC_REPRESENTATION_CONTEXT() REPRESENTATION_CONTEXT('2D SPACE',''
  ) );
#5923 = ORIENTED_EDGE('',*,*,#5924,.T.);
#5924 = EDGE_CURVE('',#5904,#5812,#5925,.T.);
#5925 = SURFACE_CURVE('',#5926,(#5930,#5936),.PCURVE_S1.);
#5926 = LINE('',#5927,#5928);
#5927 = CARTESIAN_POINT('',(-21.59047357244,61.309472766594,67.));
#5928 = VECTOR('',#5929,1.);
#5929 = DIRECTION('',(-0.332161131884,0.943222657948,0.));
#5930 = PCURVE('',#5247,#5931);
#5931 = DEFINITIONAL_REPRESENTATION('',(#5932),#5935);
#5932 = B_SPLINE_CURVE_WITH_KNOTS('',1,(#5933,#5934),.UNSPECIFIED.,.F.,
  .F.,(2,2),(35.,46.32048102881),.PIECEWISE_BEZIER_KNOTS.);
#5933 = CARTESIAN_POINT('',(30.,-1.));
#5934 = CARTESIAN_POINT('',(18.67951897119,-1.));
#5935 = ( GEOMETRIC_REPRESENTATION_CONTEXT(2) 
PARAMETRIC_REPRESENTATION_CONTEXT() REPRESENTATION_CONTEXT('2D SPACE',''
  ) );
#5936 = PCURVE('',#5728,#5937);
#5937 = DEFINITIONAL_REPRESENTATION('',(#5938),#5941);
#5938 = B_SPLINE_CURVE_WITH_KNOTS('',1,(#5939,#5940),.UNSPECIFIED.,.F.,
  .F.,(2,2),(35.,46.32048102881),.PIECEWISE_BEZIER_KNOTS.);
#5939 = CARTESIAN_POINT('',(-33.21611318837,94.32226579476));
#5940 = CARTESIAN_POINT('',(-36.97633698036,105.));
#5941 = ( GEOMETRIC_REPRESENTATION_CONTEXT(2) 
PARAMETRIC_REPRESENTATION_CONTEXT() REPRESENTATION_CONTEXT('2D SPACE',''
  ) );
#5942 = ORIENTED_EDGE('',*,*,#5811,.T.);
#5943 = ORIENTED_EDGE('',*,*,#5231,.F.);
#5944 = ADVANCED_FACE('',(#5945),#4879,.T.);
#5945 = FACE_BOUND('',#5946,.T.);
#5946 = EDGE_LOOP('',(#5947,#5948,#5949,#5973,#5999,#6032));
#5947 = ORIENTED_EDGE('',*,*,#4862,.F.);
#5948 = ORIENTED_EDGE('',*,*,#5879,.F.);
#5949 = ORIENTED_EDGE('',*,*,#5950,.T.);
#5950 = EDGE_CURVE('',#5859,#5951,#5953,.T.);
#5951 = VERTEX_POINT('',#5952);
#5952 = CARTESIAN_POINT('',(-6.,-99.81983770774,67.));
#5953 = SURFACE_CURVE('',#5954,(#5959,#5966),.PCURVE_S1.);
#5954 = CIRCLE('',#5955,100.);
#5955 = AXIS2_PLACEMENT_3D('',#5956,#5957,#5958);
#5956 = CARTESIAN_POINT('',(0.,0.,67.));
#5957 = DIRECTION('',(0.,0.,1.));
#5958 = DIRECTION('',(1.,0.,-0.));
#5959 = PCURVE('',#4879,#5960);
#5960 = DEFINITIONAL_REPRESENTATION('',(#5961),#5965);
#5961 = LINE('',#5962,#5963);
#5962 = CARTESIAN_POINT('',(0.,2.));
#5963 = VECTOR('',#5964,1.);
#5964 = DIRECTION('',(1.,0.));
#5965 = ( GEOMETRIC_REPRESENTATION_CONTEXT(2) 
PARAMETRIC_REPRESENTATION_CONTEXT() REPRESENTATION_CONTEXT('2D SPACE',''
  ) );
#5966 = PCURVE('',#5728,#5967);
#5967 = DEFINITIONAL_REPRESENTATION('',(#5968),#5972);
#5968 = CIRCLE('',#5969,100.);
#5969 = AXIS2_PLACEMENT_2D('',#5970,#5971);
#5970 = CARTESIAN_POINT('',(0.,0.));
#5971 = DIRECTION('',(1.,0.));
#5972 = ( GEOMETRIC_REPRESENTATION_CONTEXT(2) 
PARAMETRIC_REPRESENTATION_CONTEXT() REPRESENTATION_CONTEXT('2D SPACE',''
  ) );
#5973 = ORIENTED_EDGE('',*,*,#5974,.T.);
#5974 = EDGE_CURVE('',#5951,#5975,#5977,.T.);
#5975 = VERTEX_POINT('',#5976);
#5976 = CARTESIAN_POINT('',(-6.,-99.81983770774,78.));
#5977 = SURFACE_CURVE('',#5978,(#5982,#5988),.PCURVE_S1.);
#5978 = LINE('',#5979,#5980);
#5979 = CARTESIAN_POINT('',(-6.,-99.81983770774,65.));
#5980 = VECTOR('',#5981,1.);
#5981 = DIRECTION('',(0.,0.,1.));
#5982 = PCURVE('',#4879,#5983);
#5983 = DEFINITIONAL_REPRESENTATION('',(#5984),#5987);
#5984 = B_SPLINE_CURVE_WITH_KNOTS('',1,(#5985,#5986),.UNSPECIFIED.,.F.,
  .F.,(2,2),(1.9999994,18.0000006),.PIECEWISE_BEZIER_KNOTS.);
#5985 = CARTESIAN_POINT('',(4.652352921939,1.9999994));
#5986 = CARTESIAN_POINT('',(4.652352921939,18.0000006));
#5987 = ( GEOMETRIC_REPRESENTATION_CONTEXT(2) 
PARAMETRIC_REPRESENTATION_CONTEXT() REPRESENTATION_CONTEXT('2D SPACE',''
  ) );
#5988 = PCURVE('',#5989,#5994);
#5989 = PLANE('',#5990);
#5990 = AXIS2_PLACEMENT_3D('',#5991,#5992,#5993);
#5991 = CARTESIAN_POINT('',(-6.,-130.,66.));
#5992 = DIRECTION('',(1.,0.,-0.));
#5993 = DIRECTION('',(0.,0.,1.));
#5994 = DEFINITIONAL_REPRESENTATION('',(#5995),#5998);
#5995 = B_SPLINE_CURVE_WITH_KNOTS('',1,(#5996,#5997),.UNSPECIFIED.,.F.,
  .F.,(2,2),(1.9999994,18.0000006),.PIECEWISE_BEZIER_KNOTS.);
#5996 = CARTESIAN_POINT('',(0.9999994,-30.18016229225));
#5997 = CARTESIAN_POINT('',(17.0000006,-30.18016229225));
#5998 = ( GEOMETRIC_REPRESENTATION_CONTEXT(2) 
PARAMETRIC_REPRESENTATION_CONTEXT() REPRESENTATION_CONTEXT('2D SPACE',''
  ) );
#5999 = ORIENTED_EDGE('',*,*,#6000,.T.);
#6000 = EDGE_CURVE('',#5975,#6001,#6003,.T.);
#6001 = VERTEX_POINT('',#6002);
#6002 = CARTESIAN_POINT('',(-17.,-98.54440623394,78.));
#6003 = SURFACE_CURVE('',#6004,(#6009,#6016),.PCURVE_S1.);
#6004 = CIRCLE('',#6005,100.);
#6005 = AXIS2_PLACEMENT_3D('',#6006,#6007,#6008);
#6006 = CARTESIAN_POINT('',(0.,0.,78.));
#6007 = DIRECTION('',(0.,0.,-1.));
#6008 = DIRECTION('',(-6.E-02,-0.998198377077,-0.));
#6009 = PCURVE('',#4879,#6010);
#6010 = DEFINITIONAL_REPRESENTATION('',(#6011),#6015);
#6011 = LINE('',#6012,#6013);
#6012 = CARTESIAN_POINT('',(4.652352921939,13.));
#6013 = VECTOR('',#6014,1.);
#6014 = DIRECTION('',(-1.,-0.));
#6015 = ( GEOMETRIC_REPRESENTATION_CONTEXT(2) 
PARAMETRIC_REPRESENTATION_CONTEXT() REPRESENTATION_CONTEXT('2D SPACE',''
  ) );
#6016 = PCURVE('',#6017,#6022);
#6017 = PLANE('',#6018);
#6018 = AXIS2_PLACEMENT_3D('',#6019,#6020,#6021);
#6019 = CARTESIAN_POINT('',(-17.,-130.,78.));
#6020 = DIRECTION('',(0.,0.,1.));
#6021 = DIRECTION('',(1.,0.,-0.));
#6022 = DEFINITIONAL_REPRESENTATION('',(#6023),#6031);
#6023 = ( BOUNDED_CURVE() B_SPLINE_CURVE(2,(#6024,#6025,#6026,#6027,
#6028,#6029,#6030),.UNSPECIFIED.,.T.,.F.) B_SPLINE_CURVE_WITH_KNOTS((1,2
    ,2,2,2,1),(-2.094395102393,0.,2.094395102393,4.188790204786,
6.28318530718,8.377580409573),.UNSPECIFIED.) CURVE() 
GEOMETRIC_REPRESENTATION_ITEM() RATIONAL_B_SPLINE_CURVE((1.,0.5,1.,0.5,
1.,0.5,1.)) REPRESENTATION_ITEM('') );
#6024 = CARTESIAN_POINT('',(11.,30.180162292258));
#6025 = CARTESIAN_POINT('',(-161.893030513,40.572467137671));
#6026 = CARTESIAN_POINT('',(-66.44651525654,185.10607127657));
#6027 = CARTESIAN_POINT('',(29.,329.63967541548));
#6028 = CARTESIAN_POINT('',(106.44651525654,174.71376643116));
#6029 = CARTESIAN_POINT('',(183.89303051308,19.787857446845));
#6030 = CARTESIAN_POINT('',(11.,30.180162292258));
#6031 = ( GEOMETRIC_REPRESENTATION_CONTEXT(2) 
PARAMETRIC_REPRESENTATION_CONTEXT() REPRESENTATION_CONTEXT('2D SPACE',''
  ) );
#6032 = ORIENTED_EDGE('',*,*,#6033,.T.);
#6033 = EDGE_CURVE('',#6001,#4863,#6034,.T.);
#6034 = SURFACE_CURVE('',#6035,(#6039,#6045),.PCURVE_S1.);
#6035 = LINE('',#6036,#6037);
#6036 = CARTESIAN_POINT('',(-17.,-98.54440623394,65.));
#6037 = VECTOR('',#6038,1.);
#6038 = DIRECTION('',(0.,0.,1.));
#6039 = PCURVE('',#4879,#6040);
#6040 = DEFINITIONAL_REPRESENTATION('',(#6041),#6044);
#6041 = B_SPLINE_CURVE_WITH_KNOTS('',1,(#6042,#6043),.UNSPECIFIED.,.F.,
  .F.,(2,2),(12.4,18.0000006),.PIECEWISE_BEZIER_KNOTS.);
#6042 = CARTESIAN_POINT('',(4.541559311256,12.4));
#6043 = CARTESIAN_POINT('',(4.541559311256,18.0000006));
#6044 = ( GEOMETRIC_REPRESENTATION_CONTEXT(2) 
PARAMETRIC_REPRESENTATION_CONTEXT() REPRESENTATION_CONTEXT('2D SPACE',''
  ) );
#6045 = PCURVE('',#4907,#6046);
#6046 = DEFINITIONAL_REPRESENTATION('',(#6047),#6050);
#6047 = B_SPLINE_CURVE_WITH_KNOTS('',1,(#6048,#6049),.UNSPECIFIED.,.F.,
  .F.,(2,2),(12.4,18.0000006),.PIECEWISE_BEZIER_KNOTS.);
#6048 = CARTESIAN_POINT('',(-0.6,-31.45559376605));
#6049 = CARTESIAN_POINT('',(5.0000006,-31.45559376605));
#6050 = ( GEOMETRIC_REPRESENTATION_CONTEXT(2) 
PARAMETRIC_REPRESENTATION_CONTEXT() REPRESENTATION_CONTEXT('2D SPACE',''
  ) );
#6051 = ADVANCED_FACE('',(#6052),#5219,.T.);
#6052 = FACE_BOUND('',#6053,.T.);
#6053 = EDGE_LOOP('',(#6054,#6055,#6076,#6109,#6135,#6157));
#6054 = ORIENTED_EDGE('',*,*,#5202,.F.);
#6055 = ORIENTED_EDGE('',*,*,#6056,.F.);
#6056 = EDGE_CURVE('',#6057,#5176,#6059,.T.);
#6057 = VERTEX_POINT('',#6058);
#6058 = CARTESIAN_POINT('',(-17.,98.544406233941,78.));
#6059 = SURFACE_CURVE('',#6060,(#6064,#6070),.PCURVE_S1.);
#6060 = LINE('',#6061,#6062);
#6061 = CARTESIAN_POINT('',(-17.,98.544406233941,65.));
#6062 = VECTOR('',#6063,1.);
#6063 = DIRECTION('',(0.,0.,1.));
#6064 = PCURVE('',#5219,#6065);
#6065 = DEFINITIONAL_REPRESENTATION('',(#6066),#6069);
#6066 = B_SPLINE_CURVE_WITH_KNOTS('',1,(#6067,#6068),.UNSPECIFIED.,.F.,
  .F.,(2,2),(12.4,18.0000006),.PIECEWISE_BEZIER_KNOTS.);
#6067 = CARTESIAN_POINT('',(1.741625995924,12.4));
#6068 = CARTESIAN_POINT('',(1.741625995924,18.0000006));
#6069 = ( GEOMETRIC_REPRESENTATION_CONTEXT(2) 
PARAMETRIC_REPRESENTATION_CONTEXT() REPRESENTATION_CONTEXT('2D SPACE',''
  ) );
#6070 = PCURVE('',#5191,#6071);
#6071 = DEFINITIONAL_REPRESENTATION('',(#6072),#6075);
#6072 = B_SPLINE_CURVE_WITH_KNOTS('',1,(#6073,#6074),.UNSPECIFIED.,.F.,
  .F.,(2,2),(12.4,18.0000006),.PIECEWISE_BEZIER_KNOTS.);
#6073 = CARTESIAN_POINT('',(-0.6,-13.54440623394));
#6074 = CARTESIAN_POINT('',(5.0000006,-13.54440623394));
#6075 = ( GEOMETRIC_REPRESENTATION_CONTEXT(2) 
PARAMETRIC_REPRESENTATION_CONTEXT() REPRESENTATION_CONTEXT('2D SPACE',''
  ) );
#6076 = ORIENTED_EDGE('',*,*,#6077,.T.);
#6077 = EDGE_CURVE('',#6057,#6078,#6080,.T.);
#6078 = VERTEX_POINT('',#6079);
#6079 = CARTESIAN_POINT('',(-6.,99.819837707742,78.));
#6080 = SURFACE_CURVE('',#6081,(#6086,#6093),.PCURVE_S1.);
#6081 = CIRCLE('',#6082,100.);
#6082 = AXIS2_PLACEMENT_3D('',#6083,#6084,#6085);
#6083 = CARTESIAN_POINT('',(0.,0.,78.));
#6084 = DIRECTION('',(0.,0.,-1.));
#6085 = DIRECTION('',(-0.17,0.985444062339,0.));
#6086 = PCURVE('',#5219,#6087);
#6087 = DEFINITIONAL_REPRESENTATION('',(#6088),#6092);
#6088 = LINE('',#6089,#6090);
#6089 = CARTESIAN_POINT('',(1.741625995924,13.));
#6090 = VECTOR('',#6091,1.);
#6091 = DIRECTION('',(-1.,-0.));
#6092 = ( GEOMETRIC_REPRESENTATION_CONTEXT(2) 
PARAMETRIC_REPRESENTATION_CONTEXT() REPRESENTATION_CONTEXT('2D SPACE',''
  ) );
#6093 = PCURVE('',#6094,#6099);
#6094 = PLANE('',#6095);
#6095 = AXIS2_PLACEMENT_3D('',#6096,#6097,#6098);
#6096 = CARTESIAN_POINT('',(0.,85.,78.));
#6097 = DIRECTION('',(0.,0.,1.));
#6098 = DIRECTION('',(1.,0.,-0.));
#6099 = DEFINITIONAL_REPRESENTATION('',(#6100),#6108);
#6100 = ( BOUNDED_CURVE() B_SPLINE_CURVE(2,(#6101,#6102,#6103,#6104,
#6105,#6106,#6107),.UNSPECIFIED.,.T.,.F.) B_SPLINE_CURVE_WITH_KNOTS((1,2
    ,2,2,2,1),(-2.094395102393,0.,2.094395102393,4.188790204786,
6.28318530718,8.377580409573),.UNSPECIFIED.) CURVE() 
GEOMETRIC_REPRESENTATION_ITEM() RATIONAL_B_SPLINE_CURVE((1.,0.5,1.,0.5,
1.,0.5,1.)) REPRESENTATION_ITEM('') );
#6101 = CARTESIAN_POINT('',(-17.,13.544406233941));
#6102 = CARTESIAN_POINT('',(153.68391839889,42.989269962612));
#6103 = CARTESIAN_POINT('',(93.841959199447,-119.5497712526));
#6104 = CARTESIAN_POINT('',(34.,-282.0888124678));
#6105 = CARTESIAN_POINT('',(-76.84195919944,-148.9946349813));
#6106 = CARTESIAN_POINT('',(-187.6839183988,-15.90045749473));
#6107 = CARTESIAN_POINT('',(-17.,13.544406233941));
#6108 = ( GEOMETRIC_REPRESENTATION_CONTEXT(2) 
PARAMETRIC_REPRESENTATION_CONTEXT() REPRESENTATION_CONTEXT('2D SPACE',''
  ) );
#6109 = ORIENTED_EDGE('',*,*,#6110,.F.);
#6110 = EDGE_CURVE('',#6111,#6078,#6113,.T.);
#6111 = VERTEX_POINT('',#6112);
#6112 = CARTESIAN_POINT('',(-6.,99.819837707742,67.));
#6113 = SURFACE_CURVE('',#6114,(#6118,#6124),.PCURVE_S1.);
#6114 = LINE('',#6115,#6116);
#6115 = CARTESIAN_POINT('',(-6.,99.819837707742,65.));
#6116 = VECTOR('',#6117,1.);
#6117 = DIRECTION('',(0.,0.,1.));
#6118 = PCURVE('',#5219,#6119);
#6119 = DEFINITIONAL_REPRESENTATION('',(#6120),#6123);
#6120 = B_SPLINE_CURVE_WITH_KNOTS('',1,(#6121,#6122),.UNSPECIFIED.,.F.,
  .F.,(2,2),(1.9999994,18.0000006),.PIECEWISE_BEZIER_KNOTS.);
#6121 = CARTESIAN_POINT('',(1.63083238524,1.9999994));
#6122 = CARTESIAN_POINT('',(1.63083238524,18.0000006));
#6123 = ( GEOMETRIC_REPRESENTATION_CONTEXT(2) 
PARAMETRIC_REPRESENTATION_CONTEXT() REPRESENTATION_CONTEXT('2D SPACE',''
  ) );
#6124 = PCURVE('',#6125,#6130);
#6125 = PLANE('',#6126);
#6126 = AXIS2_PLACEMENT_3D('',#6127,#6128,#6129);
#6127 = CARTESIAN_POINT('',(-6.,85.,66.));
#6128 = DIRECTION('',(1.,0.,-0.));
#6129 = DIRECTION('',(0.,0.,1.));
#6130 = DEFINITIONAL_REPRESENTATION('',(#6131),#6134);
#6131 = B_SPLINE_CURVE_WITH_KNOTS('',1,(#6132,#6133),.UNSPECIFIED.,.F.,
  .F.,(2,2),(1.9999994,18.0000006),.PIECEWISE_BEZIER_KNOTS.);
#6132 = CARTESIAN_POINT('',(0.9999994,-14.81983770774));
#6133 = CARTESIAN_POINT('',(17.0000006,-14.81983770774));
#6134 = ( GEOMETRIC_REPRESENTATION_CONTEXT(2) 
PARAMETRIC_REPRESENTATION_CONTEXT() REPRESENTATION_CONTEXT('2D SPACE',''
  ) );
#6135 = ORIENTED_EDGE('',*,*,#6136,.T.);
#6136 = EDGE_CURVE('',#6111,#5904,#6137,.T.);
#6137 = SURFACE_CURVE('',#6138,(#6143,#6150),.PCURVE_S1.);
#6138 = CIRCLE('',#6139,100.);
#6139 = AXIS2_PLACEMENT_3D('',#6140,#6141,#6142);
#6140 = CARTESIAN_POINT('',(0.,0.,67.));
#6141 = DIRECTION('',(0.,0.,1.));
#6142 = DIRECTION('',(1.,0.,-0.));
#6143 = PCURVE('',#5219,#6144);
#6144 = DEFINITIONAL_REPRESENTATION('',(#6145),#6149);
#6145 = LINE('',#6146,#6147);
#6146 = CARTESIAN_POINT('',(0.,2.));
#6147 = VECTOR('',#6148,1.);
#6148 = DIRECTION('',(1.,0.));
#6149 = ( GEOMETRIC_REPRESENTATION_CONTEXT(2) 
PARAMETRIC_REPRESENTATION_CONTEXT() REPRESENTATION_CONTEXT('2D SPACE',''
  ) );
#6150 = PCURVE('',#5728,#6151);
#6151 = DEFINITIONAL_REPRESENTATION('',(#6152),#6156);
#6152 = CIRCLE('',#6153,100.);
#6153 = AXIS2_PLACEMENT_2D('',#6154,#6155);
#6154 = CARTESIAN_POINT('',(0.,0.));
#6155 = DIRECTION('',(1.,0.));
#6156 = ( GEOMETRIC_REPRESENTATION_CONTEXT(2) 
PARAMETRIC_REPRESENTATION_CONTEXT() REPRESENTATION_CONTEXT('2D SPACE',''
  ) );
#6157 = ORIENTED_EDGE('',*,*,#5903,.T.);
#6158 = ADVANCED_FACE('',(#6159),#4907,.T.);
#6159 = FACE_BOUND('',#6160,.T.);
#6160 = EDGE_LOOP('',(#6161,#6162,#6185,#6206));
#6161 = ORIENTED_EDGE('',*,*,#6033,.F.);
#6162 = ORIENTED_EDGE('',*,*,#6163,.T.);
#6163 = EDGE_CURVE('',#6001,#6164,#6166,.T.);
#6164 = VERTEX_POINT('',#6165);
#6165 = CARTESIAN_POINT('',(-17.,-85.,78.));
#6166 = SURFACE_CURVE('',#6167,(#6171,#6178),.PCURVE_S1.);
#6167 = LINE('',#6168,#6169);
#6168 = CARTESIAN_POINT('',(-17.,-130.,78.));
#6169 = VECTOR('',#6170,1.);
#6170 = DIRECTION('',(-0.,1.,0.));
#6171 = PCURVE('',#4907,#6172);
#6172 = DEFINITIONAL_REPRESENTATION('',(#6173),#6177);
#6173 = LINE('',#6174,#6175);
#6174 = CARTESIAN_POINT('',(0.,0.));
#6175 = VECTOR('',#6176,1.);
#6176 = DIRECTION('',(0.,-1.));
#6177 = ( GEOMETRIC_REPRESENTATION_CONTEXT(2) 
PARAMETRIC_REPRESENTATION_CONTEXT() REPRESENTATION_CONTEXT('2D SPACE',''
  ) );
#6178 = PCURVE('',#6017,#6179);
#6179 = DEFINITIONAL_REPRESENTATION('',(#6180),#6184);
#6180 = LINE('',#6181,#6182);
#6181 = CARTESIAN_POINT('',(0.,0.));
#6182 = VECTOR('',#6183,1.);
#6183 = DIRECTION('',(0.,1.));
#6184 = ( GEOMETRIC_REPRESENTATION_CONTEXT(2) 
PARAMETRIC_REPRESENTATION_CONTEXT() REPRESENTATION_CONTEXT('2D SPACE',''
  ) );
#6185 = ORIENTED_EDGE('',*,*,#6186,.T.);
#6186 = EDGE_CURVE('',#6164,#4892,#6187,.T.);
#6187 = SURFACE_CURVE('',#6188,(#6192,#6199),.PCURVE_S1.);
#6188 = LINE('',#6189,#6190);
#6189 = CARTESIAN_POINT('',(-17.,-85.,78.));
#6190 = VECTOR('',#6191,1.);
#6191 = DIRECTION('',(0.,0.,1.));
#6192 = PCURVE('',#4907,#6193);
#6193 = DEFINITIONAL_REPRESENTATION('',(#6194),#6198);
#6194 = LINE('',#6195,#6196);
#6195 = CARTESIAN_POINT('',(0.,-45.));
#6196 = VECTOR('',#6197,1.);
#6197 = DIRECTION('',(1.,0.));
#6198 = ( GEOMETRIC_REPRESENTATION_CONTEXT(2) 
PARAMETRIC_REPRESENTATION_CONTEXT() REPRESENTATION_CONTEXT('2D SPACE',''
  ) );
#6199 = PCURVE('',#4935,#6200);
#6200 = DEFINITIONAL_REPRESENTATION('',(#6201),#6205);
#6201 = LINE('',#6202,#6203);
#6202 = CARTESIAN_POINT('',(3.14159265359,0.));
#6203 = VECTOR('',#6204,1.);
#6204 = DIRECTION('',(0.,1.));
#6205 = ( GEOMETRIC_REPRESENTATION_CONTEXT(2) 
PARAMETRIC_REPRESENTATION_CONTEXT() REPRESENTATION_CONTEXT('2D SPACE',''
  ) );
#6206 = ORIENTED_EDGE('',*,*,#4891,.F.);
#6207 = ADVANCED_FACE('',(#6208),#5191,.T.);
#6208 = FACE_BOUND('',#6209,.T.);
#6209 = EDGE_LOOP('',(#6210,#6233,#6254,#6255));
#6210 = ORIENTED_EDGE('',*,*,#6211,.F.);
#6211 = EDGE_CURVE('',#6212,#5147,#6214,.T.);
#6212 = VERTEX_POINT('',#6213);
#6213 = CARTESIAN_POINT('',(-17.,85.,78.));
#6214 = SURFACE_CURVE('',#6215,(#6219,#6226),.PCURVE_S1.);
#6215 = LINE('',#6216,#6217);
#6216 = CARTESIAN_POINT('',(-17.,85.,78.));
#6217 = VECTOR('',#6218,1.);
#6218 = DIRECTION('',(0.,0.,1.));
#6219 = PCURVE('',#5191,#6220);
#6220 = DEFINITIONAL_REPRESENTATION('',(#6221),#6225);
#6221 = LINE('',#6222,#6223);
#6222 = CARTESIAN_POINT('',(0.,0.));
#6223 = VECTOR('',#6224,1.);
#6224 = DIRECTION('',(1.,0.));
#6225 = ( GEOMETRIC_REPRESENTATION_CONTEXT(2) 
PARAMETRIC_REPRESENTATION_CONTEXT() REPRESENTATION_CONTEXT('2D SPACE',''
  ) );
#6226 = PCURVE('',#5163,#6227);
#6227 = DEFINITIONAL_REPRESENTATION('',(#6228),#6232);
#6228 = LINE('',#6229,#6230);
#6229 = CARTESIAN_POINT('',(3.14159265359,0.));
#6230 = VECTOR('',#6231,1.);
#6231 = DIRECTION('',(0.,1.));
#6232 = ( GEOMETRIC_REPRESENTATION_CONTEXT(2) 
PARAMETRIC_REPRESENTATION_CONTEXT() REPRESENTATION_CONTEXT('2D SPACE',''
  ) );
#6233 = ORIENTED_EDGE('',*,*,#6234,.T.);
#6234 = EDGE_CURVE('',#6212,#6057,#6235,.T.);
#6235 = SURFACE_CURVE('',#6236,(#6240,#6247),.PCURVE_S1.);
#6236 = LINE('',#6237,#6238);
#6237 = CARTESIAN_POINT('',(-17.,85.,78.));
#6238 = VECTOR('',#6239,1.);
#6239 = DIRECTION('',(-0.,1.,0.));
#6240 = PCURVE('',#5191,#6241);
#6241 = DEFINITIONAL_REPRESENTATION('',(#6242),#6246);
#6242 = LINE('',#6243,#6244);
#6243 = CARTESIAN_POINT('',(0.,0.));
#6244 = VECTOR('',#6245,1.);
#6245 = DIRECTION('',(0.,-1.));
#6246 = ( GEOMETRIC_REPRESENTATION_CONTEXT(2) 
PARAMETRIC_REPRESENTATION_CONTEXT() REPRESENTATION_CONTEXT('2D SPACE',''
  ) );
#6247 = PCURVE('',#6094,#6248);
#6248 = DEFINITIONAL_REPRESENTATION('',(#6249),#6253);
#6249 = LINE('',#6250,#6251);
#6250 = CARTESIAN_POINT('',(-17.,0.));
#6251 = VECTOR('',#6252,1.);
#6252 = DIRECTION('',(0.,1.));
#6253 = ( GEOMETRIC_REPRESENTATION_CONTEXT(2) 
PARAMETRIC_REPRESENTATION_CONTEXT() REPRESENTATION_CONTEXT('2D SPACE',''
  ) );
#6254 = ORIENTED_EDGE('',*,*,#6056,.T.);
#6255 = ORIENTED_EDGE('',*,*,#5175,.F.);
#6256 = ADVANCED_FACE('',(#6257),#4935,.F.);
#6257 = FACE_BOUND('',#6258,.F.);
#6258 = EDGE_LOOP('',(#6259,#6260,#6283,#6305));
#6259 = ORIENTED_EDGE('',*,*,#4918,.F.);
#6260 = ORIENTED_EDGE('',*,*,#6261,.F.);
#6261 = EDGE_CURVE('',#6262,#4919,#6264,.T.);
#6262 = VERTEX_POINT('',#6263);
#6263 = CARTESIAN_POINT('',(17.,-85.,78.));
#6264 = SURFACE_CURVE('',#6265,(#6269,#6276),.PCURVE_S1.);
#6265 = LINE('',#6266,#6267);
#6266 = CARTESIAN_POINT('',(17.,-85.,78.));
#6267 = VECTOR('',#6268,1.);
#6268 = DIRECTION('',(0.,0.,1.));
#6269 = PCURVE('',#4935,#6270);
#6270 = DEFINITIONAL_REPRESENTATION('',(#6271),#6275);
#6271 = LINE('',#6272,#6273);
#6272 = CARTESIAN_POINT('',(0.,-0.));
#6273 = VECTOR('',#6274,1.);
#6274 = DIRECTION('',(0.,1.));
#6275 = ( GEOMETRIC_REPRESENTATION_CONTEXT(2) 
PARAMETRIC_REPRESENTATION_CONTEXT() REPRESENTATION_CONTEXT('2D SPACE',''
  ) );
#6276 = PCURVE('',#4963,#6277);
#6277 = DEFINITIONAL_REPRESENTATION('',(#6278),#6282);
#6278 = LINE('',#6279,#6280);
#6279 = CARTESIAN_POINT('',(0.,-45.));
#6280 = VECTOR('',#6281,1.);
#6281 = DIRECTION('',(1.,0.));
#6282 = ( GEOMETRIC_REPRESENTATION_CONTEXT(2) 
PARAMETRIC_REPRESENTATION_CONTEXT() REPRESENTATION_CONTEXT('2D SPACE',''
  ) );
#6283 = ORIENTED_EDGE('',*,*,#6284,.T.);
#6284 = EDGE_CURVE('',#6262,#6164,#6285,.T.);
#6285 = SURFACE_CURVE('',#6286,(#6291,#6298),.PCURVE_S1.);
#6286 = CIRCLE('',#6287,17.);
#6287 = AXIS2_PLACEMENT_3D('',#6288,#6289,#6290);
#6288 = CARTESIAN_POINT('',(0.,-85.,78.));
#6289 = DIRECTION('',(0.,0.,1.));
#6290 = DIRECTION('',(1.,0.,-0.));
#6291 = PCURVE('',#4935,#6292);
#6292 = DEFINITIONAL_REPRESENTATION('',(#6293),#6297);
#6293 = LINE('',#6294,#6295);
#6294 = CARTESIAN_POINT('',(0.,0.));
#6295 = VECTOR('',#6296,1.);
#6296 = DIRECTION('',(1.,0.));
#6297 = ( GEOMETRIC_REPRESENTATION_CONTEXT(2) 
PARAMETRIC_REPRESENTATION_CONTEXT() REPRESENTATION_CONTEXT('2D SPACE',''
  ) );
#6298 = PCURVE('',#6017,#6299);
#6299 = DEFINITIONAL_REPRESENTATION('',(#6300),#6304);
#6300 = CIRCLE('',#6301,17.);
#6301 = AXIS2_PLACEMENT_2D('',#6302,#6303);
#6302 = CARTESIAN_POINT('',(17.,45.));
#6303 = DIRECTION('',(1.,0.));
#6304 = ( GEOMETRIC_REPRESENTATION_CONTEXT(2) 
PARAMETRIC_REPRESENTATION_CONTEXT() REPRESENTATION_CONTEXT('2D SPACE',''
  ) );
#6305 = ORIENTED_EDGE('',*,*,#6186,.T.);
#6306 = ADVANCED_FACE('',(#6307),#5163,.F.);
#6307 = FACE_BOUND('',#6308,.F.);
#6308 = EDGE_LOOP('',(#6309,#6333,#6354,#6355));
#6309 = ORIENTED_EDGE('',*,*,#6310,.T.);
#6310 = EDGE_CURVE('',#6212,#6311,#6313,.T.);
#6311 = VERTEX_POINT('',#6312);
#6312 = CARTESIAN_POINT('',(17.,85.,78.));
#6313 = SURFACE_CURVE('',#6314,(#6319,#6326),.PCURVE_S1.);
#6314 = CIRCLE('',#6315,17.);
#6315 = AXIS2_PLACEMENT_3D('',#6316,#6317,#6318);
#6316 = CARTESIAN_POINT('',(0.,85.,78.));
#6317 = DIRECTION('',(0.,0.,1.));
#6318 = DIRECTION('',(1.,0.,-0.));
#6319 = PCURVE('',#5163,#6320);
#6320 = DEFINITIONAL_REPRESENTATION('',(#6321),#6325);
#6321 = LINE('',#6322,#6323);
#6322 = CARTESIAN_POINT('',(0.,0.));
#6323 = VECTOR('',#6324,1.);
#6324 = DIRECTION('',(1.,0.));
#6325 = ( GEOMETRIC_REPRESENTATION_CONTEXT(2) 
PARAMETRIC_REPRESENTATION_CONTEXT() REPRESENTATION_CONTEXT('2D SPACE',''
  ) );
#6326 = PCURVE('',#6094,#6327);
#6327 = DEFINITIONAL_REPRESENTATION('',(#6328),#6332);
#6328 = CIRCLE('',#6329,17.);
#6329 = AXIS2_PLACEMENT_2D('',#6330,#6331);
#6330 = CARTESIAN_POINT('',(0.,0.));
#6331 = DIRECTION('',(1.,0.));
#6332 = ( GEOMETRIC_REPRESENTATION_CONTEXT(2) 
PARAMETRIC_REPRESENTATION_CONTEXT() REPRESENTATION_CONTEXT('2D SPACE',''
  ) );
#6333 = ORIENTED_EDGE('',*,*,#6334,.T.);
#6334 = EDGE_CURVE('',#6311,#5120,#6335,.T.);
#6335 = SURFACE_CURVE('',#6336,(#6340,#6347),.PCURVE_S1.);
#6336 = LINE('',#6337,#6338);
#6337 = CARTESIAN_POINT('',(17.,85.,78.));
#6338 = VECTOR('',#6339,1.);
#6339 = DIRECTION('',(0.,0.,1.));
#6340 = PCURVE('',#5163,#6341);
#6341 = DEFINITIONAL_REPRESENTATION('',(#6342),#6346);
#6342 = LINE('',#6343,#6344);
#6343 = CARTESIAN_POINT('',(6.28318530718,-0.));
#6344 = VECTOR('',#6345,1.);
#6345 = DIRECTION('',(0.,1.));
#6346 = ( GEOMETRIC_REPRESENTATION_CONTEXT(2) 
PARAMETRIC_REPRESENTATION_CONTEXT() REPRESENTATION_CONTEXT('2D SPACE',''
  ) );
#6347 = PCURVE('',#5135,#6348);
#6348 = DEFINITIONAL_REPRESENTATION('',(#6349),#6353);
#6349 = LINE('',#6350,#6351);
#6350 = CARTESIAN_POINT('',(0.,0.));
#6351 = VECTOR('',#6352,1.);
#6352 = DIRECTION('',(1.,0.));
#6353 = ( GEOMETRIC_REPRESENTATION_CONTEXT(2) 
PARAMETRIC_REPRESENTATION_CONTEXT() REPRESENTATION_CONTEXT('2D SPACE',''
  ) );
#6354 = ORIENTED_EDGE('',*,*,#5146,.F.);
#6355 = ORIENTED_EDGE('',*,*,#6211,.F.);
#6356 = ADVANCED_FACE('',(#6357),#4963,.F.);
#6357 = FACE_BOUND('',#6358,.F.);
#6358 = EDGE_LOOP('',(#6359,#6380,#6401,#6402));
#6359 = ORIENTED_EDGE('',*,*,#6360,.F.);
#6360 = EDGE_CURVE('',#6361,#4948,#6363,.T.);
#6361 = VERTEX_POINT('',#6362);
#6362 = CARTESIAN_POINT('',(17.,-98.54440623394,78.));
#6363 = SURFACE_CURVE('',#6364,(#6368,#6374),.PCURVE_S1.);
#6364 = LINE('',#6365,#6366);
#6365 = CARTESIAN_POINT('',(17.,-98.54440623394,65.));
#6366 = VECTOR('',#6367,1.);
#6367 = DIRECTION('',(0.,0.,1.));
#6368 = PCURVE('',#4963,#6369);
#6369 = DEFINITIONAL_REPRESENTATION('',(#6370),#6373);
#6370 = B_SPLINE_CURVE_WITH_KNOTS('',1,(#6371,#6372),.UNSPECIFIED.,.F.,
  .F.,(2,2),(12.4,18.0000006),.PIECEWISE_BEZIER_KNOTS.);
#6371 = CARTESIAN_POINT('',(-0.6,-31.45559376605));
#6372 = CARTESIAN_POINT('',(5.0000006,-31.45559376605));
#6373 = ( GEOMETRIC_REPRESENTATION_CONTEXT(2) 
PARAMETRIC_REPRESENTATION_CONTEXT() REPRESENTATION_CONTEXT('2D SPACE',''
  ) );
#6374 = PCURVE('',#4991,#6375);
#6375 = DEFINITIONAL_REPRESENTATION('',(#6376),#6379);
#6376 = B_SPLINE_CURVE_WITH_KNOTS('',1,(#6377,#6378),.UNSPECIFIED.,.F.,
  .F.,(2,2),(12.4,18.0000006),.PIECEWISE_BEZIER_KNOTS.);
#6377 = CARTESIAN_POINT('',(4.883218649514,12.4));
#6378 = CARTESIAN_POINT('',(4.883218649514,18.0000006));
#6379 = ( GEOMETRIC_REPRESENTATION_CONTEXT(2) 
PARAMETRIC_REPRESENTATION_CONTEXT() REPRESENTATION_CONTEXT('2D SPACE',''
  ) );
#6380 = ORIENTED_EDGE('',*,*,#6381,.T.);
#6381 = EDGE_CURVE('',#6361,#6262,#6382,.T.);
#6382 = SURFACE_CURVE('',#6383,(#6387,#6394),.PCURVE_S1.);
#6383 = LINE('',#6384,#6385);
#6384 = CARTESIAN_POINT('',(17.,-130.,78.));
#6385 = VECTOR('',#6386,1.);
#6386 = DIRECTION('',(-0.,1.,0.));
#6387 = PCURVE('',#4963,#6388);
#6388 = DEFINITIONAL_REPRESENTATION('',(#6389),#6393);
#6389 = LINE('',#6390,#6391);
#6390 = CARTESIAN_POINT('',(0.,0.));
#6391 = VECTOR('',#6392,1.);
#6392 = DIRECTION('',(0.,-1.));
#6393 = ( GEOMETRIC_REPRESENTATION_CONTEXT(2) 
PARAMETRIC_REPRESENTATION_CONTEXT() REPRESENTATION_CONTEXT('2D SPACE',''
  ) );
#6394 = PCURVE('',#6017,#6395);
#6395 = DEFINITIONAL_REPRESENTATION('',(#6396),#6400);
#6396 = LINE('',#6397,#6398);
#6397 = CARTESIAN_POINT('',(34.,0.));
#6398 = VECTOR('',#6399,1.);
#6399 = DIRECTION('',(0.,1.));
#6400 = ( GEOMETRIC_REPRESENTATION_CONTEXT(2) 
PARAMETRIC_REPRESENTATION_CONTEXT() REPRESENTATION_CONTEXT('2D SPACE',''
  ) );
#6401 = ORIENTED_EDGE('',*,*,#6261,.T.);
#6402 = ORIENTED_EDGE('',*,*,#4947,.F.);
#6403 = ADVANCED_FACE('',(#6404),#5135,.F.);
#6404 = FACE_BOUND('',#6405,.F.);
#6405 = EDGE_LOOP('',(#6406,#6407,#6430,#6449));
#6406 = ORIENTED_EDGE('',*,*,#6334,.F.);
#6407 = ORIENTED_EDGE('',*,*,#6408,.T.);
#6408 = EDGE_CURVE('',#6311,#6409,#6411,.T.);
#6409 = VERTEX_POINT('',#6410);
#6410 = CARTESIAN_POINT('',(17.,98.544406233941,78.));
#6411 = SURFACE_CURVE('',#6412,(#6416,#6423),.PCURVE_S1.);
#6412 = LINE('',#6413,#6414);
#6413 = CARTESIAN_POINT('',(17.,85.,78.));
#6414 = VECTOR('',#6415,1.);
#6415 = DIRECTION('',(-0.,1.,0.));
#6416 = PCURVE('',#5135,#6417);
#6417 = DEFINITIONAL_REPRESENTATION('',(#6418),#6422);
#6418 = LINE('',#6419,#6420);
#6419 = CARTESIAN_POINT('',(0.,0.));
#6420 = VECTOR('',#6421,1.);
#6421 = DIRECTION('',(0.,-1.));
#6422 = ( GEOMETRIC_REPRESENTATION_CONTEXT(2) 
PARAMETRIC_REPRESENTATION_CONTEXT() REPRESENTATION_CONTEXT('2D SPACE',''
  ) );
#6423 = PCURVE('',#6094,#6424);
#6424 = DEFINITIONAL_REPRESENTATION('',(#6425),#6429);
#6425 = LINE('',#6426,#6427);
#6426 = CARTESIAN_POINT('',(17.,0.));
#6427 = VECTOR('',#6428,1.);
#6428 = DIRECTION('',(0.,1.));
#6429 = ( GEOMETRIC_REPRESENTATION_CONTEXT(2) 
PARAMETRIC_REPRESENTATION_CONTEXT() REPRESENTATION_CONTEXT('2D SPACE',''
  ) );
#6430 = ORIENTED_EDGE('',*,*,#6431,.T.);
#6431 = EDGE_CURVE('',#6409,#5091,#6432,.T.);
#6432 = SURFACE_CURVE('',#6433,(#6437,#6443),.PCURVE_S1.);
#6433 = LINE('',#6434,#6435);
#6434 = CARTESIAN_POINT('',(17.,98.544406233941,65.));
#6435 = VECTOR('',#6436,1.);
#6436 = DIRECTION('',(0.,0.,1.));
#6437 = PCURVE('',#5135,#6438);
#6438 = DEFINITIONAL_REPRESENTATION('',(#6439),#6442);
#6439 = B_SPLINE_CURVE_WITH_KNOTS('',1,(#6440,#6441),.UNSPECIFIED.,.F.,
  .F.,(2,2),(12.4,18.0000006),.PIECEWISE_BEZIER_KNOTS.);
#6440 = CARTESIAN_POINT('',(-0.6,-13.54440623394));
#6441 = CARTESIAN_POINT('',(5.0000006,-13.54440623394));
#6442 = ( GEOMETRIC_REPRESENTATION_CONTEXT(2) 
PARAMETRIC_REPRESENTATION_CONTEXT() REPRESENTATION_CONTEXT('2D SPACE',''
  ) );
#6443 = PCURVE('',#5107,#6444);
#6444 = DEFINITIONAL_REPRESENTATION('',(#6445),#6448);
#6445 = B_SPLINE_CURVE_WITH_KNOTS('',1,(#6446,#6447),.UNSPECIFIED.,.F.,
  .F.,(2,2),(12.4,18.0000006),.PIECEWISE_BEZIER_KNOTS.);
#6446 = CARTESIAN_POINT('',(1.399966657666,12.4));
#6447 = CARTESIAN_POINT('',(1.399966657666,18.0000006));
#6448 = ( GEOMETRIC_REPRESENTATION_CONTEXT(2) 
PARAMETRIC_REPRESENTATION_CONTEXT() REPRESENTATION_CONTEXT('2D SPACE',''
  ) );
#6449 = ORIENTED_EDGE('',*,*,#5119,.F.);
#6450 = ADVANCED_FACE('',(#6451),#4991,.T.);
#6451 = FACE_BOUND('',#6452,.T.);
#6452 = EDGE_LOOP('',(#6453,#6454,#6455,#6483,#6509,#6533));
#6453 = ORIENTED_EDGE('',*,*,#4974,.F.);
#6454 = ORIENTED_EDGE('',*,*,#6360,.F.);
#6455 = ORIENTED_EDGE('',*,*,#6456,.T.);
#6456 = EDGE_CURVE('',#6361,#6457,#6459,.T.);
#6457 = VERTEX_POINT('',#6458);
#6458 = CARTESIAN_POINT('',(6.,-99.81983770774,78.));
#6459 = SURFACE_CURVE('',#6460,(#6465,#6472),.PCURVE_S1.);
#6460 = CIRCLE('',#6461,100.);
#6461 = AXIS2_PLACEMENT_3D('',#6462,#6463,#6464);
#6462 = CARTESIAN_POINT('',(0.,0.,78.));
#6463 = DIRECTION('',(0.,0.,-1.));
#6464 = DIRECTION('',(0.17,-0.985444062339,0.));
#6465 = PCURVE('',#4991,#6466);
#6466 = DEFINITIONAL_REPRESENTATION('',(#6467),#6471);
#6467 = LINE('',#6468,#6469);
#6468 = CARTESIAN_POINT('',(4.883218649514,13.));
#6469 = VECTOR('',#6470,1.);
#6470 = DIRECTION('',(-1.,-0.));
#6471 = ( GEOMETRIC_REPRESENTATION_CONTEXT(2) 
PARAMETRIC_REPRESENTATION_CONTEXT() REPRESENTATION_CONTEXT('2D SPACE',''
  ) );
#6472 = PCURVE('',#6017,#6473);
#6473 = DEFINITIONAL_REPRESENTATION('',(#6474),#6482);
#6474 = ( BOUNDED_CURVE() B_SPLINE_CURVE(2,(#6475,#6476,#6477,#6478,
#6479,#6480,#6481),.UNSPECIFIED.,.T.,.F.) B_SPLINE_CURVE_WITH_KNOTS((1,2
    ,2,2,2,1),(-2.094395102393,0.,2.094395102393,4.188790204786,
6.28318530718,8.377580409573),.UNSPECIFIED.) CURVE() 
GEOMETRIC_REPRESENTATION_ITEM() RATIONAL_B_SPLINE_CURVE((1.,0.5,1.,0.5,
1.,0.5,1.)) REPRESENTATION_ITEM('') );
#6475 = CARTESIAN_POINT('',(34.,31.455593766059));
#6476 = CARTESIAN_POINT('',(-136.6839183988,2.010730037388));
#6477 = CARTESIAN_POINT('',(-76.84195919944,164.54977125263));
#6478 = CARTESIAN_POINT('',(-17.,327.08881246788));
#6479 = CARTESIAN_POINT('',(93.841959199447,193.9946349813));
#6480 = CARTESIAN_POINT('',(204.68391839889,60.90045749473));
#6481 = CARTESIAN_POINT('',(34.,31.455593766059));
#6482 = ( GEOMETRIC_REPRESENTATION_CONTEXT(2) 
PARAMETRIC_REPRESENTATION_CONTEXT() REPRESENTATION_CONTEXT('2D SPACE',''
  ) );
#6483 = ORIENTED_EDGE('',*,*,#6484,.F.);
#6484 = EDGE_CURVE('',#6485,#6457,#6487,.T.);
#6485 = VERTEX_POINT('',#6486);
#6486 = CARTESIAN_POINT('',(6.,-99.81983770774,67.));
#6487 = SURFACE_CURVE('',#6488,(#6492,#6498),.PCURVE_S1.);
#6488 = LINE('',#6489,#6490);
#6489 = CARTESIAN_POINT('',(6.,-99.81983770774,65.));
#6490 = VECTOR('',#6491,1.);
#6491 = DIRECTION('',(0.,0.,1.));
#6492 = PCURVE('',#4991,#6493);
#6493 = DEFINITIONAL_REPRESENTATION('',(#6494),#6497);
#6494 = B_SPLINE_CURVE_WITH_KNOTS('',1,(#6495,#6496),.UNSPECIFIED.,.F.,
  .F.,(2,2),(1.9999994,18.0000006),.PIECEWISE_BEZIER_KNOTS.);
#6495 = CARTESIAN_POINT('',(4.77242503883,1.9999994));
#6496 = CARTESIAN_POINT('',(4.77242503883,18.0000006));
#6497 = ( GEOMETRIC_REPRESENTATION_CONTEXT(2) 
PARAMETRIC_REPRESENTATION_CONTEXT() REPRESENTATION_CONTEXT('2D SPACE',''
  ) );
#6498 = PCURVE('',#6499,#6504);
#6499 = PLANE('',#6500);
#6500 = AXIS2_PLACEMENT_3D('',#6501,#6502,#6503);
#6501 = CARTESIAN_POINT('',(6.,-130.,66.));
#6502 = DIRECTION('',(1.,0.,-0.));
#6503 = DIRECTION('',(0.,0.,1.));
#6504 = DEFINITIONAL_REPRESENTATION('',(#6505),#6508);
#6505 = B_SPLINE_CURVE_WITH_KNOTS('',1,(#6506,#6507),.UNSPECIFIED.,.F.,
  .F.,(2,2),(1.9999994,18.0000006),.PIECEWISE_BEZIER_KNOTS.);
#6506 = CARTESIAN_POINT('',(0.9999994,-30.18016229225));
#6507 = CARTESIAN_POINT('',(17.0000006,-30.18016229225));
#6508 = ( GEOMETRIC_REPRESENTATION_CONTEXT(2) 
PARAMETRIC_REPRESENTATION_CONTEXT() REPRESENTATION_CONTEXT('2D SPACE',''
  ) );
#6509 = ORIENTED_EDGE('',*,*,#6510,.T.);
#6510 = EDGE_CURVE('',#6485,#6511,#6513,.T.);
#6511 = VERTEX_POINT('',#6512);
#6512 = CARTESIAN_POINT('',(33.21611318837,-94.32226579476,67.));
#6513 = SURFACE_CURVE('',#6514,(#6519,#6526),.PCURVE_S1.);
#6514 = CIRCLE('',#6515,100.);
#6515 = AXIS2_PLACEMENT_3D('',#6516,#6517,#6518);
#6516 = CARTESIAN_POINT('',(0.,0.,67.));
#6517 = DIRECTION('',(0.,0.,1.));
#6518 = DIRECTION('',(1.,0.,-0.));
#6519 = PCURVE('',#4991,#6520);
#6520 = DEFINITIONAL_REPRESENTATION('',(#6521),#6525);
#6521 = LINE('',#6522,#6523);
#6522 = CARTESIAN_POINT('',(0.,2.));
#6523 = VECTOR('',#6524,1.);
#6524 = DIRECTION('',(1.,0.));
#6525 = ( GEOMETRIC_REPRESENTATION_CONTEXT(2) 
PARAMETRIC_REPRESENTATION_CONTEXT() REPRESENTATION_CONTEXT('2D SPACE',''
  ) );
#6526 = PCURVE('',#5728,#6527);
#6527 = DEFINITIONAL_REPRESENTATION('',(#6528),#6532);
#6528 = CIRCLE('',#6529,100.);
#6529 = AXIS2_PLACEMENT_2D('',#6530,#6531);
#6530 = CARTESIAN_POINT('',(0.,0.));
#6531 = DIRECTION('',(1.,0.));
#6532 = ( GEOMETRIC_REPRESENTATION_CONTEXT(2) 
PARAMETRIC_REPRESENTATION_CONTEXT() REPRESENTATION_CONTEXT('2D SPACE',''
  ) );
#6533 = ORIENTED_EDGE('',*,*,#6534,.T.);
#6534 = EDGE_CURVE('',#6511,#4975,#6535,.T.);
#6535 = SURFACE_CURVE('',#6536,(#6540,#6546),.PCURVE_S1.);
#6536 = LINE('',#6537,#6538);
#6537 = CARTESIAN_POINT('',(33.21611318837,-94.32226579476,65.));
#6538 = VECTOR('',#6539,1.);
#6539 = DIRECTION('',(0.,0.,1.));
#6540 = PCURVE('',#4991,#6541);
#6541 = DEFINITIONAL_REPRESENTATION('',(#6542),#6545);
#6542 = B_SPLINE_CURVE_WITH_KNOTS('',1,(#6543,#6544),.UNSPECIFIED.,.F.,
  .F.,(2,2),(0.9999994,19.0000006),.PIECEWISE_BEZIER_KNOTS.);
#6543 = CARTESIAN_POINT('',(5.050982855272,0.9999994));
#6544 = CARTESIAN_POINT('',(5.050982855272,19.0000006));
#6545 = ( GEOMETRIC_REPRESENTATION_CONTEXT(2) 
PARAMETRIC_REPRESENTATION_CONTEXT() REPRESENTATION_CONTEXT('2D SPACE',''
  ) );
#6546 = PCURVE('',#5019,#6547);
#6547 = DEFINITIONAL_REPRESENTATION('',(#6548),#6551);
#6548 = B_SPLINE_CURVE_WITH_KNOTS('',1,(#6549,#6550),.UNSPECIFIED.,.F.,
  .F.,(2,2),(0.9999994,19.0000006),.PIECEWISE_BEZIER_KNOTS.);
#6549 = CARTESIAN_POINT('',(30.,6.000000070117E-07));
#6550 = CARTESIAN_POINT('',(30.,-18.0000006));
#6551 = ( GEOMETRIC_REPRESENTATION_CONTEXT(2) 
PARAMETRIC_REPRESENTATION_CONTEXT() REPRESENTATION_CONTEXT('2D SPACE',''
  ) );
#6552 = ADVANCED_FACE('',(#6553),#5107,.T.);
#6553 = FACE_BOUND('',#6554,.T.);
#6554 = EDGE_LOOP('',(#6555,#6556,#6577,#6601,#6627,#6653));
#6555 = ORIENTED_EDGE('',*,*,#5090,.F.);
#6556 = ORIENTED_EDGE('',*,*,#6557,.F.);
#6557 = EDGE_CURVE('',#6558,#5064,#6560,.T.);
#6558 = VERTEX_POINT('',#6559);
#6559 = CARTESIAN_POINT('',(33.21611318837,94.32226579476,67.));
#6560 = SURFACE_CURVE('',#6561,(#6565,#6571),.PCURVE_S1.);
#6561 = LINE('',#6562,#6563);
#6562 = CARTESIAN_POINT('',(33.21611318837,94.32226579476,65.));
#6563 = VECTOR('',#6564,1.);
#6564 = DIRECTION('',(0.,0.,1.));
#6565 = PCURVE('',#5107,#6566);
#6566 = DEFINITIONAL_REPRESENTATION('',(#6567),#6570);
#6567 = B_SPLINE_CURVE_WITH_KNOTS('',1,(#6568,#6569),.UNSPECIFIED.,.F.,
  .F.,(2,2),(0.9999994,19.0000006),.PIECEWISE_BEZIER_KNOTS.);
#6568 = CARTESIAN_POINT('',(1.232202451908,0.9999994));
#6569 = CARTESIAN_POINT('',(1.232202451908,19.0000006));
#6570 = ( GEOMETRIC_REPRESENTATION_CONTEXT(2) 
PARAMETRIC_REPRESENTATION_CONTEXT() REPRESENTATION_CONTEXT('2D SPACE',''
  ) );
#6571 = PCURVE('',#5079,#6572);
#6572 = DEFINITIONAL_REPRESENTATION('',(#6573),#6576);
#6573 = B_SPLINE_CURVE_WITH_KNOTS('',1,(#6574,#6575),.UNSPECIFIED.,.F.,
  .F.,(2,2),(0.9999994,19.0000006),.PIECEWISE_BEZIER_KNOTS.);
#6574 = CARTESIAN_POINT('',(100.,6.000000070117E-07));
#6575 = CARTESIAN_POINT('',(100.,-18.0000006));
#6576 = ( GEOMETRIC_REPRESENTATION_CONTEXT(2) 
PARAMETRIC_REPRESENTATION_CONTEXT() REPRESENTATION_CONTEXT('2D SPACE',''
  ) );
#6577 = ORIENTED_EDGE('',*,*,#6578,.T.);
#6578 = EDGE_CURVE('',#6558,#6579,#6581,.T.);
#6579 = VERTEX_POINT('',#6580);
#6580 = CARTESIAN_POINT('',(6.,99.819837707742,67.));
#6581 = SURFACE_CURVE('',#6582,(#6587,#6594),.PCURVE_S1.);
#6582 = CIRCLE('',#6583,100.);
#6583 = AXIS2_PLACEMENT_3D('',#6584,#6585,#6586);
#6584 = CARTESIAN_POINT('',(0.,0.,67.));
#6585 = DIRECTION('',(0.,0.,1.));
#6586 = DIRECTION('',(1.,0.,-0.));
#6587 = PCURVE('',#5107,#6588);
#6588 = DEFINITIONAL_REPRESENTATION('',(#6589),#6593);
#6589 = LINE('',#6590,#6591);
#6590 = CARTESIAN_POINT('',(0.,2.));
#6591 = VECTOR('',#6592,1.);
#6592 = DIRECTION('',(1.,0.));
#6593 = ( GEOMETRIC_REPRESENTATION_CONTEXT(2) 
PARAMETRIC_REPRESENTATION_CONTEXT() REPRESENTATION_CONTEXT('2D SPACE',''
  ) );
#6594 = PCURVE('',#5728,#6595);
#6595 = DEFINITIONAL_REPRESENTATION('',(#6596),#6600);
#6596 = CIRCLE('',#6597,100.);
#6597 = AXIS2_PLACEMENT_2D('',#6598,#6599);
#6598 = CARTESIAN_POINT('',(0.,0.));
#6599 = DIRECTION('',(1.,0.));
#6600 = ( GEOMETRIC_REPRESENTATION_CONTEXT(2) 
PARAMETRIC_REPRESENTATION_CONTEXT() REPRESENTATION_CONTEXT('2D SPACE',''
  ) );
#6601 = ORIENTED_EDGE('',*,*,#6602,.T.);
#6602 = EDGE_CURVE('',#6579,#6603,#6605,.T.);
#6603 = VERTEX_POINT('',#6604);
#6604 = CARTESIAN_POINT('',(6.,99.819837707742,78.));
#6605 = SURFACE_CURVE('',#6606,(#6610,#6616),.PCURVE_S1.);
#6606 = LINE('',#6607,#6608);
#6607 = CARTESIAN_POINT('',(6.,99.819837707742,65.));
#6608 = VECTOR('',#6609,1.);
#6609 = DIRECTION('',(0.,0.,1.));
#6610 = PCURVE('',#5107,#6611);
#6611 = DEFINITIONAL_REPRESENTATION('',(#6612),#6615);
#6612 = B_SPLINE_CURVE_WITH_KNOTS('',1,(#6613,#6614),.UNSPECIFIED.,.F.,
  .F.,(2,2),(1.9999994,18.0000006),.PIECEWISE_BEZIER_KNOTS.);
#6613 = CARTESIAN_POINT('',(1.51076026835,1.9999994));
#6614 = CARTESIAN_POINT('',(1.51076026835,18.0000006));
#6615 = ( GEOMETRIC_REPRESENTATION_CONTEXT(2) 
PARAMETRIC_REPRESENTATION_CONTEXT() REPRESENTATION_CONTEXT('2D SPACE',''
  ) );
#6616 = PCURVE('',#6617,#6622);
#6617 = PLANE('',#6618);
#6618 = AXIS2_PLACEMENT_3D('',#6619,#6620,#6621);
#6619 = CARTESIAN_POINT('',(6.,85.,66.));
#6620 = DIRECTION('',(1.,0.,-0.));
#6621 = DIRECTION('',(0.,0.,1.));
#6622 = DEFINITIONAL_REPRESENTATION('',(#6623),#6626);
#6623 = B_SPLINE_CURVE_WITH_KNOTS('',1,(#6624,#6625),.UNSPECIFIED.,.F.,
  .F.,(2,2),(1.9999994,18.0000006),.PIECEWISE_BEZIER_KNOTS.);
#6624 = CARTESIAN_POINT('',(0.9999994,-14.81983770774));
#6625 = CARTESIAN_POINT('',(17.0000006,-14.81983770774));
#6626 = ( GEOMETRIC_REPRESENTATION_CONTEXT(2) 
PARAMETRIC_REPRESENTATION_CONTEXT() REPRESENTATION_CONTEXT('2D SPACE',''
  ) );
#6627 = ORIENTED_EDGE('',*,*,#6628,.T.);
#6628 = EDGE_CURVE('',#6603,#6409,#6629,.T.);
#6629 = SURFACE_CURVE('',#6630,(#6635,#6642),.PCURVE_S1.);
#6630 = CIRCLE('',#6631,100.);
#6631 = AXIS2_PLACEMENT_3D('',#6632,#6633,#6634);
#6632 = CARTESIAN_POINT('',(0.,0.,78.));
#6633 = DIRECTION('',(0.,0.,-1.));
#6634 = DIRECTION('',(6.E-02,0.998198377077,0.));
#6635 = PCURVE('',#5107,#6636);
#6636 = DEFINITIONAL_REPRESENTATION('',(#6637),#6641);
#6637 = LINE('',#6638,#6639);
#6638 = CARTESIAN_POINT('',(1.51076026835,13.));
#6639 = VECTOR('',#6640,1.);
#6640 = DIRECTION('',(-1.,-0.));
#6641 = ( GEOMETRIC_REPRESENTATION_CONTEXT(2) 
PARAMETRIC_REPRESENTATION_CONTEXT() REPRESENTATION_CONTEXT('2D SPACE',''
  ) );
#6642 = PCURVE('',#6094,#6643);
#6643 = DEFINITIONAL_REPRESENTATION('',(#6644),#6652);
#6644 = ( BOUNDED_CURVE() B_SPLINE_CURVE(2,(#6645,#6646,#6647,#6648,
#6649,#6650,#6651),.UNSPECIFIED.,.T.,.F.) B_SPLINE_CURVE_WITH_KNOTS((1,2
    ,2,2,2,1),(-2.094395102393,0.,2.094395102393,4.188790204786,
6.28318530718,8.377580409573),.UNSPECIFIED.) CURVE() 
GEOMETRIC_REPRESENTATION_ITEM() RATIONAL_B_SPLINE_CURVE((1.,0.5,1.,0.5,
1.,0.5,1.)) REPRESENTATION_ITEM('') );
#6645 = CARTESIAN_POINT('',(6.,14.819837707742));
#6646 = CARTESIAN_POINT('',(178.89303051308,4.427532862329));
#6647 = CARTESIAN_POINT('',(83.446515256545,-140.1060712765));
#6648 = CARTESIAN_POINT('',(-12.,-284.6396754154));
#6649 = CARTESIAN_POINT('',(-89.44651525654,-129.7137664311));
#6650 = CARTESIAN_POINT('',(-166.893030513,25.212142553155));
#6651 = CARTESIAN_POINT('',(6.,14.819837707742));
#6652 = ( GEOMETRIC_REPRESENTATION_CONTEXT(2) 
PARAMETRIC_REPRESENTATION_CONTEXT() REPRESENTATION_CONTEXT('2D SPACE',''
  ) );
#6653 = ORIENTED_EDGE('',*,*,#6431,.T.);
#6654 = ADVANCED_FACE('',(#6655),#5019,.T.);
#6655 = FACE_BOUND('',#6656,.T.);
#6656 = EDGE_LOOP('',(#6657,#6658,#6679,#6698));
#6657 = ORIENTED_EDGE('',*,*,#6534,.F.);
#6658 = ORIENTED_EDGE('',*,*,#6659,.T.);
#6659 = EDGE_CURVE('',#6511,#6660,#6662,.T.);
#6660 = VERTEX_POINT('',#6661);
#6661 = CARTESIAN_POINT('',(34.876918847789,-99.03837908449,67.));
#6662 = SURFACE_CURVE('',#6663,(#6667,#6673),.PCURVE_S1.);
#6663 = LINE('',#6664,#6665);
#6664 = CARTESIAN_POINT('',(21.590473572441,-61.30947276659,67.));
#6665 = VECTOR('',#6666,1.);
#6666 = DIRECTION('',(0.332161131884,-0.943222657948,0.));
#6667 = PCURVE('',#5019,#6668);
#6668 = DEFINITIONAL_REPRESENTATION('',(#6669),#6672);
#6669 = B_SPLINE_CURVE_WITH_KNOTS('',1,(#6670,#6671),.UNSPECIFIED.,.F.,
  .F.,(2,2),(35.,46.32048102881),.PIECEWISE_BEZIER_KNOTS.);
#6670 = CARTESIAN_POINT('',(30.,-1.));
#6671 = CARTESIAN_POINT('',(18.67951897119,-1.));
#6672 = ( GEOMETRIC_REPRESENTATION_CONTEXT(2) 
PARAMETRIC_REPRESENTATION_CONTEXT() REPRESENTATION_CONTEXT('2D SPACE',''
  ) );
#6673 = PCURVE('',#5728,#6674);
#6674 = DEFINITIONAL_REPRESENTATION('',(#6675),#6678);
#6675 = B_SPLINE_CURVE_WITH_KNOTS('',1,(#6676,#6677),.UNSPECIFIED.,.F.,
  .F.,(2,2),(35.,46.32048102881),.PIECEWISE_BEZIER_KNOTS.);
#6676 = CARTESIAN_POINT('',(33.21611318837,-94.32226579476));
#6677 = CARTESIAN_POINT('',(36.976336980368,-105.));
#6678 = ( GEOMETRIC_REPRESENTATION_CONTEXT(2) 
PARAMETRIC_REPRESENTATION_CONTEXT() REPRESENTATION_CONTEXT('2D SPACE',''
  ) );
#6679 = ORIENTED_EDGE('',*,*,#6680,.T.);
#6680 = EDGE_CURVE('',#6660,#5004,#6681,.T.);
#6681 = SURFACE_CURVE('',#6682,(#6686,#6692),.PCURVE_S1.);
#6682 = LINE('',#6683,#6684);
#6683 = CARTESIAN_POINT('',(34.876918847789,-99.03837908449,67.));
#6684 = VECTOR('',#6685,1.);
#6685 = DIRECTION('',(0.,0.,1.));
#6686 = PCURVE('',#5019,#6687);
#6687 = DEFINITIONAL_REPRESENTATION('',(#6688),#6691);
#6688 = B_SPLINE_CURVE_WITH_KNOTS('',1,(#6689,#6690),.UNSPECIFIED.,.F.,
  .F.,(2,2),(-6.000000070117E-07,16.0000006),.PIECEWISE_BEZIER_KNOTS.);
#6689 = CARTESIAN_POINT('',(25.,-0.9999994));
#6690 = CARTESIAN_POINT('',(25.,-17.0000006));
#6691 = ( GEOMETRIC_REPRESENTATION_CONTEXT(2) 
PARAMETRIC_REPRESENTATION_CONTEXT() REPRESENTATION_CONTEXT('2D SPACE',''
  ) );
#6692 = PCURVE('',#5051,#6693);
#6693 = DEFINITIONAL_REPRESENTATION('',(#6694),#6697);
#6694 = B_SPLINE_CURVE_WITH_KNOTS('',1,(#6695,#6696),.UNSPECIFIED.,.F.,
  .F.,(2,2),(0.,16.),.PIECEWISE_BEZIER_KNOTS.);
#6695 = CARTESIAN_POINT('',(5.050982855272,0.));
#6696 = CARTESIAN_POINT('',(5.050982855272,16.));
#6697 = ( GEOMETRIC_REPRESENTATION_CONTEXT(2) 
PARAMETRIC_REPRESENTATION_CONTEXT() REPRESENTATION_CONTEXT('2D SPACE',''
  ) );
#6698 = ORIENTED_EDGE('',*,*,#5003,.F.);
#6699 = ADVANCED_FACE('',(#6700),#5079,.T.);
#6700 = FACE_BOUND('',#6701,.T.);
#6701 = EDGE_LOOP('',(#6702,#6723,#6724,#6725));
#6702 = ORIENTED_EDGE('',*,*,#6703,.T.);
#6703 = EDGE_CURVE('',#6704,#6558,#6706,.T.);
#6704 = VERTEX_POINT('',#6705);
#6705 = CARTESIAN_POINT('',(34.876918847789,99.038379084498,67.));
#6706 = SURFACE_CURVE('',#6707,(#6711,#6717),.PCURVE_S1.);
#6707 = LINE('',#6708,#6709);
#6708 = CARTESIAN_POINT('',(0.,0.,67.));
#6709 = VECTOR('',#6710,1.);
#6710 = DIRECTION('',(-0.332161131884,-0.943222657948,0.));
#6711 = PCURVE('',#5079,#6712);
#6712 = DEFINITIONAL_REPRESENTATION('',(#6713),#6716);
#6713 = B_SPLINE_CURVE_WITH_KNOTS('',1,(#6714,#6715),.UNSPECIFIED.,.F.,
  .F.,(2,2),(-111.3204810288,-100.),.PIECEWISE_BEZIER_KNOTS.);
#6714 = CARTESIAN_POINT('',(111.32048102881,-1.));
#6715 = CARTESIAN_POINT('',(100.,-1.));
#6716 = ( GEOMETRIC_REPRESENTATION_CONTEXT(2) 
PARAMETRIC_REPRESENTATION_CONTEXT() REPRESENTATION_CONTEXT('2D SPACE',''
  ) );
#6717 = PCURVE('',#5728,#6718);
#6718 = DEFINITIONAL_REPRESENTATION('',(#6719),#6722);
#6719 = B_SPLINE_CURVE_WITH_KNOTS('',1,(#6720,#6721),.UNSPECIFIED.,.F.,
  .F.,(2,2),(-111.3204810288,-100.),.PIECEWISE_BEZIER_KNOTS.);
#6720 = CARTESIAN_POINT('',(36.976336980368,105.));
#6721 = CARTESIAN_POINT('',(33.21611318837,94.32226579476));
#6722 = ( GEOMETRIC_REPRESENTATION_CONTEXT(2) 
PARAMETRIC_REPRESENTATION_CONTEXT() REPRESENTATION_CONTEXT('2D SPACE',''
  ) );
#6723 = ORIENTED_EDGE('',*,*,#6557,.T.);
#6724 = ORIENTED_EDGE('',*,*,#5063,.F.);
#6725 = ORIENTED_EDGE('',*,*,#6726,.F.);
#6726 = EDGE_CURVE('',#6704,#5031,#6727,.T.);
#6727 = SURFACE_CURVE('',#6728,(#6732,#6738),.PCURVE_S1.);
#6728 = LINE('',#6729,#6730);
#6729 = CARTESIAN_POINT('',(34.876918847789,99.038379084498,67.));
#6730 = VECTOR('',#6731,1.);
#6731 = DIRECTION('',(0.,0.,1.));
#6732 = PCURVE('',#5079,#6733);
#6733 = DEFINITIONAL_REPRESENTATION('',(#6734),#6737);
#6734 = B_SPLINE_CURVE_WITH_KNOTS('',1,(#6735,#6736),.UNSPECIFIED.,.F.,
  .F.,(2,2),(-6.000000070117E-07,16.0000006),.PIECEWISE_BEZIER_KNOTS.);
#6735 = CARTESIAN_POINT('',(105.,-0.9999994));
#6736 = CARTESIAN_POINT('',(105.,-17.0000006));
#6737 = ( GEOMETRIC_REPRESENTATION_CONTEXT(2) 
PARAMETRIC_REPRESENTATION_CONTEXT() REPRESENTATION_CONTEXT('2D SPACE',''
  ) );
#6738 = PCURVE('',#5051,#6739);
#6739 = DEFINITIONAL_REPRESENTATION('',(#6740),#6743);
#6740 = B_SPLINE_CURVE_WITH_KNOTS('',1,(#6741,#6742),.UNSPECIFIED.,.F.,
  .F.,(2,2),(0.,16.),.PIECEWISE_BEZIER_KNOTS.);
#6741 = CARTESIAN_POINT('',(7.515387759088,0.));
#6742 = CARTESIAN_POINT('',(7.515387759088,16.));
#6743 = ( GEOMETRIC_REPRESENTATION_CONTEXT(2) 
PARAMETRIC_REPRESENTATION_CONTEXT() REPRESENTATION_CONTEXT('2D SPACE',''
  ) );
#6744 = ADVANCED_FACE('',(#6745),#5051,.T.);
#6745 = FACE_BOUND('',#6746,.T.);
#6746 = EDGE_LOOP('',(#6747,#6773,#6774,#6775));
#6747 = ORIENTED_EDGE('',*,*,#6748,.F.);
#6748 = EDGE_CURVE('',#6704,#6660,#6749,.T.);
#6749 = SURFACE_CURVE('',#6750,(#6755,#6762),.PCURVE_S1.);
#6750 = CIRCLE('',#6751,105.);
#6751 = AXIS2_PLACEMENT_3D('',#6752,#6753,#6754);
#6752 = CARTESIAN_POINT('',(0.,0.,67.));
#6753 = DIRECTION('',(0.,0.,-1.));
#6754 = DIRECTION('',(0.332161131884,0.943222657948,0.));
#6755 = PCURVE('',#5051,#6756);
#6756 = DEFINITIONAL_REPRESENTATION('',(#6757),#6761);
#6757 = LINE('',#6758,#6759);
#6758 = CARTESIAN_POINT('',(7.515387759088,0.));
#6759 = VECTOR('',#6760,1.);
#6760 = DIRECTION('',(-1.,-0.));
#6761 = ( GEOMETRIC_REPRESENTATION_CONTEXT(2) 
PARAMETRIC_REPRESENTATION_CONTEXT() REPRESENTATION_CONTEXT('2D SPACE',''
  ) );
#6762 = PCURVE('',#5728,#6763);
#6763 = DEFINITIONAL_REPRESENTATION('',(#6764),#6772);
#6764 = ( BOUNDED_CURVE() B_SPLINE_CURVE(2,(#6765,#6766,#6767,#6768,
#6769,#6770,#6771),.UNSPECIFIED.,.T.,.F.) B_SPLINE_CURVE_WITH_KNOTS((1,2
    ,2,2,2,1),(-2.094395102393,0.,2.094395102393,4.188790204786,
6.28318530718,8.377580409573),.UNSPECIFIED.) CURVE() 
GEOMETRIC_REPRESENTATION_ITEM() RATIONAL_B_SPLINE_CURVE((1.,0.5,1.,0.5,
1.,0.5,1.)) REPRESENTATION_ITEM('') );
#6765 = CARTESIAN_POINT('',(34.876918847789,99.038379084498));
#6766 = CARTESIAN_POINT('',(206.4164233214,38.629783628671));
#6767 = CARTESIAN_POINT('',(68.331292812914,-79.72348727016));
#6768 = CARTESIAN_POINT('',(-69.75383769557,-198.0767581689));
#6769 = CARTESIAN_POINT('',(-103.2082116607,-19.31489181433));
#6770 = CARTESIAN_POINT('',(-136.6625856258,159.44697454032));
#6771 = CARTESIAN_POINT('',(34.876918847789,99.038379084498));
#6772 = ( GEOMETRIC_REPRESENTATION_CONTEXT(2) 
PARAMETRIC_REPRESENTATION_CONTEXT() REPRESENTATION_CONTEXT('2D SPACE',''
  ) );
#6773 = ORIENTED_EDGE('',*,*,#6726,.T.);
#6774 = ORIENTED_EDGE('',*,*,#5030,.T.);
#6775 = ORIENTED_EDGE('',*,*,#6680,.F.);
#6776 = ADVANCED_FACE('',(#6777),#5307,.F.);
#6777 = FACE_BOUND('',#6778,.F.);
#6778 = EDGE_LOOP('',(#6779,#6780,#6803,#6825));
#6779 = ORIENTED_EDGE('',*,*,#5290,.F.);
#6780 = ORIENTED_EDGE('',*,*,#6781,.F.);
#6781 = EDGE_CURVE('',#6782,#5291,#6784,.T.);
#6782 = VERTEX_POINT('',#6783);
#6783 = CARTESIAN_POINT('',(91.149157926016,34.441508912858,67.));
#6784 = SEAM_CURVE('',#6785,(#6789,#6796),.PCURVE_S1.);
#6785 = LINE('',#6786,#6787);
#6786 = CARTESIAN_POINT('',(91.149157926016,34.441508912858,66.));
#6787 = VECTOR('',#6788,1.);
#6788 = DIRECTION('',(0.,0.,1.));
#6789 = PCURVE('',#5307,#6790);
#6790 = DEFINITIONAL_REPRESENTATION('',(#6791),#6795);
#6791 = LINE('',#6792,#6793);
#6792 = CARTESIAN_POINT('',(6.28318530718,-0.));
#6793 = VECTOR('',#6794,1.);
#6794 = DIRECTION('',(0.,1.));
#6795 = ( GEOMETRIC_REPRESENTATION_CONTEXT(2) 
PARAMETRIC_REPRESENTATION_CONTEXT() REPRESENTATION_CONTEXT('2D SPACE',''
  ) );
#6796 = PCURVE('',#5307,#6797);
#6797 = DEFINITIONAL_REPRESENTATION('',(#6798),#6802);
#6798 = LINE('',#6799,#6800);
#6799 = CARTESIAN_POINT('',(0.,-0.));
#6800 = VECTOR('',#6801,1.);
#6801 = DIRECTION('',(0.,1.));
#6802 = ( GEOMETRIC_REPRESENTATION_CONTEXT(2) 
PARAMETRIC_REPRESENTATION_CONTEXT() REPRESENTATION_CONTEXT('2D SPACE',''
  ) );
#6803 = ORIENTED_EDGE('',*,*,#6804,.T.);
#6804 = EDGE_CURVE('',#6782,#6782,#6805,.T.);
#6805 = SURFACE_CURVE('',#6806,(#6811,#6818),.PCURVE_S1.);
#6806 = CIRCLE('',#6807,8.);
#6807 = AXIS2_PLACEMENT_3D('',#6808,#6809,#6810);
#6808 = CARTESIAN_POINT('',(83.149157926016,34.441508912858,67.));
#6809 = DIRECTION('',(0.,0.,1.));
#6810 = DIRECTION('',(1.,0.,-0.));
#6811 = PCURVE('',#5307,#6812);
#6812 = DEFINITIONAL_REPRESENTATION('',(#6813),#6817);
#6813 = LINE('',#6814,#6815);
#6814 = CARTESIAN_POINT('',(0.,1.));
#6815 = VECTOR('',#6816,1.);
#6816 = DIRECTION('',(1.,0.));
#6817 = ( GEOMETRIC_REPRESENTATION_CONTEXT(2) 
PARAMETRIC_REPRESENTATION_CONTEXT() REPRESENTATION_CONTEXT('2D SPACE',''
  ) );
#6818 = PCURVE('',#5728,#6819);
#6819 = DEFINITIONAL_REPRESENTATION('',(#6820),#6824);
#6820 = CIRCLE('',#6821,8.);
#6821 = AXIS2_PLACEMENT_2D('',#6822,#6823);
#6822 = CARTESIAN_POINT('',(83.149157926016,34.441508912858));
#6823 = DIRECTION('',(1.,0.));
#6824 = ( GEOMETRIC_REPRESENTATION_CONTEXT(2) 
PARAMETRIC_REPRESENTATION_CONTEXT() REPRESENTATION_CONTEXT('2D SPACE',''
  ) );
#6825 = ORIENTED_EDGE('',*,*,#6781,.T.);
#6826 = ADVANCED_FACE('',(#6827,#6830),#5557,.T.);
#6827 = FACE_BOUND('',#6828,.T.);
#6828 = EDGE_LOOP('',(#6829));
#6829 = ORIENTED_EDGE('',*,*,#5542,.T.);
#6830 = FACE_BOUND('',#6831,.T.);
#6831 = EDGE_LOOP('',(#6832));
#6832 = ORIENTED_EDGE('',*,*,#6833,.F.);
#6833 = EDGE_CURVE('',#6834,#6834,#6836,.T.);
#6834 = VERTEX_POINT('',#6835);
#6835 = CARTESIAN_POINT('',(28.1,-6.882515011208E-15,108.3));
#6836 = SURFACE_CURVE('',#6837,(#6842,#6849),.PCURVE_S1.);
#6837 = CIRCLE('',#6838,28.1);
#6838 = AXIS2_PLACEMENT_3D('',#6839,#6840,#6841);
#6839 = CARTESIAN_POINT('',(0.,0.,108.3));
#6840 = DIRECTION('',(0.,0.,1.));
#6841 = DIRECTION('',(1.,0.,-0.));
#6842 = PCURVE('',#5557,#6843);
#6843 = DEFINITIONAL_REPRESENTATION('',(#6844),#6848);
#6844 = CIRCLE('',#6845,28.1);
#6845 = AXIS2_PLACEMENT_2D('',#6846,#6847);
#6846 = CARTESIAN_POINT('',(0.,0.));
#6847 = DIRECTION('',(1.,0.));
#6848 = ( GEOMETRIC_REPRESENTATION_CONTEXT(2) 
PARAMETRIC_REPRESENTATION_CONTEXT() REPRESENTATION_CONTEXT('2D SPACE',''
  ) );
#6849 = PCURVE('',#6850,#6855);
#6850 = CYLINDRICAL_SURFACE('',#6851,28.1);
#6851 = AXIS2_PLACEMENT_3D('',#6852,#6853,#6854);
#6852 = CARTESIAN_POINT('',(0.,0.,49.7));
#6853 = DIRECTION('',(0.,0.,1.));
#6854 = DIRECTION('',(1.,0.,-0.));
#6855 = DEFINITIONAL_REPRESENTATION('',(#6856),#6860);
#6856 = LINE('',#6857,#6858);
#6857 = CARTESIAN_POINT('',(0.,58.6));
#6858 = VECTOR('',#6859,1.);
#6859 = DIRECTION('',(1.,0.));
#6860 = ( GEOMETRIC_REPRESENTATION_CONTEXT(2) 
PARAMETRIC_REPRESENTATION_CONTEXT() REPRESENTATION_CONTEXT('2D SPACE',''
  ) );
#6861 = ADVANCED_FACE('',(#6862,#6916),#5677,.T.);
#6862 = FACE_BOUND('',#6863,.T.);
#6863 = EDGE_LOOP('',(#6864,#6887,#6914,#6915));
#6864 = ORIENTED_EDGE('',*,*,#6865,.T.);
#6865 = EDGE_CURVE('',#5661,#6866,#6868,.T.);
#6866 = VERTEX_POINT('',#6867);
#6867 = CARTESIAN_POINT('',(54.86,-1.343682468024E-14,62.));
#6868 = SEAM_CURVE('',#6869,(#6873,#6880),.PCURVE_S1.);
#6869 = LINE('',#6870,#6871);
#6870 = CARTESIAN_POINT('',(54.86,-1.343682468024E-14,51.));
#6871 = VECTOR('',#6872,1.);
#6872 = DIRECTION('',(0.,0.,1.));
#6873 = PCURVE('',#5677,#6874);
#6874 = DEFINITIONAL_REPRESENTATION('',(#6875),#6879);
#6875 = LINE('',#6876,#6877);
#6876 = CARTESIAN_POINT('',(6.28318530718,-0.));
#6877 = VECTOR('',#6878,1.);
#6878 = DIRECTION('',(0.,1.));
#6879 = ( GEOMETRIC_REPRESENTATION_CONTEXT(2) 
PARAMETRIC_REPRESENTATION_CONTEXT() REPRESENTATION_CONTEXT('2D SPACE',''
  ) );
#6880 = PCURVE('',#5677,#6881);
#6881 = DEFINITIONAL_REPRESENTATION('',(#6882),#6886);
#6882 = LINE('',#6883,#6884);
#6883 = CARTESIAN_POINT('',(0.,-0.));
#6884 = VECTOR('',#6885,1.);
#6885 = DIRECTION('',(0.,1.));
#6886 = ( GEOMETRIC_REPRESENTATION_CONTEXT(2) 
PARAMETRIC_REPRESENTATION_CONTEXT() REPRESENTATION_CONTEXT('2D SPACE',''
  ) );
#6887 = ORIENTED_EDGE('',*,*,#6888,.F.);
#6888 = EDGE_CURVE('',#6866,#6866,#6889,.T.);
#6889 = SURFACE_CURVE('',#6890,(#6895,#6902),.PCURVE_S1.);
#6890 = CIRCLE('',#6891,54.86);
#6891 = AXIS2_PLACEMENT_3D('',#6892,#6893,#6894);
#6892 = CARTESIAN_POINT('',(0.,0.,62.));
#6893 = DIRECTION('',(0.,0.,1.));
#6894 = DIRECTION('',(1.,0.,-0.));
#6895 = PCURVE('',#5677,#6896);
#6896 = DEFINITIONAL_REPRESENTATION('',(#6897),#6901);
#6897 = LINE('',#6898,#6899);
#6898 = CARTESIAN_POINT('',(0.,11.));
#6899 = VECTOR('',#6900,1.);
#6900 = DIRECTION('',(1.,0.));
#6901 = ( GEOMETRIC_REPRESENTATION_CONTEXT(2) 
PARAMETRIC_REPRESENTATION_CONTEXT() REPRESENTATION_CONTEXT('2D SPACE',''
  ) );
#6902 = PCURVE('',#6903,#6908);
#6903 = PLANE('',#6904);
#6904 = AXIS2_PLACEMENT_3D('',#6905,#6906,#6907);
#6905 = CARTESIAN_POINT('',(0.,0.,62.));
#6906 = DIRECTION('',(0.,0.,1.));
#6907 = DIRECTION('',(1.,0.,-0.));
#6908 = DEFINITIONAL_REPRESENTATION('',(#6909),#6913);
#6909 = CIRCLE('',#6910,54.86);
#6910 = AXIS2_PLACEMENT_2D('',#6911,#6912);
#6911 = CARTESIAN_POINT('',(0.,0.));
#6912 = DIRECTION('',(1.,0.));
#6913 = ( GEOMETRIC_REPRESENTATION_CONTEXT(2) 
PARAMETRIC_REPRESENTATION_CONTEXT() REPRESENTATION_CONTEXT('2D SPACE',''
  ) );
#6914 = ORIENTED_EDGE('',*,*,#6865,.F.);
#6915 = ORIENTED_EDGE('',*,*,#5660,.T.);
#6916 = FACE_BOUND('',#6917,.T.);
#6917 = EDGE_LOOP('',(#6918));
#6918 = ORIENTED_EDGE('',*,*,#6919,.T.);
#6919 = EDGE_CURVE('',#6920,#6920,#6922,.T.);
#6920 = VERTEX_POINT('',#6921);
#6921 = CARTESIAN_POINT('',(-54.86,6.613092715396E-16,59.7));
#6922 = SURFACE_CURVE('',#6923,(#6986,#7052),.PCURVE_S1.);
#6923 = B_SPLINE_CURVE_WITH_KNOTS('',7,(#6924,#6925,#6926,#6927,#6928,
    #6929,#6930,#6931,#6932,#6933,#6934,#6935,#6936,#6937,#6938,#6939,
    #6940,#6941,#6942,#6943,#6944,#6945,#6946,#6947,#6948,#6949,#6950,
    #6951,#6952,#6953,#6954,#6955,#6956,#6957,#6958,#6959,#6960,#6961,
    #6962,#6963,#6964,#6965,#6966,#6967,#6968,#6969,#6970,#6971,#6972,
    #6973,#6974,#6975,#6976,#6977,#6978,#6979,#6980,#6981,#6982,#6983,
    #6984,#6985),.UNSPECIFIED.,.T.,.F.,(8,6,6,6,6,6,6,6,6,6,8),(0.,
    0.12057756091,0.248748046087,0.376917781676,0.463604892538,
    0.549872200699,0.654848463529,0.749084591129,0.877642160196,
    0.948515769274,1.),.UNSPECIFIED.);
#6924 = CARTESIAN_POINT('',(-54.86,6.217248937901E-15,59.7));
#6925 = CARTESIAN_POINT('',(-54.86,-0.358382842351,59.7));
#6926 = CARTESIAN_POINT('',(-54.85726859525,-0.706664319841,
    59.644502606679));
#6927 = CARTESIAN_POINT('',(-54.85208298441,-1.034840184828,
    59.539134683877));
#6928 = CARTESIAN_POINT('',(-54.84516496375,-1.334698751116,
    59.391413907137));
#6929 = CARTESIAN_POINT('',(-54.83748207634,-1.600117786523,
    59.210638185494));
#6930 = CARTESIAN_POINT('',(-54.82987570361,-1.827629056712,
    59.007706940949));
#6931 = CARTESIAN_POINT('',(-54.81550528941,-2.21822922567,
    58.568793081621));
#6932 = CARTESIAN_POINT('',(-54.80861014116,-2.382183070786,
    58.324989450026));
#6933 = CARTESIAN_POINT('',(-54.80273063672,-2.510716721991,
    58.06963605389));
#6934 = CARTESIAN_POINT('',(-54.79816536267,-2.605685482574,
    57.806842109762));
#6935 = CARTESIAN_POINT('',(-54.79506887306,-2.668523690386,
    57.539517561799));
#6936 = CARTESIAN_POINT('',(-54.79351786479,-2.7,57.269901779667));
#6937 = CARTESIAN_POINT('',(-54.79351786479,-2.7,56.730099798817));
#6938 = CARTESIAN_POINT('',(-54.79506885336,-2.66852408432,
    56.460477176165));
#6939 = CARTESIAN_POINT('',(-54.79816548459,-2.605683008352,
    56.193148259419));
#6940 = CARTESIAN_POINT('',(-54.80273085077,-2.510712467106,
    55.9303583639));
#6941 = CARTESIAN_POINT('',(-54.80861008675,-2.382182897964,
    55.675014612435));
#6942 = CARTESIAN_POINT('',(-54.81550502593,-2.218236387315,
    55.431214965855));
#6943 = CARTESIAN_POINT('',(-54.82791802716,-1.880840379665,
    55.052086138965));
#6944 = CARTESIAN_POINT('',(-54.83319058801,-1.726794824983,
    54.906240115654));
#6945 = CARTESIAN_POINT('',(-54.83854531066,-1.55469952846,
    54.770519979377));
#6946 = CARTESIAN_POINT('',(-54.84374553362,-1.364848386001,
    54.648005394387));
#6947 = CARTESIAN_POINT('',(-54.848509211,-1.157988325768,
    54.541865657582));
#6948 = CARTESIAN_POINT('',(-54.85253552958,-0.935368555661,
    54.455385562008));
#6949 = CARTESIAN_POINT('',(-54.85854799528,-0.46339987139,
    54.328921934205));
#6950 = CARTESIAN_POINT('',(-54.86052369421,-0.21578483979,
    54.289144281798));
#6951 = CARTESIAN_POINT('',(-54.86118446675,3.842843953905E-02,
    54.276431503696));
#6952 = CARTESIAN_POINT('',(-54.86038170298,0.292912020444,
    54.292220811654));
#6953 = CARTESIAN_POINT('',(-54.85819864091,0.541248405832,
    54.335657868761));
#6954 = CARTESIAN_POINT('',(-54.85492855327,0.777520249454,
    54.403624928953));
#6955 = CARTESIAN_POINT('',(-54.84609165612,1.263760835713,
    54.596795953613));
#6956 = CARTESIAN_POINT('',(-54.84016774352,1.506315958855,
    54.731505977962));
#6957 = CARTESIAN_POINT('',(-54.83369086473,1.723264143439,
    54.888607103827));
#6958 = CARTESIAN_POINT('',(-54.82713639198,1.91439665893,
    55.062970742022));
#6959 = CARTESIAN_POINT('',(-54.82086732717,2.080087134289,
    55.250304672391));
#6960 = CARTESIAN_POINT('',(-54.81514620977,2.221060285112,
    55.446989260488));
#6961 = CARTESIAN_POINT('',(-54.80565728372,2.443485298242,
    55.832240684102));
#6962 = CARTESIAN_POINT('',(-54.80173217055,2.52995783466,
    56.020283331162));
#6963 = CARTESIAN_POINT('',(-54.79849289084,2.598369111696,
    56.212469188317));
#6964 = CARTESIAN_POINT('',(-54.7960171703,2.649278528574,
    56.407510015101));
#6965 = CARTESIAN_POINT('',(-54.79435131067,2.683086458148,
    56.604370750989));
#6966 = CARTESIAN_POINT('',(-54.79351786479,2.7,56.802155952526));
#6967 = CARTESIAN_POINT('',(-54.79351786479,2.7,57.269900201183));
#6968 = CARTESIAN_POINT('',(-54.79506885336,2.66852408432,
    57.539522823835));
#6969 = CARTESIAN_POINT('',(-54.79816548459,2.605683008352,
    57.80685174058));
#6970 = CARTESIAN_POINT('',(-54.80273085077,2.510712467106,58.0696416361
    ));
#6971 = CARTESIAN_POINT('',(-54.80861008675,2.382182897964,
    58.324985387565));
#6972 = CARTESIAN_POINT('',(-54.81550502593,2.218236387315,
    58.568785034145));
#6973 = CARTESIAN_POINT('',(-54.82699207544,1.906008540665,
    58.919632627296));
#6974 = CARTESIAN_POINT('',(-54.83123968628,1.783424005736,
    59.039272547884));
#6975 = CARTESIAN_POINT('',(-54.83555836526,1.649087500107,
    59.15246559002));
#6976 = CARTESIAN_POINT('',(-54.83983193622,1.503004361163,
    59.257719504905));
#6977 = CARTESIAN_POINT('',(-54.84392299482,1.345336093514,
    59.353437156068));
#6978 = CARTESIAN_POINT('',(-54.84767879345,1.176430342346,
    59.437898231456));
#6979 = CARTESIAN_POINT('',(-54.85331307682,0.866410071603,
    59.561061404291));
#6980 = CARTESIAN_POINT('',(-54.85542492594,0.730300067697,
    59.605974126201));
#6981 = CARTESIAN_POINT('',(-54.85720402812,0.58943028953,
    59.642979946709));
#6982 = CARTESIAN_POINT('',(-54.8585876007,0.444827421419,
    59.671307258915));
#6983 = CARTESIAN_POINT('',(-54.85952853806,0.297606279316,
    59.690415288706));
#6984 = CARTESIAN_POINT('',(-54.86,0.148934961621,59.7));
#6985 = CARTESIAN_POINT('',(-54.86,6.217248937901E-15,59.7));
#6986 = PCURVE('',#5677,#6987);
#6987 = DEFINITIONAL_REPRESENTATION('',(#6988),#7051);
#6988 = B_SPLINE_CURVE_WITH_KNOTS('',7,(#6989,#6990,#6991,#6992,#6993,
    #6994,#6995,#6996,#6997,#6998,#6999,#7000,#7001,#7002,#7003,#7004,
    #7005,#7006,#7007,#7008,#7009,#7010,#7011,#7012,#7013,#7014,#7015,
    #7016,#7017,#7018,#7019,#7020,#7021,#7022,#7023,#7024,#7025,#7026,
    #7027,#7028,#7029,#7030,#7031,#7032,#7033,#7034,#7035,#7036,#7037,
    #7038,#7039,#7040,#7041,#7042,#7043,#7044,#7045,#7046,#7047,#7048,
    #7049,#7050),.UNSPECIFIED.,.F.,.F.,(8,6,6,6,6,6,6,6,6,6,8),(0.,
    0.12057756091,0.248748046087,0.376917781676,0.463604892538,
    0.549872200699,0.654848463529,0.749084591129,0.877642160196,
    0.948515769274,1.),.UNSPECIFIED.);
#6989 = CARTESIAN_POINT('',(3.14159265359,8.7));
#6990 = CARTESIAN_POINT('',(3.14812533391,8.7));
#6991 = CARTESIAN_POINT('',(3.154473884855,8.644502606679));
#6992 = CARTESIAN_POINT('',(3.160456398354,8.539134683877));
#6993 = CARTESIAN_POINT('',(3.165923544646,8.391413907137));
#6994 = CARTESIAN_POINT('',(3.17076360783,8.210638185494));
#6995 = CARTESIAN_POINT('',(3.17491302604,8.007706940949));
#6996 = CARTESIAN_POINT('',(3.182037787754,7.568793081621));
#6997 = CARTESIAN_POINT('',(3.185028974494,7.324989450026));
#6998 = CARTESIAN_POINT('',(3.187374350749,7.069636053889));
#6999 = CARTESIAN_POINT('',(3.189107459127,6.806842109762));
#7000 = CARTESIAN_POINT('',(3.190254277664,6.539517561799));
#7001 = CARTESIAN_POINT('',(3.190828730781,6.269901779667));
#7002 = CARTESIAN_POINT('',(3.190828730781,5.730099798817));
#7003 = CARTESIAN_POINT('',(3.190254284856,5.460477176165));
#7004 = CARTESIAN_POINT('',(3.189107413965,5.193148259419));
#7005 = CARTESIAN_POINT('',(3.187374273103,4.9303583639));
#7006 = CARTESIAN_POINT('',(3.185028971383,4.675014612435));
#7007 = CARTESIAN_POINT('',(3.182037918387,4.431214965855));
#7008 = CARTESIAN_POINT('',(3.17588362981,4.052086138965));
#7009 = CARTESIAN_POINT('',(3.173074019149,3.906240115654));
#7010 = CARTESIAN_POINT('',(3.169935535041,3.770519979377));
#7011 = CARTESIAN_POINT('',(3.166473638431,3.648005394387));
#7012 = CARTESIAN_POINT('',(3.162702016144,3.541865657582));
#7013 = CARTESIAN_POINT('',(3.158643449236,3.455385562008));
#7014 = CARTESIAN_POINT('',(3.150039603457,3.328921934205));
#7015 = CARTESIAN_POINT('',(3.145525928798,3.289144281798));
#7016 = CARTESIAN_POINT('',(3.140892172631,3.276431503696));
#7017 = CARTESIAN_POINT('',(3.136253498314,3.292220811654));
#7018 = CARTESIAN_POINT('',(3.131726693751,3.335657868761));
#7019 = CARTESIAN_POINT('',(3.127419505658,3.403624928953));
#7020 = CARTESIAN_POINT('',(3.118554742986,3.596795953613));
#7021 = CARTESIAN_POINT('',(3.114132163431,3.731505977962));
#7022 = CARTESIAN_POINT('',(3.110175903743,3.888607103827));
#7023 = CARTESIAN_POINT('',(3.106689894197,4.062970742022));
#7024 = CARTESIAN_POINT('',(3.103667510694,4.250304672391));
#7025 = CARTESIAN_POINT('',(3.101095711674,4.446989260488));
#7026 = CARTESIAN_POINT('',(3.097037612408,4.832240684102));
#7027 = CARTESIAN_POINT('',(3.095459755038,5.020283331162));
#7028 = CARTESIAN_POINT('',(3.094211344577,5.212469188317));
#7029 = CARTESIAN_POINT('',(3.093282260059,5.407510015101));
#7030 = CARTESIAN_POINT('',(3.092665254242,5.604370750989));
#7031 = CARTESIAN_POINT('',(3.092356576399,5.802155952526));
#7032 = CARTESIAN_POINT('',(3.092356576399,6.269900201183));
#7033 = CARTESIAN_POINT('',(3.092931022324,6.539522823834));
#7034 = CARTESIAN_POINT('',(3.094077893214,6.806851740581));
#7035 = CARTESIAN_POINT('',(3.095811034077,7.0696416361));
#7036 = CARTESIAN_POINT('',(3.098156335797,7.324985387565));
#7037 = CARTESIAN_POINT('',(3.101147388793,7.568785034145));
#7038 = CARTESIAN_POINT('',(3.106842596283,7.919632627296));
#7039 = CARTESIAN_POINT('',(3.109078429687,8.039272547884));
#7040 = CARTESIAN_POINT('',(3.111528397144,8.15246559002));
#7041 = CARTESIAN_POINT('',(3.114192349215,8.257719504905));
#7042 = CARTESIAN_POINT('',(3.117067298712,8.353437156068));
#7043 = CARTESIAN_POINT('',(3.120146885065,8.437898231456));
#7044 = CARTESIAN_POINT('',(3.125798935102,8.561061404291));
#7045 = CARTESIAN_POINT('',(3.128280267914,8.605974126201));
#7046 = CARTESIAN_POINT('',(3.130848259688,8.642979946709));
#7047 = CARTESIAN_POINT('',(3.13348420984,8.671307258915));
#7048 = CARTESIAN_POINT('',(3.136167821917,8.690415288706));
#7049 = CARTESIAN_POINT('',(3.138877834749,8.7));
#7050 = CARTESIAN_POINT('',(3.14159265359,8.7));
#7051 = ( GEOMETRIC_REPRESENTATION_CONTEXT(2) 
PARAMETRIC_REPRESENTATION_CONTEXT() REPRESENTATION_CONTEXT('2D SPACE',''
  ) );
#7052 = PCURVE('',#7053,#7058);
#7053 = CYLINDRICAL_SURFACE('',#7054,2.7);
#7054 = AXIS2_PLACEMENT_3D('',#7055,#7056,#7057);
#7055 = CARTESIAN_POINT('',(-60.95,0.,57.));
#7056 = DIRECTION('',(1.,0.,0.));
#7057 = DIRECTION('',(-0.,0.,1.));
#7058 = DEFINITIONAL_REPRESENTATION('',(#7059),#7122);
#7059 = B_SPLINE_CURVE_WITH_KNOTS('',7,(#7060,#7061,#7062,#7063,#7064,
    #7065,#7066,#7067,#7068,#7069,#7070,#7071,#7072,#7073,#7074,#7075,
    #7076,#7077,#7078,#7079,#7080,#7081,#7082,#7083,#7084,#7085,#7086,
    #7087,#7088,#7089,#7090,#7091,#7092,#7093,#7094,#7095,#7096,#7097,
    #7098,#7099,#7100,#7101,#7102,#7103,#7104,#7105,#7106,#7107,#7108,
    #7109,#7110,#7111,#7112,#7113,#7114,#7115,#7116,#7117,#7118,#7119,
    #7120,#7121),.UNSPECIFIED.,.F.,.F.,(8,6,6,6,6,6,6,6,6,6,8),(0.,
    0.12057756091,0.248748046087,0.376917781676,0.463604892538,
    0.549872200699,0.654848463529,0.749084591129,0.877642160196,
    0.948515769274,1.),.UNSPECIFIED.);
#7060 = CARTESIAN_POINT('',(-1.7763568394E-15,6.09));
#7061 = CARTESIAN_POINT('',(0.132734386056,6.09));
#7062 = CARTESIAN_POINT('',(0.261727428977,6.092731404745));
#7063 = CARTESIAN_POINT('',(0.387094030575,6.097917015583));
#7064 = CARTESIAN_POINT('',(0.508642993769,6.104835036247));
#7065 = CARTESIAN_POINT('',(0.62592741934,6.112517923656));
#7066 = CARTESIAN_POINT('',(0.738091664458,6.120124296388));
#7067 = CARTESIAN_POINT('',(0.955702417964,6.134494710581));
#7068 = CARTESIAN_POINT('',(1.063525993757,6.141389858839));
#7069 = CARTESIAN_POINT('',(1.16812529929,6.147269363278));
#7070 = CARTESIAN_POINT('',(1.270333612373,6.151834637322));
#7071 = CARTESIAN_POINT('',(1.370975213253,6.154931126938));
#7072 = CARTESIAN_POINT('',(1.470832704696,6.156482135201));
#7073 = CARTESIAN_POINT('',(1.67075936427,6.156482135201));
#7074 = CARTESIAN_POINT('',(1.770619378197,6.154931146636));
#7075 = CARTESIAN_POINT('',(1.87126260924,6.151834515401));
#7076 = CARTESIAN_POINT('',(1.973469718783,6.147269149228));
#7077 = CARTESIAN_POINT('',(2.078065574652,6.141389913244));
#7078 = CARTESIAN_POINT('',(2.185886245738,6.134494974063));
#7079 = CARTESIAN_POINT('',(2.3738559531,6.122081972834));
#7080 = CARTESIAN_POINT('',(2.452137546391,6.116809411982));
#7081 = CARTESIAN_POINT('',(2.532772968028,6.111454689331));
#7082 = CARTESIAN_POINT('',(2.615759884413,6.106254466377));
#7083 = CARTESIAN_POINT('',(2.701156395056,6.101490788993));
#7084 = CARTESIAN_POINT('',(2.789088833933,6.097464470418));
#7085 = CARTESIAN_POINT('',(2.970058440127,6.091452004716));
#7086 = CARTESIAN_POINT('',(3.062455480498,6.089476305786));
#7087 = CARTESIAN_POINT('',(3.155821478062,6.088815533241));
#7088 = CARTESIAN_POINT('',(3.249207102894,6.08961829702));
#7089 = CARTESIAN_POINT('',(3.341716638909,6.091801359081));
#7090 = CARTESIAN_POINT('',(3.432335799635,6.095071446723));
#7091 = CARTESIAN_POINT('',(3.626115953267,6.103908343879));
#7092 = CARTESIAN_POINT('',(3.728024900473,6.109832256475));
#7093 = CARTESIAN_POINT('',(3.826146373786,6.116309135268));
#7094 = CARTESIAN_POINT('',(3.9209361124,6.122863608019));
#7095 = CARTESIAN_POINT('',(4.012776649801,6.129132672824));
#7096 = CARTESIAN_POINT('',(4.101969238042,6.134853790223));
#7097 = CARTESIAN_POINT('',(4.266728507026,6.144342716275));
#7098 = CARTESIAN_POINT('',(4.343056870085,6.148267829445));
#7099 = CARTESIAN_POINT('',(4.418141694029,6.15150710916));
#7100 = CARTESIAN_POINT('',(4.492306190795,6.153982829695));
#7101 = CARTESIAN_POINT('',(4.56585938974,6.155648689322));
#7102 = CARTESIAN_POINT('',(4.639113407246,6.156482135201));
#7103 = CARTESIAN_POINT('',(4.81235201786,6.156482135201));
#7104 = CARTESIAN_POINT('',(4.912212031787,6.154931146635));
#7105 = CARTESIAN_POINT('',(5.01285526283,6.151834515401));
#7106 = CARTESIAN_POINT('',(5.115062372373,6.147269149228));
#7107 = CARTESIAN_POINT('',(5.219658228242,6.141389913244));
#7108 = CARTESIAN_POINT('',(5.327478899328,6.134494974063));
#7109 = CARTESIAN_POINT('',(5.501426947421,6.123007924554));
#7110 = CARTESIAN_POINT('',(5.564711370866,6.118760313718));
#7111 = CARTESIAN_POINT('',(5.629491159233,6.114441634733));
#7112 = CARTESIAN_POINT('',(5.695821289959,6.110168063771));
#7113 = CARTESIAN_POINT('',(5.763778226547,6.106077005179));
#7114 = CARTESIAN_POINT('',(5.833465594245,6.102321206544));
#7115 = CARTESIAN_POINT('',(5.957017139285,6.096686923174));
#7116 = CARTESIAN_POINT('',(6.010008102259,6.094575074055));
#7117 = CARTESIAN_POINT('',(6.063785612873,6.092795971872));
#7118 = CARTESIAN_POINT('',(6.118160229623,6.091412399296));
#7119 = CARTESIAN_POINT('',(6.172960788544,6.090471461934));
#7120 = CARTESIAN_POINT('',(6.228024210283,6.09));
#7121 = CARTESIAN_POINT('',(6.28318530718,6.09));
#7122 = ( GEOMETRIC_REPRESENTATION_CONTEXT(2) 
PARAMETRIC_REPRESENTATION_CONTEXT() REPRESENTATION_CONTEXT('2D SPACE',''
  ) );
#7123 = ADVANCED_FACE('',(#7124,#7276,#7307),#5728,.F.);
#7124 = FACE_BOUND('',#7125,.F.);
#7125 = EDGE_LOOP('',(#7126,#7127,#7128,#7129,#7130,#7151,#7180,#7199,
    #7200,#7201,#7202,#7203,#7204,#7225,#7254,#7273,#7274,#7275));
#7126 = ORIENTED_EDGE('',*,*,#5713,.F.);
#7127 = ORIENTED_EDGE('',*,*,#5785,.T.);
#7128 = ORIENTED_EDGE('',*,*,#5858,.T.);
#7129 = ORIENTED_EDGE('',*,*,#5950,.T.);
#7130 = ORIENTED_EDGE('',*,*,#7131,.T.);
#7131 = EDGE_CURVE('',#5951,#7132,#7134,.T.);
#7132 = VERTEX_POINT('',#7133);
#7133 = CARTESIAN_POINT('',(-6.,-85.,67.));
#7134 = SURFACE_CURVE('',#7135,(#7139,#7145),.PCURVE_S1.);
#7135 = LINE('',#7136,#7137);
#7136 = CARTESIAN_POINT('',(-6.,-65.,67.));
#7137 = VECTOR('',#7138,1.);
#7138 = DIRECTION('',(-0.,1.,0.));
#7139 = PCURVE('',#5728,#7140);
#7140 = DEFINITIONAL_REPRESENTATION('',(#7141),#7144);
#7141 = B_SPLINE_CURVE_WITH_KNOTS('',1,(#7142,#7143),.UNSPECIFIED.,.F.,
  .F.,(2,2),(-35.,-20.),.PIECEWISE_BEZIER_KNOTS.);
#7142 = CARTESIAN_POINT('',(-6.,-100.));
#7143 = CARTESIAN_POINT('',(-6.,-85.));
#7144 = ( GEOMETRIC_REPRESENTATION_CONTEXT(2) 
PARAMETRIC_REPRESENTATION_CONTEXT() REPRESENTATION_CONTEXT('2D SPACE',''
  ) );
#7145 = PCURVE('',#5989,#7146);
#7146 = DEFINITIONAL_REPRESENTATION('',(#7147),#7150);
#7147 = B_SPLINE_CURVE_WITH_KNOTS('',1,(#7148,#7149),.UNSPECIFIED.,.F.,
  .F.,(2,2),(-35.,-20.),.PIECEWISE_BEZIER_KNOTS.);
#7148 = CARTESIAN_POINT('',(1.,-30.));
#7149 = CARTESIAN_POINT('',(1.,-45.));
#7150 = ( GEOMETRIC_REPRESENTATION_CONTEXT(2) 
PARAMETRIC_REPRESENTATION_CONTEXT() REPRESENTATION_CONTEXT('2D SPACE',''
  ) );
#7151 = ORIENTED_EDGE('',*,*,#7152,.F.);
#7152 = EDGE_CURVE('',#7153,#7132,#7155,.T.);
#7153 = VERTEX_POINT('',#7154);
#7154 = CARTESIAN_POINT('',(6.,-85.,67.));
#7155 = SURFACE_CURVE('',#7156,(#7161,#7168),.PCURVE_S1.);
#7156 = CIRCLE('',#7157,6.);
#7157 = AXIS2_PLACEMENT_3D('',#7158,#7159,#7160);
#7158 = CARTESIAN_POINT('',(0.,-85.,67.));
#7159 = DIRECTION('',(0.,0.,1.));
#7160 = DIRECTION('',(1.,0.,-0.));
#7161 = PCURVE('',#5728,#7162);
#7162 = DEFINITIONAL_REPRESENTATION('',(#7163),#7167);
#7163 = CIRCLE('',#7164,6.);
#7164 = AXIS2_PLACEMENT_2D('',#7165,#7166);
#7165 = CARTESIAN_POINT('',(0.,-85.));
#7166 = DIRECTION('',(1.,0.));
#7167 = ( GEOMETRIC_REPRESENTATION_CONTEXT(2) 
PARAMETRIC_REPRESENTATION_CONTEXT() REPRESENTATION_CONTEXT('2D SPACE',''
  ) );
#7168 = PCURVE('',#7169,#7174);
#7169 = CYLINDRICAL_SURFACE('',#7170,6.);
#7170 = AXIS2_PLACEMENT_3D('',#7171,#7172,#7173);
#7171 = CARTESIAN_POINT('',(0.,-85.,66.));
#7172 = DIRECTION('',(0.,0.,1.));
#7173 = DIRECTION('',(1.,0.,-0.));
#7174 = DEFINITIONAL_REPRESENTATION('',(#7175),#7179);
#7175 = LINE('',#7176,#7177);
#7176 = CARTESIAN_POINT('',(0.,1.));
#7177 = VECTOR('',#7178,1.);
#7178 = DIRECTION('',(1.,0.));
#7179 = ( GEOMETRIC_REPRESENTATION_CONTEXT(2) 
PARAMETRIC_REPRESENTATION_CONTEXT() REPRESENTATION_CONTEXT('2D SPACE',''
  ) );
#7180 = ORIENTED_EDGE('',*,*,#7181,.F.);
#7181 = EDGE_CURVE('',#6485,#7153,#7182,.T.);
#7182 = SURFACE_CURVE('',#7183,(#7187,#7193),.PCURVE_S1.);
#7183 = LINE('',#7184,#7185);
#7184 = CARTESIAN_POINT('',(6.,-65.,67.));
#7185 = VECTOR('',#7186,1.);
#7186 = DIRECTION('',(-0.,1.,0.));
#7187 = PCURVE('',#5728,#7188);
#7188 = DEFINITIONAL_REPRESENTATION('',(#7189),#7192);
#7189 = B_SPLINE_CURVE_WITH_KNOTS('',1,(#7190,#7191),.UNSPECIFIED.,.F.,
  .F.,(2,2),(-35.,-20.),.PIECEWISE_BEZIER_KNOTS.);
#7190 = CARTESIAN_POINT('',(6.,-100.));
#7191 = CARTESIAN_POINT('',(6.,-85.));
#7192 = ( GEOMETRIC_REPRESENTATION_CONTEXT(2) 
PARAMETRIC_REPRESENTATION_CONTEXT() REPRESENTATION_CONTEXT('2D SPACE',''
  ) );
#7193 = PCURVE('',#6499,#7194);
#7194 = DEFINITIONAL_REPRESENTATION('',(#7195),#7198);
#7195 = B_SPLINE_CURVE_WITH_KNOTS('',1,(#7196,#7197),.UNSPECIFIED.,.F.,
  .F.,(2,2),(-35.,-20.),.PIECEWISE_BEZIER_KNOTS.);
#7196 = CARTESIAN_POINT('',(1.,-30.));
#7197 = CARTESIAN_POINT('',(1.,-45.));
#7198 = ( GEOMETRIC_REPRESENTATION_CONTEXT(2) 
PARAMETRIC_REPRESENTATION_CONTEXT() REPRESENTATION_CONTEXT('2D SPACE',''
  ) );
#7199 = ORIENTED_EDGE('',*,*,#6510,.T.);
#7200 = ORIENTED_EDGE('',*,*,#6659,.T.);
#7201 = ORIENTED_EDGE('',*,*,#6748,.F.);
#7202 = ORIENTED_EDGE('',*,*,#6703,.T.);
#7203 = ORIENTED_EDGE('',*,*,#6578,.T.);
#7204 = ORIENTED_EDGE('',*,*,#7205,.F.);
#7205 = EDGE_CURVE('',#7206,#6579,#7208,.T.);
#7206 = VERTEX_POINT('',#7207);
#7207 = CARTESIAN_POINT('',(6.,85.,67.));
#7208 = SURFACE_CURVE('',#7209,(#7213,#7219),.PCURVE_S1.);
#7209 = LINE('',#7210,#7211);
#7210 = CARTESIAN_POINT('',(6.,42.5,67.));
#7211 = VECTOR('',#7212,1.);
#7212 = DIRECTION('',(-0.,1.,0.));
#7213 = PCURVE('',#5728,#7214);
#7214 = DEFINITIONAL_REPRESENTATION('',(#7215),#7218);
#7215 = B_SPLINE_CURVE_WITH_KNOTS('',1,(#7216,#7217),.UNSPECIFIED.,.F.,
  .F.,(2,2),(42.5,57.5),.PIECEWISE_BEZIER_KNOTS.);
#7216 = CARTESIAN_POINT('',(6.,85.));
#7217 = CARTESIAN_POINT('',(6.,100.));
#7218 = ( GEOMETRIC_REPRESENTATION_CONTEXT(2) 
PARAMETRIC_REPRESENTATION_CONTEXT() REPRESENTATION_CONTEXT('2D SPACE',''
  ) );
#7219 = PCURVE('',#6617,#7220);
#7220 = DEFINITIONAL_REPRESENTATION('',(#7221),#7224);
#7221 = B_SPLINE_CURVE_WITH_KNOTS('',1,(#7222,#7223),.UNSPECIFIED.,.F.,
  .F.,(2,2),(42.5,57.5),.PIECEWISE_BEZIER_KNOTS.);
#7222 = CARTESIAN_POINT('',(1.,0.));
#7223 = CARTESIAN_POINT('',(1.,-15.));
#7224 = ( GEOMETRIC_REPRESENTATION_CONTEXT(2) 
PARAMETRIC_REPRESENTATION_CONTEXT() REPRESENTATION_CONTEXT('2D SPACE',''
  ) );
#7225 = ORIENTED_EDGE('',*,*,#7226,.F.);
#7226 = EDGE_CURVE('',#7227,#7206,#7229,.T.);
#7227 = VERTEX_POINT('',#7228);
#7228 = CARTESIAN_POINT('',(-6.,85.,67.));
#7229 = SURFACE_CURVE('',#7230,(#7235,#7242),.PCURVE_S1.);
#7230 = CIRCLE('',#7231,6.);
#7231 = AXIS2_PLACEMENT_3D('',#7232,#7233,#7234);
#7232 = CARTESIAN_POINT('',(0.,85.,67.));
#7233 = DIRECTION('',(0.,0.,1.));
#7234 = DIRECTION('',(1.,0.,-0.));
#7235 = PCURVE('',#5728,#7236);
#7236 = DEFINITIONAL_REPRESENTATION('',(#7237),#7241);
#7237 = CIRCLE('',#7238,6.);
#7238 = AXIS2_PLACEMENT_2D('',#7239,#7240);
#7239 = CARTESIAN_POINT('',(0.,85.));
#7240 = DIRECTION('',(1.,0.));
#7241 = ( GEOMETRIC_REPRESENTATION_CONTEXT(2) 
PARAMETRIC_REPRESENTATION_CONTEXT() REPRESENTATION_CONTEXT('2D SPACE',''
  ) );
#7242 = PCURVE('',#7243,#7248);
#7243 = CYLINDRICAL_SURFACE('',#7244,6.);
#7244 = AXIS2_PLACEMENT_3D('',#7245,#7246,#7247);
#7245 = CARTESIAN_POINT('',(0.,85.,66.));
#7246 = DIRECTION('',(0.,0.,1.));
#7247 = DIRECTION('',(1.,0.,-0.));
#7248 = DEFINITIONAL_REPRESENTATION('',(#7249),#7253);
#7249 = LINE('',#7250,#7251);
#7250 = CARTESIAN_POINT('',(0.,1.));
#7251 = VECTOR('',#7252,1.);
#7252 = DIRECTION('',(1.,0.));
#7253 = ( GEOMETRIC_REPRESENTATION_CONTEXT(2) 
PARAMETRIC_REPRESENTATION_CONTEXT() REPRESENTATION_CONTEXT('2D SPACE',''
  ) );
#7254 = ORIENTED_EDGE('',*,*,#7255,.T.);
#7255 = EDGE_CURVE('',#7227,#6111,#7256,.T.);
#7256 = SURFACE_CURVE('',#7257,(#7261,#7267),.PCURVE_S1.);
#7257 = LINE('',#7258,#7259);
#7258 = CARTESIAN_POINT('',(-6.,42.5,67.));
#7259 = VECTOR('',#7260,1.);
#7260 = DIRECTION('',(-0.,1.,0.));
#7261 = PCURVE('',#5728,#7262);
#7262 = DEFINITIONAL_REPRESENTATION('',(#7263),#7266);
#7263 = B_SPLINE_CURVE_WITH_KNOTS('',1,(#7264,#7265),.UNSPECIFIED.,.F.,
  .F.,(2,2),(42.5,57.5),.PIECEWISE_BEZIER_KNOTS.);
#7264 = CARTESIAN_POINT('',(-6.,85.));
#7265 = CARTESIAN_POINT('',(-6.,100.));
#7266 = ( GEOMETRIC_REPRESENTATION_CONTEXT(2) 
PARAMETRIC_REPRESENTATION_CONTEXT() REPRESENTATION_CONTEXT('2D SPACE',''
  ) );
#7267 = PCURVE('',#6125,#7268);
#7268 = DEFINITIONAL_REPRESENTATION('',(#7269),#7272);
#7269 = B_SPLINE_CURVE_WITH_KNOTS('',1,(#7270,#7271),.UNSPECIFIED.,.F.,
  .F.,(2,2),(42.5,57.5),.PIECEWISE_BEZIER_KNOTS.);
#7270 = CARTESIAN_POINT('',(1.,0.));
#7271 = CARTESIAN_POINT('',(1.,-15.));
#7272 = ( GEOMETRIC_REPRESENTATION_CONTEXT(2) 
PARAMETRIC_REPRESENTATION_CONTEXT() REPRESENTATION_CONTEXT('2D SPACE',''
  ) );
#7273 = ORIENTED_EDGE('',*,*,#6136,.T.);
#7274 = ORIENTED_EDGE('',*,*,#5924,.T.);
#7275 = ORIENTED_EDGE('',*,*,#5832,.T.);
#7276 = FACE_BOUND('',#7277,.F.);
#7277 = EDGE_LOOP('',(#7278));
#7278 = ORIENTED_EDGE('',*,*,#7279,.F.);
#7279 = EDGE_CURVE('',#7280,#7280,#7282,.T.);
#7280 = VERTEX_POINT('',#7281);
#7281 = CARTESIAN_POINT('',(70.1,-1.716954812405E-14,67.));
#7282 = SURFACE_CURVE('',#7283,(#7288,#7295),.PCURVE_S1.);
#7283 = CIRCLE('',#7284,70.1);
#7284 = AXIS2_PLACEMENT_3D('',#7285,#7286,#7287);
#7285 = CARTESIAN_POINT('',(0.,0.,67.));
#7286 = DIRECTION('',(0.,0.,1.));
#7287 = DIRECTION('',(1.,0.,-0.));
#7288 = PCURVE('',#5728,#7289);
#7289 = DEFINITIONAL_REPRESENTATION('',(#7290),#7294);
#7290 = CIRCLE('',#7291,70.1);
#7291 = AXIS2_PLACEMENT_2D('',#7292,#7293);
#7292 = CARTESIAN_POINT('',(0.,0.));
#7293 = DIRECTION('',(1.,0.));
#7294 = ( GEOMETRIC_REPRESENTATION_CONTEXT(2) 
PARAMETRIC_REPRESENTATION_CONTEXT() REPRESENTATION_CONTEXT('2D SPACE',''
  ) );
#7295 = PCURVE('',#7296,#7301);
#7296 = CYLINDRICAL_SURFACE('',#7297,70.1);
#7297 = AXIS2_PLACEMENT_3D('',#7298,#7299,#7300);
#7298 = CARTESIAN_POINT('',(0.,0.,66.));
#7299 = DIRECTION('',(0.,0.,1.));
#7300 = DIRECTION('',(1.,0.,-0.));
#7301 = DEFINITIONAL_REPRESENTATION('',(#7302),#7306);
#7302 = LINE('',#7303,#7304);
#7303 = CARTESIAN_POINT('',(0.,1.));
#7304 = VECTOR('',#7305,1.);
#7305 = DIRECTION('',(1.,0.));
#7306 = ( GEOMETRIC_REPRESENTATION_CONTEXT(2) 
PARAMETRIC_REPRESENTATION_CONTEXT() REPRESENTATION_CONTEXT('2D SPACE',''
  ) );
#7307 = FACE_BOUND('',#7308,.F.);
#7308 = EDGE_LOOP('',(#7309));
#7309 = ORIENTED_EDGE('',*,*,#6804,.F.);
#7310 = ADVANCED_FACE('',(#7311),#5989,.T.);
#7311 = FACE_BOUND('',#7312,.T.);
#7312 = EDGE_LOOP('',(#7313,#7314,#7337,#7357));
#7313 = ORIENTED_EDGE('',*,*,#7131,.T.);
#7314 = ORIENTED_EDGE('',*,*,#7315,.T.);
#7315 = EDGE_CURVE('',#7132,#7316,#7318,.T.);
#7316 = VERTEX_POINT('',#7317);
#7317 = CARTESIAN_POINT('',(-6.,-85.,78.));
#7318 = SURFACE_CURVE('',#7319,(#7323,#7330),.PCURVE_S1.);
#7319 = LINE('',#7320,#7321);
#7320 = CARTESIAN_POINT('',(-6.,-85.,66.));
#7321 = VECTOR('',#7322,1.);
#7322 = DIRECTION('',(0.,0.,1.));
#7323 = PCURVE('',#5989,#7324);
#7324 = DEFINITIONAL_REPRESENTATION('',(#7325),#7329);
#7325 = LINE('',#7326,#7327);
#7326 = CARTESIAN_POINT('',(0.,-45.));
#7327 = VECTOR('',#7328,1.);
#7328 = DIRECTION('',(1.,0.));
#7329 = ( GEOMETRIC_REPRESENTATION_CONTEXT(2) 
PARAMETRIC_REPRESENTATION_CONTEXT() REPRESENTATION_CONTEXT('2D SPACE',''
  ) );
#7330 = PCURVE('',#7169,#7331);
#7331 = DEFINITIONAL_REPRESENTATION('',(#7332),#7336);
#7332 = LINE('',#7333,#7334);
#7333 = CARTESIAN_POINT('',(3.14159265359,0.));
#7334 = VECTOR('',#7335,1.);
#7335 = DIRECTION('',(0.,1.));
#7336 = ( GEOMETRIC_REPRESENTATION_CONTEXT(2) 
PARAMETRIC_REPRESENTATION_CONTEXT() REPRESENTATION_CONTEXT('2D SPACE',''
  ) );
#7337 = ORIENTED_EDGE('',*,*,#7338,.T.);
#7338 = EDGE_CURVE('',#7316,#5975,#7339,.T.);
#7339 = SURFACE_CURVE('',#7340,(#7344,#7350),.PCURVE_S1.);
#7340 = LINE('',#7341,#7342);
#7341 = CARTESIAN_POINT('',(-6.,-107.5,78.));
#7342 = VECTOR('',#7343,1.);
#7343 = DIRECTION('',(0.,-1.,0.));
#7344 = PCURVE('',#5989,#7345);
#7345 = DEFINITIONAL_REPRESENTATION('',(#7346),#7349);
#7346 = B_SPLINE_CURVE_WITH_KNOTS('',1,(#7347,#7348),.UNSPECIFIED.,.F.,
  .F.,(2,2),(-22.5,-7.680162292258),.PIECEWISE_BEZIER_KNOTS.);
#7347 = CARTESIAN_POINT('',(12.,-45.));
#7348 = CARTESIAN_POINT('',(12.,-30.18016229225));
#7349 = ( GEOMETRIC_REPRESENTATION_CONTEXT(2) 
PARAMETRIC_REPRESENTATION_CONTEXT() REPRESENTATION_CONTEXT('2D SPACE',''
  ) );
#7350 = PCURVE('',#6017,#7351);
#7351 = DEFINITIONAL_REPRESENTATION('',(#7352),#7356);
#7352 = LINE('',#7353,#7354);
#7353 = CARTESIAN_POINT('',(11.,22.5));
#7354 = VECTOR('',#7355,1.);
#7355 = DIRECTION('',(0.,-1.));
#7356 = ( GEOMETRIC_REPRESENTATION_CONTEXT(2) 
PARAMETRIC_REPRESENTATION_CONTEXT() REPRESENTATION_CONTEXT('2D SPACE',''
  ) );
#7357 = ORIENTED_EDGE('',*,*,#5974,.F.);
#7358 = ADVANCED_FACE('',(#7359),#6017,.T.);
#7359 = FACE_BOUND('',#7360,.T.);
#7360 = EDGE_LOOP('',(#7361,#7362,#7363,#7364,#7388,#7408,#7409,#7410));
#7361 = ORIENTED_EDGE('',*,*,#6163,.F.);
#7362 = ORIENTED_EDGE('',*,*,#6000,.F.);
#7363 = ORIENTED_EDGE('',*,*,#7338,.F.);
#7364 = ORIENTED_EDGE('',*,*,#7365,.F.);
#7365 = EDGE_CURVE('',#7366,#7316,#7368,.T.);
#7366 = VERTEX_POINT('',#7367);
#7367 = CARTESIAN_POINT('',(6.,-85.,78.));
#7368 = SURFACE_CURVE('',#7369,(#7374,#7381),.PCURVE_S1.);
#7369 = CIRCLE('',#7370,6.);
#7370 = AXIS2_PLACEMENT_3D('',#7371,#7372,#7373);
#7371 = CARTESIAN_POINT('',(0.,-85.,78.));
#7372 = DIRECTION('',(0.,0.,1.));
#7373 = DIRECTION('',(1.,0.,-0.));
#7374 = PCURVE('',#6017,#7375);
#7375 = DEFINITIONAL_REPRESENTATION('',(#7376),#7380);
#7376 = CIRCLE('',#7377,6.);
#7377 = AXIS2_PLACEMENT_2D('',#7378,#7379);
#7378 = CARTESIAN_POINT('',(17.,45.));
#7379 = DIRECTION('',(1.,0.));
#7380 = ( GEOMETRIC_REPRESENTATION_CONTEXT(2) 
PARAMETRIC_REPRESENTATION_CONTEXT() REPRESENTATION_CONTEXT('2D SPACE',''
  ) );
#7381 = PCURVE('',#7169,#7382);
#7382 = DEFINITIONAL_REPRESENTATION('',(#7383),#7387);
#7383 = LINE('',#7384,#7385);
#7384 = CARTESIAN_POINT('',(0.,12.));
#7385 = VECTOR('',#7386,1.);
#7386 = DIRECTION('',(1.,0.));
#7387 = ( GEOMETRIC_REPRESENTATION_CONTEXT(2) 
PARAMETRIC_REPRESENTATION_CONTEXT() REPRESENTATION_CONTEXT('2D SPACE',''
  ) );
#7388 = ORIENTED_EDGE('',*,*,#7389,.T.);
#7389 = EDGE_CURVE('',#7366,#6457,#7390,.T.);
#7390 = SURFACE_CURVE('',#7391,(#7395,#7402),.PCURVE_S1.);
#7391 = LINE('',#7392,#7393);
#7392 = CARTESIAN_POINT('',(6.,-107.5,78.));
#7393 = VECTOR('',#7394,1.);
#7394 = DIRECTION('',(0.,-1.,0.));
#7395 = PCURVE('',#6017,#7396);
#7396 = DEFINITIONAL_REPRESENTATION('',(#7397),#7401);
#7397 = LINE('',#7398,#7399);
#7398 = CARTESIAN_POINT('',(23.,22.5));
#7399 = VECTOR('',#7400,1.);
#7400 = DIRECTION('',(0.,-1.));
#7401 = ( GEOMETRIC_REPRESENTATION_CONTEXT(2) 
PARAMETRIC_REPRESENTATION_CONTEXT() REPRESENTATION_CONTEXT('2D SPACE',''
  ) );
#7402 = PCURVE('',#6499,#7403);
#7403 = DEFINITIONAL_REPRESENTATION('',(#7404),#7407);
#7404 = B_SPLINE_CURVE_WITH_KNOTS('',1,(#7405,#7406),.UNSPECIFIED.,.F.,
  .F.,(2,2),(-22.5,-7.680162292258),.PIECEWISE_BEZIER_KNOTS.);
#7405 = CARTESIAN_POINT('',(12.,-45.));
#7406 = CARTESIAN_POINT('',(12.,-30.18016229225));
#7407 = ( GEOMETRIC_REPRESENTATION_CONTEXT(2) 
PARAMETRIC_REPRESENTATION_CONTEXT() REPRESENTATION_CONTEXT('2D SPACE',''
  ) );
#7408 = ORIENTED_EDGE('',*,*,#6456,.F.);
#7409 = ORIENTED_EDGE('',*,*,#6381,.T.);
#7410 = ORIENTED_EDGE('',*,*,#6284,.T.);
#7411 = ADVANCED_FACE('',(#7412),#6094,.T.);
#7412 = FACE_BOUND('',#7413,.T.);
#7413 = EDGE_LOOP('',(#7414,#7415,#7416,#7417,#7418,#7419,#7441,#7465));
#7414 = ORIENTED_EDGE('',*,*,#6077,.F.);
#7415 = ORIENTED_EDGE('',*,*,#6234,.F.);
#7416 = ORIENTED_EDGE('',*,*,#6310,.T.);
#7417 = ORIENTED_EDGE('',*,*,#6408,.T.);
#7418 = ORIENTED_EDGE('',*,*,#6628,.F.);
#7419 = ORIENTED_EDGE('',*,*,#7420,.T.);
#7420 = EDGE_CURVE('',#6603,#7421,#7423,.T.);
#7421 = VERTEX_POINT('',#7422);
#7422 = CARTESIAN_POINT('',(6.,85.,78.));
#7423 = SURFACE_CURVE('',#7424,(#7428,#7435),.PCURVE_S1.);
#7424 = LINE('',#7425,#7426);
#7425 = CARTESIAN_POINT('',(6.,85.,78.));
#7426 = VECTOR('',#7427,1.);
#7427 = DIRECTION('',(0.,-1.,0.));
#7428 = PCURVE('',#6094,#7429);
#7429 = DEFINITIONAL_REPRESENTATION('',(#7430),#7434);
#7430 = LINE('',#7431,#7432);
#7431 = CARTESIAN_POINT('',(6.,0.));
#7432 = VECTOR('',#7433,1.);
#7433 = DIRECTION('',(0.,-1.));
#7434 = ( GEOMETRIC_REPRESENTATION_CONTEXT(2) 
PARAMETRIC_REPRESENTATION_CONTEXT() REPRESENTATION_CONTEXT('2D SPACE',''
  ) );
#7435 = PCURVE('',#6617,#7436);
#7436 = DEFINITIONAL_REPRESENTATION('',(#7437),#7440);
#7437 = B_SPLINE_CURVE_WITH_KNOTS('',1,(#7438,#7439),.UNSPECIFIED.,.F.,
  .F.,(2,2),(-14.81983770774,0.),.PIECEWISE_BEZIER_KNOTS.);
#7438 = CARTESIAN_POINT('',(12.,-14.81983770774));
#7439 = CARTESIAN_POINT('',(12.,0.));
#7440 = ( GEOMETRIC_REPRESENTATION_CONTEXT(2) 
PARAMETRIC_REPRESENTATION_CONTEXT() REPRESENTATION_CONTEXT('2D SPACE',''
  ) );
#7441 = ORIENTED_EDGE('',*,*,#7442,.F.);
#7442 = EDGE_CURVE('',#7443,#7421,#7445,.T.);
#7443 = VERTEX_POINT('',#7444);
#7444 = CARTESIAN_POINT('',(-6.,85.,78.));
#7445 = SURFACE_CURVE('',#7446,(#7451,#7458),.PCURVE_S1.);
#7446 = CIRCLE('',#7447,6.);
#7447 = AXIS2_PLACEMENT_3D('',#7448,#7449,#7450);
#7448 = CARTESIAN_POINT('',(0.,85.,78.));
#7449 = DIRECTION('',(0.,0.,1.));
#7450 = DIRECTION('',(1.,0.,-0.));
#7451 = PCURVE('',#6094,#7452);
#7452 = DEFINITIONAL_REPRESENTATION('',(#7453),#7457);
#7453 = CIRCLE('',#7454,6.);
#7454 = AXIS2_PLACEMENT_2D('',#7455,#7456);
#7455 = CARTESIAN_POINT('',(0.,0.));
#7456 = DIRECTION('',(1.,0.));
#7457 = ( GEOMETRIC_REPRESENTATION_CONTEXT(2) 
PARAMETRIC_REPRESENTATION_CONTEXT() REPRESENTATION_CONTEXT('2D SPACE',''
  ) );
#7458 = PCURVE('',#7243,#7459);
#7459 = DEFINITIONAL_REPRESENTATION('',(#7460),#7464);
#7460 = LINE('',#7461,#7462);
#7461 = CARTESIAN_POINT('',(0.,12.));
#7462 = VECTOR('',#7463,1.);
#7463 = DIRECTION('',(1.,0.));
#7464 = ( GEOMETRIC_REPRESENTATION_CONTEXT(2) 
PARAMETRIC_REPRESENTATION_CONTEXT() REPRESENTATION_CONTEXT('2D SPACE',''
  ) );
#7465 = ORIENTED_EDGE('',*,*,#7466,.F.);
#7466 = EDGE_CURVE('',#6078,#7443,#7467,.T.);
#7467 = SURFACE_CURVE('',#7468,(#7472,#7479),.PCURVE_S1.);
#7468 = LINE('',#7469,#7470);
#7469 = CARTESIAN_POINT('',(-6.,85.,78.));
#7470 = VECTOR('',#7471,1.);
#7471 = DIRECTION('',(0.,-1.,0.));
#7472 = PCURVE('',#6094,#7473);
#7473 = DEFINITIONAL_REPRESENTATION('',(#7474),#7478);
#7474 = LINE('',#7475,#7476);
#7475 = CARTESIAN_POINT('',(-6.,0.));
#7476 = VECTOR('',#7477,1.);
#7477 = DIRECTION('',(0.,-1.));
#7478 = ( GEOMETRIC_REPRESENTATION_CONTEXT(2) 
PARAMETRIC_REPRESENTATION_CONTEXT() REPRESENTATION_CONTEXT('2D SPACE',''
  ) );
#7479 = PCURVE('',#6125,#7480);
#7480 = DEFINITIONAL_REPRESENTATION('',(#7481),#7484);
#7481 = B_SPLINE_CURVE_WITH_KNOTS('',1,(#7482,#7483),.UNSPECIFIED.,.F.,
  .F.,(2,2),(-14.81983770774,0.),.PIECEWISE_BEZIER_KNOTS.);
#7482 = CARTESIAN_POINT('',(12.,-14.81983770774));
#7483 = CARTESIAN_POINT('',(12.,0.));
#7484 = ( GEOMETRIC_REPRESENTATION_CONTEXT(2) 
PARAMETRIC_REPRESENTATION_CONTEXT() REPRESENTATION_CONTEXT('2D SPACE',''
  ) );
#7485 = ADVANCED_FACE('',(#7486),#6125,.T.);
#7486 = FACE_BOUND('',#7487,.T.);
#7487 = EDGE_LOOP('',(#7488,#7509,#7510,#7511));
#7488 = ORIENTED_EDGE('',*,*,#7489,.F.);
#7489 = EDGE_CURVE('',#7227,#7443,#7490,.T.);
#7490 = SURFACE_CURVE('',#7491,(#7495,#7502),.PCURVE_S1.);
#7491 = LINE('',#7492,#7493);
#7492 = CARTESIAN_POINT('',(-6.,85.,66.));
#7493 = VECTOR('',#7494,1.);
#7494 = DIRECTION('',(0.,0.,1.));
#7495 = PCURVE('',#6125,#7496);
#7496 = DEFINITIONAL_REPRESENTATION('',(#7497),#7501);
#7497 = LINE('',#7498,#7499);
#7498 = CARTESIAN_POINT('',(0.,0.));
#7499 = VECTOR('',#7500,1.);
#7500 = DIRECTION('',(1.,0.));
#7501 = ( GEOMETRIC_REPRESENTATION_CONTEXT(2) 
PARAMETRIC_REPRESENTATION_CONTEXT() REPRESENTATION_CONTEXT('2D SPACE',''
  ) );
#7502 = PCURVE('',#7243,#7503);
#7503 = DEFINITIONAL_REPRESENTATION('',(#7504),#7508);
#7504 = LINE('',#7505,#7506);
#7505 = CARTESIAN_POINT('',(3.14159265359,0.));
#7506 = VECTOR('',#7507,1.);
#7507 = DIRECTION('',(0.,1.));
#7508 = ( GEOMETRIC_REPRESENTATION_CONTEXT(2) 
PARAMETRIC_REPRESENTATION_CONTEXT() REPRESENTATION_CONTEXT('2D SPACE',''
  ) );
#7509 = ORIENTED_EDGE('',*,*,#7255,.T.);
#7510 = ORIENTED_EDGE('',*,*,#6110,.T.);
#7511 = ORIENTED_EDGE('',*,*,#7466,.T.);
#7512 = ADVANCED_FACE('',(#7513),#6499,.F.);
#7513 = FACE_BOUND('',#7514,.F.);
#7514 = EDGE_LOOP('',(#7515,#7516,#7537,#7538));
#7515 = ORIENTED_EDGE('',*,*,#7181,.T.);
#7516 = ORIENTED_EDGE('',*,*,#7517,.T.);
#7517 = EDGE_CURVE('',#7153,#7366,#7518,.T.);
#7518 = SURFACE_CURVE('',#7519,(#7523,#7530),.PCURVE_S1.);
#7519 = LINE('',#7520,#7521);
#7520 = CARTESIAN_POINT('',(6.,-85.,66.));
#7521 = VECTOR('',#7522,1.);
#7522 = DIRECTION('',(0.,0.,1.));
#7523 = PCURVE('',#6499,#7524);
#7524 = DEFINITIONAL_REPRESENTATION('',(#7525),#7529);
#7525 = LINE('',#7526,#7527);
#7526 = CARTESIAN_POINT('',(0.,-45.));
#7527 = VECTOR('',#7528,1.);
#7528 = DIRECTION('',(1.,0.));
#7529 = ( GEOMETRIC_REPRESENTATION_CONTEXT(2) 
PARAMETRIC_REPRESENTATION_CONTEXT() REPRESENTATION_CONTEXT('2D SPACE',''
  ) );
#7530 = PCURVE('',#7169,#7531);
#7531 = DEFINITIONAL_REPRESENTATION('',(#7532),#7536);
#7532 = LINE('',#7533,#7534);
#7533 = CARTESIAN_POINT('',(0.,-0.));
#7534 = VECTOR('',#7535,1.);
#7535 = DIRECTION('',(0.,1.));
#7536 = ( GEOMETRIC_REPRESENTATION_CONTEXT(2) 
PARAMETRIC_REPRESENTATION_CONTEXT() REPRESENTATION_CONTEXT('2D SPACE',''
  ) );
#7537 = ORIENTED_EDGE('',*,*,#7389,.T.);
#7538 = ORIENTED_EDGE('',*,*,#6484,.F.);
#7539 = ADVANCED_FACE('',(#7540),#6617,.F.);
#7540 = FACE_BOUND('',#7541,.F.);
#7541 = EDGE_LOOP('',(#7542,#7563,#7564,#7565));
#7542 = ORIENTED_EDGE('',*,*,#7543,.F.);
#7543 = EDGE_CURVE('',#7206,#7421,#7544,.T.);
#7544 = SURFACE_CURVE('',#7545,(#7549,#7556),.PCURVE_S1.);
#7545 = LINE('',#7546,#7547);
#7546 = CARTESIAN_POINT('',(6.,85.,66.));
#7547 = VECTOR('',#7548,1.);
#7548 = DIRECTION('',(0.,0.,1.));
#7549 = PCURVE('',#6617,#7550);
#7550 = DEFINITIONAL_REPRESENTATION('',(#7551),#7555);
#7551 = LINE('',#7552,#7553);
#7552 = CARTESIAN_POINT('',(0.,0.));
#7553 = VECTOR('',#7554,1.);
#7554 = DIRECTION('',(1.,0.));
#7555 = ( GEOMETRIC_REPRESENTATION_CONTEXT(2) 
PARAMETRIC_REPRESENTATION_CONTEXT() REPRESENTATION_CONTEXT('2D SPACE',''
  ) );
#7556 = PCURVE('',#7243,#7557);
#7557 = DEFINITIONAL_REPRESENTATION('',(#7558),#7562);
#7558 = LINE('',#7559,#7560);
#7559 = CARTESIAN_POINT('',(6.28318530718,-0.));
#7560 = VECTOR('',#7561,1.);
#7561 = DIRECTION('',(0.,1.));
#7562 = ( GEOMETRIC_REPRESENTATION_CONTEXT(2) 
PARAMETRIC_REPRESENTATION_CONTEXT() REPRESENTATION_CONTEXT('2D SPACE',''
  ) );
#7563 = ORIENTED_EDGE('',*,*,#7205,.T.);
#7564 = ORIENTED_EDGE('',*,*,#6602,.T.);
#7565 = ORIENTED_EDGE('',*,*,#7420,.T.);
#7566 = ADVANCED_FACE('',(#7567,#7621),#6850,.F.);
#7567 = FACE_BOUND('',#7568,.F.);
#7568 = EDGE_LOOP('',(#7569,#7592,#7593,#7594));
#7569 = ORIENTED_EDGE('',*,*,#7570,.T.);
#7570 = EDGE_CURVE('',#7571,#6834,#7573,.T.);
#7571 = VERTEX_POINT('',#7572);
#7572 = CARTESIAN_POINT('',(28.1,-6.882515011208E-15,49.7));
#7573 = SEAM_CURVE('',#7574,(#7578,#7585),.PCURVE_S1.);
#7574 = LINE('',#7575,#7576);
#7575 = CARTESIAN_POINT('',(28.1,-6.882515011208E-15,49.7));
#7576 = VECTOR('',#7577,1.);
#7577 = DIRECTION('',(0.,0.,1.));
#7578 = PCURVE('',#6850,#7579);
#7579 = DEFINITIONAL_REPRESENTATION('',(#7580),#7584);
#7580 = LINE('',#7581,#7582);
#7581 = CARTESIAN_POINT('',(6.28318530718,-0.));
#7582 = VECTOR('',#7583,1.);
#7583 = DIRECTION('',(0.,1.));
#7584 = ( GEOMETRIC_REPRESENTATION_CONTEXT(2) 
PARAMETRIC_REPRESENTATION_CONTEXT() REPRESENTATION_CONTEXT('2D SPACE',''
  ) );
#7585 = PCURVE('',#6850,#7586);
#7586 = DEFINITIONAL_REPRESENTATION('',(#7587),#7591);
#7587 = LINE('',#7588,#7589);
#7588 = CARTESIAN_POINT('',(0.,-0.));
#7589 = VECTOR('',#7590,1.);
#7590 = DIRECTION('',(0.,1.));
#7591 = ( GEOMETRIC_REPRESENTATION_CONTEXT(2) 
PARAMETRIC_REPRESENTATION_CONTEXT() REPRESENTATION_CONTEXT('2D SPACE',''
  ) );
#7592 = ORIENTED_EDGE('',*,*,#6833,.F.);
#7593 = ORIENTED_EDGE('',*,*,#7570,.F.);
#7594 = ORIENTED_EDGE('',*,*,#7595,.T.);
#7595 = EDGE_CURVE('',#7571,#7571,#7596,.T.);
#7596 = SURFACE_CURVE('',#7597,(#7602,#7609),.PCURVE_S1.);
#7597 = CIRCLE('',#7598,28.1);
#7598 = AXIS2_PLACEMENT_3D('',#7599,#7600,#7601);
#7599 = CARTESIAN_POINT('',(0.,0.,49.7));
#7600 = DIRECTION('',(0.,0.,1.));
#7601 = DIRECTION('',(1.,0.,-0.));
#7602 = PCURVE('',#6850,#7603);
#7603 = DEFINITIONAL_REPRESENTATION('',(#7604),#7608);
#7604 = LINE('',#7605,#7606);
#7605 = CARTESIAN_POINT('',(0.,0.));
#7606 = VECTOR('',#7607,1.);
#7607 = DIRECTION('',(1.,0.));
#7608 = ( GEOMETRIC_REPRESENTATION_CONTEXT(2) 
PARAMETRIC_REPRESENTATION_CONTEXT() REPRESENTATION_CONTEXT('2D SPACE',''
  ) );
#7609 = PCURVE('',#7610,#7615);
#7610 = PLANE('',#7611);
#7611 = AXIS2_PLACEMENT_3D('',#7612,#7613,#7614);
#7612 = CARTESIAN_POINT('',(0.,0.,49.7));
#7613 = DIRECTION('',(0.,0.,1.));
#7614 = DIRECTION('',(1.,0.,-0.));
#7615 = DEFINITIONAL_REPRESENTATION('',(#7616),#7620);
#7616 = CIRCLE('',#7617,28.1);
#7617 = AXIS2_PLACEMENT_2D('',#7618,#7619);
#7618 = CARTESIAN_POINT('',(0.,0.));
#7619 = DIRECTION('',(1.,0.));
#7620 = ( GEOMETRIC_REPRESENTATION_CONTEXT(2) 
PARAMETRIC_REPRESENTATION_CONTEXT() REPRESENTATION_CONTEXT('2D SPACE',''
  ) );
#7621 = FACE_BOUND('',#7622,.F.);
#7622 = EDGE_LOOP('',(#7623));
#7623 = ORIENTED_EDGE('',*,*,#7624,.T.);
#7624 = EDGE_CURVE('',#7625,#7625,#7627,.T.);
#7625 = VERTEX_POINT('',#7626);
#7626 = CARTESIAN_POINT('',(-28.1,6.613092715396E-16,59.7));
#7627 = SURFACE_CURVE('',#7628,(#7691,#7757),.PCURVE_S1.);
#7628 = B_SPLINE_CURVE_WITH_KNOTS('',7,(#7629,#7630,#7631,#7632,#7633,
    #7634,#7635,#7636,#7637,#7638,#7639,#7640,#7641,#7642,#7643,#7644,
    #7645,#7646,#7647,#7648,#7649,#7650,#7651,#7652,#7653,#7654,#7655,
    #7656,#7657,#7658,#7659,#7660,#7661,#7662,#7663,#7664,#7665,#7666,
    #7667,#7668,#7669,#7670,#7671,#7672,#7673,#7674,#7675,#7676,#7677,
    #7678,#7679,#7680,#7681,#7682,#7683,#7684,#7685,#7686,#7687,#7688,
    #7689,#7690),.UNSPECIFIED.,.T.,.F.,(8,6,6,6,6,6,6,6,6,6,8),(0.,
    0.12035267507,0.248229701187,0.376106067495,0.47425000181,
    0.578099052101,0.679367439821,0.748271846503,0.877212735187,
    0.948352627292,1.),.UNSPECIFIED.);
#7629 = CARTESIAN_POINT('',(-28.1,3.10862446895E-15,59.7));
#7630 = CARTESIAN_POINT('',(-28.1,-0.358661717306,59.7));
#7631 = CARTESIAN_POINT('',(-28.09465910645,-0.707033116676,
    59.644416245518));
#7632 = CARTESIAN_POINT('',(-28.08452929243,-1.035167470787,
    59.538985062871));
#7633 = CARTESIAN_POINT('',(-28.07101940891,-1.33492915932,
    59.391257643328));
#7634 = CARTESIAN_POINT('',(-28.05600889802,-1.600248714597,
    59.210519915709));
#7635 = CARTESIAN_POINT('',(-28.04114116944,-1.827680772787,
    59.007648828066));
#7636 = CARTESIAN_POINT('',(-28.01304592073,-2.218088675682,
    58.568951016364));
#7637 = CARTESIAN_POINT('',(-27.99955745032,-2.382003811605,
    58.325274040509));
#7638 = CARTESIAN_POINT('',(-27.98804417993,-2.510568890734,
    58.069981555139));
#7639 = CARTESIAN_POINT('',(-27.97909663845,-2.60560016074,
    57.807170461648));
#7640 = CARTESIAN_POINT('',(-27.97302513506,-2.668494909463,
    57.539762046612));
#7641 = CARTESIAN_POINT('',(-27.96998391132,-2.7,57.2700251123));
#7642 = CARTESIAN_POINT('',(-27.96998391132,-2.7,56.729976280953));
#7643 = CARTESIAN_POINT('',(-27.97302510073,-2.668495260834,
    56.460232615873));
#7644 = CARTESIAN_POINT('',(-27.97909687778,-2.605597676944,
    56.192819916834));
#7645 = CARTESIAN_POINT('',(-27.9880445983,-2.510564648205,
    55.930012873175));
#7646 = CARTESIAN_POINT('',(-27.99955734356,-2.382003631589,
    55.674730026868));
#7647 = CARTESIAN_POINT('',(-28.01304540323,-2.218095866784,
    55.431057064212));
#7648 = CARTESIAN_POINT('',(-28.03862798397,-1.862603669425,
    55.031593713439));
#7649 = CARTESIAN_POINT('',(-28.05043779776,-1.684640774969,
    54.866661647735));
#7650 = CARTESIAN_POINT('',(-28.06240943419,-1.482977528806,
    54.715207936527));
#7651 = CARTESIAN_POINT('',(-28.07380795354,-1.258438383712,
    54.582131918165));
#7652 = CARTESIAN_POINT('',(-28.08376908757,-1.012698618855,
    54.472246753844));
#7653 = CARTESIAN_POINT('',(-28.09142482458,-0.748313267601,
    54.390295967009));
#7654 = CARTESIAN_POINT('',(-28.10102293111,-0.173141670846,
    54.288877695964));
#7655 = CARTESIAN_POINT('',(-28.10248052663,0.131878846152,
    54.274653818229));
#7656 = CARTESIAN_POINT('',(-28.09990376499,0.43715640807,
    54.301174157763));
#7657 = CARTESIAN_POINT('',(-28.09335730918,0.733037583375,
    54.367532343086));
#7658 = CARTESIAN_POINT('',(-28.08377813303,1.010506913753,
    54.46928680191));
#7659 = CARTESIAN_POINT('',(-28.07250916061,1.26229046513,
    54.598576509351));
#7660 = CARTESIAN_POINT('',(-28.04938934887,1.699556600482,
    54.886170970814));
#7661 = CARTESIAN_POINT('',(-28.03730785722,1.891304082856,
    55.046814994218));
#7662 = CARTESIAN_POINT('',(-28.02532082931,2.059246617879,
    55.221565537337));
#7663 = CARTESIAN_POINT('',(-28.01401931501,2.20414743194,
    55.406961055637));
#7664 = CARTESIAN_POINT('',(-28.0038147416,2.326903695252,55.60032656517
    ));
#7665 = CARTESIAN_POINT('',(-27.99499258651,2.428370293708,
    55.79958640217));
#7666 = CARTESIAN_POINT('',(-27.98280922597,2.5642620319,56.141646390529
    ));
#7667 = CARTESIAN_POINT('',(-27.9786018603,2.609772869201,
    56.282198059236));
#7668 = CARTESIAN_POINT('',(-27.97518097477,2.645970665034,
    56.424292322173));
#7669 = CARTESIAN_POINT('',(-27.97258905882,2.673011460255,
    56.56749387235));
#7670 = CARTESIAN_POINT('',(-27.9708525365,2.691002960859,
    56.711416712246));
#7671 = CARTESIAN_POINT('',(-27.96998391132,2.7,56.855702684068));
#7672 = CARTESIAN_POINT('',(-27.96998391132,2.7,57.270023719046));
#7673 = CARTESIAN_POINT('',(-27.97302510073,2.668495260834,
    57.539767384128));
#7674 = CARTESIAN_POINT('',(-27.97909687778,2.605597676945,
    57.807180083164));
#7675 = CARTESIAN_POINT('',(-27.9880445983,2.510564648204,
    58.069987126828));
#7676 = CARTESIAN_POINT('',(-27.99955734356,2.38200363159,
    58.325269973131));
#7677 = CARTESIAN_POINT('',(-28.01304540323,2.218095866784,
    58.568942935788));
#7678 = CARTESIAN_POINT('',(-28.03550499751,1.906000281046,
    58.919641908554));
#7679 = CARTESIAN_POINT('',(-28.04381101955,1.783421741652,
    59.039272396276));
#7680 = CARTESIAN_POINT('',(-28.05225320742,1.649101659792,
    59.152450636369));
#7681 = CARTESIAN_POINT('',(-28.06060500524,1.503038007743,
    59.257694113957));
#7682 = CARTESIAN_POINT('',(-28.06859871605,1.345382068514,
    59.353411347575));
#7683 = CARTESIAN_POINT('',(-28.07593669371,1.176469365503,
    59.437882728548));
#7684 = CARTESIAN_POINT('',(-28.08694136685,0.866458205436,
    59.561042281943));
#7685 = CARTESIAN_POINT('',(-28.09106467243,0.730375080921,
    59.605951083858));
#7686 = CARTESIAN_POINT('',(-28.09453984948,0.589514888618,
    59.642960909813));
#7687 = CARTESIAN_POINT('',(-28.09724185791,0.44490703155,
    59.671295504416));
#7688 = CARTESIAN_POINT('',(-28.09907863697,0.297668715722,
    59.690410757808));
#7689 = CARTESIAN_POINT('',(-28.1,0.148970309788,59.7));
#7690 = CARTESIAN_POINT('',(-28.1,3.10862446895E-15,59.7));
#7691 = PCURVE('',#6850,#7692);
#7692 = DEFINITIONAL_REPRESENTATION('',(#7693),#7756);
#7693 = B_SPLINE_CURVE_WITH_KNOTS('',7,(#7694,#7695,#7696,#7697,#7698,
    #7699,#7700,#7701,#7702,#7703,#7704,#7705,#7706,#7707,#7708,#7709,
    #7710,#7711,#7712,#7713,#7714,#7715,#7716,#7717,#7718,#7719,#7720,
    #7721,#7722,#7723,#7724,#7725,#7726,#7727,#7728,#7729,#7730,#7731,
    #7732,#7733,#7734,#7735,#7736,#7737,#7738,#7739,#7740,#7741,#7742,
    #7743,#7744,#7745,#7746,#7747,#7748,#7749,#7750,#7751,#7752,#7753,
    #7754,#7755),.UNSPECIFIED.,.F.,.F.,(8,6,6,6,6,6,6,6,6,6,8),(0.,
    0.12035267507,0.248229701187,0.376106067495,0.47425000181,
    0.578099052101,0.679367439821,0.748271846503,0.877212735187,
    0.948352627292,1.),.UNSPECIFIED.);
#7694 = CARTESIAN_POINT('',(3.14159265359,10.));
#7695 = CARTESIAN_POINT('',(3.154356415771,10.));
#7696 = CARTESIAN_POINT('',(3.166753978043,9.944416245518));
#7697 = CARTESIAN_POINT('',(3.178434733327,9.838985062871));
#7698 = CARTESIAN_POINT('',(3.189111782499,9.691257643328));
#7699 = CARTESIAN_POINT('',(3.198568266293,9.510519915709));
#7700 = CARTESIAN_POINT('',(3.206679032059,9.307648828066));
#7701 = CARTESIAN_POINT('',(3.220608481109,8.868951016364));
#7702 = CARTESIAN_POINT('',(3.226461168644,8.625274040509));
#7703 = CARTESIAN_POINT('',(3.2310546489,8.369981555139));
#7704 = CARTESIAN_POINT('',(3.23445148803,8.107170461648));
#7705 = CARTESIAN_POINT('',(3.236700141434,7.839762046612));
#7706 = CARTESIAN_POINT('',(3.23782653041,7.5700251123));
#7707 = CARTESIAN_POINT('',(3.23782653041,7.029976280953));
#7708 = CARTESIAN_POINT('',(3.236700154013,6.760232615873));
#7709 = CARTESIAN_POINT('',(3.234451399182,6.492819916834));
#7710 = CARTESIAN_POINT('',(3.231054497268,6.230012873175));
#7711 = CARTESIAN_POINT('',(3.226461162533,5.974730026868));
#7712 = CARTESIAN_POINT('',(3.220608737682,5.731057064212));
#7713 = CARTESIAN_POINT('',(3.207925053735,5.331593713439));
#7714 = CARTESIAN_POINT('',(3.201578028664,5.166661647735));
#7715 = CARTESIAN_POINT('',(3.194389041379,5.015207936527));
#7716 = CARTESIAN_POINT('',(3.186388650363,4.882131918165));
#7717 = CARTESIAN_POINT('',(3.177637140135,4.772246753844));
#7718 = CARTESIAN_POINT('',(3.168225177876,4.690295967009));
#7719 = CARTESIAN_POINT('',(3.147753588025,4.588877695964));
#7720 = CARTESIAN_POINT('',(3.136899407283,4.57465381823));
#7721 = CARTESIAN_POINT('',(3.126036594444,4.601174157763));
#7722 = CARTESIAN_POINT('',(3.115506068458,4.667532343086));
#7723 = CARTESIAN_POINT('',(3.105626666896,4.76928680191));
#7724 = CARTESIAN_POINT('',(3.096657726015,4.898576509351));
#7725 = CARTESIAN_POINT('',(3.081074917403,5.186170970814));
#7726 = CARTESIAN_POINT('',(3.074237981044,5.346814994218));
#7727 = CARTESIAN_POINT('',(3.068246446495,5.521565537337));
#7728 = CARTESIAN_POINT('',(3.063074309033,5.706961055637));
#7729 = CARTESIAN_POINT('',(3.058690744118,5.90032656517));
#7730 = CARTESIAN_POINT('',(3.055066223073,6.09958640217));
#7731 = CARTESIAN_POINT('',(3.050210821148,6.441646390529));
#7732 = CARTESIAN_POINT('',(3.048584317665,6.582198059236));
#7733 = CARTESIAN_POINT('',(3.047290403997,6.724292322173));
#7734 = CARTESIAN_POINT('',(3.046323687719,6.86749387235));
#7735 = CARTESIAN_POINT('',(3.045680444209,7.011416712246));
#7736 = CARTESIAN_POINT('',(3.045358776769,7.155702684068));
#7737 = CARTESIAN_POINT('',(3.045358776769,7.570023719046));
#7738 = CARTESIAN_POINT('',(3.046485153166,7.839767384128));
#7739 = CARTESIAN_POINT('',(3.048733907998,8.107180083164));
#7740 = CARTESIAN_POINT('',(3.052130809912,8.369987126828));
#7741 = CARTESIAN_POINT('',(3.056724144647,8.625269973131));
#7742 = CARTESIAN_POINT('',(3.062576569498,8.868942935788));
#7743 = CARTESIAN_POINT('',(3.073711896237,9.219641908554));
#7744 = CARTESIAN_POINT('',(3.078084086372,9.339272396276));
#7745 = CARTESIAN_POINT('',(3.082873498118,9.452450636369));
#7746 = CARTESIAN_POINT('',(3.088079816504,9.557694113957));
#7747 = CARTESIAN_POINT('',(3.093697337231,9.653411347575));
#7748 = CARTESIAN_POINT('',(3.099713945318,9.737882728548));
#7749 = CARTESIAN_POINT('',(3.110753319649,9.861042281943));
#7750 = CARTESIAN_POINT('',(3.11559829289,9.905951083858));
#7751 = CARTESIAN_POINT('',(3.12061250604,9.942960909813));
#7752 = CARTESIAN_POINT('',(3.125759420237,9.971295504416));
#7753 = CARTESIAN_POINT('',(3.130999460699,9.990410757808));
#7754 = CARTESIAN_POINT('',(3.136291219078,10.));
#7755 = CARTESIAN_POINT('',(3.14159265359,10.));
#7756 = ( GEOMETRIC_REPRESENTATION_CONTEXT(2) 
PARAMETRIC_REPRESENTATION_CONTEXT() REPRESENTATION_CONTEXT('2D SPACE',''
  ) );
#7757 = PCURVE('',#7053,#7758);
#7758 = DEFINITIONAL_REPRESENTATION('',(#7759),#7822);
#7759 = B_SPLINE_CURVE_WITH_KNOTS('',7,(#7760,#7761,#7762,#7763,#7764,
    #7765,#7766,#7767,#7768,#7769,#7770,#7771,#7772,#7773,#7774,#7775,
    #7776,#7777,#7778,#7779,#7780,#7781,#7782,#7783,#7784,#7785,#7786,
    #7787,#7788,#7789,#7790,#7791,#7792,#7793,#7794,#7795,#7796,#7797,
    #7798,#7799,#7800,#7801,#7802,#7803,#7804,#7805,#7806,#7807,#7808,
    #7809,#7810,#7811,#7812,#7813,#7814,#7815,#7816,#7817,#7818,#7819,
    #7820,#7821),.UNSPECIFIED.,.F.,.F.,(8,6,6,6,6,6,6,6,6,6,8),(0.,
    0.12035267507,0.248229701187,0.376106067495,0.47425000181,
    0.578099052101,0.679367439821,0.748271846503,0.877212735187,
    0.948352627292,1.),.UNSPECIFIED.);
#7760 = CARTESIAN_POINT('',(-8.881784197001E-16,32.85));
#7761 = CARTESIAN_POINT('',(0.132837673076,32.85));
#7762 = CARTESIAN_POINT('',(0.26186402526,32.855340893549));
#7763 = CARTESIAN_POINT('',(0.387224139868,32.865470707565));
#7764 = CARTESIAN_POINT('',(0.508744496103,32.878980591084));
#7765 = CARTESIAN_POINT('',(0.625992388468,32.893991101977));
#7766 = CARTESIAN_POINT('',(0.738120476463,32.90885883056));
#7767 = CARTESIAN_POINT('',(0.955624114903,32.936954079267));
#7768 = CARTESIAN_POINT('',(1.063403115142,32.950442549673));
#7769 = CARTESIAN_POINT('',(1.16798849839,32.961955820062));
#7770 = CARTESIAN_POINT('',(1.270209773503,32.97090336155));
#7771 = CARTESIAN_POINT('',(1.370884660594,32.976974864935));
#7772 = CARTESIAN_POINT('',(1.470787025943,32.980016088671));
#7773 = CARTESIAN_POINT('',(1.670805111627,32.980016088671));
#7774 = CARTESIAN_POINT('',(1.770709958807,32.976974899266));
#7775 = CARTESIAN_POINT('',(1.871386448158,32.970903122215));
#7776 = CARTESIAN_POINT('',(1.973606513294,32.961955401696));
#7777 = CARTESIAN_POINT('',(2.078188453648,32.950442656438));
#7778 = CARTESIAN_POINT('',(2.185964532388,32.936954596766));
#7779 = CARTESIAN_POINT('',(2.384015969844,32.911372016024));
#7780 = CARTESIAN_POINT('',(2.473467355432,32.899562202237));
#7781 = CARTESIAN_POINT('',(2.566061813782,32.887590565809));
#7782 = CARTESIAN_POINT('',(2.661660905363,32.876192046459));
#7783 = CARTESIAN_POINT('',(2.760254038128,32.866230912422));
#7784 = CARTESIAN_POINT('',(2.861958114303,32.858575175416));
#7785 = CARTESIAN_POINT('',(3.078270909023,32.848977068883));
#7786 = CARTESIAN_POINT('',(3.190439662896,32.847519473363));
#7787 = CARTESIAN_POINT('',(3.30233027193,32.850096235005));
#7788 = CARTESIAN_POINT('',(3.412893345961,32.856642690813));
#7789 = CARTESIAN_POINT('',(3.521004512648,32.866221866967));
#7790 = CARTESIAN_POINT('',(3.625230007891,32.877490839384));
#7791 = CARTESIAN_POINT('',(3.819069365316,32.900610651121));
#7792 = CARTESIAN_POINT('',(3.911098333548,32.912692142771));
#7793 = CARTESIAN_POINT('',(4.000063141147,32.924679170687));
#7794 = CARTESIAN_POINT('',(4.086435317776,32.935980684984));
#7795 = CARTESIAN_POINT('',(4.170650731006,32.946185258394));
#7796 = CARTESIAN_POINT('',(4.253111285118,32.955007413482));
#7797 = CARTESIAN_POINT('',(4.389431532684,32.96719077403));
#7798 = CARTESIAN_POINT('',(4.444033223133,32.971398139695));
#7799 = CARTESIAN_POINT('',(4.49816667123,32.974819025229));
#7800 = CARTESIAN_POINT('',(4.551952172794,32.977410941171));
#7801 = CARTESIAN_POINT('',(4.60550635956,32.979147463499));
#7802 = CARTESIAN_POINT('',(4.658945530039,32.980016088671));
#7803 = CARTESIAN_POINT('',(4.812397765217,32.980016088671));
#7804 = CARTESIAN_POINT('',(4.912302612398,32.976974899266));
#7805 = CARTESIAN_POINT('',(5.012979101747,32.970903122215));
#7806 = CARTESIAN_POINT('',(5.115199166885,32.961955401695));
#7807 = CARTESIAN_POINT('',(5.219781107237,32.950442656438));
#7808 = CARTESIAN_POINT('',(5.327557185977,32.936954596766));
#7809 = CARTESIAN_POINT('',(5.501431549011,32.914495002489));
#7810 = CARTESIAN_POINT('',(5.564711888657,32.906188980446));
#7811 = CARTESIAN_POINT('',(5.629483616403,32.897746792571));
#7812 = CARTESIAN_POINT('',(5.695805853294,32.889394994753));
#7813 = CARTESIAN_POINT('',(5.763758870152,32.88140128395));
#7814 = CARTESIAN_POINT('',(5.833450042451,32.874063306282));
#7815 = CARTESIAN_POINT('',(5.956997956638,32.863058633146));
#7816 = CARTESIAN_POINT('',(6.009979104191,32.858935327567));
#7817 = CARTESIAN_POINT('',(6.063753659608,32.855460150518));
#7818 = CARTESIAN_POINT('',(6.118130568337,32.852758142081));
#7819 = CARTESIAN_POINT('',(6.172937640684,32.850921363026));
#7820 = CARTESIAN_POINT('',(6.228011118369,32.85));
#7821 = CARTESIAN_POINT('',(6.28318530718,32.85));
#7822 = ( GEOMETRIC_REPRESENTATION_CONTEXT(2) 
PARAMETRIC_REPRESENTATION_CONTEXT() REPRESENTATION_CONTEXT('2D SPACE',''
  ) );
#7823 = ADVANCED_FACE('',(#7824,#7855),#6903,.F.);
#7824 = FACE_BOUND('',#7825,.F.);
#7825 = EDGE_LOOP('',(#7826));
#7826 = ORIENTED_EDGE('',*,*,#7827,.T.);
#7827 = EDGE_CURVE('',#7828,#7828,#7830,.T.);
#7828 = VERTEX_POINT('',#7829);
#7829 = CARTESIAN_POINT('',(59.95,0.,62.));
#7830 = SURFACE_CURVE('',#7831,(#7836,#7843),.PCURVE_S1.);
#7831 = CIRCLE('',#7832,59.95);
#7832 = AXIS2_PLACEMENT_3D('',#7833,#7834,#7835);
#7833 = CARTESIAN_POINT('',(0.,0.,62.));
#7834 = DIRECTION('',(0.,0.,1.));
#7835 = DIRECTION('',(1.,0.,-0.));
#7836 = PCURVE('',#6903,#7837);
#7837 = DEFINITIONAL_REPRESENTATION('',(#7838),#7842);
#7838 = CIRCLE('',#7839,59.95);
#7839 = AXIS2_PLACEMENT_2D('',#7840,#7841);
#7840 = CARTESIAN_POINT('',(0.,0.));
#7841 = DIRECTION('',(1.,0.));
#7842 = ( GEOMETRIC_REPRESENTATION_CONTEXT(2) 
PARAMETRIC_REPRESENTATION_CONTEXT() REPRESENTATION_CONTEXT('2D SPACE',''
  ) );
#7843 = PCURVE('',#7844,#7849);
#7844 = CYLINDRICAL_SURFACE('',#7845,59.95);
#7845 = AXIS2_PLACEMENT_3D('',#7846,#7847,#7848);
#7846 = CARTESIAN_POINT('',(0.,0.,13.));
#7847 = DIRECTION('',(0.,0.,1.));
#7848 = DIRECTION('',(1.,0.,-0.));
#7849 = DEFINITIONAL_REPRESENTATION('',(#7850),#7854);
#7850 = LINE('',#7851,#7852);
#7851 = CARTESIAN_POINT('',(0.,49.));
#7852 = VECTOR('',#7853,1.);
#7853 = DIRECTION('',(1.,0.));
#7854 = ( GEOMETRIC_REPRESENTATION_CONTEXT(2) 
PARAMETRIC_REPRESENTATION_CONTEXT() REPRESENTATION_CONTEXT('2D SPACE',''
  ) );
#7855 = FACE_BOUND('',#7856,.F.);
#7856 = EDGE_LOOP('',(#7857));
#7857 = ORIENTED_EDGE('',*,*,#6888,.F.);
#7858 = ADVANCED_FACE('',(#7859),#7053,.F.);
#7859 = FACE_BOUND('',#7860,.F.);
#7860 = EDGE_LOOP('',(#7861,#7862,#7883,#7884));
#7861 = ORIENTED_EDGE('',*,*,#7624,.F.);
#7862 = ORIENTED_EDGE('',*,*,#7863,.F.);
#7863 = EDGE_CURVE('',#6920,#7625,#7864,.T.);
#7864 = SEAM_CURVE('',#7865,(#7869,#7876),.PCURVE_S1.);
#7865 = LINE('',#7866,#7867);
#7866 = CARTESIAN_POINT('',(-60.95,6.613092715396E-16,59.7));
#7867 = VECTOR('',#7868,1.);
#7868 = DIRECTION('',(1.,0.,0.));
#7869 = PCURVE('',#7053,#7870);
#7870 = DEFINITIONAL_REPRESENTATION('',(#7871),#7875);
#7871 = LINE('',#7872,#7873);
#7872 = CARTESIAN_POINT('',(6.28318530718,-0.));
#7873 = VECTOR('',#7874,1.);
#7874 = DIRECTION('',(0.,1.));
#7875 = ( GEOMETRIC_REPRESENTATION_CONTEXT(2) 
PARAMETRIC_REPRESENTATION_CONTEXT() REPRESENTATION_CONTEXT('2D SPACE',''
  ) );
#7876 = PCURVE('',#7053,#7877);
#7877 = DEFINITIONAL_REPRESENTATION('',(#7878),#7882);
#7878 = LINE('',#7879,#7880);
#7879 = CARTESIAN_POINT('',(0.,-0.));
#7880 = VECTOR('',#7881,1.);
#7881 = DIRECTION('',(0.,1.));
#7882 = ( GEOMETRIC_REPRESENTATION_CONTEXT(2) 
PARAMETRIC_REPRESENTATION_CONTEXT() REPRESENTATION_CONTEXT('2D SPACE',''
  ) );
#7883 = ORIENTED_EDGE('',*,*,#6919,.T.);
#7884 = ORIENTED_EDGE('',*,*,#7863,.T.);
#7885 = ADVANCED_FACE('',(#7886),#7169,.F.);
#7886 = FACE_BOUND('',#7887,.F.);
#7887 = EDGE_LOOP('',(#7888,#7889,#7890,#7891));
#7888 = ORIENTED_EDGE('',*,*,#7365,.F.);
#7889 = ORIENTED_EDGE('',*,*,#7517,.F.);
#7890 = ORIENTED_EDGE('',*,*,#7152,.T.);
#7891 = ORIENTED_EDGE('',*,*,#7315,.T.);
#7892 = ADVANCED_FACE('',(#7893),#7243,.F.);
#7893 = FACE_BOUND('',#7894,.F.);
#7894 = EDGE_LOOP('',(#7895,#7896,#7897,#7898));
#7895 = ORIENTED_EDGE('',*,*,#7226,.T.);
#7896 = ORIENTED_EDGE('',*,*,#7543,.T.);
#7897 = ORIENTED_EDGE('',*,*,#7442,.F.);
#7898 = ORIENTED_EDGE('',*,*,#7489,.F.);
#7899 = ADVANCED_FACE('',(#7900),#7296,.F.);
#7900 = FACE_BOUND('',#7901,.F.);
#7901 = EDGE_LOOP('',(#7902,#7925,#7952,#7953));
#7902 = ORIENTED_EDGE('',*,*,#7903,.T.);
#7903 = EDGE_CURVE('',#7280,#7904,#7906,.T.);
#7904 = VERTEX_POINT('',#7905);
#7905 = CARTESIAN_POINT('',(70.1,-1.716954812405E-14,72.9));
#7906 = SEAM_CURVE('',#7907,(#7911,#7918),.PCURVE_S1.);
#7907 = LINE('',#7908,#7909);
#7908 = CARTESIAN_POINT('',(70.1,-1.716954812405E-14,66.));
#7909 = VECTOR('',#7910,1.);
#7910 = DIRECTION('',(0.,0.,1.));
#7911 = PCURVE('',#7296,#7912);
#7912 = DEFINITIONAL_REPRESENTATION('',(#7913),#7917);
#7913 = LINE('',#7914,#7915);
#7914 = CARTESIAN_POINT('',(6.28318530718,-0.));
#7915 = VECTOR('',#7916,1.);
#7916 = DIRECTION('',(0.,1.));
#7917 = ( GEOMETRIC_REPRESENTATION_CONTEXT(2) 
PARAMETRIC_REPRESENTATION_CONTEXT() REPRESENTATION_CONTEXT('2D SPACE',''
  ) );
#7918 = PCURVE('',#7296,#7919);
#7919 = DEFINITIONAL_REPRESENTATION('',(#7920),#7924);
#7920 = LINE('',#7921,#7922);
#7921 = CARTESIAN_POINT('',(0.,-0.));
#7922 = VECTOR('',#7923,1.);
#7923 = DIRECTION('',(0.,1.));
#7924 = ( GEOMETRIC_REPRESENTATION_CONTEXT(2) 
PARAMETRIC_REPRESENTATION_CONTEXT() REPRESENTATION_CONTEXT('2D SPACE',''
  ) );
#7925 = ORIENTED_EDGE('',*,*,#7926,.F.);
#7926 = EDGE_CURVE('',#7904,#7904,#7927,.T.);
#7927 = SURFACE_CURVE('',#7928,(#7933,#7940),.PCURVE_S1.);
#7928 = CIRCLE('',#7929,70.1);
#7929 = AXIS2_PLACEMENT_3D('',#7930,#7931,#7932);
#7930 = CARTESIAN_POINT('',(0.,0.,72.9));
#7931 = DIRECTION('',(0.,0.,1.));
#7932 = DIRECTION('',(1.,0.,-0.));
#7933 = PCURVE('',#7296,#7934);
#7934 = DEFINITIONAL_REPRESENTATION('',(#7935),#7939);
#7935 = LINE('',#7936,#7937);
#7936 = CARTESIAN_POINT('',(0.,6.9));
#7937 = VECTOR('',#7938,1.);
#7938 = DIRECTION('',(1.,0.));
#7939 = ( GEOMETRIC_REPRESENTATION_CONTEXT(2) 
PARAMETRIC_REPRESENTATION_CONTEXT() REPRESENTATION_CONTEXT('2D SPACE',''
  ) );
#7940 = PCURVE('',#7941,#7946);
#7941 = PLANE('',#7942);
#7942 = AXIS2_PLACEMENT_3D('',#7943,#7944,#7945);
#7943 = CARTESIAN_POINT('',(0.,0.,72.9));
#7944 = DIRECTION('',(0.,0.,1.));
#7945 = DIRECTION('',(1.,0.,-0.));
#7946 = DEFINITIONAL_REPRESENTATION('',(#7947),#7951);
#7947 = CIRCLE('',#7948,70.1);
#7948 = AXIS2_PLACEMENT_2D('',#7949,#7950);
#7949 = CARTESIAN_POINT('',(0.,0.));
#7950 = DIRECTION('',(1.,0.));
#7951 = ( GEOMETRIC_REPRESENTATION_CONTEXT(2) 
PARAMETRIC_REPRESENTATION_CONTEXT() REPRESENTATION_CONTEXT('2D SPACE',''
  ) );
#7952 = ORIENTED_EDGE('',*,*,#7903,.F.);
#7953 = ORIENTED_EDGE('',*,*,#7279,.T.);
#7954 = ADVANCED_FACE('',(#7955),#7610,.T.);
#7955 = FACE_BOUND('',#7956,.F.);
#7956 = EDGE_LOOP('',(#7957));
#7957 = ORIENTED_EDGE('',*,*,#7595,.F.);
#7958 = ADVANCED_FACE('',(#7959),#7844,.T.);
#7959 = FACE_BOUND('',#7960,.T.);
#7960 = EDGE_LOOP('',(#7961,#7962,#7985,#8012));
#7961 = ORIENTED_EDGE('',*,*,#7827,.T.);
#7962 = ORIENTED_EDGE('',*,*,#7963,.T.);
#7963 = EDGE_CURVE('',#7828,#7964,#7966,.T.);
#7964 = VERTEX_POINT('',#7965);
#7965 = CARTESIAN_POINT('',(59.95,0.,64.45));
#7966 = SEAM_CURVE('',#7967,(#7971,#7978),.PCURVE_S1.);
#7967 = LINE('',#7968,#7969);
#7968 = CARTESIAN_POINT('',(59.95,0.,13.));
#7969 = VECTOR('',#7970,1.);
#7970 = DIRECTION('',(0.,0.,1.));
#7971 = PCURVE('',#7844,#7972);
#7972 = DEFINITIONAL_REPRESENTATION('',(#7973),#7977);
#7973 = LINE('',#7974,#7975);
#7974 = CARTESIAN_POINT('',(0.,0.));
#7975 = VECTOR('',#7976,1.);
#7976 = DIRECTION('',(0.,1.));
#7977 = ( GEOMETRIC_REPRESENTATION_CONTEXT(2) 
PARAMETRIC_REPRESENTATION_CONTEXT() REPRESENTATION_CONTEXT('2D SPACE',''
  ) );
#7978 = PCURVE('',#7844,#7979);
#7979 = DEFINITIONAL_REPRESENTATION('',(#7980),#7984);
#7980 = LINE('',#7981,#7982);
#7981 = CARTESIAN_POINT('',(6.28318530718,0.));
#7982 = VECTOR('',#7983,1.);
#7983 = DIRECTION('',(0.,1.));
#7984 = ( GEOMETRIC_REPRESENTATION_CONTEXT(2) 
PARAMETRIC_REPRESENTATION_CONTEXT() REPRESENTATION_CONTEXT('2D SPACE',''
  ) );
#7985 = ORIENTED_EDGE('',*,*,#7986,.F.);
#7986 = EDGE_CURVE('',#7964,#7964,#7987,.T.);
#7987 = SURFACE_CURVE('',#7988,(#7993,#8000),.PCURVE_S1.);
#7988 = CIRCLE('',#7989,59.95);
#7989 = AXIS2_PLACEMENT_3D('',#7990,#7991,#7992);
#7990 = CARTESIAN_POINT('',(0.,0.,64.45));
#7991 = DIRECTION('',(0.,0.,1.));
#7992 = DIRECTION('',(1.,0.,-0.));
#7993 = PCURVE('',#7844,#7994);
#7994 = DEFINITIONAL_REPRESENTATION('',(#7995),#7999);
#7995 = LINE('',#7996,#7997);
#7996 = CARTESIAN_POINT('',(0.,51.45));
#7997 = VECTOR('',#7998,1.);
#7998 = DIRECTION('',(1.,0.));
#7999 = ( GEOMETRIC_REPRESENTATION_CONTEXT(2) 
PARAMETRIC_REPRESENTATION_CONTEXT() REPRESENTATION_CONTEXT('2D SPACE',''
  ) );
#8000 = PCURVE('',#8001,#8006);
#8001 = PLANE('',#8002);
#8002 = AXIS2_PLACEMENT_3D('',#8003,#8004,#8005);
#8003 = CARTESIAN_POINT('',(0.,0.,64.45));
#8004 = DIRECTION('',(0.,0.,1.));
#8005 = DIRECTION('',(1.,0.,-0.));
#8006 = DEFINITIONAL_REPRESENTATION('',(#8007),#8011);
#8007 = CIRCLE('',#8008,59.95);
#8008 = AXIS2_PLACEMENT_2D('',#8009,#8010);
#8009 = CARTESIAN_POINT('',(0.,0.));
#8010 = DIRECTION('',(1.,0.));
#8011 = ( GEOMETRIC_REPRESENTATION_CONTEXT(2) 
PARAMETRIC_REPRESENTATION_CONTEXT() REPRESENTATION_CONTEXT('2D SPACE',''
  ) );
#8012 = ORIENTED_EDGE('',*,*,#7963,.F.);
#8013 = ADVANCED_FACE('',(#8014,#8017),#7941,.F.);
#8014 = FACE_BOUND('',#8015,.F.);
#8015 = EDGE_LOOP('',(#8016));
#8016 = ORIENTED_EDGE('',*,*,#7926,.T.);
#8017 = FACE_BOUND('',#8018,.F.);
#8018 = EDGE_LOOP('',(#8019));
#8019 = ORIENTED_EDGE('',*,*,#8020,.F.);
#8020 = EDGE_CURVE('',#8021,#8021,#8023,.T.);
#8021 = VERTEX_POINT('',#8022);
#8022 = CARTESIAN_POINT('',(59.95,0.,72.9));
#8023 = SURFACE_CURVE('',#8024,(#8029,#8036),.PCURVE_S1.);
#8024 = CIRCLE('',#8025,59.95);
#8025 = AXIS2_PLACEMENT_3D('',#8026,#8027,#8028);
#8026 = CARTESIAN_POINT('',(0.,0.,72.9));
#8027 = DIRECTION('',(0.,0.,1.));
#8028 = DIRECTION('',(1.,0.,-0.));
#8029 = PCURVE('',#7941,#8030);
#8030 = DEFINITIONAL_REPRESENTATION('',(#8031),#8035);
#8031 = CIRCLE('',#8032,59.95);
#8032 = AXIS2_PLACEMENT_2D('',#8033,#8034);
#8033 = CARTESIAN_POINT('',(0.,0.));
#8034 = DIRECTION('',(1.,0.));
#8035 = ( GEOMETRIC_REPRESENTATION_CONTEXT(2) 
PARAMETRIC_REPRESENTATION_CONTEXT() REPRESENTATION_CONTEXT('2D SPACE',''
  ) );
#8036 = PCURVE('',#8037,#8042);
#8037 = CYLINDRICAL_SURFACE('',#8038,59.95);
#8038 = AXIS2_PLACEMENT_3D('',#8039,#8040,#8041);
#8039 = CARTESIAN_POINT('',(0.,0.,13.));
#8040 = DIRECTION('',(0.,0.,1.));
#8041 = DIRECTION('',(1.,0.,-0.));
#8042 = DEFINITIONAL_REPRESENTATION('',(#8043),#8047);
#8043 = LINE('',#8044,#8045);
#8044 = CARTESIAN_POINT('',(0.,59.9));
#8045 = VECTOR('',#8046,1.);
#8046 = DIRECTION('',(1.,0.));
#8047 = ( GEOMETRIC_REPRESENTATION_CONTEXT(2) 
PARAMETRIC_REPRESENTATION_CONTEXT() REPRESENTATION_CONTEXT('2D SPACE',''
  ) );
#8048 = ADVANCED_FACE('',(#8049,#8052),#8001,.T.);
#8049 = FACE_BOUND('',#8050,.T.);
#8050 = EDGE_LOOP('',(#8051));
#8051 = ORIENTED_EDGE('',*,*,#7986,.T.);
#8052 = FACE_BOUND('',#8053,.T.);
#8053 = EDGE_LOOP('',(#8054));
#8054 = ORIENTED_EDGE('',*,*,#8055,.F.);
#8055 = EDGE_CURVE('',#8056,#8056,#8058,.T.);
#8056 = VERTEX_POINT('',#8057);
#8057 = CARTESIAN_POINT('',(54.86,-1.343682468024E-14,64.45));
#8058 = SURFACE_CURVE('',#8059,(#8064,#8071),.PCURVE_S1.);
#8059 = CIRCLE('',#8060,54.86);
#8060 = AXIS2_PLACEMENT_3D('',#8061,#8062,#8063);
#8061 = CARTESIAN_POINT('',(0.,0.,64.45));
#8062 = DIRECTION('',(0.,0.,1.));
#8063 = DIRECTION('',(1.,0.,-0.));
#8064 = PCURVE('',#8001,#8065);
#8065 = DEFINITIONAL_REPRESENTATION('',(#8066),#8070);
#8066 = CIRCLE('',#8067,54.86);
#8067 = AXIS2_PLACEMENT_2D('',#8068,#8069);
#8068 = CARTESIAN_POINT('',(0.,0.));
#8069 = DIRECTION('',(1.,0.));
#8070 = ( GEOMETRIC_REPRESENTATION_CONTEXT(2) 
PARAMETRIC_REPRESENTATION_CONTEXT() REPRESENTATION_CONTEXT('2D SPACE',''
  ) );
#8071 = PCURVE('',#8072,#8077);
#8072 = CYLINDRICAL_SURFACE('',#8073,54.86);
#8073 = AXIS2_PLACEMENT_3D('',#8074,#8075,#8076);
#8074 = CARTESIAN_POINT('',(0.,0.,63.45));
#8075 = DIRECTION('',(0.,0.,1.));
#8076 = DIRECTION('',(1.,0.,-0.));
#8077 = DEFINITIONAL_REPRESENTATION('',(#8078),#8082);
#8078 = LINE('',#8079,#8080);
#8079 = CARTESIAN_POINT('',(0.,1.));
#8080 = VECTOR('',#8081,1.);
#8081 = DIRECTION('',(1.,0.));
#8082 = ( GEOMETRIC_REPRESENTATION_CONTEXT(2) 
PARAMETRIC_REPRESENTATION_CONTEXT() REPRESENTATION_CONTEXT('2D SPACE',''
  ) );
#8083 = ADVANCED_FACE('',(#8084),#8037,.T.);
#8084 = FACE_BOUND('',#8085,.T.);
#8085 = EDGE_LOOP('',(#8086,#8115,#8136,#8137));
#8086 = ORIENTED_EDGE('',*,*,#8087,.T.);
#8087 = EDGE_CURVE('',#8088,#8088,#8090,.T.);
#8088 = VERTEX_POINT('',#8089);
#8089 = CARTESIAN_POINT('',(59.95,0.,69.55));
#8090 = SURFACE_CURVE('',#8091,(#8096,#8103),.PCURVE_S1.);
#8091 = CIRCLE('',#8092,59.95);
#8092 = AXIS2_PLACEMENT_3D('',#8093,#8094,#8095);
#8093 = CARTESIAN_POINT('',(0.,0.,69.55));
#8094 = DIRECTION('',(0.,0.,1.));
#8095 = DIRECTION('',(1.,0.,-0.));
#8096 = PCURVE('',#8037,#8097);
#8097 = DEFINITIONAL_REPRESENTATION('',(#8098),#8102);
#8098 = LINE('',#8099,#8100);
#8099 = CARTESIAN_POINT('',(0.,56.55));
#8100 = VECTOR('',#8101,1.);
#8101 = DIRECTION('',(1.,0.));
#8102 = ( GEOMETRIC_REPRESENTATION_CONTEXT(2) 
PARAMETRIC_REPRESENTATION_CONTEXT() REPRESENTATION_CONTEXT('2D SPACE',''
  ) );
#8103 = PCURVE('',#8104,#8109);
#8104 = PLANE('',#8105);
#8105 = AXIS2_PLACEMENT_3D('',#8106,#8107,#8108);
#8106 = CARTESIAN_POINT('',(0.,0.,69.55));
#8107 = DIRECTION('',(0.,0.,1.));
#8108 = DIRECTION('',(1.,0.,-0.));
#8109 = DEFINITIONAL_REPRESENTATION('',(#8110),#8114);
#8110 = CIRCLE('',#8111,59.95);
#8111 = AXIS2_PLACEMENT_2D('',#8112,#8113);
#8112 = CARTESIAN_POINT('',(0.,0.));
#8113 = DIRECTION('',(1.,0.));
#8114 = ( GEOMETRIC_REPRESENTATION_CONTEXT(2) 
PARAMETRIC_REPRESENTATION_CONTEXT() REPRESENTATION_CONTEXT('2D SPACE',''
  ) );
#8115 = ORIENTED_EDGE('',*,*,#8116,.T.);
#8116 = EDGE_CURVE('',#8088,#8021,#8117,.T.);
#8117 = SEAM_CURVE('',#8118,(#8122,#8129),.PCURVE_S1.);
#8118 = LINE('',#8119,#8120);
#8119 = CARTESIAN_POINT('',(59.95,0.,13.));
#8120 = VECTOR('',#8121,1.);
#8121 = DIRECTION('',(0.,0.,1.));
#8122 = PCURVE('',#8037,#8123);
#8123 = DEFINITIONAL_REPRESENTATION('',(#8124),#8128);
#8124 = LINE('',#8125,#8126);
#8125 = CARTESIAN_POINT('',(0.,0.));
#8126 = VECTOR('',#8127,1.);
#8127 = DIRECTION('',(0.,1.));
#8128 = ( GEOMETRIC_REPRESENTATION_CONTEXT(2) 
PARAMETRIC_REPRESENTATION_CONTEXT() REPRESENTATION_CONTEXT('2D SPACE',''
  ) );
#8129 = PCURVE('',#8037,#8130);
#8130 = DEFINITIONAL_REPRESENTATION('',(#8131),#8135);
#8131 = LINE('',#8132,#8133);
#8132 = CARTESIAN_POINT('',(6.28318530718,0.));
#8133 = VECTOR('',#8134,1.);
#8134 = DIRECTION('',(0.,1.));
#8135 = ( GEOMETRIC_REPRESENTATION_CONTEXT(2) 
PARAMETRIC_REPRESENTATION_CONTEXT() REPRESENTATION_CONTEXT('2D SPACE',''
  ) );
#8136 = ORIENTED_EDGE('',*,*,#8020,.F.);
#8137 = ORIENTED_EDGE('',*,*,#8116,.F.);
#8138 = ADVANCED_FACE('',(#8139),#8072,.T.);
#8139 = FACE_BOUND('',#8140,.T.);
#8140 = EDGE_LOOP('',(#8141,#8165,#8186,#8187));
#8141 = ORIENTED_EDGE('',*,*,#8142,.F.);
#8142 = EDGE_CURVE('',#8143,#8143,#8145,.T.);
#8143 = VERTEX_POINT('',#8144);
#8144 = CARTESIAN_POINT('',(54.86,-1.343682468024E-14,69.55));
#8145 = SURFACE_CURVE('',#8146,(#8151,#8158),.PCURVE_S1.);
#8146 = CIRCLE('',#8147,54.86);
#8147 = AXIS2_PLACEMENT_3D('',#8148,#8149,#8150);
#8148 = CARTESIAN_POINT('',(0.,0.,69.55));
#8149 = DIRECTION('',(0.,0.,1.));
#8150 = DIRECTION('',(1.,0.,-0.));
#8151 = PCURVE('',#8072,#8152);
#8152 = DEFINITIONAL_REPRESENTATION('',(#8153),#8157);
#8153 = LINE('',#8154,#8155);
#8154 = CARTESIAN_POINT('',(0.,6.1));
#8155 = VECTOR('',#8156,1.);
#8156 = DIRECTION('',(1.,0.));
#8157 = ( GEOMETRIC_REPRESENTATION_CONTEXT(2) 
PARAMETRIC_REPRESENTATION_CONTEXT() REPRESENTATION_CONTEXT('2D SPACE',''
  ) );
#8158 = PCURVE('',#8104,#8159);
#8159 = DEFINITIONAL_REPRESENTATION('',(#8160),#8164);
#8160 = CIRCLE('',#8161,54.86);
#8161 = AXIS2_PLACEMENT_2D('',#8162,#8163);
#8162 = CARTESIAN_POINT('',(0.,0.));
#8163 = DIRECTION('',(1.,0.));
#8164 = ( GEOMETRIC_REPRESENTATION_CONTEXT(2) 
PARAMETRIC_REPRESENTATION_CONTEXT() REPRESENTATION_CONTEXT('2D SPACE',''
  ) );
#8165 = ORIENTED_EDGE('',*,*,#8166,.F.);
#8166 = EDGE_CURVE('',#8056,#8143,#8167,.T.);
#8167 = SEAM_CURVE('',#8168,(#8172,#8179),.PCURVE_S1.);
#8168 = LINE('',#8169,#8170);
#8169 = CARTESIAN_POINT('',(54.86,-1.343682468024E-14,63.45));
#8170 = VECTOR('',#8171,1.);
#8171 = DIRECTION('',(0.,0.,1.));
#8172 = PCURVE('',#8072,#8173);
#8173 = DEFINITIONAL_REPRESENTATION('',(#8174),#8178);
#8174 = LINE('',#8175,#8176);
#8175 = CARTESIAN_POINT('',(6.28318530718,-0.));
#8176 = VECTOR('',#8177,1.);
#8177 = DIRECTION('',(0.,1.));
#8178 = ( GEOMETRIC_REPRESENTATION_CONTEXT(2) 
PARAMETRIC_REPRESENTATION_CONTEXT() REPRESENTATION_CONTEXT('2D SPACE',''
  ) );
#8179 = PCURVE('',#8072,#8180);
#8180 = DEFINITIONAL_REPRESENTATION('',(#8181),#8185);
#8181 = LINE('',#8182,#8183);
#8182 = CARTESIAN_POINT('',(0.,-0.));
#8183 = VECTOR('',#8184,1.);
#8184 = DIRECTION('',(0.,1.));
#8185 = ( GEOMETRIC_REPRESENTATION_CONTEXT(2) 
PARAMETRIC_REPRESENTATION_CONTEXT() REPRESENTATION_CONTEXT('2D SPACE',''
  ) );
#8186 = ORIENTED_EDGE('',*,*,#8055,.T.);
#8187 = ORIENTED_EDGE('',*,*,#8166,.T.);
#8188 = ADVANCED_FACE('',(#8189,#8192),#8104,.F.);
#8189 = FACE_BOUND('',#8190,.F.);
#8190 = EDGE_LOOP('',(#8191));
#8191 = ORIENTED_EDGE('',*,*,#8087,.T.);
#8192 = FACE_BOUND('',#8193,.F.);
#8193 = EDGE_LOOP('',(#8194));
#8194 = ORIENTED_EDGE('',*,*,#8142,.F.);
#8195 = ( GEOMETRIC_REPRESENTATION_CONTEXT(3) 
GLOBAL_UNCERTAINTY_ASSIGNED_CONTEXT((#8199)) 
GLOBAL_UNIT_ASSIGNED_CONTEXT((#8196,#8197,#8198)) REPRESENTATION_CONTEXT
('Context #1','3D Context with UNIT and UNCERTAINTY') );
#8196 = ( LENGTH_UNIT() NAMED_UNIT(*) SI_UNIT(.MILLI.,.METRE.) );
#8197 = ( NAMED_UNIT(*) PLANE_ANGLE_UNIT() SI_UNIT($,.RADIAN.) );
#8198 = ( NAMED_UNIT(*) SI_UNIT($,.STERADIAN.) SOLID_ANGLE_UNIT() );
#8199 = UNCERTAINTY_MEASURE_WITH_UNIT(LENGTH_MEASURE(1.E-07),#8196,
  'distance_accuracy_value','confusion accuracy');
#8200 = PRODUCT_RELATED_PRODUCT_CATEGORY('part',$,(#7));
ENDSEC;
END-ISO-10303-21;
