ISO-10303-21;
HEADER;
FILE_DESCRIPTION(('Open CASCADE Model'),'2;1');
FILE_NAME('Open CASCADE Shape Model','2026-09-23T09:29:05',('Author'),(
    'Open CASCADE'),'Open CASCADE STEP processor 7.9','Open CASCADE 7.9'
  ,'Unknown');
FILE_SCHEMA(('AUTOMOTIVE_DESIGN { 1 0 10303 214 1 1 1 1 }'));
ENDSEC;
DATA;
#1 = APPLICATION_PROTOCOL_DEFINITION('international standard',
  'automotive_design',2000,#2);
#2 = APPLICATION_CONTEXT(
  'core data for automotive mechanical design processes');
#3 = SHAPE_DEFINITION_REPRESENTATION(#4,#10);
#4 = PRODUCT_DEFINITION_SHAPE('','',#5);
#5 = PRODUCT_DEFINITION('design','',#6,#9);
#6 = PRODUCT_DEFINITION_FORMATION('','',#7);
#7 = PRODUCT('Open CASCADE STEP translator 7.9 39',
  'Open CASCADE STEP translator 7.9 39','',(#8));
#8 = PRODUCT_CONTEXT('',#2,'mechanical');
#9 = PRODUCT_DEFINITION_CONTEXT('part definition',#2,'design');
#10 = ADVANCED_BREP_SHAPE_REPRESENTATION('',(#11,#15),#7114);
#11 = AXIS2_PLACEMENT_3D('',#12,#13,#14);
#12 = CARTESIAN_POINT('',(0.,0.,0.));
#13 = DIRECTION('',(0.,0.,1.));
#14 = DIRECTION('',(1.,0.,-0.));
#15 = MANIFOLD_SOLID_BREP('',#16);
#16 = CLOSED_SHELL('',(#17,#105,#160,#215,#270,#325,#380,#435,#490,#545,
    #600,#655,#710,#765,#820,#855,#910,#965,#1000,#1055,#1110,#1165,
    #1220,#1275,#1330,#2011,#2066,#2198,#3160,#3228,#4191,#4269,#5211,
    #5320,#6150,#6287,#6315,#6345,#6373,#6401,#6429,#6436,#6464,#6471,
    #6566,#6595,#6623,#6651,#6658,#6686,#6714,#6742,#6749,#6862,#6917,
    #6985,#7032,#7079,#7104));
#17 = ADVANCED_FACE('',(#18),#31,.T.);
#18 = FACE_BOUND('',#19,.T.);
#19 = EDGE_LOOP('',(#20,#54,#77,#104));
#20 = ORIENTED_EDGE('',*,*,#21,.T.);
#21 = EDGE_CURVE('',#22,#22,#24,.T.);
#22 = VERTEX_POINT('',#23);
#23 = CARTESIAN_POINT('',(114.5610620314,47.452745613271,358.23114254196
    ));
#24 = SURFACE_CURVE('',#25,(#30,#42),.PCURVE_S1.);
#25 = CIRCLE('',#26,124.);
#26 = AXIS2_PLACEMENT_3D('',#27,#28,#29);
#27 = CARTESIAN_POINT('',(0.,0.,358.23114254196));
#28 = DIRECTION('',(0.,-0.,1.));
#29 = DIRECTION('',(0.923879532511,0.382683432365,0.));
#30 = PCURVE('',#31,#36);
#31 = CONICAL_SURFACE('',#32,124.,0.196349540849);
#32 = AXIS2_PLACEMENT_3D('',#33,#34,#35);
#33 = CARTESIAN_POINT('',(0.,0.,358.23114254196));
#34 = DIRECTION('',(-0.,-0.,-1.));
#35 = DIRECTION('',(0.923879532511,0.382683432365,0.));
#36 = DEFINITIONAL_REPRESENTATION('',(#37),#41);
#37 = LINE('',#38,#39);
#38 = CARTESIAN_POINT('',(-0.,-0.));
#39 = VECTOR('',#40,1.);
#40 = DIRECTION('',(-1.,-0.));
#41 = ( GEOMETRIC_REPRESENTATION_CONTEXT(2) 
PARAMETRIC_REPRESENTATION_CONTEXT() REPRESENTATION_CONTEXT('2D SPACE',''
  ) );
#42 = PCURVE('',#43,#48);
#43 = CYLINDRICAL_SURFACE('',#44,124.);
#44 = AXIS2_PLACEMENT_3D('',#45,#46,#47);
#45 = CARTESIAN_POINT('',(0.,0.,355.76885745803));
#46 = DIRECTION('',(0.,0.,1.));
#47 = DIRECTION('',(0.923879532511,0.382683432365,0.));
#48 = DEFINITIONAL_REPRESENTATION('',(#49),#53);
#49 = LINE('',#50,#51);
#50 = CARTESIAN_POINT('',(0.,2.462285083929));
#51 = VECTOR('',#52,1.);
#52 = DIRECTION('',(1.,0.));
#53 = ( GEOMETRIC_REPRESENTATION_CONTEXT(2) 
PARAMETRIC_REPRESENTATION_CONTEXT() REPRESENTATION_CONTEXT('2D SPACE',''
  ) );
#54 = ORIENTED_EDGE('',*,*,#55,.T.);
#55 = EDGE_CURVE('',#22,#56,#58,.T.);
#56 = VERTEX_POINT('',#57);
#57 = CARTESIAN_POINT('',(114.11725987744,47.268916742091,
    360.64611550843));
#58 = SEAM_CURVE('',#59,(#63,#70),.PCURVE_S1.);
#59 = LINE('',#60,#61);
#60 = CARTESIAN_POINT('',(114.5610620314,47.452745613271,358.23114254196
    ));
#61 = VECTOR('',#62,1.);
#62 = DIRECTION('',(-0.180239955502,-7.465783405034E-02,0.980785280403)
  );
#63 = PCURVE('',#31,#64);
#64 = DEFINITIONAL_REPRESENTATION('',(#65),#69);
#65 = LINE('',#66,#67);
#66 = CARTESIAN_POINT('',(-0.,-0.));
#67 = VECTOR('',#68,1.);
#68 = DIRECTION('',(-0.,-1.));
#69 = ( GEOMETRIC_REPRESENTATION_CONTEXT(2) 
PARAMETRIC_REPRESENTATION_CONTEXT() REPRESENTATION_CONTEXT('2D SPACE',''
  ) );
#70 = PCURVE('',#31,#71);
#71 = DEFINITIONAL_REPRESENTATION('',(#72),#76);
#72 = LINE('',#73,#74);
#73 = CARTESIAN_POINT('',(-6.28318530718,-0.));
#74 = VECTOR('',#75,1.);
#75 = DIRECTION('',(-0.,-1.));
#76 = ( GEOMETRIC_REPRESENTATION_CONTEXT(2) 
PARAMETRIC_REPRESENTATION_CONTEXT() REPRESENTATION_CONTEXT('2D SPACE',''
  ) );
#77 = ORIENTED_EDGE('',*,*,#78,.F.);
#78 = EDGE_CURVE('',#56,#56,#79,.T.);
#79 = SURFACE_CURVE('',#80,(#85,#92),.PCURVE_S1.);
#80 = CIRCLE('',#81,123.51963201008);
#81 = AXIS2_PLACEMENT_3D('',#82,#83,#84);
#82 = CARTESIAN_POINT('',(0.,0.,360.64611550843));
#83 = DIRECTION('',(0.,-0.,1.));
#84 = DIRECTION('',(0.923879532511,0.382683432365,0.));
#85 = PCURVE('',#31,#86);
#86 = DEFINITIONAL_REPRESENTATION('',(#87),#91);
#87 = LINE('',#88,#89);
#88 = CARTESIAN_POINT('',(-0.,-2.414972966474));
#89 = VECTOR('',#90,1.);
#90 = DIRECTION('',(-1.,-0.));
#91 = ( GEOMETRIC_REPRESENTATION_CONTEXT(2) 
PARAMETRIC_REPRESENTATION_CONTEXT() REPRESENTATION_CONTEXT('2D SPACE',''
  ) );
#92 = PCURVE('',#93,#98);
#93 = CONICAL_SURFACE('',#94,123.51963201008,0.392699081699);
#94 = AXIS2_PLACEMENT_3D('',#95,#96,#97);
#95 = CARTESIAN_POINT('',(0.,0.,360.64611550843));
#96 = DIRECTION('',(-0.,-0.,-1.));
#97 = DIRECTION('',(0.923879532511,0.382683432365,0.));
#98 = DEFINITIONAL_REPRESENTATION('',(#99),#103);
#99 = LINE('',#100,#101);
#100 = CARTESIAN_POINT('',(-0.,-0.));
#101 = VECTOR('',#102,1.);
#102 = DIRECTION('',(-1.,-0.));
#103 = ( GEOMETRIC_REPRESENTATION_CONTEXT(2) 
PARAMETRIC_REPRESENTATION_CONTEXT() REPRESENTATION_CONTEXT('2D SPACE',''
  ) );
#104 = ORIENTED_EDGE('',*,*,#55,.F.);
#105 = ADVANCED_FACE('',(#106),#43,.T.);
#106 = FACE_BOUND('',#107,.T.);
#107 = EDGE_LOOP('',(#108,#137,#158,#159));
#108 = ORIENTED_EDGE('',*,*,#109,.T.);
#109 = EDGE_CURVE('',#110,#110,#112,.T.);
#110 = VERTEX_POINT('',#111);
#111 = CARTESIAN_POINT('',(114.5610620314,47.452745613271,
    355.76885745803));
#112 = SURFACE_CURVE('',#113,(#118,#125),.PCURVE_S1.);
#113 = CIRCLE('',#114,124.);
#114 = AXIS2_PLACEMENT_3D('',#115,#116,#117);
#115 = CARTESIAN_POINT('',(0.,0.,355.76885745803));
#116 = DIRECTION('',(0.,-0.,1.));
#117 = DIRECTION('',(0.923879532511,0.382683432365,0.));
#118 = PCURVE('',#43,#119);
#119 = DEFINITIONAL_REPRESENTATION('',(#120),#124);
#120 = LINE('',#121,#122);
#121 = CARTESIAN_POINT('',(0.,0.));
#122 = VECTOR('',#123,1.);
#123 = DIRECTION('',(1.,0.));
#124 = ( GEOMETRIC_REPRESENTATION_CONTEXT(2) 
PARAMETRIC_REPRESENTATION_CONTEXT() REPRESENTATION_CONTEXT('2D SPACE',''
  ) );
#125 = PCURVE('',#126,#131);
#126 = CONICAL_SURFACE('',#127,123.51963201008,0.196349540849);
#127 = AXIS2_PLACEMENT_3D('',#128,#129,#130);
#128 = CARTESIAN_POINT('',(0.,0.,353.35388449156));
#129 = DIRECTION('',(0.,0.,1.));
#130 = DIRECTION('',(0.923879532511,0.382683432365,0.));
#131 = DEFINITIONAL_REPRESENTATION('',(#132),#136);
#132 = LINE('',#133,#134);
#133 = CARTESIAN_POINT('',(0.,2.414972966474));
#134 = VECTOR('',#135,1.);
#135 = DIRECTION('',(1.,0.));
#136 = ( GEOMETRIC_REPRESENTATION_CONTEXT(2) 
PARAMETRIC_REPRESENTATION_CONTEXT() REPRESENTATION_CONTEXT('2D SPACE',''
  ) );
#137 = ORIENTED_EDGE('',*,*,#138,.T.);
#138 = EDGE_CURVE('',#110,#22,#139,.T.);
#139 = SEAM_CURVE('',#140,(#144,#151),.PCURVE_S1.);
#140 = LINE('',#141,#142);
#141 = CARTESIAN_POINT('',(114.5610620314,47.452745613271,
    355.76885745803));
#142 = VECTOR('',#143,1.);
#143 = DIRECTION('',(0.,0.,1.));
#144 = PCURVE('',#43,#145);
#145 = DEFINITIONAL_REPRESENTATION('',(#146),#150);
#146 = LINE('',#147,#148);
#147 = CARTESIAN_POINT('',(0.,0.));
#148 = VECTOR('',#149,1.);
#149 = DIRECTION('',(0.,1.));
#150 = ( GEOMETRIC_REPRESENTATION_CONTEXT(2) 
PARAMETRIC_REPRESENTATION_CONTEXT() REPRESENTATION_CONTEXT('2D SPACE',''
  ) );
#151 = PCURVE('',#43,#152);
#152 = DEFINITIONAL_REPRESENTATION('',(#153),#157);
#153 = LINE('',#154,#155);
#154 = CARTESIAN_POINT('',(6.28318530718,0.));
#155 = VECTOR('',#156,1.);
#156 = DIRECTION('',(0.,1.));
#157 = ( GEOMETRIC_REPRESENTATION_CONTEXT(2) 
PARAMETRIC_REPRESENTATION_CONTEXT() REPRESENTATION_CONTEXT('2D SPACE',''
  ) );
#158 = ORIENTED_EDGE('',*,*,#21,.F.);
#159 = ORIENTED_EDGE('',*,*,#138,.F.);
#160 = ADVANCED_FACE('',(#161),#93,.T.);
#161 = FACE_BOUND('',#162,.T.);
#162 = EDGE_LOOP('',(#163,#164,#187,#214));
#163 = ORIENTED_EDGE('',*,*,#78,.T.);
#164 = ORIENTED_EDGE('',*,*,#165,.T.);
#165 = EDGE_CURVE('',#56,#166,#168,.T.);
#166 = VERTEX_POINT('',#167);
#167 = CARTESIAN_POINT('',(113.2467106374,46.908323440156,
    362.92097030068));
#168 = SEAM_CURVE('',#169,(#173,#180),.PCURVE_S1.);
#169 = LINE('',#170,#171);
#170 = CARTESIAN_POINT('',(114.11725987744,47.268916742091,
    360.64611550843));
#171 = VECTOR('',#172,1.);
#172 = DIRECTION('',(-0.353553390593,-0.146446609407,0.923879532511));
#173 = PCURVE('',#93,#174);
#174 = DEFINITIONAL_REPRESENTATION('',(#175),#179);
#175 = LINE('',#176,#177);
#176 = CARTESIAN_POINT('',(-0.,-0.));
#177 = VECTOR('',#178,1.);
#178 = DIRECTION('',(-0.,-1.));
#179 = ( GEOMETRIC_REPRESENTATION_CONTEXT(2) 
PARAMETRIC_REPRESENTATION_CONTEXT() REPRESENTATION_CONTEXT('2D SPACE',''
  ) );
#180 = PCURVE('',#93,#181);
#181 = DEFINITIONAL_REPRESENTATION('',(#182),#186);
#182 = LINE('',#183,#184);
#183 = CARTESIAN_POINT('',(-6.28318530718,-0.));
#184 = VECTOR('',#185,1.);
#185 = DIRECTION('',(-0.,-1.));
#186 = ( GEOMETRIC_REPRESENTATION_CONTEXT(2) 
PARAMETRIC_REPRESENTATION_CONTEXT() REPRESENTATION_CONTEXT('2D SPACE',''
  ) );
#187 = ORIENTED_EDGE('',*,*,#188,.F.);
#188 = EDGE_CURVE('',#166,#166,#189,.T.);
#189 = SURFACE_CURVE('',#190,(#195,#202),.PCURVE_S1.);
#190 = CIRCLE('',#191,122.5773563027);
#191 = AXIS2_PLACEMENT_3D('',#192,#193,#194);
#192 = CARTESIAN_POINT('',(0.,0.,362.92097030068));
#193 = DIRECTION('',(0.,-0.,1.));
#194 = DIRECTION('',(0.923879532511,0.382683432365,0.));
#195 = PCURVE('',#93,#196);
#196 = DEFINITIONAL_REPRESENTATION('',(#197),#201);
#197 = LINE('',#198,#199);
#198 = CARTESIAN_POINT('',(-0.,-2.27485479225));
#199 = VECTOR('',#200,1.);
#200 = DIRECTION('',(-1.,-0.));
#201 = ( GEOMETRIC_REPRESENTATION_CONTEXT(2) 
PARAMETRIC_REPRESENTATION_CONTEXT() REPRESENTATION_CONTEXT('2D SPACE',''
  ) );
#202 = PCURVE('',#203,#208);
#203 = CONICAL_SURFACE('',#204,122.5773563027,0.589048622548);
#204 = AXIS2_PLACEMENT_3D('',#205,#206,#207);
#205 = CARTESIAN_POINT('',(0.,0.,362.92097030068));
#206 = DIRECTION('',(-0.,-0.,-1.));
#207 = DIRECTION('',(0.923879532511,0.382683432365,0.));
#208 = DEFINITIONAL_REPRESENTATION('',(#209),#213);
#209 = LINE('',#210,#211);
#210 = CARTESIAN_POINT('',(-0.,-0.));
#211 = VECTOR('',#212,1.);
#212 = DIRECTION('',(-1.,-0.));
#213 = ( GEOMETRIC_REPRESENTATION_CONTEXT(2) 
PARAMETRIC_REPRESENTATION_CONTEXT() REPRESENTATION_CONTEXT('2D SPACE',''
  ) );
#214 = ORIENTED_EDGE('',*,*,#165,.F.);
#215 = ADVANCED_FACE('',(#216),#126,.T.);
#216 = FACE_BOUND('',#217,.T.);
#217 = EDGE_LOOP('',(#218,#247,#268,#269));
#218 = ORIENTED_EDGE('',*,*,#219,.T.);
#219 = EDGE_CURVE('',#220,#220,#222,.T.);
#220 = VERTEX_POINT('',#221);
#221 = CARTESIAN_POINT('',(114.11725987744,47.268916742091,
    353.35388449156));
#222 = SURFACE_CURVE('',#223,(#228,#235),.PCURVE_S1.);
#223 = CIRCLE('',#224,123.51963201008);
#224 = AXIS2_PLACEMENT_3D('',#225,#226,#227);
#225 = CARTESIAN_POINT('',(0.,0.,353.35388449156));
#226 = DIRECTION('',(0.,-0.,1.));
#227 = DIRECTION('',(0.923879532511,0.382683432365,0.));
#228 = PCURVE('',#126,#229);
#229 = DEFINITIONAL_REPRESENTATION('',(#230),#234);
#230 = LINE('',#231,#232);
#231 = CARTESIAN_POINT('',(0.,0.));
#232 = VECTOR('',#233,1.);
#233 = DIRECTION('',(1.,0.));
#234 = ( GEOMETRIC_REPRESENTATION_CONTEXT(2) 
PARAMETRIC_REPRESENTATION_CONTEXT() REPRESENTATION_CONTEXT('2D SPACE',''
  ) );
#235 = PCURVE('',#236,#241);
#236 = CONICAL_SURFACE('',#237,122.5773563027,0.392699081699);
#237 = AXIS2_PLACEMENT_3D('',#238,#239,#240);
#238 = CARTESIAN_POINT('',(0.,0.,351.07902969931));
#239 = DIRECTION('',(0.,0.,1.));
#240 = DIRECTION('',(0.923879532511,0.382683432365,0.));
#241 = DEFINITIONAL_REPRESENTATION('',(#242),#246);
#242 = LINE('',#243,#244);
#243 = CARTESIAN_POINT('',(0.,2.27485479225));
#244 = VECTOR('',#245,1.);
#245 = DIRECTION('',(1.,0.));
#246 = ( GEOMETRIC_REPRESENTATION_CONTEXT(2) 
PARAMETRIC_REPRESENTATION_CONTEXT() REPRESENTATION_CONTEXT('2D SPACE',''
  ) );
#247 = ORIENTED_EDGE('',*,*,#248,.T.);
#248 = EDGE_CURVE('',#220,#110,#249,.T.);
#249 = SEAM_CURVE('',#250,(#254,#261),.PCURVE_S1.);
#250 = LINE('',#251,#252);
#251 = CARTESIAN_POINT('',(114.11725987744,47.268916742091,
    353.35388449156));
#252 = VECTOR('',#253,1.);
#253 = DIRECTION('',(0.180239955502,7.465783405034E-02,0.980785280403));
#254 = PCURVE('',#126,#255);
#255 = DEFINITIONAL_REPRESENTATION('',(#256),#260);
#256 = LINE('',#257,#258);
#257 = CARTESIAN_POINT('',(0.,0.));
#258 = VECTOR('',#259,1.);
#259 = DIRECTION('',(0.,1.));
#260 = ( GEOMETRIC_REPRESENTATION_CONTEXT(2) 
PARAMETRIC_REPRESENTATION_CONTEXT() REPRESENTATION_CONTEXT('2D SPACE',''
  ) );
#261 = PCURVE('',#126,#262);
#262 = DEFINITIONAL_REPRESENTATION('',(#263),#267);
#263 = LINE('',#264,#265);
#264 = CARTESIAN_POINT('',(6.28318530718,0.));
#265 = VECTOR('',#266,1.);
#266 = DIRECTION('',(0.,1.));
#267 = ( GEOMETRIC_REPRESENTATION_CONTEXT(2) 
PARAMETRIC_REPRESENTATION_CONTEXT() REPRESENTATION_CONTEXT('2D SPACE',''
  ) );
#268 = ORIENTED_EDGE('',*,*,#109,.F.);
#269 = ORIENTED_EDGE('',*,*,#248,.F.);
#270 = ADVANCED_FACE('',(#271),#203,.T.);
#271 = FACE_BOUND('',#272,.T.);
#272 = EDGE_LOOP('',(#273,#274,#297,#324));
#273 = ORIENTED_EDGE('',*,*,#188,.T.);
#274 = ORIENTED_EDGE('',*,*,#275,.T.);
#275 = EDGE_CURVE('',#166,#276,#278,.T.);
#276 = VERTEX_POINT('',#277);
#277 = CARTESIAN_POINT('',(111.98286903039,46.384823105839,
    364.9682855248));
#278 = SEAM_CURVE('',#279,(#283,#290),.PCURVE_S1.);
#279 = LINE('',#280,#281);
#280 = CARTESIAN_POINT('',(113.2467106374,46.908323440156,
    362.92097030068));
#281 = VECTOR('',#282,1.);
#282 = DIRECTION('',(-0.513279967159,-0.212607523692,0.831469612303));
#283 = PCURVE('',#203,#284);
#284 = DEFINITIONAL_REPRESENTATION('',(#285),#289);
#285 = LINE('',#286,#287);
#286 = CARTESIAN_POINT('',(-0.,-0.));
#287 = VECTOR('',#288,1.);
#288 = DIRECTION('',(-0.,-1.));
#289 = ( GEOMETRIC_REPRESENTATION_CONTEXT(2) 
PARAMETRIC_REPRESENTATION_CONTEXT() REPRESENTATION_CONTEXT('2D SPACE',''
  ) );
#290 = PCURVE('',#203,#291);
#291 = DEFINITIONAL_REPRESENTATION('',(#292),#296);
#292 = LINE('',#293,#294);
#293 = CARTESIAN_POINT('',(-6.28318530718,-0.));
#294 = VECTOR('',#295,1.);
#295 = DIRECTION('',(-0.,-1.));
#296 = ( GEOMETRIC_REPRESENTATION_CONTEXT(2) 
PARAMETRIC_REPRESENTATION_CONTEXT() REPRESENTATION_CONTEXT('2D SPACE',''
  ) );
#297 = ORIENTED_EDGE('',*,*,#298,.F.);
#298 = EDGE_CURVE('',#276,#276,#299,.T.);
#299 = SURFACE_CURVE('',#300,(#305,#312),.PCURVE_S1.);
#300 = CIRCLE('',#301,121.20938400486);
#301 = AXIS2_PLACEMENT_3D('',#302,#303,#304);
#302 = CARTESIAN_POINT('',(0.,0.,364.9682855248));
#303 = DIRECTION('',(0.,-0.,1.));
#304 = DIRECTION('',(0.923879532511,0.382683432365,0.));
#305 = PCURVE('',#203,#306);
#306 = DEFINITIONAL_REPRESENTATION('',(#307),#311);
#307 = LINE('',#308,#309);
#308 = CARTESIAN_POINT('',(-0.,-2.047315224113));
#309 = VECTOR('',#310,1.);
#310 = DIRECTION('',(-1.,-0.));
#311 = ( GEOMETRIC_REPRESENTATION_CONTEXT(2) 
PARAMETRIC_REPRESENTATION_CONTEXT() REPRESENTATION_CONTEXT('2D SPACE',''
  ) );
#312 = PCURVE('',#313,#318);
#313 = CONICAL_SURFACE('',#314,121.20938400486,0.785398163397);
#314 = AXIS2_PLACEMENT_3D('',#315,#316,#317);
#315 = CARTESIAN_POINT('',(0.,0.,364.9682855248));
#316 = DIRECTION('',(-0.,-0.,-1.));
#317 = DIRECTION('',(0.923879532511,0.382683432365,0.));
#318 = DEFINITIONAL_REPRESENTATION('',(#319),#323);
#319 = LINE('',#320,#321);
#320 = CARTESIAN_POINT('',(-0.,-0.));
#321 = VECTOR('',#322,1.);
#322 = DIRECTION('',(-1.,-0.));
#323 = ( GEOMETRIC_REPRESENTATION_CONTEXT(2) 
PARAMETRIC_REPRESENTATION_CONTEXT() REPRESENTATION_CONTEXT('2D SPACE',''
  ) );
#324 = ORIENTED_EDGE('',*,*,#275,.F.);
#325 = ADVANCED_FACE('',(#326),#236,.T.);
#326 = FACE_BOUND('',#327,.T.);
#327 = EDGE_LOOP('',(#328,#357,#378,#379));
#328 = ORIENTED_EDGE('',*,*,#329,.T.);
#329 = EDGE_CURVE('',#330,#330,#332,.T.);
#330 = VERTEX_POINT('',#331);
#331 = CARTESIAN_POINT('',(113.2467106374,46.908323440156,
    351.07902969931));
#332 = SURFACE_CURVE('',#333,(#338,#345),.PCURVE_S1.);
#333 = CIRCLE('',#334,122.5773563027);
#334 = AXIS2_PLACEMENT_3D('',#335,#336,#337);
#335 = CARTESIAN_POINT('',(0.,0.,351.07902969931));
#336 = DIRECTION('',(0.,-0.,1.));
#337 = DIRECTION('',(0.923879532511,0.382683432365,0.));
#338 = PCURVE('',#236,#339);
#339 = DEFINITIONAL_REPRESENTATION('',(#340),#344);
#340 = LINE('',#341,#342);
#341 = CARTESIAN_POINT('',(0.,0.));
#342 = VECTOR('',#343,1.);
#343 = DIRECTION('',(1.,0.));
#344 = ( GEOMETRIC_REPRESENTATION_CONTEXT(2) 
PARAMETRIC_REPRESENTATION_CONTEXT() REPRESENTATION_CONTEXT('2D SPACE',''
  ) );
#345 = PCURVE('',#346,#351);
#346 = CONICAL_SURFACE('',#347,121.20938400486,0.589048622548);
#347 = AXIS2_PLACEMENT_3D('',#348,#349,#350);
#348 = CARTESIAN_POINT('',(0.,0.,349.03171447519));
#349 = DIRECTION('',(0.,0.,1.));
#350 = DIRECTION('',(0.923879532511,0.382683432365,0.));
#351 = DEFINITIONAL_REPRESENTATION('',(#352),#356);
#352 = LINE('',#353,#354);
#353 = CARTESIAN_POINT('',(0.,2.047315224113));
#354 = VECTOR('',#355,1.);
#355 = DIRECTION('',(1.,0.));
#356 = ( GEOMETRIC_REPRESENTATION_CONTEXT(2) 
PARAMETRIC_REPRESENTATION_CONTEXT() REPRESENTATION_CONTEXT('2D SPACE',''
  ) );
#357 = ORIENTED_EDGE('',*,*,#358,.T.);
#358 = EDGE_CURVE('',#330,#220,#359,.T.);
#359 = SEAM_CURVE('',#360,(#364,#371),.PCURVE_S1.);
#360 = LINE('',#361,#362);
#361 = CARTESIAN_POINT('',(113.2467106374,46.908323440156,
    351.07902969931));
#362 = VECTOR('',#363,1.);
#363 = DIRECTION('',(0.353553390593,0.146446609407,0.923879532511));
#364 = PCURVE('',#236,#365);
#365 = DEFINITIONAL_REPRESENTATION('',(#366),#370);
#366 = LINE('',#367,#368);
#367 = CARTESIAN_POINT('',(0.,0.));
#368 = VECTOR('',#369,1.);
#369 = DIRECTION('',(0.,1.));
#370 = ( GEOMETRIC_REPRESENTATION_CONTEXT(2) 
PARAMETRIC_REPRESENTATION_CONTEXT() REPRESENTATION_CONTEXT('2D SPACE',''
  ) );
#371 = PCURVE('',#236,#372);
#372 = DEFINITIONAL_REPRESENTATION('',(#373),#377);
#373 = LINE('',#374,#375);
#374 = CARTESIAN_POINT('',(6.28318530718,0.));
#375 = VECTOR('',#376,1.);
#376 = DIRECTION('',(0.,1.));
#377 = ( GEOMETRIC_REPRESENTATION_CONTEXT(2) 
PARAMETRIC_REPRESENTATION_CONTEXT() REPRESENTATION_CONTEXT('2D SPACE',''
  ) );
#378 = ORIENTED_EDGE('',*,*,#219,.F.);
#379 = ORIENTED_EDGE('',*,*,#358,.F.);
#380 = ADVANCED_FACE('',(#381),#313,.T.);
#381 = FACE_BOUND('',#382,.T.);
#382 = EDGE_LOOP('',(#383,#384,#407,#434));
#383 = ORIENTED_EDGE('',*,*,#298,.T.);
#384 = ORIENTED_EDGE('',*,*,#385,.T.);
#385 = EDGE_CURVE('',#276,#386,#388,.T.);
#386 = VERTEX_POINT('',#387);
#387 = CARTESIAN_POINT('',(110.37430378057,45.718533563404,
    366.70938400486));
#388 = SEAM_CURVE('',#389,(#393,#400),.PCURVE_S1.);
#389 = LINE('',#390,#391);
#390 = CARTESIAN_POINT('',(111.98286903039,46.384823105839,
    364.9682855248));
#391 = VECTOR('',#392,1.);
#392 = DIRECTION('',(-0.653281482438,-0.270598050073,0.707106781187));
#393 = PCURVE('',#313,#394);
#394 = DEFINITIONAL_REPRESENTATION('',(#395),#399);
#395 = LINE('',#396,#397);
#396 = CARTESIAN_POINT('',(-0.,-0.));
#397 = VECTOR('',#398,1.);
#398 = DIRECTION('',(-0.,-1.));
#399 = ( GEOMETRIC_REPRESENTATION_CONTEXT(2) 
PARAMETRIC_REPRESENTATION_CONTEXT() REPRESENTATION_CONTEXT('2D SPACE',''
  ) );
#400 = PCURVE('',#313,#401);
#401 = DEFINITIONAL_REPRESENTATION('',(#402),#406);
#402 = LINE('',#403,#404);
#403 = CARTESIAN_POINT('',(-6.28318530718,-0.));
#404 = VECTOR('',#405,1.);
#405 = DIRECTION('',(-0.,-1.));
#406 = ( GEOMETRIC_REPRESENTATION_CONTEXT(2) 
PARAMETRIC_REPRESENTATION_CONTEXT() REPRESENTATION_CONTEXT('2D SPACE',''
  ) );
#407 = ORIENTED_EDGE('',*,*,#408,.F.);
#408 = EDGE_CURVE('',#386,#386,#409,.T.);
#409 = SURFACE_CURVE('',#410,(#415,#422),.PCURVE_S1.);
#410 = CIRCLE('',#411,119.4682855248);
#411 = AXIS2_PLACEMENT_3D('',#412,#413,#414);
#412 = CARTESIAN_POINT('',(0.,0.,366.70938400486));
#413 = DIRECTION('',(0.,-0.,1.));
#414 = DIRECTION('',(0.923879532511,0.382683432365,0.));
#415 = PCURVE('',#313,#416);
#416 = DEFINITIONAL_REPRESENTATION('',(#417),#421);
#417 = LINE('',#418,#419);
#418 = CARTESIAN_POINT('',(-0.,-1.741098480061));
#419 = VECTOR('',#420,1.);
#420 = DIRECTION('',(-1.,-0.));
#421 = ( GEOMETRIC_REPRESENTATION_CONTEXT(2) 
PARAMETRIC_REPRESENTATION_CONTEXT() REPRESENTATION_CONTEXT('2D SPACE',''
  ) );
#422 = PCURVE('',#423,#428);
#423 = CONICAL_SURFACE('',#424,119.4682855248,0.981747704247);
#424 = AXIS2_PLACEMENT_3D('',#425,#426,#427);
#425 = CARTESIAN_POINT('',(0.,0.,366.70938400486));
#426 = DIRECTION('',(-0.,-0.,-1.));
#427 = DIRECTION('',(0.923879532511,0.382683432365,0.));
#428 = DEFINITIONAL_REPRESENTATION('',(#429),#433);
#429 = LINE('',#430,#431);
#430 = CARTESIAN_POINT('',(-0.,-0.));
#431 = VECTOR('',#432,1.);
#432 = DIRECTION('',(-1.,-0.));
#433 = ( GEOMETRIC_REPRESENTATION_CONTEXT(2) 
PARAMETRIC_REPRESENTATION_CONTEXT() REPRESENTATION_CONTEXT('2D SPACE',''
  ) );
#434 = ORIENTED_EDGE('',*,*,#385,.F.);
#435 = ADVANCED_FACE('',(#436),#346,.T.);
#436 = FACE_BOUND('',#437,.T.);
#437 = EDGE_LOOP('',(#438,#467,#488,#489));
#438 = ORIENTED_EDGE('',*,*,#439,.T.);
#439 = EDGE_CURVE('',#440,#440,#442,.T.);
#440 = VERTEX_POINT('',#441);
#441 = CARTESIAN_POINT('',(111.98286903039,46.384823105839,
    349.03171447519));
#442 = SURFACE_CURVE('',#443,(#448,#455),.PCURVE_S1.);
#443 = CIRCLE('',#444,121.20938400486);
#444 = AXIS2_PLACEMENT_3D('',#445,#446,#447);
#445 = CARTESIAN_POINT('',(0.,0.,349.03171447519));
#446 = DIRECTION('',(0.,-0.,1.));
#447 = DIRECTION('',(0.923879532511,0.382683432365,0.));
#448 = PCURVE('',#346,#449);
#449 = DEFINITIONAL_REPRESENTATION('',(#450),#454);
#450 = LINE('',#451,#452);
#451 = CARTESIAN_POINT('',(0.,0.));
#452 = VECTOR('',#453,1.);
#453 = DIRECTION('',(1.,0.));
#454 = ( GEOMETRIC_REPRESENTATION_CONTEXT(2) 
PARAMETRIC_REPRESENTATION_CONTEXT() REPRESENTATION_CONTEXT('2D SPACE',''
  ) );
#455 = PCURVE('',#456,#461);
#456 = CONICAL_SURFACE('',#457,119.4682855248,0.785398163397);
#457 = AXIS2_PLACEMENT_3D('',#458,#459,#460);
#458 = CARTESIAN_POINT('',(0.,0.,347.29061599513));
#459 = DIRECTION('',(0.,0.,1.));
#460 = DIRECTION('',(0.923879532511,0.382683432365,0.));
#461 = DEFINITIONAL_REPRESENTATION('',(#462),#466);
#462 = LINE('',#463,#464);
#463 = CARTESIAN_POINT('',(0.,1.741098480061));
#464 = VECTOR('',#465,1.);
#465 = DIRECTION('',(1.,0.));
#466 = ( GEOMETRIC_REPRESENTATION_CONTEXT(2) 
PARAMETRIC_REPRESENTATION_CONTEXT() REPRESENTATION_CONTEXT('2D SPACE',''
  ) );
#467 = ORIENTED_EDGE('',*,*,#468,.T.);
#468 = EDGE_CURVE('',#440,#330,#469,.T.);
#469 = SEAM_CURVE('',#470,(#474,#481),.PCURVE_S1.);
#470 = LINE('',#471,#472);
#471 = CARTESIAN_POINT('',(111.98286903039,46.384823105839,
    349.03171447519));
#472 = VECTOR('',#473,1.);
#473 = DIRECTION('',(0.513279967159,0.212607523692,0.831469612303));
#474 = PCURVE('',#346,#475);
#475 = DEFINITIONAL_REPRESENTATION('',(#476),#480);
#476 = LINE('',#477,#478);
#477 = CARTESIAN_POINT('',(0.,0.));
#478 = VECTOR('',#479,1.);
#479 = DIRECTION('',(0.,1.));
#480 = ( GEOMETRIC_REPRESENTATION_CONTEXT(2) 
PARAMETRIC_REPRESENTATION_CONTEXT() REPRESENTATION_CONTEXT('2D SPACE',''
  ) );
#481 = PCURVE('',#346,#482);
#482 = DEFINITIONAL_REPRESENTATION('',(#483),#487);
#483 = LINE('',#484,#485);
#484 = CARTESIAN_POINT('',(6.28318530718,0.));
#485 = VECTOR('',#486,1.);
#486 = DIRECTION('',(0.,1.));
#487 = ( GEOMETRIC_REPRESENTATION_CONTEXT(2) 
PARAMETRIC_REPRESENTATION_CONTEXT() REPRESENTATION_CONTEXT('2D SPACE',''
  ) );
#488 = ORIENTED_EDGE('',*,*,#329,.F.);
#489 = ORIENTED_EDGE('',*,*,#468,.F.);
#490 = ADVANCED_FACE('',(#491),#423,.T.);
#491 = FACE_BOUND('',#492,.T.);
#492 = EDGE_LOOP('',(#493,#494,#517,#544));
#493 = ORIENTED_EDGE('',*,*,#408,.T.);
#494 = ORIENTED_EDGE('',*,*,#495,.T.);
#495 = EDGE_CURVE('',#386,#496,#498,.T.);
#496 = VERTEX_POINT('',#497);
#497 = CARTESIAN_POINT('',(108.48283114842,44.935059946307,
    368.0773563027));
#498 = SEAM_CURVE('',#499,(#503,#510),.PCURVE_S1.);
#499 = LINE('',#500,#501);
#500 = CARTESIAN_POINT('',(110.37430378057,45.718533563404,
    366.70938400486));
#501 = VECTOR('',#502,1.);
#502 = DIRECTION('',(-0.768177756711,-0.318189645143,0.55557023302));
#503 = PCURVE('',#423,#504);
#504 = DEFINITIONAL_REPRESENTATION('',(#505),#509);
#505 = LINE('',#506,#507);
#506 = CARTESIAN_POINT('',(-0.,-0.));
#507 = VECTOR('',#508,1.);
#508 = DIRECTION('',(-0.,-1.));
#509 = ( GEOMETRIC_REPRESENTATION_CONTEXT(2) 
PARAMETRIC_REPRESENTATION_CONTEXT() REPRESENTATION_CONTEXT('2D SPACE',''
  ) );
#510 = PCURVE('',#423,#511);
#511 = DEFINITIONAL_REPRESENTATION('',(#512),#516);
#512 = LINE('',#513,#514);
#513 = CARTESIAN_POINT('',(-6.28318530718,-0.));
#514 = VECTOR('',#515,1.);
#515 = DIRECTION('',(-0.,-1.));
#516 = ( GEOMETRIC_REPRESENTATION_CONTEXT(2) 
PARAMETRIC_REPRESENTATION_CONTEXT() REPRESENTATION_CONTEXT('2D SPACE',''
  ) );
#517 = ORIENTED_EDGE('',*,*,#518,.F.);
#518 = EDGE_CURVE('',#496,#496,#519,.T.);
#519 = SURFACE_CURVE('',#520,(#525,#532),.PCURVE_S1.);
#520 = CIRCLE('',#521,117.42097030068);
#521 = AXIS2_PLACEMENT_3D('',#522,#523,#524);
#522 = CARTESIAN_POINT('',(0.,0.,368.0773563027));
#523 = DIRECTION('',(0.,-0.,1.));
#524 = DIRECTION('',(0.923879532511,0.382683432365,0.));
#525 = PCURVE('',#423,#526);
#526 = DEFINITIONAL_REPRESENTATION('',(#527),#531);
#527 = LINE('',#528,#529);
#528 = CARTESIAN_POINT('',(-0.,-1.367972297839));
#529 = VECTOR('',#530,1.);
#530 = DIRECTION('',(-1.,-0.));
#531 = ( GEOMETRIC_REPRESENTATION_CONTEXT(2) 
PARAMETRIC_REPRESENTATION_CONTEXT() REPRESENTATION_CONTEXT('2D SPACE',''
  ) );
#532 = PCURVE('',#533,#538);
#533 = CONICAL_SURFACE('',#534,117.42097030068,1.178097245096);
#534 = AXIS2_PLACEMENT_3D('',#535,#536,#537);
#535 = CARTESIAN_POINT('',(0.,0.,368.0773563027));
#536 = DIRECTION('',(-0.,-0.,-1.));
#537 = DIRECTION('',(0.923879532511,0.382683432365,0.));
#538 = DEFINITIONAL_REPRESENTATION('',(#539),#543);
#539 = LINE('',#540,#541);
#540 = CARTESIAN_POINT('',(-0.,-0.));
#541 = VECTOR('',#542,1.);
#542 = DIRECTION('',(-1.,-0.));
#543 = ( GEOMETRIC_REPRESENTATION_CONTEXT(2) 
PARAMETRIC_REPRESENTATION_CONTEXT() REPRESENTATION_CONTEXT('2D SPACE',''
  ) );
#544 = ORIENTED_EDGE('',*,*,#495,.F.);
#545 = ADVANCED_FACE('',(#546),#456,.T.);
#546 = FACE_BOUND('',#547,.T.);
#547 = EDGE_LOOP('',(#548,#577,#598,#599));
#548 = ORIENTED_EDGE('',*,*,#549,.T.);
#549 = EDGE_CURVE('',#550,#550,#552,.T.);
#550 = VERTEX_POINT('',#551);
#551 = CARTESIAN_POINT('',(110.37430378057,45.718533563404,
    347.29061599513));
#552 = SURFACE_CURVE('',#553,(#558,#565),.PCURVE_S1.);
#553 = CIRCLE('',#554,119.4682855248);
#554 = AXIS2_PLACEMENT_3D('',#555,#556,#557);
#555 = CARTESIAN_POINT('',(0.,0.,347.29061599513));
#556 = DIRECTION('',(0.,-0.,1.));
#557 = DIRECTION('',(0.923879532511,0.382683432365,0.));
#558 = PCURVE('',#456,#559);
#559 = DEFINITIONAL_REPRESENTATION('',(#560),#564);
#560 = LINE('',#561,#562);
#561 = CARTESIAN_POINT('',(0.,0.));
#562 = VECTOR('',#563,1.);
#563 = DIRECTION('',(1.,0.));
#564 = ( GEOMETRIC_REPRESENTATION_CONTEXT(2) 
PARAMETRIC_REPRESENTATION_CONTEXT() REPRESENTATION_CONTEXT('2D SPACE',''
  ) );
#565 = PCURVE('',#566,#571);
#566 = CONICAL_SURFACE('',#567,117.42097030068,0.981747704247);
#567 = AXIS2_PLACEMENT_3D('',#568,#569,#570);
#568 = CARTESIAN_POINT('',(0.,0.,345.92264369729));
#569 = DIRECTION('',(0.,0.,1.));
#570 = DIRECTION('',(0.923879532511,0.382683432365,0.));
#571 = DEFINITIONAL_REPRESENTATION('',(#572),#576);
#572 = LINE('',#573,#574);
#573 = CARTESIAN_POINT('',(0.,1.367972297839));
#574 = VECTOR('',#575,1.);
#575 = DIRECTION('',(1.,0.));
#576 = ( GEOMETRIC_REPRESENTATION_CONTEXT(2) 
PARAMETRIC_REPRESENTATION_CONTEXT() REPRESENTATION_CONTEXT('2D SPACE',''
  ) );
#577 = ORIENTED_EDGE('',*,*,#578,.T.);
#578 = EDGE_CURVE('',#550,#440,#579,.T.);
#579 = SEAM_CURVE('',#580,(#584,#591),.PCURVE_S1.);
#580 = LINE('',#581,#582);
#581 = CARTESIAN_POINT('',(110.37430378057,45.718533563404,
    347.29061599513));
#582 = VECTOR('',#583,1.);
#583 = DIRECTION('',(0.653281482438,0.270598050073,0.707106781187));
#584 = PCURVE('',#456,#585);
#585 = DEFINITIONAL_REPRESENTATION('',(#586),#590);
#586 = LINE('',#587,#588);
#587 = CARTESIAN_POINT('',(0.,0.));
#588 = VECTOR('',#589,1.);
#589 = DIRECTION('',(0.,1.));
#590 = ( GEOMETRIC_REPRESENTATION_CONTEXT(2) 
PARAMETRIC_REPRESENTATION_CONTEXT() REPRESENTATION_CONTEXT('2D SPACE',''
  ) );
#591 = PCURVE('',#456,#592);
#592 = DEFINITIONAL_REPRESENTATION('',(#593),#597);
#593 = LINE('',#594,#595);
#594 = CARTESIAN_POINT('',(6.28318530718,0.));
#595 = VECTOR('',#596,1.);
#596 = DIRECTION('',(0.,1.));
#597 = ( GEOMETRIC_REPRESENTATION_CONTEXT(2) 
PARAMETRIC_REPRESENTATION_CONTEXT() REPRESENTATION_CONTEXT('2D SPACE',''
  ) );
#598 = ORIENTED_EDGE('',*,*,#439,.F.);
#599 = ORIENTED_EDGE('',*,*,#578,.F.);
#600 = ADVANCED_FACE('',(#601),#533,.T.);
#601 = FACE_BOUND('',#602,.T.);
#602 = EDGE_LOOP('',(#603,#604,#627,#654));
#603 = ORIENTED_EDGE('',*,*,#518,.T.);
#604 = ORIENTED_EDGE('',*,*,#605,.T.);
#605 = EDGE_CURVE('',#496,#606,#608,.T.);
#606 = VERTEX_POINT('',#607);
#607 = CARTESIAN_POINT('',(106.38113936642,44.064510706276,
    369.01963201008));
#608 = SEAM_CURVE('',#609,(#613,#620),.PCURVE_S1.);
#609 = LINE('',#610,#611);
#610 = CARTESIAN_POINT('',(108.48283114842,44.935059946307,
    368.0773563027));
#611 = VECTOR('',#612,1.);
#612 = DIRECTION('',(-0.853553390593,-0.353553390593,0.382683432365));
#613 = PCURVE('',#533,#614);
#614 = DEFINITIONAL_REPRESENTATION('',(#615),#619);
#615 = LINE('',#616,#617);
#616 = CARTESIAN_POINT('',(-0.,-0.));
#617 = VECTOR('',#618,1.);
#618 = DIRECTION('',(-0.,-1.));
#619 = ( GEOMETRIC_REPRESENTATION_CONTEXT(2) 
PARAMETRIC_REPRESENTATION_CONTEXT() REPRESENTATION_CONTEXT('2D SPACE',''
  ) );
#620 = PCURVE('',#533,#621);
#621 = DEFINITIONAL_REPRESENTATION('',(#622),#626);
#622 = LINE('',#623,#624);
#623 = CARTESIAN_POINT('',(-6.28318530718,-0.));
#624 = VECTOR('',#625,1.);
#625 = DIRECTION('',(-0.,-1.));
#626 = ( GEOMETRIC_REPRESENTATION_CONTEXT(2) 
PARAMETRIC_REPRESENTATION_CONTEXT() REPRESENTATION_CONTEXT('2D SPACE',''
  ) );
#627 = ORIENTED_EDGE('',*,*,#628,.F.);
#628 = EDGE_CURVE('',#606,#606,#629,.T.);
#629 = SURFACE_CURVE('',#630,(#635,#642),.PCURVE_S1.);
#630 = CIRCLE('',#631,115.14611550843);
#631 = AXIS2_PLACEMENT_3D('',#632,#633,#634);
#632 = CARTESIAN_POINT('',(0.,0.,369.01963201008));
#633 = DIRECTION('',(0.,-0.,1.));
#634 = DIRECTION('',(0.923879532511,0.382683432365,0.));
#635 = PCURVE('',#533,#636);
#636 = DEFINITIONAL_REPRESENTATION('',(#637),#641);
#637 = LINE('',#638,#639);
#638 = CARTESIAN_POINT('',(-0.,-0.942275707379));
#639 = VECTOR('',#640,1.);
#640 = DIRECTION('',(-1.,-0.));
#641 = ( GEOMETRIC_REPRESENTATION_CONTEXT(2) 
PARAMETRIC_REPRESENTATION_CONTEXT() REPRESENTATION_CONTEXT('2D SPACE',''
  ) );
#642 = PCURVE('',#643,#648);
#643 = CONICAL_SURFACE('',#644,115.14611550843,1.374446785946);
#644 = AXIS2_PLACEMENT_3D('',#645,#646,#647);
#645 = CARTESIAN_POINT('',(0.,0.,369.01963201008));
#646 = DIRECTION('',(-0.,-0.,-1.));
#647 = DIRECTION('',(0.923879532511,0.382683432365,0.));
#648 = DEFINITIONAL_REPRESENTATION('',(#649),#653);
#649 = LINE('',#650,#651);
#650 = CARTESIAN_POINT('',(-0.,-0.));
#651 = VECTOR('',#652,1.);
#652 = DIRECTION('',(-1.,-0.));
#653 = ( GEOMETRIC_REPRESENTATION_CONTEXT(2) 
PARAMETRIC_REPRESENTATION_CONTEXT() REPRESENTATION_CONTEXT('2D SPACE',''
  ) );
#654 = ORIENTED_EDGE('',*,*,#605,.F.);
#655 = ADVANCED_FACE('',(#656),#566,.T.);
#656 = FACE_BOUND('',#657,.T.);
#657 = EDGE_LOOP('',(#658,#687,#708,#709));
#658 = ORIENTED_EDGE('',*,*,#659,.T.);
#659 = EDGE_CURVE('',#660,#660,#662,.T.);
#660 = VERTEX_POINT('',#661);
#661 = CARTESIAN_POINT('',(108.48283114842,44.935059946307,
    345.92264369729));
#662 = SURFACE_CURVE('',#663,(#668,#675),.PCURVE_S1.);
#663 = CIRCLE('',#664,117.42097030068);
#664 = AXIS2_PLACEMENT_3D('',#665,#666,#667);
#665 = CARTESIAN_POINT('',(0.,0.,345.92264369729));
#666 = DIRECTION('',(0.,-0.,1.));
#667 = DIRECTION('',(0.923879532511,0.382683432365,0.));
#668 = PCURVE('',#566,#669);
#669 = DEFINITIONAL_REPRESENTATION('',(#670),#674);
#670 = LINE('',#671,#672);
#671 = CARTESIAN_POINT('',(0.,0.));
#672 = VECTOR('',#673,1.);
#673 = DIRECTION('',(1.,0.));
#674 = ( GEOMETRIC_REPRESENTATION_CONTEXT(2) 
PARAMETRIC_REPRESENTATION_CONTEXT() REPRESENTATION_CONTEXT('2D SPACE',''
  ) );
#675 = PCURVE('',#676,#681);
#676 = CONICAL_SURFACE('',#677,115.14611550843,1.178097245096);
#677 = AXIS2_PLACEMENT_3D('',#678,#679,#680);
#678 = CARTESIAN_POINT('',(0.,0.,344.98036798991));
#679 = DIRECTION('',(0.,0.,1.));
#680 = DIRECTION('',(0.923879532511,0.382683432365,0.));
#681 = DEFINITIONAL_REPRESENTATION('',(#682),#686);
#682 = LINE('',#683,#684);
#683 = CARTESIAN_POINT('',(0.,0.942275707379));
#684 = VECTOR('',#685,1.);
#685 = DIRECTION('',(1.,0.));
#686 = ( GEOMETRIC_REPRESENTATION_CONTEXT(2) 
PARAMETRIC_REPRESENTATION_CONTEXT() REPRESENTATION_CONTEXT('2D SPACE',''
  ) );
#687 = ORIENTED_EDGE('',*,*,#688,.T.);
#688 = EDGE_CURVE('',#660,#550,#689,.T.);
#689 = SEAM_CURVE('',#690,(#694,#701),.PCURVE_S1.);
#690 = LINE('',#691,#692);
#691 = CARTESIAN_POINT('',(108.48283114842,44.935059946307,
    345.92264369729));
#692 = VECTOR('',#693,1.);
#693 = DIRECTION('',(0.768177756711,0.318189645143,0.55557023302));
#694 = PCURVE('',#566,#695);
#695 = DEFINITIONAL_REPRESENTATION('',(#696),#700);
#696 = LINE('',#697,#698);
#697 = CARTESIAN_POINT('',(0.,0.));
#698 = VECTOR('',#699,1.);
#699 = DIRECTION('',(0.,1.));
#700 = ( GEOMETRIC_REPRESENTATION_CONTEXT(2) 
PARAMETRIC_REPRESENTATION_CONTEXT() REPRESENTATION_CONTEXT('2D SPACE',''
  ) );
#701 = PCURVE('',#566,#702);
#702 = DEFINITIONAL_REPRESENTATION('',(#703),#707);
#703 = LINE('',#704,#705);
#704 = CARTESIAN_POINT('',(6.28318530718,0.));
#705 = VECTOR('',#706,1.);
#706 = DIRECTION('',(0.,1.));
#707 = ( GEOMETRIC_REPRESENTATION_CONTEXT(2) 
PARAMETRIC_REPRESENTATION_CONTEXT() REPRESENTATION_CONTEXT('2D SPACE',''
  ) );
#708 = ORIENTED_EDGE('',*,*,#549,.F.);
#709 = ORIENTED_EDGE('',*,*,#688,.F.);
#710 = ADVANCED_FACE('',(#711),#643,.T.);
#711 = FACE_BOUND('',#712,.T.);
#712 = EDGE_LOOP('',(#713,#714,#737,#764));
#713 = ORIENTED_EDGE('',*,*,#628,.T.);
#714 = ORIENTED_EDGE('',*,*,#715,.T.);
#715 = EDGE_CURVE('',#606,#716,#718,.T.);
#716 = VERTEX_POINT('',#717);
#717 = CARTESIAN_POINT('',(104.14999527113,43.140340562397,369.5));
#718 = SEAM_CURVE('',#719,(#723,#730),.PCURVE_S1.);
#719 = LINE('',#720,#721);
#720 = CARTESIAN_POINT('',(106.38113936642,44.064510706276,
    369.01963201008));
#721 = VECTOR('',#722,1.);
#722 = DIRECTION('',(-0.906127446353,-0.375330277518,0.195090322016));
#723 = PCURVE('',#643,#724);
#724 = DEFINITIONAL_REPRESENTATION('',(#725),#729);
#725 = LINE('',#726,#727);
#726 = CARTESIAN_POINT('',(-0.,-0.));
#727 = VECTOR('',#728,1.);
#728 = DIRECTION('',(-0.,-1.));
#729 = ( GEOMETRIC_REPRESENTATION_CONTEXT(2) 
PARAMETRIC_REPRESENTATION_CONTEXT() REPRESENTATION_CONTEXT('2D SPACE',''
  ) );
#730 = PCURVE('',#643,#731);
#731 = DEFINITIONAL_REPRESENTATION('',(#732),#736);
#732 = LINE('',#733,#734);
#733 = CARTESIAN_POINT('',(-6.28318530718,-0.));
#734 = VECTOR('',#735,1.);
#735 = DIRECTION('',(-0.,-1.));
#736 = ( GEOMETRIC_REPRESENTATION_CONTEXT(2) 
PARAMETRIC_REPRESENTATION_CONTEXT() REPRESENTATION_CONTEXT('2D SPACE',''
  ) );
#737 = ORIENTED_EDGE('',*,*,#738,.F.);
#738 = EDGE_CURVE('',#716,#716,#739,.T.);
#739 = SURFACE_CURVE('',#740,(#745,#752),.PCURVE_S1.);
#740 = CIRCLE('',#741,112.73114254196);
#741 = AXIS2_PLACEMENT_3D('',#742,#743,#744);
#742 = CARTESIAN_POINT('',(0.,0.,369.5));
#743 = DIRECTION('',(0.,-0.,1.));
#744 = DIRECTION('',(0.923879532511,0.382683432365,0.));
#745 = PCURVE('',#643,#746);
#746 = DEFINITIONAL_REPRESENTATION('',(#747),#751);
#747 = LINE('',#748,#749);
#748 = CARTESIAN_POINT('',(-0.,-0.480367989919));
#749 = VECTOR('',#750,1.);
#750 = DIRECTION('',(-1.,-0.));
#751 = ( GEOMETRIC_REPRESENTATION_CONTEXT(2) 
PARAMETRIC_REPRESENTATION_CONTEXT() REPRESENTATION_CONTEXT('2D SPACE',''
  ) );
#752 = PCURVE('',#753,#758);
#753 = PLANE('',#754);
#754 = AXIS2_PLACEMENT_3D('',#755,#756,#757);
#755 = CARTESIAN_POINT('',(0.,0.,369.5));
#756 = DIRECTION('',(0.,0.,1.));
#757 = DIRECTION('',(0.923879532511,0.382683432365,0.));
#758 = DEFINITIONAL_REPRESENTATION('',(#759),#763);
#759 = CIRCLE('',#760,112.73114254196);
#760 = AXIS2_PLACEMENT_2D('',#761,#762);
#761 = CARTESIAN_POINT('',(0.,0.));
#762 = DIRECTION('',(1.,0.));
#763 = ( GEOMETRIC_REPRESENTATION_CONTEXT(2) 
PARAMETRIC_REPRESENTATION_CONTEXT() REPRESENTATION_CONTEXT('2D SPACE',''
  ) );
#764 = ORIENTED_EDGE('',*,*,#715,.F.);
#765 = ADVANCED_FACE('',(#766),#676,.T.);
#766 = FACE_BOUND('',#767,.T.);
#767 = EDGE_LOOP('',(#768,#797,#818,#819));
#768 = ORIENTED_EDGE('',*,*,#769,.T.);
#769 = EDGE_CURVE('',#770,#770,#772,.T.);
#770 = VERTEX_POINT('',#771);
#771 = CARTESIAN_POINT('',(106.38113936642,44.064510706276,
    344.98036798991));
#772 = SURFACE_CURVE('',#773,(#778,#785),.PCURVE_S1.);
#773 = CIRCLE('',#774,115.14611550843);
#774 = AXIS2_PLACEMENT_3D('',#775,#776,#777);
#775 = CARTESIAN_POINT('',(0.,0.,344.98036798991));
#776 = DIRECTION('',(0.,-0.,1.));
#777 = DIRECTION('',(0.923879532511,0.382683432365,0.));
#778 = PCURVE('',#676,#779);
#779 = DEFINITIONAL_REPRESENTATION('',(#780),#784);
#780 = LINE('',#781,#782);
#781 = CARTESIAN_POINT('',(0.,0.));
#782 = VECTOR('',#783,1.);
#783 = DIRECTION('',(1.,0.));
#784 = ( GEOMETRIC_REPRESENTATION_CONTEXT(2) 
PARAMETRIC_REPRESENTATION_CONTEXT() REPRESENTATION_CONTEXT('2D SPACE',''
  ) );
#785 = PCURVE('',#786,#791);
#786 = CONICAL_SURFACE('',#787,112.73114254196,1.374446785946);
#787 = AXIS2_PLACEMENT_3D('',#788,#789,#790);
#788 = CARTESIAN_POINT('',(0.,0.,344.5));
#789 = DIRECTION('',(0.,0.,1.));
#790 = DIRECTION('',(0.923879532511,0.382683432365,0.));
#791 = DEFINITIONAL_REPRESENTATION('',(#792),#796);
#792 = LINE('',#793,#794);
#793 = CARTESIAN_POINT('',(0.,0.480367989919));
#794 = VECTOR('',#795,1.);
#795 = DIRECTION('',(1.,0.));
#796 = ( GEOMETRIC_REPRESENTATION_CONTEXT(2) 
PARAMETRIC_REPRESENTATION_CONTEXT() REPRESENTATION_CONTEXT('2D SPACE',''
  ) );
#797 = ORIENTED_EDGE('',*,*,#798,.T.);
#798 = EDGE_CURVE('',#770,#660,#799,.T.);
#799 = SEAM_CURVE('',#800,(#804,#811),.PCURVE_S1.);
#800 = LINE('',#801,#802);
#801 = CARTESIAN_POINT('',(106.38113936642,44.064510706276,
    344.98036798991));
#802 = VECTOR('',#803,1.);
#803 = DIRECTION('',(0.853553390593,0.353553390593,0.382683432365));
#804 = PCURVE('',#676,#805);
#805 = DEFINITIONAL_REPRESENTATION('',(#806),#810);
#806 = LINE('',#807,#808);
#807 = CARTESIAN_POINT('',(0.,0.));
#808 = VECTOR('',#809,1.);
#809 = DIRECTION('',(0.,1.));
#810 = ( GEOMETRIC_REPRESENTATION_CONTEXT(2) 
PARAMETRIC_REPRESENTATION_CONTEXT() REPRESENTATION_CONTEXT('2D SPACE',''
  ) );
#811 = PCURVE('',#676,#812);
#812 = DEFINITIONAL_REPRESENTATION('',(#813),#817);
#813 = LINE('',#814,#815);
#814 = CARTESIAN_POINT('',(6.28318530718,0.));
#815 = VECTOR('',#816,1.);
#816 = DIRECTION('',(0.,1.));
#817 = ( GEOMETRIC_REPRESENTATION_CONTEXT(2) 
PARAMETRIC_REPRESENTATION_CONTEXT() REPRESENTATION_CONTEXT('2D SPACE',''
  ) );
#818 = ORIENTED_EDGE('',*,*,#659,.F.);
#819 = ORIENTED_EDGE('',*,*,#798,.F.);
#820 = ADVANCED_FACE('',(#821,#824),#753,.T.);
#821 = FACE_BOUND('',#822,.T.);
#822 = EDGE_LOOP('',(#823));
#823 = ORIENTED_EDGE('',*,*,#738,.T.);
#824 = FACE_BOUND('',#825,.T.);
#825 = EDGE_LOOP('',(#826));
#826 = ORIENTED_EDGE('',*,*,#827,.F.);
#827 = EDGE_CURVE('',#828,#828,#830,.T.);
#828 = VERTEX_POINT('',#829);
#829 = CARTESIAN_POINT('',(101.87514047888,42.198064855018,369.5));
#830 = SURFACE_CURVE('',#831,(#836,#843),.PCURVE_S1.);
#831 = CIRCLE('',#832,110.26885745803);
#832 = AXIS2_PLACEMENT_3D('',#833,#834,#835);
#833 = CARTESIAN_POINT('',(0.,0.,369.5));
#834 = DIRECTION('',(0.,-0.,1.));
#835 = DIRECTION('',(0.923879532511,0.382683432365,0.));
#836 = PCURVE('',#753,#837);
#837 = DEFINITIONAL_REPRESENTATION('',(#838),#842);
#838 = CIRCLE('',#839,110.26885745803);
#839 = AXIS2_PLACEMENT_2D('',#840,#841);
#840 = CARTESIAN_POINT('',(0.,0.));
#841 = DIRECTION('',(1.,0.));
#842 = ( GEOMETRIC_REPRESENTATION_CONTEXT(2) 
PARAMETRIC_REPRESENTATION_CONTEXT() REPRESENTATION_CONTEXT('2D SPACE',''
  ) );
#843 = PCURVE('',#844,#849);
#844 = CONICAL_SURFACE('',#845,110.26885745803,1.374446785946);
#845 = AXIS2_PLACEMENT_3D('',#846,#847,#848);
#846 = CARTESIAN_POINT('',(0.,0.,369.5));
#847 = DIRECTION('',(-0.,0.,1.));
#848 = DIRECTION('',(0.923879532511,0.382683432365,0.));
#849 = DEFINITIONAL_REPRESENTATION('',(#850),#854);
#850 = LINE('',#851,#852);
#851 = CARTESIAN_POINT('',(0.,-0.));
#852 = VECTOR('',#853,1.);
#853 = DIRECTION('',(1.,-0.));
#854 = ( GEOMETRIC_REPRESENTATION_CONTEXT(2) 
PARAMETRIC_REPRESENTATION_CONTEXT() REPRESENTATION_CONTEXT('2D SPACE',''
  ) );
#855 = ADVANCED_FACE('',(#856),#786,.T.);
#856 = FACE_BOUND('',#857,.T.);
#857 = EDGE_LOOP('',(#858,#887,#908,#909));
#858 = ORIENTED_EDGE('',*,*,#859,.T.);
#859 = EDGE_CURVE('',#860,#860,#862,.T.);
#860 = VERTEX_POINT('',#861);
#861 = CARTESIAN_POINT('',(104.14999527113,43.140340562397,344.5));
#862 = SURFACE_CURVE('',#863,(#868,#875),.PCURVE_S1.);
#863 = CIRCLE('',#864,112.73114254196);
#864 = AXIS2_PLACEMENT_3D('',#865,#866,#867);
#865 = CARTESIAN_POINT('',(0.,0.,344.5));
#866 = DIRECTION('',(0.,-0.,1.));
#867 = DIRECTION('',(0.923879532511,0.382683432365,0.));
#868 = PCURVE('',#786,#869);
#869 = DEFINITIONAL_REPRESENTATION('',(#870),#874);
#870 = LINE('',#871,#872);
#871 = CARTESIAN_POINT('',(0.,0.));
#872 = VECTOR('',#873,1.);
#873 = DIRECTION('',(1.,0.));
#874 = ( GEOMETRIC_REPRESENTATION_CONTEXT(2) 
PARAMETRIC_REPRESENTATION_CONTEXT() REPRESENTATION_CONTEXT('2D SPACE',''
  ) );
#875 = PCURVE('',#876,#881);
#876 = PLANE('',#877);
#877 = AXIS2_PLACEMENT_3D('',#878,#879,#880);
#878 = CARTESIAN_POINT('',(0.,0.,344.5));
#879 = DIRECTION('',(0.,0.,1.));
#880 = DIRECTION('',(0.923879532511,0.382683432365,-0.));
#881 = DEFINITIONAL_REPRESENTATION('',(#882),#886);
#882 = CIRCLE('',#883,112.73114254196);
#883 = AXIS2_PLACEMENT_2D('',#884,#885);
#884 = CARTESIAN_POINT('',(0.,0.));
#885 = DIRECTION('',(1.,-0.));
#886 = ( GEOMETRIC_REPRESENTATION_CONTEXT(2) 
PARAMETRIC_REPRESENTATION_CONTEXT() REPRESENTATION_CONTEXT('2D SPACE',''
  ) );
#887 = ORIENTED_EDGE('',*,*,#888,.T.);
#888 = EDGE_CURVE('',#860,#770,#889,.T.);
#889 = SEAM_CURVE('',#890,(#894,#901),.PCURVE_S1.);
#890 = LINE('',#891,#892);
#891 = CARTESIAN_POINT('',(104.14999527113,43.140340562397,344.5));
#892 = VECTOR('',#893,1.);
#893 = DIRECTION('',(0.906127446353,0.375330277518,0.195090322016));
#894 = PCURVE('',#786,#895);
#895 = DEFINITIONAL_REPRESENTATION('',(#896),#900);
#896 = LINE('',#897,#898);
#897 = CARTESIAN_POINT('',(0.,0.));
#898 = VECTOR('',#899,1.);
#899 = DIRECTION('',(0.,1.));
#900 = ( GEOMETRIC_REPRESENTATION_CONTEXT(2) 
PARAMETRIC_REPRESENTATION_CONTEXT() REPRESENTATION_CONTEXT('2D SPACE',''
  ) );
#901 = PCURVE('',#786,#902);
#902 = DEFINITIONAL_REPRESENTATION('',(#903),#907);
#903 = LINE('',#904,#905);
#904 = CARTESIAN_POINT('',(6.28318530718,0.));
#905 = VECTOR('',#906,1.);
#906 = DIRECTION('',(0.,1.));
#907 = ( GEOMETRIC_REPRESENTATION_CONTEXT(2) 
PARAMETRIC_REPRESENTATION_CONTEXT() REPRESENTATION_CONTEXT('2D SPACE',''
  ) );
#908 = ORIENTED_EDGE('',*,*,#769,.F.);
#909 = ORIENTED_EDGE('',*,*,#888,.F.);
#910 = ADVANCED_FACE('',(#911),#844,.F.);
#911 = FACE_BOUND('',#912,.T.);
#912 = EDGE_LOOP('',(#913,#914,#937,#964));
#913 = ORIENTED_EDGE('',*,*,#827,.T.);
#914 = ORIENTED_EDGE('',*,*,#915,.T.);
#915 = EDGE_CURVE('',#828,#916,#918,.T.);
#916 = VERTEX_POINT('',#917);
#917 = CARTESIAN_POINT('',(99.64399638359,41.273894711139,
    369.01963201008));
#918 = SEAM_CURVE('',#919,(#923,#930),.PCURVE_S1.);
#919 = LINE('',#920,#921);
#920 = CARTESIAN_POINT('',(101.87514047888,42.198064855018,369.5));
#921 = VECTOR('',#922,1.);
#922 = DIRECTION('',(-0.906127446353,-0.375330277518,-0.195090322016));
#923 = PCURVE('',#844,#924);
#924 = DEFINITIONAL_REPRESENTATION('',(#925),#929);
#925 = LINE('',#926,#927);
#926 = CARTESIAN_POINT('',(0.,-0.));
#927 = VECTOR('',#928,1.);
#928 = DIRECTION('',(0.,-1.));
#929 = ( GEOMETRIC_REPRESENTATION_CONTEXT(2) 
PARAMETRIC_REPRESENTATION_CONTEXT() REPRESENTATION_CONTEXT('2D SPACE',''
  ) );
#930 = PCURVE('',#844,#931);
#931 = DEFINITIONAL_REPRESENTATION('',(#932),#936);
#932 = LINE('',#933,#934);
#933 = CARTESIAN_POINT('',(6.28318530718,-0.));
#934 = VECTOR('',#935,1.);
#935 = DIRECTION('',(0.,-1.));
#936 = ( GEOMETRIC_REPRESENTATION_CONTEXT(2) 
PARAMETRIC_REPRESENTATION_CONTEXT() REPRESENTATION_CONTEXT('2D SPACE',''
  ) );
#937 = ORIENTED_EDGE('',*,*,#938,.F.);
#938 = EDGE_CURVE('',#916,#916,#939,.T.);
#939 = SURFACE_CURVE('',#940,(#945,#952),.PCURVE_S1.);
#940 = CIRCLE('',#941,107.85388449156);
#941 = AXIS2_PLACEMENT_3D('',#942,#943,#944);
#942 = CARTESIAN_POINT('',(0.,0.,369.01963201008));
#943 = DIRECTION('',(0.,-0.,1.));
#944 = DIRECTION('',(0.923879532511,0.382683432365,0.));
#945 = PCURVE('',#844,#946);
#946 = DEFINITIONAL_REPRESENTATION('',(#947),#951);
#947 = LINE('',#948,#949);
#948 = CARTESIAN_POINT('',(0.,-0.480367989919));
#949 = VECTOR('',#950,1.);
#950 = DIRECTION('',(1.,-0.));
#951 = ( GEOMETRIC_REPRESENTATION_CONTEXT(2) 
PARAMETRIC_REPRESENTATION_CONTEXT() REPRESENTATION_CONTEXT('2D SPACE',''
  ) );
#952 = PCURVE('',#953,#958);
#953 = CONICAL_SURFACE('',#954,107.85388449156,1.178097245096);
#954 = AXIS2_PLACEMENT_3D('',#955,#956,#957);
#955 = CARTESIAN_POINT('',(0.,0.,369.01963201008));
#956 = DIRECTION('',(-0.,0.,1.));
#957 = DIRECTION('',(0.923879532511,0.382683432365,0.));
#958 = DEFINITIONAL_REPRESENTATION('',(#959),#963);
#959 = LINE('',#960,#961);
#960 = CARTESIAN_POINT('',(0.,-0.));
#961 = VECTOR('',#962,1.);
#962 = DIRECTION('',(1.,-0.));
#963 = ( GEOMETRIC_REPRESENTATION_CONTEXT(2) 
PARAMETRIC_REPRESENTATION_CONTEXT() REPRESENTATION_CONTEXT('2D SPACE',''
  ) );
#964 = ORIENTED_EDGE('',*,*,#915,.F.);
#965 = ADVANCED_FACE('',(#966,#997),#876,.F.);
#966 = FACE_BOUND('',#967,.T.);
#967 = EDGE_LOOP('',(#968));
#968 = ORIENTED_EDGE('',*,*,#969,.T.);
#969 = EDGE_CURVE('',#970,#970,#972,.T.);
#970 = VERTEX_POINT('',#971);
#971 = CARTESIAN_POINT('',(101.87514047888,42.198064855018,344.5));
#972 = SURFACE_CURVE('',#973,(#978,#985),.PCURVE_S1.);
#973 = CIRCLE('',#974,110.26885745803);
#974 = AXIS2_PLACEMENT_3D('',#975,#976,#977);
#975 = CARTESIAN_POINT('',(0.,0.,344.5));
#976 = DIRECTION('',(0.,-0.,1.));
#977 = DIRECTION('',(0.923879532511,0.382683432365,0.));
#978 = PCURVE('',#876,#979);
#979 = DEFINITIONAL_REPRESENTATION('',(#980),#984);
#980 = CIRCLE('',#981,110.26885745803);
#981 = AXIS2_PLACEMENT_2D('',#982,#983);
#982 = CARTESIAN_POINT('',(0.,0.));
#983 = DIRECTION('',(1.,-0.));
#984 = ( GEOMETRIC_REPRESENTATION_CONTEXT(2) 
PARAMETRIC_REPRESENTATION_CONTEXT() REPRESENTATION_CONTEXT('2D SPACE',''
  ) );
#985 = PCURVE('',#986,#991);
#986 = CONICAL_SURFACE('',#987,107.85388449156,1.374446785946);
#987 = AXIS2_PLACEMENT_3D('',#988,#989,#990);
#988 = CARTESIAN_POINT('',(0.,0.,344.98036798991));
#989 = DIRECTION('',(0.,-0.,-1.));
#990 = DIRECTION('',(0.923879532511,0.382683432365,0.));
#991 = DEFINITIONAL_REPRESENTATION('',(#992),#996);
#992 = LINE('',#993,#994);
#993 = CARTESIAN_POINT('',(-0.,0.480367989919));
#994 = VECTOR('',#995,1.);
#995 = DIRECTION('',(-1.,0.));
#996 = ( GEOMETRIC_REPRESENTATION_CONTEXT(2) 
PARAMETRIC_REPRESENTATION_CONTEXT() REPRESENTATION_CONTEXT('2D SPACE',''
  ) );
#997 = FACE_BOUND('',#998,.T.);
#998 = EDGE_LOOP('',(#999));
#999 = ORIENTED_EDGE('',*,*,#859,.F.);
#1000 = ADVANCED_FACE('',(#1001),#953,.F.);
#1001 = FACE_BOUND('',#1002,.T.);
#1002 = EDGE_LOOP('',(#1003,#1004,#1027,#1054));
#1003 = ORIENTED_EDGE('',*,*,#938,.T.);
#1004 = ORIENTED_EDGE('',*,*,#1005,.T.);
#1005 = EDGE_CURVE('',#916,#1006,#1008,.T.);
#1006 = VERTEX_POINT('',#1007);
#1007 = CARTESIAN_POINT('',(97.542304601595,40.403345471108,
    368.0773563027));
#1008 = SEAM_CURVE('',#1009,(#1013,#1020),.PCURVE_S1.);
#1009 = LINE('',#1010,#1011);
#1010 = CARTESIAN_POINT('',(99.64399638359,41.273894711139,
    369.01963201008));
#1011 = VECTOR('',#1012,1.);
#1012 = DIRECTION('',(-0.853553390593,-0.353553390593,-0.382683432365));
#1013 = PCURVE('',#953,#1014);
#1014 = DEFINITIONAL_REPRESENTATION('',(#1015),#1019);
#1015 = LINE('',#1016,#1017);
#1016 = CARTESIAN_POINT('',(0.,-0.));
#1017 = VECTOR('',#1018,1.);
#1018 = DIRECTION('',(0.,-1.));
#1019 = ( GEOMETRIC_REPRESENTATION_CONTEXT(2) 
PARAMETRIC_REPRESENTATION_CONTEXT() REPRESENTATION_CONTEXT('2D SPACE',''
  ) );
#1020 = PCURVE('',#953,#1021);
#1021 = DEFINITIONAL_REPRESENTATION('',(#1022),#1026);
#1022 = LINE('',#1023,#1024);
#1023 = CARTESIAN_POINT('',(6.28318530718,-0.));
#1024 = VECTOR('',#1025,1.);
#1025 = DIRECTION('',(0.,-1.));
#1026 = ( GEOMETRIC_REPRESENTATION_CONTEXT(2) 
PARAMETRIC_REPRESENTATION_CONTEXT() REPRESENTATION_CONTEXT('2D SPACE',''
  ) );
#1027 = ORIENTED_EDGE('',*,*,#1028,.F.);
#1028 = EDGE_CURVE('',#1006,#1006,#1029,.T.);
#1029 = SURFACE_CURVE('',#1030,(#1035,#1042),.PCURVE_S1.);
#1030 = CIRCLE('',#1031,105.57902969931);
#1031 = AXIS2_PLACEMENT_3D('',#1032,#1033,#1034);
#1032 = CARTESIAN_POINT('',(0.,0.,368.0773563027));
#1033 = DIRECTION('',(0.,-0.,1.));
#1034 = DIRECTION('',(0.923879532511,0.382683432365,0.));
#1035 = PCURVE('',#953,#1036);
#1036 = DEFINITIONAL_REPRESENTATION('',(#1037),#1041);
#1037 = LINE('',#1038,#1039);
#1038 = CARTESIAN_POINT('',(0.,-0.942275707379));
#1039 = VECTOR('',#1040,1.);
#1040 = DIRECTION('',(1.,-0.));
#1041 = ( GEOMETRIC_REPRESENTATION_CONTEXT(2) 
PARAMETRIC_REPRESENTATION_CONTEXT() REPRESENTATION_CONTEXT('2D SPACE',''
  ) );
#1042 = PCURVE('',#1043,#1048);
#1043 = CONICAL_SURFACE('',#1044,105.57902969931,0.981747704247);
#1044 = AXIS2_PLACEMENT_3D('',#1045,#1046,#1047);
#1045 = CARTESIAN_POINT('',(0.,0.,368.0773563027));
#1046 = DIRECTION('',(-0.,0.,1.));
#1047 = DIRECTION('',(0.923879532511,0.382683432365,0.));
#1048 = DEFINITIONAL_REPRESENTATION('',(#1049),#1053);
#1049 = LINE('',#1050,#1051);
#1050 = CARTESIAN_POINT('',(0.,-0.));
#1051 = VECTOR('',#1052,1.);
#1052 = DIRECTION('',(1.,-0.));
#1053 = ( GEOMETRIC_REPRESENTATION_CONTEXT(2) 
PARAMETRIC_REPRESENTATION_CONTEXT() REPRESENTATION_CONTEXT('2D SPACE',''
  ) );
#1054 = ORIENTED_EDGE('',*,*,#1005,.F.);
#1055 = ADVANCED_FACE('',(#1056),#986,.F.);
#1056 = FACE_BOUND('',#1057,.T.);
#1057 = EDGE_LOOP('',(#1058,#1087,#1108,#1109));
#1058 = ORIENTED_EDGE('',*,*,#1059,.T.);
#1059 = EDGE_CURVE('',#1060,#1060,#1062,.T.);
#1060 = VERTEX_POINT('',#1061);
#1061 = CARTESIAN_POINT('',(99.64399638359,41.273894711139,
    344.98036798991));
#1062 = SURFACE_CURVE('',#1063,(#1068,#1075),.PCURVE_S1.);
#1063 = CIRCLE('',#1064,107.85388449156);
#1064 = AXIS2_PLACEMENT_3D('',#1065,#1066,#1067);
#1065 = CARTESIAN_POINT('',(0.,0.,344.98036798991));
#1066 = DIRECTION('',(0.,-0.,1.));
#1067 = DIRECTION('',(0.923879532511,0.382683432365,0.));
#1068 = PCURVE('',#986,#1069);
#1069 = DEFINITIONAL_REPRESENTATION('',(#1070),#1074);
#1070 = LINE('',#1071,#1072);
#1071 = CARTESIAN_POINT('',(-0.,0.));
#1072 = VECTOR('',#1073,1.);
#1073 = DIRECTION('',(-1.,0.));
#1074 = ( GEOMETRIC_REPRESENTATION_CONTEXT(2) 
PARAMETRIC_REPRESENTATION_CONTEXT() REPRESENTATION_CONTEXT('2D SPACE',''
  ) );
#1075 = PCURVE('',#1076,#1081);
#1076 = CONICAL_SURFACE('',#1077,105.57902969931,1.178097245096);
#1077 = AXIS2_PLACEMENT_3D('',#1078,#1079,#1080);
#1078 = CARTESIAN_POINT('',(0.,0.,345.92264369729));
#1079 = DIRECTION('',(0.,-0.,-1.));
#1080 = DIRECTION('',(0.923879532511,0.382683432365,0.));
#1081 = DEFINITIONAL_REPRESENTATION('',(#1082),#1086);
#1082 = LINE('',#1083,#1084);
#1083 = CARTESIAN_POINT('',(-0.,0.942275707379));
#1084 = VECTOR('',#1085,1.);
#1085 = DIRECTION('',(-1.,0.));
#1086 = ( GEOMETRIC_REPRESENTATION_CONTEXT(2) 
PARAMETRIC_REPRESENTATION_CONTEXT() REPRESENTATION_CONTEXT('2D SPACE',''
  ) );
#1087 = ORIENTED_EDGE('',*,*,#1088,.T.);
#1088 = EDGE_CURVE('',#1060,#970,#1089,.T.);
#1089 = SEAM_CURVE('',#1090,(#1094,#1101),.PCURVE_S1.);
#1090 = LINE('',#1091,#1092);
#1091 = CARTESIAN_POINT('',(99.64399638359,41.273894711139,
    344.98036798991));
#1092 = VECTOR('',#1093,1.);
#1093 = DIRECTION('',(0.906127446353,0.375330277518,-0.195090322016));
#1094 = PCURVE('',#986,#1095);
#1095 = DEFINITIONAL_REPRESENTATION('',(#1096),#1100);
#1096 = LINE('',#1097,#1098);
#1097 = CARTESIAN_POINT('',(-0.,0.));
#1098 = VECTOR('',#1099,1.);
#1099 = DIRECTION('',(-0.,1.));
#1100 = ( GEOMETRIC_REPRESENTATION_CONTEXT(2) 
PARAMETRIC_REPRESENTATION_CONTEXT() REPRESENTATION_CONTEXT('2D SPACE',''
  ) );
#1101 = PCURVE('',#986,#1102);
#1102 = DEFINITIONAL_REPRESENTATION('',(#1103),#1107);
#1103 = LINE('',#1104,#1105);
#1104 = CARTESIAN_POINT('',(-6.28318530718,0.));
#1105 = VECTOR('',#1106,1.);
#1106 = DIRECTION('',(-0.,1.));
#1107 = ( GEOMETRIC_REPRESENTATION_CONTEXT(2) 
PARAMETRIC_REPRESENTATION_CONTEXT() REPRESENTATION_CONTEXT('2D SPACE',''
  ) );
#1108 = ORIENTED_EDGE('',*,*,#969,.F.);
#1109 = ORIENTED_EDGE('',*,*,#1088,.F.);
#1110 = ADVANCED_FACE('',(#1111),#1043,.F.);
#1111 = FACE_BOUND('',#1112,.T.);
#1112 = EDGE_LOOP('',(#1113,#1114,#1137,#1164));
#1113 = ORIENTED_EDGE('',*,*,#1028,.T.);
#1114 = ORIENTED_EDGE('',*,*,#1115,.T.);
#1115 = EDGE_CURVE('',#1006,#1116,#1118,.T.);
#1116 = VERTEX_POINT('',#1117);
#1117 = CARTESIAN_POINT('',(95.650831969438,39.619871854011,
    366.70938400486));
#1118 = SEAM_CURVE('',#1119,(#1123,#1130),.PCURVE_S1.);
#1119 = LINE('',#1120,#1121);
#1120 = CARTESIAN_POINT('',(97.542304601595,40.403345471108,
    368.0773563027));
#1121 = VECTOR('',#1122,1.);
#1122 = DIRECTION('',(-0.768177756711,-0.318189645143,-0.55557023302));
#1123 = PCURVE('',#1043,#1124);
#1124 = DEFINITIONAL_REPRESENTATION('',(#1125),#1129);
#1125 = LINE('',#1126,#1127);
#1126 = CARTESIAN_POINT('',(0.,-0.));
#1127 = VECTOR('',#1128,1.);
#1128 = DIRECTION('',(0.,-1.));
#1129 = ( GEOMETRIC_REPRESENTATION_CONTEXT(2) 
PARAMETRIC_REPRESENTATION_CONTEXT() REPRESENTATION_CONTEXT('2D SPACE',''
  ) );
#1130 = PCURVE('',#1043,#1131);
#1131 = DEFINITIONAL_REPRESENTATION('',(#1132),#1136);
#1132 = LINE('',#1133,#1134);
#1133 = CARTESIAN_POINT('',(6.28318530718,-0.));
#1134 = VECTOR('',#1135,1.);
#1135 = DIRECTION('',(0.,-1.));
#1136 = ( GEOMETRIC_REPRESENTATION_CONTEXT(2) 
PARAMETRIC_REPRESENTATION_CONTEXT() REPRESENTATION_CONTEXT('2D SPACE',''
  ) );
#1137 = ORIENTED_EDGE('',*,*,#1138,.F.);
#1138 = EDGE_CURVE('',#1116,#1116,#1139,.T.);
#1139 = SURFACE_CURVE('',#1140,(#1145,#1152),.PCURVE_S1.);
#1140 = CIRCLE('',#1141,103.53171447519);
#1141 = AXIS2_PLACEMENT_3D('',#1142,#1143,#1144);
#1142 = CARTESIAN_POINT('',(0.,0.,366.70938400486));
#1143 = DIRECTION('',(0.,-0.,1.));
#1144 = DIRECTION('',(0.923879532511,0.382683432365,0.));
#1145 = PCURVE('',#1043,#1146);
#1146 = DEFINITIONAL_REPRESENTATION('',(#1147),#1151);
#1147 = LINE('',#1148,#1149);
#1148 = CARTESIAN_POINT('',(0.,-1.367972297839));
#1149 = VECTOR('',#1150,1.);
#1150 = DIRECTION('',(1.,-0.));
#1151 = ( GEOMETRIC_REPRESENTATION_CONTEXT(2) 
PARAMETRIC_REPRESENTATION_CONTEXT() REPRESENTATION_CONTEXT('2D SPACE',''
  ) );
#1152 = PCURVE('',#1153,#1158);
#1153 = CONICAL_SURFACE('',#1154,103.53171447519,0.785398163397);
#1154 = AXIS2_PLACEMENT_3D('',#1155,#1156,#1157);
#1155 = CARTESIAN_POINT('',(0.,0.,366.70938400486));
#1156 = DIRECTION('',(-0.,0.,1.));
#1157 = DIRECTION('',(0.923879532511,0.382683432365,0.));
#1158 = DEFINITIONAL_REPRESENTATION('',(#1159),#1163);
#1159 = LINE('',#1160,#1161);
#1160 = CARTESIAN_POINT('',(0.,-0.));
#1161 = VECTOR('',#1162,1.);
#1162 = DIRECTION('',(1.,-0.));
#1163 = ( GEOMETRIC_REPRESENTATION_CONTEXT(2) 
PARAMETRIC_REPRESENTATION_CONTEXT() REPRESENTATION_CONTEXT('2D SPACE',''
  ) );
#1164 = ORIENTED_EDGE('',*,*,#1115,.F.);
#1165 = ADVANCED_FACE('',(#1166),#1076,.F.);
#1166 = FACE_BOUND('',#1167,.T.);
#1167 = EDGE_LOOP('',(#1168,#1197,#1218,#1219));
#1168 = ORIENTED_EDGE('',*,*,#1169,.T.);
#1169 = EDGE_CURVE('',#1170,#1170,#1172,.T.);
#1170 = VERTEX_POINT('',#1171);
#1171 = CARTESIAN_POINT('',(97.542304601595,40.403345471108,
    345.92264369729));
#1172 = SURFACE_CURVE('',#1173,(#1178,#1185),.PCURVE_S1.);
#1173 = CIRCLE('',#1174,105.57902969931);
#1174 = AXIS2_PLACEMENT_3D('',#1175,#1176,#1177);
#1175 = CARTESIAN_POINT('',(0.,0.,345.92264369729));
#1176 = DIRECTION('',(0.,-0.,1.));
#1177 = DIRECTION('',(0.923879532511,0.382683432365,0.));
#1178 = PCURVE('',#1076,#1179);
#1179 = DEFINITIONAL_REPRESENTATION('',(#1180),#1184);
#1180 = LINE('',#1181,#1182);
#1181 = CARTESIAN_POINT('',(-0.,0.));
#1182 = VECTOR('',#1183,1.);
#1183 = DIRECTION('',(-1.,0.));
#1184 = ( GEOMETRIC_REPRESENTATION_CONTEXT(2) 
PARAMETRIC_REPRESENTATION_CONTEXT() REPRESENTATION_CONTEXT('2D SPACE',''
  ) );
#1185 = PCURVE('',#1186,#1191);
#1186 = CONICAL_SURFACE('',#1187,103.53171447519,0.981747704247);
#1187 = AXIS2_PLACEMENT_3D('',#1188,#1189,#1190);
#1188 = CARTESIAN_POINT('',(0.,0.,347.29061599513));
#1189 = DIRECTION('',(0.,-0.,-1.));
#1190 = DIRECTION('',(0.923879532511,0.382683432365,0.));
#1191 = DEFINITIONAL_REPRESENTATION('',(#1192),#1196);
#1192 = LINE('',#1193,#1194);
#1193 = CARTESIAN_POINT('',(-0.,1.367972297839));
#1194 = VECTOR('',#1195,1.);
#1195 = DIRECTION('',(-1.,0.));
#1196 = ( GEOMETRIC_REPRESENTATION_CONTEXT(2) 
PARAMETRIC_REPRESENTATION_CONTEXT() REPRESENTATION_CONTEXT('2D SPACE',''
  ) );
#1197 = ORIENTED_EDGE('',*,*,#1198,.T.);
#1198 = EDGE_CURVE('',#1170,#1060,#1199,.T.);
#1199 = SEAM_CURVE('',#1200,(#1204,#1211),.PCURVE_S1.);
#1200 = LINE('',#1201,#1202);
#1201 = CARTESIAN_POINT('',(97.542304601595,40.403345471108,
    345.92264369729));
#1202 = VECTOR('',#1203,1.);
#1203 = DIRECTION('',(0.853553390593,0.353553390593,-0.382683432365));
#1204 = PCURVE('',#1076,#1205);
#1205 = DEFINITIONAL_REPRESENTATION('',(#1206),#1210);
#1206 = LINE('',#1207,#1208);
#1207 = CARTESIAN_POINT('',(-0.,0.));
#1208 = VECTOR('',#1209,1.);
#1209 = DIRECTION('',(-0.,1.));
#1210 = ( GEOMETRIC_REPRESENTATION_CONTEXT(2) 
PARAMETRIC_REPRESENTATION_CONTEXT() REPRESENTATION_CONTEXT('2D SPACE',''
  ) );
#1211 = PCURVE('',#1076,#1212);
#1212 = DEFINITIONAL_REPRESENTATION('',(#1213),#1217);
#1213 = LINE('',#1214,#1215);
#1214 = CARTESIAN_POINT('',(-6.28318530718,0.));
#1215 = VECTOR('',#1216,1.);
#1216 = DIRECTION('',(-0.,1.));
#1217 = ( GEOMETRIC_REPRESENTATION_CONTEXT(2) 
PARAMETRIC_REPRESENTATION_CONTEXT() REPRESENTATION_CONTEXT('2D SPACE',''
  ) );
#1218 = ORIENTED_EDGE('',*,*,#1059,.F.);
#1219 = ORIENTED_EDGE('',*,*,#1198,.F.);
#1220 = ADVANCED_FACE('',(#1221),#1153,.F.);
#1221 = FACE_BOUND('',#1222,.T.);
#1222 = EDGE_LOOP('',(#1223,#1224,#1247,#1274));
#1223 = ORIENTED_EDGE('',*,*,#1138,.T.);
#1224 = ORIENTED_EDGE('',*,*,#1225,.T.);
#1225 = EDGE_CURVE('',#1116,#1226,#1228,.T.);
#1226 = VERTEX_POINT('',#1227);
#1227 = CARTESIAN_POINT('',(94.042266719624,38.953582311576,
    364.9682855248));
#1228 = SEAM_CURVE('',#1229,(#1233,#1240),.PCURVE_S1.);
#1229 = LINE('',#1230,#1231);
#1230 = CARTESIAN_POINT('',(95.650831969438,39.619871854011,
    366.70938400486));
#1231 = VECTOR('',#1232,1.);
#1232 = DIRECTION('',(-0.653281482438,-0.270598050073,-0.707106781187));
#1233 = PCURVE('',#1153,#1234);
#1234 = DEFINITIONAL_REPRESENTATION('',(#1235),#1239);
#1235 = LINE('',#1236,#1237);
#1236 = CARTESIAN_POINT('',(0.,-0.));
#1237 = VECTOR('',#1238,1.);
#1238 = DIRECTION('',(0.,-1.));
#1239 = ( GEOMETRIC_REPRESENTATION_CONTEXT(2) 
PARAMETRIC_REPRESENTATION_CONTEXT() REPRESENTATION_CONTEXT('2D SPACE',''
  ) );
#1240 = PCURVE('',#1153,#1241);
#1241 = DEFINITIONAL_REPRESENTATION('',(#1242),#1246);
#1242 = LINE('',#1243,#1244);
#1243 = CARTESIAN_POINT('',(6.28318530718,-0.));
#1244 = VECTOR('',#1245,1.);
#1245 = DIRECTION('',(0.,-1.));
#1246 = ( GEOMETRIC_REPRESENTATION_CONTEXT(2) 
PARAMETRIC_REPRESENTATION_CONTEXT() REPRESENTATION_CONTEXT('2D SPACE',''
  ) );
#1247 = ORIENTED_EDGE('',*,*,#1248,.F.);
#1248 = EDGE_CURVE('',#1226,#1226,#1249,.T.);
#1249 = SURFACE_CURVE('',#1250,(#1255,#1262),.PCURVE_S1.);
#1250 = CIRCLE('',#1251,101.79061599513);
#1251 = AXIS2_PLACEMENT_3D('',#1252,#1253,#1254);
#1252 = CARTESIAN_POINT('',(0.,0.,364.9682855248));
#1253 = DIRECTION('',(0.,-0.,1.));
#1254 = DIRECTION('',(0.923879532511,0.382683432365,0.));
#1255 = PCURVE('',#1153,#1256);
#1256 = DEFINITIONAL_REPRESENTATION('',(#1257),#1261);
#1257 = LINE('',#1258,#1259);
#1258 = CARTESIAN_POINT('',(0.,-1.741098480061));
#1259 = VECTOR('',#1260,1.);
#1260 = DIRECTION('',(1.,-0.));
#1261 = ( GEOMETRIC_REPRESENTATION_CONTEXT(2) 
PARAMETRIC_REPRESENTATION_CONTEXT() REPRESENTATION_CONTEXT('2D SPACE',''
  ) );
#1262 = PCURVE('',#1263,#1268);
#1263 = CONICAL_SURFACE('',#1264,101.79061599513,0.589048622548);
#1264 = AXIS2_PLACEMENT_3D('',#1265,#1266,#1267);
#1265 = CARTESIAN_POINT('',(0.,0.,364.9682855248));
#1266 = DIRECTION('',(-0.,0.,1.));
#1267 = DIRECTION('',(0.923879532511,0.382683432365,0.));
#1268 = DEFINITIONAL_REPRESENTATION('',(#1269),#1273);
#1269 = LINE('',#1270,#1271);
#1270 = CARTESIAN_POINT('',(0.,-0.));
#1271 = VECTOR('',#1272,1.);
#1272 = DIRECTION('',(1.,-0.));
#1273 = ( GEOMETRIC_REPRESENTATION_CONTEXT(2) 
PARAMETRIC_REPRESENTATION_CONTEXT() REPRESENTATION_CONTEXT('2D SPACE',''
  ) );
#1274 = ORIENTED_EDGE('',*,*,#1225,.F.);
#1275 = ADVANCED_FACE('',(#1276),#1186,.F.);
#1276 = FACE_BOUND('',#1277,.T.);
#1277 = EDGE_LOOP('',(#1278,#1307,#1328,#1329));
#1278 = ORIENTED_EDGE('',*,*,#1279,.T.);
#1279 = EDGE_CURVE('',#1280,#1280,#1282,.T.);
#1280 = VERTEX_POINT('',#1281);
#1281 = CARTESIAN_POINT('',(95.650831969438,39.619871854011,
    347.29061599513));
#1282 = SURFACE_CURVE('',#1283,(#1288,#1295),.PCURVE_S1.);
#1283 = CIRCLE('',#1284,103.53171447519);
#1284 = AXIS2_PLACEMENT_3D('',#1285,#1286,#1287);
#1285 = CARTESIAN_POINT('',(0.,0.,347.29061599513));
#1286 = DIRECTION('',(0.,-0.,1.));
#1287 = DIRECTION('',(0.923879532511,0.382683432365,0.));
#1288 = PCURVE('',#1186,#1289);
#1289 = DEFINITIONAL_REPRESENTATION('',(#1290),#1294);
#1290 = LINE('',#1291,#1292);
#1291 = CARTESIAN_POINT('',(-0.,0.));
#1292 = VECTOR('',#1293,1.);
#1293 = DIRECTION('',(-1.,0.));
#1294 = ( GEOMETRIC_REPRESENTATION_CONTEXT(2) 
PARAMETRIC_REPRESENTATION_CONTEXT() REPRESENTATION_CONTEXT('2D SPACE',''
  ) );
#1295 = PCURVE('',#1296,#1301);
#1296 = CONICAL_SURFACE('',#1297,101.79061599513,0.785398163397);
#1297 = AXIS2_PLACEMENT_3D('',#1298,#1299,#1300);
#1298 = CARTESIAN_POINT('',(0.,0.,349.03171447519));
#1299 = DIRECTION('',(0.,-0.,-1.));
#1300 = DIRECTION('',(0.923879532511,0.382683432365,0.));
#1301 = DEFINITIONAL_REPRESENTATION('',(#1302),#1306);
#1302 = LINE('',#1303,#1304);
#1303 = CARTESIAN_POINT('',(-0.,1.741098480061));
#1304 = VECTOR('',#1305,1.);
#1305 = DIRECTION('',(-1.,0.));
#1306 = ( GEOMETRIC_REPRESENTATION_CONTEXT(2) 
PARAMETRIC_REPRESENTATION_CONTEXT() REPRESENTATION_CONTEXT('2D SPACE',''
  ) );
#1307 = ORIENTED_EDGE('',*,*,#1308,.T.);
#1308 = EDGE_CURVE('',#1280,#1170,#1309,.T.);
#1309 = SEAM_CURVE('',#1310,(#1314,#1321),.PCURVE_S1.);
#1310 = LINE('',#1311,#1312);
#1311 = CARTESIAN_POINT('',(95.650831969438,39.619871854011,
    347.29061599513));
#1312 = VECTOR('',#1313,1.);
#1313 = DIRECTION('',(0.768177756711,0.318189645143,-0.55557023302));
#1314 = PCURVE('',#1186,#1315);
#1315 = DEFINITIONAL_REPRESENTATION('',(#1316),#1320);
#1316 = LINE('',#1317,#1318);
#1317 = CARTESIAN_POINT('',(-0.,0.));
#1318 = VECTOR('',#1319,1.);
#1319 = DIRECTION('',(-0.,1.));
#1320 = ( GEOMETRIC_REPRESENTATION_CONTEXT(2) 
PARAMETRIC_REPRESENTATION_CONTEXT() REPRESENTATION_CONTEXT('2D SPACE',''
  ) );
#1321 = PCURVE('',#1186,#1322);
#1322 = DEFINITIONAL_REPRESENTATION('',(#1323),#1327);
#1323 = LINE('',#1324,#1325);
#1324 = CARTESIAN_POINT('',(-6.28318530718,0.));
#1325 = VECTOR('',#1326,1.);
#1326 = DIRECTION('',(-0.,1.));
#1327 = ( GEOMETRIC_REPRESENTATION_CONTEXT(2) 
PARAMETRIC_REPRESENTATION_CONTEXT() REPRESENTATION_CONTEXT('2D SPACE',''
  ) );
#1328 = ORIENTED_EDGE('',*,*,#1169,.F.);
#1329 = ORIENTED_EDGE('',*,*,#1308,.F.);
#1330 = ADVANCED_FACE('',(#1331),#1263,.F.);
#1331 = FACE_BOUND('',#1332,.T.);
#1332 = EDGE_LOOP('',(#1333,#1334,#1357,#1385,#1515,#1543,#1673,#1701,
    #1831,#1859,#1989,#2010));
#1333 = ORIENTED_EDGE('',*,*,#1248,.T.);
#1334 = ORIENTED_EDGE('',*,*,#1335,.T.);
#1335 = EDGE_CURVE('',#1226,#1336,#1338,.T.);
#1336 = VERTEX_POINT('',#1337);
#1337 = CARTESIAN_POINT('',(92.778425112608,38.430081977259,
    362.92097030068));
#1338 = SEAM_CURVE('',#1339,(#1343,#1350),.PCURVE_S1.);
#1339 = LINE('',#1340,#1341);
#1340 = CARTESIAN_POINT('',(94.042266719624,38.953582311576,
    364.9682855248));
#1341 = VECTOR('',#1342,1.);
#1342 = DIRECTION('',(-0.513279967159,-0.212607523692,-0.831469612303));
#1343 = PCURVE('',#1263,#1344);
#1344 = DEFINITIONAL_REPRESENTATION('',(#1345),#1349);
#1345 = LINE('',#1346,#1347);
#1346 = CARTESIAN_POINT('',(0.,-0.));
#1347 = VECTOR('',#1348,1.);
#1348 = DIRECTION('',(0.,-1.));
#1349 = ( GEOMETRIC_REPRESENTATION_CONTEXT(2) 
PARAMETRIC_REPRESENTATION_CONTEXT() REPRESENTATION_CONTEXT('2D SPACE',''
  ) );
#1350 = PCURVE('',#1263,#1351);
#1351 = DEFINITIONAL_REPRESENTATION('',(#1352),#1356);
#1352 = LINE('',#1353,#1354);
#1353 = CARTESIAN_POINT('',(6.28318530718,-0.));
#1354 = VECTOR('',#1355,1.);
#1355 = DIRECTION('',(0.,-1.));
#1356 = ( GEOMETRIC_REPRESENTATION_CONTEXT(2) 
PARAMETRIC_REPRESENTATION_CONTEXT() REPRESENTATION_CONTEXT('2D SPACE',''
  ) );
#1357 = ORIENTED_EDGE('',*,*,#1358,.F.);
#1358 = EDGE_CURVE('',#1359,#1336,#1361,.T.);
#1359 = VERTEX_POINT('',#1360);
#1360 = CARTESIAN_POINT('',(100.38682810237,2.681811085507,
    362.92097030068));
#1361 = SURFACE_CURVE('',#1362,(#1367,#1374),.PCURVE_S1.);
#1362 = CIRCLE('',#1363,100.42264369729);
#1363 = AXIS2_PLACEMENT_3D('',#1364,#1365,#1366);
#1364 = CARTESIAN_POINT('',(0.,0.,362.92097030068));
#1365 = DIRECTION('',(0.,-0.,1.));
#1366 = DIRECTION('',(0.923879532511,0.382683432365,0.));
#1367 = PCURVE('',#1263,#1368);
#1368 = DEFINITIONAL_REPRESENTATION('',(#1369),#1373);
#1369 = LINE('',#1370,#1371);
#1370 = CARTESIAN_POINT('',(0.,-2.047315224113));
#1371 = VECTOR('',#1372,1.);
#1372 = DIRECTION('',(1.,-0.));
#1373 = ( GEOMETRIC_REPRESENTATION_CONTEXT(2) 
PARAMETRIC_REPRESENTATION_CONTEXT() REPRESENTATION_CONTEXT('2D SPACE',''
  ) );
#1374 = PCURVE('',#1375,#1380);
#1375 = CONICAL_SURFACE('',#1376,100.42264369729,0.392699081699);
#1376 = AXIS2_PLACEMENT_3D('',#1377,#1378,#1379);
#1377 = CARTESIAN_POINT('',(0.,0.,362.92097030068));
#1378 = DIRECTION('',(-0.,0.,1.));
#1379 = DIRECTION('',(0.923879532511,0.382683432365,0.));
#1380 = DEFINITIONAL_REPRESENTATION('',(#1381),#1384);
#1381 = B_SPLINE_CURVE_WITH_KNOTS('',1,(#1382,#1383),.UNSPECIFIED.,.F.,
  .F.,(2,2),(5.917194643559,6.28318530718),.PIECEWISE_BEZIER_KNOTS.);
#1382 = CARTESIAN_POINT('',(5.917194643559,0.));
#1383 = CARTESIAN_POINT('',(6.28318530718,0.));
#1384 = ( GEOMETRIC_REPRESENTATION_CONTEXT(2) 
PARAMETRIC_REPRESENTATION_CONTEXT() REPRESENTATION_CONTEXT('2D SPACE',''
  ) );
#1385 = ORIENTED_EDGE('',*,*,#1386,.T.);
#1386 = EDGE_CURVE('',#1359,#1387,#1389,.T.);
#1387 = VERTEX_POINT('',#1388);
#1388 = CARTESIAN_POINT('',(100.38682810237,-2.681811085508,
    362.92097030068));
#1389 = SURFACE_CURVE('',#1390,(#1428,#1469),.PCURVE_S1.);
#1390 = B_SPLINE_CURVE_WITH_KNOTS('',6,(#1391,#1392,#1393,#1394,#1395,
    #1396,#1397,#1398,#1399,#1400,#1401,#1402,#1403,#1404,#1405,#1406,
    #1407,#1408,#1409,#1410,#1411,#1412,#1413,#1414,#1415,#1416,#1417,
    #1418,#1419,#1420,#1421,#1422,#1423,#1424,#1425,#1426,#1427),
  .UNSPECIFIED.,.F.,.F.,(7,5,5,5,5,5,5,7),(0.,0.205277726629,
    0.306084611362,0.499896836913,0.632868320657,0.694321736123,
    0.79514151415,1.),.UNSPECIFIED.);
#1391 = CARTESIAN_POINT('',(100.38682810237,2.681811085508,
    362.92097030069));
#1392 = CARTESIAN_POINT('',(100.43773751318,2.527289083353,
    362.99095862984));
#1393 = CARTESIAN_POINT('',(100.48620675308,2.367460908521,
    363.05751845922));
#1394 = CARTESIAN_POINT('',(100.53193887072,2.202223625227,
    363.12025528824));
#1395 = CARTESIAN_POINT('',(100.5745776986,2.031577203668,
    363.17869477739));
#1396 = CARTESIAN_POINT('',(100.6137227808,1.855650751266,
    363.23230353796));
#1397 = CARTESIAN_POINT('',(100.66627461395,1.585933163444,
    363.30422618514));
#1398 = CARTESIAN_POINT('',(100.68264081511,1.495910493843,
    363.32661667826));
#1399 = CARTESIAN_POINT('',(100.69801691735,1.404736445008,
    363.34764548309));
#1400 = CARTESIAN_POINT('',(100.7123536985,1.312465526636,
    363.36724695254));
#1401 = CARTESIAN_POINT('',(100.72560330891,1.219167008008,
    363.38535725261));
#1402 = CARTESIAN_POINT('',(100.76101903481,0.943739741926,
    363.43375455619));
#1403 = CARTESIAN_POINT('',(100.78013871127,0.759029083619,
    363.45986746053));
#1404 = CARTESIAN_POINT('',(100.79475139776,0.571478873825,
    363.47981656176));
#1405 = CARTESIAN_POINT('',(100.80459700471,0.381900102128,
    363.49325469419));
#1406 = CARTESIAN_POINT('',(100.80952561366,0.191244902211,
    363.49998176575));
#1407 = CARTESIAN_POINT('',(100.80954810218,-0.130163447723,
    363.50001246024));
#1408 = CARTESIAN_POINT('',(100.80724368426,-0.260955145945,
    363.49686716545));
#1409 = CARTESIAN_POINT('',(100.80262528534,-0.391409315489,
    363.49056354723));
#1410 = CARTESIAN_POINT('',(100.79572516152,-0.521206018365,
    363.48114466828));
#1411 = CARTESIAN_POINT('',(100.78660330964,-0.650049262625,
    363.46869062897));
#1412 = CARTESIAN_POINT('',(100.77013832007,-0.836644484396,
    363.44620469726));
#1413 = CARTESIAN_POINT('',(100.76447708192,-0.895362687498,
    363.43847250242));
#1414 = CARTESIAN_POINT('',(100.75836695833,-0.953794839411,
    363.43012627624));
#1415 = CARTESIAN_POINT('',(100.75181677827,-1.011917373918,
    363.42117780312));
#1416 = CARTESIAN_POINT('',(100.74483606647,-1.069708785474,
    363.41163979461));
#1417 = CARTESIAN_POINT('',(100.72529300859,-1.221386427458,
    363.38493313109));
#1418 = CARTESIAN_POINT('',(100.71201954663,-1.31467989229,
    363.36679013274));
#1419 = CARTESIAN_POINT('',(100.69765931369,-1.406944256597,
    363.34715648528));
#1420 = CARTESIAN_POINT('',(100.68226020572,-1.498110401494,
    363.32609608429));
#1421 = CARTESIAN_POINT('',(100.66587147602,-1.588123966862,
    363.30367461813));
#1422 = CARTESIAN_POINT('',(100.61332931417,-1.857418241948,
    363.23176468787));
#1423 = CARTESIAN_POINT('',(100.5742348764,-2.032948784205,
    363.17822491424));
#1424 = CARTESIAN_POINT('',(100.5316631382,-2.203219702877,
    363.1198770284));
#1425 = CARTESIAN_POINT('',(100.48601194758,-2.368103229647,
    363.05725094449));
#1426 = CARTESIAN_POINT('',(100.43763520849,-2.527599602073,
    362.99081798523));
#1427 = CARTESIAN_POINT('',(100.38682810237,-2.681811085508,
    362.92097030068));
#1428 = PCURVE('',#1263,#1429);
#1429 = DEFINITIONAL_REPRESENTATION('',(#1430),#1468);
#1430 = B_SPLINE_CURVE_WITH_KNOTS('',6,(#1431,#1432,#1433,#1434,#1435,
    #1436,#1437,#1438,#1439,#1440,#1441,#1442,#1443,#1444,#1445,#1446,
    #1447,#1448,#1449,#1450,#1451,#1452,#1453,#1454,#1455,#1456,#1457,
    #1458,#1459,#1460,#1461,#1462,#1463,#1464,#1465,#1466,#1467),
  .UNSPECIFIED.,.F.,.F.,(7,5,5,5,5,5,5,7),(0.,0.205277726629,
    0.306084611362,0.499896836913,0.632868320657,0.694321736123,
    0.79514151415,1.),.UNSPECIFIED.);
#1431 = CARTESIAN_POINT('',(5.917194643559,-2.047315224112));
#1432 = CARTESIAN_POINT('',(5.915642937345,-1.977326894955));
#1433 = CARTESIAN_POINT('',(5.91404079474,-1.910767065582));
#1434 = CARTESIAN_POINT('',(5.912387209527,-1.84803023656));
#1435 = CARTESIAN_POINT('',(5.910682168183,-1.789590747406));
#1436 = CARTESIAN_POINT('',(5.908926876021,-1.735981986835));
#1437 = CARTESIAN_POINT('',(5.906239147181,-1.664059339661));
#1438 = CARTESIAN_POINT('',(5.905342601612,-1.641668846537));
#1439 = CARTESIAN_POINT('',(5.90443508988,-1.620640041709));
#1440 = CARTESIAN_POINT('',(5.903517128754,-1.601038572252));
#1441 = CARTESIAN_POINT('',(5.902589376017,-1.582928272188));
#1442 = CARTESIAN_POINT('',(5.899851688925,-1.534530968606));
#1443 = CARTESIAN_POINT('',(5.898017130462,-1.508418064267));
#1444 = CARTESIAN_POINT('',(5.896155516677,-1.488468963039));
#1445 = CARTESIAN_POINT('',(5.8942745586,-1.475030830605));
#1446 = CARTESIAN_POINT('',(5.89238331681,-1.468303759043));
#1447 = CARTESIAN_POINT('',(5.889195043623,-1.468273064556));
#1448 = CARTESIAN_POINT('',(5.88789763017,-1.471418359347));
#1449 = CARTESIAN_POINT('',(5.886603438953,-1.477721977572));
#1450 = CARTESIAN_POINT('',(5.885315518014,-1.487140856519));
#1451 = CARTESIAN_POINT('',(5.884036686168,-1.499594895822));
#1452 = CARTESIAN_POINT('',(5.882183939693,-1.522080827538));
#1453 = CARTESIAN_POINT('',(5.881600810306,-1.529813022373));
#1454 = CARTESIAN_POINT('',(5.88102040787,-1.538159248552));
#1455 = CARTESIAN_POINT('',(5.880442956774,-1.547107721678));
#1456 = CARTESIAN_POINT('',(5.879868661692,-1.556645730187));
#1457 = CARTESIAN_POINT('',(5.878361006719,-1.583352393703));
#1458 = CARTESIAN_POINT('',(5.877433295924,-1.60149539206));
#1459 = CARTESIAN_POINT('',(5.876515391004,-1.62112903952));
#1460 = CARTESIAN_POINT('',(5.875607948302,-1.642189440506));
#1461 = CARTESIAN_POINT('',(5.874711483157,-1.664610906666));
#1462 = CARTESIAN_POINT('',(5.872027939846,-1.736520836925));
#1463 = CARTESIAN_POINT('',(5.870276578347,-1.790060610555));
#1464 = CARTESIAN_POINT('',(5.868575273316,-1.848408496397));
#1465 = CARTESIAN_POINT('',(5.866925217483,-1.911034580309));
#1466 = CARTESIAN_POINT('',(5.865326395395,-1.977467539564));
#1467 = CARTESIAN_POINT('',(5.863777807403,-2.047315224113));
#1468 = ( GEOMETRIC_REPRESENTATION_CONTEXT(2) 
PARAMETRIC_REPRESENTATION_CONTEXT() REPRESENTATION_CONTEXT('2D SPACE',''
  ) );
#1469 = PCURVE('',#1470,#1475);
#1470 = CYLINDRICAL_SURFACE('',#1471,6.5);
#1471 = AXIS2_PLACEMENT_3D('',#1472,#1473,#1474);
#1472 = CARTESIAN_POINT('',(20.,0.,357.));
#1473 = DIRECTION('',(1.,0.,0.));
#1474 = DIRECTION('',(0.,-0.601815023152,0.798635510047));
#1475 = DEFINITIONAL_REPRESENTATION('',(#1476),#1514);
#1476 = B_SPLINE_CURVE_WITH_KNOTS('',6,(#1477,#1478,#1479,#1480,#1481,
    #1482,#1483,#1484,#1485,#1486,#1487,#1488,#1489,#1490,#1491,#1492,
    #1493,#1494,#1495,#1496,#1497,#1498,#1499,#1500,#1501,#1502,#1503,
    #1504,#1505,#1506,#1507,#1508,#1509,#1510,#1511,#1512,#1513),
  .UNSPECIFIED.,.F.,.F.,(7,5,5,5,5,5,5,7),(0.,0.205277726629,
    0.306084611362,0.499896836913,0.632868320657,0.694321736123,
    0.79514151415,1.),.UNSPECIFIED.);
#1477 = CARTESIAN_POINT('',(5.212121996199,80.386828102378));
#1478 = CARTESIAN_POINT('',(5.23821940833,80.437737513184));
#1479 = CARTESIAN_POINT('',(5.264842806651,80.486206753086));
#1480 = CARTESIAN_POINT('',(5.292013599054,80.531938870727));
#1481 = CARTESIAN_POINT('',(5.319740025552,80.574577698604));
#1482 = CARTESIAN_POINT('',(5.348016824058,80.613722780809));
#1483 = CARTESIAN_POINT('',(5.390961798995,80.666274613955));
#1484 = CARTESIAN_POINT('',(5.40523137832,80.682640815114));
#1485 = CARTESIAN_POINT('',(5.419623221686,80.698016917357));
#1486 = CARTESIAN_POINT('',(5.434132186711,80.712353698506));
#1487 = CARTESIAN_POINT('',(5.448751406812,80.725603308912));
#1488 = CARTESIAN_POINT('',(5.491774031353,80.761019034815));
#1489 = CARTESIAN_POINT('',(5.52045759733,80.780138711278));
#1490 = CARTESIAN_POINT('',(5.549447827643,80.794751397765));
#1491 = CARTESIAN_POINT('',(5.578659594302,80.804597004715));
#1492 = CARTESIAN_POINT('',(5.60799119116,80.809525613661));
#1493 = CARTESIAN_POINT('',(5.657438629837,80.809548102181));
#1494 = CARTESIAN_POINT('',(5.677560377407,80.807243684262));
#1495 = CARTESIAN_POINT('',(5.697644835681,80.802625285341));
#1496 = CARTESIAN_POINT('',(5.717657398053,80.795725161529));
#1497 = CARTESIAN_POINT('',(5.73756629746,80.786603309647));
#1498 = CARTESIAN_POINT('',(5.766480941858,80.770138320079));
#1499 = CARTESIAN_POINT('',(5.775591944437,80.764477081926));
#1500 = CARTESIAN_POINT('',(5.784671935792,80.758366958332));
#1501 = CARTESIAN_POINT('',(5.79371842601,80.751816778276));
#1502 = CARTESIAN_POINT('',(5.802729168749,80.744836066472));
#1503 = CARTESIAN_POINT('',(5.826423151185,80.725293008598));
#1504 = CARTESIAN_POINT('',(5.841042567296,80.712019546633));
#1505 = CARTESIAN_POINT('',(5.855551575528,80.697659313697));
#1506 = CARTESIAN_POINT('',(5.86994332747,80.682260205726));
#1507 = CARTESIAN_POINT('',(5.884212698696,80.665871476029));
#1508 = CARTESIAN_POINT('',(5.927094245924,80.613329314171));
#1509 = CARTESIAN_POINT('',(5.955309802953,80.5742348764));
#1510 = CARTESIAN_POINT('',(5.982977163173,80.531663138207));
#1511 = CARTESIAN_POINT('',(6.010091157336,80.486011947584));
#1512 = CARTESIAN_POINT('',(6.036660003444,80.437635208496));
#1513 = CARTESIAN_POINT('',(6.062704971685,80.386828102377));
#1514 = ( GEOMETRIC_REPRESENTATION_CONTEXT(2) 
PARAMETRIC_REPRESENTATION_CONTEXT() REPRESENTATION_CONTEXT('2D SPACE',''
  ) );
#1515 = ORIENTED_EDGE('',*,*,#1516,.F.);
#1516 = EDGE_CURVE('',#1517,#1387,#1519,.T.);
#1517 = VERTEX_POINT('',#1518);
#1518 = CARTESIAN_POINT('',(2.681811085507,-100.3868281023,
    362.92097030068));
#1519 = SURFACE_CURVE('',#1520,(#1525,#1532),.PCURVE_S1.);
#1520 = CIRCLE('',#1521,100.42264369729);
#1521 = AXIS2_PLACEMENT_3D('',#1522,#1523,#1524);
#1522 = CARTESIAN_POINT('',(0.,0.,362.92097030068));
#1523 = DIRECTION('',(0.,-0.,1.));
#1524 = DIRECTION('',(0.923879532511,0.382683432365,0.));
#1525 = PCURVE('',#1263,#1526);
#1526 = DEFINITIONAL_REPRESENTATION('',(#1527),#1531);
#1527 = LINE('',#1528,#1529);
#1528 = CARTESIAN_POINT('',(0.,-2.047315224113));
#1529 = VECTOR('',#1530,1.);
#1530 = DIRECTION('',(1.,-0.));
#1531 = ( GEOMETRIC_REPRESENTATION_CONTEXT(2) 
PARAMETRIC_REPRESENTATION_CONTEXT() REPRESENTATION_CONTEXT('2D SPACE',''
  ) );
#1532 = PCURVE('',#1533,#1538);
#1533 = CONICAL_SURFACE('',#1534,100.42264369729,0.392699081699);
#1534 = AXIS2_PLACEMENT_3D('',#1535,#1536,#1537);
#1535 = CARTESIAN_POINT('',(0.,0.,362.92097030068));
#1536 = DIRECTION('',(-0.,0.,1.));
#1537 = DIRECTION('',(0.923879532511,0.382683432365,0.));
#1538 = DEFINITIONAL_REPRESENTATION('',(#1539),#1542);
#1539 = B_SPLINE_CURVE_WITH_KNOTS('',1,(#1540,#1541),.UNSPECIFIED.,.F.,
  .F.,(2,2),(0.,5.863777807403),.PIECEWISE_BEZIER_KNOTS.);
#1540 = CARTESIAN_POINT('',(6.28318530718,0.));
#1541 = CARTESIAN_POINT('',(12.146963114582,0.));
#1542 = ( GEOMETRIC_REPRESENTATION_CONTEXT(2) 
PARAMETRIC_REPRESENTATION_CONTEXT() REPRESENTATION_CONTEXT('2D SPACE',''
  ) );
#1543 = ORIENTED_EDGE('',*,*,#1544,.T.);
#1544 = EDGE_CURVE('',#1517,#1545,#1547,.T.);
#1545 = VERTEX_POINT('',#1546);
#1546 = CARTESIAN_POINT('',(-2.681811085507,-100.3868281023,
    362.92097030068));
#1547 = SURFACE_CURVE('',#1548,(#1586,#1627),.PCURVE_S1.);
#1548 = B_SPLINE_CURVE_WITH_KNOTS('',6,(#1549,#1550,#1551,#1552,#1553,
    #1554,#1555,#1556,#1557,#1558,#1559,#1560,#1561,#1562,#1563,#1564,
    #1565,#1566,#1567,#1568,#1569,#1570,#1571,#1572,#1573,#1574,#1575,
    #1576,#1577,#1578,#1579,#1580,#1581,#1582,#1583,#1584,#1585),
  .UNSPECIFIED.,.F.,.F.,(7,5,5,5,5,5,5,7),(0.,0.205185356494,
    0.305582712507,0.499484558758,0.633328520749,0.694870139943,
    0.795282236666,1.),.UNSPECIFIED.);
#1549 = CARTESIAN_POINT('',(2.681811085508,-100.3868281023,
    362.92097030069));
#1550 = CARTESIAN_POINT('',(2.527358638393,-100.4377145973,
    362.99092712597));
#1551 = CARTESIAN_POINT('',(2.367604788502,-100.4861631195,
    363.0574585399));
#1552 = CARTESIAN_POINT('',(2.202446750108,-100.5318771146,
    363.12017056921));
#1553 = CARTESIAN_POINT('',(2.031884446274,-100.5745009231,
    363.1785895512));
#1554 = CARTESIAN_POINT('',(1.856046683256,-100.613634674,
    363.23218287665));
#1555 = CARTESIAN_POINT('',(1.586787974931,-100.6661134046,
    363.30400559143));
#1556 = CARTESIAN_POINT('',(1.497141164562,-100.6824213968,
    363.3263165192));
#1557 = CARTESIAN_POINT('',(1.406351956328,-100.6977476932,
    363.34727729982));
#1558 = CARTESIAN_POINT('',(1.314474104392,-100.7120436704,
    363.36682308501));
#1559 = CARTESIAN_POINT('',(1.221575878507,-100.7252620434,
    363.3848907941));
#1560 = CARTESIAN_POINT('',(0.9465162364,-100.7607215338,363.43334820058
    ));
#1561 = CARTESIAN_POINT('',(0.761757432172,-100.7799055809,
    363.45954914678));
#1562 = CARTESIAN_POINT('',(0.574148685791,-100.7945812382,
    363.47958428465));
#1563 = CARTESIAN_POINT('',(0.384500726611,-100.8044873259,
    363.49310499403));
#1564 = CARTESIAN_POINT('',(0.193766184185,-100.8094727986,
    363.49990967881));
#1565 = CARTESIAN_POINT('',(-0.128588340748,-100.8095837626,
    363.50006113305));
#1566 = CARTESIAN_POINT('',(-0.260242494333,-100.8072850528,
    363.49692362895));
#1567 = CARTESIAN_POINT('',(-0.391556454121,-100.8026415911,
    363.49058581189));
#1568 = CARTESIAN_POINT('',(-0.522203913186,-100.7956862123,
    363.48109151667));
#1569 = CARTESIAN_POINT('',(-0.651883138889,-100.7864802221,
    363.46852259135));
#1570 = CARTESIAN_POINT('',(-0.839369282864,-100.7698794879,
    363.44585118621));
#1571 = CARTESIAN_POINT('',(-0.898160834864,-100.7641925771,
    363.43808389303));
#1572 = CARTESIAN_POINT('',(-0.956664753571,-100.7580557647,
    363.42970116938));
#1573 = CARTESIAN_POINT('',(-1.014857420226,-100.7514779359,
    363.42071487474));
#1574 = CARTESIAN_POINT('',(-1.072717290499,-100.7444686723,
    363.41113779651));
#1575 = CARTESIAN_POINT('',(-1.224055040161,-100.7249146819,
    363.38441601412));
#1576 = CARTESIAN_POINT('',(-1.31694762292,-100.7116697797,
    363.3663119352));
#1577 = CARTESIAN_POINT('',(-1.408818171775,-100.6973477167,
    363.34673035734));
#1578 = CARTESIAN_POINT('',(-1.499598582936,-100.6819958289,
    363.3257344289));
#1579 = CARTESIAN_POINT('',(-1.589235267236,-100.6656627739,
    363.30338904362));
#1580 = CARTESIAN_POINT('',(-1.858021165706,-100.6131950092,
    363.23158075734));
#1581 = CARTESIAN_POINT('',(-2.033416674833,-100.5741178794,
    363.1780645607));
#1582 = CARTESIAN_POINT('',(-2.203559513379,-100.531569049,
    363.11974795315));
#1583 = CARTESIAN_POINT('',(-2.368322367964,-100.485945479,
    363.05715966714));
#1584 = CARTESIAN_POINT('',(-2.527705546362,-100.4376003036,
    362.99076999942));
#1585 = CARTESIAN_POINT('',(-2.681811085507,-100.3868281023,
    362.92097030068));
#1586 = PCURVE('',#1263,#1587);
#1587 = DEFINITIONAL_REPRESENTATION('',(#1588),#1626);
#1588 = B_SPLINE_CURVE_WITH_KNOTS('',6,(#1589,#1590,#1591,#1592,#1593,
    #1594,#1595,#1596,#1597,#1598,#1599,#1600,#1601,#1602,#1603,#1604,
    #1605,#1606,#1607,#1608,#1609,#1610,#1611,#1612,#1613,#1614,#1615,
    #1616,#1617,#1618,#1619,#1620,#1621,#1622,#1623,#1624,#1625),
  .UNSPECIFIED.,.F.,.F.,(7,5,5,5,5,5,5,7),(0.,0.205185356494,
    0.305582712507,0.499484558758,0.633328520749,0.694870139943,
    0.795282236666,1.),.UNSPECIFIED.);
#1589 = CARTESIAN_POINT('',(4.346398316764,-2.047315224112));
#1590 = CARTESIAN_POINT('',(4.34484730902,-1.977358398824));
#1591 = CARTESIAN_POINT('',(4.343245910221,-1.910826984898));
#1592 = CARTESIAN_POINT('',(4.34159311562,-1.848114955584));
#1593 = CARTESIAN_POINT('',(4.339888911255,-1.789695973592));
#1594 = CARTESIAN_POINT('',(4.33813449961,-1.73610264815));
#1595 = CARTESIAN_POINT('',(4.335451336157,-1.664279933365));
#1596 = CARTESIAN_POINT('',(4.3345585294,-1.641969005602));
#1597 = CARTESIAN_POINT('',(4.333654842038,-1.621008224981));
#1598 = CARTESIAN_POINT('',(4.332740783673,-1.601462439791));
#1599 = CARTESIAN_POINT('',(4.331817002589,-1.583394730701));
#1600 = CARTESIAN_POINT('',(4.329082941533,-1.534937324213));
#1601 = CARTESIAN_POINT('',(4.327247890029,-1.508736378014));
#1602 = CARTESIAN_POINT('',(4.325385684218,-1.48870124015));
#1603 = CARTESIAN_POINT('',(4.323504032586,-1.475180530766));
#1604 = CARTESIAN_POINT('',(4.321612000394,-1.468375845989));
#1605 = CARTESIAN_POINT('',(4.318414341393,-1.468224391751));
#1606 = CARTESIAN_POINT('',(4.317108374218,-1.471361895851));
#1607 = CARTESIAN_POINT('',(4.3158056548,-1.477699712908));
#1608 = CARTESIAN_POINT('',(4.31450929182,-1.487194008125));
#1609 = CARTESIAN_POINT('',(4.313222158722,-1.499762933443));
#1610 = CARTESIAN_POINT('',(4.311360553799,-1.522434338588));
#1611 = CARTESIAN_POINT('',(4.310776691641,-1.530201631768));
#1612 = CARTESIAN_POINT('',(4.310195571509,-1.53858435542));
#1613 = CARTESIAN_POINT('',(4.30961741829,-1.547570650062));
#1614 = CARTESIAN_POINT('',(4.309042437022,-1.557147728289));
#1615 = CARTESIAN_POINT('',(4.307538143626,-1.583869510674));
#1616 = CARTESIAN_POINT('',(4.306614409392,-1.6019735896));
#1617 = CARTESIAN_POINT('',(4.30570041366,-1.621555167461));
#1618 = CARTESIAN_POINT('',(4.304796803124,-1.642551095892));
#1619 = CARTESIAN_POINT('',(4.303904085807,-1.664896481181));
#1620 = CARTESIAN_POINT('',(4.30122559735,-1.73670476746));
#1621 = CARTESIAN_POINT('',(4.299475576498,-1.7902209641));
#1622 = CARTESIAN_POINT('',(4.297775545896,-1.848537571645));
#1623 = CARTESIAN_POINT('',(4.296126694003,-1.911125857656));
#1624 = CARTESIAN_POINT('',(4.294529004711,-1.977515525376));
#1625 = CARTESIAN_POINT('',(4.292981480608,-2.047315224113));
#1626 = ( GEOMETRIC_REPRESENTATION_CONTEXT(2) 
PARAMETRIC_REPRESENTATION_CONTEXT() REPRESENTATION_CONTEXT('2D SPACE',''
  ) );
#1627 = PCURVE('',#1628,#1633);
#1628 = CYLINDRICAL_SURFACE('',#1629,6.5);
#1629 = AXIS2_PLACEMENT_3D('',#1630,#1631,#1632);
#1630 = CARTESIAN_POINT('',(0.,-20.,357.));
#1631 = DIRECTION('',(-1.836970198721E-16,-1.,-1.60237371373E-31));
#1632 = DIRECTION('',(-0.798635510047,1.467069631597E-16,-0.601815023152
    ));
#1633 = DEFINITIONAL_REPRESENTATION('',(#1634),#1672);
#1634 = B_SPLINE_CURVE_WITH_KNOTS('',6,(#1635,#1636,#1637,#1638,#1639,
    #1640,#1641,#1642,#1643,#1644,#1645,#1646,#1647,#1648,#1649,#1650,
    #1651,#1652,#1653,#1654,#1655,#1656,#1657,#1658,#1659,#1660,#1661,
    #1662,#1663,#1664,#1665,#1666,#1667,#1668,#1669,#1670,#1671),
  .UNSPECIFIED.,.F.,.F.,(7,5,5,5,5,5,5,7),(0.,0.205185356494,
    0.305582712507,0.499484558758,0.633328520749,0.694870139943,
    0.795282236666,1.),.UNSPECIFIED.);
#1635 = CARTESIAN_POINT('',(3.641325669404,80.386828102378));
#1636 = CARTESIAN_POINT('',(3.667411334298,80.437714597314));
#1637 = CARTESIAN_POINT('',(3.694022512975,80.486163119514));
#1638 = CARTESIAN_POINT('',(3.72118058248,80.531877114686));
#1639 = CARTESIAN_POINT('',(3.748893777957,80.574500923149));
#1640 = CARTESIAN_POINT('',(3.777156858232,80.61363467406));
#1641 = CARTESIAN_POINT('',(3.820029658776,80.666113404612));
#1642 = CARTESIAN_POINT('',(3.834240193504,80.682421396829));
#1643 = CARTESIAN_POINT('',(3.848572033267,80.697747693223));
#1644 = CARTESIAN_POINT('',(3.863020108909,80.712043670443));
#1645 = CARTESIAN_POINT('',(3.877577655618,80.725262043419));
#1646 = CARTESIAN_POINT('',(3.920546180485,80.76072153382));
#1647 = CARTESIAN_POINT('',(3.949238966197,80.779905580969));
#1648 = CARTESIAN_POINT('',(3.978239526917,80.794581238291));
#1649 = CARTESIAN_POINT('',(4.007462778816,80.804487325976));
#1650 = CARTESIAN_POINT('',(4.036806971709,80.80947279868));
#1651 = CARTESIAN_POINT('',(4.086399981018,80.809583762636));
#1652 = CARTESIAN_POINT('',(4.106654231078,80.807285052809));
#1653 = CARTESIAN_POINT('',(4.126870888294,80.802641591191));
#1654 = CARTESIAN_POINT('',(4.147014660741,80.795686212334));
#1655 = CARTESIAN_POINT('',(4.167053170249,80.786480222181));
#1656 = CARTESIAN_POINT('',(4.196107311423,80.769879487958));
#1657 = CARTESIAN_POINT('',(4.205230205459,80.764192577198));
#1658 = CARTESIAN_POINT('',(4.214321918608,80.758055764779));
#1659 = CARTESIAN_POINT('',(4.223379956051,80.75147793596));
#1660 = CARTESIAN_POINT('',(4.23240206815,80.744468672311));
#1661 = CARTESIAN_POINT('',(4.256044957733,80.724914681979));
#1662 = CARTESIAN_POINT('',(4.27060272134,80.711669779748));
#1663 = CARTESIAN_POINT('',(4.285050844862,80.697347716746));
#1664 = CARTESIAN_POINT('',(4.299382583544,80.681995828949));
#1665 = CARTESIAN_POINT('',(4.313592888038,80.665662773968));
#1666 = CARTESIAN_POINT('',(4.356394837116,80.613195009296));
#1667 = CARTESIAN_POINT('',(4.384589504724,80.574117879491));
#1668 = CARTESIAN_POINT('',(4.412236716478,80.531569049075));
#1669 = CARTESIAN_POINT('',(4.439331334662,80.485945479088));
#1670 = CARTESIAN_POINT('',(4.465881569712,80.437600303685));
#1671 = CARTESIAN_POINT('',(4.49190864489,80.386828102377));
#1672 = ( GEOMETRIC_REPRESENTATION_CONTEXT(2) 
PARAMETRIC_REPRESENTATION_CONTEXT() REPRESENTATION_CONTEXT('2D SPACE',''
  ) );
#1673 = ORIENTED_EDGE('',*,*,#1674,.F.);
#1674 = EDGE_CURVE('',#1675,#1545,#1677,.T.);
#1675 = VERTEX_POINT('',#1676);
#1676 = CARTESIAN_POINT('',(-100.3868281023,-2.681811085507,
    362.92097030068));
#1677 = SURFACE_CURVE('',#1678,(#1683,#1690),.PCURVE_S1.);
#1678 = CIRCLE('',#1679,100.42264369729);
#1679 = AXIS2_PLACEMENT_3D('',#1680,#1681,#1682);
#1680 = CARTESIAN_POINT('',(0.,0.,362.92097030068));
#1681 = DIRECTION('',(0.,-0.,1.));
#1682 = DIRECTION('',(0.923879532511,0.382683432365,0.));
#1683 = PCURVE('',#1263,#1684);
#1684 = DEFINITIONAL_REPRESENTATION('',(#1685),#1689);
#1685 = LINE('',#1686,#1687);
#1686 = CARTESIAN_POINT('',(0.,-2.047315224113));
#1687 = VECTOR('',#1688,1.);
#1688 = DIRECTION('',(1.,-0.));
#1689 = ( GEOMETRIC_REPRESENTATION_CONTEXT(2) 
PARAMETRIC_REPRESENTATION_CONTEXT() REPRESENTATION_CONTEXT('2D SPACE',''
  ) );
#1690 = PCURVE('',#1691,#1696);
#1691 = CONICAL_SURFACE('',#1692,100.42264369729,0.392699081699);
#1692 = AXIS2_PLACEMENT_3D('',#1693,#1694,#1695);
#1693 = CARTESIAN_POINT('',(0.,0.,362.92097030068));
#1694 = DIRECTION('',(-0.,0.,1.));
#1695 = DIRECTION('',(0.923879532511,0.382683432365,0.));
#1696 = DEFINITIONAL_REPRESENTATION('',(#1697),#1700);
#1697 = B_SPLINE_CURVE_WITH_KNOTS('',1,(#1698,#1699),.UNSPECIFIED.,.F.,
  .F.,(2,2),(0.,5.863777807403),.PIECEWISE_BEZIER_KNOTS.);
#1698 = CARTESIAN_POINT('',(6.28318530718,0.));
#1699 = CARTESIAN_POINT('',(12.146963114582,0.));
#1700 = ( GEOMETRIC_REPRESENTATION_CONTEXT(2) 
PARAMETRIC_REPRESENTATION_CONTEXT() REPRESENTATION_CONTEXT('2D SPACE',''
  ) );
#1701 = ORIENTED_EDGE('',*,*,#1702,.T.);
#1702 = EDGE_CURVE('',#1675,#1703,#1705,.T.);
#1703 = VERTEX_POINT('',#1704);
#1704 = CARTESIAN_POINT('',(-100.3868281023,2.681811085507,
    362.92097030068));
#1705 = SURFACE_CURVE('',#1706,(#1744,#1785),.PCURVE_S1.);
#1706 = B_SPLINE_CURVE_WITH_KNOTS('',6,(#1707,#1708,#1709,#1710,#1711,
    #1712,#1713,#1714,#1715,#1716,#1717,#1718,#1719,#1720,#1721,#1722,
    #1723,#1724,#1725,#1726,#1727,#1728,#1729,#1730,#1731,#1732,#1733,
    #1734,#1735,#1736,#1737,#1738,#1739,#1740,#1741,#1742,#1743),
  .UNSPECIFIED.,.F.,.F.,(7,5,5,5,5,5,5,7),(0.,0.206418149816,
    0.307789162644,0.498924845232,0.630908096632,0.693304661689,
    0.794716998098,1.),.UNSPECIFIED.);
#1707 = CARTESIAN_POINT('',(-100.3868281023,-2.681811085508,
    362.92097030069));
#1708 = CARTESIAN_POINT('',(-100.4380204097,-2.526430426057,
    362.99134754526));
#1709 = CARTESIAN_POINT('',(-100.4867453359,-2.365684509278,
    363.0582580595));
#1710 = CARTESIAN_POINT('',(-100.5327009985,-2.199468527647,
    363.12130079416));
#1711 = CARTESIAN_POINT('',(-100.5755249174,-2.027783038534,
    363.17999299625));
#1712 = CARTESIAN_POINT('',(-100.6148093612,-1.850760904966,
    363.23379158369));
#1713 = CARTESIAN_POINT('',(-100.6674911523,-1.579334777697,
    363.30589065529));
#1714 = CARTESIAN_POINT('',(-100.6838878292,-1.488735472443,
    363.32832236942));
#1715 = CARTESIAN_POINT('',(-100.6992807708,-1.396974452215,
    363.34937374623));
#1716 = CARTESIAN_POINT('',(-100.7136199409,-1.304107726098,
    363.36897805222));
#1717 = CARTESIAN_POINT('',(-100.7268567656,-1.210206429689,
    363.38707048633));
#1718 = CARTESIAN_POINT('',(-100.7617405551,-0.936522889808,
    363.434739887));
#1719 = CARTESIAN_POINT('',(-100.7804603744,-0.754282574503,
    363.460306484));
#1720 = CARTESIAN_POINT('',(-100.7947918143,-0.569297667354,
    363.4798716589));
#1721 = CARTESIAN_POINT('',(-100.8044868844,-0.382348223966,
    363.49310439333));
#1722 = CARTESIAN_POINT('',(-100.8094020064,-0.194347736562,
    363.49981305474));
#1723 = CARTESIAN_POINT('',(-100.809629702,0.123455671883,363.5001238356
    ));
#1724 = CARTESIAN_POINT('',(-100.807443416,0.253284509296,
    363.49713977833));
#1725 = CARTESIAN_POINT('',(-100.8029767594,0.38279289997,
    363.49104329111));
#1726 = CARTESIAN_POINT('',(-100.7962603698,0.511667452885,
    363.48187527589));
#1727 = CARTESIAN_POINT('',(-100.7873519396,0.639617579305,
    363.46971275705));
#1728 = CARTESIAN_POINT('',(-100.7711215447,0.826300169191,
    363.44754757625));
#1729 = CARTESIAN_POINT('',(-100.7654393294,0.885960794924,
    363.43978686108));
#1730 = CARTESIAN_POINT('',(-100.7592933358,0.94532929491,
    363.43139177607));
#1731 = CARTESIAN_POINT('',(-100.7526927408,1.004380830297,
    363.42237456995));
#1732 = CARTESIAN_POINT('',(-100.7456474714,1.063092745029,
    363.41274849134));
#1733 = CARTESIAN_POINT('',(-100.7260122488,1.216283031356,
    363.38591621199));
#1734 = CARTESIAN_POINT('',(-100.7127097091,1.310170540297,
    363.36773369314));
#1735 = CARTESIAN_POINT('',(-100.6983059273,1.403019307518,
    363.34804073855));
#1736 = CARTESIAN_POINT('',(-100.6828496078,1.494758616332,
    363.32690232254));
#1737 = CARTESIAN_POINT('',(-100.6663908745,1.58533287484,
    363.30438529484));
#1738 = CARTESIAN_POINT('',(-100.6137341627,1.855599601099,
    363.23231912535));
#1739 = CARTESIAN_POINT('',(-100.5745876123,2.031537530156,
    363.17870836487));
#1740 = CARTESIAN_POINT('',(-100.5319468414,2.2021948278,363.12026622277
    ));
#1741 = CARTESIAN_POINT('',(-100.4862123812,2.367442350955,
    363.05752618805));
#1742 = CARTESIAN_POINT('',(-100.437740466,2.527280120641,
    362.99096268936));
#1743 = CARTESIAN_POINT('',(-100.3868281023,2.681811085507,
    362.92097030068));
#1744 = PCURVE('',#1263,#1745);
#1745 = DEFINITIONAL_REPRESENTATION('',(#1746),#1784);
#1746 = B_SPLINE_CURVE_WITH_KNOTS('',6,(#1747,#1748,#1749,#1750,#1751,
    #1752,#1753,#1754,#1755,#1756,#1757,#1758,#1759,#1760,#1761,#1762,
    #1763,#1764,#1765,#1766,#1767,#1768,#1769,#1770,#1771,#1772,#1773,
    #1774,#1775,#1776,#1777,#1778,#1779,#1780,#1781,#1782,#1783),
  .UNSPECIFIED.,.F.,.F.,(7,5,5,5,5,5,5,7),(0.,0.206418149816,
    0.307789162644,0.498924845232,0.630908096632,0.693304661689,
    0.794716998098,1.),.UNSPECIFIED.);
#1747 = CARTESIAN_POINT('',(2.775601989969,-2.047315224112));
#1748 = CARTESIAN_POINT('',(2.774041661139,-1.976937979534));
#1749 = CARTESIAN_POINT('',(2.772430334334,-1.910027465293));
#1750 = CARTESIAN_POINT('',(2.77076698499,-1.846984730642));
#1751 = CARTESIAN_POINT('',(2.769051605057,-1.788292528547));
#1752 = CARTESIAN_POINT('',(2.767285435132,-1.734493941108));
#1753 = CARTESIAN_POINT('',(2.764580771876,-1.662394869506));
#1754 = CARTESIAN_POINT('',(2.763678515136,-1.639963155372));
#1755 = CARTESIAN_POINT('',(2.762765193672,-1.618911778567));
#1756 = CARTESIAN_POINT('',(2.761841338504,-1.599307472572));
#1757 = CARTESIAN_POINT('',(2.760907625178,-1.581215038463));
#1758 = CARTESIAN_POINT('',(2.758187364708,-1.533545637797));
#1759 = CARTESIAN_POINT('',(2.756377374582,-1.507979040795));
#1760 = CARTESIAN_POINT('',(2.75454123326,-1.4884138659));
#1761 = CARTESIAN_POINT('',(2.752686358133,-1.475181131462));
#1762 = CARTESIAN_POINT('',(2.750821442514,-1.468472470054));
#1763 = CARTESIAN_POINT('',(2.747668929052,-1.468161689192));
#1764 = CARTESIAN_POINT('',(2.746381070427,-1.471145746469));
#1765 = CARTESIAN_POINT('',(2.745096271025,-1.47724223369));
#1766 = CARTESIAN_POINT('',(2.743817516575,-1.486410248903));
#1767 = CARTESIAN_POINT('',(2.742547574527,-1.498572767742));
#1768 = CARTESIAN_POINT('',(2.74069401217,-1.520737948545));
#1769 = CARTESIAN_POINT('',(2.74010154,-1.528498663715));
#1770 = CARTESIAN_POINT('',(2.739511852719,-1.536893748729));
#1771 = CARTESIAN_POINT('',(2.738925186844,-1.54591095485));
#1772 = CARTESIAN_POINT('',(2.738341758005,-1.555537033459));
#1773 = CARTESIAN_POINT('',(2.736819099171,-1.582369312804));
#1774 = CARTESIAN_POINT('',(2.735885500176,-1.60055183166));
#1775 = CARTESIAN_POINT('',(2.734961798998,-1.620244786245));
#1776 = CARTESIAN_POINT('',(2.734048667174,-1.641383202257));
#1777 = CARTESIAN_POINT('',(2.733146631737,-1.663900229959));
#1778 = CARTESIAN_POINT('',(2.730453431698,-1.735966399444));
#1779 = CARTESIAN_POINT('',(2.728698025594,-1.78957715993));
#1780 = CARTESIAN_POINT('',(2.726992876031,-1.848019302023));
#1781 = CARTESIAN_POINT('',(2.725339188656,-1.910759336745));
#1782 = CARTESIAN_POINT('',(2.72373695003,-1.977322835436));
#1783 = CARTESIAN_POINT('',(2.722185153813,-2.047315224113));
#1784 = ( GEOMETRIC_REPRESENTATION_CONTEXT(2) 
PARAMETRIC_REPRESENTATION_CONTEXT() REPRESENTATION_CONTEXT('2D SPACE',''
  ) );
#1785 = PCURVE('',#1786,#1791);
#1786 = CYLINDRICAL_SURFACE('',#1787,6.5);
#1787 = AXIS2_PLACEMENT_3D('',#1788,#1789,#1790);
#1788 = CARTESIAN_POINT('',(-20.,0.,357.));
#1789 = DIRECTION('',(-1.,1.224646799147E-16,-1.109335647967E-31));
#1790 = DIRECTION('',(-9.780464210648E-17,-0.798635510047,0.601815023152
    ));
#1791 = DEFINITIONAL_REPRESENTATION('',(#1792),#1830);
#1792 = B_SPLINE_CURVE_WITH_KNOTS('',6,(#1793,#1794,#1795,#1796,#1797,
    #1798,#1799,#1800,#1801,#1802,#1803,#1804,#1805,#1806,#1807,#1808,
    #1809,#1810,#1811,#1812,#1813,#1814,#1815,#1816,#1817,#1818,#1819,
    #1820,#1821,#1822,#1823,#1824,#1825,#1826,#1827,#1828,#1829),
  .UNSPECIFIED.,.F.,.F.,(7,5,5,5,5,5,5,7),(0.,0.206418149816,
    0.307789162644,0.498924845232,0.630908096632,0.693304661689,
    0.794716998098,1.),.UNSPECIFIED.);
#1793 = CARTESIAN_POINT('',(0.499733015814,80.386828102378));
#1794 = CARTESIAN_POINT('',(0.525975447638,80.438020409707));
#1795 = CARTESIAN_POINT('',(0.552749718981,80.486745335919));
#1796 = CARTESIAN_POINT('',(0.58007762199,80.532700998553));
#1797 = CARTESIAN_POINT('',(0.607967456808,80.575524917472));
#1798 = CARTESIAN_POINT('',(0.636413700131,80.614809361234));
#1799 = CARTESIAN_POINT('',(0.679619665829,80.667491152369));
#1800 = CARTESIAN_POINT('',(0.693976837152,80.683887829225));
#1801 = CARTESIAN_POINT('',(0.708457404541,80.699280770802));
#1802 = CARTESIAN_POINT('',(0.723056071654,80.713619940939));
#1803 = CARTESIAN_POINT('',(0.737765774708,80.726856765658));
#1804 = CARTESIAN_POINT('',(0.780504848681,80.761740555142));
#1805 = CARTESIAN_POINT('',(0.808800975117,80.780460374413));
#1806 = CARTESIAN_POINT('',(0.837393592937,80.794791814396));
#1807 = CARTESIAN_POINT('',(0.866200755823,80.80448688441));
#1808 = CARTESIAN_POINT('',(0.895124837793,80.80940200642));
#1809 = CARTESIAN_POINT('',(0.94401769324,80.80962970208));
#1810 = CARTESIAN_POINT('',(0.963990896548,80.807443416042));
#1811 = CARTESIAN_POINT('',(0.983928690825,80.80297675945));
#1812 = CARTESIAN_POINT('',(1.003797168313,80.796260369815));
#1813 = CARTESIAN_POINT('',(1.023565125624,80.787351939609));
#1814 = CARTESIAN_POINT('',(1.052487255153,80.771121544711));
#1815 = CARTESIAN_POINT('',(1.061742562366,80.765439329404));
#1816 = CARTESIAN_POINT('',(1.070966192761,80.759293335852));
#1817 = CARTESIAN_POINT('',(1.080155519724,80.75269274084));
#1818 = CARTESIAN_POINT('',(1.089308174656,80.745647471408));
#1819 = CARTESIAN_POINT('',(1.113234706704,80.726012248898));
#1820 = CARTESIAN_POINT('',(1.127944955121,80.712709709103));
#1821 = CARTESIAN_POINT('',(1.142543742349,80.698305927353));
#1822 = CARTESIAN_POINT('',(1.157024055233,80.682849607886));
#1823 = CARTESIAN_POINT('',(1.171380647509,80.666390874529));
#1824 = CARTESIAN_POINT('',(1.214412942003,80.613734162709));
#1825 = CARTESIAN_POINT('',(1.242691515801,80.574587612342));
#1826 = CARTESIAN_POINT('',(1.270419653093,80.531946841471));
#1827 = CARTESIAN_POINT('',(1.297592089582,80.486212381262));
#1828 = CARTESIAN_POINT('',(1.324217065445,80.437740466073));
#1829 = CARTESIAN_POINT('',(1.3503159913,80.386828102377));
#1830 = ( GEOMETRIC_REPRESENTATION_CONTEXT(2) 
PARAMETRIC_REPRESENTATION_CONTEXT() REPRESENTATION_CONTEXT('2D SPACE',''
  ) );
#1831 = ORIENTED_EDGE('',*,*,#1832,.F.);
#1832 = EDGE_CURVE('',#1833,#1703,#1835,.T.);
#1833 = VERTEX_POINT('',#1834);
#1834 = CARTESIAN_POINT('',(-2.681811085507,100.38682810237,
    362.92097030068));
#1835 = SURFACE_CURVE('',#1836,(#1841,#1848),.PCURVE_S1.);
#1836 = CIRCLE('',#1837,100.42264369729);
#1837 = AXIS2_PLACEMENT_3D('',#1838,#1839,#1840);
#1838 = CARTESIAN_POINT('',(0.,0.,362.92097030068));
#1839 = DIRECTION('',(0.,-0.,1.));
#1840 = DIRECTION('',(0.923879532511,0.382683432365,0.));
#1841 = PCURVE('',#1263,#1842);
#1842 = DEFINITIONAL_REPRESENTATION('',(#1843),#1847);
#1843 = LINE('',#1844,#1845);
#1844 = CARTESIAN_POINT('',(0.,-2.047315224113));
#1845 = VECTOR('',#1846,1.);
#1846 = DIRECTION('',(1.,-0.));
#1847 = ( GEOMETRIC_REPRESENTATION_CONTEXT(2) 
PARAMETRIC_REPRESENTATION_CONTEXT() REPRESENTATION_CONTEXT('2D SPACE',''
  ) );
#1848 = PCURVE('',#1849,#1854);
#1849 = CONICAL_SURFACE('',#1850,100.42264369729,0.392699081699);
#1850 = AXIS2_PLACEMENT_3D('',#1851,#1852,#1853);
#1851 = CARTESIAN_POINT('',(0.,0.,362.92097030068));
#1852 = DIRECTION('',(-0.,0.,1.));
#1853 = DIRECTION('',(0.923879532511,0.382683432365,0.));
#1854 = DEFINITIONAL_REPRESENTATION('',(#1855),#1858);
#1855 = B_SPLINE_CURVE_WITH_KNOTS('',1,(#1856,#1857),.UNSPECIFIED.,.F.,
  .F.,(2,2),(0.,5.863777807403),.PIECEWISE_BEZIER_KNOTS.);
#1856 = CARTESIAN_POINT('',(6.28318530718,0.));
#1857 = CARTESIAN_POINT('',(12.146963114582,0.));
#1858 = ( GEOMETRIC_REPRESENTATION_CONTEXT(2) 
PARAMETRIC_REPRESENTATION_CONTEXT() REPRESENTATION_CONTEXT('2D SPACE',''
  ) );
#1859 = ORIENTED_EDGE('',*,*,#1860,.T.);
#1860 = EDGE_CURVE('',#1833,#1861,#1863,.T.);
#1861 = VERTEX_POINT('',#1862);
#1862 = CARTESIAN_POINT('',(2.681811085507,100.38682810237,
    362.92097030068));
#1863 = SURFACE_CURVE('',#1864,(#1902,#1943),.PCURVE_S1.);
#1864 = B_SPLINE_CURVE_WITH_KNOTS('',6,(#1865,#1866,#1867,#1868,#1869,
    #1870,#1871,#1872,#1873,#1874,#1875,#1876,#1877,#1878,#1879,#1880,
    #1881,#1882,#1883,#1884,#1885,#1886,#1887,#1888,#1889,#1890,#1891,
    #1892,#1893,#1894,#1895,#1896,#1897,#1898,#1899,#1900,#1901),
  .UNSPECIFIED.,.F.,.F.,(7,5,5,5,5,5,5,7),(0.,0.205185356494,
    0.305582712507,0.499484558758,0.633328520749,0.694870139943,
    0.795282236666,1.),.UNSPECIFIED.);
#1865 = CARTESIAN_POINT('',(-2.681811085508,100.38682810237,
    362.92097030069));
#1866 = CARTESIAN_POINT('',(-2.527358638393,100.43771459731,
    362.99092712597));
#1867 = CARTESIAN_POINT('',(-2.367604788502,100.48616311951,
    363.0574585399));
#1868 = CARTESIAN_POINT('',(-2.202446750108,100.53187711468,
    363.12017056921));
#1869 = CARTESIAN_POINT('',(-2.031884446274,100.57450092314,
    363.1785895512));
#1870 = CARTESIAN_POINT('',(-1.856046683256,100.61363467406,
    363.23218287665));
#1871 = CARTESIAN_POINT('',(-1.586787974931,100.66611340461,
    363.30400559143));
#1872 = CARTESIAN_POINT('',(-1.497141164562,100.68242139682,
    363.3263165192));
#1873 = CARTESIAN_POINT('',(-1.406351956328,100.69774769322,
    363.34727729982));
#1874 = CARTESIAN_POINT('',(-1.314474104392,100.71204367044,
    363.36682308501));
#1875 = CARTESIAN_POINT('',(-1.221575878507,100.72526204341,
    363.3848907941));
#1876 = CARTESIAN_POINT('',(-0.9465162364,100.76072153382,
    363.43334820058));
#1877 = CARTESIAN_POINT('',(-0.761757432172,100.77990558096,
    363.45954914678));
#1878 = CARTESIAN_POINT('',(-0.574148685791,100.79458123829,
    363.47958428465));
#1879 = CARTESIAN_POINT('',(-0.384500726611,100.80448732597,
    363.49310499403));
#1880 = CARTESIAN_POINT('',(-0.193766184185,100.80947279868,
    363.49990967881));
#1881 = CARTESIAN_POINT('',(0.128588340748,100.80958376263,
    363.50006113305));
#1882 = CARTESIAN_POINT('',(0.260242494333,100.8072850528,
    363.49692362895));
#1883 = CARTESIAN_POINT('',(0.391556454121,100.80264159119,
    363.49058581189));
#1884 = CARTESIAN_POINT('',(0.522203913186,100.79568621233,
    363.48109151667));
#1885 = CARTESIAN_POINT('',(0.651883138889,100.78648022218,
    363.46852259135));
#1886 = CARTESIAN_POINT('',(0.839369282864,100.76987948795,
    363.44585118621));
#1887 = CARTESIAN_POINT('',(0.898160834864,100.76419257719,
    363.43808389303));
#1888 = CARTESIAN_POINT('',(0.956664753571,100.75805576477,
    363.42970116938));
#1889 = CARTESIAN_POINT('',(1.014857420226,100.75147793596,
    363.42071487473));
#1890 = CARTESIAN_POINT('',(1.072717290499,100.74446867231,
    363.41113779651));
#1891 = CARTESIAN_POINT('',(1.224055040161,100.72491468197,
    363.38441601412));
#1892 = CARTESIAN_POINT('',(1.31694762292,100.71166977974,363.3663119352
    ));
#1893 = CARTESIAN_POINT('',(1.408818171775,100.69734771674,
    363.34673035734));
#1894 = CARTESIAN_POINT('',(1.499598582936,100.68199582894,
    363.3257344289));
#1895 = CARTESIAN_POINT('',(1.589235267236,100.66566277396,
    363.30338904362));
#1896 = CARTESIAN_POINT('',(1.858021165706,100.61319500929,
    363.23158075734));
#1897 = CARTESIAN_POINT('',(2.033416674832,100.57411787949,
    363.1780645607));
#1898 = CARTESIAN_POINT('',(2.20355951338,100.53156904907,
    363.11974795315));
#1899 = CARTESIAN_POINT('',(2.368322367964,100.48594547908,
    363.05715966714));
#1900 = CARTESIAN_POINT('',(2.527705546362,100.43760030368,
    362.99076999942));
#1901 = CARTESIAN_POINT('',(2.681811085507,100.38682810237,
    362.92097030068));
#1902 = PCURVE('',#1263,#1903);
#1903 = DEFINITIONAL_REPRESENTATION('',(#1904),#1942);
#1904 = B_SPLINE_CURVE_WITH_KNOTS('',6,(#1905,#1906,#1907,#1908,#1909,
    #1910,#1911,#1912,#1913,#1914,#1915,#1916,#1917,#1918,#1919,#1920,
    #1921,#1922,#1923,#1924,#1925,#1926,#1927,#1928,#1929,#1930,#1931,
    #1932,#1933,#1934,#1935,#1936,#1937,#1938,#1939,#1940,#1941),
  .UNSPECIFIED.,.F.,.F.,(7,5,5,5,5,5,5,7),(0.,0.205185356494,
    0.305582712507,0.499484558758,0.633328520749,0.694870139943,
    0.795282236666,1.),.UNSPECIFIED.);
#1905 = CARTESIAN_POINT('',(1.204805663174,-2.047315224112));
#1906 = CARTESIAN_POINT('',(1.20325465543,-1.977358398825));
#1907 = CARTESIAN_POINT('',(1.201653256632,-1.910826984898));
#1908 = CARTESIAN_POINT('',(1.20000046203,-1.848114955585));
#1909 = CARTESIAN_POINT('',(1.198296257665,-1.789695973592));
#1910 = CARTESIAN_POINT('',(1.19654184602,-1.73610264815));
#1911 = CARTESIAN_POINT('',(1.193858682567,-1.664279933365));
#1912 = CARTESIAN_POINT('',(1.19296587581,-1.641969005602));
#1913 = CARTESIAN_POINT('',(1.192062188448,-1.621008224981));
#1914 = CARTESIAN_POINT('',(1.191148130084,-1.601462439791));
#1915 = CARTESIAN_POINT('',(1.190224348999,-1.583394730701));
#1916 = CARTESIAN_POINT('',(1.187490287943,-1.534937324213));
#1917 = CARTESIAN_POINT('',(1.185655236439,-1.508736378014));
#1918 = CARTESIAN_POINT('',(1.183793030629,-1.48870124015));
#1919 = CARTESIAN_POINT('',(1.181911378996,-1.475180530766));
#1920 = CARTESIAN_POINT('',(1.180019346804,-1.468375845989));
#1921 = CARTESIAN_POINT('',(1.176821687803,-1.468224391751));
#1922 = CARTESIAN_POINT('',(1.175515720628,-1.471361895851));
#1923 = CARTESIAN_POINT('',(1.17421300121,-1.477699712908));
#1924 = CARTESIAN_POINT('',(1.17291663823,-1.487194008125));
#1925 = CARTESIAN_POINT('',(1.171629505132,-1.499762933443));
#1926 = CARTESIAN_POINT('',(1.169767900209,-1.522434338588));
#1927 = CARTESIAN_POINT('',(1.169184038051,-1.530201631768));
#1928 = CARTESIAN_POINT('',(1.168602917919,-1.53858435542));
#1929 = CARTESIAN_POINT('',(1.1680247647,-1.547570650062));
#1930 = CARTESIAN_POINT('',(1.167449783432,-1.557147728289));
#1931 = CARTESIAN_POINT('',(1.165945490036,-1.583869510674));
#1932 = CARTESIAN_POINT('',(1.165021755803,-1.6019735896));
#1933 = CARTESIAN_POINT('',(1.16410776007,-1.621555167461));
#1934 = CARTESIAN_POINT('',(1.163204149534,-1.642551095892));
#1935 = CARTESIAN_POINT('',(1.162311432217,-1.664896481181));
#1936 = CARTESIAN_POINT('',(1.15963294376,-1.73670476746));
#1937 = CARTESIAN_POINT('',(1.157882922908,-1.7902209641));
#1938 = CARTESIAN_POINT('',(1.156182892307,-1.848537571646));
#1939 = CARTESIAN_POINT('',(1.154534040413,-1.911125857656));
#1940 = CARTESIAN_POINT('',(1.152936351121,-1.977515525376));
#1941 = CARTESIAN_POINT('',(1.151388827018,-2.047315224113));
#1942 = ( GEOMETRIC_REPRESENTATION_CONTEXT(2) 
PARAMETRIC_REPRESENTATION_CONTEXT() REPRESENTATION_CONTEXT('2D SPACE',''
  ) );
#1943 = PCURVE('',#1944,#1949);
#1944 = CYLINDRICAL_SURFACE('',#1945,6.5);
#1945 = AXIS2_PLACEMENT_3D('',#1946,#1947,#1948);
#1946 = CARTESIAN_POINT('',(0.,20.,357.));
#1947 = DIRECTION('',(6.123233995737E-17,1.,-5.546678239835E-32));
#1948 = DIRECTION('',(0.798635510047,-4.890232105324E-17,-0.601815023152
    ));
#1949 = DEFINITIONAL_REPRESENTATION('',(#1950),#1988);
#1950 = B_SPLINE_CURVE_WITH_KNOTS('',6,(#1951,#1952,#1953,#1954,#1955,
    #1956,#1957,#1958,#1959,#1960,#1961,#1962,#1963,#1964,#1965,#1966,
    #1967,#1968,#1969,#1970,#1971,#1972,#1973,#1974,#1975,#1976,#1977,
    #1978,#1979,#1980,#1981,#1982,#1983,#1984,#1985,#1986,#1987),
  .UNSPECIFIED.,.F.,.F.,(7,5,5,5,5,5,5,7),(0.,0.205185356494,
    0.305582712507,0.499484558758,0.633328520749,0.694870139943,
    0.795282236666,1.),.UNSPECIFIED.);
#1951 = CARTESIAN_POINT('',(3.641325669404,80.386828102378));
#1952 = CARTESIAN_POINT('',(3.667411334298,80.437714597314));
#1953 = CARTESIAN_POINT('',(3.694022512975,80.486163119514));
#1954 = CARTESIAN_POINT('',(3.72118058248,80.531877114686));
#1955 = CARTESIAN_POINT('',(3.748893777957,80.574500923149));
#1956 = CARTESIAN_POINT('',(3.777156858232,80.61363467406));
#1957 = CARTESIAN_POINT('',(3.820029658776,80.666113404612));
#1958 = CARTESIAN_POINT('',(3.834240193504,80.682421396829));
#1959 = CARTESIAN_POINT('',(3.848572033267,80.697747693223));
#1960 = CARTESIAN_POINT('',(3.863020108909,80.712043670443));
#1961 = CARTESIAN_POINT('',(3.877577655618,80.725262043419));
#1962 = CARTESIAN_POINT('',(3.920546180485,80.76072153382));
#1963 = CARTESIAN_POINT('',(3.949238966197,80.779905580969));
#1964 = CARTESIAN_POINT('',(3.978239526917,80.794581238291));
#1965 = CARTESIAN_POINT('',(4.007462778816,80.804487325976));
#1966 = CARTESIAN_POINT('',(4.036806971709,80.80947279868));
#1967 = CARTESIAN_POINT('',(4.086399981018,80.809583762636));
#1968 = CARTESIAN_POINT('',(4.106654231078,80.807285052809));
#1969 = CARTESIAN_POINT('',(4.126870888294,80.802641591191));
#1970 = CARTESIAN_POINT('',(4.147014660741,80.795686212334));
#1971 = CARTESIAN_POINT('',(4.167053170249,80.786480222181));
#1972 = CARTESIAN_POINT('',(4.196107311423,80.769879487958));
#1973 = CARTESIAN_POINT('',(4.205230205459,80.764192577198));
#1974 = CARTESIAN_POINT('',(4.214321918608,80.758055764779));
#1975 = CARTESIAN_POINT('',(4.223379956051,80.75147793596));
#1976 = CARTESIAN_POINT('',(4.23240206815,80.744468672311));
#1977 = CARTESIAN_POINT('',(4.256044957733,80.724914681979));
#1978 = CARTESIAN_POINT('',(4.27060272134,80.711669779748));
#1979 = CARTESIAN_POINT('',(4.285050844862,80.697347716746));
#1980 = CARTESIAN_POINT('',(4.299382583544,80.681995828949));
#1981 = CARTESIAN_POINT('',(4.313592888038,80.665662773968));
#1982 = CARTESIAN_POINT('',(4.356394837116,80.613195009296));
#1983 = CARTESIAN_POINT('',(4.384589504723,80.574117879491));
#1984 = CARTESIAN_POINT('',(4.412236716478,80.531569049075));
#1985 = CARTESIAN_POINT('',(4.439331334662,80.485945479088));
#1986 = CARTESIAN_POINT('',(4.465881569712,80.437600303685));
#1987 = CARTESIAN_POINT('',(4.49190864489,80.386828102377));
#1988 = ( GEOMETRIC_REPRESENTATION_CONTEXT(2) 
PARAMETRIC_REPRESENTATION_CONTEXT() REPRESENTATION_CONTEXT('2D SPACE',''
  ) );
#1989 = ORIENTED_EDGE('',*,*,#1990,.F.);
#1990 = EDGE_CURVE('',#1336,#1861,#1991,.T.);
#1991 = SURFACE_CURVE('',#1992,(#1997,#2004),.PCURVE_S1.);
#1992 = CIRCLE('',#1993,100.42264369729);
#1993 = AXIS2_PLACEMENT_3D('',#1994,#1995,#1996);
#1994 = CARTESIAN_POINT('',(0.,0.,362.92097030068));
#1995 = DIRECTION('',(0.,-0.,1.));
#1996 = DIRECTION('',(0.923879532511,0.382683432365,0.));
#1997 = PCURVE('',#1263,#1998);
#1998 = DEFINITIONAL_REPRESENTATION('',(#1999),#2003);
#1999 = LINE('',#2000,#2001);
#2000 = CARTESIAN_POINT('',(0.,-2.047315224113));
#2001 = VECTOR('',#2002,1.);
#2002 = DIRECTION('',(1.,-0.));
#2003 = ( GEOMETRIC_REPRESENTATION_CONTEXT(2) 
PARAMETRIC_REPRESENTATION_CONTEXT() REPRESENTATION_CONTEXT('2D SPACE',''
  ) );
#2004 = PCURVE('',#1375,#2005);
#2005 = DEFINITIONAL_REPRESENTATION('',(#2006),#2009);
#2006 = B_SPLINE_CURVE_WITH_KNOTS('',1,(#2007,#2008),.UNSPECIFIED.,.F.,
  .F.,(2,2),(0.,5.863777807403),.PIECEWISE_BEZIER_KNOTS.);
#2007 = CARTESIAN_POINT('',(6.28318530718,0.));
#2008 = CARTESIAN_POINT('',(12.146963114582,0.));
#2009 = ( GEOMETRIC_REPRESENTATION_CONTEXT(2) 
PARAMETRIC_REPRESENTATION_CONTEXT() REPRESENTATION_CONTEXT('2D SPACE',''
  ) );
#2010 = ORIENTED_EDGE('',*,*,#1335,.F.);
#2011 = ADVANCED_FACE('',(#2012),#1296,.F.);
#2012 = FACE_BOUND('',#2013,.T.);
#2013 = EDGE_LOOP('',(#2014,#2043,#2064,#2065));
#2014 = ORIENTED_EDGE('',*,*,#2015,.T.);
#2015 = EDGE_CURVE('',#2016,#2016,#2018,.T.);
#2016 = VERTEX_POINT('',#2017);
#2017 = CARTESIAN_POINT('',(94.042266719624,38.953582311576,
    349.03171447519));
#2018 = SURFACE_CURVE('',#2019,(#2024,#2031),.PCURVE_S1.);
#2019 = CIRCLE('',#2020,101.79061599513);
#2020 = AXIS2_PLACEMENT_3D('',#2021,#2022,#2023);
#2021 = CARTESIAN_POINT('',(0.,0.,349.03171447519));
#2022 = DIRECTION('',(0.,-0.,1.));
#2023 = DIRECTION('',(0.923879532511,0.382683432365,0.));
#2024 = PCURVE('',#1296,#2025);
#2025 = DEFINITIONAL_REPRESENTATION('',(#2026),#2030);
#2026 = LINE('',#2027,#2028);
#2027 = CARTESIAN_POINT('',(-0.,0.));
#2028 = VECTOR('',#2029,1.);
#2029 = DIRECTION('',(-1.,0.));
#2030 = ( GEOMETRIC_REPRESENTATION_CONTEXT(2) 
PARAMETRIC_REPRESENTATION_CONTEXT() REPRESENTATION_CONTEXT('2D SPACE',''
  ) );
#2031 = PCURVE('',#2032,#2037);
#2032 = CONICAL_SURFACE('',#2033,100.42264369729,0.589048622548);
#2033 = AXIS2_PLACEMENT_3D('',#2034,#2035,#2036);
#2034 = CARTESIAN_POINT('',(0.,0.,351.07902969931));
#2035 = DIRECTION('',(0.,-0.,-1.));
#2036 = DIRECTION('',(0.923879532511,0.382683432365,0.));
#2037 = DEFINITIONAL_REPRESENTATION('',(#2038),#2042);
#2038 = LINE('',#2039,#2040);
#2039 = CARTESIAN_POINT('',(-0.,2.047315224113));
#2040 = VECTOR('',#2041,1.);
#2041 = DIRECTION('',(-1.,0.));
#2042 = ( GEOMETRIC_REPRESENTATION_CONTEXT(2) 
PARAMETRIC_REPRESENTATION_CONTEXT() REPRESENTATION_CONTEXT('2D SPACE',''
  ) );
#2043 = ORIENTED_EDGE('',*,*,#2044,.T.);
#2044 = EDGE_CURVE('',#2016,#1280,#2045,.T.);
#2045 = SEAM_CURVE('',#2046,(#2050,#2057),.PCURVE_S1.);
#2046 = LINE('',#2047,#2048);
#2047 = CARTESIAN_POINT('',(94.042266719624,38.953582311576,
    349.03171447519));
#2048 = VECTOR('',#2049,1.);
#2049 = DIRECTION('',(0.653281482438,0.270598050073,-0.707106781187));
#2050 = PCURVE('',#1296,#2051);
#2051 = DEFINITIONAL_REPRESENTATION('',(#2052),#2056);
#2052 = LINE('',#2053,#2054);
#2053 = CARTESIAN_POINT('',(-0.,0.));
#2054 = VECTOR('',#2055,1.);
#2055 = DIRECTION('',(-0.,1.));
#2056 = ( GEOMETRIC_REPRESENTATION_CONTEXT(2) 
PARAMETRIC_REPRESENTATION_CONTEXT() REPRESENTATION_CONTEXT('2D SPACE',''
  ) );
#2057 = PCURVE('',#1296,#2058);
#2058 = DEFINITIONAL_REPRESENTATION('',(#2059),#2063);
#2059 = LINE('',#2060,#2061);
#2060 = CARTESIAN_POINT('',(-6.28318530718,0.));
#2061 = VECTOR('',#2062,1.);
#2062 = DIRECTION('',(-0.,1.));
#2063 = ( GEOMETRIC_REPRESENTATION_CONTEXT(2) 
PARAMETRIC_REPRESENTATION_CONTEXT() REPRESENTATION_CONTEXT('2D SPACE',''
  ) );
#2064 = ORIENTED_EDGE('',*,*,#1279,.F.);
#2065 = ORIENTED_EDGE('',*,*,#2044,.F.);
#2066 = ADVANCED_FACE('',(#2067),#1375,.F.);
#2067 = FACE_BOUND('',#2068,.T.);
#2068 = EDGE_LOOP('',(#2069,#2119,#2148,#2196,#2197));
#2069 = ORIENTED_EDGE('',*,*,#2070,.T.);
#2070 = EDGE_CURVE('',#1861,#2071,#2073,.T.);
#2071 = VERTEX_POINT('',#2072);
#2072 = CARTESIAN_POINT('',(5.381063249875,99.334725920549,
    360.64611550843));
#2073 = SURFACE_CURVE('',#2074,(#2087,#2103),.PCURVE_S1.);
#2074 = B_SPLINE_CURVE_WITH_KNOTS('',6,(#2075,#2076,#2077,#2078,#2079,
    #2080,#2081,#2082,#2083,#2084,#2085,#2086),.UNSPECIFIED.,.F.,.F.,(7,
    5,7),(0.,0.470065205584,1.),.UNSPECIFIED.);
#2075 = CARTESIAN_POINT('',(2.681811085512,100.38682810237,
    362.92097030068));
#2076 = CARTESIAN_POINT('',(2.97238947705,100.32453004963,
    362.78935735347));
#2077 = CARTESIAN_POINT('',(3.247152044385,100.2560570775,
    362.64428459215));
#2078 = CARTESIAN_POINT('',(3.505970485786,100.18252904963,
    362.48795764538));
#2079 = CARTESIAN_POINT('',(3.749148800691,100.10491296665,
    362.32227774719));
#2080 = CARTESIAN_POINT('',(3.977265688568,100.023970625,362.14874665944
    ));
#2081 = CARTESIAN_POINT('',(4.432090588746,99.845838391931,
    361.76508186933));
#2082 = CARTESIAN_POINT('',(4.654808356337,99.747935486899,
    361.55319460037));
#2083 = CARTESIAN_POINT('',(4.860245892049,99.647323495283,
    361.33428453215));
#2084 = CARTESIAN_POINT('',(5.049245663701,99.544623613139,
    361.1095624195));
#2085 = CARTESIAN_POINT('',(5.222613243074,99.440313518234,
    360.87996150332));
#2086 = CARTESIAN_POINT('',(5.381063249875,99.334725920549,
    360.64611550843));
#2087 = PCURVE('',#1375,#2088);
#2088 = DEFINITIONAL_REPRESENTATION('',(#2089),#2102);
#2089 = B_SPLINE_CURVE_WITH_KNOTS('',6,(#2090,#2091,#2092,#2093,#2094,
    #2095,#2096,#2097,#2098,#2099,#2100,#2101),.UNSPECIFIED.,.F.,.F.,(7,
    5,7),(0.,0.470065205584,1.),.UNSPECIFIED.);
#2090 = CARTESIAN_POINT('',(7.434574134198,-9.119582748552E-13));
#2091 = CARTESIAN_POINT('',(7.431665044862,-0.131612947214));
#2092 = CARTESIAN_POINT('',(7.428907959802,-0.276685708536));
#2093 = CARTESIAN_POINT('',(7.426304053511,-0.433012655307));
#2094 = CARTESIAN_POINT('',(7.423850526637,-0.598692553495));
#2095 = CARTESIAN_POINT('',(7.421541986779,-0.772223641244));
#2096 = CARTESIAN_POINT('',(7.416924392831,-1.155888431353));
#2097 = CARTESIAN_POINT('',(7.414653842263,-1.367775700316));
#2098 = CARTESIAN_POINT('',(7.412550066025,-1.586685768533));
#2099 = CARTESIAN_POINT('',(7.41060533369,-1.811407881189));
#2100 = CARTESIAN_POINT('',(7.408812286449,-2.041008797365));
#2101 = CARTESIAN_POINT('',(7.407164429203,-2.274854792251));
#2102 = ( GEOMETRIC_REPRESENTATION_CONTEXT(2) 
PARAMETRIC_REPRESENTATION_CONTEXT() REPRESENTATION_CONTEXT('2D SPACE',''
  ) );
#2103 = PCURVE('',#1944,#2104);
#2104 = DEFINITIONAL_REPRESENTATION('',(#2105),#2118);
#2105 = B_SPLINE_CURVE_WITH_KNOTS('',6,(#2106,#2107,#2108,#2109,#2110,
    #2111,#2112,#2113,#2114,#2115,#2116,#2117),.UNSPECIFIED.,.F.,.F.,(7,
    5,7),(0.,0.470065205584,1.),.UNSPECIFIED.);
#2106 = CARTESIAN_POINT('',(4.491908644891,80.386828102377));
#2107 = CARTESIAN_POINT('',(4.540984788965,80.324530049637));
#2108 = CARTESIAN_POINT('',(4.588698838718,80.256057077509));
#2109 = CARTESIAN_POINT('',(4.63510559482,80.182529049634));
#2110 = CARTESIAN_POINT('',(4.680280572455,80.104912966652));
#2111 = CARTESIAN_POINT('',(4.724319749241,80.023970625007));
#2112 = CARTESIAN_POINT('',(4.815863299325,79.845838391931));
#2113 = CARTESIAN_POINT('',(4.863072417954,79.747935486899));
#2114 = CARTESIAN_POINT('',(4.909151375331,79.647323495283));
#2115 = CARTESIAN_POINT('',(4.954230468295,79.544623613139));
#2116 = CARTESIAN_POINT('',(4.998434424089,79.440313518234));
#2117 = CARTESIAN_POINT('',(5.041891633942,79.334725920549));
#2118 = ( GEOMETRIC_REPRESENTATION_CONTEXT(2) 
PARAMETRIC_REPRESENTATION_CONTEXT() REPRESENTATION_CONTEXT('2D SPACE',''
  ) );
#2119 = ORIENTED_EDGE('',*,*,#2120,.T.);
#2120 = EDGE_CURVE('',#2071,#2121,#2123,.T.);
#2121 = VERTEX_POINT('',#2122);
#2122 = CARTESIAN_POINT('',(99.334725920549,5.381063249874,
    360.64611550843));
#2123 = SURFACE_CURVE('',#2124,(#2129,#2136),.PCURVE_S1.);
#2124 = CIRCLE('',#2125,99.480367989919);
#2125 = AXIS2_PLACEMENT_3D('',#2126,#2127,#2128);
#2126 = CARTESIAN_POINT('',(0.,0.,360.64611550843));
#2127 = DIRECTION('',(0.,0.,-1.));
#2128 = DIRECTION('',(0.998535971747,-5.409171034047E-02,0.));
#2129 = PCURVE('',#1375,#2130);
#2130 = DEFINITIONAL_REPRESENTATION('',(#2131),#2135);
#2131 = LINE('',#2132,#2133);
#2132 = CARTESIAN_POINT('',(12.119553409588,-2.27485479225));
#2133 = VECTOR('',#2134,1.);
#2134 = DIRECTION('',(-1.,-0.));
#2135 = ( GEOMETRIC_REPRESENTATION_CONTEXT(2) 
PARAMETRIC_REPRESENTATION_CONTEXT() REPRESENTATION_CONTEXT('2D SPACE',''
  ) );
#2136 = PCURVE('',#2137,#2142);
#2137 = CONICAL_SURFACE('',#2138,99.480367989919,0.196349540849);
#2138 = AXIS2_PLACEMENT_3D('',#2139,#2140,#2141);
#2139 = CARTESIAN_POINT('',(0.,0.,360.64611550843));
#2140 = DIRECTION('',(-0.,0.,1.));
#2141 = DIRECTION('',(0.923879532511,0.382683432365,0.));
#2142 = DEFINITIONAL_REPRESENTATION('',(#2143),#2147);
#2143 = LINE('',#2144,#2145);
#2144 = CARTESIAN_POINT('',(12.119553409588,-0.));
#2145 = VECTOR('',#2146,1.);
#2146 = DIRECTION('',(-1.,-0.));
#2147 = ( GEOMETRIC_REPRESENTATION_CONTEXT(2) 
PARAMETRIC_REPRESENTATION_CONTEXT() REPRESENTATION_CONTEXT('2D SPACE',''
  ) );
#2148 = ORIENTED_EDGE('',*,*,#2149,.T.);
#2149 = EDGE_CURVE('',#2121,#1359,#2150,.T.);
#2150 = SURFACE_CURVE('',#2151,(#2164,#2180),.PCURVE_S1.);
#2151 = B_SPLINE_CURVE_WITH_KNOTS('',6,(#2152,#2153,#2154,#2155,#2156,
    #2157,#2158,#2159,#2160,#2161,#2162,#2163),.UNSPECIFIED.,.F.,.F.,(7,
    5,7),(0.,0.531378775444,1.),.UNSPECIFIED.);
#2152 = CARTESIAN_POINT('',(99.334725920549,5.381063249873,
    360.64611550843));
#2153 = CARTESIAN_POINT('',(99.440601227629,5.222181492028,
    360.88059869643));
#2154 = CARTESIAN_POINT('',(99.545191881863,5.048301017529,
    361.11081324436));
#2155 = CARTESIAN_POINT('',(99.648162710727,4.858701086423,
    361.33612082776));
#2156 = CARTESIAN_POINT('',(99.749031761443,4.652569015756,
    361.55557980378));
#2157 = CARTESIAN_POINT('',(99.847171833466,4.429055382138,
    361.76796769465));
#2158 = CARTESIAN_POINT('',(100.0252134198,3.973760916191,
    362.15141100345));
#2159 = CARTESIAN_POINT('',(100.10586623242,3.746160445198,
    362.32431255623));
#2160 = CARTESIAN_POINT('',(100.18320626013,3.503585679766,
    362.48939744001));
#2161 = CARTESIAN_POINT('',(100.25647758557,3.245464401359,
    362.64517551423));
#2162 = CARTESIAN_POINT('',(100.32472145167,2.971496715669,
    362.7897617158));
#2163 = CARTESIAN_POINT('',(100.38682810237,2.681811085507,
    362.92097030068));
#2164 = PCURVE('',#1375,#2165);
#2165 = DEFINITIONAL_REPRESENTATION('',(#2166),#2179);
#2166 = B_SPLINE_CURVE_WITH_KNOTS('',6,(#2167,#2168,#2169,#2170,#2171,
    #2172,#2173,#2174,#2175,#2176,#2177,#2178),.UNSPECIFIED.,.F.,.F.,(7,
    5,7),(0.,0.531378775444,1.),.UNSPECIFIED.);
#2167 = CARTESIAN_POINT('',(5.944604348554,-2.274854792251));
#2168 = CARTESIAN_POINT('',(5.942952001159,-2.040371604257));
#2169 = CARTESIAN_POINT('',(5.941153674186,-1.810157056328));
#2170 = CARTESIAN_POINT('',(5.939202816492,-1.584849472925));
#2171 = CARTESIAN_POINT('',(5.937092003993,-1.365390496905));
#2172 = CARTESIAN_POINT('',(5.934813442487,-1.15300260603));
#2173 = CARTESIAN_POINT('',(5.930191323409,-0.769559297231));
#2174 = CARTESIAN_POINT('',(5.927888100809,-0.596657744455));
#2175 = CARTESIAN_POINT('',(5.925440731534,-0.431572860678));
#2176 = CARTESIAN_POINT('',(5.922843883468,-0.275794786456));
#2177 = CARTESIAN_POINT('',(5.920094795125,-0.131208584882));
#2178 = CARTESIAN_POINT('',(5.917194643559,0.));
#2179 = ( GEOMETRIC_REPRESENTATION_CONTEXT(2) 
PARAMETRIC_REPRESENTATION_CONTEXT() REPRESENTATION_CONTEXT('2D SPACE',''
  ) );
#2180 = PCURVE('',#1470,#2181);
#2181 = DEFINITIONAL_REPRESENTATION('',(#2182),#2195);
#2182 = B_SPLINE_CURVE_WITH_KNOTS('',6,(#2183,#2184,#2185,#2186,#2187,
    #2188,#2189,#2190,#2191,#2192,#2193,#2194),.UNSPECIFIED.,.F.,.F.,(7,
    5,7),(0.,0.531378775444,1.),.UNSPECIFIED.);
#2183 = CARTESIAN_POINT('',(4.662139007146,79.334725920549));
#2184 = CARTESIAN_POINT('',(4.705714630979,79.440601227629));
#2185 = CARTESIAN_POINT('',(4.750041003428,79.545191881863));
#2186 = CARTESIAN_POINT('',(4.795247663068,79.648162710727));
#2187 = CARTESIAN_POINT('',(4.841460386004,79.749031761443));
#2188 = CARTESIAN_POINT('',(4.888810516934,79.847171833466));
#2189 = CARTESIAN_POINT('',(4.980387344289,80.025213419801));
#2190 = CARTESIAN_POINT('',(5.024305111502,80.105866232424));
#2191 = CARTESIAN_POINT('',(5.069352601602,80.183206260136));
#2192 = CARTESIAN_POINT('',(5.115624862047,80.256477585578));
#2193 = CARTESIAN_POINT('',(5.163196631697,80.324721451672));
#2194 = CARTESIAN_POINT('',(5.212121996199,80.386828102377));
#2195 = ( GEOMETRIC_REPRESENTATION_CONTEXT(2) 
PARAMETRIC_REPRESENTATION_CONTEXT() REPRESENTATION_CONTEXT('2D SPACE',''
  ) );
#2196 = ORIENTED_EDGE('',*,*,#1358,.T.);
#2197 = ORIENTED_EDGE('',*,*,#1990,.T.);
#2198 = ADVANCED_FACE('',(#2199),#1944,.T.);
#2199 = FACE_BOUND('',#2200,.T.);
#2200 = EDGE_LOOP('',(#2201,#2249,#2272,#2631,#2632,#2661,#2722,#2771,
    #2813,#2814,#2815,#2856,#2899,#2948,#2991,#3037));
#2201 = ORIENTED_EDGE('',*,*,#2202,.F.);
#2202 = EDGE_CURVE('',#2203,#2205,#2207,.T.);
#2203 = VERTEX_POINT('',#2204);
#2204 = CARTESIAN_POINT('',(5.191130815307,99.455031779532,
    353.08820234951));
#2205 = VERTEX_POINT('',#2206);
#2206 = CARTESIAN_POINT('',(2.681811085507,100.38682810237,
    351.07902969931));
#2207 = SURFACE_CURVE('',#2208,(#2218,#2231),.PCURVE_S1.);
#2208 = B_SPLINE_CURVE_WITH_KNOTS('',8,(#2209,#2210,#2211,#2212,#2213,
    #2214,#2215,#2216,#2217),.UNSPECIFIED.,.F.,.F.,(9,9),(0.,1.),
  .PIECEWISE_BEZIER_KNOTS.);
#2209 = CARTESIAN_POINT('',(5.191130815307,99.455031779532,
    353.08820234951));
#2210 = CARTESIAN_POINT('',(4.970968268555,99.587707010897,
    352.79603678192));
#2211 = CARTESIAN_POINT('',(4.727285335889,99.717747265277,
    352.51175892927));
#2212 = CARTESIAN_POINT('',(4.458424729324,99.844723534078,
    352.23610543437));
#2213 = CARTESIAN_POINT('',(4.162635200521,99.967737624768,
    351.97082624351));
#2214 = CARTESIAN_POINT('',(3.83830110157,100.08545135834,
    351.71856249944));
#2215 = CARTESIAN_POINT('',(3.484022728243,100.19607793318,
    351.48282783898));
#2216 = CARTESIAN_POINT('',(3.098809865357,100.29742636867,
    351.26790278829));
#2217 = CARTESIAN_POINT('',(2.681811085502,100.38682810237,
    351.07902969931));
#2218 = PCURVE('',#1944,#2219);
#2219 = DEFINITIONAL_REPRESENTATION('',(#2220),#2230);
#2220 = B_SPLINE_CURVE_WITH_KNOTS('',8,(#2221,#2222,#2223,#2224,#2225,
    #2226,#2227,#2228,#2229),.UNSPECIFIED.,.F.,.F.,(9,9),(0.,1.),
  .PIECEWISE_BEZIER_KNOTS.);
#2221 = CARTESIAN_POINT('',(0.,79.455031779532));
#2222 = CARTESIAN_POINT('',(5.628168080862E-02,79.587707010897));
#2223 = CARTESIAN_POINT('',(0.113771937917,79.717747265277));
#2224 = CARTESIAN_POINT('',(0.17280509692,79.844723534078));
#2225 = CARTESIAN_POINT('',(0.233649952202,79.967737624767));
#2226 = CARTESIAN_POINT('',(0.296534599149,80.085451358347));
#2227 = CARTESIAN_POINT('',(0.361678987699,80.196077933186));
#2228 = CARTESIAN_POINT('',(0.429305575939,80.297426368676));
#2229 = CARTESIAN_POINT('',(0.499733015815,80.386828102378));
#2230 = ( GEOMETRIC_REPRESENTATION_CONTEXT(2) 
PARAMETRIC_REPRESENTATION_CONTEXT() REPRESENTATION_CONTEXT('2D SPACE',''
  ) );
#2231 = PCURVE('',#2232,#2237);
#2232 = CONICAL_SURFACE('',#2233,99.480367989919,0.392699081699);
#2233 = AXIS2_PLACEMENT_3D('',#2234,#2235,#2236);
#2234 = CARTESIAN_POINT('',(0.,0.,353.35388449156));
#2235 = DIRECTION('',(0.,-0.,-1.));
#2236 = DIRECTION('',(0.923879532511,0.382683432365,0.));
#2237 = DEFINITIONAL_REPRESENTATION('',(#2238),#2248);
#2238 = B_SPLINE_CURVE_WITH_KNOTS('',8,(#2239,#2240,#2241,#2242,#2243,
    #2244,#2245,#2246,#2247),.UNSPECIFIED.,.F.,.F.,(9,9),(0.,1.),
  .PIECEWISE_BEZIER_KNOTS.);
#2239 = CARTESIAN_POINT('',(-7.409134117154,0.26568214205));
#2240 = CARTESIAN_POINT('',(-7.411411233063,0.557847709633));
#2241 = CARTESIAN_POINT('',(-7.413916495252,0.842125562282));
#2242 = CARTESIAN_POINT('',(-7.416665505258,1.117779057189));
#2243 = CARTESIAN_POINT('',(-7.41967458454,1.383058248044));
#2244 = CARTESIAN_POINT('',(-7.422958615595,1.635321992113));
#2245 = CARTESIAN_POINT('',(-7.426530469291,1.871056652573));
#2246 = CARTESIAN_POINT('',(-7.430399402908,2.08598170327));
#2247 = CARTESIAN_POINT('',(-7.434574134198,2.274854792251));
#2248 = ( GEOMETRIC_REPRESENTATION_CONTEXT(2) 
PARAMETRIC_REPRESENTATION_CONTEXT() REPRESENTATION_CONTEXT('2D SPACE',''
  ) );
#2249 = ORIENTED_EDGE('',*,*,#2250,.F.);
#2250 = EDGE_CURVE('',#2251,#2203,#2253,.T.);
#2251 = VERTEX_POINT('',#2252);
#2252 = CARTESIAN_POINT('',(5.191130815307,29.547456080996,
    353.08820234951));
#2253 = SEAM_CURVE('',#2254,(#2258,#2265),.PCURVE_S1.);
#2254 = LINE('',#2255,#2256);
#2255 = CARTESIAN_POINT('',(5.191130815307,20.,353.08820234951));
#2256 = VECTOR('',#2257,1.);
#2257 = DIRECTION('',(6.123233995737E-17,1.,-5.546678239835E-32));
#2258 = PCURVE('',#1944,#2259);
#2259 = DEFINITIONAL_REPRESENTATION('',(#2260),#2264);
#2260 = LINE('',#2261,#2262);
#2261 = CARTESIAN_POINT('',(6.28318530718,-0.));
#2262 = VECTOR('',#2263,1.);
#2263 = DIRECTION('',(0.,1.));
#2264 = ( GEOMETRIC_REPRESENTATION_CONTEXT(2) 
PARAMETRIC_REPRESENTATION_CONTEXT() REPRESENTATION_CONTEXT('2D SPACE',''
  ) );
#2265 = PCURVE('',#1944,#2266);
#2266 = DEFINITIONAL_REPRESENTATION('',(#2267),#2271);
#2267 = LINE('',#2268,#2269);
#2268 = CARTESIAN_POINT('',(0.,-0.));
#2269 = VECTOR('',#2270,1.);
#2270 = DIRECTION('',(0.,1.));
#2271 = ( GEOMETRIC_REPRESENTATION_CONTEXT(2) 
PARAMETRIC_REPRESENTATION_CONTEXT() REPRESENTATION_CONTEXT('2D SPACE',''
  ) );
#2272 = ORIENTED_EDGE('',*,*,#2273,.T.);
#2273 = EDGE_CURVE('',#2251,#2251,#2274,.T.);
#2274 = SURFACE_CURVE('',#2275,(#2390,#2508),.PCURVE_S1.);
#2275 = B_SPLINE_CURVE_WITH_KNOTS('',8,(#2276,#2277,#2278,#2279,#2280,
    #2281,#2282,#2283,#2284,#2285,#2286,#2287,#2288,#2289,#2290,#2291,
    #2292,#2293,#2294,#2295,#2296,#2297,#2298,#2299,#2300,#2301,#2302,
    #2303,#2304,#2305,#2306,#2307,#2308,#2309,#2310,#2311,#2312,#2313,
    #2314,#2315,#2316,#2317,#2318,#2319,#2320,#2321,#2322,#2323,#2324,
    #2325,#2326,#2327,#2328,#2329,#2330,#2331,#2332,#2333,#2334,#2335,
    #2336,#2337,#2338,#2339,#2340,#2341,#2342,#2343,#2344,#2345,#2346,
    #2347,#2348,#2349,#2350,#2351,#2352,#2353,#2354,#2355,#2356,#2357,
    #2358,#2359,#2360,#2361,#2362,#2363,#2364,#2365,#2366,#2367,#2368,
    #2369,#2370,#2371,#2372,#2373,#2374,#2375,#2376,#2377,#2378,#2379,
    #2380,#2381,#2382,#2383,#2384,#2385,#2386,#2387,#2388,#2389),
  .UNSPECIFIED.,.T.,.F.,(9,7,7,7,7,7,7,7,7,7,7,7,7,7,7,7,9),(0.,
    7.000211013695E-02,0.106889100381,0.135536286215,0.17902449834,
    0.208352387437,0.247590954341,0.307037608077,0.385094928457,
    0.489340783314,0.59007991897,0.679646684044,0.780385819701,
    0.885187782031,0.947498720806,0.970541029635,1.),.UNSPECIFIED.);
#2276 = CARTESIAN_POINT('',(5.191130815307,29.547456080996,
    353.08820234951));
#2277 = CARTESIAN_POINT('',(4.987534719157,29.583225453686,
    352.81802120441));
#2278 = CARTESIAN_POINT('',(4.764331950699,29.620786863122,
    352.55525896188));
#2279 = CARTESIAN_POINT('',(4.521040075003,29.659675285847,
    352.30130436432));
#2280 = CARTESIAN_POINT('',(4.257192012006,29.699333757974,
    352.05775048871));
#2281 = CARTESIAN_POINT('',(3.97237598512,29.73909665875,351.82642655669
    ));
#2282 = CARTESIAN_POINT('',(3.666278260375,29.77818287897,
    351.60943189405));
#2283 = CARTESIAN_POINT('',(3.338728676096,29.815698874263,
    351.40917203977));
#2284 = CARTESIAN_POINT('',(2.805857202671,29.869069633345,
    351.13313920515));
#2285 = CARTESIAN_POINT('',(2.615983818708,29.886779080761,
    351.04327599417));
#2286 = CARTESIAN_POINT('',(2.420401322812,29.903607057248,
    350.95935387205));
#2287 = CARTESIAN_POINT('',(2.219412444172,29.919382159831,
    350.88188612075));
#2288 = CARTESIAN_POINT('',(2.013349909794,29.933937919106,
    350.8113533473));
#2289 = CARTESIAN_POINT('',(1.802576224723,29.947116247547,
    350.7482040273));
#2290 = CARTESIAN_POINT('',(1.587483452263,29.958770887821,
    350.69285504854));
#2291 = CARTESIAN_POINT('',(1.198420556557,29.976537043449,
    350.60906467067));
#2292 = CARTESIAN_POINT('',(1.026066829444,29.983302115353,
    350.57738955899));
#2293 = CARTESIAN_POINT('',(0.851800337463,29.98899832295,
    350.55087558469));
#2294 = CARTESIAN_POINT('',(0.67599578588,29.993570281029,
    350.52968942033));
#2295 = CARTESIAN_POINT('',(0.49903381367,29.996975667239,
    350.51395587361));
#2296 = CARTESIAN_POINT('',(0.321300746569,29.999185916292,
    350.50375801522));
#2297 = CARTESIAN_POINT('',(0.143188350124,30.000186914176,
    350.49913730668));
#2298 = CARTESIAN_POINT('',(-0.305265365156,29.999665116739,
    350.50154563564));
#2299 = CARTESIAN_POINT('',(-0.575108434899,29.996566628295,
    350.5158470524));
#2300 = CARTESIAN_POINT('',(-0.843205384042,29.990704028593,
    350.54291685117));
#2301 = CARTESIAN_POINT('',(-1.108338242972,29.982166849078,
    350.58248927895));
#2302 = CARTESIAN_POINT('',(-1.369317371115,29.971112175997,
    350.63411618698));
#2303 = CARTESIAN_POINT('',(-1.624997331815,29.957758451669,
    350.69716840576));
#2304 = CARTESIAN_POINT('',(-1.874292585908,29.942375252093,
    350.77083626499));
#2305 = CARTESIAN_POINT('',(-2.2793275245,29.913732832797,350.9103009787
    ));
#2306 = CARTESIAN_POINT('',(-2.439247430724,29.901402499479,
    350.97090136118));
#2307 = CARTESIAN_POINT('',(-2.595832880245,29.888355424556,
    351.03570973519));
#2308 = CARTESIAN_POINT('',(-2.748974484946,29.874670508703,
    351.10450304626));
#2309 = CARTESIAN_POINT('',(-2.898573296943,29.860427374364,
    351.1770557306));
#2310 = CARTESIAN_POINT('',(-3.044540794528,29.84570557047,
    351.25313958955));
#2311 = CARTESIAN_POINT('',(-3.186798868119,29.830583777144,
    351.3325236639));
#2312 = CARTESIAN_POINT('',(-3.510557155552,29.794475044096,
    351.52528676226));
#2313 = CARTESIAN_POINT('',(-3.689112400752,29.77322851008,
    351.64111165024));
#2314 = CARTESIAN_POINT('',(-3.860953405921,29.751564285555,
    351.76199703981));
#2315 = CARTESIAN_POINT('',(-4.026105619729,29.72963664696,
    351.88752178909));
#2316 = CARTESIAN_POINT('',(-4.184609564186,29.707589138933,
    352.01729342799));
#2317 = CARTESIAN_POINT('',(-4.336518323431,29.685554443252,
    352.15094623934));
#2318 = CARTESIAN_POINT('',(-4.481895032519,29.663654247786,
    352.2881393401));
#2319 = CARTESIAN_POINT('',(-4.831267892876,29.609191465821,
    352.64128493213));
#2320 = CARTESIAN_POINT('',(-5.026971291985,29.576934505531,
    352.86148804588));
#2321 = CARTESIAN_POINT('',(-5.208247536068,29.545599021392,
    353.08816937359));
#2322 = CARTESIAN_POINT('',(-5.375427012198,29.515501225557,
    353.32047063628));
#2323 = CARTESIAN_POINT('',(-5.52883286951,29.486908874199,
    353.5576539844));
#2324 = CARTESIAN_POINT('',(-5.668770366718,29.460047386213,
    353.79908597615));
#2325 = CARTESIAN_POINT('',(-5.795516219641,29.435105961902,
    354.0442215557));
#2326 = CARTESIAN_POINT('',(-6.058723885443,29.382224067972,
    354.61870935799));
#2327 = CARTESIAN_POINT('',(-6.18580428846,29.355789436415,
    354.95039844404));
#2328 = CARTESIAN_POINT('',(-6.291036559854,29.333310415291,
    355.28647365063));
#2329 = CARTESIAN_POINT('',(-6.374818180822,29.315064745832,
    355.62590702611));
#2330 = CARTESIAN_POINT('',(-6.437453140031,29.301250835083,
    355.96778766175));
#2331 = CARTESIAN_POINT('',(-6.47914691407,29.291997409773,
    356.31128539891));
#2332 = CARTESIAN_POINT('',(-6.5,29.287369291215,356.65561488814));
#2333 = CARTESIAN_POINT('',(-6.5,29.287369291215,357.45992765585));
#2334 = CARTESIAN_POINT('',(-6.462807747918,29.295623915935,
    357.91960160418));
#2335 = CARTESIAN_POINT('',(-6.388492495968,29.312116750686,
    358.37728277323));
#2336 = CARTESIAN_POINT('',(-6.276728205653,29.336644442925,
    358.83115704686));
#2337 = CARTESIAN_POINT('',(-6.126831672944,29.368805088686,
    359.27921716867));
#2338 = CARTESIAN_POINT('',(-5.937804088143,29.407963400767,
    359.71910958741));
#2339 = CARTESIAN_POINT('',(-5.708376030426,29.453192658661,
    360.14794624367));
#2340 = CARTESIAN_POINT('',(-5.174862683164,29.551512248937,
    360.96228529109));
#2341 = CARTESIAN_POINT('',(-4.872592763434,29.604463108719,
    361.35021937222));
#2342 = CARTESIAN_POINT('',(-4.528779316948,29.660862342462,
    361.72183043278));
#2343 = CARTESIAN_POINT('',(-4.142136801437,29.719109221934,
    362.07227249172));
#2344 = CARTESIAN_POINT('',(-3.711689145279,29.777145264902,
    362.39582682022));
#2345 = CARTESIAN_POINT('',(-3.236970654793,29.832409170458,
    362.68576950711));
#2346 = CARTESIAN_POINT('',(-2.718334175418,29.881883155985,
    362.93416032861));
#2347 = CARTESIAN_POINT('',(-1.658677629083,29.958284439284,
    363.30700451905));
#2348 = CARTESIAN_POINT('',(-1.125859459017,29.987151436388,
    363.44237936713));
#2349 = CARTESIAN_POINT('',(-0.569112363356,30.005955475968,
    363.52757158089));
#2350 = CARTESIAN_POINT('',(-1.456612608308E-12,30.012504318554,
    363.55662303108));
#2351 = CARTESIAN_POINT('',(0.56911236336,30.005955475968,
    363.52757158088));
#2352 = CARTESIAN_POINT('',(1.125859459014,29.987151436388,
    363.44237936713));
#2353 = CARTESIAN_POINT('',(1.658677629084,29.958284439284,
    363.30700451905));
#2354 = CARTESIAN_POINT('',(2.718334175419,29.881883155985,
    362.93416032861));
#2355 = CARTESIAN_POINT('',(3.236970654792,29.832409170458,
    362.68576950711));
#2356 = CARTESIAN_POINT('',(3.711689145278,29.777145264902,
    362.39582682022));
#2357 = CARTESIAN_POINT('',(4.142136801437,29.719109221934,
    362.07227249172));
#2358 = CARTESIAN_POINT('',(4.528779316948,29.660862342462,
    361.72183043278));
#2359 = CARTESIAN_POINT('',(4.872592763434,29.604463108719,
    361.35021937222));
#2360 = CARTESIAN_POINT('',(5.174862683164,29.551512248937,
    360.96228529109));
#2361 = CARTESIAN_POINT('',(5.709823408396,29.452925925673,
    360.1457370086));
#2362 = CARTESIAN_POINT('',(5.940251458813,29.407480835695,
    359.71453270515));
#2363 = CARTESIAN_POINT('',(6.129855352829,29.368178532677,
    359.27217246542));
#2364 = CARTESIAN_POINT('',(6.279922988121,29.335958768538,
    358.82158718938));
#2365 = CARTESIAN_POINT('',(6.391465671198,29.311464046768,
    358.36516353747));
#2366 = CARTESIAN_POINT('',(6.465172326287,29.295099013963,
    357.90493687011));
#2367 = CARTESIAN_POINT('',(6.501367097421,29.28706588089,
    357.44274818837));
#2368 = CARTESIAN_POINT('',(6.499139891448,29.287560181671,
    356.7054510839));
#2369 = CARTESIAN_POINT('',(6.485021060932,29.290693902482,
    356.43057759236));
#2370 = CARTESIAN_POINT('',(6.457614936974,29.29677441252,356.1561468468
    ));
#2371 = CARTESIAN_POINT('',(6.416879631991,29.305774629922,
    355.88256482173));
#2372 = CARTESIAN_POINT('',(6.362731645992,29.317641033606,
    355.61025230727));
#2373 = CARTESIAN_POINT('',(6.295047226511,29.332291682939,
    355.3396559959));
#2374 = CARTESIAN_POINT('',(6.213663728543,29.349614237396,
    355.0712595691));
#2375 = CARTESIAN_POINT('',(6.083145834576,29.376804321625,
    354.70735312488));
#2376 = CARTESIAN_POINT('',(6.046009060931,29.384490386263,
    354.60948260692));
#2377 = CARTESIAN_POINT('',(6.00696004936,29.392514966672,
    354.51200910639));
#2378 = CARTESIAN_POINT('',(5.96598736194,29.400870194226,
    354.41495961138));
#2379 = CARTESIAN_POINT('',(5.923078727003,29.409547535145,
    354.31836222202));
#2380 = CARTESIAN_POINT('',(5.878221039137,29.418537790501,
    354.22224615048));
#2381 = CARTESIAN_POINT('',(5.831400359188,29.427831096212,
    354.12664172098));
#2382 = CARTESIAN_POINT('',(5.720214418559,29.449672144114,
    353.91004699611));
#2383 = CARTESIAN_POINT('',(5.654595768124,29.462405148069,
    353.78940429644));
#2384 = CARTESIAN_POINT('',(5.585713838457,29.475594048951,
    353.66971574618));
#2385 = CARTESIAN_POINT('',(5.513535094033,29.489214847186,
    353.55105046305));
#2386 = CARTESIAN_POINT('',(5.438024569423,29.503241305216,
    353.43348321622));
#2387 = CARTESIAN_POINT('',(5.359145850423,29.517644823131,
    353.31709443547));
#2388 = CARTESIAN_POINT('',(5.276861055178,29.532394314298,
    353.20197022038));
#2389 = CARTESIAN_POINT('',(5.191130815307,29.547456080996,
    353.08820234951));
#2390 = PCURVE('',#1944,#2391);
#2391 = DEFINITIONAL_REPRESENTATION('',(#2392),#2507);
#2392 = B_SPLINE_CURVE_WITH_KNOTS('',8,(#2393,#2394,#2395,#2396,#2397,
    #2398,#2399,#2400,#2401,#2402,#2403,#2404,#2405,#2406,#2407,#2408,
    #2409,#2410,#2411,#2412,#2413,#2414,#2415,#2416,#2417,#2418,#2419,
    #2420,#2421,#2422,#2423,#2424,#2425,#2426,#2427,#2428,#2429,#2430,
    #2431,#2432,#2433,#2434,#2435,#2436,#2437,#2438,#2439,#2440,#2441,
    #2442,#2443,#2444,#2445,#2446,#2447,#2448,#2449,#2450,#2451,#2452,
    #2453,#2454,#2455,#2456,#2457,#2458,#2459,#2460,#2461,#2462,#2463,
    #2464,#2465,#2466,#2467,#2468,#2469,#2470,#2471,#2472,#2473,#2474,
    #2475,#2476,#2477,#2478,#2479,#2480,#2481,#2482,#2483,#2484,#2485,
    #2486,#2487,#2488,#2489,#2490,#2491,#2492,#2493,#2494,#2495,#2496,
    #2497,#2498,#2499,#2500,#2501,#2502,#2503,#2504,#2505,#2506),
  .UNSPECIFIED.,.F.,.F.,(9,7,7,7,7,7,7,7,7,7,7,7,7,7,7,7,9),(0.,
    7.000211013695E-02,0.106889100381,0.135536286215,0.17902449834,
    0.208352387437,0.247590954341,0.307037608077,0.385094928457,
    0.489340783314,0.59007991897,0.679646684044,0.780385819701,
    0.885187782031,0.947498720806,0.970541029635,1.),.UNSPECIFIED.);
#2393 = CARTESIAN_POINT('',(8.881784197001E-16,9.547456080996));
#2394 = CARTESIAN_POINT('',(5.20466839906E-02,9.583225453686));
#2395 = CARTESIAN_POINT('',(0.104997238543,9.620786863122));
#2396 = CARTESIAN_POINT('',(0.158940158616,9.659675285847));
#2397 = CARTESIAN_POINT('',(0.213969687608,9.699333757974));
#2398 = CARTESIAN_POINT('',(0.270184823972,9.73909665875));
#2399 = CARTESIAN_POINT('',(0.32769148762,9.77818287897));
#2400 = CARTESIAN_POINT('',(0.386607846123,9.815698874263));
#2401 = CARTESIAN_POINT('',(0.478934271527,9.869069633345));
#2402 = CARTESIAN_POINT('',(0.511231119544,9.886779080761));
#2403 = CARTESIAN_POINT('',(0.543936765397,9.903607057248));
#2404 = CARTESIAN_POINT('',(0.577028444524,9.919382159831));
#2405 = CARTESIAN_POINT('',(0.610486602708,9.933937919106));
#2406 = CARTESIAN_POINT('',(0.644294291641,9.947116247547));
#2407 = CARTESIAN_POINT('',(0.678436564477,9.958770887821));
#2408 = CARTESIAN_POINT('',(0.739664775525,9.976537043449));
#2409 = CARTESIAN_POINT('',(0.766612371095,9.983302115353));
#2410 = CARTESIAN_POINT('',(0.793709683656,9.98899832295));
#2411 = CARTESIAN_POINT('',(0.820925849969,9.993570281029));
#2412 = CARTESIAN_POINT('',(0.848231387059,9.996975667239));
#2413 = CARTESIAN_POINT('',(0.875597461271,9.999185916292));
#2414 = CARTESIAN_POINT('',(0.902995157333,10.000186914176));
#2415 = CARTESIAN_POINT('',(0.971989031479,9.999665116739));
#2416 = CARTESIAN_POINT('',(1.013514564574,9.996566628295));
#2417 = CARTESIAN_POINT('',(1.054891682301,9.990704028593));
#2418 = CARTESIAN_POINT('',(1.096040895402,9.982166849078));
#2419 = CARTESIAN_POINT('',(1.136880445148,9.971112175997));
#2420 = CARTESIAN_POINT('',(1.177323819922,9.957758451669));
#2421 = CARTESIAN_POINT('',(1.217277232985,9.942375252093));
#2422 = CARTESIAN_POINT('',(1.283180821855,9.913732832797));
#2423 = CARTESIAN_POINT('',(1.309478795482,9.901402499479));
#2424 = CARTESIAN_POINT('',(1.335530978983,9.888355424556));
#2425 = CARTESIAN_POINT('',(1.361336582603,9.874670508703));
#2426 = CARTESIAN_POINT('',(1.386894012496,9.860427374364));
#2427 = CARTESIAN_POINT('',(1.412200853045,9.84570557047));
#2428 = CARTESIAN_POINT('',(1.437253849198,9.830583777144));
#2429 = CARTESIAN_POINT('',(1.495222835146,9.794475044096));
#2430 = CARTESIAN_POINT('',(1.527942056307,9.77322851008));
#2431 = CARTESIAN_POINT('',(1.560227571486,9.751564285555));
#2432 = CARTESIAN_POINT('',(1.592098909091,9.72963664696));
#2433 = CARTESIAN_POINT('',(1.62357432167,9.707589138933));
#2434 = CARTESIAN_POINT('',(1.65467100086,9.685554443252));
#2435 = CARTESIAN_POINT('',(1.685405292346,9.663654247786));
#2436 = CARTESIAN_POINT('',(1.761830326926,9.609191465821));
#2437 = CARTESIAN_POINT('',(1.807088841321,9.576934505531));
#2438 = CARTESIAN_POINT('',(1.851643090228,9.545599021392));
#2439 = CARTESIAN_POINT('',(1.895563075302,9.515501225557));
#2440 = CARTESIAN_POINT('',(1.938915290798,9.486908874199));
#2441 = CARTESIAN_POINT('',(1.981763850752,9.460047386213));
#2442 = CARTESIAN_POINT('',(2.024171616162,9.435105961902));
#2443 = CARTESIAN_POINT('',(2.121389058082,9.382224067972));
#2444 = CARTESIAN_POINT('',(2.1759242965,9.355789436415));
#2445 = CARTESIAN_POINT('',(2.229928918669,9.333310415291));
#2446 = CARTESIAN_POINT('',(2.283515699128,9.315064745832));
#2447 = CARTESIAN_POINT('',(2.336792370396,9.301250835083));
#2448 = CARTESIAN_POINT('',(2.389864689372,9.291997409774));
#2449 = CARTESIAN_POINT('',(2.442838505451,9.287369291215));
#2450 = CARTESIAN_POINT('',(2.566578931253,9.287369291215));
#2451 = CARTESIAN_POINT('',(2.637298373701,9.295623915935));
#2452 = CARTESIAN_POINT('',(2.708249752009,9.312116750686));
#2453 = CARTESIAN_POINT('',(2.779694091452,9.336644442925));
#2454 = CARTESIAN_POINT('',(2.851890913104,9.368805088686));
#2455 = CARTESIAN_POINT('',(2.92510875888,9.407963400767));
#2456 = CARTESIAN_POINT('',(2.99963817679,9.453192658661));
#2457 = CARTESIAN_POINT('',(3.149413912563,9.551512248937));
#2458 = CARTESIAN_POINT('',(3.224820387464,9.604463108719));
#2459 = CARTESIAN_POINT('',(3.302237152422,9.660862342462));
#2460 = CARTESIAN_POINT('',(3.381879575209,9.719109221934));
#2461 = CARTESIAN_POINT('',(3.463992782957,9.777145264902));
#2462 = CARTESIAN_POINT('',(3.5488576602,9.832409170458));
#2463 = CARTESIAN_POINT('',(3.636808359797,9.881883155985));
#2464 = CARTESIAN_POINT('',(3.809629352559,9.958284439284));
#2465 = CARTESIAN_POINT('',(3.893867191838,9.987151436388));
#2466 = CARTESIAN_POINT('',(3.979834902524,10.005955475968));
#2467 = CARTESIAN_POINT('',(4.066617157147,10.012504318554));
#2468 = CARTESIAN_POINT('',(4.15339941177,10.005955475968));
#2469 = CARTESIAN_POINT('',(4.239367122455,9.987151436388));
#2470 = CARTESIAN_POINT('',(4.323604961735,9.958284439284));
#2471 = CARTESIAN_POINT('',(4.496425954497,9.881883155985));
#2472 = CARTESIAN_POINT('',(4.584376654093,9.832409170458));
#2473 = CARTESIAN_POINT('',(4.669241531337,9.777145264902));
#2474 = CARTESIAN_POINT('',(4.751354739084,9.719109221934));
#2475 = CARTESIAN_POINT('',(4.830997161871,9.660862342462));
#2476 = CARTESIAN_POINT('',(4.90841392683,9.604463108719));
#2477 = CARTESIAN_POINT('',(4.983820401731,9.551512248937));
#2478 = CARTESIAN_POINT('',(5.134002466795,9.452925925673));
#2479 = CARTESIAN_POINT('',(5.208920895663,9.407480835695));
#2480 = CARTESIAN_POINT('',(5.282515701903,9.368178532677));
#2481 = CARTESIAN_POINT('',(5.355081837451,9.335958768538));
#2482 = CARTESIAN_POINT('',(5.4268917826,9.311464046768));
#2483 = CARTESIAN_POINT('',(5.498208865607,9.295099013963));
#2484 = CARTESIAN_POINT('',(5.569298058073,9.28706588089));
#2485 = CARTESIAN_POINT('',(5.682728899366,9.287560181671));
#2486 = CARTESIAN_POINT('',(5.725023457538,9.290693902482));
#2487 = CARTESIAN_POINT('',(5.767371440312,9.29677441252));
#2488 = CARTESIAN_POINT('',(5.809825644218,9.305774629922));
#2489 = CARTESIAN_POINT('',(5.852438947627,9.317641033606));
#2490 = CARTESIAN_POINT('',(5.895265115737,9.332291682939));
#2491 = CARTESIAN_POINT('',(5.938359605572,9.349614237396));
#2492 = CARTESIAN_POINT('',(5.997837177456,9.376804321625));
#2493 = CARTESIAN_POINT('',(6.013939030413,9.384490386263));
#2494 = CARTESIAN_POINT('',(6.030088992915,9.392514966672));
#2495 = CARTESIAN_POINT('',(6.046290206435,9.400870194226));
#2496 = CARTESIAN_POINT('',(6.062545890846,9.409547535145));
#2497 = CARTESIAN_POINT('',(6.07885934442,9.418537790501));
#2498 = CARTESIAN_POINT('',(6.095233943829,9.427831096212));
#2499 = CARTESIAN_POINT('',(6.132690218373,9.449672144114));
#2500 = CARTESIAN_POINT('',(6.153812402712,9.462405148069));
#2501 = CARTESIAN_POINT('',(6.175047420678,9.475594048951));
#2502 = CARTESIAN_POINT('',(6.196402904699,9.489214847186));
#2503 = CARTESIAN_POINT('',(6.217886509429,9.503241305216));
#2504 = CARTESIAN_POINT('',(6.239506025052,9.517644823131));
#2505 = CARTESIAN_POINT('',(6.261269490583,9.532394314298));
#2506 = CARTESIAN_POINT('',(6.28318530718,9.547456080996));
#2507 = ( GEOMETRIC_REPRESENTATION_CONTEXT(2) 
PARAMETRIC_REPRESENTATION_CONTEXT() REPRESENTATION_CONTEXT('2D SPACE',''
  ) );
#2508 = PCURVE('',#2509,#2514);
#2509 = CYLINDRICAL_SURFACE('',#2510,30.);
#2510 = AXIS2_PLACEMENT_3D('',#2511,#2512,#2513);
#2511 = CARTESIAN_POINT('',(0.,0.,344.));
#2512 = DIRECTION('',(0.,0.,1.));
#2513 = DIRECTION('',(0.707106781187,0.707106781187,0.));
#2514 = DEFINITIONAL_REPRESENTATION('',(#2515),#2630);
#2515 = B_SPLINE_CURVE_WITH_KNOTS('',8,(#2516,#2517,#2518,#2519,#2520,
    #2521,#2522,#2523,#2524,#2525,#2526,#2527,#2528,#2529,#2530,#2531,
    #2532,#2533,#2534,#2535,#2536,#2537,#2538,#2539,#2540,#2541,#2542,
    #2543,#2544,#2545,#2546,#2547,#2548,#2549,#2550,#2551,#2552,#2553,
    #2554,#2555,#2556,#2557,#2558,#2559,#2560,#2561,#2562,#2563,#2564,
    #2565,#2566,#2567,#2568,#2569,#2570,#2571,#2572,#2573,#2574,#2575,
    #2576,#2577,#2578,#2579,#2580,#2581,#2582,#2583,#2584,#2585,#2586,
    #2587,#2588,#2589,#2590,#2591,#2592,#2593,#2594,#2595,#2596,#2597,
    #2598,#2599,#2600,#2601,#2602,#2603,#2604,#2605,#2606,#2607,#2608,
    #2609,#2610,#2611,#2612,#2613,#2614,#2615,#2616,#2617,#2618,#2619,
    #2620,#2621,#2622,#2623,#2624,#2625,#2626,#2627,#2628,#2629),
  .UNSPECIFIED.,.T.,.F.,(9,7,7,7,7,7,7,7,7,7,7,7,7,7,7,7,9),(0.,
    7.000211013695E-02,0.106889100381,0.135536286215,0.17902449834,
    0.208352387437,0.247590954341,0.307037608077,0.385094928457,
    0.489340783314,0.59007991897,0.679646684044,0.780385819701,
    0.885187782031,0.947498720806,0.970541029635,1.),.UNSPECIFIED.);
#2516 = CARTESIAN_POINT('',(0.611485105882,9.088202349512));
#2517 = CARTESIAN_POINT('',(0.618375583885,8.818021204413));
#2518 = CARTESIAN_POINT('',(0.62592009381,8.555258961882));
#2519 = CARTESIAN_POINT('',(0.634132296635,8.30130436432));
#2520 = CARTESIAN_POINT('',(0.643025201177,8.057750488716));
#2521 = CARTESIAN_POINT('',(0.652609968052,7.826426556694));
#2522 = CARTESIAN_POINT('',(0.662894711847,7.609431894053));
#2523 = CARTESIAN_POINT('',(0.673883301513,7.409172039773));
#2524 = CARTESIAN_POINT('',(0.691734552485,7.133139205153));
#2525 = CARTESIAN_POINT('',(0.698090988865,7.043275994176));
#2526 = CARTESIAN_POINT('',(0.704634205542,6.959353872054));
#2527 = CARTESIAN_POINT('',(0.711354048328,6.881886120755));
#2528 = CARTESIAN_POINT('',(0.718239480438,6.811353347301));
#2529 = CARTESIAN_POINT('',(0.725278591502,6.748204027309));
#2530 = CARTESIAN_POINT('',(0.732458606585,6.692855048545));
#2531 = CARTESIAN_POINT('',(0.745440883953,6.609064670679));
#2532 = CARTESIAN_POINT('',(0.751190314668,6.577389558995));
#2533 = CARTESIAN_POINT('',(0.757002090216,6.550875584693));
#2534 = CARTESIAN_POINT('',(0.762863959495,6.529689420334));
#2535 = CARTESIAN_POINT('',(0.768763512934,6.513955873616));
#2536 = CARTESIAN_POINT('',(0.774688177986,6.503758015226));
#2537 = CARTESIAN_POINT('',(0.780625214637,6.499137306688));
#2538 = CARTESIAN_POINT('',(0.795573681932,6.501545635647));
#2539 = CARTESIAN_POINT('',(0.804568565629,6.515847052402));
#2540 = CARTESIAN_POINT('',(0.81350646556,6.542916851173));
#2541 = CARTESIAN_POINT('',(0.82234788197,6.58248927895));
#2542 = CARTESIAN_POINT('',(0.831054126745,6.634116186984));
#2543 = CARTESIAN_POINT('',(0.839587764161,6.697168405764));
#2544 = CARTESIAN_POINT('',(0.847913077408,6.770836264999));
#2545 = CARTESIAN_POINT('',(0.861447957847,6.910300978703));
#2546 = CARTESIAN_POINT('',(0.866794334874,6.970901361179));
#2547 = CARTESIAN_POINT('',(0.872031773025,7.035709735198));
#2548 = CARTESIAN_POINT('',(0.877156655731,7.104503046264));
#2549 = CARTESIAN_POINT('',(0.882165671913,7.177055730606));
#2550 = CARTESIAN_POINT('',(0.887055819099,7.253139589551));
#2551 = CARTESIAN_POINT('',(0.891824406535,7.332523663909));
#2552 = CARTESIAN_POINT('',(0.902683262076,7.525286762268));
#2553 = CARTESIAN_POINT('',(0.908676929141,7.641111650247));
#2554 = CARTESIAN_POINT('',(0.914450075732,7.761997039812));
#2555 = CARTESIAN_POINT('',(0.920003232,7.887521789094));
#2556 = CARTESIAN_POINT('',(0.925337375192,8.017293427992));
#2557 = CARTESIAN_POINT('',(0.930453862829,8.150946239347));
#2558 = CARTESIAN_POINT('',(0.935354365882,8.288139340105));
#2559 = CARTESIAN_POINT('',(0.947140779443,8.64128493213));
#2560 = CARTESIAN_POINT('',(0.953751999804,8.861488045883));
#2561 = CARTESIAN_POINT('',(0.959883855507,9.088169373594));
#2562 = CARTESIAN_POINT('',(0.965545849407,9.320470636282));
#2563 = CARTESIAN_POINT('',(0.970747282531,9.557653984408));
#2564 = CARTESIAN_POINT('',(0.975496941888,9.799085976155));
#2565 = CARTESIAN_POINT('',(0.979802788269,10.044221555701));
#2566 = CARTESIAN_POINT('',(0.988751703166,10.618709357993));
#2567 = CARTESIAN_POINT('',(0.993078292839,10.950398444047));
#2568 = CARTESIAN_POINT('',(0.996665105026,11.28647365063));
#2569 = CARTESIAN_POINT('',(0.999523262023,11.625907026116));
#2570 = CARTESIAN_POINT('',(1.001661266473,11.967787661752));
#2571 = CARTESIAN_POINT('',(1.003084874416,12.311285398913));
#2572 = CARTESIAN_POINT('',(1.003796891353,12.655614888146));
#2573 = CARTESIAN_POINT('',(1.003796891353,13.459927655858));
#2574 = CARTESIAN_POINT('',(1.002526977068,13.919601604186));
#2575 = CARTESIAN_POINT('',(0.999989543087,14.377282773234));
#2576 = CARTESIAN_POINT('',(0.996175413887,14.831157046862));
#2577 = CARTESIAN_POINT('',(0.991065267909,15.279217168673));
#2578 = CARTESIAN_POINT('',(0.984630962961,15.719109587418));
#2579 = CARTESIAN_POINT('',(0.976836762925,16.147946243677));
#2580 = CARTESIAN_POINT('',(0.958753522264,16.962285291099));
#2581 = CARTESIAN_POINT('',(0.948524823543,17.350219372224));
#2582 = CARTESIAN_POINT('',(0.936912394342,17.721830432787));
#2583 = CARTESIAN_POINT('',(0.923881264653,18.072272491729));
#2584 = CARTESIAN_POINT('',(0.909407191889,18.395826820227));
#2585 = CARTESIAN_POINT('',(0.893481679839,18.685769507114));
#2586 = CARTESIAN_POINT('',(0.876119967394,18.934160328618));
#2587 = CARTESIAN_POINT('',(0.840706392592,19.307004519059));
#2588 = CARTESIAN_POINT('',(0.822922576647,19.442379367133));
#2589 = CARTESIAN_POINT('',(0.804360241766,19.527571580892));
#2590 = CARTESIAN_POINT('',(0.785398163398,19.556623031078));
#2591 = CARTESIAN_POINT('',(0.766436085029,19.527571580892));
#2592 = CARTESIAN_POINT('',(0.747873750148,19.442379367133));
#2593 = CARTESIAN_POINT('',(0.730089934203,19.307004519059));
#2594 = CARTESIAN_POINT('',(0.694676359401,18.934160328618));
#2595 = CARTESIAN_POINT('',(0.677314646956,18.685769507114));
#2596 = CARTESIAN_POINT('',(0.661389134905,18.395826820227));
#2597 = CARTESIAN_POINT('',(0.646915062142,18.072272491729));
#2598 = CARTESIAN_POINT('',(0.633883932453,17.721830432786));
#2599 = CARTESIAN_POINT('',(0.622271503251,17.350219372224));
#2600 = CARTESIAN_POINT('',(0.612042804531,16.962285291099));
#2601 = CARTESIAN_POINT('',(0.59391050552,16.145737008607));
#2602 = CARTESIAN_POINT('',(0.586082220311,15.714532705153));
#2603 = CARTESIAN_POINT('',(0.579628134821,15.272172465421));
#2604 = CARTESIAN_POINT('',(0.574511997667,14.821587189389));
#2605 = CARTESIAN_POINT('',(0.570705317877,14.365163537478));
#2606 = CARTESIAN_POINT('',(0.568188611948,13.904936870113));
#2607 = CARTESIAN_POINT('',(0.566952756715,13.442748188377));
#2608 = CARTESIAN_POINT('',(0.567028803336,12.705451083905));
#2609 = CARTESIAN_POINT('',(0.567510880883,12.430577592368));
#2610 = CARTESIAN_POINT('',(0.56844663627,12.156146846805));
#2611 = CARTESIAN_POINT('',(0.569837229656,11.882564821733));
#2612 = CARTESIAN_POINT('',(0.57168498695,11.610252307279));
#2613 = CARTESIAN_POINT('',(0.573993360988,11.3396559959));
#2614 = CARTESIAN_POINT('',(0.576766892714,11.071259569108));
#2615 = CARTESIAN_POINT('',(0.581210892579,10.707353124882));
#2616 = CARTESIAN_POINT('',(0.582475018947,10.609482606928));
#2617 = CARTESIAN_POINT('',(0.583803850458,10.512009106397));
#2618 = CARTESIAN_POINT('',(0.585197710661,10.414959611384));
#2619 = CARTESIAN_POINT('',(0.586656947644,10.318362222024));
#2620 = CARTESIAN_POINT('',(0.588181934045,10.222246150489));
#2621 = CARTESIAN_POINT('',(0.589773067043,10.126641720985));
#2622 = CARTESIAN_POINT('',(0.593550094794,9.910046996111));
#2623 = CARTESIAN_POINT('',(0.595778176346,9.789404296445));
#2624 = CARTESIAN_POINT('',(0.598115937878,9.669715746189));
#2625 = CARTESIAN_POINT('',(0.600564342659,9.551050463057));
#2626 = CARTESIAN_POINT('',(0.60312439419,9.433483216221));
#2627 = CARTESIAN_POINT('',(0.605797138017,9.317094435471));
#2628 = CARTESIAN_POINT('',(0.608583663551,9.201970220389));
#2629 = CARTESIAN_POINT('',(0.611485105882,9.088202349512));
#2630 = ( GEOMETRIC_REPRESENTATION_CONTEXT(2) 
PARAMETRIC_REPRESENTATION_CONTEXT() REPRESENTATION_CONTEXT('2D SPACE',''
  ) );
#2631 = ORIENTED_EDGE('',*,*,#2250,.T.);
#2632 = ORIENTED_EDGE('',*,*,#2633,.F.);
#2633 = EDGE_CURVE('',#2634,#2203,#2636,.T.);
#2634 = VERTEX_POINT('',#2635);
#2635 = CARTESIAN_POINT('',(5.381063249872,99.334725920549,
    353.35388449156));
#2636 = SURFACE_CURVE('',#2637,(#2643,#2652),.PCURVE_S1.);
#2637 = B_SPLINE_CURVE_WITH_KNOTS('',4,(#2638,#2639,#2640,#2641,#2642),
  .UNSPECIFIED.,.F.,.F.,(5,5),(0.,1.),.PIECEWISE_BEZIER_KNOTS.);
#2638 = CARTESIAN_POINT('',(5.381063249872,99.334725920549,
    353.35388449156));
#2639 = CARTESIAN_POINT('',(5.335650204844,99.364988174398,
    353.28686235057));
#2640 = CARTESIAN_POINT('',(5.288873142508,99.395135492775,
    353.22022397736));
#2641 = CARTESIAN_POINT('',(5.240708646609,99.425154989245,
    353.1539943538));
#2642 = CARTESIAN_POINT('',(5.191130815307,99.455031779532,
    353.08820234951));
#2643 = PCURVE('',#1944,#2644);
#2644 = DEFINITIONAL_REPRESENTATION('',(#2645),#2651);
#2645 = B_SPLINE_CURVE_WITH_KNOTS('',4,(#2646,#2647,#2648,#2649,#2650),
  .UNSPECIFIED.,.F.,.F.,(5,5),(0.,1.),.PIECEWISE_BEZIER_KNOTS.);
#2646 = CARTESIAN_POINT('',(6.232935333941,79.334725920549));
#2647 = CARTESIAN_POINT('',(6.245390519446,79.364988174398));
#2648 = CARTESIAN_POINT('',(6.257914542039,79.395135492775));
#2649 = CARTESIAN_POINT('',(6.270511381856,79.425154989245));
#2650 = CARTESIAN_POINT('',(6.28318530718,79.455031779532));
#2651 = ( GEOMETRIC_REPRESENTATION_CONTEXT(2) 
PARAMETRIC_REPRESENTATION_CONTEXT() REPRESENTATION_CONTEXT('2D SPACE',''
  ) );
#2652 = PCURVE('',#2232,#2653);
#2653 = DEFINITIONAL_REPRESENTATION('',(#2654),#2660);
#2654 = B_SPLINE_CURVE_WITH_KNOTS('',4,(#2655,#2656,#2657,#2658,#2659),
  .UNSPECIFIED.,.F.,.F.,(5,5),(0.,1.),.PIECEWISE_BEZIER_KNOTS.);
#2655 = CARTESIAN_POINT('',(-7.407164429203,1.171349692743E-13));
#2656 = CARTESIAN_POINT('',(-7.40763671833,6.702214098816E-02));
#2657 = CARTESIAN_POINT('',(-7.408122284849,0.133660514197));
#2658 = CARTESIAN_POINT('',(-7.408621339344,0.199890137753));
#2659 = CARTESIAN_POINT('',(-7.409134117154,0.26568214205));
#2660 = ( GEOMETRIC_REPRESENTATION_CONTEXT(2) 
PARAMETRIC_REPRESENTATION_CONTEXT() REPRESENTATION_CONTEXT('2D SPACE',''
  ) );
#2661 = ORIENTED_EDGE('',*,*,#2662,.F.);
#2662 = EDGE_CURVE('',#2663,#2634,#2665,.T.);
#2663 = VERTEX_POINT('',#2664);
#2664 = CARTESIAN_POINT('',(6.382341893172,98.794057068017,
    355.76885745803));
#2665 = SURFACE_CURVE('',#2666,(#2681,#2699),.PCURVE_S1.);
#2666 = B_SPLINE_CURVE_WITH_KNOTS('',4,(#2667,#2668,#2669,#2670,#2671,
    #2672,#2673,#2674,#2675,#2676,#2677,#2678,#2679,#2680),
  .UNSPECIFIED.,.F.,.F.,(5,3,3,3,5),(0.,0.256464665926,0.50934364264,
    0.757401495133,1.),.UNSPECIFIED.);
#2667 = CARTESIAN_POINT('',(6.382341893174,98.794057068017,
    355.76885745803));
#2668 = CARTESIAN_POINT('',(6.351360803916,98.828072127558,
    355.60824900115));
#2669 = CARTESIAN_POINT('',(6.314900443947,98.862312545697,
    355.44821152065));
#2670 = CARTESIAN_POINT('',(6.272914468228,98.896742737363,
    355.28888369211));
#2671 = CARTESIAN_POINT('',(6.17840174053,98.965413275602,
    354.97417504254));
#2672 = CARTESIAN_POINT('',(6.126030588336,98.999649416545,
    354.81877070159));
#2673 = CARTESIAN_POINT('',(6.06813770063,99.033987010786,
    354.66435800845));
#2674 = CARTESIAN_POINT('',(5.942310157718,99.102107767344,
    354.36079000941));
#2675 = CARTESIAN_POINT('',(5.874588080736,99.135888857268,
    354.21159121738));
#2676 = CARTESIAN_POINT('',(5.801353300699,99.169670542113,
    354.06368287178));
#2677 = CARTESIAN_POINT('',(5.645340466104,99.236372176909,
    353.7740760419));
#2678 = CARTESIAN_POINT('',(5.562808144281,99.26929452992,
    353.63231327712));
#2679 = CARTESIAN_POINT('',(5.47476298683,99.302103122561,
    353.49216980092));
#2680 = CARTESIAN_POINT('',(5.381063249872,99.334725920549,
    353.35388449156));
#2681 = PCURVE('',#1944,#2682);
#2682 = DEFINITIONAL_REPRESENTATION('',(#2683),#2698);
#2683 = B_SPLINE_CURVE_WITH_KNOTS('',4,(#2684,#2685,#2686,#2687,#2688,
    #2689,#2690,#2691,#2692,#2693,#2694,#2695,#2696,#2697),
  .UNSPECIFIED.,.F.,.F.,(5,3,3,3,5),(0.,0.256464665926,0.50934364264,
    0.757401495133,1.),.UNSPECIFIED.);
#2684 = CARTESIAN_POINT('',(5.827971199807,78.794057068017));
#2685 = CARTESIAN_POINT('',(5.853135702049,78.828072127558));
#2686 = CARTESIAN_POINT('',(5.87837364897,78.862312545697));
#2687 = CARTESIAN_POINT('',(5.903707733952,78.896742737363));
#2688 = CARTESIAN_POINT('',(5.954260697521,78.965413275602));
#2689 = CARTESIAN_POINT('',(5.979476227278,78.999649416545));
#2690 = CARTESIAN_POINT('',(6.00483195997,79.033987010786));
#2691 = CARTESIAN_POINT('',(6.055387711747,79.102107767344));
#2692 = CARTESIAN_POINT('',(6.080581465713,79.135888857268));
#2693 = CARTESIAN_POINT('',(6.105958206001,79.169670542113));
#2694 = CARTESIAN_POINT('',(6.15656683788,79.236372176909));
#2695 = CARTESIAN_POINT('',(6.181789590598,79.26929452992));
#2696 = CARTESIAN_POINT('',(6.207236823639,79.302103122561));
#2697 = CARTESIAN_POINT('',(6.232935333941,79.334725920549));
#2698 = ( GEOMETRIC_REPRESENTATION_CONTEXT(2) 
PARAMETRIC_REPRESENTATION_CONTEXT() REPRESENTATION_CONTEXT('2D SPACE',''
  ) );
#2699 = PCURVE('',#2700,#2705);
#2700 = CONICAL_SURFACE('',#2701,99.,0.196349540849);
#2701 = AXIS2_PLACEMENT_3D('',#2702,#2703,#2704);
#2702 = CARTESIAN_POINT('',(0.,0.,355.76885745803));
#2703 = DIRECTION('',(0.,-0.,-1.));
#2704 = DIRECTION('',(0.923879532511,0.382683432365,0.));
#2705 = DEFINITIONAL_REPRESENTATION('',(#2706),#2721);
#2706 = B_SPLINE_CURVE_WITH_KNOTS('',4,(#2707,#2708,#2709,#2710,#2711,
    #2712,#2713,#2714,#2715,#2716,#2717,#2718,#2719,#2720),
  .UNSPECIFIED.,.F.,.F.,(5,3,3,3,5),(0.,0.256464665926,0.50934364264,
    0.757401495133,1.),.UNSPECIFIED.);
#2707 = CARTESIAN_POINT('',(-7.396769712254,3.936361326835E-13));
#2708 = CARTESIAN_POINT('',(-7.397104151928,0.160608456882));
#2709 = CARTESIAN_POINT('',(-7.397493681608,0.320645937379));
#2710 = CARTESIAN_POINT('',(-7.397938640943,0.479973765926));
#2711 = CARTESIAN_POINT('',(-7.398933715788,0.794682415489));
#2712 = CARTESIAN_POINT('',(-7.39948227387,0.950086756443));
#2713 = CARTESIAN_POINT('',(-7.400085979494,1.104499449584));
#2714 = CARTESIAN_POINT('',(-7.401392962974,1.408067448625));
#2715 = CARTESIAN_POINT('',(-7.402094122135,1.557266240649));
#2716 = CARTESIAN_POINT('',(-7.402850115164,1.705174586251));
#2717 = CARTESIAN_POINT('',(-7.404456212496,1.994781416135));
#2718 = CARTESIAN_POINT('',(-7.405303877104,2.136544180915));
#2719 = CARTESIAN_POINT('',(-7.406206178015,2.276687657109));
#2720 = CARTESIAN_POINT('',(-7.407164429203,2.414972966474));
#2721 = ( GEOMETRIC_REPRESENTATION_CONTEXT(2) 
PARAMETRIC_REPRESENTATION_CONTEXT() REPRESENTATION_CONTEXT('2D SPACE',''
  ) );
#2722 = ORIENTED_EDGE('',*,*,#2723,.F.);
#2723 = EDGE_CURVE('',#2724,#2663,#2726,.T.);
#2724 = VERTEX_POINT('',#2725);
#2725 = CARTESIAN_POINT('',(6.382341893176,98.794057068017,
    358.23114254196));
#2726 = SURFACE_CURVE('',#2727,(#2738,#2752),.PCURVE_S1.);
#2727 = B_SPLINE_CURVE_WITH_KNOTS('',5,(#2728,#2729,#2730,#2731,#2732,
    #2733,#2734,#2735,#2736,#2737),.UNSPECIFIED.,.F.,.F.,(6,4,6),(0.,0.5
    ,1.),.UNSPECIFIED.);
#2728 = CARTESIAN_POINT('',(6.382341777435,98.794057075494,
    358.23114314196));
#2729 = CARTESIAN_POINT('',(6.429540673708,98.791007909416,
    357.98646039365));
#2730 = CARTESIAN_POINT('',(6.464804242402,98.788701500596,
    357.74060373133));
#2731 = CARTESIAN_POINT('',(6.488268080575,98.787157653637,
    357.49398573295));
#2732 = CARTESIAN_POINT('',(6.5,98.786385701675,357.24699554131));
#2733 = CARTESIAN_POINT('',(6.5,98.786385701675,356.75300445868));
#2734 = CARTESIAN_POINT('',(6.488268080575,98.787157653637,
    356.50601426704));
#2735 = CARTESIAN_POINT('',(6.464804242402,98.788701500596,
    356.25939626866));
#2736 = CARTESIAN_POINT('',(6.429540673708,98.791007909416,
    356.01353960634));
#2737 = CARTESIAN_POINT('',(6.382341777435,98.794057075494,
    355.76885685803));
#2738 = PCURVE('',#1944,#2739);
#2739 = DEFINITIONAL_REPRESENTATION('',(#2740),#2751);
#2740 = B_SPLINE_CURVE_WITH_KNOTS('',5,(#2741,#2742,#2743,#2744,#2745,
    #2746,#2747,#2748,#2749,#2750),.UNSPECIFIED.,.F.,.F.,(6,4,6),(0.,0.5
    ,1.),.UNSPECIFIED.);
#2741 = CARTESIAN_POINT('',(5.446855674067,78.794057075494));
#2742 = CARTESIAN_POINT('',(5.485193130261,78.791007909416));
#2743 = CARTESIAN_POINT('',(5.523360131423,78.788701500596));
#2744 = CARTESIAN_POINT('',(5.561415681815,78.787157653637));
#2745 = CARTESIAN_POINT('',(5.599414169893,78.786385701675));
#2746 = CARTESIAN_POINT('',(5.67541279799,78.786385701675));
#2747 = CARTESIAN_POINT('',(5.713411286069,78.787157653637));
#2748 = CARTESIAN_POINT('',(5.751466836461,78.788701500596));
#2749 = CARTESIAN_POINT('',(5.789633837622,78.791007909416));
#2750 = CARTESIAN_POINT('',(5.827971293816,78.794057075494));
#2751 = ( GEOMETRIC_REPRESENTATION_CONTEXT(2) 
PARAMETRIC_REPRESENTATION_CONTEXT() REPRESENTATION_CONTEXT('2D SPACE',''
  ) );
#2752 = PCURVE('',#2753,#2758);
#2753 = CYLINDRICAL_SURFACE('',#2754,99.);
#2754 = AXIS2_PLACEMENT_3D('',#2755,#2756,#2757);
#2755 = CARTESIAN_POINT('',(0.,0.,358.23114254196));
#2756 = DIRECTION('',(0.,-0.,-1.));
#2757 = DIRECTION('',(0.923879532511,0.382683432365,0.));
#2758 = DEFINITIONAL_REPRESENTATION('',(#2759),#2770);
#2759 = B_SPLINE_CURVE_WITH_KNOTS('',5,(#2760,#2761,#2762,#2763,#2764,
    #2765,#2766,#2767,#2768,#2769),.UNSPECIFIED.,.F.,.F.,(6,4,6),(0.,0.5
    ,1.),.UNSPECIFIED.);
#2760 = CARTESIAN_POINT('',(-7.396769713426,-6.E-07));
#2761 = CARTESIAN_POINT('',(-7.396291963066,0.244682148306));
#2762 = CARTESIAN_POINT('',(-7.395935004452,0.490538810625));
#2763 = CARTESIAN_POINT('',(-7.39569748348,0.737156809012));
#2764 = CARTESIAN_POINT('',(-7.395578722992,0.984147000649));
#2765 = CARTESIAN_POINT('',(-7.395578722992,1.47813808328));
#2766 = CARTESIAN_POINT('',(-7.39569748348,1.725128274918));
#2767 = CARTESIAN_POINT('',(-7.395935004452,1.971746273304));
#2768 = CARTESIAN_POINT('',(-7.396291963066,2.217602935623));
#2769 = CARTESIAN_POINT('',(-7.396769713426,2.46228568393));
#2770 = ( GEOMETRIC_REPRESENTATION_CONTEXT(2) 
PARAMETRIC_REPRESENTATION_CONTEXT() REPRESENTATION_CONTEXT('2D SPACE',''
  ) );
#2771 = ORIENTED_EDGE('',*,*,#2772,.F.);
#2772 = EDGE_CURVE('',#2071,#2724,#2773,.T.);
#2773 = SURFACE_CURVE('',#2774,(#2785,#2799),.PCURVE_S1.);
#2774 = B_SPLINE_CURVE_WITH_KNOTS('',5,(#2775,#2776,#2777,#2778,#2779,
    #2780,#2781,#2782,#2783,#2784),.UNSPECIFIED.,.F.,.F.,(6,4,6),(0.,
    0.49255312703,1.),.UNSPECIFIED.);
#2775 = CARTESIAN_POINT('',(5.381063249873,99.334725920549,
    360.64611550843));
#2776 = CARTESIAN_POINT('',(5.53325649782,99.281737836013,
    360.42150345445));
#2777 = CARTESIAN_POINT('',(5.671460230034,99.228291573488,
    360.19230145064));
#2778 = CARTESIAN_POINT('',(5.796159694333,99.17462507057,
    359.95929436178));
#2779 = CARTESIAN_POINT('',(5.907740980359,99.120926852789,
    359.72312226766));
#2780 = CARTESIAN_POINT('',(6.108289213264,99.012140555362,
    359.23823636295));
#2781 = CARTESIAN_POINT('',(6.196465285659,98.957062227741,
    358.98937118407));
#2782 = CARTESIAN_POINT('',(6.271391990082,98.902270912316,
    358.73825364006));
#2783 = CARTESIAN_POINT('',(6.333301721479,98.847899731398,
    358.48537073373));
#2784 = CARTESIAN_POINT('',(6.382341893174,98.794057068017,
    358.23114254196));
#2785 = PCURVE('',#1944,#2786);
#2786 = DEFINITIONAL_REPRESENTATION('',(#2787),#2798);
#2787 = B_SPLINE_CURVE_WITH_KNOTS('',5,(#2788,#2789,#2790,#2791,#2792,
    #2793,#2794,#2795,#2796,#2797),.UNSPECIFIED.,.F.,.F.,(6,4,6),(0.,
    0.49255312703,1.),.UNSPECIFIED.);
#2788 = CARTESIAN_POINT('',(5.041891633942,79.334725920549));
#2789 = CARTESIAN_POINT('',(5.083632837038,79.281737836013));
#2790 = CARTESIAN_POINT('',(5.124751378248,79.228291573488));
#2791 = CARTESIAN_POINT('',(5.16534050545,79.17462507057));
#2792 = CARTESIAN_POINT('',(5.205477114986,79.120926852789));
#2793 = CARTESIAN_POINT('',(5.286203687503,79.012140555362));
#2794 = CARTESIAN_POINT('',(5.326768651314,78.957062227741));
#2795 = CARTESIAN_POINT('',(5.367017881737,78.902270912316));
#2796 = CARTESIAN_POINT('',(5.407022710552,78.847899731398));
#2797 = CARTESIAN_POINT('',(5.446855768077,78.794057068017));
#2798 = ( GEOMETRIC_REPRESENTATION_CONTEXT(2) 
PARAMETRIC_REPRESENTATION_CONTEXT() REPRESENTATION_CONTEXT('2D SPACE',''
  ) );
#2799 = PCURVE('',#2137,#2800);
#2800 = DEFINITIONAL_REPRESENTATION('',(#2801),#2812);
#2801 = B_SPLINE_CURVE_WITH_KNOTS('',5,(#2802,#2803,#2804,#2805,#2806,
    #2807,#2808,#2809,#2810,#2811),.UNSPECIFIED.,.F.,.F.,(6,4,6),(0.,
    0.49255312703,1.),.UNSPECIFIED.);
#2802 = CARTESIAN_POINT('',(7.407164429203,-1.191784915369E-12));
#2803 = CARTESIAN_POINT('',(7.40560797488,-0.224612053984));
#2804 = CARTESIAN_POINT('',(7.404189943807,-0.453814057791));
#2805 = CARTESIAN_POINT('',(7.402905826663,-0.686821146652));
#2806 = CARTESIAN_POINT('',(7.401752118637,-0.922993240779));
#2807 = CARTESIAN_POINT('',(7.399668835445,-1.407879145489));
#2808 = CARTESIAN_POINT('',(7.398747144836,-1.656744324366));
#2809 = CARTESIAN_POINT('',(7.397957879055,-1.907861868372));
#2810 = CARTESIAN_POINT('',(7.397299099032,-2.160744774705));
#2811 = CARTESIAN_POINT('',(7.396769712254,-2.414972966474));
#2812 = ( GEOMETRIC_REPRESENTATION_CONTEXT(2) 
PARAMETRIC_REPRESENTATION_CONTEXT() REPRESENTATION_CONTEXT('2D SPACE',''
  ) );
#2813 = ORIENTED_EDGE('',*,*,#2070,.F.);
#2814 = ORIENTED_EDGE('',*,*,#1860,.F.);
#2815 = ORIENTED_EDGE('',*,*,#2816,.F.);
#2816 = EDGE_CURVE('',#2817,#1833,#2819,.T.);
#2817 = VERTEX_POINT('',#2818);
#2818 = CARTESIAN_POINT('',(-5.381063249875,99.334725920549,
    360.64611550843));
#2819 = SURFACE_CURVE('',#2820,(#2830,#2843),.PCURVE_S1.);
#2820 = B_SPLINE_CURVE_WITH_KNOTS('',8,(#2821,#2822,#2823,#2824,#2825,
    #2826,#2827,#2828,#2829),.UNSPECIFIED.,.F.,.F.,(9,9),(0.,1.),
  .PIECEWISE_BEZIER_KNOTS.);
#2821 = CARTESIAN_POINT('',(-5.381063249873,99.334725920548,
    360.64611550843));
#2822 = CARTESIAN_POINT('',(-5.156621082355,99.484289241915,
    360.9773550143));
#2823 = CARTESIAN_POINT('',(-4.90413097346,99.631106247261,
    361.29980684995));
#2824 = CARTESIAN_POINT('',(-4.621518065277,99.774766353571,
    361.61282898296));
#2825 = CARTESIAN_POINT('',(-4.306450691253,99.914204640578,
    361.91434772613));
#2826 = CARTESIAN_POINT('',(-3.956742943639,100.04774992522,
    362.20105831727));
#2827 = CARTESIAN_POINT('',(-3.570383111448,100.17308172288,
    362.46839541014));
#2828 = CARTESIAN_POINT('',(-3.145948097406,100.28732024877,
    362.71074668522));
#2829 = CARTESIAN_POINT('',(-2.681811085513,100.38682810237,
    362.92097030068));
#2830 = PCURVE('',#1944,#2831);
#2831 = DEFINITIONAL_REPRESENTATION('',(#2832),#2842);
#2832 = B_SPLINE_CURVE_WITH_KNOTS('',8,(#2833,#2834,#2835,#2836,#2837,
    #2838,#2839,#2840,#2841),.UNSPECIFIED.,.F.,.F.,(9,9),(0.,1.),
  .PIECEWISE_BEZIER_KNOTS.);
#2833 = CARTESIAN_POINT('',(3.091342680351,79.334725920548));
#2834 = CARTESIAN_POINT('',(3.15289919632,79.484289241915));
#2835 = CARTESIAN_POINT('',(3.215757093218,79.631106247261));
#2836 = CARTESIAN_POINT('',(3.280368306983,79.774766353571));
#2837 = CARTESIAN_POINT('',(3.347091348462,79.914204640578));
#2838 = CARTESIAN_POINT('',(3.416225167276,80.047749925224));
#2839 = CARTESIAN_POINT('',(3.488072843288,80.173081722883));
#2840 = CARTESIAN_POINT('',(3.562936995195,80.287320248774));
#2841 = CARTESIAN_POINT('',(3.641325669403,80.386828102377));
#2842 = ( GEOMETRIC_REPRESENTATION_CONTEXT(2) 
PARAMETRIC_REPRESENTATION_CONTEXT() REPRESENTATION_CONTEXT('2D SPACE',''
  ) );
#2843 = PCURVE('',#1849,#2844);
#2844 = DEFINITIONAL_REPRESENTATION('',(#2845),#2855);
#2845 = B_SPLINE_CURVE_WITH_KNOTS('',8,(#2846,#2847,#2848,#2849,#2850,
    #2851,#2852,#2853,#2854),.UNSPECIFIED.,.F.,.F.,(9,9),(0.,1.),
  .PIECEWISE_BEZIER_KNOTS.);
#2846 = CARTESIAN_POINT('',(7.515400675349,-2.274854792252));
#2847 = CARTESIAN_POINT('',(7.513066509137,-1.943615286383));
#2848 = CARTESIAN_POINT('',(7.510459662825,-1.621163450736));
#2849 = CARTESIAN_POINT('',(7.507560677029,-1.308141317722));
#2850 = CARTESIAN_POINT('',(7.504347869411,-1.006622574557));
#2851 = CARTESIAN_POINT('',(7.500801192685,-0.719911983408));
#2852 = CARTESIAN_POINT('',(7.496902188866,-0.452574890541));
#2853 = CARTESIAN_POINT('',(7.492637620176,-0.210223615467));
#2854 = CARTESIAN_POINT('',(7.487990970354,9.119582748552E-13));
#2855 = ( GEOMETRIC_REPRESENTATION_CONTEXT(2) 
PARAMETRIC_REPRESENTATION_CONTEXT() REPRESENTATION_CONTEXT('2D SPACE',''
  ) );
#2856 = ORIENTED_EDGE('',*,*,#2857,.F.);
#2857 = EDGE_CURVE('',#2858,#2817,#2860,.T.);
#2858 = VERTEX_POINT('',#2859);
#2859 = CARTESIAN_POINT('',(-6.382341893176,98.794057068017,
    358.23114254196));
#2860 = SURFACE_CURVE('',#2861,(#2870,#2882),.PCURVE_S1.);
#2861 = B_SPLINE_CURVE_WITH_KNOTS('',7,(#2862,#2863,#2864,#2865,#2866,
    #2867,#2868,#2869),.UNSPECIFIED.,.F.,.F.,(8,8),(0.,1.),
  .PIECEWISE_BEZIER_KNOTS.);
#2862 = CARTESIAN_POINT('',(-6.382341893174,98.794057068017,
    358.23114254196));
#2863 = CARTESIAN_POINT('',(-6.313306942353,98.869852594218,
    358.58902527584));
#2864 = CARTESIAN_POINT('',(-6.220483687831,98.946608938694,
    358.94434086601));
#2865 = CARTESIAN_POINT('',(-6.1035497826,99.024112028063,
    359.29628492125));
#2866 = CARTESIAN_POINT('',(-5.961960558139,99.102078666147,
    359.64381929008));
#2867 = CARTESIAN_POINT('',(-5.794996546264,99.180148482551,
    359.98567683319));
#2868 = CARTESIAN_POINT('',(-5.601785286494,99.257878635317,
    360.32036630029));
#2869 = CARTESIAN_POINT('',(-5.381063249874,99.334725920549,
    360.64611550843));
#2870 = PCURVE('',#1944,#2871);
#2871 = DEFINITIONAL_REPRESENTATION('',(#2872),#2881);
#2872 = B_SPLINE_CURVE_WITH_KNOTS('',7,(#2873,#2874,#2875,#2876,#2877,
    #2878,#2879,#2880),.UNSPECIFIED.,.F.,.F.,(8,8),(0.,1.),
  .PIECEWISE_BEZIER_KNOTS.);
#2873 = CARTESIAN_POINT('',(2.686378546217,78.794057068017));
#2874 = CARTESIAN_POINT('',(2.742452435688,78.869852594218));
#2875 = CARTESIAN_POINT('',(2.798831684456,78.946608938694));
#2876 = CARTESIAN_POINT('',(2.855692312844,79.024112028063));
#2877 = CARTESIAN_POINT('',(2.913194905765,79.102078666147));
#2878 = CARTESIAN_POINT('',(2.971505718943,79.180148482551));
#2879 = CARTESIAN_POINT('',(3.030806464176,79.257878635317));
#2880 = CARTESIAN_POINT('',(3.091342680351,79.334725920549));
#2881 = ( GEOMETRIC_REPRESENTATION_CONTEXT(2) 
PARAMETRIC_REPRESENTATION_CONTEXT() REPRESENTATION_CONTEXT('2D SPACE',''
  ) );
#2882 = PCURVE('',#2883,#2888);
#2883 = CONICAL_SURFACE('',#2884,99.480367989919,0.196349540849);
#2884 = AXIS2_PLACEMENT_3D('',#2885,#2886,#2887);
#2885 = CARTESIAN_POINT('',(0.,0.,360.64611550843));
#2886 = DIRECTION('',(-0.,0.,1.));
#2887 = DIRECTION('',(0.923879532511,0.382683432365,0.));
#2888 = DEFINITIONAL_REPRESENTATION('',(#2889),#2898);
#2889 = B_SPLINE_CURVE_WITH_KNOTS('',7,(#2890,#2891,#2892,#2893,#2894,
    #2895,#2896,#2897),.UNSPECIFIED.,.F.,.F.,(8,8),(0.,1.),
  .PIECEWISE_BEZIER_KNOTS.);
#2890 = CARTESIAN_POINT('',(7.525795392297,-2.414972966474));
#2891 = CARTESIAN_POINT('',(7.525050162644,-2.05709023259));
#2892 = CARTESIAN_POINT('',(7.52406577162,-1.70177464242));
#2893 = CARTESIAN_POINT('',(7.522839814869,-1.34983058718));
#2894 = CARTESIAN_POINT('',(7.521367678041,-1.002296218357));
#2895 = CARTESIAN_POINT('',(7.519643019152,-0.660438675242));
#2896 = CARTESIAN_POINT('',(7.517657961876,-0.325749208148));
#2897 = CARTESIAN_POINT('',(7.515400675349,0.));
#2898 = ( GEOMETRIC_REPRESENTATION_CONTEXT(2) 
PARAMETRIC_REPRESENTATION_CONTEXT() REPRESENTATION_CONTEXT('2D SPACE',''
  ) );
#2899 = ORIENTED_EDGE('',*,*,#2900,.F.);
#2900 = EDGE_CURVE('',#2901,#2858,#2903,.T.);
#2901 = VERTEX_POINT('',#2902);
#2902 = CARTESIAN_POINT('',(-6.382341893172,98.794057068017,
    355.76885745803));
#2903 = SURFACE_CURVE('',#2904,(#2915,#2929),.PCURVE_S1.);
#2904 = B_SPLINE_CURVE_WITH_KNOTS('',5,(#2905,#2906,#2907,#2908,#2909,
    #2910,#2911,#2912,#2913,#2914),.UNSPECIFIED.,.F.,.F.,(6,4,6),(0.,
    0.499999996083,1.),.UNSPECIFIED.);
#2905 = CARTESIAN_POINT('',(-6.382341777435,98.794057075494,
    355.76885685803));
#2906 = CARTESIAN_POINT('',(-6.429540673821,98.791007909409,
    356.01353960692));
#2907 = CARTESIAN_POINT('',(-6.464804244612,98.788701500083,
    356.25939631209));
#2908 = CARTESIAN_POINT('',(-6.488268085393,98.787157653523,
    356.50601432762));
#2909 = CARTESIAN_POINT('',(-6.5,98.786385701675,356.75300446444));
#2910 = CARTESIAN_POINT('',(-6.5,98.786385701675,357.24699553942));
#2911 = CARTESIAN_POINT('',(-6.488268080755,98.787157653625,
    357.49398573469));
#2912 = CARTESIAN_POINT('',(-6.464804241891,98.788701500629,
    357.74060373285));
#2913 = CARTESIAN_POINT('',(-6.429540674138,98.791007909389,
    357.98646039143));
#2914 = CARTESIAN_POINT('',(-6.382341777435,98.794057075494,
    358.23114314196));
#2915 = PCURVE('',#1944,#2916);
#2916 = DEFINITIONAL_REPRESENTATION('',(#2917),#2928);
#2917 = B_SPLINE_CURVE_WITH_KNOTS('',5,(#2918,#2919,#2920,#2921,#2922,
    #2923,#2924,#2925,#2926,#2927),.UNSPECIFIED.,.F.,.F.,(6,4,6),(0.,
    0.499999996083,1.),.UNSPECIFIED.);
#2918 = CARTESIAN_POINT('',(2.305263020477,78.794057075494));
#2919 = CARTESIAN_POINT('',(2.343600476762,78.791007909409));
#2920 = CARTESIAN_POINT('',(2.381767484385,78.788701500083));
#2921 = CARTESIAN_POINT('',(2.419823037665,78.787157653523));
#2922 = CARTESIAN_POINT('',(2.457821517189,78.786385701675));
#2923 = CARTESIAN_POINT('',(2.53382014411,78.786385701675));
#2924 = CARTESIAN_POINT('',(2.571818632744,78.787157653625));
#2925 = CARTESIAN_POINT('',(2.609874183111,78.788701500629));
#2926 = CARTESIAN_POINT('',(2.648041183684,78.791007909389));
#2927 = CARTESIAN_POINT('',(2.686378640226,78.794057075494));
#2928 = ( GEOMETRIC_REPRESENTATION_CONTEXT(2) 
PARAMETRIC_REPRESENTATION_CONTEXT() REPRESENTATION_CONTEXT('2D SPACE',''
  ) );
#2929 = PCURVE('',#2930,#2935);
#2930 = CYLINDRICAL_SURFACE('',#2931,99.);
#2931 = AXIS2_PLACEMENT_3D('',#2932,#2933,#2934);
#2932 = CARTESIAN_POINT('',(0.,0.,358.23114254196));
#2933 = DIRECTION('',(0.,-0.,-1.));
#2934 = DIRECTION('',(0.923879532511,0.382683432365,0.));
#2935 = DEFINITIONAL_REPRESENTATION('',(#2936),#2947);
#2936 = B_SPLINE_CURVE_WITH_KNOTS('',5,(#2937,#2938,#2939,#2940,#2941,
    #2942,#2943,#2944,#2945,#2946),.UNSPECIFIED.,.F.,.F.,(6,4,6),(0.,
    0.499999996083,1.),.UNSPECIFIED.);
#2937 = CARTESIAN_POINT('',(-7.525795391126,2.46228568393));
#2938 = CARTESIAN_POINT('',(-7.526273141486,2.217602935042));
#2939 = CARTESIAN_POINT('',(-7.526630100122,1.97174622987));
#2940 = CARTESIAN_POINT('',(-7.526867621121,1.725128214343));
#2941 = CARTESIAN_POINT('',(-7.52698638156,1.478138077522));
#2942 = CARTESIAN_POINT('',(-7.52698638156,0.984147002537));
#2943 = CARTESIAN_POINT('',(-7.526867621074,0.737156807266));
#2944 = CARTESIAN_POINT('',(-7.526630100094,0.490538809108));
#2945 = CARTESIAN_POINT('',(-7.526273141489,0.244682150534));
#2946 = CARTESIAN_POINT('',(-7.525795391126,-6.E-07));
#2947 = ( GEOMETRIC_REPRESENTATION_CONTEXT(2) 
PARAMETRIC_REPRESENTATION_CONTEXT() REPRESENTATION_CONTEXT('2D SPACE',''
  ) );
#2948 = ORIENTED_EDGE('',*,*,#2949,.F.);
#2949 = EDGE_CURVE('',#2950,#2901,#2952,.T.);
#2950 = VERTEX_POINT('',#2951);
#2951 = CARTESIAN_POINT('',(-5.381063249872,99.334725920549,
    353.35388449156));
#2952 = SURFACE_CURVE('',#2953,(#2962,#2974),.PCURVE_S1.);
#2953 = B_SPLINE_CURVE_WITH_KNOTS('',7,(#2954,#2955,#2956,#2957,#2958,
    #2959,#2960,#2961),.UNSPECIFIED.,.F.,.F.,(8,8),(0.,1.),
  .PIECEWISE_BEZIER_KNOTS.);
#2954 = CARTESIAN_POINT('',(-5.381063249872,99.334725920549,
    353.35388449156));
#2955 = CARTESIAN_POINT('',(-5.601785288228,99.257878634712,
    353.67963370227));
#2956 = CARTESIAN_POINT('',(-5.794996548261,99.180148481694,
    354.01432317051));
#2957 = CARTESIAN_POINT('',(-5.961960559929,99.102078665229,
    354.35618071398));
#2958 = CARTESIAN_POINT('',(-6.103549783963,99.024112027214,
    354.70371508257));
#2959 = CARTESIAN_POINT('',(-6.220483688748,98.946608937991,
    355.05565913721));
#2960 = CARTESIAN_POINT('',(-6.313306942752,98.869852593777,
    355.41097472623));
#2961 = CARTESIAN_POINT('',(-6.382341893172,98.794057068017,
    355.76885745803));
#2962 = PCURVE('',#1944,#2963);
#2963 = DEFINITIONAL_REPRESENTATION('',(#2964),#2973);
#2964 = B_SPLINE_CURVE_WITH_KNOTS('',7,(#2965,#2966,#2967,#2968,#2969,
    #2970,#2971,#2972),.UNSPECIFIED.,.F.,.F.,(8,8),(0.,1.),
  .PIECEWISE_BEZIER_KNOTS.);
#2965 = CARTESIAN_POINT('',(1.900298980352,79.334725920549));
#2966 = CARTESIAN_POINT('',(1.960835197004,79.257878634712));
#2967 = CARTESIAN_POINT('',(2.020135942406,79.180148481694));
#2968 = CARTESIAN_POINT('',(2.078446755618,79.102078665229));
#2969 = CARTESIAN_POINT('',(2.135949348485,79.024112027214));
#2970 = CARTESIAN_POINT('',(2.192809976763,78.946608937991));
#2971 = CARTESIAN_POINT('',(2.249189225342,78.869852593777));
#2972 = CARTESIAN_POINT('',(2.305263114487,78.794057068017));
#2973 = ( GEOMETRIC_REPRESENTATION_CONTEXT(2) 
PARAMETRIC_REPRESENTATION_CONTEXT() REPRESENTATION_CONTEXT('2D SPACE',''
  ) );
#2974 = PCURVE('',#2975,#2980);
#2975 = CONICAL_SURFACE('',#2976,99.,0.196349540849);
#2976 = AXIS2_PLACEMENT_3D('',#2977,#2978,#2979);
#2977 = CARTESIAN_POINT('',(0.,0.,355.76885745803));
#2978 = DIRECTION('',(0.,-0.,-1.));
#2979 = DIRECTION('',(0.923879532511,0.382683432365,0.));
#2980 = DEFINITIONAL_REPRESENTATION('',(#2981),#2990);
#2981 = B_SPLINE_CURVE_WITH_KNOTS('',7,(#2982,#2983,#2984,#2985,#2986,
    #2987,#2988,#2989),.UNSPECIFIED.,.F.,.F.,(8,8),(0.,1.),
  .PIECEWISE_BEZIER_KNOTS.);
#2982 = CARTESIAN_POINT('',(-7.515400675349,2.414972966474));
#2983 = CARTESIAN_POINT('',(-7.517657961894,2.089223755763));
#2984 = CARTESIAN_POINT('',(-7.519643019173,1.75453428752));
#2985 = CARTESIAN_POINT('',(-7.52136767806,1.412676744054));
#2986 = CARTESIAN_POINT('',(-7.522839814883,1.06514237546));
#2987 = CARTESIAN_POINT('',(-7.52406577163,0.713198320818));
#2988 = CARTESIAN_POINT('',(-7.525050162648,0.357882731802));
#2989 = CARTESIAN_POINT('',(-7.525795392297,0.));
#2990 = ( GEOMETRIC_REPRESENTATION_CONTEXT(2) 
PARAMETRIC_REPRESENTATION_CONTEXT() REPRESENTATION_CONTEXT('2D SPACE',''
  ) );
#2991 = ORIENTED_EDGE('',*,*,#2992,.F.);
#2992 = EDGE_CURVE('',#2993,#2950,#2995,.T.);
#2993 = VERTEX_POINT('',#2994);
#2994 = CARTESIAN_POINT('',(-2.681811085507,100.38682810237,
    351.07902969931));
#2995 = SURFACE_CURVE('',#2996,(#3006,#3019),.PCURVE_S1.);
#2996 = B_SPLINE_CURVE_WITH_KNOTS('',8,(#2997,#2998,#2999,#3000,#3001,
    #3002,#3003,#3004,#3005),.UNSPECIFIED.,.F.,.F.,(9,9),(0.,1.),
  .PIECEWISE_BEZIER_KNOTS.);
#2997 = CARTESIAN_POINT('',(-2.681811085503,100.38682810237,
    351.0790296993));
#2998 = CARTESIAN_POINT('',(-3.145948141597,100.2873202393,
    351.28925333479));
#2999 = CARTESIAN_POINT('',(-3.570383170828,100.17308170574,
    351.53160462625));
#3000 = CARTESIAN_POINT('',(-3.95674300422,100.0477499038,
    351.79894172854));
#3001 = CARTESIAN_POINT('',(-4.306450743693,99.914204618346,
    352.0856523218));
#3002 = CARTESIAN_POINT('',(-4.621518105691,99.774766333554,
    352.38717106058));
#3003 = CARTESIAN_POINT('',(-4.904130999926,99.631106232043,
    352.70019318344));
#3004 = CARTESIAN_POINT('',(-5.156621095046,99.484289233458,
    353.02264500442));
#3005 = CARTESIAN_POINT('',(-5.381063249872,99.334725920549,
    353.35388449156));
#3006 = PCURVE('',#1944,#3007);
#3007 = DEFINITIONAL_REPRESENTATION('',(#3008),#3018);
#3008 = B_SPLINE_CURVE_WITH_KNOTS('',8,(#3009,#3010,#3011,#3012,#3013,
    #3014,#3015,#3016,#3017),.UNSPECIFIED.,.F.,.F.,(9,9),(0.,1.),
  .PIECEWISE_BEZIER_KNOTS.);
#3009 = CARTESIAN_POINT('',(1.350315991299,80.386828102379));
#3010 = CARTESIAN_POINT('',(1.428704672972,80.2873202393));
#3011 = CARTESIAN_POINT('',(1.503568828048,80.173081705741));
#3012 = CARTESIAN_POINT('',(1.575416505034,80.047749903805));
#3013 = CARTESIAN_POINT('',(1.644550323092,79.914204618346));
#3014 = CARTESIAN_POINT('',(1.711273362819,79.774766333554));
#3015 = CARTESIAN_POINT('',(1.775884574023,79.631106232043));
#3016 = CARTESIAN_POINT('',(1.838742467865,79.484289233458));
#3017 = CARTESIAN_POINT('',(1.900298980352,79.334725920549));
#3018 = ( GEOMETRIC_REPRESENTATION_CONTEXT(2) 
PARAMETRIC_REPRESENTATION_CONTEXT() REPRESENTATION_CONTEXT('2D SPACE',''
  ) );
#3019 = PCURVE('',#3020,#3025);
#3020 = CONICAL_SURFACE('',#3021,99.480367989919,0.392699081699);
#3021 = AXIS2_PLACEMENT_3D('',#3022,#3023,#3024);
#3022 = CARTESIAN_POINT('',(0.,0.,353.35388449156));
#3023 = DIRECTION('',(0.,-0.,-1.));
#3024 = DIRECTION('',(0.923879532511,0.382683432365,0.));
#3025 = DEFINITIONAL_REPRESENTATION('',(#3026),#3036);
#3026 = B_SPLINE_CURVE_WITH_KNOTS('',8,(#3027,#3028,#3029,#3030,#3031,
    #3032,#3033,#3034,#3035),.UNSPECIFIED.,.F.,.F.,(9,9),(0.,1.),
  .PIECEWISE_BEZIER_KNOTS.);
#3027 = CARTESIAN_POINT('',(-7.487990970354,2.274854792253));
#3028 = CARTESIAN_POINT('',(-7.492637620619,2.064631156766));
#3029 = CARTESIAN_POINT('',(-7.496902189463,1.822279865304));
#3030 = CARTESIAN_POINT('',(-7.500801193298,1.554942763018));
#3031 = CARTESIAN_POINT('',(-7.504347869945,1.268232169751));
#3032 = CARTESIAN_POINT('',(-7.507560677443,0.966713430977));
#3033 = CARTESIAN_POINT('',(-7.510459663098,0.653691308118));
#3034 = CARTESIAN_POINT('',(-7.513066509269,0.331239487137));
#3035 = CARTESIAN_POINT('',(-7.515400675349,0.));
#3036 = ( GEOMETRIC_REPRESENTATION_CONTEXT(2) 
PARAMETRIC_REPRESENTATION_CONTEXT() REPRESENTATION_CONTEXT('2D SPACE',''
  ) );
#3037 = ORIENTED_EDGE('',*,*,#3038,.F.);
#3038 = EDGE_CURVE('',#2205,#2993,#3039,.T.);
#3039 = SURFACE_CURVE('',#3040,(#3078,#3119),.PCURVE_S1.);
#3040 = B_SPLINE_CURVE_WITH_KNOTS('',6,(#3041,#3042,#3043,#3044,#3045,
    #3046,#3047,#3048,#3049,#3050,#3051,#3052,#3053,#3054,#3055,#3056,
    #3057,#3058,#3059,#3060,#3061,#3062,#3063,#3064,#3065,#3066,#3067,
    #3068,#3069,#3070,#3071,#3072,#3073,#3074,#3075,#3076,#3077),
  .UNSPECIFIED.,.F.,.F.,(7,5,5,5,5,5,5,7),(0.,0.206418149816,
    0.307789162644,0.498924845232,0.630908096632,0.693304661689,
    0.794716998098,1.),.UNSPECIFIED.);
#3041 = CARTESIAN_POINT('',(2.681811085508,100.38682810237,
    351.07902969931));
#3042 = CARTESIAN_POINT('',(2.526430426057,100.4380204097,
    351.00865245473));
#3043 = CARTESIAN_POINT('',(2.365684509279,100.48674533591,
    350.94174194049));
#3044 = CARTESIAN_POINT('',(2.199468527646,100.53270099855,
    350.87869920584));
#3045 = CARTESIAN_POINT('',(2.027783038535,100.57552491747,
    350.82000700374));
#3046 = CARTESIAN_POINT('',(1.850760904966,100.61480936123,
    350.7662084163));
#3047 = CARTESIAN_POINT('',(1.579334777697,100.66749115236,
    350.6941093447));
#3048 = CARTESIAN_POINT('',(1.488735472443,100.68388782922,
    350.67167763057));
#3049 = CARTESIAN_POINT('',(1.396974452215,100.6992807708,
    350.65062625376));
#3050 = CARTESIAN_POINT('',(1.304107726098,100.71361994093,
    350.63102194777));
#3051 = CARTESIAN_POINT('',(1.210206429689,100.72685676565,
    350.61292951366));
#3052 = CARTESIAN_POINT('',(0.936522889808,100.76174055514,
    350.56526011299));
#3053 = CARTESIAN_POINT('',(0.754282574503,100.78046037441,
    350.53969351599));
#3054 = CARTESIAN_POINT('',(0.569297667354,100.79479181439,
    350.52012834109));
#3055 = CARTESIAN_POINT('',(0.382348223966,100.80448688441,
    350.50689560666));
#3056 = CARTESIAN_POINT('',(0.194347736562,100.80940200642,
    350.50018694525));
#3057 = CARTESIAN_POINT('',(-0.123455671884,100.80962970208,
    350.49987616439));
#3058 = CARTESIAN_POINT('',(-0.253284509296,100.80744341604,
    350.50286022166));
#3059 = CARTESIAN_POINT('',(-0.38279289997,100.80297675945,
    350.50895670888));
#3060 = CARTESIAN_POINT('',(-0.511667452886,100.79626036981,
    350.5181247241));
#3061 = CARTESIAN_POINT('',(-0.639617579305,100.7873519396,
    350.53028724294));
#3062 = CARTESIAN_POINT('',(-0.826300169191,100.77112154471,
    350.55245242374));
#3063 = CARTESIAN_POINT('',(-0.885960794924,100.7654393294,
    350.56021313891));
#3064 = CARTESIAN_POINT('',(-0.945329294911,100.75929333585,
    350.56860822392));
#3065 = CARTESIAN_POINT('',(-1.004380830298,100.75269274084,
    350.57762543004));
#3066 = CARTESIAN_POINT('',(-1.063092745029,100.7456474714,
    350.58725150865));
#3067 = CARTESIAN_POINT('',(-1.216283031356,100.72601224889,
    350.614083788));
#3068 = CARTESIAN_POINT('',(-1.310170540297,100.7127097091,
    350.63226630685));
#3069 = CARTESIAN_POINT('',(-1.403019307518,100.69830592735,
    350.65195926144));
#3070 = CARTESIAN_POINT('',(-1.494758616333,100.68284960788,
    350.67309767745));
#3071 = CARTESIAN_POINT('',(-1.58533287484,100.66639087452,
    350.69561470515));
#3072 = CARTESIAN_POINT('',(-1.855599601099,100.6137341627,
    350.76768087464));
#3073 = CARTESIAN_POINT('',(-2.031537530156,100.57458761234,
    350.82129163512));
#3074 = CARTESIAN_POINT('',(-2.2021948278,100.53194684147,
    350.87973377722));
#3075 = CARTESIAN_POINT('',(-2.367442350955,100.48621238126,
    350.94247381194));
#3076 = CARTESIAN_POINT('',(-2.527280120641,100.43774046607,
    351.00903731063));
#3077 = CARTESIAN_POINT('',(-2.681811085507,100.38682810237,
    351.07902969931));
#3078 = PCURVE('',#1944,#3079);
#3079 = DEFINITIONAL_REPRESENTATION('',(#3080),#3118);
#3080 = B_SPLINE_CURVE_WITH_KNOTS('',6,(#3081,#3082,#3083,#3084,#3085,
    #3086,#3087,#3088,#3089,#3090,#3091,#3092,#3093,#3094,#3095,#3096,
    #3097,#3098,#3099,#3100,#3101,#3102,#3103,#3104,#3105,#3106,#3107,
    #3108,#3109,#3110,#3111,#3112,#3113,#3114,#3115,#3116,#3117),
  .UNSPECIFIED.,.F.,.F.,(7,5,5,5,5,5,5,7),(0.,0.206418149816,
    0.307789162644,0.498924845232,0.630908096632,0.693304661689,
    0.794716998098,1.),.UNSPECIFIED.);
#3081 = CARTESIAN_POINT('',(0.499733015814,80.386828102378));
#3082 = CARTESIAN_POINT('',(0.525975447638,80.438020409707));
#3083 = CARTESIAN_POINT('',(0.552749718981,80.486745335919));
#3084 = CARTESIAN_POINT('',(0.58007762199,80.532700998554));
#3085 = CARTESIAN_POINT('',(0.607967456808,80.575524917472));
#3086 = CARTESIAN_POINT('',(0.636413700131,80.614809361234));
#3087 = CARTESIAN_POINT('',(0.679619665829,80.667491152369));
#3088 = CARTESIAN_POINT('',(0.693976837152,80.683887829225));
#3089 = CARTESIAN_POINT('',(0.708457404541,80.699280770802));
#3090 = CARTESIAN_POINT('',(0.723056071654,80.713619940939));
#3091 = CARTESIAN_POINT('',(0.737765774708,80.726856765658));
#3092 = CARTESIAN_POINT('',(0.780504848681,80.761740555142));
#3093 = CARTESIAN_POINT('',(0.808800975117,80.780460374413));
#3094 = CARTESIAN_POINT('',(0.837393592937,80.794791814396));
#3095 = CARTESIAN_POINT('',(0.866200755823,80.80448688441));
#3096 = CARTESIAN_POINT('',(0.895124837793,80.80940200642));
#3097 = CARTESIAN_POINT('',(0.94401769324,80.80962970208));
#3098 = CARTESIAN_POINT('',(0.963990896548,80.807443416042));
#3099 = CARTESIAN_POINT('',(0.983928690825,80.80297675945));
#3100 = CARTESIAN_POINT('',(1.003797168313,80.796260369815));
#3101 = CARTESIAN_POINT('',(1.023565125624,80.787351939609));
#3102 = CARTESIAN_POINT('',(1.052487255153,80.771121544711));
#3103 = CARTESIAN_POINT('',(1.061742562366,80.765439329404));
#3104 = CARTESIAN_POINT('',(1.070966192761,80.759293335852));
#3105 = CARTESIAN_POINT('',(1.080155519724,80.75269274084));
#3106 = CARTESIAN_POINT('',(1.089308174656,80.745647471408));
#3107 = CARTESIAN_POINT('',(1.113234706704,80.726012248898));
#3108 = CARTESIAN_POINT('',(1.127944955121,80.712709709103));
#3109 = CARTESIAN_POINT('',(1.142543742349,80.698305927353));
#3110 = CARTESIAN_POINT('',(1.157024055233,80.682849607886));
#3111 = CARTESIAN_POINT('',(1.171380647509,80.666390874529));
#3112 = CARTESIAN_POINT('',(1.214412942003,80.613734162709));
#3113 = CARTESIAN_POINT('',(1.242691515801,80.574587612342));
#3114 = CARTESIAN_POINT('',(1.270419653093,80.531946841471));
#3115 = CARTESIAN_POINT('',(1.297592089582,80.486212381262));
#3116 = CARTESIAN_POINT('',(1.324217065445,80.437740466073));
#3117 = CARTESIAN_POINT('',(1.3503159913,80.386828102377));
#3118 = ( GEOMETRIC_REPRESENTATION_CONTEXT(2) 
PARAMETRIC_REPRESENTATION_CONTEXT() REPRESENTATION_CONTEXT('2D SPACE',''
  ) );
#3119 = PCURVE('',#2032,#3120);
#3120 = DEFINITIONAL_REPRESENTATION('',(#3121),#3159);
#3121 = B_SPLINE_CURVE_WITH_KNOTS('',6,(#3122,#3123,#3124,#3125,#3126,
    #3127,#3128,#3129,#3130,#3131,#3132,#3133,#3134,#3135,#3136,#3137,
    #3138,#3139,#3140,#3141,#3142,#3143,#3144,#3145,#3146,#3147,#3148,
    #3149,#3150,#3151,#3152,#3153,#3154,#3155,#3156,#3157,#3158),
  .UNSPECIFIED.,.F.,.F.,(7,5,5,5,5,5,5,7),(0.,0.206418149816,
    0.307789162644,0.498924845232,0.630908096632,0.693304661689,
    0.794716998098,1.),.UNSPECIFIED.);
#3122 = CARTESIAN_POINT('',(-1.151388827018,1.035596026752E-12));
#3123 = CARTESIAN_POINT('',(-1.152949155848,7.037724457883E-02));
#3124 = CARTESIAN_POINT('',(-1.154560482654,0.13728775882));
#3125 = CARTESIAN_POINT('',(-1.156223831997,0.200330493472));
#3126 = CARTESIAN_POINT('',(-1.15793921193,0.259022695566));
#3127 = CARTESIAN_POINT('',(-1.159705381855,0.312821283005));
#3128 = CARTESIAN_POINT('',(-1.162410045112,0.384920354606));
#3129 = CARTESIAN_POINT('',(-1.163312301851,0.407352068741));
#3130 = CARTESIAN_POINT('',(-1.164225623316,0.428403445546));
#3131 = CARTESIAN_POINT('',(-1.165149478483,0.448007751541));
#3132 = CARTESIAN_POINT('',(-1.166083191809,0.466100185649));
#3133 = CARTESIAN_POINT('',(-1.168803452279,0.513769586316));
#3134 = CARTESIAN_POINT('',(-1.170613442405,0.539336183318));
#3135 = CARTESIAN_POINT('',(-1.172449583727,0.558901358213));
#3136 = CARTESIAN_POINT('',(-1.174304458854,0.57213409265));
#3137 = CARTESIAN_POINT('',(-1.176169374473,0.578842754059));
#3138 = CARTESIAN_POINT('',(-1.179321887935,0.579153534921));
#3139 = CARTESIAN_POINT('',(-1.18060974656,0.576169477644));
#3140 = CARTESIAN_POINT('',(-1.181894545962,0.570072990423));
#3141 = CARTESIAN_POINT('',(-1.183173300412,0.56090497521));
#3142 = CARTESIAN_POINT('',(-1.184443242461,0.548742456371));
#3143 = CARTESIAN_POINT('',(-1.186296804817,0.526577275568));
#3144 = CARTESIAN_POINT('',(-1.186889276988,0.518816560398));
#3145 = CARTESIAN_POINT('',(-1.187478964268,0.510421475384));
#3146 = CARTESIAN_POINT('',(-1.188065630144,0.501404269263));
#3147 = CARTESIAN_POINT('',(-1.188649058982,0.491778190654));
#3148 = CARTESIAN_POINT('',(-1.190171717816,0.464945911309));
#3149 = CARTESIAN_POINT('',(-1.191105316811,0.446763392453));
#3150 = CARTESIAN_POINT('',(-1.192029017989,0.427070437868));
#3151 = CARTESIAN_POINT('',(-1.192942149813,0.405932021856));
#3152 = CARTESIAN_POINT('',(-1.19384418525,0.383414994153));
#3153 = CARTESIAN_POINT('',(-1.196537385289,0.311348824669));
#3154 = CARTESIAN_POINT('',(-1.198292791393,0.257738064183));
#3155 = CARTESIAN_POINT('',(-1.199997940956,0.19929592209));
#3156 = CARTESIAN_POINT('',(-1.201651628332,0.136555887367));
#3157 = CARTESIAN_POINT('',(-1.203253866957,6.999238867717E-02));
#3158 = CARTESIAN_POINT('',(-1.204805663174,0.));
#3159 = ( GEOMETRIC_REPRESENTATION_CONTEXT(2) 
PARAMETRIC_REPRESENTATION_CONTEXT() REPRESENTATION_CONTEXT('2D SPACE',''
  ) );
#3160 = ADVANCED_FACE('',(#3161),#1849,.F.);
#3161 = FACE_BOUND('',#3162,.T.);
#3162 = EDGE_LOOP('',(#3163,#3204,#3226,#3227));
#3163 = ORIENTED_EDGE('',*,*,#3164,.T.);
#3164 = EDGE_CURVE('',#1703,#3165,#3167,.T.);
#3165 = VERTEX_POINT('',#3166);
#3166 = CARTESIAN_POINT('',(-99.33472592054,5.381063249875,
    360.64611550843));
#3167 = SURFACE_CURVE('',#3168,(#3178,#3191),.PCURVE_S1.);
#3168 = B_SPLINE_CURVE_WITH_KNOTS('',8,(#3169,#3170,#3171,#3172,#3173,
    #3174,#3175,#3176,#3177),.UNSPECIFIED.,.F.,.F.,(9,9),(0.,1.),
  .PIECEWISE_BEZIER_KNOTS.);
#3169 = CARTESIAN_POINT('',(-100.3868281023,2.681811085512,
    362.92097030068));
#3170 = CARTESIAN_POINT('',(-100.2873202392,3.145948141606,
    362.71074666519));
#3171 = CARTESIAN_POINT('',(-100.1730817057,3.570383170831,
    362.46839537373));
#3172 = CARTESIAN_POINT('',(-100.0477499038,3.956743004236,
    362.20105827145));
#3173 = CARTESIAN_POINT('',(-99.91420461834,4.306450743679,
    361.91434767818));
#3174 = CARTESIAN_POINT('',(-99.77476633355,4.621518105713,
    361.61282893941));
#3175 = CARTESIAN_POINT('',(-99.63110623204,4.904130999919,
    361.29980681655));
#3176 = CARTESIAN_POINT('',(-99.48428923345,5.15662109505,
    360.97735499557));
#3177 = CARTESIAN_POINT('',(-99.33472592054,5.381063249875,
    360.64611550843));
#3178 = PCURVE('',#1849,#3179);
#3179 = DEFINITIONAL_REPRESENTATION('',(#3180),#3190);
#3180 = B_SPLINE_CURVE_WITH_KNOTS('',8,(#3181,#3182,#3183,#3184,#3185,
    #3186,#3187,#3188,#3189),.UNSPECIFIED.,.F.,.F.,(9,9),(0.,1.),
  .PIECEWISE_BEZIER_KNOTS.);
#3181 = CARTESIAN_POINT('',(9.005370460992,-9.119582748552E-13));
#3182 = CARTESIAN_POINT('',(9.000723810728,-0.210223635489));
#3183 = CARTESIAN_POINT('',(8.996459241883,-0.45257492695));
#3184 = CARTESIAN_POINT('',(8.992560238048,-0.719912029236));
#3185 = CARTESIAN_POINT('',(8.989013561402,-1.006622622504));
#3186 = CARTESIAN_POINT('',(8.985800753903,-1.308141361274));
#3187 = CARTESIAN_POINT('',(8.982901768249,-1.621163484137));
#3188 = CARTESIAN_POINT('',(8.980294922078,-1.943615305116));
#3189 = CARTESIAN_POINT('',(8.977960755998,-2.274854792252));
#3190 = ( GEOMETRIC_REPRESENTATION_CONTEXT(2) 
PARAMETRIC_REPRESENTATION_CONTEXT() REPRESENTATION_CONTEXT('2D SPACE',''
  ) );
#3191 = PCURVE('',#1786,#3192);
#3192 = DEFINITIONAL_REPRESENTATION('',(#3193),#3203);
#3193 = B_SPLINE_CURVE_WITH_KNOTS('',8,(#3194,#3195,#3196,#3197,#3198,
    #3199,#3200,#3201,#3202),.UNSPECIFIED.,.F.,.F.,(9,9),(0.,1.),
  .PIECEWISE_BEZIER_KNOTS.);
#3194 = CARTESIAN_POINT('',(1.350315991301,80.386828102377));
#3195 = CARTESIAN_POINT('',(1.428704672973,80.287320239297));
#3196 = CARTESIAN_POINT('',(1.503568828049,80.173081705739));
#3197 = CARTESIAN_POINT('',(1.575416505036,80.047749903803));
#3198 = CARTESIAN_POINT('',(1.644550323092,79.914204618344));
#3199 = CARTESIAN_POINT('',(1.711273362821,79.774766333552));
#3200 = CARTESIAN_POINT('',(1.775884574023,79.631106232041));
#3201 = CARTESIAN_POINT('',(1.838742467865,79.484289233456));
#3202 = CARTESIAN_POINT('',(1.900298980353,79.334725920548));
#3203 = ( GEOMETRIC_REPRESENTATION_CONTEXT(2) 
PARAMETRIC_REPRESENTATION_CONTEXT() REPRESENTATION_CONTEXT('2D SPACE',''
  ) );
#3204 = ORIENTED_EDGE('',*,*,#3205,.T.);
#3205 = EDGE_CURVE('',#3165,#2817,#3206,.T.);
#3206 = SURFACE_CURVE('',#3207,(#3212,#3219),.PCURVE_S1.);
#3207 = CIRCLE('',#3208,99.480367989919);
#3208 = AXIS2_PLACEMENT_3D('',#3209,#3210,#3211);
#3209 = CARTESIAN_POINT('',(0.,0.,360.64611550843));
#3210 = DIRECTION('',(0.,0.,-1.));
#3211 = DIRECTION('',(0.998535971747,-5.409171034047E-02,0.));
#3212 = PCURVE('',#1849,#3213);
#3213 = DEFINITIONAL_REPRESENTATION('',(#3214),#3218);
#3214 = LINE('',#3215,#3216);
#3215 = CARTESIAN_POINT('',(12.119553409588,-2.27485479225));
#3216 = VECTOR('',#3217,1.);
#3217 = DIRECTION('',(-1.,-0.));
#3218 = ( GEOMETRIC_REPRESENTATION_CONTEXT(2) 
PARAMETRIC_REPRESENTATION_CONTEXT() REPRESENTATION_CONTEXT('2D SPACE',''
  ) );
#3219 = PCURVE('',#2883,#3220);
#3220 = DEFINITIONAL_REPRESENTATION('',(#3221),#3225);
#3221 = LINE('',#3222,#3223);
#3222 = CARTESIAN_POINT('',(12.119553409588,-0.));
#3223 = VECTOR('',#3224,1.);
#3224 = DIRECTION('',(-1.,-0.));
#3225 = ( GEOMETRIC_REPRESENTATION_CONTEXT(2) 
PARAMETRIC_REPRESENTATION_CONTEXT() REPRESENTATION_CONTEXT('2D SPACE',''
  ) );
#3226 = ORIENTED_EDGE('',*,*,#2816,.T.);
#3227 = ORIENTED_EDGE('',*,*,#1832,.T.);
#3228 = ADVANCED_FACE('',(#3229),#1786,.T.);
#3229 = FACE_BOUND('',#3230,.T.);
#3230 = EDGE_LOOP('',(#3231,#3272,#3295,#3649,#3650,#3679,#3740,#3801,
    #3850,#3905,#4030,#4071,#4109,#4153,#4189,#4190));
#3231 = ORIENTED_EDGE('',*,*,#3232,.F.);
#3232 = EDGE_CURVE('',#3233,#1675,#3235,.T.);
#3233 = VERTEX_POINT('',#3234);
#3234 = CARTESIAN_POINT('',(-99.45503177953,-5.191130815307,
    360.91179765048));
#3235 = SURFACE_CURVE('',#3236,(#3246,#3259),.PCURVE_S1.);
#3236 = B_SPLINE_CURVE_WITH_KNOTS('',8,(#3237,#3238,#3239,#3240,#3241,
    #3242,#3243,#3244,#3245),.UNSPECIFIED.,.F.,.F.,(9,9),(0.,1.),
  .PIECEWISE_BEZIER_KNOTS.);
#3237 = CARTESIAN_POINT('',(-99.45503177953,-5.191130815307,
    360.91179765048));
#3238 = CARTESIAN_POINT('',(-99.58770701089,-4.970968268551,
    361.20396321807));
#3239 = CARTESIAN_POINT('',(-99.71774726526,-4.727285335894,
    361.48824107069));
#3240 = CARTESIAN_POINT('',(-99.84472353409,-4.458424729329,
    361.76389456567));
#3241 = CARTESIAN_POINT('',(-99.96773762473,-4.162635200509,
    362.0291737564));
#3242 = CARTESIAN_POINT('',(-100.0854513583,-3.838301101591,
    362.28143750061));
#3243 = CARTESIAN_POINT('',(-100.1960779331,-3.484022728244,
    362.51717216097));
#3244 = CARTESIAN_POINT('',(-100.2974263686,-3.098809865357,
    362.73209721171));
#3245 = CARTESIAN_POINT('',(-100.3868281023,-2.681811085513,
    362.92097030068));
#3246 = PCURVE('',#1786,#3247);
#3247 = DEFINITIONAL_REPRESENTATION('',(#3248),#3258);
#3248 = B_SPLINE_CURVE_WITH_KNOTS('',8,(#3249,#3250,#3251,#3252,#3253,
    #3254,#3255,#3256,#3257),.UNSPECIFIED.,.F.,.F.,(9,9),(0.,1.),
  .PIECEWISE_BEZIER_KNOTS.);
#3249 = CARTESIAN_POINT('',(0.,79.455031779532));
#3250 = CARTESIAN_POINT('',(5.62816808095E-02,79.587707010899));
#3251 = CARTESIAN_POINT('',(0.113771937914,79.717747265268));
#3252 = CARTESIAN_POINT('',(0.172805096923,79.844723534098));
#3253 = CARTESIAN_POINT('',(0.233649952198,79.967737624737));
#3254 = CARTESIAN_POINT('',(0.29653459915,80.085451358372));
#3255 = CARTESIAN_POINT('',(0.361678987696,80.196077933171));
#3256 = CARTESIAN_POINT('',(0.42930557594,80.297426368678));
#3257 = CARTESIAN_POINT('',(0.499733015813,80.386828102377));
#3258 = ( GEOMETRIC_REPRESENTATION_CONTEXT(2) 
PARAMETRIC_REPRESENTATION_CONTEXT() REPRESENTATION_CONTEXT('2D SPACE',''
  ) );
#3259 = PCURVE('',#1691,#3260);
#3260 = DEFINITIONAL_REPRESENTATION('',(#3261),#3271);
#3261 = B_SPLINE_CURVE_WITH_KNOTS('',8,(#3262,#3263,#3264,#3265,#3266,
    #3267,#3268,#3269,#3270),.UNSPECIFIED.,.F.,.F.,(9,9),(0.,1.),
  .PIECEWISE_BEZIER_KNOTS.);
#3262 = CARTESIAN_POINT('',(9.084227314193,-2.0091726502));
#3263 = CARTESIAN_POINT('',(9.081950198284,-1.717007082613));
#3264 = CARTESIAN_POINT('',(9.079444936094,-1.432729229991));
#3265 = CARTESIAN_POINT('',(9.076695926088,-1.157075735011));
#3266 = CARTESIAN_POINT('',(9.073686846806,-0.891796544284));
#3267 = CARTESIAN_POINT('',(9.070402815752,-0.639532800074));
#3268 = CARTESIAN_POINT('',(9.066830962056,-0.403798139714));
#3269 = CARTESIAN_POINT('',(9.062962028438,-0.188873088976));
#3270 = CARTESIAN_POINT('',(9.058787297149,9.119582748552E-13));
#3271 = ( GEOMETRIC_REPRESENTATION_CONTEXT(2) 
PARAMETRIC_REPRESENTATION_CONTEXT() REPRESENTATION_CONTEXT('2D SPACE',''
  ) );
#3272 = ORIENTED_EDGE('',*,*,#3273,.F.);
#3273 = EDGE_CURVE('',#3274,#3233,#3276,.T.);
#3274 = VERTEX_POINT('',#3275);
#3275 = CARTESIAN_POINT('',(-29.54745608099,-5.191130815307,
    360.91179765048));
#3276 = SEAM_CURVE('',#3277,(#3281,#3288),.PCURVE_S1.);
#3277 = LINE('',#3278,#3279);
#3278 = CARTESIAN_POINT('',(-20.,-5.191130815307,360.91179765048));
#3279 = VECTOR('',#3280,1.);
#3280 = DIRECTION('',(-1.,1.224646799147E-16,-1.109335647967E-31));
#3281 = PCURVE('',#1786,#3282);
#3282 = DEFINITIONAL_REPRESENTATION('',(#3283),#3287);
#3283 = LINE('',#3284,#3285);
#3284 = CARTESIAN_POINT('',(6.28318530718,-0.));
#3285 = VECTOR('',#3286,1.);
#3286 = DIRECTION('',(0.,1.));
#3287 = ( GEOMETRIC_REPRESENTATION_CONTEXT(2) 
PARAMETRIC_REPRESENTATION_CONTEXT() REPRESENTATION_CONTEXT('2D SPACE',''
  ) );
#3288 = PCURVE('',#1786,#3289);
#3289 = DEFINITIONAL_REPRESENTATION('',(#3290),#3294);
#3290 = LINE('',#3291,#3292);
#3291 = CARTESIAN_POINT('',(0.,-0.));
#3292 = VECTOR('',#3293,1.);
#3293 = DIRECTION('',(0.,1.));
#3294 = ( GEOMETRIC_REPRESENTATION_CONTEXT(2) 
PARAMETRIC_REPRESENTATION_CONTEXT() REPRESENTATION_CONTEXT('2D SPACE',''
  ) );
#3295 = ORIENTED_EDGE('',*,*,#3296,.T.);
#3296 = EDGE_CURVE('',#3274,#3274,#3297,.T.);
#3297 = SURFACE_CURVE('',#3298,(#3413,#3531),.PCURVE_S1.);
#3298 = B_SPLINE_CURVE_WITH_KNOTS('',8,(#3299,#3300,#3301,#3302,#3303,
    #3304,#3305,#3306,#3307,#3308,#3309,#3310,#3311,#3312,#3313,#3314,
    #3315,#3316,#3317,#3318,#3319,#3320,#3321,#3322,#3323,#3324,#3325,
    #3326,#3327,#3328,#3329,#3330,#3331,#3332,#3333,#3334,#3335,#3336,
    #3337,#3338,#3339,#3340,#3341,#3342,#3343,#3344,#3345,#3346,#3347,
    #3348,#3349,#3350,#3351,#3352,#3353,#3354,#3355,#3356,#3357,#3358,
    #3359,#3360,#3361,#3362,#3363,#3364,#3365,#3366,#3367,#3368,#3369,
    #3370,#3371,#3372,#3373,#3374,#3375,#3376,#3377,#3378,#3379,#3380,
    #3381,#3382,#3383,#3384,#3385,#3386,#3387,#3388,#3389,#3390,#3391,
    #3392,#3393,#3394,#3395,#3396,#3397,#3398,#3399,#3400,#3401,#3402,
    #3403,#3404,#3405,#3406,#3407,#3408,#3409,#3410,#3411,#3412),
  .UNSPECIFIED.,.T.,.F.,(9,7,7,7,7,7,7,7,7,7,7,7,7,7,7,7,9),(0.,
    7.000211039807E-02,0.106889100777,0.13553628672,0.179024498998,
    0.20835238819,0.247590955219,0.307037609146,0.385094929777,
    0.489340784965,0.590079920941,0.6796466863,0.780385822275,
    0.885187784936,0.947498721133,0.970541030038,1.),.UNSPECIFIED.);
#3299 = CARTESIAN_POINT('',(-29.54745608099,-5.191130815307,
    360.91179765048));
#3300 = CARTESIAN_POINT('',(-29.58322545369,-4.987534719102,
    361.18197879566));
#3301 = CARTESIAN_POINT('',(-29.62078686311,-4.764331950719,
    361.44474103806));
#3302 = CARTESIAN_POINT('',(-29.65967528583,-4.521040075075,
    361.69869563561));
#3303 = CARTESIAN_POINT('',(-29.69933375797,-4.257192012023,
    361.94224951129));
#3304 = CARTESIAN_POINT('',(-29.73909665876,-3.972375985042,
    362.17357344336));
#3305 = CARTESIAN_POINT('',(-29.77818287897,-3.66627826031,
    362.39056810596));
#3306 = CARTESIAN_POINT('',(-29.81569887425,-3.338728676191,
    362.59082796017));
#3307 = CARTESIAN_POINT('',(-29.86906963334,-2.805857202637,
    362.86686079486));
#3308 = CARTESIAN_POINT('',(-29.88677908076,-2.615983818693,
    362.95672400582));
#3309 = CARTESIAN_POINT('',(-29.90360705724,-2.420401322831,
    363.04064612793));
#3310 = CARTESIAN_POINT('',(-29.91938215982,-2.219412444207,
    363.11811387923));
#3311 = CARTESIAN_POINT('',(-29.9339379191,-2.013349909815,
    363.18864665269));
#3312 = CARTESIAN_POINT('',(-29.94711624754,-1.802576224708,
    363.25179597269));
#3313 = CARTESIAN_POINT('',(-29.95877088782,-1.587483452222,
    363.30714495146));
#3314 = CARTESIAN_POINT('',(-29.97653704344,-1.198420556559,
    363.39093532932));
#3315 = CARTESIAN_POINT('',(-29.98330211535,-1.026066829444,
    363.422610441));
#3316 = CARTESIAN_POINT('',(-29.98899832295,-0.851800337462,
    363.4491244153));
#3317 = CARTESIAN_POINT('',(-29.99357028102,-0.675995785878,
    363.47031057966));
#3318 = CARTESIAN_POINT('',(-29.99697566723,-0.499033813668,
    363.48604412638));
#3319 = CARTESIAN_POINT('',(-29.99918591629,-0.32130074657,
    363.49624198477));
#3320 = CARTESIAN_POINT('',(-30.00018691417,-0.143188350127,
    363.50086269331));
#3321 = CARTESIAN_POINT('',(-29.99966511673,0.305265365078,
    363.49845436435));
#3322 = CARTESIAN_POINT('',(-29.99656662829,0.575108434869,
    363.4841529476));
#3323 = CARTESIAN_POINT('',(-29.99070402859,0.843205384082,
    363.45708314882));
#3324 = CARTESIAN_POINT('',(-29.98216684907,1.108338243042,
    363.41751072103));
#3325 = CARTESIAN_POINT('',(-29.97111217599,1.369317371155,363.365883813
    ));
#3326 = CARTESIAN_POINT('',(-29.95775845166,1.624997331787,
    363.30283159423));
#3327 = CARTESIAN_POINT('',(-29.94237525209,1.874292585833,
    363.22916373502));
#3328 = CARTESIAN_POINT('',(-29.91373283279,2.2793275245,363.08969902129
    ));
#3329 = CARTESIAN_POINT('',(-29.90140249947,2.439247430724,
    363.02909863882));
#3330 = CARTESIAN_POINT('',(-29.88835542455,2.595832880245,
    362.9642902648));
#3331 = CARTESIAN_POINT('',(-29.8746705087,2.748974484946,
    362.89549695373));
#3332 = CARTESIAN_POINT('',(-29.86042737436,2.898573296943,
    362.82294426939));
#3333 = CARTESIAN_POINT('',(-29.84570557047,3.044540794528,
    362.74686041044));
#3334 = CARTESIAN_POINT('',(-29.83058377714,3.186798868119,
    362.66747633609));
#3335 = CARTESIAN_POINT('',(-29.79447504409,3.510557155552,
    362.47471323773));
#3336 = CARTESIAN_POINT('',(-29.77322851008,3.689112400752,
    362.35888834975));
#3337 = CARTESIAN_POINT('',(-29.75156428555,3.860953405921,
    362.23800296018));
#3338 = CARTESIAN_POINT('',(-29.72963664696,4.026105619729,
    362.1124782109));
#3339 = CARTESIAN_POINT('',(-29.70758913893,4.184609564186,361.982706572
    ));
#3340 = CARTESIAN_POINT('',(-29.68555444325,4.336518323431,
    361.84905376065));
#3341 = CARTESIAN_POINT('',(-29.66365424778,4.481895032519,
    361.71186065989));
#3342 = CARTESIAN_POINT('',(-29.60919146582,4.831267892876,
    361.35871506787));
#3343 = CARTESIAN_POINT('',(-29.57693450553,5.026971291985,
    361.13851195411));
#3344 = CARTESIAN_POINT('',(-29.54559902139,5.208247536068,
    360.9118306264));
#3345 = CARTESIAN_POINT('',(-29.51550122555,5.375427012198,
    360.67952936371));
#3346 = CARTESIAN_POINT('',(-29.48690887419,5.52883286951,
    360.44234601559));
#3347 = CARTESIAN_POINT('',(-29.46004738621,5.668770366718,
    360.20091402384));
#3348 = CARTESIAN_POINT('',(-29.4351059619,5.795516219641,
    359.95577844429));
#3349 = CARTESIAN_POINT('',(-29.38222406797,6.058723885443,359.381290642
    ));
#3350 = CARTESIAN_POINT('',(-29.35578943641,6.18580428846,
    359.04960155595));
#3351 = CARTESIAN_POINT('',(-29.33331041529,6.291036559854,
    358.71352634937));
#3352 = CARTESIAN_POINT('',(-29.31506474583,6.374818180822,
    358.37409297388));
#3353 = CARTESIAN_POINT('',(-29.30125083508,6.437453140031,
    358.03221233824));
#3354 = CARTESIAN_POINT('',(-29.29199740977,6.47914691407,
    357.68871460108));
#3355 = CARTESIAN_POINT('',(-29.28736929121,6.5,357.34438511185));
#3356 = CARTESIAN_POINT('',(-29.28736929121,6.5,356.54007234415));
#3357 = CARTESIAN_POINT('',(-29.29562391593,6.462807747915,
    356.08039839579));
#3358 = CARTESIAN_POINT('',(-29.31211675068,6.388492495971,
    355.62271722676));
#3359 = CARTESIAN_POINT('',(-29.33664444292,6.276728205657,
    355.16884295315));
#3360 = CARTESIAN_POINT('',(-29.36880508868,6.126831672942,
    354.72078283132));
#3361 = CARTESIAN_POINT('',(-29.40796340076,5.937804088137,
    354.28089041256));
#3362 = CARTESIAN_POINT('',(-29.45319265866,5.708376030431,
    353.85205375633));
#3363 = CARTESIAN_POINT('',(-29.55151224893,5.174862683165,
    353.0377147089));
#3364 = CARTESIAN_POINT('',(-29.60446310871,4.872592763434,
    352.64978062777));
#3365 = CARTESIAN_POINT('',(-29.66086234246,4.528779316949,
    352.27816956721));
#3366 = CARTESIAN_POINT('',(-29.71910922193,4.142136801437,
    351.92772750827));
#3367 = CARTESIAN_POINT('',(-29.7771452649,3.711689145278,
    351.60417317977));
#3368 = CARTESIAN_POINT('',(-29.83240917045,3.236970654794,
    351.31423049288));
#3369 = CARTESIAN_POINT('',(-29.88188315598,2.718334175418,
    351.06583967138));
#3370 = CARTESIAN_POINT('',(-29.95828443928,1.658677629081,
    350.69299548094));
#3371 = CARTESIAN_POINT('',(-29.98715143638,1.125859459015,
    350.55762063286));
#3372 = CARTESIAN_POINT('',(-30.00595547596,0.569112363366,
    350.4724284191));
#3373 = CARTESIAN_POINT('',(-30.01250431855,-7.396749879263E-12,
    350.44337696892));
#3374 = CARTESIAN_POINT('',(-30.00595547596,-0.569112363355,
    350.4724284191));
#3375 = CARTESIAN_POINT('',(-29.98715143638,-1.12585945902,
    350.55762063286));
#3376 = CARTESIAN_POINT('',(-29.95828443928,-1.65867762908,
    350.69299548094));
#3377 = CARTESIAN_POINT('',(-29.88188315598,-2.718334175419,
    351.06583967138));
#3378 = CARTESIAN_POINT('',(-29.83240917045,-3.236970654793,
    351.31423049288));
#3379 = CARTESIAN_POINT('',(-29.7771452649,-3.711689145279,
    351.60417317977));
#3380 = CARTESIAN_POINT('',(-29.71910922193,-4.142136801437,
    351.92772750827));
#3381 = CARTESIAN_POINT('',(-29.66086234246,-4.528779316948,
    352.27816956721));
#3382 = CARTESIAN_POINT('',(-29.60446310871,-4.872592763434,
    352.64978062777));
#3383 = CARTESIAN_POINT('',(-29.55151224893,-5.174862683164,
    353.0377147089));
#3384 = CARTESIAN_POINT('',(-29.45292592567,-5.709823408396,
    353.85426299139));
#3385 = CARTESIAN_POINT('',(-29.40748083569,-5.940251458813,
    354.28546729484));
#3386 = CARTESIAN_POINT('',(-29.36817853267,-6.129855352829,
    354.72782753457));
#3387 = CARTESIAN_POINT('',(-29.33595876853,-6.279922988121,
    355.17841281061));
#3388 = CARTESIAN_POINT('',(-29.31146404676,-6.391465671199,
    355.63483646252));
#3389 = CARTESIAN_POINT('',(-29.29509901396,-6.465172326287,
    356.09506312988));
#3390 = CARTESIAN_POINT('',(-29.28706588089,-6.501367097421,
    356.55725181162));
#3391 = CARTESIAN_POINT('',(-29.28756018166,-6.499139891485,
    357.29454890384));
#3392 = CARTESIAN_POINT('',(-29.29069390292,-6.485021058816,
    357.56942241452));
#3393 = CARTESIAN_POINT('',(-29.29677441277,-6.457614935776,
    357.84385316541));
#3394 = CARTESIAN_POINT('',(-29.30577462955,-6.41687963375,
    358.11743517841));
#3395 = CARTESIAN_POINT('',(-29.31764103295,-6.362731649115,
    358.38974768066));
#3396 = CARTESIAN_POINT('',(-29.33229168285,-6.295047226873,
    358.66034399705));
#3397 = CARTESIAN_POINT('',(-29.34961423828,-6.213663724281,
    358.92874044277));
#3398 = CARTESIAN_POINT('',(-29.37680432162,-6.083145834576,
    359.29264687511));
#3399 = CARTESIAN_POINT('',(-29.38449038626,-6.046009060931,
    359.39051739307));
#3400 = CARTESIAN_POINT('',(-29.39251496667,-6.00696004936,
    359.4879908936));
#3401 = CARTESIAN_POINT('',(-29.40087019422,-5.96598736194,
    359.58504038861));
#3402 = CARTESIAN_POINT('',(-29.40954753514,-5.923078727003,
    359.68163777797));
#3403 = CARTESIAN_POINT('',(-29.4185377905,-5.878221039137,
    359.77775384951));
#3404 = CARTESIAN_POINT('',(-29.42783109621,-5.831400359188,
    359.87335827901));
#3405 = CARTESIAN_POINT('',(-29.4496721439,-5.720214419621,
    360.08995300182));
#3406 = CARTESIAN_POINT('',(-29.46240514797,-5.654595768629,
    360.21059570283));
#3407 = CARTESIAN_POINT('',(-29.47559404906,-5.585713837898,
    360.33028425493));
#3408 = CARTESIAN_POINT('',(-29.4892148474,-5.513535092867,
    360.44894953879));
#3409 = CARTESIAN_POINT('',(-29.50324130535,-5.438024568651,
    360.56651678476));
#3410 = CARTESIAN_POINT('',(-29.51764482304,-5.359145850906,
    360.68290556369));
#3411 = CARTESIAN_POINT('',(-29.53239431403,-5.276861056688,
    360.7980297776));
#3412 = CARTESIAN_POINT('',(-29.54745608099,-5.191130815307,
    360.91179765048));
#3413 = PCURVE('',#1786,#3414);
#3414 = DEFINITIONAL_REPRESENTATION('',(#3415),#3530);
#3415 = B_SPLINE_CURVE_WITH_KNOTS('',8,(#3416,#3417,#3418,#3419,#3420,
    #3421,#3422,#3423,#3424,#3425,#3426,#3427,#3428,#3429,#3430,#3431,
    #3432,#3433,#3434,#3435,#3436,#3437,#3438,#3439,#3440,#3441,#3442,
    #3443,#3444,#3445,#3446,#3447,#3448,#3449,#3450,#3451,#3452,#3453,
    #3454,#3455,#3456,#3457,#3458,#3459,#3460,#3461,#3462,#3463,#3464,
    #3465,#3466,#3467,#3468,#3469,#3470,#3471,#3472,#3473,#3474,#3475,
    #3476,#3477,#3478,#3479,#3480,#3481,#3482,#3483,#3484,#3485,#3486,
    #3487,#3488,#3489,#3490,#3491,#3492,#3493,#3494,#3495,#3496,#3497,
    #3498,#3499,#3500,#3501,#3502,#3503,#3504,#3505,#3506,#3507,#3508,
    #3509,#3510,#3511,#3512,#3513,#3514,#3515,#3516,#3517,#3518,#3519,
    #3520,#3521,#3522,#3523,#3524,#3525,#3526,#3527,#3528,#3529),
  .UNSPECIFIED.,.F.,.F.,(9,7,7,7,7,7,7,7,7,7,7,7,7,7,7,7,9),(0.,
    7.000211039807E-02,0.106889100777,0.13553628672,0.179024498998,
    0.20835238819,0.247590955219,0.307037609146,0.385094929777,
    0.489340784965,0.590079920941,0.6796466863,0.780385822275,
    0.885187784936,0.947498721133,0.970541030038,1.),.UNSPECIFIED.);
#3416 = CARTESIAN_POINT('',(8.881784197001E-16,9.547456080996));
#3417 = CARTESIAN_POINT('',(5.204668400471E-02,9.583225453695));
#3418 = CARTESIAN_POINT('',(0.104997238536,9.620786863116));
#3419 = CARTESIAN_POINT('',(0.158940158601,9.659675285837));
#3420 = CARTESIAN_POINT('',(0.213969687607,9.699333757975));
#3421 = CARTESIAN_POINT('',(0.270184823987,9.73909665876));
#3422 = CARTESIAN_POINT('',(0.32769148763,9.778182878975));
#3423 = CARTESIAN_POINT('',(0.386607846106,9.815698874254));
#3424 = CARTESIAN_POINT('',(0.478934271533,9.869069633348));
#3425 = CARTESIAN_POINT('',(0.511231119546,9.886779080762));
#3426 = CARTESIAN_POINT('',(0.543936765394,9.903607057246));
#3427 = CARTESIAN_POINT('',(0.577028444518,9.919382159828));
#3428 = CARTESIAN_POINT('',(0.610486602704,9.933937919105));
#3429 = CARTESIAN_POINT('',(0.644294291643,9.947116247549));
#3430 = CARTESIAN_POINT('',(0.678436564483,9.958770887823));
#3431 = CARTESIAN_POINT('',(0.739664775524,9.976537043449));
#3432 = CARTESIAN_POINT('',(0.766612371094,9.983302115353));
#3433 = CARTESIAN_POINT('',(0.793709683656,9.98899832295));
#3434 = CARTESIAN_POINT('',(0.82092584997,9.993570281029));
#3435 = CARTESIAN_POINT('',(0.848231387059,9.996975667239));
#3436 = CARTESIAN_POINT('',(0.875597461271,9.999185916292));
#3437 = CARTESIAN_POINT('',(0.902995157332,10.000186914176));
#3438 = CARTESIAN_POINT('',(0.971989031467,9.999665116739));
#3439 = CARTESIAN_POINT('',(1.013514564569,9.996566628296));
#3440 = CARTESIAN_POINT('',(1.054891682307,9.990704028593));
#3441 = CARTESIAN_POINT('',(1.096040895412,9.982166849075));
#3442 = CARTESIAN_POINT('',(1.136880445155,9.971112175993));
#3443 = CARTESIAN_POINT('',(1.177323819918,9.957758451669));
#3444 = CARTESIAN_POINT('',(1.217277232973,9.942375252098));
#3445 = CARTESIAN_POINT('',(1.283180821855,9.913732832797));
#3446 = CARTESIAN_POINT('',(1.309478795482,9.901402499479));
#3447 = CARTESIAN_POINT('',(1.335530978983,9.888355424556));
#3448 = CARTESIAN_POINT('',(1.361336582603,9.874670508703));
#3449 = CARTESIAN_POINT('',(1.386894012496,9.860427374364));
#3450 = CARTESIAN_POINT('',(1.412200853045,9.84570557047));
#3451 = CARTESIAN_POINT('',(1.437253849198,9.830583777144));
#3452 = CARTESIAN_POINT('',(1.495222835146,9.794475044096));
#3453 = CARTESIAN_POINT('',(1.527942056307,9.77322851008));
#3454 = CARTESIAN_POINT('',(1.560227571486,9.751564285555));
#3455 = CARTESIAN_POINT('',(1.592098909092,9.72963664696));
#3456 = CARTESIAN_POINT('',(1.62357432167,9.707589138933));
#3457 = CARTESIAN_POINT('',(1.65467100086,9.685554443252));
#3458 = CARTESIAN_POINT('',(1.685405292346,9.663654247786));
#3459 = CARTESIAN_POINT('',(1.761830326926,9.609191465821));
#3460 = CARTESIAN_POINT('',(1.807088841321,9.576934505531));
#3461 = CARTESIAN_POINT('',(1.851643090228,9.545599021392));
#3462 = CARTESIAN_POINT('',(1.895563075302,9.515501225556));
#3463 = CARTESIAN_POINT('',(1.938915290798,9.486908874199));
#3464 = CARTESIAN_POINT('',(1.981763850752,9.460047386213));
#3465 = CARTESIAN_POINT('',(2.024171616161,9.435105961902));
#3466 = CARTESIAN_POINT('',(2.121389058081,9.382224067972));
#3467 = CARTESIAN_POINT('',(2.1759242965,9.355789436415));
#3468 = CARTESIAN_POINT('',(2.229928918669,9.333310415291));
#3469 = CARTESIAN_POINT('',(2.283515699128,9.315064745832));
#3470 = CARTESIAN_POINT('',(2.336792370396,9.301250835083));
#3471 = CARTESIAN_POINT('',(2.389864689372,9.291997409773));
#3472 = CARTESIAN_POINT('',(2.442838505451,9.287369291215));
#3473 = CARTESIAN_POINT('',(2.566578931252,9.287369291215));
#3474 = CARTESIAN_POINT('',(2.637298373704,9.295623915936));
#3475 = CARTESIAN_POINT('',(2.708249752009,9.312116750686));
#3476 = CARTESIAN_POINT('',(2.77969409145,9.336644442924));
#3477 = CARTESIAN_POINT('',(2.851890913104,9.368805088686));
#3478 = CARTESIAN_POINT('',(2.925108758882,9.407963400768));
#3479 = CARTESIAN_POINT('',(2.999638176789,9.45319265866));
#3480 = CARTESIAN_POINT('',(3.149413912563,9.551512248937));
#3481 = CARTESIAN_POINT('',(3.224820387464,9.604463108719));
#3482 = CARTESIAN_POINT('',(3.302237152422,9.660862342462));
#3483 = CARTESIAN_POINT('',(3.38187957521,9.719109221934));
#3484 = CARTESIAN_POINT('',(3.463992782957,9.777145264902));
#3485 = CARTESIAN_POINT('',(3.5488576602,9.832409170458));
#3486 = CARTESIAN_POINT('',(3.636808359797,9.881883155985));
#3487 = CARTESIAN_POINT('',(3.809629352559,9.958284439284));
#3488 = CARTESIAN_POINT('',(3.893867191838,9.987151436388));
#3489 = CARTESIAN_POINT('',(3.979834902523,10.005955475968));
#3490 = CARTESIAN_POINT('',(4.066617157147,10.012504318554));
#3491 = CARTESIAN_POINT('',(4.15339941177,10.005955475968));
#3492 = CARTESIAN_POINT('',(4.239367122456,9.987151436387));
#3493 = CARTESIAN_POINT('',(4.323604961734,9.958284439284));
#3494 = CARTESIAN_POINT('',(4.496425954497,9.881883155985));
#3495 = CARTESIAN_POINT('',(4.584376654093,9.832409170458));
#3496 = CARTESIAN_POINT('',(4.669241531337,9.777145264902));
#3497 = CARTESIAN_POINT('',(4.751354739084,9.719109221934));
#3498 = CARTESIAN_POINT('',(4.830997161871,9.660862342462));
#3499 = CARTESIAN_POINT('',(4.90841392683,9.604463108719));
#3500 = CARTESIAN_POINT('',(4.983820401731,9.551512248937));
#3501 = CARTESIAN_POINT('',(5.134002466795,9.452925925673));
#3502 = CARTESIAN_POINT('',(5.208920895663,9.407480835695));
#3503 = CARTESIAN_POINT('',(5.282515701902,9.368178532677));
#3504 = CARTESIAN_POINT('',(5.355081837451,9.335958768538));
#3505 = CARTESIAN_POINT('',(5.4268917826,9.311464046768));
#3506 = CARTESIAN_POINT('',(5.498208865607,9.295099013963));
#3507 = CARTESIAN_POINT('',(5.569298058073,9.28706588089));
#3508 = CARTESIAN_POINT('',(5.682728897481,9.287560181663));
#3509 = CARTESIAN_POINT('',(5.72502345865,9.290693902927));
#3510 = CARTESIAN_POINT('',(5.767371442219,9.296774412774));
#3511 = CARTESIAN_POINT('',(5.809825644194,9.305774629555));
#3512 = CARTESIAN_POINT('',(5.852438945693,9.317641032951));
#3513 = CARTESIAN_POINT('',(5.895265114648,9.332291682859));
#3514 = CARTESIAN_POINT('',(5.938359607514,9.349614238284));
#3515 = CARTESIAN_POINT('',(5.997837177456,9.376804321625));
#3516 = CARTESIAN_POINT('',(6.013939030413,9.384490386263));
#3517 = CARTESIAN_POINT('',(6.030088992915,9.392514966672));
#3518 = CARTESIAN_POINT('',(6.046290206435,9.400870194226));
#3519 = CARTESIAN_POINT('',(6.062545890846,9.409547535145));
#3520 = CARTESIAN_POINT('',(6.07885934442,9.418537790501));
#3521 = CARTESIAN_POINT('',(6.095233943829,9.427831096212));
#3522 = CARTESIAN_POINT('',(6.132690218015,9.449672143905));
#3523 = CARTESIAN_POINT('',(6.153812402576,9.462405147979));
#3524 = CARTESIAN_POINT('',(6.175047420871,9.475594049063));
#3525 = CARTESIAN_POINT('',(6.196402905036,9.489214847402));
#3526 = CARTESIAN_POINT('',(6.217886509621,9.503241305351));
#3527 = CARTESIAN_POINT('',(6.239506024903,9.51764482304));
#3528 = CARTESIAN_POINT('',(6.261269490197,9.532394314033));
#3529 = CARTESIAN_POINT('',(6.28318530718,9.547456080996));
#3530 = ( GEOMETRIC_REPRESENTATION_CONTEXT(2) 
PARAMETRIC_REPRESENTATION_CONTEXT() REPRESENTATION_CONTEXT('2D SPACE',''
  ) );
#3531 = PCURVE('',#2509,#3532);
#3532 = DEFINITIONAL_REPRESENTATION('',(#3533),#3648);
#3533 = B_SPLINE_CURVE_WITH_KNOTS('',8,(#3534,#3535,#3536,#3537,#3538,
    #3539,#3540,#3541,#3542,#3543,#3544,#3545,#3546,#3547,#3548,#3549,
    #3550,#3551,#3552,#3553,#3554,#3555,#3556,#3557,#3558,#3559,#3560,
    #3561,#3562,#3563,#3564,#3565,#3566,#3567,#3568,#3569,#3570,#3571,
    #3572,#3573,#3574,#3575,#3576,#3577,#3578,#3579,#3580,#3581,#3582,
    #3583,#3584,#3585,#3586,#3587,#3588,#3589,#3590,#3591,#3592,#3593,
    #3594,#3595,#3596,#3597,#3598,#3599,#3600,#3601,#3602,#3603,#3604,
    #3605,#3606,#3607,#3608,#3609,#3610,#3611,#3612,#3613,#3614,#3615,
    #3616,#3617,#3618,#3619,#3620,#3621,#3622,#3623,#3624,#3625,#3626,
    #3627,#3628,#3629,#3630,#3631,#3632,#3633,#3634,#3635,#3636,#3637,
    #3638,#3639,#3640,#3641,#3642,#3643,#3644,#3645,#3646,#3647),
  .UNSPECIFIED.,.T.,.F.,(9,7,7,7,7,7,7,7,7,7,7,7,7,7,7,7,9),(0.,
    7.000211039807E-02,0.106889100777,0.13553628672,0.179024498998,
    0.20835238819,0.247590955219,0.307037609146,0.385094929777,
    0.489340784965,0.590079920941,0.6796466863,0.780385822275,
    0.885187784936,0.947498721133,0.970541030038,1.),.UNSPECIFIED.);
#3534 = CARTESIAN_POINT('',(2.530107547707,16.911797650488));
#3535 = CARTESIAN_POINT('',(2.523217069703,17.18197879566));
#3536 = CARTESIAN_POINT('',(2.51567255978,17.444741038068));
#3537 = CARTESIAN_POINT('',(2.507460356957,17.698695635617));
#3538 = CARTESIAN_POINT('',(2.498567452413,17.942249511296));
#3539 = CARTESIAN_POINT('',(2.488982685535,18.173573443366));
#3540 = CARTESIAN_POINT('',(2.478697941741,18.390568105968));
#3541 = CARTESIAN_POINT('',(2.46770935208,18.590827960178));
#3542 = CARTESIAN_POINT('',(2.449858101104,18.866860794865));
#3543 = CARTESIAN_POINT('',(2.443501664724,18.956724005828));
#3544 = CARTESIAN_POINT('',(2.436958448049,19.040646127936));
#3545 = CARTESIAN_POINT('',(2.430238605263,19.118113879233));
#3546 = CARTESIAN_POINT('',(2.423353173153,19.188646652695));
#3547 = CARTESIAN_POINT('',(2.416314062087,19.251795972698));
#3548 = CARTESIAN_POINT('',(2.409134047004,19.307144951463));
#3549 = CARTESIAN_POINT('',(2.396151769637,19.39093532932));
#3550 = CARTESIAN_POINT('',(2.390402338922,19.422610441005));
#3551 = CARTESIAN_POINT('',(2.384590563374,19.449124415307));
#3552 = CARTESIAN_POINT('',(2.378728694094,19.470310579667));
#3553 = CARTESIAN_POINT('',(2.372829140656,19.486044126384));
#3554 = CARTESIAN_POINT('',(2.366904475603,19.496241984774));
#3555 = CARTESIAN_POINT('',(2.360967438953,19.500862693312));
#3556 = CARTESIAN_POINT('',(2.34601897166,19.498454364353));
#3557 = CARTESIAN_POINT('',(2.337024087962,19.484152947606));
#3558 = CARTESIAN_POINT('',(2.328086188028,19.457083148828));
#3559 = CARTESIAN_POINT('',(2.319244771617,19.417510721038));
#3560 = CARTESIAN_POINT('',(2.310538526844,19.365883813001));
#3561 = CARTESIAN_POINT('',(2.30200488943,19.302831594238));
#3562 = CARTESIAN_POINT('',(2.293679576184,19.229163735027));
#3563 = CARTESIAN_POINT('',(2.280144695742,19.089699021297));
#3564 = CARTESIAN_POINT('',(2.274798318716,19.029098638821));
#3565 = CARTESIAN_POINT('',(2.269560880565,18.964290264802));
#3566 = CARTESIAN_POINT('',(2.264435997859,18.895496953736));
#3567 = CARTESIAN_POINT('',(2.259426981676,18.822944269394));
#3568 = CARTESIAN_POINT('',(2.25453683449,18.746860410449));
#3569 = CARTESIAN_POINT('',(2.249768247055,18.667476336091));
#3570 = CARTESIAN_POINT('',(2.238909391514,18.474713237732));
#3571 = CARTESIAN_POINT('',(2.232915724449,18.358888349753));
#3572 = CARTESIAN_POINT('',(2.227142577858,18.238002960188));
#3573 = CARTESIAN_POINT('',(2.22158942159,18.112478210906));
#3574 = CARTESIAN_POINT('',(2.216255278398,17.982706572008));
#3575 = CARTESIAN_POINT('',(2.21113879076,17.849053760653));
#3576 = CARTESIAN_POINT('',(2.206238287708,17.711860659895));
#3577 = CARTESIAN_POINT('',(2.194451874147,17.35871506787));
#3578 = CARTESIAN_POINT('',(2.187840653786,17.138511954117));
#3579 = CARTESIAN_POINT('',(2.181708798082,16.911830626406));
#3580 = CARTESIAN_POINT('',(2.176046804183,16.679529363718));
#3581 = CARTESIAN_POINT('',(2.170845371059,16.442346015592));
#3582 = CARTESIAN_POINT('',(2.166095711702,16.200914023845));
#3583 = CARTESIAN_POINT('',(2.161789865321,15.955778444299));
#3584 = CARTESIAN_POINT('',(2.152840950424,15.381290642007));
#3585 = CARTESIAN_POINT('',(2.148514360751,15.049601555952));
#3586 = CARTESIAN_POINT('',(2.144927548564,14.71352634937));
#3587 = CARTESIAN_POINT('',(2.142069391567,14.374092973884));
#3588 = CARTESIAN_POINT('',(2.139931387117,14.032212338248));
#3589 = CARTESIAN_POINT('',(2.138507779174,13.688714601087));
#3590 = CARTESIAN_POINT('',(2.137795762237,13.344385111854));
#3591 = CARTESIAN_POINT('',(2.137795762237,12.540072344151));
#3592 = CARTESIAN_POINT('',(2.139065676522,12.080398395799));
#3593 = CARTESIAN_POINT('',(2.141603110502,11.622717226765));
#3594 = CARTESIAN_POINT('',(2.145417239703,11.168842953151));
#3595 = CARTESIAN_POINT('',(2.150527385681,10.720782831328));
#3596 = CARTESIAN_POINT('',(2.156961690629,10.280890412568));
#3597 = CARTESIAN_POINT('',(2.164755890664,9.852053756331));
#3598 = CARTESIAN_POINT('',(2.182839131326,9.037714708902));
#3599 = CARTESIAN_POINT('',(2.193067830046,8.649780627775));
#3600 = CARTESIAN_POINT('',(2.204680259248,8.278169567214));
#3601 = CARTESIAN_POINT('',(2.217711388936,7.927727508271));
#3602 = CARTESIAN_POINT('',(2.2321854617,7.604173179773));
#3603 = CARTESIAN_POINT('',(2.248110973751,7.314230492886));
#3604 = CARTESIAN_POINT('',(2.265472686195,7.065839671382));
#3605 = CARTESIAN_POINT('',(2.300886260998,6.69299548094));
#3606 = CARTESIAN_POINT('',(2.318670076943,6.557620632869));
#3607 = CARTESIAN_POINT('',(2.337232411824,6.472428419104));
#3608 = CARTESIAN_POINT('',(2.356194490192,6.443376968927));
#3609 = CARTESIAN_POINT('',(2.375156568561,6.472428419104));
#3610 = CARTESIAN_POINT('',(2.393718903442,6.55762063287));
#3611 = CARTESIAN_POINT('',(2.411502719386,6.69299548094));
#3612 = CARTESIAN_POINT('',(2.446916294189,7.065839671382));
#3613 = CARTESIAN_POINT('',(2.464278006634,7.314230492886));
#3614 = CARTESIAN_POINT('',(2.480203518684,7.604173179773));
#3615 = CARTESIAN_POINT('',(2.494677591448,7.927727508271));
#3616 = CARTESIAN_POINT('',(2.507708721137,8.278169567214));
#3617 = CARTESIAN_POINT('',(2.519321150338,8.649780627776));
#3618 = CARTESIAN_POINT('',(2.529549849059,9.037714708901));
#3619 = CARTESIAN_POINT('',(2.547682148069,9.854262991393));
#3620 = CARTESIAN_POINT('',(2.555510433279,10.285467294847));
#3621 = CARTESIAN_POINT('',(2.561964518769,10.727827534579));
#3622 = CARTESIAN_POINT('',(2.567080655923,11.178412810611));
#3623 = CARTESIAN_POINT('',(2.570887335713,11.634836462522));
#3624 = CARTESIAN_POINT('',(2.573404041642,12.095063129888));
#3625 = CARTESIAN_POINT('',(2.574639896875,12.557251811623));
#3626 = CARTESIAN_POINT('',(2.574563850255,13.294548903845));
#3627 = CARTESIAN_POINT('',(2.574081772635,13.569422414525));
#3628 = CARTESIAN_POINT('',(2.573146017279,13.843853165419));
#3629 = CARTESIAN_POINT('',(2.571755423994,14.117435178418));
#3630 = CARTESIAN_POINT('',(2.569907666746,14.389747680661));
#3631 = CARTESIAN_POINT('',(2.567599292614,14.660343997052));
#3632 = CARTESIAN_POINT('',(2.564825760731,14.928740442774));
#3633 = CARTESIAN_POINT('',(2.56038176101,15.292646875118));
#3634 = CARTESIAN_POINT('',(2.559117634643,15.390517393072));
#3635 = CARTESIAN_POINT('',(2.557788803131,15.487990893603));
#3636 = CARTESIAN_POINT('',(2.556394942929,15.585040388616));
#3637 = CARTESIAN_POINT('',(2.554935705946,15.681637777976));
#3638 = CARTESIAN_POINT('',(2.553410719545,15.777753849511));
#3639 = CARTESIAN_POINT('',(2.551819586547,15.873358279015));
#3640 = CARTESIAN_POINT('',(2.548042558832,16.08995300182));
#3641 = CARTESIAN_POINT('',(2.545814477261,16.210595702831));
#3642 = CARTESIAN_POINT('',(2.543476715693,16.330284254939));
#3643 = CARTESIAN_POINT('',(2.541028310891,16.448949538794));
#3644 = CARTESIAN_POINT('',(2.538468259373,16.566516784767));
#3645 = CARTESIAN_POINT('',(2.535795515589,16.682905563693));
#3646 = CARTESIAN_POINT('',(2.53300899009,16.798029777608));
#3647 = CARTESIAN_POINT('',(2.530107547707,16.911797650488));
#3648 = ( GEOMETRIC_REPRESENTATION_CONTEXT(2) 
PARAMETRIC_REPRESENTATION_CONTEXT() REPRESENTATION_CONTEXT('2D SPACE',''
  ) );
#3649 = ORIENTED_EDGE('',*,*,#3273,.T.);
#3650 = ORIENTED_EDGE('',*,*,#3651,.F.);
#3651 = EDGE_CURVE('',#3652,#3233,#3654,.T.);
#3652 = VERTEX_POINT('',#3653);
#3653 = CARTESIAN_POINT('',(-99.33472592054,-5.381063249874,
    360.64611550843));
#3654 = SURFACE_CURVE('',#3655,(#3661,#3670),.PCURVE_S1.);
#3655 = B_SPLINE_CURVE_WITH_KNOTS('',4,(#3656,#3657,#3658,#3659,#3660),
  .UNSPECIFIED.,.F.,.F.,(5,5),(0.,1.),.PIECEWISE_BEZIER_KNOTS.);
#3656 = CARTESIAN_POINT('',(-99.33472592054,-5.381063249874,
    360.64611550843));
#3657 = CARTESIAN_POINT('',(-99.36498817439,-5.335650204845,
    360.71313764942));
#3658 = CARTESIAN_POINT('',(-99.39513549277,-5.288873142509,
    360.77977602263));
#3659 = CARTESIAN_POINT('',(-99.42515498924,-5.24070864661,
    360.84600564619));
#3660 = CARTESIAN_POINT('',(-99.45503177953,-5.191130815307,
    360.91179765048));
#3661 = PCURVE('',#1786,#3662);
#3662 = DEFINITIONAL_REPRESENTATION('',(#3663),#3669);
#3663 = B_SPLINE_CURVE_WITH_KNOTS('',4,(#3664,#3665,#3666,#3667,#3668),
  .UNSPECIFIED.,.F.,.F.,(5,5),(0.,1.),.PIECEWISE_BEZIER_KNOTS.);
#3664 = CARTESIAN_POINT('',(6.232935333941,79.334725920548));
#3665 = CARTESIAN_POINT('',(6.245390519445,79.364988174397));
#3666 = CARTESIAN_POINT('',(6.257914542038,79.395135492774));
#3667 = CARTESIAN_POINT('',(6.270511381856,79.425154989244));
#3668 = CARTESIAN_POINT('',(6.28318530718,79.455031779532));
#3669 = ( GEOMETRIC_REPRESENTATION_CONTEXT(2) 
PARAMETRIC_REPRESENTATION_CONTEXT() REPRESENTATION_CONTEXT('2D SPACE',''
  ) );
#3670 = PCURVE('',#1691,#3671);
#3671 = DEFINITIONAL_REPRESENTATION('',(#3672),#3678);
#3672 = B_SPLINE_CURVE_WITH_KNOTS('',4,(#3673,#3674,#3675,#3676,#3677),
  .UNSPECIFIED.,.F.,.F.,(5,5),(0.,1.),.PIECEWISE_BEZIER_KNOTS.);
#3673 = CARTESIAN_POINT('',(9.086197002143,-2.274854792252));
#3674 = CARTESIAN_POINT('',(9.085724713017,-2.207832651264));
#3675 = CARTESIAN_POINT('',(9.085239146497,-2.141194278054));
#3676 = CARTESIAN_POINT('',(9.084740092002,-2.074964654497));
#3677 = CARTESIAN_POINT('',(9.084227314193,-2.0091726502));
#3678 = ( GEOMETRIC_REPRESENTATION_CONTEXT(2) 
PARAMETRIC_REPRESENTATION_CONTEXT() REPRESENTATION_CONTEXT('2D SPACE',''
  ) );
#3679 = ORIENTED_EDGE('',*,*,#3680,.F.);
#3680 = EDGE_CURVE('',#3681,#3652,#3683,.T.);
#3681 = VERTEX_POINT('',#3682);
#3682 = CARTESIAN_POINT('',(-98.79405706801,-6.382341893176,
    358.23114254196));
#3683 = SURFACE_CURVE('',#3684,(#3699,#3717),.PCURVE_S1.);
#3684 = B_SPLINE_CURVE_WITH_KNOTS('',4,(#3685,#3686,#3687,#3688,#3689,
    #3690,#3691,#3692,#3693,#3694,#3695,#3696,#3697,#3698),
  .UNSPECIFIED.,.F.,.F.,(5,3,3,3,5),(0.,0.256464665926,0.509343642639,
    0.757401495133,1.),.UNSPECIFIED.);
#3685 = CARTESIAN_POINT('',(-98.79405706801,-6.382341893174,
    358.23114254196));
#3686 = CARTESIAN_POINT('',(-98.82807212755,-6.351360803916,
    358.39175099884));
#3687 = CARTESIAN_POINT('',(-98.86231254569,-6.314900443947,
    358.55178847934));
#3688 = CARTESIAN_POINT('',(-98.89674273736,-6.272914468228,
    358.71111630789));
#3689 = CARTESIAN_POINT('',(-98.9654132756,-6.17840174053,
    359.02582495745));
#3690 = CARTESIAN_POINT('',(-98.99964941654,-6.126030588336,
    359.1812292984));
#3691 = CARTESIAN_POINT('',(-99.03398701078,-6.06813770063,
    359.33564199154));
#3692 = CARTESIAN_POINT('',(-99.10210776734,-5.942310157718,
    359.63920999058));
#3693 = CARTESIAN_POINT('',(-99.13588885726,-5.874588080736,
    359.78840878261));
#3694 = CARTESIAN_POINT('',(-99.16967054211,-5.8013533007,
    359.93631712821));
#3695 = CARTESIAN_POINT('',(-99.2363721769,-5.645340466104,
    360.2259239581));
#3696 = CARTESIAN_POINT('',(-99.26929452992,-5.56280814428,
    360.36768672287));
#3697 = CARTESIAN_POINT('',(-99.30210312256,-5.474762986832,
    360.50783019907));
#3698 = CARTESIAN_POINT('',(-99.33472592054,-5.381063249874,
    360.64611550843));
#3699 = PCURVE('',#1786,#3700);
#3700 = DEFINITIONAL_REPRESENTATION('',(#3701),#3716);
#3701 = B_SPLINE_CURVE_WITH_KNOTS('',4,(#3702,#3703,#3704,#3705,#3706,
    #3707,#3708,#3709,#3710,#3711,#3712,#3713,#3714,#3715),
  .UNSPECIFIED.,.F.,.F.,(5,3,3,3,5),(0.,0.256464665926,0.509343642639,
    0.757401495133,1.),.UNSPECIFIED.);
#3702 = CARTESIAN_POINT('',(5.827971199807,78.794057068017));
#3703 = CARTESIAN_POINT('',(5.853135702049,78.828072127558));
#3704 = CARTESIAN_POINT('',(5.878373648969,78.862312545697));
#3705 = CARTESIAN_POINT('',(5.903707733952,78.896742737363));
#3706 = CARTESIAN_POINT('',(5.954260697521,78.965413275602));
#3707 = CARTESIAN_POINT('',(5.979476227277,78.999649416545));
#3708 = CARTESIAN_POINT('',(6.00483195997,79.033987010786));
#3709 = CARTESIAN_POINT('',(6.055387711747,79.102107767343));
#3710 = CARTESIAN_POINT('',(6.080581465713,79.135888857268));
#3711 = CARTESIAN_POINT('',(6.105958206,79.169670542113));
#3712 = CARTESIAN_POINT('',(6.15656683788,79.236372176908));
#3713 = CARTESIAN_POINT('',(6.181789590597,79.26929452992));
#3714 = CARTESIAN_POINT('',(6.207236823639,79.302103122561));
#3715 = CARTESIAN_POINT('',(6.232935333941,79.334725920549));
#3716 = ( GEOMETRIC_REPRESENTATION_CONTEXT(2) 
PARAMETRIC_REPRESENTATION_CONTEXT() REPRESENTATION_CONTEXT('2D SPACE',''
  ) );
#3717 = PCURVE('',#3718,#3723);
#3718 = CONICAL_SURFACE('',#3719,99.480367989919,0.196349540849);
#3719 = AXIS2_PLACEMENT_3D('',#3720,#3721,#3722);
#3720 = CARTESIAN_POINT('',(0.,0.,360.64611550843));
#3721 = DIRECTION('',(-0.,0.,1.));
#3722 = DIRECTION('',(0.923879532511,0.382683432365,0.));
#3723 = DEFINITIONAL_REPRESENTATION('',(#3724),#3739);
#3724 = B_SPLINE_CURVE_WITH_KNOTS('',4,(#3725,#3726,#3727,#3728,#3729,
    #3730,#3731,#3732,#3733,#3734,#3735,#3736,#3737,#3738),
  .UNSPECIFIED.,.F.,.F.,(5,3,3,3,5),(0.,0.256464665926,0.509343642639,
    0.757401495133,1.),.UNSPECIFIED.);
#3725 = CARTESIAN_POINT('',(9.096591719092,-2.414972966474));
#3726 = CARTESIAN_POINT('',(9.096257279419,-2.254364509592));
#3727 = CARTESIAN_POINT('',(9.095867749738,-2.094327029095));
#3728 = CARTESIAN_POINT('',(9.095422790403,-1.934999200549));
#3729 = CARTESIAN_POINT('',(9.094427715558,-1.620290550986));
#3730 = CARTESIAN_POINT('',(9.093879157477,-1.464886210032));
#3731 = CARTESIAN_POINT('',(9.093275451852,-1.310473516891));
#3732 = CARTESIAN_POINT('',(9.091968468372,-1.00690551785));
#3733 = CARTESIAN_POINT('',(9.091267309211,-0.857706725826));
#3734 = CARTESIAN_POINT('',(9.090511316182,-0.709798380224));
#3735 = CARTESIAN_POINT('',(9.088905218851,-0.420191550339));
#3736 = CARTESIAN_POINT('',(9.088057554243,-0.278428785562));
#3737 = CARTESIAN_POINT('',(9.087155253332,-0.138285309365));
#3738 = CARTESIAN_POINT('',(9.086197002143,0.));
#3739 = ( GEOMETRIC_REPRESENTATION_CONTEXT(2) 
PARAMETRIC_REPRESENTATION_CONTEXT() REPRESENTATION_CONTEXT('2D SPACE',''
  ) );
#3740 = ORIENTED_EDGE('',*,*,#3741,.F.);
#3741 = EDGE_CURVE('',#3742,#3681,#3744,.T.);
#3742 = VERTEX_POINT('',#3743);
#3743 = CARTESIAN_POINT('',(-98.79405706801,-6.382341893172,
    355.76885745803));
#3744 = SURFACE_CURVE('',#3745,(#3760,#3778),.PCURVE_S1.);
#3745 = B_SPLINE_CURVE_WITH_KNOTS('',5,(#3746,#3747,#3748,#3749,#3750,
    #3751,#3752,#3753,#3754,#3755,#3756,#3757,#3758,#3759),
  .UNSPECIFIED.,.F.,.F.,(6,4,4,6),(0.,0.500001581967,0.907010699879,1.),
  .UNSPECIFIED.);
#3746 = CARTESIAN_POINT('',(-98.79405707549,-6.382341777435,
    355.76885685803));
#3747 = CARTESIAN_POINT('',(-98.79100790834,-6.429540690288,
    356.01353969229));
#3748 = CARTESIAN_POINT('',(-98.7887014998,-6.464804240822,
    356.25939638744));
#3749 = CARTESIAN_POINT('',(-98.7871576551,-6.488268071782,
    356.50601421298));
#3750 = CARTESIAN_POINT('',(-98.78638570167,-6.5,356.75300419906));
#3751 = CARTESIAN_POINT('',(-98.78638570167,-6.5,357.20105845));
#3752 = CARTESIAN_POINT('',(-98.78689720201,-6.492226040709,
    357.40211590968));
#3753 = CARTESIAN_POINT('',(-98.78792024875,-6.476678226646,
    357.60297076704));
#3754 = CARTESIAN_POINT('',(-98.78945061126,-6.453326770311,
    357.80341487513));
#3755 = CARTESIAN_POINT('',(-98.79194338653,-6.414980357425,
    358.04888608925));
#3756 = CARTESIAN_POINT('',(-98.79243302667,-6.407438271534,
    358.09450592687));
#3757 = CARTESIAN_POINT('',(-98.79294860021,-6.399485023181,
    358.14009047169));
#3758 = CARTESIAN_POINT('',(-98.79348999216,-6.391119819216,
    358.18563708938));
#3759 = CARTESIAN_POINT('',(-98.79405707502,-6.382341784669,
    358.23114310446));
#3760 = PCURVE('',#1786,#3761);
#3761 = DEFINITIONAL_REPRESENTATION('',(#3762),#3777);
#3762 = B_SPLINE_CURVE_WITH_KNOTS('',5,(#3763,#3764,#3765,#3766,#3767,
    #3768,#3769,#3770,#3771,#3772,#3773,#3774,#3775,#3776),
  .UNSPECIFIED.,.F.,.F.,(6,4,4,6),(0.,0.500001581967,0.907010699879,1.),
  .UNSPECIFIED.);
#3763 = CARTESIAN_POINT('',(5.446855674067,78.794057075494));
#3764 = CARTESIAN_POINT('',(5.485193143728,78.791007908345));
#3765 = CARTESIAN_POINT('',(5.523360149237,78.788701499806));
#3766 = CARTESIAN_POINT('',(5.561415673824,78.787157655101));
#3767 = CARTESIAN_POINT('',(5.599414129951,78.786385701674));
#3768 = CARTESIAN_POINT('',(5.668345553172,78.786385701674));
#3769 = CARTESIAN_POINT('',(5.699277616482,78.786897202018));
#3770 = CARTESIAN_POINT('',(5.730239730085,78.787920248759));
#3771 = CARTESIAN_POINT('',(5.7612623967,78.789450611265));
#3772 = CARTESIAN_POINT('',(5.799485214119,78.791943386538));
#3773 = CARTESIAN_POINT('',(5.806598638592,78.792433026678));
#3774 = CARTESIAN_POINT('',(5.813717209676,78.79294860021));
#3775 = CARTESIAN_POINT('',(5.820841300764,78.793489992164));
#3776 = CARTESIAN_POINT('',(5.827971287941,78.794057075027));
#3777 = ( GEOMETRIC_REPRESENTATION_CONTEXT(2) 
PARAMETRIC_REPRESENTATION_CONTEXT() REPRESENTATION_CONTEXT('2D SPACE',''
  ) );
#3778 = PCURVE('',#3779,#3784);
#3779 = CYLINDRICAL_SURFACE('',#3780,99.);
#3780 = AXIS2_PLACEMENT_3D('',#3781,#3782,#3783);
#3781 = CARTESIAN_POINT('',(0.,0.,358.23114254196));
#3782 = DIRECTION('',(0.,-0.,-1.));
#3783 = DIRECTION('',(0.923879532511,0.382683432365,0.));
#3784 = DEFINITIONAL_REPRESENTATION('',(#3785),#3800);
#3785 = B_SPLINE_CURVE_WITH_KNOTS('',5,(#3786,#3787,#3788,#3789,#3790,
    #3791,#3792,#3793,#3794,#3795,#3796,#3797,#3798,#3799),
  .UNSPECIFIED.,.F.,.F.,(6,4,4,6),(0.,0.500001581967,0.907010699879,1.),
  .UNSPECIFIED.);
#3786 = CARTESIAN_POINT('',(-9.096591717921,2.46228568393));
#3787 = CARTESIAN_POINT('',(-9.097069468448,2.217602849674));
#3788 = CARTESIAN_POINT('',(-9.097426426878,1.971746154523));
#3789 = CARTESIAN_POINT('',(-9.097663947778,1.725128328977));
#3790 = CARTESIAN_POINT('',(-9.097782708355,1.478138342903));
#3791 = CARTESIAN_POINT('',(-9.097782708355,1.030084091965));
#3792 = CARTESIAN_POINT('',(-9.097704013712,0.829026632283));
#3793 = CARTESIAN_POINT('',(-9.097546625486,0.628171774917));
#3794 = CARTESIAN_POINT('',(-9.097310246216,0.42772766683));
#3795 = CARTESIAN_POINT('',(-9.096922091155,0.182256452712));
#3796 = CARTESIAN_POINT('',(-9.096845748093,0.136636615088));
#3797 = CARTESIAN_POINT('',(-9.096765243629,9.105207026736E-02));
#3798 = CARTESIAN_POINT('',(-9.096680569842,4.550545257974E-02));
#3799 = CARTESIAN_POINT('',(-9.096591717994,-5.625007832855E-07));
#3800 = ( GEOMETRIC_REPRESENTATION_CONTEXT(2) 
PARAMETRIC_REPRESENTATION_CONTEXT() REPRESENTATION_CONTEXT('2D SPACE',''
  ) );
#3801 = ORIENTED_EDGE('',*,*,#3802,.F.);
#3802 = EDGE_CURVE('',#3803,#3742,#3805,.T.);
#3803 = VERTEX_POINT('',#3804);
#3804 = CARTESIAN_POINT('',(-99.33472592054,-5.381063249872,
    353.35388449156));
#3805 = SURFACE_CURVE('',#3806,(#3817,#3831),.PCURVE_S1.);
#3806 = B_SPLINE_CURVE_WITH_KNOTS('',5,(#3807,#3808,#3809,#3810,#3811,
    #3812,#3813,#3814,#3815,#3816),.UNSPECIFIED.,.F.,.F.,(6,4,6),(0.,
    0.49255312703,1.),.UNSPECIFIED.);
#3807 = CARTESIAN_POINT('',(-99.33472592054,-5.381063249872,
    353.35388449156));
#3808 = CARTESIAN_POINT('',(-99.28173783601,-5.53325649782,
    353.57849654554));
#3809 = CARTESIAN_POINT('',(-99.22829157348,-5.671460230034,
    353.80769854935));
#3810 = CARTESIAN_POINT('',(-99.17462507057,-5.796159694333,
    354.04070563821));
#3811 = CARTESIAN_POINT('',(-99.12092685278,-5.907740980359,
    354.27687773234));
#3812 = CARTESIAN_POINT('',(-99.01214055536,-6.108289213264,
    354.76176363705));
#3813 = CARTESIAN_POINT('',(-98.95706222774,-6.196465285655,
    355.01062881592));
#3814 = CARTESIAN_POINT('',(-98.90227091231,-6.271391990088,
    355.26174635993));
#3815 = CARTESIAN_POINT('',(-98.84789973139,-6.333301721477,
    355.51462926626));
#3816 = CARTESIAN_POINT('',(-98.79405706801,-6.382341893172,
    355.76885745803));
#3817 = PCURVE('',#1786,#3818);
#3818 = DEFINITIONAL_REPRESENTATION('',(#3819),#3830);
#3819 = B_SPLINE_CURVE_WITH_KNOTS('',5,(#3820,#3821,#3822,#3823,#3824,
    #3825,#3826,#3827,#3828,#3829),.UNSPECIFIED.,.F.,.F.,(6,4,6),(0.,
    0.49255312703,1.),.UNSPECIFIED.);
#3820 = CARTESIAN_POINT('',(5.041891633942,79.334725920549));
#3821 = CARTESIAN_POINT('',(5.083632837038,79.281737836013));
#3822 = CARTESIAN_POINT('',(5.124751378247,79.228291573488));
#3823 = CARTESIAN_POINT('',(5.16534050545,79.17462507057));
#3824 = CARTESIAN_POINT('',(5.205477114986,79.120926852789));
#3825 = CARTESIAN_POINT('',(5.286203687503,79.012140555362));
#3826 = CARTESIAN_POINT('',(5.326768651313,78.957062227741));
#3827 = CARTESIAN_POINT('',(5.367017881737,78.902270912315));
#3828 = CARTESIAN_POINT('',(5.407022710552,78.847899731398));
#3829 = CARTESIAN_POINT('',(5.446855768077,78.794057068017));
#3830 = ( GEOMETRIC_REPRESENTATION_CONTEXT(2) 
PARAMETRIC_REPRESENTATION_CONTEXT() REPRESENTATION_CONTEXT('2D SPACE',''
  ) );
#3831 = PCURVE('',#3832,#3837);
#3832 = CONICAL_SURFACE('',#3833,99.,0.196349540849);
#3833 = AXIS2_PLACEMENT_3D('',#3834,#3835,#3836);
#3834 = CARTESIAN_POINT('',(0.,0.,355.76885745803));
#3835 = DIRECTION('',(0.,-0.,-1.));
#3836 = DIRECTION('',(0.923879532511,0.382683432365,0.));
#3837 = DEFINITIONAL_REPRESENTATION('',(#3838),#3849);
#3838 = B_SPLINE_CURVE_WITH_KNOTS('',5,(#3839,#3840,#3841,#3842,#3843,
    #3844,#3845,#3846,#3847,#3848),.UNSPECIFIED.,.F.,.F.,(6,4,6),(0.,
    0.49255312703,1.),.UNSPECIFIED.);
#3839 = CARTESIAN_POINT('',(-9.086197002143,2.414972966474));
#3840 = CARTESIAN_POINT('',(-9.087753456467,2.190360912491));
#3841 = CARTESIAN_POINT('',(-9.089171487539,1.961158908684));
#3842 = CARTESIAN_POINT('',(-9.090455604684,1.728151819823));
#3843 = CARTESIAN_POINT('',(-9.09160931271,1.491979725696));
#3844 = CARTESIAN_POINT('',(-9.093692595902,1.007093820985));
#3845 = CARTESIAN_POINT('',(-9.09461428651,0.758228642109));
#3846 = CARTESIAN_POINT('',(-9.095403552291,0.507111098102));
#3847 = CARTESIAN_POINT('',(-9.096062332315,0.25422819177));
#3848 = CARTESIAN_POINT('',(-9.096591719092,0.));
#3849 = ( GEOMETRIC_REPRESENTATION_CONTEXT(2) 
PARAMETRIC_REPRESENTATION_CONTEXT() REPRESENTATION_CONTEXT('2D SPACE',''
  ) );
#3850 = ORIENTED_EDGE('',*,*,#3851,.F.);
#3851 = EDGE_CURVE('',#3852,#3803,#3854,.T.);
#3852 = VERTEX_POINT('',#3853);
#3853 = CARTESIAN_POINT('',(-100.3868281023,-2.681811085507,
    351.07902969931));
#3854 = SURFACE_CURVE('',#3855,(#3868,#3884),.PCURVE_S1.);
#3855 = B_SPLINE_CURVE_WITH_KNOTS('',6,(#3856,#3857,#3858,#3859,#3860,
    #3861,#3862,#3863,#3864,#3865,#3866,#3867),.UNSPECIFIED.,.F.,.F.,(7,
    5,7),(0.,0.470065205583,1.),.UNSPECIFIED.);
#3856 = CARTESIAN_POINT('',(-100.3868281023,-2.681811085502,
    351.0790296993));
#3857 = CARTESIAN_POINT('',(-100.3245300496,-2.972389477041,
    351.21064264652));
#3858 = CARTESIAN_POINT('',(-100.2560570775,-3.247152044376,
    351.35571540784));
#3859 = CARTESIAN_POINT('',(-100.1825290496,-3.505970485778,
    351.51204235461));
#3860 = CARTESIAN_POINT('',(-100.1049129666,-3.749148800683,
    351.6777222528));
#3861 = CARTESIAN_POINT('',(-100.023970625,-3.977265688561,
    351.85125334055));
#3862 = CARTESIAN_POINT('',(-99.84583839193,-4.43209058874,
    352.23491813065));
#3863 = CARTESIAN_POINT('',(-99.7479354869,-4.654808356336,
    352.44680539962));
#3864 = CARTESIAN_POINT('',(-99.64732349528,-4.860245892037,
    352.66571546784));
#3865 = CARTESIAN_POINT('',(-99.54462361314,-5.049245663706,
    352.89043758049));
#3866 = CARTESIAN_POINT('',(-99.44031351823,-5.22261324307,
    353.12003849667));
#3867 = CARTESIAN_POINT('',(-99.33472592054,-5.381063249872,
    353.35388449156));
#3868 = PCURVE('',#1786,#3869);
#3869 = DEFINITIONAL_REPRESENTATION('',(#3870),#3883);
#3870 = B_SPLINE_CURVE_WITH_KNOTS('',6,(#3871,#3872,#3873,#3874,#3875,
    #3876,#3877,#3878,#3879,#3880,#3881,#3882),.UNSPECIFIED.,.F.,.F.,(7,
    5,7),(0.,0.470065205583,1.),.UNSPECIFIED.);
#3871 = CARTESIAN_POINT('',(4.491908644889,80.386828102379));
#3872 = CARTESIAN_POINT('',(4.540984788964,80.324530049639));
#3873 = CARTESIAN_POINT('',(4.588698838716,80.256057077512));
#3874 = CARTESIAN_POINT('',(4.635105594819,80.182529049636));
#3875 = CARTESIAN_POINT('',(4.680280572453,80.104912966654));
#3876 = CARTESIAN_POINT('',(4.72431974924,80.023970625009));
#3877 = CARTESIAN_POINT('',(4.815863299323,79.845838391933));
#3878 = CARTESIAN_POINT('',(4.863072417953,79.747935486901));
#3879 = CARTESIAN_POINT('',(4.909151375329,79.647323495285));
#3880 = CARTESIAN_POINT('',(4.954230468295,79.54462361314));
#3881 = CARTESIAN_POINT('',(4.998434424088,79.440313518236));
#3882 = CARTESIAN_POINT('',(5.041891633942,79.334725920549));
#3883 = ( GEOMETRIC_REPRESENTATION_CONTEXT(2) 
PARAMETRIC_REPRESENTATION_CONTEXT() REPRESENTATION_CONTEXT('2D SPACE',''
  ) );
#3884 = PCURVE('',#3885,#3890);
#3885 = CONICAL_SURFACE('',#3886,99.480367989919,0.392699081699);
#3886 = AXIS2_PLACEMENT_3D('',#3887,#3888,#3889);
#3887 = CARTESIAN_POINT('',(0.,0.,353.35388449156));
#3888 = DIRECTION('',(0.,-0.,-1.));
#3889 = DIRECTION('',(0.923879532511,0.382683432365,0.));
#3890 = DEFINITIONAL_REPRESENTATION('',(#3891),#3904);
#3891 = B_SPLINE_CURVE_WITH_KNOTS('',6,(#3892,#3893,#3894,#3895,#3896,
    #3897,#3898,#3899,#3900,#3901,#3902,#3903),.UNSPECIFIED.,.F.,.F.,(7,
    5,7),(0.,0.470065205583,1.),.UNSPECIFIED.);
#3892 = CARTESIAN_POINT('',(-9.058787297149,2.274854792253));
#3893 = CARTESIAN_POINT('',(-9.061696386484,2.14324184504));
#3894 = CARTESIAN_POINT('',(-9.064453471545,1.998169083719));
#3895 = CARTESIAN_POINT('',(-9.067057377835,1.841842136948));
#3896 = CARTESIAN_POINT('',(-9.069510904709,1.67616223876));
#3897 = CARTESIAN_POINT('',(-9.071819444567,1.502631151012));
#3898 = CARTESIAN_POINT('',(-9.076437038515,1.118966360902));
#3899 = CARTESIAN_POINT('',(-9.078707589084,0.907079091938));
#3900 = CARTESIAN_POINT('',(-9.080811365321,0.68816902372));
#3901 = CARTESIAN_POINT('',(-9.082756097657,0.463446911065));
#3902 = CARTESIAN_POINT('',(-9.084549144897,0.233845994887));
#3903 = CARTESIAN_POINT('',(-9.086197002143,0.));
#3904 = ( GEOMETRIC_REPRESENTATION_CONTEXT(2) 
PARAMETRIC_REPRESENTATION_CONTEXT() REPRESENTATION_CONTEXT('2D SPACE',''
  ) );
#3905 = ORIENTED_EDGE('',*,*,#3906,.F.);
#3906 = EDGE_CURVE('',#3907,#3852,#3909,.T.);
#3907 = VERTEX_POINT('',#3908);
#3908 = CARTESIAN_POINT('',(-100.3868281023,2.681811085507,
    351.07902969931));
#3909 = SURFACE_CURVE('',#3910,(#3948,#3989),.PCURVE_S1.);
#3910 = B_SPLINE_CURVE_WITH_KNOTS('',6,(#3911,#3912,#3913,#3914,#3915,
    #3916,#3917,#3918,#3919,#3920,#3921,#3922,#3923,#3924,#3925,#3926,
    #3927,#3928,#3929,#3930,#3931,#3932,#3933,#3934,#3935,#3936,#3937,
    #3938,#3939,#3940,#3941,#3942,#3943,#3944,#3945,#3946,#3947),
  .UNSPECIFIED.,.F.,.F.,(7,5,5,5,5,5,5,7),(0.,0.205185356495,
    0.305582712508,0.499484558759,0.633328520749,0.694870139943,
    0.795282236666,1.),.UNSPECIFIED.);
#3911 = CARTESIAN_POINT('',(-100.3868281023,2.681811085508,
    351.07902969931));
#3912 = CARTESIAN_POINT('',(-100.4377145973,2.527358638393,
    351.00907287402));
#3913 = CARTESIAN_POINT('',(-100.4861631195,2.367604788501,
    350.94254146009));
#3914 = CARTESIAN_POINT('',(-100.5318771146,2.20244675011,
    350.87982943078));
#3915 = CARTESIAN_POINT('',(-100.5745009231,2.031884446272,
    350.82141044879));
#3916 = CARTESIAN_POINT('',(-100.613634674,1.856046683257,
    350.76781712334));
#3917 = CARTESIAN_POINT('',(-100.6661134046,1.586787974931,
    350.69599440856));
#3918 = CARTESIAN_POINT('',(-100.6824213968,1.497141164563,
    350.6736834808));
#3919 = CARTESIAN_POINT('',(-100.6977476932,1.406351956328,
    350.65272270018));
#3920 = CARTESIAN_POINT('',(-100.7120436704,1.314474104392,
    350.63317691498));
#3921 = CARTESIAN_POINT('',(-100.7252620434,1.221575878507,
    350.61510920589));
#3922 = CARTESIAN_POINT('',(-100.7607215338,0.9465162364,350.56665179941
    ));
#3923 = CARTESIAN_POINT('',(-100.7799055809,0.761757432172,
    350.54045085321));
#3924 = CARTESIAN_POINT('',(-100.7945812382,0.574148685791,
    350.52041571534));
#3925 = CARTESIAN_POINT('',(-100.8044873259,0.384500726611,
    350.50689500596));
#3926 = CARTESIAN_POINT('',(-100.8094727986,0.193766184186,
    350.50009032118));
#3927 = CARTESIAN_POINT('',(-100.8095837626,-0.128588340748,
    350.49993886694));
#3928 = CARTESIAN_POINT('',(-100.8072850528,-0.260242494333,
    350.50307637104));
#3929 = CARTESIAN_POINT('',(-100.8026415911,-0.391556454121,
    350.5094141881));
#3930 = CARTESIAN_POINT('',(-100.7956862123,-0.522203913186,
    350.51890848332));
#3931 = CARTESIAN_POINT('',(-100.7864802221,-0.651883138889,
    350.53147740864));
#3932 = CARTESIAN_POINT('',(-100.7698794879,-0.839369282864,
    350.55414881378));
#3933 = CARTESIAN_POINT('',(-100.7641925771,-0.898160834864,
    350.56191610696));
#3934 = CARTESIAN_POINT('',(-100.7580557647,-0.956664753571,
    350.57029883061));
#3935 = CARTESIAN_POINT('',(-100.7514779359,-1.014857420226,
    350.57928512526));
#3936 = CARTESIAN_POINT('',(-100.7444686723,-1.072717290499,
    350.58886220348));
#3937 = CARTESIAN_POINT('',(-100.7249146819,-1.224055040161,
    350.61558398587));
#3938 = CARTESIAN_POINT('',(-100.7116697797,-1.31694762292,
    350.63368806479));
#3939 = CARTESIAN_POINT('',(-100.6973477167,-1.408818171775,
    350.65326964265));
#3940 = CARTESIAN_POINT('',(-100.6819958289,-1.499598582936,
    350.67426557109));
#3941 = CARTESIAN_POINT('',(-100.6656627739,-1.589235267236,
    350.69661095638));
#3942 = CARTESIAN_POINT('',(-100.6131950092,-1.858021165706,
    350.76841924265));
#3943 = CARTESIAN_POINT('',(-100.5741178794,-2.033416674833,
    350.82193543929));
#3944 = CARTESIAN_POINT('',(-100.531569049,-2.203559513379,
    350.88025204684));
#3945 = CARTESIAN_POINT('',(-100.485945479,-2.368322367964,
    350.94284033285));
#3946 = CARTESIAN_POINT('',(-100.4376003036,-2.527705546362,
    351.00923000057));
#3947 = CARTESIAN_POINT('',(-100.3868281023,-2.681811085507,
    351.07902969931));
#3948 = PCURVE('',#1786,#3949);
#3949 = DEFINITIONAL_REPRESENTATION('',(#3950),#3988);
#3950 = B_SPLINE_CURVE_WITH_KNOTS('',6,(#3951,#3952,#3953,#3954,#3955,
    #3956,#3957,#3958,#3959,#3960,#3961,#3962,#3963,#3964,#3965,#3966,
    #3967,#3968,#3969,#3970,#3971,#3972,#3973,#3974,#3975,#3976,#3977,
    #3978,#3979,#3980,#3981,#3982,#3983,#3984,#3985,#3986,#3987),
  .UNSPECIFIED.,.F.,.F.,(7,5,5,5,5,5,5,7),(0.,0.205185356495,
    0.305582712508,0.499484558759,0.633328520749,0.694870139943,
    0.795282236666,1.),.UNSPECIFIED.);
#3951 = CARTESIAN_POINT('',(3.641325669404,80.386828102378));
#3952 = CARTESIAN_POINT('',(3.667411334298,80.437714597314));
#3953 = CARTESIAN_POINT('',(3.694022512975,80.486163119514));
#3954 = CARTESIAN_POINT('',(3.72118058248,80.531877114686));
#3955 = CARTESIAN_POINT('',(3.748893777957,80.574500923149));
#3956 = CARTESIAN_POINT('',(3.777156858232,80.613634674059));
#3957 = CARTESIAN_POINT('',(3.820029658776,80.666113404612));
#3958 = CARTESIAN_POINT('',(3.834240193504,80.682421396829));
#3959 = CARTESIAN_POINT('',(3.848572033267,80.697747693223));
#3960 = CARTESIAN_POINT('',(3.863020108909,80.712043670443));
#3961 = CARTESIAN_POINT('',(3.877577655618,80.725262043419));
#3962 = CARTESIAN_POINT('',(3.920546180485,80.76072153382));
#3963 = CARTESIAN_POINT('',(3.949238966197,80.779905580969));
#3964 = CARTESIAN_POINT('',(3.978239526917,80.794581238291));
#3965 = CARTESIAN_POINT('',(4.007462778816,80.804487325976));
#3966 = CARTESIAN_POINT('',(4.036806971709,80.80947279868));
#3967 = CARTESIAN_POINT('',(4.086399981018,80.809583762636));
#3968 = CARTESIAN_POINT('',(4.106654231078,80.807285052809));
#3969 = CARTESIAN_POINT('',(4.126870888294,80.802641591191));
#3970 = CARTESIAN_POINT('',(4.147014660741,80.795686212334));
#3971 = CARTESIAN_POINT('',(4.167053170249,80.786480222181));
#3972 = CARTESIAN_POINT('',(4.196107311423,80.769879487958));
#3973 = CARTESIAN_POINT('',(4.205230205459,80.764192577198));
#3974 = CARTESIAN_POINT('',(4.214321918608,80.758055764779));
#3975 = CARTESIAN_POINT('',(4.223379956051,80.75147793596));
#3976 = CARTESIAN_POINT('',(4.23240206815,80.744468672311));
#3977 = CARTESIAN_POINT('',(4.256044957733,80.724914681979));
#3978 = CARTESIAN_POINT('',(4.27060272134,80.711669779748));
#3979 = CARTESIAN_POINT('',(4.285050844862,80.697347716746));
#3980 = CARTESIAN_POINT('',(4.299382583544,80.681995828949));
#3981 = CARTESIAN_POINT('',(4.313592888038,80.665662773968));
#3982 = CARTESIAN_POINT('',(4.356394837115,80.613195009296));
#3983 = CARTESIAN_POINT('',(4.384589504724,80.574117879491));
#3984 = CARTESIAN_POINT('',(4.412236716478,80.531569049075));
#3985 = CARTESIAN_POINT('',(4.439331334662,80.485945479088));
#3986 = CARTESIAN_POINT('',(4.465881569711,80.437600303685));
#3987 = CARTESIAN_POINT('',(4.49190864489,80.386828102377));
#3988 = ( GEOMETRIC_REPRESENTATION_CONTEXT(2) 
PARAMETRIC_REPRESENTATION_CONTEXT() REPRESENTATION_CONTEXT('2D SPACE',''
  ) );
#3989 = PCURVE('',#2032,#3990);
#3990 = DEFINITIONAL_REPRESENTATION('',(#3991),#4029);
#3991 = B_SPLINE_CURVE_WITH_KNOTS('',6,(#3992,#3993,#3994,#3995,#3996,
    #3997,#3998,#3999,#4000,#4001,#4002,#4003,#4004,#4005,#4006,#4007,
    #4008,#4009,#4010,#4011,#4012,#4013,#4014,#4015,#4016,#4017,#4018,
    #4019,#4020,#4021,#4022,#4023,#4024,#4025,#4026,#4027,#4028),
  .UNSPECIFIED.,.F.,.F.,(7,5,5,5,5,5,5,7),(0.,0.205185356495,
    0.305582712508,0.499484558759,0.633328520749,0.694870139943,
    0.795282236666,1.),.UNSPECIFIED.);
#3992 = CARTESIAN_POINT('',(-2.722185153813,9.831686821923E-13));
#3993 = CARTESIAN_POINT('',(-2.723736161557,6.99568252882E-02));
#3994 = CARTESIAN_POINT('',(-2.725337560356,0.136488239215));
#3995 = CARTESIAN_POINT('',(-2.726990354957,0.199200268528));
#3996 = CARTESIAN_POINT('',(-2.728694559322,0.257619250521));
#3997 = CARTESIAN_POINT('',(-2.730448970967,0.311212575962));
#3998 = CARTESIAN_POINT('',(-2.73313213442,0.383035290747));
#3999 = CARTESIAN_POINT('',(-2.734024941178,0.405346218511));
#4000 = CARTESIAN_POINT('',(-2.734928628539,0.426306999131));
#4001 = CARTESIAN_POINT('',(-2.735842686904,0.445852784322));
#4002 = CARTESIAN_POINT('',(-2.736766467988,0.463920493412));
#4003 = CARTESIAN_POINT('',(-2.739500529044,0.5123778999));
#4004 = CARTESIAN_POINT('',(-2.741335580548,0.538578846099));
#4005 = CARTESIAN_POINT('',(-2.743197786359,0.558613983963));
#4006 = CARTESIAN_POINT('',(-2.745079437991,0.572134693347));
#4007 = CARTESIAN_POINT('',(-2.746971470183,0.578939378124));
#4008 = CARTESIAN_POINT('',(-2.750169129184,0.579090832362));
#4009 = CARTESIAN_POINT('',(-2.751475096359,0.575953328262));
#4010 = CARTESIAN_POINT('',(-2.752777815777,0.569615511205));
#4011 = CARTESIAN_POINT('',(-2.754074178757,0.560121215987));
#4012 = CARTESIAN_POINT('',(-2.755361311855,0.54755229067));
#4013 = CARTESIAN_POINT('',(-2.757222916778,0.524880885525));
#4014 = CARTESIAN_POINT('',(-2.757806778936,0.517113592345));
#4015 = CARTESIAN_POINT('',(-2.758387899068,0.508730868693));
#4016 = CARTESIAN_POINT('',(-2.758966052288,0.499744574051));
#4017 = CARTESIAN_POINT('',(-2.759541033555,0.490167495824));
#4018 = CARTESIAN_POINT('',(-2.761045326951,0.463445713439));
#4019 = CARTESIAN_POINT('',(-2.761969061185,0.445341634513));
#4020 = CARTESIAN_POINT('',(-2.762883056917,0.425760056652));
#4021 = CARTESIAN_POINT('',(-2.763786667453,0.404764128221));
#4022 = CARTESIAN_POINT('',(-2.76467938477,0.382418742931));
#4023 = CARTESIAN_POINT('',(-2.767357873227,0.310610456653));
#4024 = CARTESIAN_POINT('',(-2.769107894079,0.257094260013));
#4025 = CARTESIAN_POINT('',(-2.770807924681,0.198777652468));
#4026 = CARTESIAN_POINT('',(-2.772456776574,0.136189366457));
#4027 = CARTESIAN_POINT('',(-2.774054465866,6.979969873672E-02));
#4028 = CARTESIAN_POINT('',(-2.775601989969,0.));
#4029 = ( GEOMETRIC_REPRESENTATION_CONTEXT(2) 
PARAMETRIC_REPRESENTATION_CONTEXT() REPRESENTATION_CONTEXT('2D SPACE',''
  ) );
#4030 = ORIENTED_EDGE('',*,*,#4031,.F.);
#4031 = EDGE_CURVE('',#4032,#3907,#4034,.T.);
#4032 = VERTEX_POINT('',#4033);
#4033 = CARTESIAN_POINT('',(-99.33472592054,5.381063249872,
    353.35388449156));
#4034 = SURFACE_CURVE('',#4035,(#4045,#4058),.PCURVE_S1.);
#4035 = B_SPLINE_CURVE_WITH_KNOTS('',8,(#4036,#4037,#4038,#4039,#4040,
    #4041,#4042,#4043,#4044),.UNSPECIFIED.,.F.,.F.,(9,9),(0.,1.),
  .PIECEWISE_BEZIER_KNOTS.);
#4036 = CARTESIAN_POINT('',(-99.33472592054,5.381063249872,
    353.35388449156));
#4037 = CARTESIAN_POINT('',(-99.48428924191,5.156621082354,
    353.02264498569));
#4038 = CARTESIAN_POINT('',(-99.63110624726,4.904130973457,
    352.70019315003));
#4039 = CARTESIAN_POINT('',(-99.77476635356,4.62151806527,
    352.38717101705));
#4040 = CARTESIAN_POINT('',(-99.91420464059,4.306450691259,
    352.08565227382));
#4041 = CARTESIAN_POINT('',(-100.0477499252,3.956742943623,
    351.79894168275));
#4042 = CARTESIAN_POINT('',(-100.1730817228,3.570383111445,
    351.53160458983));
#4043 = CARTESIAN_POINT('',(-100.2873202487,3.145948097402,
    351.28925331477));
#4044 = CARTESIAN_POINT('',(-100.3868281023,2.681811085502,
    351.0790296993));
#4045 = PCURVE('',#1786,#4046);
#4046 = DEFINITIONAL_REPRESENTATION('',(#4047),#4057);
#4047 = B_SPLINE_CURVE_WITH_KNOTS('',8,(#4048,#4049,#4050,#4051,#4052,
    #4053,#4054,#4055,#4056),.UNSPECIFIED.,.F.,.F.,(9,9),(0.,1.),
  .PIECEWISE_BEZIER_KNOTS.);
#4048 = CARTESIAN_POINT('',(3.091342680352,79.334725920549));
#4049 = CARTESIAN_POINT('',(3.15289919632,79.484289241915));
#4050 = CARTESIAN_POINT('',(3.215757093219,79.631106247266));
#4051 = CARTESIAN_POINT('',(3.280368306982,79.774766353562));
#4052 = CARTESIAN_POINT('',(3.347091348465,79.914204640595));
#4053 = CARTESIAN_POINT('',(3.416225167275,80.047749925212));
#4054 = CARTESIAN_POINT('',(3.48807284329,80.173081722893));
#4055 = CARTESIAN_POINT('',(3.562936995196,80.287320248775));
#4056 = CARTESIAN_POINT('',(3.641325669405,80.386828102379));
#4057 = ( GEOMETRIC_REPRESENTATION_CONTEXT(2) 
PARAMETRIC_REPRESENTATION_CONTEXT() REPRESENTATION_CONTEXT('2D SPACE',''
  ) );
#4058 = PCURVE('',#3020,#4059);
#4059 = DEFINITIONAL_REPRESENTATION('',(#4060),#4070);
#4060 = B_SPLINE_CURVE_WITH_KNOTS('',8,(#4061,#4062,#4063,#4064,#4065,
    #4066,#4067,#4068,#4069),.UNSPECIFIED.,.F.,.F.,(9,9),(0.,1.),
  .PIECEWISE_BEZIER_KNOTS.);
#4061 = CARTESIAN_POINT('',(-8.977960755998,1.171349692743E-13));
#4062 = CARTESIAN_POINT('',(-8.98029492221,0.331239505867));
#4063 = CARTESIAN_POINT('',(-8.982901768522,0.653691341526));
#4064 = CARTESIAN_POINT('',(-8.985800754317,0.966713474506));
#4065 = CARTESIAN_POINT('',(-8.989013561935,1.268232217736));
#4066 = CARTESIAN_POINT('',(-8.992560238662,1.554942808811));
#4067 = CARTESIAN_POINT('',(-8.996459242481,1.822279901731));
#4068 = CARTESIAN_POINT('',(-9.00072381117,2.064631176783));
#4069 = CARTESIAN_POINT('',(-9.005370460993,2.274854792253));
#4070 = ( GEOMETRIC_REPRESENTATION_CONTEXT(2) 
PARAMETRIC_REPRESENTATION_CONTEXT() REPRESENTATION_CONTEXT('2D SPACE',''
  ) );
#4071 = ORIENTED_EDGE('',*,*,#4072,.F.);
#4072 = EDGE_CURVE('',#4073,#4032,#4075,.T.);
#4073 = VERTEX_POINT('',#4074);
#4074 = CARTESIAN_POINT('',(-98.79405706801,6.382341893172,
    355.76885745803));
#4075 = SURFACE_CURVE('',#4076,(#4085,#4097),.PCURVE_S1.);
#4076 = B_SPLINE_CURVE_WITH_KNOTS('',7,(#4077,#4078,#4079,#4080,#4081,
    #4082,#4083,#4084),.UNSPECIFIED.,.F.,.F.,(8,8),(0.,1.),
  .PIECEWISE_BEZIER_KNOTS.);
#4077 = CARTESIAN_POINT('',(-98.79405706801,6.382341893174,
    355.76885745803));
#4078 = CARTESIAN_POINT('',(-98.86985259421,6.313306942353,
    355.41097472415));
#4079 = CARTESIAN_POINT('',(-98.94660893869,6.220483687828,
    355.05565913398));
#4080 = CARTESIAN_POINT('',(-99.02411202806,6.103549782609,
    354.70371507873));
#4081 = CARTESIAN_POINT('',(-99.10207866614,5.961960558126,
    354.35618070992));
#4082 = CARTESIAN_POINT('',(-99.18014848255,5.794996546272,
    354.01432316679));
#4083 = CARTESIAN_POINT('',(-99.25787863531,5.601785286493,
    353.67963369971));
#4084 = CARTESIAN_POINT('',(-99.33472592054,5.381063249872,
    353.35388449156));
#4085 = PCURVE('',#1786,#4086);
#4086 = DEFINITIONAL_REPRESENTATION('',(#4087),#4096);
#4087 = B_SPLINE_CURVE_WITH_KNOTS('',7,(#4088,#4089,#4090,#4091,#4092,
    #4093,#4094,#4095),.UNSPECIFIED.,.F.,.F.,(8,8),(0.,1.),
  .PIECEWISE_BEZIER_KNOTS.);
#4088 = CARTESIAN_POINT('',(2.686378546217,78.794057068017));
#4089 = CARTESIAN_POINT('',(2.742452435688,78.869852594218));
#4090 = CARTESIAN_POINT('',(2.798831684456,78.946608938694));
#4091 = CARTESIAN_POINT('',(2.855692312844,79.024112028064));
#4092 = CARTESIAN_POINT('',(2.913194905765,79.102078666146));
#4093 = CARTESIAN_POINT('',(2.971505718943,79.180148482552));
#4094 = CARTESIAN_POINT('',(3.030806464176,79.257878635317));
#4095 = CARTESIAN_POINT('',(3.091342680352,79.334725920549));
#4096 = ( GEOMETRIC_REPRESENTATION_CONTEXT(2) 
PARAMETRIC_REPRESENTATION_CONTEXT() REPRESENTATION_CONTEXT('2D SPACE',''
  ) );
#4097 = PCURVE('',#2975,#4098);
#4098 = DEFINITIONAL_REPRESENTATION('',(#4099),#4108);
#4099 = B_SPLINE_CURVE_WITH_KNOTS('',7,(#4100,#4101,#4102,#4103,#4104,
    #4105,#4106,#4107),.UNSPECIFIED.,.F.,.F.,(8,8),(0.,1.),
  .PIECEWISE_BEZIER_KNOTS.);
#4100 = CARTESIAN_POINT('',(-8.967566039049,3.936361326835E-13));
#4101 = CARTESIAN_POINT('',(-8.968311268703,0.357882733885));
#4102 = CARTESIAN_POINT('',(-8.969295659726,0.713198324051));
#4103 = CARTESIAN_POINT('',(-8.970521616478,1.065142379302));
#4104 = CARTESIAN_POINT('',(-8.971993753305,1.41267674811));
#4105 = CARTESIAN_POINT('',(-8.973718412194,1.754534291238));
#4106 = CARTESIAN_POINT('',(-8.97570346947,2.089223758325));
#4107 = CARTESIAN_POINT('',(-8.977960755998,2.414972966474));
#4108 = ( GEOMETRIC_REPRESENTATION_CONTEXT(2) 
PARAMETRIC_REPRESENTATION_CONTEXT() REPRESENTATION_CONTEXT('2D SPACE',''
  ) );
#4109 = ORIENTED_EDGE('',*,*,#4110,.F.);
#4110 = EDGE_CURVE('',#4111,#4073,#4113,.T.);
#4111 = VERTEX_POINT('',#4112);
#4112 = CARTESIAN_POINT('',(-98.79405706801,6.382341893176,
    358.23114254196));
#4113 = SURFACE_CURVE('',#4114,(#4125,#4139),.PCURVE_S1.);
#4114 = B_SPLINE_CURVE_WITH_KNOTS('',5,(#4115,#4116,#4117,#4118,#4119,
    #4120,#4121,#4122,#4123,#4124),.UNSPECIFIED.,.F.,.F.,(6,4,6),(0.,
    0.499999996082,1.),.UNSPECIFIED.);
#4115 = CARTESIAN_POINT('',(-98.79405707549,6.382341777435,
    358.23114314196));
#4116 = CARTESIAN_POINT('',(-98.7910079094,6.429540673821,
    357.98646039307));
#4117 = CARTESIAN_POINT('',(-98.78870150008,6.464804244612,
    357.7406036879));
#4118 = CARTESIAN_POINT('',(-98.78715765352,6.488268085393,
    357.49398567237));
#4119 = CARTESIAN_POINT('',(-98.78638570167,6.5,357.24699553555));
#4120 = CARTESIAN_POINT('',(-98.78638570167,6.5,356.75300446057));
#4121 = CARTESIAN_POINT('',(-98.78715765362,6.488268080755,
    356.5060142653));
#4122 = CARTESIAN_POINT('',(-98.78870150062,6.464804241891,
    356.25939626714));
#4123 = CARTESIAN_POINT('',(-98.79100790938,6.429540674138,
    356.01353960856));
#4124 = CARTESIAN_POINT('',(-98.79405707549,6.382341777435,
    355.76885685803));
#4125 = PCURVE('',#1786,#4126);
#4126 = DEFINITIONAL_REPRESENTATION('',(#4127),#4138);
#4127 = B_SPLINE_CURVE_WITH_KNOTS('',5,(#4128,#4129,#4130,#4131,#4132,
    #4133,#4134,#4135,#4136,#4137),.UNSPECIFIED.,.F.,.F.,(6,4,6),(0.,
    0.499999996082,1.),.UNSPECIFIED.);
#4128 = CARTESIAN_POINT('',(2.305263020477,78.794057075494));
#4129 = CARTESIAN_POINT('',(2.343600476762,78.791007909409));
#4130 = CARTESIAN_POINT('',(2.381767484385,78.788701500083));
#4131 = CARTESIAN_POINT('',(2.419823037665,78.787157653523));
#4132 = CARTESIAN_POINT('',(2.457821517189,78.786385701674));
#4133 = CARTESIAN_POINT('',(2.53382014411,78.786385701674));
#4134 = CARTESIAN_POINT('',(2.571818632744,78.787157653625));
#4135 = CARTESIAN_POINT('',(2.609874183111,78.788701500629));
#4136 = CARTESIAN_POINT('',(2.648041183684,78.791007909389));
#4137 = CARTESIAN_POINT('',(2.686378640226,78.794057075494));
#4138 = ( GEOMETRIC_REPRESENTATION_CONTEXT(2) 
PARAMETRIC_REPRESENTATION_CONTEXT() REPRESENTATION_CONTEXT('2D SPACE',''
  ) );
#4139 = PCURVE('',#2930,#4140);
#4140 = DEFINITIONAL_REPRESENTATION('',(#4141),#4152);
#4141 = B_SPLINE_CURVE_WITH_KNOTS('',5,(#4142,#4143,#4144,#4145,#4146,
    #4147,#4148,#4149,#4150,#4151),.UNSPECIFIED.,.F.,.F.,(6,4,6),(0.,
    0.499999996082,1.),.UNSPECIFIED.);
#4142 = CARTESIAN_POINT('',(-8.967566040221,-6.E-07));
#4143 = CARTESIAN_POINT('',(-8.96708828986,0.244682148888));
#4144 = CARTESIAN_POINT('',(-8.966731331225,0.490538854059));
#4145 = CARTESIAN_POINT('',(-8.966493810226,0.737156869586));
#4146 = CARTESIAN_POINT('',(-8.966375049787,0.984147006407));
#4147 = CARTESIAN_POINT('',(-8.966375049787,1.478138081392));
#4148 = CARTESIAN_POINT('',(-8.966493810273,1.725128276663));
#4149 = CARTESIAN_POINT('',(-8.966731331252,1.971746274821));
#4150 = CARTESIAN_POINT('',(-8.967088289857,2.217602933395));
#4151 = CARTESIAN_POINT('',(-8.967566040221,2.46228568393));
#4152 = ( GEOMETRIC_REPRESENTATION_CONTEXT(2) 
PARAMETRIC_REPRESENTATION_CONTEXT() REPRESENTATION_CONTEXT('2D SPACE',''
  ) );
#4153 = ORIENTED_EDGE('',*,*,#4154,.F.);
#4154 = EDGE_CURVE('',#3165,#4111,#4155,.T.);
#4155 = SURFACE_CURVE('',#4156,(#4165,#4177),.PCURVE_S1.);
#4156 = B_SPLINE_CURVE_WITH_KNOTS('',7,(#4157,#4158,#4159,#4160,#4161,
    #4162,#4163,#4164),.UNSPECIFIED.,.F.,.F.,(8,8),(0.,1.),
  .PIECEWISE_BEZIER_KNOTS.);
#4157 = CARTESIAN_POINT('',(-99.33472592054,5.381063249873,
    360.64611550843));
#4158 = CARTESIAN_POINT('',(-99.25787863471,5.601785288229,
    360.32036629772));
#4159 = CARTESIAN_POINT('',(-99.18014848169,5.794996548266,
    359.98567682948));
#4160 = CARTESIAN_POINT('',(-99.10207866523,5.961960559915,
    359.64381928602));
#4161 = CARTESIAN_POINT('',(-99.02411202721,6.103549783982,
    359.29628491742));
#4162 = CARTESIAN_POINT('',(-98.94660893799,6.220483688736,
    358.94434086278));
#4163 = CARTESIAN_POINT('',(-98.86985259377,6.313306942755,
    358.58902527376));
#4164 = CARTESIAN_POINT('',(-98.79405706801,6.382341893174,
    358.23114254196));
#4165 = PCURVE('',#1786,#4166);
#4166 = DEFINITIONAL_REPRESENTATION('',(#4167),#4176);
#4167 = B_SPLINE_CURVE_WITH_KNOTS('',7,(#4168,#4169,#4170,#4171,#4172,
    #4173,#4174,#4175),.UNSPECIFIED.,.F.,.F.,(8,8),(0.,1.),
  .PIECEWISE_BEZIER_KNOTS.);
#4168 = CARTESIAN_POINT('',(1.900298980352,79.334725920549));
#4169 = CARTESIAN_POINT('',(1.960835197004,79.257878634712));
#4170 = CARTESIAN_POINT('',(2.020135942407,79.180148481693));
#4171 = CARTESIAN_POINT('',(2.078446755618,79.10207866523));
#4172 = CARTESIAN_POINT('',(2.135949348486,79.024112027212));
#4173 = CARTESIAN_POINT('',(2.192809976763,78.946608937992));
#4174 = CARTESIAN_POINT('',(2.249189225342,78.869852593777));
#4175 = CARTESIAN_POINT('',(2.305263114487,78.794057068017));
#4176 = ( GEOMETRIC_REPRESENTATION_CONTEXT(2) 
PARAMETRIC_REPRESENTATION_CONTEXT() REPRESENTATION_CONTEXT('2D SPACE',''
  ) );
#4177 = PCURVE('',#2883,#4178);
#4178 = DEFINITIONAL_REPRESENTATION('',(#4179),#4188);
#4179 = B_SPLINE_CURVE_WITH_KNOTS('',7,(#4180,#4181,#4182,#4183,#4184,
    #4185,#4186,#4187),.UNSPECIFIED.,.F.,.F.,(8,8),(0.,1.),
  .PIECEWISE_BEZIER_KNOTS.);
#4180 = CARTESIAN_POINT('',(8.977960755998,-1.137104970317E-12));
#4181 = CARTESIAN_POINT('',(8.975703469453,-0.325749210712));
#4182 = CARTESIAN_POINT('',(8.973718412174,-0.660438678957));
#4183 = CARTESIAN_POINT('',(8.971993753287,-1.002296222419));
#4184 = CARTESIAN_POINT('',(8.970521616463,-1.349830591017));
#4185 = CARTESIAN_POINT('',(8.969295659717,-1.701774645655));
#4186 = CARTESIAN_POINT('',(8.968311268698,-2.057090234674));
#4187 = CARTESIAN_POINT('',(8.967566039049,-2.414972966474));
#4188 = ( GEOMETRIC_REPRESENTATION_CONTEXT(2) 
PARAMETRIC_REPRESENTATION_CONTEXT() REPRESENTATION_CONTEXT('2D SPACE',''
  ) );
#4189 = ORIENTED_EDGE('',*,*,#3164,.F.);
#4190 = ORIENTED_EDGE('',*,*,#1702,.F.);
#4191 = ADVANCED_FACE('',(#4192),#1691,.F.);
#4192 = FACE_BOUND('',#4193,.T.);
#4193 = EDGE_LOOP('',(#4194,#4195,#4245,#4267,#4268));
#4194 = ORIENTED_EDGE('',*,*,#1674,.T.);
#4195 = ORIENTED_EDGE('',*,*,#4196,.T.);
#4196 = EDGE_CURVE('',#1545,#4197,#4199,.T.);
#4197 = VERTEX_POINT('',#4198);
#4198 = CARTESIAN_POINT('',(-5.381063249875,-99.33472592054,
    360.64611550843));
#4199 = SURFACE_CURVE('',#4200,(#4213,#4229),.PCURVE_S1.);
#4200 = B_SPLINE_CURVE_WITH_KNOTS('',6,(#4201,#4202,#4203,#4204,#4205,
    #4206,#4207,#4208,#4209,#4210,#4211,#4212),.UNSPECIFIED.,.F.,.F.,(7,
    5,7),(0.,0.470065205584,1.),.UNSPECIFIED.);
#4201 = CARTESIAN_POINT('',(-2.681811085512,-100.3868281023,
    362.92097030068));
#4202 = CARTESIAN_POINT('',(-2.97238947705,-100.3245300496,
    362.78935735347));
#4203 = CARTESIAN_POINT('',(-3.247152044385,-100.2560570775,
    362.64428459215));
#4204 = CARTESIAN_POINT('',(-3.505970485786,-100.1825290496,
    362.48795764538));
#4205 = CARTESIAN_POINT('',(-3.749148800691,-100.1049129666,
    362.32227774719));
#4206 = CARTESIAN_POINT('',(-3.977265688568,-100.023970625,
    362.14874665944));
#4207 = CARTESIAN_POINT('',(-4.432090588746,-99.84583839193,
    361.76508186933));
#4208 = CARTESIAN_POINT('',(-4.654808356339,-99.74793548689,
    361.55319460037));
#4209 = CARTESIAN_POINT('',(-4.860245892046,-99.64732349528,
    361.33428453215));
#4210 = CARTESIAN_POINT('',(-5.049245663705,-99.54462361313,
    361.10956241949));
#4211 = CARTESIAN_POINT('',(-5.222613243073,-99.44031351823,
    360.87996150332));
#4212 = CARTESIAN_POINT('',(-5.381063249875,-99.33472592054,
    360.64611550843));
#4213 = PCURVE('',#1691,#4214);
#4214 = DEFINITIONAL_REPRESENTATION('',(#4215),#4228);
#4215 = B_SPLINE_CURVE_WITH_KNOTS('',6,(#4216,#4217,#4218,#4219,#4220,
    #4221,#4222,#4223,#4224,#4225,#4226,#4227),.UNSPECIFIED.,.F.,.F.,(7,
    5,7),(0.,0.470065205584,1.),.UNSPECIFIED.);
#4216 = CARTESIAN_POINT('',(10.576166787787,-9.119582748552E-13));
#4217 = CARTESIAN_POINT('',(10.573257698452,-0.131612947214));
#4218 = CARTESIAN_POINT('',(10.570500613392,-0.276685708536));
#4219 = CARTESIAN_POINT('',(10.567896707101,-0.433012655307));
#4220 = CARTESIAN_POINT('',(10.565443180227,-0.598692553495));
#4221 = CARTESIAN_POINT('',(10.563134640369,-0.772223641244));
#4222 = CARTESIAN_POINT('',(10.558517046421,-1.155888431353));
#4223 = CARTESIAN_POINT('',(10.556246495852,-1.367775700317));
#4224 = CARTESIAN_POINT('',(10.554142719615,-1.586685768534));
#4225 = CARTESIAN_POINT('',(10.55219798728,-1.81140788119));
#4226 = CARTESIAN_POINT('',(10.550404940039,-2.041008797366));
#4227 = CARTESIAN_POINT('',(10.548757082793,-2.274854792252));
#4228 = ( GEOMETRIC_REPRESENTATION_CONTEXT(2) 
PARAMETRIC_REPRESENTATION_CONTEXT() REPRESENTATION_CONTEXT('2D SPACE',''
  ) );
#4229 = PCURVE('',#1628,#4230);
#4230 = DEFINITIONAL_REPRESENTATION('',(#4231),#4244);
#4231 = B_SPLINE_CURVE_WITH_KNOTS('',6,(#4232,#4233,#4234,#4235,#4236,
    #4237,#4238,#4239,#4240,#4241,#4242,#4243),.UNSPECIFIED.,.F.,.F.,(7,
    5,7),(0.,0.470065205584,1.),.UNSPECIFIED.);
#4232 = CARTESIAN_POINT('',(4.491908644891,80.386828102377));
#4233 = CARTESIAN_POINT('',(4.540984788965,80.324530049637));
#4234 = CARTESIAN_POINT('',(4.588698838718,80.256057077509));
#4235 = CARTESIAN_POINT('',(4.63510559482,80.182529049634));
#4236 = CARTESIAN_POINT('',(4.680280572455,80.104912966652));
#4237 = CARTESIAN_POINT('',(4.724319749241,80.023970625007));
#4238 = CARTESIAN_POINT('',(4.815863299325,79.845838391931));
#4239 = CARTESIAN_POINT('',(4.863072417954,79.747935486899));
#4240 = CARTESIAN_POINT('',(4.90915137533,79.647323495283));
#4241 = CARTESIAN_POINT('',(4.954230468295,79.544623613138));
#4242 = CARTESIAN_POINT('',(4.998434424089,79.440313518234));
#4243 = CARTESIAN_POINT('',(5.041891633942,79.334725920548));
#4244 = ( GEOMETRIC_REPRESENTATION_CONTEXT(2) 
PARAMETRIC_REPRESENTATION_CONTEXT() REPRESENTATION_CONTEXT('2D SPACE',''
  ) );
#4245 = ORIENTED_EDGE('',*,*,#4246,.T.);
#4246 = EDGE_CURVE('',#4197,#3652,#4247,.T.);
#4247 = SURFACE_CURVE('',#4248,(#4253,#4260),.PCURVE_S1.);
#4248 = CIRCLE('',#4249,99.480367989919);
#4249 = AXIS2_PLACEMENT_3D('',#4250,#4251,#4252);
#4250 = CARTESIAN_POINT('',(0.,0.,360.64611550843));
#4251 = DIRECTION('',(0.,0.,-1.));
#4252 = DIRECTION('',(0.998535971747,-5.409171034047E-02,0.));
#4253 = PCURVE('',#1691,#4254);
#4254 = DEFINITIONAL_REPRESENTATION('',(#4255),#4259);
#4255 = LINE('',#4256,#4257);
#4256 = CARTESIAN_POINT('',(12.119553409588,-2.27485479225));
#4257 = VECTOR('',#4258,1.);
#4258 = DIRECTION('',(-1.,-0.));
#4259 = ( GEOMETRIC_REPRESENTATION_CONTEXT(2) 
PARAMETRIC_REPRESENTATION_CONTEXT() REPRESENTATION_CONTEXT('2D SPACE',''
  ) );
#4260 = PCURVE('',#3718,#4261);
#4261 = DEFINITIONAL_REPRESENTATION('',(#4262),#4266);
#4262 = LINE('',#4263,#4264);
#4263 = CARTESIAN_POINT('',(12.119553409588,-0.));
#4264 = VECTOR('',#4265,1.);
#4265 = DIRECTION('',(-1.,-0.));
#4266 = ( GEOMETRIC_REPRESENTATION_CONTEXT(2) 
PARAMETRIC_REPRESENTATION_CONTEXT() REPRESENTATION_CONTEXT('2D SPACE',''
  ) );
#4267 = ORIENTED_EDGE('',*,*,#3651,.T.);
#4268 = ORIENTED_EDGE('',*,*,#3232,.T.);
#4269 = ADVANCED_FACE('',(#4270),#1628,.T.);
#4270 = FACE_BOUND('',#4271,.T.);
#4271 = EDGE_LOOP('',(#4272,#4315,#4338,#4692,#4693,#4722,#4778,#4822,
    #4864,#4865,#4866,#4907,#4950,#4999,#5042,#5088));
#4272 = ORIENTED_EDGE('',*,*,#4273,.F.);
#4273 = EDGE_CURVE('',#4274,#4276,#4278,.T.);
#4274 = VERTEX_POINT('',#4275);
#4275 = CARTESIAN_POINT('',(-5.191130815307,-99.45503177953,
    353.08820234951));
#4276 = VERTEX_POINT('',#4277);
#4277 = CARTESIAN_POINT('',(-2.681811085507,-100.3868281023,
    351.07902969931));
#4278 = SURFACE_CURVE('',#4279,(#4289,#4302),.PCURVE_S1.);
#4279 = B_SPLINE_CURVE_WITH_KNOTS('',8,(#4280,#4281,#4282,#4283,#4284,
    #4285,#4286,#4287,#4288),.UNSPECIFIED.,.F.,.F.,(9,9),(0.,1.),
  .PIECEWISE_BEZIER_KNOTS.);
#4280 = CARTESIAN_POINT('',(-5.191130815307,-99.45503177953,
    353.08820234951));
#4281 = CARTESIAN_POINT('',(-4.970968268553,-99.58770701089,
    352.79603678192));
#4282 = CARTESIAN_POINT('',(-4.727285335891,-99.71774726527,
    352.51175892929));
#4283 = CARTESIAN_POINT('',(-4.458424729326,-99.84472353408,
    352.23610543434));
#4284 = CARTESIAN_POINT('',(-4.162635200512,-99.96773762475,
    351.97082624355));
#4285 = CARTESIAN_POINT('',(-3.838301101579,-100.0854513583,
    351.71856249941));
#4286 = CARTESIAN_POINT('',(-3.48402272824,-100.1960779331,351.482827839
    ));
#4287 = CARTESIAN_POINT('',(-3.098809865352,-100.2974263686,
    351.26790278828));
#4288 = CARTESIAN_POINT('',(-2.681811085502,-100.3868281023,
    351.0790296993));
#4289 = PCURVE('',#1628,#4290);
#4290 = DEFINITIONAL_REPRESENTATION('',(#4291),#4301);
#4291 = B_SPLINE_CURVE_WITH_KNOTS('',8,(#4292,#4293,#4294,#4295,#4296,
    #4297,#4298,#4299,#4300),.UNSPECIFIED.,.F.,.F.,(9,9),(0.,1.),
  .PIECEWISE_BEZIER_KNOTS.);
#4292 = CARTESIAN_POINT('',(0.,79.455031779532));
#4293 = CARTESIAN_POINT('',(5.628168080917E-02,79.587707010898));
#4294 = CARTESIAN_POINT('',(0.113771937916,79.717747265272));
#4295 = CARTESIAN_POINT('',(0.172805096922,79.84472353409));
#4296 = CARTESIAN_POINT('',(0.233649952201,79.967737624752));
#4297 = CARTESIAN_POINT('',(0.29653459915,80.085451358361));
#4298 = CARTESIAN_POINT('',(0.361678987698,80.196077933179));
#4299 = CARTESIAN_POINT('',(0.42930557594,80.297426368678));
#4300 = CARTESIAN_POINT('',(0.499733015815,80.386828102379));
#4301 = ( GEOMETRIC_REPRESENTATION_CONTEXT(2) 
PARAMETRIC_REPRESENTATION_CONTEXT() REPRESENTATION_CONTEXT('2D SPACE',''
  ) );
#4302 = PCURVE('',#3885,#4303);
#4303 = DEFINITIONAL_REPRESENTATION('',(#4304),#4314);
#4304 = B_SPLINE_CURVE_WITH_KNOTS('',8,(#4305,#4306,#4307,#4308,#4309,
    #4310,#4311,#4312,#4313),.UNSPECIFIED.,.F.,.F.,(9,9),(0.,1.),
  .PIECEWISE_BEZIER_KNOTS.);
#4305 = CARTESIAN_POINT('',(-10.55072677074,0.26568214205));
#4306 = CARTESIAN_POINT('',(-10.55300388665,0.557847709635));
#4307 = CARTESIAN_POINT('',(-10.55550914884,0.842125562271));
#4308 = CARTESIAN_POINT('',(-10.55825815884,1.117779057216));
#4309 = CARTESIAN_POINT('',(-10.56126723813,1.383058248007));
#4310 = CARTESIAN_POINT('',(-10.56455126918,1.635321992147));
#4311 = CARTESIAN_POINT('',(-10.56812312288,1.871056652556));
#4312 = CARTESIAN_POINT('',(-10.57199205649,2.085981703275));
#4313 = CARTESIAN_POINT('',(-10.57616678778,2.274854792253));
#4314 = ( GEOMETRIC_REPRESENTATION_CONTEXT(2) 
PARAMETRIC_REPRESENTATION_CONTEXT() REPRESENTATION_CONTEXT('2D SPACE',''
  ) );
#4315 = ORIENTED_EDGE('',*,*,#4316,.F.);
#4316 = EDGE_CURVE('',#4317,#4274,#4319,.T.);
#4317 = VERTEX_POINT('',#4318);
#4318 = CARTESIAN_POINT('',(-5.191130815307,-29.54745608099,
    353.08820234951));
#4319 = SEAM_CURVE('',#4320,(#4324,#4331),.PCURVE_S1.);
#4320 = LINE('',#4321,#4322);
#4321 = CARTESIAN_POINT('',(-5.191130815307,-20.,353.08820234951));
#4322 = VECTOR('',#4323,1.);
#4323 = DIRECTION('',(-1.836970198721E-16,-1.,-1.60237371373E-31));
#4324 = PCURVE('',#1628,#4325);
#4325 = DEFINITIONAL_REPRESENTATION('',(#4326),#4330);
#4326 = LINE('',#4327,#4328);
#4327 = CARTESIAN_POINT('',(6.28318530718,-0.));
#4328 = VECTOR('',#4329,1.);
#4329 = DIRECTION('',(0.,1.));
#4330 = ( GEOMETRIC_REPRESENTATION_CONTEXT(2) 
PARAMETRIC_REPRESENTATION_CONTEXT() REPRESENTATION_CONTEXT('2D SPACE',''
  ) );
#4331 = PCURVE('',#1628,#4332);
#4332 = DEFINITIONAL_REPRESENTATION('',(#4333),#4337);
#4333 = LINE('',#4334,#4335);
#4334 = CARTESIAN_POINT('',(0.,-0.));
#4335 = VECTOR('',#4336,1.);
#4336 = DIRECTION('',(0.,1.));
#4337 = ( GEOMETRIC_REPRESENTATION_CONTEXT(2) 
PARAMETRIC_REPRESENTATION_CONTEXT() REPRESENTATION_CONTEXT('2D SPACE',''
  ) );
#4338 = ORIENTED_EDGE('',*,*,#4339,.T.);
#4339 = EDGE_CURVE('',#4317,#4317,#4340,.T.);
#4340 = SURFACE_CURVE('',#4341,(#4456,#4574),.PCURVE_S1.);
#4341 = B_SPLINE_CURVE_WITH_KNOTS('',8,(#4342,#4343,#4344,#4345,#4346,
    #4347,#4348,#4349,#4350,#4351,#4352,#4353,#4354,#4355,#4356,#4357,
    #4358,#4359,#4360,#4361,#4362,#4363,#4364,#4365,#4366,#4367,#4368,
    #4369,#4370,#4371,#4372,#4373,#4374,#4375,#4376,#4377,#4378,#4379,
    #4380,#4381,#4382,#4383,#4384,#4385,#4386,#4387,#4388,#4389,#4390,
    #4391,#4392,#4393,#4394,#4395,#4396,#4397,#4398,#4399,#4400,#4401,
    #4402,#4403,#4404,#4405,#4406,#4407,#4408,#4409,#4410,#4411,#4412,
    #4413,#4414,#4415,#4416,#4417,#4418,#4419,#4420,#4421,#4422,#4423,
    #4424,#4425,#4426,#4427,#4428,#4429,#4430,#4431,#4432,#4433,#4434,
    #4435,#4436,#4437,#4438,#4439,#4440,#4441,#4442,#4443,#4444,#4445,
    #4446,#4447,#4448,#4449,#4450,#4451,#4452,#4453,#4454,#4455),
  .UNSPECIFIED.,.T.,.F.,(9,7,7,7,7,7,7,7,7,7,7,7,7,7,7,7,9),(0.,
    7.00021106305E-02,0.106889101109,0.135536287131,0.179024499516,
    0.208352388773,0.24759095589,0.307037605443,0.385094926179,
    0.489340781508,0.590079917619,0.679646683099,0.780385819211,
    0.885187782014,0.94749872107,0.970541030003,1.),.UNSPECIFIED.);
#4342 = CARTESIAN_POINT('',(-5.191130815307,-29.54745608099,
    353.08820234951));
#4343 = CARTESIAN_POINT('',(-4.987534719245,-29.58322545367,
    352.81802120453));
#4344 = CARTESIAN_POINT('',(-4.764331950785,-29.6207868631,
    352.55525896197));
#4345 = CARTESIAN_POINT('',(-4.521040074995,-29.65967528585,
    352.30130436427));
#4346 = CARTESIAN_POINT('',(-4.257192011862,-29.69933375799,
    352.05775048856));
#4347 = CARTESIAN_POINT('',(-3.972375984937,-29.73909665877,
    351.82642655658));
#4348 = CARTESIAN_POINT('',(-3.666278260379,-29.77818287896,
    351.6094318941));
#4349 = CARTESIAN_POINT('',(-3.3387286764,-29.81569887423,
    351.40917203993));
#4350 = CARTESIAN_POINT('',(-2.805857202637,-29.86906963334,
    351.13313920513));
#4351 = CARTESIAN_POINT('',(-2.615983818693,-29.88677908076,
    351.04327599417));
#4352 = CARTESIAN_POINT('',(-2.420401322831,-29.90360705724,
    350.95935387206));
#4353 = CARTESIAN_POINT('',(-2.219412444207,-29.91938215982,
    350.88188612076));
#4354 = CARTESIAN_POINT('',(-2.013349909816,-29.9339379191,
    350.8113533473));
#4355 = CARTESIAN_POINT('',(-1.802576224708,-29.94711624754,
    350.7482040273));
#4356 = CARTESIAN_POINT('',(-1.587483452222,-29.95877088782,
    350.69285504853));
#4357 = CARTESIAN_POINT('',(-1.198420556559,-29.97653704344,
    350.60906467068));
#4358 = CARTESIAN_POINT('',(-1.026066829444,-29.98330211535,
    350.57738955899));
#4359 = CARTESIAN_POINT('',(-0.851800337462,-29.98899832295,
    350.55087558469));
#4360 = CARTESIAN_POINT('',(-0.675995785878,-29.99357028102,
    350.52968942033));
#4361 = CARTESIAN_POINT('',(-0.499033813668,-29.99697566723,
    350.51395587361));
#4362 = CARTESIAN_POINT('',(-0.32130074657,-29.99918591629,
    350.50375801522));
#4363 = CARTESIAN_POINT('',(-0.143188350127,-30.00018691417,
    350.49913730668));
#4364 = CARTESIAN_POINT('',(0.305265365011,-29.99966511673,
    350.50154563564));
#4365 = CARTESIAN_POINT('',(0.575108434843,-29.99656662829,
    350.51584705238));
#4366 = CARTESIAN_POINT('',(0.843205384116,-29.99070402859,
    350.54291685117));
#4367 = CARTESIAN_POINT('',(1.108338243102,-29.98216684907,
    350.58248927897));
#4368 = CARTESIAN_POINT('',(1.36931737119,-29.97111217599,
    350.63411618701));
#4369 = CARTESIAN_POINT('',(1.624997331763,-29.95775845167,
    350.69716840576));
#4370 = CARTESIAN_POINT('',(1.87429258577,-29.9423752521,350.77083626495
    ));
#4371 = CARTESIAN_POINT('',(2.2793275245,-29.91373283279,350.9103009787)
  );
#4372 = CARTESIAN_POINT('',(2.439247430724,-29.90140249947,
    350.97090136118));
#4373 = CARTESIAN_POINT('',(2.595832880245,-29.88835542455,
    351.03570973519));
#4374 = CARTESIAN_POINT('',(2.748974484946,-29.8746705087,
    351.10450304626));
#4375 = CARTESIAN_POINT('',(2.898573296943,-29.86042737436,
    351.1770557306));
#4376 = CARTESIAN_POINT('',(3.044540794528,-29.84570557047,
    351.25313958955));
#4377 = CARTESIAN_POINT('',(3.186798868119,-29.83058377714,
    351.3325236639));
#4378 = CARTESIAN_POINT('',(3.510557155555,-29.79447504409,
    351.52528676227));
#4379 = CARTESIAN_POINT('',(3.689112400753,-29.77322851008,
    351.64111165024));
#4380 = CARTESIAN_POINT('',(3.860953405919,-29.75156428555,
    351.76199703981));
#4381 = CARTESIAN_POINT('',(4.026105619726,-29.72963664696,
    351.88752178909));
#4382 = CARTESIAN_POINT('',(4.184609564185,-29.70758913893,
    352.01729342799));
#4383 = CARTESIAN_POINT('',(4.336518323432,-29.68555444325,
    352.15094623934));
#4384 = CARTESIAN_POINT('',(4.481895032521,-29.66365424778,
    352.2881393401));
#4385 = CARTESIAN_POINT('',(4.831267876917,-29.6091914683,352.641284916)
  );
#4386 = CARTESIAN_POINT('',(5.026971297526,-29.57693450445,
    352.86148805647));
#4387 = CARTESIAN_POINT('',(5.208247550094,-29.54559901907,
    353.08816939055));
#4388 = CARTESIAN_POINT('',(5.375427015298,-29.51550122523,
    353.32047063525));
#4389 = CARTESIAN_POINT('',(5.528832858881,-29.48690887615,
    353.55765396633));
#4390 = CARTESIAN_POINT('',(5.668770358097,-29.4600473876,353.7990859666
    ));
#4391 = CARTESIAN_POINT('',(5.795516228167,-29.43510596019,
    354.04422157431));
#4392 = CARTESIAN_POINT('',(6.058723885443,-29.38222406797,
    354.61870935799));
#4393 = CARTESIAN_POINT('',(6.18580428846,-29.35578943641,
    354.95039844404));
#4394 = CARTESIAN_POINT('',(6.291036559854,-29.33331041529,
    355.28647365063));
#4395 = CARTESIAN_POINT('',(6.374818180822,-29.31506474583,
    355.62590702611));
#4396 = CARTESIAN_POINT('',(6.437453140031,-29.30125083508,
    355.96778766175));
#4397 = CARTESIAN_POINT('',(6.47914691407,-29.29199740977,
    356.31128539891));
#4398 = CARTESIAN_POINT('',(6.5,-29.28736929121,356.65561488814));
#4399 = CARTESIAN_POINT('',(6.5,-29.28736929121,357.45992765585));
#4400 = CARTESIAN_POINT('',(6.462807747915,-29.29562391593,
    357.9196016042));
#4401 = CARTESIAN_POINT('',(6.388492495971,-29.31211675068,
    358.37728277323));
#4402 = CARTESIAN_POINT('',(6.276728205658,-29.33664444292,
    358.83115704684));
#4403 = CARTESIAN_POINT('',(6.126831672942,-29.36880508868,
    359.27921716867));
#4404 = CARTESIAN_POINT('',(5.937804088137,-29.40796340076,
    359.71910958743));
#4405 = CARTESIAN_POINT('',(5.708376030432,-29.45319265866,
    360.14794624366));
#4406 = CARTESIAN_POINT('',(5.174862683165,-29.55151224893,
    360.96228529109));
#4407 = CARTESIAN_POINT('',(4.872592763433,-29.60446310871,
    361.35021937222));
#4408 = CARTESIAN_POINT('',(4.528779316949,-29.66086234246,
    361.72183043278));
#4409 = CARTESIAN_POINT('',(4.142136801437,-29.71910922193,
    362.07227249172));
#4410 = CARTESIAN_POINT('',(3.711689145277,-29.7771452649,
    362.39582682022));
#4411 = CARTESIAN_POINT('',(3.236970654794,-29.83240917045,
    362.68576950711));
#4412 = CARTESIAN_POINT('',(2.718334175418,-29.88188315598,
    362.93416032861));
#4413 = CARTESIAN_POINT('',(1.658677629079,-29.95828443928,
    363.30700451906));
#4414 = CARTESIAN_POINT('',(1.125859459021,-29.98715143638,
    363.44237936712));
#4415 = CARTESIAN_POINT('',(0.569112363355,-30.00595547596,
    363.5275715809));
#4416 = CARTESIAN_POINT('',(5.896616528389E-12,-30.01250431855,
    363.55662303106));
#4417 = CARTESIAN_POINT('',(-0.569112363363,-30.00595547596,
    363.5275715809));
#4418 = CARTESIAN_POINT('',(-1.125859459019,-29.98715143638,
    363.44237936712));
#4419 = CARTESIAN_POINT('',(-1.65867762908,-29.95828443928,
    363.30700451906));
#4420 = CARTESIAN_POINT('',(-2.718334175418,-29.88188315598,
    362.93416032861));
#4421 = CARTESIAN_POINT('',(-3.236970654793,-29.83240917045,
    362.68576950711));
#4422 = CARTESIAN_POINT('',(-3.711689145278,-29.7771452649,
    362.39582682022));
#4423 = CARTESIAN_POINT('',(-4.142136801437,-29.71910922193,
    362.07227249172));
#4424 = CARTESIAN_POINT('',(-4.528779316948,-29.66086234246,
    361.72183043278));
#4425 = CARTESIAN_POINT('',(-4.872592763434,-29.60446310871,
    361.35021937222));
#4426 = CARTESIAN_POINT('',(-5.174862683164,-29.55151224893,
    360.96228529109));
#4427 = CARTESIAN_POINT('',(-5.709823408396,-29.45292592567,
    360.1457370086));
#4428 = CARTESIAN_POINT('',(-5.940251458813,-29.40748083569,
    359.71453270515));
#4429 = CARTESIAN_POINT('',(-6.129855352829,-29.36817853267,
    359.27217246542));
#4430 = CARTESIAN_POINT('',(-6.279922988121,-29.33595876853,
    358.82158718938));
#4431 = CARTESIAN_POINT('',(-6.391465671199,-29.31146404676,
    358.36516353747));
#4432 = CARTESIAN_POINT('',(-6.465172326287,-29.29509901396,
    357.90493687011));
#4433 = CARTESIAN_POINT('',(-6.501367097421,-29.28706588089,
    357.44274818837));
#4434 = CARTESIAN_POINT('',(-6.499139891448,-29.28756018167,
    356.7054510839));
#4435 = CARTESIAN_POINT('',(-6.485021060932,-29.29069390248,
    356.43057759236));
#4436 = CARTESIAN_POINT('',(-6.457614936974,-29.29677441252,
    356.1561468468));
#4437 = CARTESIAN_POINT('',(-6.416879631991,-29.30577462992,
    355.88256482173));
#4438 = CARTESIAN_POINT('',(-6.362731645992,-29.3176410336,
    355.61025230727));
#4439 = CARTESIAN_POINT('',(-6.295047226511,-29.33229168293,
    355.3396559959));
#4440 = CARTESIAN_POINT('',(-6.213663728543,-29.34961423739,
    355.0712595691));
#4441 = CARTESIAN_POINT('',(-6.083145834576,-29.37680432162,
    354.70735312488));
#4442 = CARTESIAN_POINT('',(-6.046009060931,-29.38449038626,
    354.60948260692));
#4443 = CARTESIAN_POINT('',(-6.00696004936,-29.39251496667,
    354.51200910639));
#4444 = CARTESIAN_POINT('',(-5.96598736194,-29.40087019422,
    354.41495961138));
#4445 = CARTESIAN_POINT('',(-5.923078727003,-29.40954753514,
    354.31836222202));
#4446 = CARTESIAN_POINT('',(-5.878221039137,-29.4185377905,
    354.22224615048));
#4447 = CARTESIAN_POINT('',(-5.831400359188,-29.42783109621,
    354.12664172098));
#4448 = CARTESIAN_POINT('',(-5.720214419621,-29.4496721439,
    353.91004699818));
#4449 = CARTESIAN_POINT('',(-5.654595768629,-29.46240514797,
    353.78940429716));
#4450 = CARTESIAN_POINT('',(-5.585713837899,-29.47559404906,
    353.66971574506));
#4451 = CARTESIAN_POINT('',(-5.513535092867,-29.4892148474,
    353.5510504612));
#4452 = CARTESIAN_POINT('',(-5.438024568651,-29.50324130535,
    353.43348321523));
#4453 = CARTESIAN_POINT('',(-5.359145850906,-29.51764482304,
    353.3170944363));
#4454 = CARTESIAN_POINT('',(-5.276861056688,-29.53239431403,
    353.20197022239));
#4455 = CARTESIAN_POINT('',(-5.191130815307,-29.54745608099,
    353.08820234951));
#4456 = PCURVE('',#1628,#4457);
#4457 = DEFINITIONAL_REPRESENTATION('',(#4458),#4573);
#4458 = B_SPLINE_CURVE_WITH_KNOTS('',8,(#4459,#4460,#4461,#4462,#4463,
    #4464,#4465,#4466,#4467,#4468,#4469,#4470,#4471,#4472,#4473,#4474,
    #4475,#4476,#4477,#4478,#4479,#4480,#4481,#4482,#4483,#4484,#4485,
    #4486,#4487,#4488,#4489,#4490,#4491,#4492,#4493,#4494,#4495,#4496,
    #4497,#4498,#4499,#4500,#4501,#4502,#4503,#4504,#4505,#4506,#4507,
    #4508,#4509,#4510,#4511,#4512,#4513,#4514,#4515,#4516,#4517,#4518,
    #4519,#4520,#4521,#4522,#4523,#4524,#4525,#4526,#4527,#4528,#4529,
    #4530,#4531,#4532,#4533,#4534,#4535,#4536,#4537,#4538,#4539,#4540,
    #4541,#4542,#4543,#4544,#4545,#4546,#4547,#4548,#4549,#4550,#4551,
    #4552,#4553,#4554,#4555,#4556,#4557,#4558,#4559,#4560,#4561,#4562,
    #4563,#4564,#4565,#4566,#4567,#4568,#4569,#4570,#4571,#4572),
  .UNSPECIFIED.,.F.,.F.,(9,7,7,7,7,7,7,7,7,7,7,7,7,7,7,7,9),(0.,
    7.00021106305E-02,0.106889101109,0.135536287131,0.179024499516,
    0.208352388773,0.24759095589,0.307037605443,0.385094926179,
    0.489340781508,0.590079917619,0.679646683099,0.780385819211,
    0.885187782014,0.94749872107,0.970541030003,1.),.UNSPECIFIED.);
#4459 = CARTESIAN_POINT('',(8.881784197001E-16,9.547456080996));
#4460 = CARTESIAN_POINT('',(5.204668396819E-02,9.58322545367));
#4461 = CARTESIAN_POINT('',(0.104997238525,9.620786863106));
#4462 = CARTESIAN_POINT('',(0.158940158621,9.659675285852));
#4463 = CARTESIAN_POINT('',(0.213969687639,9.699333757999));
#4464 = CARTESIAN_POINT('',(0.270184824004,9.73909665877));
#4465 = CARTESIAN_POINT('',(0.327691487615,9.778182878963));
#4466 = CARTESIAN_POINT('',(0.38660784607,9.815698874233));
#4467 = CARTESIAN_POINT('',(0.478934271533,9.869069633348));
#4468 = CARTESIAN_POINT('',(0.511231119546,9.886779080762));
#4469 = CARTESIAN_POINT('',(0.543936765394,9.903607057246));
#4470 = CARTESIAN_POINT('',(0.577028444518,9.919382159828));
#4471 = CARTESIAN_POINT('',(0.610486602704,9.933937919105));
#4472 = CARTESIAN_POINT('',(0.644294291643,9.947116247549));
#4473 = CARTESIAN_POINT('',(0.678436564483,9.958770887823));
#4474 = CARTESIAN_POINT('',(0.739664775524,9.976537043449));
#4475 = CARTESIAN_POINT('',(0.766612371094,9.983302115353));
#4476 = CARTESIAN_POINT('',(0.793709683656,9.98899832295));
#4477 = CARTESIAN_POINT('',(0.82092584997,9.993570281029));
#4478 = CARTESIAN_POINT('',(0.848231387059,9.996975667239));
#4479 = CARTESIAN_POINT('',(0.875597461271,9.999185916292));
#4480 = CARTESIAN_POINT('',(0.902995157332,10.000186914176));
#4481 = CARTESIAN_POINT('',(0.971989031457,9.999665116739));
#4482 = CARTESIAN_POINT('',(1.013514564565,9.996566628298));
#4483 = CARTESIAN_POINT('',(1.054891682312,9.990704028593));
#4484 = CARTESIAN_POINT('',(1.096040895422,9.982166849073));
#4485 = CARTESIAN_POINT('',(1.13688044516,9.971112175991));
#4486 = CARTESIAN_POINT('',(1.177323819914,9.95775845167));
#4487 = CARTESIAN_POINT('',(1.217277232962,9.942375252102));
#4488 = CARTESIAN_POINT('',(1.283180821855,9.913732832797));
#4489 = CARTESIAN_POINT('',(1.309478795482,9.901402499479));
#4490 = CARTESIAN_POINT('',(1.335530978983,9.888355424556));
#4491 = CARTESIAN_POINT('',(1.361336582603,9.874670508703));
#4492 = CARTESIAN_POINT('',(1.386894012496,9.860427374364));
#4493 = CARTESIAN_POINT('',(1.412200853045,9.84570557047));
#4494 = CARTESIAN_POINT('',(1.437253849198,9.830583777144));
#4495 = CARTESIAN_POINT('',(1.495222835146,9.794475044096));
#4496 = CARTESIAN_POINT('',(1.527942056307,9.77322851008));
#4497 = CARTESIAN_POINT('',(1.560227571486,9.751564285555));
#4498 = CARTESIAN_POINT('',(1.592098909091,9.729636646961));
#4499 = CARTESIAN_POINT('',(1.623574321669,9.707589138933));
#4500 = CARTESIAN_POINT('',(1.65467100086,9.685554443252));
#4501 = CARTESIAN_POINT('',(1.685405292347,9.663654247785));
#4502 = CARTESIAN_POINT('',(1.761830323435,9.609191468309));
#4503 = CARTESIAN_POINT('',(1.807088843165,9.576934504457));
#4504 = CARTESIAN_POINT('',(1.851643093644,9.545599019079));
#4505 = CARTESIAN_POINT('',(1.895563075446,9.515501225232));
#4506 = CARTESIAN_POINT('',(1.93891528754,9.486908876156));
#4507 = CARTESIAN_POINT('',(1.981763848767,9.460047387607));
#4508 = CARTESIAN_POINT('',(2.024171619311,9.43510596019));
#4509 = CARTESIAN_POINT('',(2.121389058082,9.382224067972));
#4510 = CARTESIAN_POINT('',(2.1759242965,9.355789436415));
#4511 = CARTESIAN_POINT('',(2.229928918669,9.333310415291));
#4512 = CARTESIAN_POINT('',(2.283515699128,9.315064745832));
#4513 = CARTESIAN_POINT('',(2.336792370396,9.301250835083));
#4514 = CARTESIAN_POINT('',(2.389864689372,9.291997409773));
#4515 = CARTESIAN_POINT('',(2.442838505451,9.287369291215));
#4516 = CARTESIAN_POINT('',(2.566578931252,9.287369291215));
#4517 = CARTESIAN_POINT('',(2.637298373704,9.295623915936));
#4518 = CARTESIAN_POINT('',(2.708249752009,9.312116750686));
#4519 = CARTESIAN_POINT('',(2.77969409145,9.336644442924));
#4520 = CARTESIAN_POINT('',(2.851890913104,9.368805088686));
#4521 = CARTESIAN_POINT('',(2.925108758882,9.407963400768));
#4522 = CARTESIAN_POINT('',(2.999638176789,9.45319265866));
#4523 = CARTESIAN_POINT('',(3.149413912563,9.551512248937));
#4524 = CARTESIAN_POINT('',(3.224820387464,9.604463108719));
#4525 = CARTESIAN_POINT('',(3.302237152422,9.660862342462));
#4526 = CARTESIAN_POINT('',(3.38187957521,9.719109221934));
#4527 = CARTESIAN_POINT('',(3.463992782957,9.777145264902));
#4528 = CARTESIAN_POINT('',(3.5488576602,9.832409170458));
#4529 = CARTESIAN_POINT('',(3.636808359797,9.881883155985));
#4530 = CARTESIAN_POINT('',(3.80962935256,9.958284439284));
#4531 = CARTESIAN_POINT('',(3.893867191838,9.987151436387));
#4532 = CARTESIAN_POINT('',(3.979834902524,10.005955475968));
#4533 = CARTESIAN_POINT('',(4.066617157146,10.012504318554));
#4534 = CARTESIAN_POINT('',(4.153399411771,10.005955475968));
#4535 = CARTESIAN_POINT('',(4.239367122456,9.987151436387));
#4536 = CARTESIAN_POINT('',(4.323604961734,9.958284439284));
#4537 = CARTESIAN_POINT('',(4.496425954497,9.881883155985));
#4538 = CARTESIAN_POINT('',(4.584376654094,9.832409170458));
#4539 = CARTESIAN_POINT('',(4.669241531336,9.777145264902));
#4540 = CARTESIAN_POINT('',(4.751354739084,9.719109221934));
#4541 = CARTESIAN_POINT('',(4.830997161872,9.660862342462));
#4542 = CARTESIAN_POINT('',(4.90841392683,9.604463108719));
#4543 = CARTESIAN_POINT('',(4.983820401731,9.551512248937));
#4544 = CARTESIAN_POINT('',(5.134002466795,9.452925925673));
#4545 = CARTESIAN_POINT('',(5.208920895663,9.407480835695));
#4546 = CARTESIAN_POINT('',(5.282515701902,9.368178532677));
#4547 = CARTESIAN_POINT('',(5.355081837451,9.335958768539));
#4548 = CARTESIAN_POINT('',(5.4268917826,9.311464046768));
#4549 = CARTESIAN_POINT('',(5.498208865607,9.295099013963));
#4550 = CARTESIAN_POINT('',(5.569298058073,9.28706588089));
#4551 = CARTESIAN_POINT('',(5.682728899366,9.287560181671));
#4552 = CARTESIAN_POINT('',(5.725023457538,9.290693902482));
#4553 = CARTESIAN_POINT('',(5.767371440312,9.29677441252));
#4554 = CARTESIAN_POINT('',(5.809825644218,9.305774629922));
#4555 = CARTESIAN_POINT('',(5.852438947627,9.317641033606));
#4556 = CARTESIAN_POINT('',(5.895265115737,9.332291682939));
#4557 = CARTESIAN_POINT('',(5.938359605572,9.349614237396));
#4558 = CARTESIAN_POINT('',(5.997837177456,9.376804321625));
#4559 = CARTESIAN_POINT('',(6.013939030413,9.384490386263));
#4560 = CARTESIAN_POINT('',(6.030088992915,9.392514966672));
#4561 = CARTESIAN_POINT('',(6.046290206435,9.400870194226));
#4562 = CARTESIAN_POINT('',(6.062545890846,9.409547535145));
#4563 = CARTESIAN_POINT('',(6.07885934442,9.418537790501));
#4564 = CARTESIAN_POINT('',(6.095233943829,9.427831096212));
#4565 = CARTESIAN_POINT('',(6.132690218015,9.449672143905));
#4566 = CARTESIAN_POINT('',(6.153812402576,9.462405147979));
#4567 = CARTESIAN_POINT('',(6.175047420871,9.475594049063));
#4568 = CARTESIAN_POINT('',(6.196402905036,9.489214847402));
#4569 = CARTESIAN_POINT('',(6.217886509621,9.503241305351));
#4570 = CARTESIAN_POINT('',(6.239506024903,9.51764482304));
#4571 = CARTESIAN_POINT('',(6.261269490197,9.532394314033));
#4572 = CARTESIAN_POINT('',(6.28318530718,9.547456080996));
#4573 = ( GEOMETRIC_REPRESENTATION_CONTEXT(2) 
PARAMETRIC_REPRESENTATION_CONTEXT() REPRESENTATION_CONTEXT('2D SPACE',''
  ) );
#4574 = PCURVE('',#2509,#4575);
#4575 = DEFINITIONAL_REPRESENTATION('',(#4576),#4691);
#4576 = B_SPLINE_CURVE_WITH_KNOTS('',8,(#4577,#4578,#4579,#4580,#4581,
    #4582,#4583,#4584,#4585,#4586,#4587,#4588,#4589,#4590,#4591,#4592,
    #4593,#4594,#4595,#4596,#4597,#4598,#4599,#4600,#4601,#4602,#4603,
    #4604,#4605,#4606,#4607,#4608,#4609,#4610,#4611,#4612,#4613,#4614,
    #4615,#4616,#4617,#4618,#4619,#4620,#4621,#4622,#4623,#4624,#4625,
    #4626,#4627,#4628,#4629,#4630,#4631,#4632,#4633,#4634,#4635,#4636,
    #4637,#4638,#4639,#4640,#4641,#4642,#4643,#4644,#4645,#4646,#4647,
    #4648,#4649,#4650,#4651,#4652,#4653,#4654,#4655,#4656,#4657,#4658,
    #4659,#4660,#4661,#4662,#4663,#4664,#4665,#4666,#4667,#4668,#4669,
    #4670,#4671,#4672,#4673,#4674,#4675,#4676,#4677,#4678,#4679,#4680,
    #4681,#4682,#4683,#4684,#4685,#4686,#4687,#4688,#4689,#4690),
  .UNSPECIFIED.,.T.,.F.,(9,7,7,7,7,7,7,7,7,7,7,7,7,7,7,7,9),(0.,
    7.00021106305E-02,0.106889101109,0.135536287131,0.179024499516,
    0.208352388773,0.24759095589,0.307037605443,0.385094926179,
    0.489340781508,0.590079917619,0.679646683099,0.780385819211,
    0.885187782014,0.94749872107,0.970541030003,1.),.UNSPECIFIED.);
#4577 = CARTESIAN_POINT('',(3.753077759472,9.088202349512));
#4578 = CARTESIAN_POINT('',(3.759968237472,8.81802120453));
#4579 = CARTESIAN_POINT('',(3.767512747397,8.555258961974));
#4580 = CARTESIAN_POINT('',(3.775724950225,8.301304364272));
#4581 = CARTESIAN_POINT('',(3.784617854772,8.057750488566));
#4582 = CARTESIAN_POINT('',(3.794202621648,7.826426556587));
#4583 = CARTESIAN_POINT('',(3.804487365437,7.609431894103));
#4584 = CARTESIAN_POINT('',(3.815475955093,7.40917203993));
#4585 = CARTESIAN_POINT('',(3.833327206076,7.133139205135));
#4586 = CARTESIAN_POINT('',(3.839683642455,7.043275994172));
#4587 = CARTESIAN_POINT('',(3.846226859131,6.959353872064));
#4588 = CARTESIAN_POINT('',(3.852946701916,6.881886120767));
#4589 = CARTESIAN_POINT('',(3.859832134027,6.811353347305));
#4590 = CARTESIAN_POINT('',(3.866871245092,6.748204027302));
#4591 = CARTESIAN_POINT('',(3.874051260176,6.692855048537));
#4592 = CARTESIAN_POINT('',(3.887033537543,6.60906467068));
#4593 = CARTESIAN_POINT('',(3.892782968258,6.577389558995));
#4594 = CARTESIAN_POINT('',(3.898594743805,6.550875584693));
#4595 = CARTESIAN_POINT('',(3.904456613085,6.529689420333));
#4596 = CARTESIAN_POINT('',(3.910356166524,6.513955873616));
#4597 = CARTESIAN_POINT('',(3.916280831576,6.503758015226));
#4598 = CARTESIAN_POINT('',(3.922217868227,6.499137306688));
#4599 = CARTESIAN_POINT('',(3.937166335517,6.501545635646));
#4600 = CARTESIAN_POINT('',(3.946161219216,6.515847052388));
#4601 = CARTESIAN_POINT('',(3.955099119152,6.542916851171));
#4602 = CARTESIAN_POINT('',(3.963940535564,6.582489278972));
#4603 = CARTESIAN_POINT('',(3.972646780337,6.634116187011));
#4604 = CARTESIAN_POINT('',(3.981180417749,6.69716840576));
#4605 = CARTESIAN_POINT('',(3.989505730993,6.770836264951));
#4606 = CARTESIAN_POINT('',(4.003040611437,6.910300978703));
#4607 = CARTESIAN_POINT('',(4.008386988464,6.970901361179));
#4608 = CARTESIAN_POINT('',(4.013624426615,7.035709735198));
#4609 = CARTESIAN_POINT('',(4.018749309321,7.104503046264));
#4610 = CARTESIAN_POINT('',(4.023758325503,7.177055730606));
#4611 = CARTESIAN_POINT('',(4.028648472689,7.253139589551));
#4612 = CARTESIAN_POINT('',(4.033417060125,7.332523663909));
#4613 = CARTESIAN_POINT('',(4.044275915666,7.52528676227));
#4614 = CARTESIAN_POINT('',(4.050269582731,7.641111650248));
#4615 = CARTESIAN_POINT('',(4.056042729322,7.761997039811));
#4616 = CARTESIAN_POINT('',(4.061595885589,7.887521789092));
#4617 = CARTESIAN_POINT('',(4.066930028782,8.017293427991));
#4618 = CARTESIAN_POINT('',(4.072046516419,8.150946239348));
#4619 = CARTESIAN_POINT('',(4.076947019472,8.288139340108));
#4620 = CARTESIAN_POINT('',(4.088733432495,8.641284916));
#4621 = CARTESIAN_POINT('',(4.095344653582,8.861488056473));
#4622 = CARTESIAN_POINT('',(4.101476509571,9.088169390553));
#4623 = CARTESIAN_POINT('',(4.1071385031,9.320470635259));
#4624 = CARTESIAN_POINT('',(4.11233993576,9.557653966335));
#4625 = CARTESIAN_POINT('',(4.117089595187,9.799085966601));
#4626 = CARTESIAN_POINT('',(4.121395442149,10.04422157431));
#4627 = CARTESIAN_POINT('',(4.130344356756,10.618709357994));
#4628 = CARTESIAN_POINT('',(4.134670946428,10.950398444048));
#4629 = CARTESIAN_POINT('',(4.138257758616,11.28647365063));
#4630 = CARTESIAN_POINT('',(4.141115915612,11.625907026116));
#4631 = CARTESIAN_POINT('',(4.143253920063,11.967787661752));
#4632 = CARTESIAN_POINT('',(4.144677528005,12.311285398913));
#4633 = CARTESIAN_POINT('',(4.145389544943,12.655614888147));
#4634 = CARTESIAN_POINT('',(4.145389544943,13.45992765585));
#4635 = CARTESIAN_POINT('',(4.144119630658,13.919601604201));
#4636 = CARTESIAN_POINT('',(4.141582196677,14.377282773234));
#4637 = CARTESIAN_POINT('',(4.137768067477,14.831157046848));
#4638 = CARTESIAN_POINT('',(4.132657921499,15.279217168673));
#4639 = CARTESIAN_POINT('',(4.12622361655,15.719109587433));
#4640 = CARTESIAN_POINT('',(4.118429416515,16.147946243669));
#4641 = CARTESIAN_POINT('',(4.100346175854,16.962285291098));
#4642 = CARTESIAN_POINT('',(4.090117477133,17.350219372225));
#4643 = CARTESIAN_POINT('',(4.078505047932,17.721830432786));
#4644 = CARTESIAN_POINT('',(4.065473918243,18.072272491729));
#4645 = CARTESIAN_POINT('',(4.050999845479,18.395826820228));
#4646 = CARTESIAN_POINT('',(4.035074333429,18.685769507113));
#4647 = CARTESIAN_POINT('',(4.017712620984,18.934160328618));
#4648 = CARTESIAN_POINT('',(3.982299046181,19.307004519061));
#4649 = CARTESIAN_POINT('',(3.964515230237,19.442379367129));
#4650 = CARTESIAN_POINT('',(3.945952895356,19.527571580898));
#4651 = CARTESIAN_POINT('',(3.926990816987,19.556623031071));
#4652 = CARTESIAN_POINT('',(3.908028738618,19.527571580898));
#4653 = CARTESIAN_POINT('',(3.889466403738,19.442379367129));
#4654 = CARTESIAN_POINT('',(3.871682587793,19.307004519061));
#4655 = CARTESIAN_POINT('',(3.83626901299,18.934160328618));
#4656 = CARTESIAN_POINT('',(3.818907300546,18.685769507113));
#4657 = CARTESIAN_POINT('',(3.802981788495,18.395826820228));
#4658 = CARTESIAN_POINT('',(3.788507715731,18.072272491729));
#4659 = CARTESIAN_POINT('',(3.775476586043,17.721830432785));
#4660 = CARTESIAN_POINT('',(3.763864156841,17.350219372225));
#4661 = CARTESIAN_POINT('',(3.753635458121,16.962285291099));
#4662 = CARTESIAN_POINT('',(3.73550315911,16.145737008607));
#4663 = CARTESIAN_POINT('',(3.727674873901,15.714532705152));
#4664 = CARTESIAN_POINT('',(3.721220788411,15.272172465421));
#4665 = CARTESIAN_POINT('',(3.716104651257,14.821587189389));
#4666 = CARTESIAN_POINT('',(3.712297971467,14.365163537478));
#4667 = CARTESIAN_POINT('',(3.709781265538,13.904936870112));
#4668 = CARTESIAN_POINT('',(3.708545410305,13.442748188377));
#4669 = CARTESIAN_POINT('',(3.708621456926,12.705451083905));
#4670 = CARTESIAN_POINT('',(3.709103534473,12.430577592368));
#4671 = CARTESIAN_POINT('',(3.71003928986,12.156146846805));
#4672 = CARTESIAN_POINT('',(3.711429883246,11.882564821733));
#4673 = CARTESIAN_POINT('',(3.71327764054,11.610252307279));
#4674 = CARTESIAN_POINT('',(3.715586014578,11.3396559959));
#4675 = CARTESIAN_POINT('',(3.718359546304,11.071259569108));
#4676 = CARTESIAN_POINT('',(3.722803546169,10.707353124882));
#4677 = CARTESIAN_POINT('',(3.724067672537,10.609482606928));
#4678 = CARTESIAN_POINT('',(3.725396504048,10.512009106397));
#4679 = CARTESIAN_POINT('',(3.72679036425,10.414959611384));
#4680 = CARTESIAN_POINT('',(3.728249601234,10.318362222024));
#4681 = CARTESIAN_POINT('',(3.729774587635,10.222246150489));
#4682 = CARTESIAN_POINT('',(3.731365720633,10.126641720985));
#4683 = CARTESIAN_POINT('',(3.735142748348,9.91004699818));
#4684 = CARTESIAN_POINT('',(3.737370829918,9.789404297169));
#4685 = CARTESIAN_POINT('',(3.739708591486,9.669715745061));
#4686 = CARTESIAN_POINT('',(3.742156996288,9.551050461206));
#4687 = CARTESIAN_POINT('',(3.744717047806,9.433483215233));
#4688 = CARTESIAN_POINT('',(3.747389791591,9.317094436307));
#4689 = CARTESIAN_POINT('',(3.750176317089,9.201970222391));
#4690 = CARTESIAN_POINT('',(3.753077759472,9.088202349512));
#4691 = ( GEOMETRIC_REPRESENTATION_CONTEXT(2) 
PARAMETRIC_REPRESENTATION_CONTEXT() REPRESENTATION_CONTEXT('2D SPACE',''
  ) );
#4692 = ORIENTED_EDGE('',*,*,#4316,.T.);
#4693 = ORIENTED_EDGE('',*,*,#4694,.F.);
#4694 = EDGE_CURVE('',#4695,#4274,#4697,.T.);
#4695 = VERTEX_POINT('',#4696);
#4696 = CARTESIAN_POINT('',(-5.381063249872,-99.33472592054,
    353.35388449156));
#4697 = SURFACE_CURVE('',#4698,(#4704,#4713),.PCURVE_S1.);
#4698 = B_SPLINE_CURVE_WITH_KNOTS('',4,(#4699,#4700,#4701,#4702,#4703),
  .UNSPECIFIED.,.F.,.F.,(5,5),(0.,1.),.PIECEWISE_BEZIER_KNOTS.);
#4699 = CARTESIAN_POINT('',(-5.381063249872,-99.33472592054,
    353.35388449156));
#4700 = CARTESIAN_POINT('',(-5.335650204844,-99.36498817439,
    353.28686235057));
#4701 = CARTESIAN_POINT('',(-5.288873142508,-99.39513549277,
    353.22022397736));
#4702 = CARTESIAN_POINT('',(-5.240708646609,-99.42515498924,
    353.1539943538));
#4703 = CARTESIAN_POINT('',(-5.191130815307,-99.45503177953,
    353.08820234951));
#4704 = PCURVE('',#1628,#4705);
#4705 = DEFINITIONAL_REPRESENTATION('',(#4706),#4712);
#4706 = B_SPLINE_CURVE_WITH_KNOTS('',4,(#4707,#4708,#4709,#4710,#4711),
  .UNSPECIFIED.,.F.,.F.,(5,5),(0.,1.),.PIECEWISE_BEZIER_KNOTS.);
#4707 = CARTESIAN_POINT('',(6.232935333941,79.334725920549));
#4708 = CARTESIAN_POINT('',(6.245390519446,79.364988174398));
#4709 = CARTESIAN_POINT('',(6.257914542039,79.395135492775));
#4710 = CARTESIAN_POINT('',(6.270511381856,79.425154989245));
#4711 = CARTESIAN_POINT('',(6.28318530718,79.455031779532));
#4712 = ( GEOMETRIC_REPRESENTATION_CONTEXT(2) 
PARAMETRIC_REPRESENTATION_CONTEXT() REPRESENTATION_CONTEXT('2D SPACE',''
  ) );
#4713 = PCURVE('',#3885,#4714);
#4714 = DEFINITIONAL_REPRESENTATION('',(#4715),#4721);
#4715 = B_SPLINE_CURVE_WITH_KNOTS('',4,(#4716,#4717,#4718,#4719,#4720),
  .UNSPECIFIED.,.F.,.F.,(5,5),(0.,1.),.PIECEWISE_BEZIER_KNOTS.);
#4716 = CARTESIAN_POINT('',(-10.54875708279,1.171349692743E-13));
#4717 = CARTESIAN_POINT('',(-10.54922937191,6.702214098816E-02));
#4718 = CARTESIAN_POINT('',(-10.54971493843,0.133660514197));
#4719 = CARTESIAN_POINT('',(-10.55021399293,0.199890137753));
#4720 = CARTESIAN_POINT('',(-10.55072677074,0.26568214205));
#4721 = ( GEOMETRIC_REPRESENTATION_CONTEXT(2) 
PARAMETRIC_REPRESENTATION_CONTEXT() REPRESENTATION_CONTEXT('2D SPACE',''
  ) );
#4722 = ORIENTED_EDGE('',*,*,#4723,.F.);
#4723 = EDGE_CURVE('',#4724,#4695,#4726,.T.);
#4724 = VERTEX_POINT('',#4725);
#4725 = CARTESIAN_POINT('',(-6.382341893172,-98.79405706801,
    355.76885745803));
#4726 = SURFACE_CURVE('',#4727,(#4742,#4760),.PCURVE_S1.);
#4727 = B_SPLINE_CURVE_WITH_KNOTS('',4,(#4728,#4729,#4730,#4731,#4732,
    #4733,#4734,#4735,#4736,#4737,#4738,#4739,#4740,#4741),
  .UNSPECIFIED.,.F.,.F.,(5,3,3,3,5),(0.,0.256464665926,0.50934364264,
    0.757401495133,1.),.UNSPECIFIED.);
#4728 = CARTESIAN_POINT('',(-6.382341893174,-98.79405706801,
    355.76885745803));
#4729 = CARTESIAN_POINT('',(-6.351360803916,-98.82807212755,
    355.60824900115));
#4730 = CARTESIAN_POINT('',(-6.314900443947,-98.86231254569,
    355.44821152065));
#4731 = CARTESIAN_POINT('',(-6.272914468228,-98.89674273736,
    355.28888369211));
#4732 = CARTESIAN_POINT('',(-6.17840174053,-98.9654132756,
    354.97417504254));
#4733 = CARTESIAN_POINT('',(-6.126030588336,-98.99964941654,
    354.81877070159));
#4734 = CARTESIAN_POINT('',(-6.06813770063,-99.03398701078,
    354.66435800845));
#4735 = CARTESIAN_POINT('',(-5.942310157718,-99.10210776734,
    354.36079000941));
#4736 = CARTESIAN_POINT('',(-5.874588080736,-99.13588885726,
    354.21159121738));
#4737 = CARTESIAN_POINT('',(-5.801353300699,-99.16967054211,
    354.06368287178));
#4738 = CARTESIAN_POINT('',(-5.645340466104,-99.2363721769,
    353.7740760419));
#4739 = CARTESIAN_POINT('',(-5.562808144281,-99.26929452992,
    353.63231327712));
#4740 = CARTESIAN_POINT('',(-5.47476298683,-99.30210312256,
    353.49216980092));
#4741 = CARTESIAN_POINT('',(-5.381063249872,-99.33472592054,
    353.35388449156));
#4742 = PCURVE('',#1628,#4743);
#4743 = DEFINITIONAL_REPRESENTATION('',(#4744),#4759);
#4744 = B_SPLINE_CURVE_WITH_KNOTS('',4,(#4745,#4746,#4747,#4748,#4749,
    #4750,#4751,#4752,#4753,#4754,#4755,#4756,#4757,#4758),
  .UNSPECIFIED.,.F.,.F.,(5,3,3,3,5),(0.,0.256464665926,0.50934364264,
    0.757401495133,1.),.UNSPECIFIED.);
#4745 = CARTESIAN_POINT('',(5.827971199807,78.794057068017));
#4746 = CARTESIAN_POINT('',(5.853135702049,78.828072127558));
#4747 = CARTESIAN_POINT('',(5.87837364897,78.862312545697));
#4748 = CARTESIAN_POINT('',(5.903707733952,78.896742737363));
#4749 = CARTESIAN_POINT('',(5.954260697521,78.965413275602));
#4750 = CARTESIAN_POINT('',(5.979476227278,78.999649416545));
#4751 = CARTESIAN_POINT('',(6.00483195997,79.033987010786));
#4752 = CARTESIAN_POINT('',(6.055387711747,79.102107767344));
#4753 = CARTESIAN_POINT('',(6.080581465713,79.135888857268));
#4754 = CARTESIAN_POINT('',(6.105958206001,79.169670542113));
#4755 = CARTESIAN_POINT('',(6.15656683788,79.236372176909));
#4756 = CARTESIAN_POINT('',(6.181789590598,79.26929452992));
#4757 = CARTESIAN_POINT('',(6.207236823639,79.302103122561));
#4758 = CARTESIAN_POINT('',(6.232935333941,79.334725920549));
#4759 = ( GEOMETRIC_REPRESENTATION_CONTEXT(2) 
PARAMETRIC_REPRESENTATION_CONTEXT() REPRESENTATION_CONTEXT('2D SPACE',''
  ) );
#4760 = PCURVE('',#3832,#4761);
#4761 = DEFINITIONAL_REPRESENTATION('',(#4762),#4777);
#4762 = B_SPLINE_CURVE_WITH_KNOTS('',4,(#4763,#4764,#4765,#4766,#4767,
    #4768,#4769,#4770,#4771,#4772,#4773,#4774,#4775,#4776),
  .UNSPECIFIED.,.F.,.F.,(5,3,3,3,5),(0.,0.256464665926,0.50934364264,
    0.757401495133,1.),.UNSPECIFIED.);
#4763 = CARTESIAN_POINT('',(-10.53836236584,3.963552620131E-13));
#4764 = CARTESIAN_POINT('',(-10.53869680551,0.160608456882));
#4765 = CARTESIAN_POINT('',(-10.53908633519,0.320645937379));
#4766 = CARTESIAN_POINT('',(-10.53953129453,0.479973765926));
#4767 = CARTESIAN_POINT('',(-10.54052636937,0.794682415489));
#4768 = CARTESIAN_POINT('',(-10.54107492746,0.950086756443));
#4769 = CARTESIAN_POINT('',(-10.54167863308,1.104499449584));
#4770 = CARTESIAN_POINT('',(-10.54298561656,1.408067448625));
#4771 = CARTESIAN_POINT('',(-10.54368677572,1.557266240649));
#4772 = CARTESIAN_POINT('',(-10.54444276875,1.705174586251));
#4773 = CARTESIAN_POINT('',(-10.54604886608,1.994781416135));
#4774 = CARTESIAN_POINT('',(-10.54689653069,2.136544180915));
#4775 = CARTESIAN_POINT('',(-10.5477988316,2.276687657109));
#4776 = CARTESIAN_POINT('',(-10.54875708279,2.414972966474));
#4777 = ( GEOMETRIC_REPRESENTATION_CONTEXT(2) 
PARAMETRIC_REPRESENTATION_CONTEXT() REPRESENTATION_CONTEXT('2D SPACE',''
  ) );
#4778 = ORIENTED_EDGE('',*,*,#4779,.F.);
#4779 = EDGE_CURVE('',#4780,#4724,#4782,.T.);
#4780 = VERTEX_POINT('',#4781);
#4781 = CARTESIAN_POINT('',(-6.382341893176,-98.79405706801,
    358.23114254196));
#4782 = SURFACE_CURVE('',#4783,(#4794,#4808),.PCURVE_S1.);
#4783 = B_SPLINE_CURVE_WITH_KNOTS('',5,(#4784,#4785,#4786,#4787,#4788,
    #4789,#4790,#4791,#4792,#4793),.UNSPECIFIED.,.F.,.F.,(6,4,6),(0.,0.5
    ,1.),.UNSPECIFIED.);
#4784 = CARTESIAN_POINT('',(-6.382341777435,-98.79405707549,
    358.23114314196));
#4785 = CARTESIAN_POINT('',(-6.429540673709,-98.79100790941,
    357.98646039365));
#4786 = CARTESIAN_POINT('',(-6.464804242402,-98.78870150059,
    357.74060373134));
#4787 = CARTESIAN_POINT('',(-6.488268080575,-98.78715765363,
    357.49398573295));
#4788 = CARTESIAN_POINT('',(-6.5,-98.78638570167,357.24699554131));
#4789 = CARTESIAN_POINT('',(-6.5,-98.78638570167,356.75300445868));
#4790 = CARTESIAN_POINT('',(-6.488268080575,-98.78715765363,
    356.50601426704));
#4791 = CARTESIAN_POINT('',(-6.464804242401,-98.78870150059,
    356.25939626866));
#4792 = CARTESIAN_POINT('',(-6.429540673709,-98.79100790941,
    356.01353960634));
#4793 = CARTESIAN_POINT('',(-6.382341777435,-98.79405707549,
    355.76885685803));
#4794 = PCURVE('',#1628,#4795);
#4795 = DEFINITIONAL_REPRESENTATION('',(#4796),#4807);
#4796 = B_SPLINE_CURVE_WITH_KNOTS('',5,(#4797,#4798,#4799,#4800,#4801,
    #4802,#4803,#4804,#4805,#4806),.UNSPECIFIED.,.F.,.F.,(6,4,6),(0.,0.5
    ,1.),.UNSPECIFIED.);
#4797 = CARTESIAN_POINT('',(5.446855674067,78.794057075494));
#4798 = CARTESIAN_POINT('',(5.485193130261,78.791007909416));
#4799 = CARTESIAN_POINT('',(5.523360131423,78.788701500596));
#4800 = CARTESIAN_POINT('',(5.561415681815,78.787157653637));
#4801 = CARTESIAN_POINT('',(5.599414169893,78.786385701674));
#4802 = CARTESIAN_POINT('',(5.67541279799,78.786385701674));
#4803 = CARTESIAN_POINT('',(5.713411286069,78.787157653637));
#4804 = CARTESIAN_POINT('',(5.751466836461,78.788701500596));
#4805 = CARTESIAN_POINT('',(5.789633837622,78.791007909416));
#4806 = CARTESIAN_POINT('',(5.827971293816,78.794057075494));
#4807 = ( GEOMETRIC_REPRESENTATION_CONTEXT(2) 
PARAMETRIC_REPRESENTATION_CONTEXT() REPRESENTATION_CONTEXT('2D SPACE',''
  ) );
#4808 = PCURVE('',#3779,#4809);
#4809 = DEFINITIONAL_REPRESENTATION('',(#4810),#4821);
#4810 = B_SPLINE_CURVE_WITH_KNOTS('',5,(#4811,#4812,#4813,#4814,#4815,
    #4816,#4817,#4818,#4819,#4820),.UNSPECIFIED.,.F.,.F.,(6,4,6),(0.,0.5
    ,1.),.UNSPECIFIED.);
#4811 = CARTESIAN_POINT('',(-10.53836236701,-6.E-07));
#4812 = CARTESIAN_POINT('',(-10.53788461665,0.244682148307));
#4813 = CARTESIAN_POINT('',(-10.53752765804,0.490538810625));
#4814 = CARTESIAN_POINT('',(-10.53729013706,0.737156809011));
#4815 = CARTESIAN_POINT('',(-10.53717137658,0.984147000649));
#4816 = CARTESIAN_POINT('',(-10.53717137658,1.47813808328));
#4817 = CARTESIAN_POINT('',(-10.53729013706,1.725128274918));
#4818 = CARTESIAN_POINT('',(-10.53752765804,1.971746273305));
#4819 = CARTESIAN_POINT('',(-10.53788461665,2.217602935623));
#4820 = CARTESIAN_POINT('',(-10.53836236701,2.46228568393));
#4821 = ( GEOMETRIC_REPRESENTATION_CONTEXT(2) 
PARAMETRIC_REPRESENTATION_CONTEXT() REPRESENTATION_CONTEXT('2D SPACE',''
  ) );
#4822 = ORIENTED_EDGE('',*,*,#4823,.F.);
#4823 = EDGE_CURVE('',#4197,#4780,#4824,.T.);
#4824 = SURFACE_CURVE('',#4825,(#4836,#4850),.PCURVE_S1.);
#4825 = B_SPLINE_CURVE_WITH_KNOTS('',5,(#4826,#4827,#4828,#4829,#4830,
    #4831,#4832,#4833,#4834,#4835),.UNSPECIFIED.,.F.,.F.,(6,4,6),(0.,
    0.49255312703,1.),.UNSPECIFIED.);
#4826 = CARTESIAN_POINT('',(-5.381063249873,-99.33472592054,
    360.64611550843));
#4827 = CARTESIAN_POINT('',(-5.53325649782,-99.28173783601,
    360.42150345445));
#4828 = CARTESIAN_POINT('',(-5.671460230034,-99.22829157348,
    360.19230145064));
#4829 = CARTESIAN_POINT('',(-5.796159694333,-99.17462507057,
    359.95929436178));
#4830 = CARTESIAN_POINT('',(-5.907740980359,-99.12092685278,
    359.72312226766));
#4831 = CARTESIAN_POINT('',(-6.108289213264,-99.01214055536,
    359.23823636295));
#4832 = CARTESIAN_POINT('',(-6.196465285659,-98.95706222774,
    358.98937118407));
#4833 = CARTESIAN_POINT('',(-6.271391990082,-98.90227091231,
    358.73825364006));
#4834 = CARTESIAN_POINT('',(-6.333301721479,-98.84789973139,
    358.48537073373));
#4835 = CARTESIAN_POINT('',(-6.382341893174,-98.79405706801,
    358.23114254196));
#4836 = PCURVE('',#1628,#4837);
#4837 = DEFINITIONAL_REPRESENTATION('',(#4838),#4849);
#4838 = B_SPLINE_CURVE_WITH_KNOTS('',5,(#4839,#4840,#4841,#4842,#4843,
    #4844,#4845,#4846,#4847,#4848),.UNSPECIFIED.,.F.,.F.,(6,4,6),(0.,
    0.49255312703,1.),.UNSPECIFIED.);
#4839 = CARTESIAN_POINT('',(5.041891633942,79.334725920549));
#4840 = CARTESIAN_POINT('',(5.083632837038,79.281737836013));
#4841 = CARTESIAN_POINT('',(5.124751378248,79.228291573488));
#4842 = CARTESIAN_POINT('',(5.16534050545,79.17462507057));
#4843 = CARTESIAN_POINT('',(5.205477114986,79.120926852789));
#4844 = CARTESIAN_POINT('',(5.286203687503,79.012140555362));
#4845 = CARTESIAN_POINT('',(5.326768651314,78.957062227741));
#4846 = CARTESIAN_POINT('',(5.367017881737,78.902270912316));
#4847 = CARTESIAN_POINT('',(5.407022710552,78.847899731398));
#4848 = CARTESIAN_POINT('',(5.446855768077,78.794057068017));
#4849 = ( GEOMETRIC_REPRESENTATION_CONTEXT(2) 
PARAMETRIC_REPRESENTATION_CONTEXT() REPRESENTATION_CONTEXT('2D SPACE',''
  ) );
#4850 = PCURVE('',#3718,#4851);
#4851 = DEFINITIONAL_REPRESENTATION('',(#4852),#4863);
#4852 = B_SPLINE_CURVE_WITH_KNOTS('',5,(#4853,#4854,#4855,#4856,#4857,
    #4858,#4859,#4860,#4861,#4862),.UNSPECIFIED.,.F.,.F.,(6,4,6),(0.,
    0.49255312703,1.),.UNSPECIFIED.);
#4853 = CARTESIAN_POINT('',(10.548757082793,-1.137104970317E-12));
#4854 = CARTESIAN_POINT('',(10.547200628469,-0.224612053984));
#4855 = CARTESIAN_POINT('',(10.545782597397,-0.453814057791));
#4856 = CARTESIAN_POINT('',(10.544498480252,-0.686821146652));
#4857 = CARTESIAN_POINT('',(10.543344772227,-0.922993240778));
#4858 = CARTESIAN_POINT('',(10.541261489035,-1.407879145489));
#4859 = CARTESIAN_POINT('',(10.540339798426,-1.656744324366));
#4860 = CARTESIAN_POINT('',(10.539550532645,-1.907861868372));
#4861 = CARTESIAN_POINT('',(10.538891752622,-2.160744774704));
#4862 = CARTESIAN_POINT('',(10.538362365844,-2.414972966474));
#4863 = ( GEOMETRIC_REPRESENTATION_CONTEXT(2) 
PARAMETRIC_REPRESENTATION_CONTEXT() REPRESENTATION_CONTEXT('2D SPACE',''
  ) );
#4864 = ORIENTED_EDGE('',*,*,#4196,.F.);
#4865 = ORIENTED_EDGE('',*,*,#1544,.F.);
#4866 = ORIENTED_EDGE('',*,*,#4867,.F.);
#4867 = EDGE_CURVE('',#4868,#1517,#4870,.T.);
#4868 = VERTEX_POINT('',#4869);
#4869 = CARTESIAN_POINT('',(5.381063249874,-99.33472592054,
    360.64611550843));
#4870 = SURFACE_CURVE('',#4871,(#4881,#4894),.PCURVE_S1.);
#4871 = B_SPLINE_CURVE_WITH_KNOTS('',8,(#4872,#4873,#4874,#4875,#4876,
    #4877,#4878,#4879,#4880),.UNSPECIFIED.,.F.,.F.,(9,9),(0.,1.),
  .PIECEWISE_BEZIER_KNOTS.);
#4872 = CARTESIAN_POINT('',(5.381063249874,-99.33472592054,
    360.64611550843));
#4873 = CARTESIAN_POINT('',(5.156621082356,-99.48428924191,
    360.9773550143));
#4874 = CARTESIAN_POINT('',(4.904130973461,-99.63110624726,
    361.29980684995));
#4875 = CARTESIAN_POINT('',(4.621518065276,-99.77476635357,
    361.61282898296));
#4876 = CARTESIAN_POINT('',(4.306450691255,-99.91420464057,
    361.91434772613));
#4877 = CARTESIAN_POINT('',(3.956742943637,-100.0477499252,
    362.20105831727));
#4878 = CARTESIAN_POINT('',(3.570383111449,-100.1730817228,
    362.46839541014));
#4879 = CARTESIAN_POINT('',(3.145948097406,-100.2873202487,
    362.71074668522));
#4880 = CARTESIAN_POINT('',(2.681811085513,-100.3868281023,
    362.92097030068));
#4881 = PCURVE('',#1628,#4882);
#4882 = DEFINITIONAL_REPRESENTATION('',(#4883),#4893);
#4883 = B_SPLINE_CURVE_WITH_KNOTS('',8,(#4884,#4885,#4886,#4887,#4888,
    #4889,#4890,#4891,#4892),.UNSPECIFIED.,.F.,.F.,(9,9),(0.,1.),
  .PIECEWISE_BEZIER_KNOTS.);
#4884 = CARTESIAN_POINT('',(3.091342680351,79.334725920548));
#4885 = CARTESIAN_POINT('',(3.15289919632,79.484289241914));
#4886 = CARTESIAN_POINT('',(3.215757093218,79.63110624726));
#4887 = CARTESIAN_POINT('',(3.280368306983,79.774766353571));
#4888 = CARTESIAN_POINT('',(3.347091348462,79.914204640576));
#4889 = CARTESIAN_POINT('',(3.416225167276,80.047749925225));
#4890 = CARTESIAN_POINT('',(3.488072843288,80.173081722883));
#4891 = CARTESIAN_POINT('',(3.562936995195,80.287320248774));
#4892 = CARTESIAN_POINT('',(3.641325669403,80.386828102377));
#4893 = ( GEOMETRIC_REPRESENTATION_CONTEXT(2) 
PARAMETRIC_REPRESENTATION_CONTEXT() REPRESENTATION_CONTEXT('2D SPACE',''
  ) );
#4894 = PCURVE('',#1533,#4895);
#4895 = DEFINITIONAL_REPRESENTATION('',(#4896),#4906);
#4896 = B_SPLINE_CURVE_WITH_KNOTS('',8,(#4897,#4898,#4899,#4900,#4901,
    #4902,#4903,#4904,#4905),.UNSPECIFIED.,.F.,.F.,(9,9),(0.,1.),
  .PIECEWISE_BEZIER_KNOTS.);
#4897 = CARTESIAN_POINT('',(10.656993328938,-2.274854792253));
#4898 = CARTESIAN_POINT('',(10.654659162727,-1.943615286384));
#4899 = CARTESIAN_POINT('',(10.652052316415,-1.621163450737));
#4900 = CARTESIAN_POINT('',(10.649153330619,-1.308141317723));
#4901 = CARTESIAN_POINT('',(10.645940523001,-1.006622574556));
#4902 = CARTESIAN_POINT('',(10.642393846275,-0.719911983409));
#4903 = CARTESIAN_POINT('',(10.638494842456,-0.452574890542));
#4904 = CARTESIAN_POINT('',(10.634230273766,-0.210223615467));
#4905 = CARTESIAN_POINT('',(10.629583623944,9.119582748552E-13));
#4906 = ( GEOMETRIC_REPRESENTATION_CONTEXT(2) 
PARAMETRIC_REPRESENTATION_CONTEXT() REPRESENTATION_CONTEXT('2D SPACE',''
  ) );
#4907 = ORIENTED_EDGE('',*,*,#4908,.F.);
#4908 = EDGE_CURVE('',#4909,#4868,#4911,.T.);
#4909 = VERTEX_POINT('',#4910);
#4910 = CARTESIAN_POINT('',(6.382341893176,-98.79405706801,
    358.23114254196));
#4911 = SURFACE_CURVE('',#4912,(#4921,#4933),.PCURVE_S1.);
#4912 = B_SPLINE_CURVE_WITH_KNOTS('',7,(#4913,#4914,#4915,#4916,#4917,
    #4918,#4919,#4920),.UNSPECIFIED.,.F.,.F.,(8,8),(0.,1.),
  .PIECEWISE_BEZIER_KNOTS.);
#4913 = CARTESIAN_POINT('',(6.382341893174,-98.79405706801,
    358.23114254196));
#4914 = CARTESIAN_POINT('',(6.313306942353,-98.86985259421,
    358.58902527584));
#4915 = CARTESIAN_POINT('',(6.220483687831,-98.94660893869,
    358.94434086601));
#4916 = CARTESIAN_POINT('',(6.103549782599,-99.02411202806,
    359.29628492125));
#4917 = CARTESIAN_POINT('',(5.96196055814,-99.10207866614,
    359.64381929008));
#4918 = CARTESIAN_POINT('',(5.794996546263,-99.18014848255,
    359.98567683319));
#4919 = CARTESIAN_POINT('',(5.601785286494,-99.25787863531,
    360.32036630029));
#4920 = CARTESIAN_POINT('',(5.381063249874,-99.33472592054,
    360.64611550843));
#4921 = PCURVE('',#1628,#4922);
#4922 = DEFINITIONAL_REPRESENTATION('',(#4923),#4932);
#4923 = B_SPLINE_CURVE_WITH_KNOTS('',7,(#4924,#4925,#4926,#4927,#4928,
    #4929,#4930,#4931),.UNSPECIFIED.,.F.,.F.,(8,8),(0.,1.),
  .PIECEWISE_BEZIER_KNOTS.);
#4924 = CARTESIAN_POINT('',(2.686378546217,78.794057068017));
#4925 = CARTESIAN_POINT('',(2.742452435688,78.869852594218));
#4926 = CARTESIAN_POINT('',(2.798831684456,78.946608938694));
#4927 = CARTESIAN_POINT('',(2.855692312844,79.024112028063));
#4928 = CARTESIAN_POINT('',(2.913194905765,79.102078666147));
#4929 = CARTESIAN_POINT('',(2.971505718943,79.180148482551));
#4930 = CARTESIAN_POINT('',(3.030806464176,79.257878635317));
#4931 = CARTESIAN_POINT('',(3.091342680351,79.334725920549));
#4932 = ( GEOMETRIC_REPRESENTATION_CONTEXT(2) 
PARAMETRIC_REPRESENTATION_CONTEXT() REPRESENTATION_CONTEXT('2D SPACE',''
  ) );
#4933 = PCURVE('',#4934,#4939);
#4934 = CONICAL_SURFACE('',#4935,99.480367989919,0.196349540849);
#4935 = AXIS2_PLACEMENT_3D('',#4936,#4937,#4938);
#4936 = CARTESIAN_POINT('',(0.,0.,360.64611550843));
#4937 = DIRECTION('',(-0.,0.,1.));
#4938 = DIRECTION('',(0.923879532511,0.382683432365,0.));
#4939 = DEFINITIONAL_REPRESENTATION('',(#4940),#4949);
#4940 = B_SPLINE_CURVE_WITH_KNOTS('',7,(#4941,#4942,#4943,#4944,#4945,
    #4946,#4947,#4948),.UNSPECIFIED.,.F.,.F.,(8,8),(0.,1.),
  .PIECEWISE_BEZIER_KNOTS.);
#4941 = CARTESIAN_POINT('',(10.667388045887,-2.414972966474));
#4942 = CARTESIAN_POINT('',(10.666642816234,-2.05709023259));
#4943 = CARTESIAN_POINT('',(10.66565842521,-1.70177464242));
#4944 = CARTESIAN_POINT('',(10.664432468458,-1.349830587181));
#4945 = CARTESIAN_POINT('',(10.662960331631,-1.002296218355));
#4946 = CARTESIAN_POINT('',(10.661235672742,-0.660438675243));
#4947 = CARTESIAN_POINT('',(10.659250615466,-0.325749208148));
#4948 = CARTESIAN_POINT('',(10.656993328938,0.));
#4949 = ( GEOMETRIC_REPRESENTATION_CONTEXT(2) 
PARAMETRIC_REPRESENTATION_CONTEXT() REPRESENTATION_CONTEXT('2D SPACE',''
  ) );
#4950 = ORIENTED_EDGE('',*,*,#4951,.F.);
#4951 = EDGE_CURVE('',#4952,#4909,#4954,.T.);
#4952 = VERTEX_POINT('',#4953);
#4953 = CARTESIAN_POINT('',(6.382341893172,-98.79405706801,
    355.76885745803));
#4954 = SURFACE_CURVE('',#4955,(#4966,#4980),.PCURVE_S1.);
#4955 = B_SPLINE_CURVE_WITH_KNOTS('',5,(#4956,#4957,#4958,#4959,#4960,
    #4961,#4962,#4963,#4964,#4965),.UNSPECIFIED.,.F.,.F.,(6,4,6),(0.,
    0.499999996083,1.),.UNSPECIFIED.);
#4956 = CARTESIAN_POINT('',(6.382341777435,-98.79405707549,
    355.76885685803));
#4957 = CARTESIAN_POINT('',(6.429540673821,-98.7910079094,
    356.01353960692));
#4958 = CARTESIAN_POINT('',(6.464804244612,-98.78870150008,
    356.25939631209));
#4959 = CARTESIAN_POINT('',(6.488268085393,-98.78715765352,
    356.50601432762));
#4960 = CARTESIAN_POINT('',(6.5,-98.78638570167,356.75300446444));
#4961 = CARTESIAN_POINT('',(6.5,-98.78638570167,357.24699553942));
#4962 = CARTESIAN_POINT('',(6.488268080755,-98.78715765362,
    357.49398573469));
#4963 = CARTESIAN_POINT('',(6.464804241891,-98.78870150062,
    357.74060373285));
#4964 = CARTESIAN_POINT('',(6.429540674138,-98.79100790938,
    357.98646039143));
#4965 = CARTESIAN_POINT('',(6.382341777435,-98.79405707549,
    358.23114314196));
#4966 = PCURVE('',#1628,#4967);
#4967 = DEFINITIONAL_REPRESENTATION('',(#4968),#4979);
#4968 = B_SPLINE_CURVE_WITH_KNOTS('',5,(#4969,#4970,#4971,#4972,#4973,
    #4974,#4975,#4976,#4977,#4978),.UNSPECIFIED.,.F.,.F.,(6,4,6),(0.,
    0.499999996083,1.),.UNSPECIFIED.);
#4969 = CARTESIAN_POINT('',(2.305263020477,78.794057075494));
#4970 = CARTESIAN_POINT('',(2.343600476762,78.791007909409));
#4971 = CARTESIAN_POINT('',(2.381767484385,78.788701500083));
#4972 = CARTESIAN_POINT('',(2.419823037665,78.787157653523));
#4973 = CARTESIAN_POINT('',(2.457821517189,78.786385701675));
#4974 = CARTESIAN_POINT('',(2.53382014411,78.786385701675));
#4975 = CARTESIAN_POINT('',(2.571818632744,78.787157653625));
#4976 = CARTESIAN_POINT('',(2.609874183111,78.788701500629));
#4977 = CARTESIAN_POINT('',(2.648041183683,78.791007909389));
#4978 = CARTESIAN_POINT('',(2.686378640226,78.794057075494));
#4979 = ( GEOMETRIC_REPRESENTATION_CONTEXT(2) 
PARAMETRIC_REPRESENTATION_CONTEXT() REPRESENTATION_CONTEXT('2D SPACE',''
  ) );
#4980 = PCURVE('',#4981,#4986);
#4981 = CYLINDRICAL_SURFACE('',#4982,99.);
#4982 = AXIS2_PLACEMENT_3D('',#4983,#4984,#4985);
#4983 = CARTESIAN_POINT('',(0.,0.,358.23114254196));
#4984 = DIRECTION('',(0.,-0.,-1.));
#4985 = DIRECTION('',(0.923879532511,0.382683432365,0.));
#4986 = DEFINITIONAL_REPRESENTATION('',(#4987),#4998);
#4987 = B_SPLINE_CURVE_WITH_KNOTS('',5,(#4988,#4989,#4990,#4991,#4992,
    #4993,#4994,#4995,#4996,#4997),.UNSPECIFIED.,.F.,.F.,(6,4,6),(0.,
    0.499999996083,1.),.UNSPECIFIED.);
#4988 = CARTESIAN_POINT('',(-10.66738804471,2.46228568393));
#4989 = CARTESIAN_POINT('',(-10.66786579507,2.217602935042));
#4990 = CARTESIAN_POINT('',(-10.66822275371,1.97174622987));
#4991 = CARTESIAN_POINT('',(-10.66846027471,1.725128214343));
#4992 = CARTESIAN_POINT('',(-10.66857903515,1.478138077522));
#4993 = CARTESIAN_POINT('',(-10.66857903515,0.984147002537));
#4994 = CARTESIAN_POINT('',(-10.66846027466,0.737156807266));
#4995 = CARTESIAN_POINT('',(-10.66822275368,0.490538809108));
#4996 = CARTESIAN_POINT('',(-10.66786579507,0.244682150534));
#4997 = CARTESIAN_POINT('',(-10.66738804471,-6.E-07));
#4998 = ( GEOMETRIC_REPRESENTATION_CONTEXT(2) 
PARAMETRIC_REPRESENTATION_CONTEXT() REPRESENTATION_CONTEXT('2D SPACE',''
  ) );
#4999 = ORIENTED_EDGE('',*,*,#5000,.F.);
#5000 = EDGE_CURVE('',#5001,#4952,#5003,.T.);
#5001 = VERTEX_POINT('',#5002);
#5002 = CARTESIAN_POINT('',(5.381063249872,-99.33472592054,
    353.35388449156));
#5003 = SURFACE_CURVE('',#5004,(#5013,#5025),.PCURVE_S1.);
#5004 = B_SPLINE_CURVE_WITH_KNOTS('',7,(#5005,#5006,#5007,#5008,#5009,
    #5010,#5011,#5012),.UNSPECIFIED.,.F.,.F.,(8,8),(0.,1.),
  .PIECEWISE_BEZIER_KNOTS.);
#5005 = CARTESIAN_POINT('',(5.381063249872,-99.33472592054,
    353.35388449156));
#5006 = CARTESIAN_POINT('',(5.601785288228,-99.25787863471,
    353.67963370227));
#5007 = CARTESIAN_POINT('',(5.79499654826,-99.18014848169,
    354.01432317051));
#5008 = CARTESIAN_POINT('',(5.96196055993,-99.10207866522,
    354.35618071398));
#5009 = CARTESIAN_POINT('',(6.103549783962,-99.02411202721,
    354.70371508257));
#5010 = CARTESIAN_POINT('',(6.220483688749,-98.94660893799,
    355.05565913721));
#5011 = CARTESIAN_POINT('',(6.313306942752,-98.86985259377,
    355.41097472623));
#5012 = CARTESIAN_POINT('',(6.382341893172,-98.79405706801,
    355.76885745803));
#5013 = PCURVE('',#1628,#5014);
#5014 = DEFINITIONAL_REPRESENTATION('',(#5015),#5024);
#5015 = B_SPLINE_CURVE_WITH_KNOTS('',7,(#5016,#5017,#5018,#5019,#5020,
    #5021,#5022,#5023),.UNSPECIFIED.,.F.,.F.,(8,8),(0.,1.),
  .PIECEWISE_BEZIER_KNOTS.);
#5016 = CARTESIAN_POINT('',(1.900298980352,79.334725920549));
#5017 = CARTESIAN_POINT('',(1.960835197004,79.257878634712));
#5018 = CARTESIAN_POINT('',(2.020135942406,79.180148481694));
#5019 = CARTESIAN_POINT('',(2.078446755619,79.102078665229));
#5020 = CARTESIAN_POINT('',(2.135949348484,79.024112027214));
#5021 = CARTESIAN_POINT('',(2.192809976764,78.946608937991));
#5022 = CARTESIAN_POINT('',(2.249189225342,78.869852593777));
#5023 = CARTESIAN_POINT('',(2.305263114487,78.794057068017));
#5024 = ( GEOMETRIC_REPRESENTATION_CONTEXT(2) 
PARAMETRIC_REPRESENTATION_CONTEXT() REPRESENTATION_CONTEXT('2D SPACE',''
  ) );
#5025 = PCURVE('',#5026,#5031);
#5026 = CONICAL_SURFACE('',#5027,99.,0.196349540849);
#5027 = AXIS2_PLACEMENT_3D('',#5028,#5029,#5030);
#5028 = CARTESIAN_POINT('',(0.,0.,355.76885745803));
#5029 = DIRECTION('',(0.,-0.,-1.));
#5030 = DIRECTION('',(0.923879532511,0.382683432365,0.));
#5031 = DEFINITIONAL_REPRESENTATION('',(#5032),#5041);
#5032 = B_SPLINE_CURVE_WITH_KNOTS('',7,(#5033,#5034,#5035,#5036,#5037,
    #5038,#5039,#5040),.UNSPECIFIED.,.F.,.F.,(8,8),(0.,1.),
  .PIECEWISE_BEZIER_KNOTS.);
#5033 = CARTESIAN_POINT('',(-10.65699332893,2.414972966474));
#5034 = CARTESIAN_POINT('',(-10.65925061548,2.089223755763));
#5035 = CARTESIAN_POINT('',(-10.66123567276,1.75453428752));
#5036 = CARTESIAN_POINT('',(-10.66296033165,1.412676744053));
#5037 = CARTESIAN_POINT('',(-10.66443246847,1.06514237546));
#5038 = CARTESIAN_POINT('',(-10.66565842522,0.713198320817));
#5039 = CARTESIAN_POINT('',(-10.66664281623,0.357882731802));
#5040 = CARTESIAN_POINT('',(-10.66738804588,0.));
#5041 = ( GEOMETRIC_REPRESENTATION_CONTEXT(2) 
PARAMETRIC_REPRESENTATION_CONTEXT() REPRESENTATION_CONTEXT('2D SPACE',''
  ) );
#5042 = ORIENTED_EDGE('',*,*,#5043,.F.);
#5043 = EDGE_CURVE('',#5044,#5001,#5046,.T.);
#5044 = VERTEX_POINT('',#5045);
#5045 = CARTESIAN_POINT('',(2.681811085507,-100.3868281023,
    351.07902969931));
#5046 = SURFACE_CURVE('',#5047,(#5057,#5070),.PCURVE_S1.);
#5047 = B_SPLINE_CURVE_WITH_KNOTS('',8,(#5048,#5049,#5050,#5051,#5052,
    #5053,#5054,#5055,#5056),.UNSPECIFIED.,.F.,.F.,(9,9),(0.,1.),
  .PIECEWISE_BEZIER_KNOTS.);
#5048 = CARTESIAN_POINT('',(2.681811085502,-100.3868281023,
    351.0790296993));
#5049 = CARTESIAN_POINT('',(3.145948141596,-100.2873202393,
    351.28925333479));
#5050 = CARTESIAN_POINT('',(3.570383170829,-100.1730817057,
    351.53160462625));
#5051 = CARTESIAN_POINT('',(3.956743004217,-100.0477499038,
    351.79894172854));
#5052 = CARTESIAN_POINT('',(4.306450743696,-99.91420461834,
    352.0856523218));
#5053 = CARTESIAN_POINT('',(4.621518105689,-99.77476633355,
    352.38717106058));
#5054 = CARTESIAN_POINT('',(4.904130999927,-99.63110623204,
    352.70019318344));
#5055 = CARTESIAN_POINT('',(5.156621095045,-99.48428923345,
    353.02264500442));
#5056 = CARTESIAN_POINT('',(5.381063249872,-99.33472592054,
    353.35388449156));
#5057 = PCURVE('',#1628,#5058);
#5058 = DEFINITIONAL_REPRESENTATION('',(#5059),#5069);
#5059 = B_SPLINE_CURVE_WITH_KNOTS('',8,(#5060,#5061,#5062,#5063,#5064,
    #5065,#5066,#5067,#5068),.UNSPECIFIED.,.F.,.F.,(9,9),(0.,1.),
  .PIECEWISE_BEZIER_KNOTS.);
#5060 = CARTESIAN_POINT('',(1.350315991299,80.386828102379));
#5061 = CARTESIAN_POINT('',(1.428704672972,80.2873202393));
#5062 = CARTESIAN_POINT('',(1.503568828049,80.173081705741));
#5063 = CARTESIAN_POINT('',(1.575416505034,80.047749903805));
#5064 = CARTESIAN_POINT('',(1.644550323093,79.914204618347));
#5065 = CARTESIAN_POINT('',(1.711273362819,79.774766333553));
#5066 = CARTESIAN_POINT('',(1.775884574023,79.631106232043));
#5067 = CARTESIAN_POINT('',(1.838742467865,79.484289233458));
#5068 = CARTESIAN_POINT('',(1.900298980352,79.334725920549));
#5069 = ( GEOMETRIC_REPRESENTATION_CONTEXT(2) 
PARAMETRIC_REPRESENTATION_CONTEXT() REPRESENTATION_CONTEXT('2D SPACE',''
  ) );
#5070 = PCURVE('',#5071,#5076);
#5071 = CONICAL_SURFACE('',#5072,99.480367989919,0.392699081699);
#5072 = AXIS2_PLACEMENT_3D('',#5073,#5074,#5075);
#5073 = CARTESIAN_POINT('',(0.,0.,353.35388449156));
#5074 = DIRECTION('',(0.,-0.,-1.));
#5075 = DIRECTION('',(0.923879532511,0.382683432365,0.));
#5076 = DEFINITIONAL_REPRESENTATION('',(#5077),#5087);
#5077 = B_SPLINE_CURVE_WITH_KNOTS('',8,(#5078,#5079,#5080,#5081,#5082,
    #5083,#5084,#5085,#5086),.UNSPECIFIED.,.F.,.F.,(9,9),(0.,1.),
  .PIECEWISE_BEZIER_KNOTS.);
#5078 = CARTESIAN_POINT('',(-10.62958362394,2.274854792254));
#5079 = CARTESIAN_POINT('',(-10.6342302742,2.064631156766));
#5080 = CARTESIAN_POINT('',(-10.63849484305,1.822279865304));
#5081 = CARTESIAN_POINT('',(-10.64239384688,1.554942763019));
#5082 = CARTESIAN_POINT('',(-10.64594052353,1.268232169751));
#5083 = CARTESIAN_POINT('',(-10.64915333103,0.966713430978));
#5084 = CARTESIAN_POINT('',(-10.65205231668,0.653691308118));
#5085 = CARTESIAN_POINT('',(-10.65465916285,0.331239487137));
#5086 = CARTESIAN_POINT('',(-10.65699332893,0.));
#5087 = ( GEOMETRIC_REPRESENTATION_CONTEXT(2) 
PARAMETRIC_REPRESENTATION_CONTEXT() REPRESENTATION_CONTEXT('2D SPACE',''
  ) );
#5088 = ORIENTED_EDGE('',*,*,#5089,.F.);
#5089 = EDGE_CURVE('',#4276,#5044,#5090,.T.);
#5090 = SURFACE_CURVE('',#5091,(#5129,#5170),.PCURVE_S1.);
#5091 = B_SPLINE_CURVE_WITH_KNOTS('',6,(#5092,#5093,#5094,#5095,#5096,
    #5097,#5098,#5099,#5100,#5101,#5102,#5103,#5104,#5105,#5106,#5107,
    #5108,#5109,#5110,#5111,#5112,#5113,#5114,#5115,#5116,#5117,#5118,
    #5119,#5120,#5121,#5122,#5123,#5124,#5125,#5126,#5127,#5128),
  .UNSPECIFIED.,.F.,.F.,(7,5,5,5,5,5,5,7),(0.,0.206418149816,
    0.307789162644,0.498924845232,0.630908096633,0.693304661689,
    0.794716998098,1.),.UNSPECIFIED.);
#5092 = CARTESIAN_POINT('',(-2.681811085508,-100.3868281023,
    351.07902969931));
#5093 = CARTESIAN_POINT('',(-2.526430426057,-100.4380204097,
    351.00865245473));
#5094 = CARTESIAN_POINT('',(-2.365684509278,-100.4867453359,
    350.94174194049));
#5095 = CARTESIAN_POINT('',(-2.199468527647,-100.5327009985,
    350.87869920584));
#5096 = CARTESIAN_POINT('',(-2.027783038534,-100.5755249174,
    350.82000700374));
#5097 = CARTESIAN_POINT('',(-1.850760904966,-100.6148093612,
    350.7662084163));
#5098 = CARTESIAN_POINT('',(-1.579334777697,-100.6674911523,
    350.6941093447));
#5099 = CARTESIAN_POINT('',(-1.488735472443,-100.6838878292,
    350.67167763057));
#5100 = CARTESIAN_POINT('',(-1.396974452216,-100.6992807708,
    350.65062625376));
#5101 = CARTESIAN_POINT('',(-1.304107726098,-100.7136199409,
    350.63102194777));
#5102 = CARTESIAN_POINT('',(-1.210206429689,-100.7268567656,
    350.61292951366));
#5103 = CARTESIAN_POINT('',(-0.936522889808,-100.7617405551,
    350.56526011299));
#5104 = CARTESIAN_POINT('',(-0.754282574503,-100.7804603744,
    350.53969351599));
#5105 = CARTESIAN_POINT('',(-0.569297667354,-100.7947918143,
    350.52012834109));
#5106 = CARTESIAN_POINT('',(-0.382348223966,-100.8044868844,
    350.50689560666));
#5107 = CARTESIAN_POINT('',(-0.194347736562,-100.8094020064,
    350.50018694525));
#5108 = CARTESIAN_POINT('',(0.123455671883,-100.809629702,
    350.49987616439));
#5109 = CARTESIAN_POINT('',(0.253284509296,-100.807443416,
    350.50286022166));
#5110 = CARTESIAN_POINT('',(0.38279289997,-100.8029767594,
    350.50895670888));
#5111 = CARTESIAN_POINT('',(0.511667452885,-100.7962603698,
    350.5181247241));
#5112 = CARTESIAN_POINT('',(0.639617579305,-100.7873519396,
    350.53028724294));
#5113 = CARTESIAN_POINT('',(0.826300169191,-100.7711215447,
    350.55245242374));
#5114 = CARTESIAN_POINT('',(0.885960794923,-100.7654393294,
    350.56021313891));
#5115 = CARTESIAN_POINT('',(0.94532929491,-100.7592933358,
    350.56860822392));
#5116 = CARTESIAN_POINT('',(1.004380830297,-100.7526927408,
    350.57762543004));
#5117 = CARTESIAN_POINT('',(1.063092745029,-100.7456474714,
    350.58725150865));
#5118 = CARTESIAN_POINT('',(1.216283031356,-100.7260122488,350.614083788
    ));
#5119 = CARTESIAN_POINT('',(1.310170540297,-100.7127097091,
    350.63226630685));
#5120 = CARTESIAN_POINT('',(1.403019307518,-100.6983059273,
    350.65195926144));
#5121 = CARTESIAN_POINT('',(1.494758616332,-100.6828496078,
    350.67309767745));
#5122 = CARTESIAN_POINT('',(1.58533287484,-100.6663908745,
    350.69561470515));
#5123 = CARTESIAN_POINT('',(1.855599601099,-100.6137341627,
    350.76768087464));
#5124 = CARTESIAN_POINT('',(2.031537530157,-100.5745876123,
    350.82129163512));
#5125 = CARTESIAN_POINT('',(2.2021948278,-100.5319468414,350.87973377722
    ));
#5126 = CARTESIAN_POINT('',(2.367442350955,-100.4862123812,
    350.94247381194));
#5127 = CARTESIAN_POINT('',(2.527280120641,-100.437740466,
    351.00903731063));
#5128 = CARTESIAN_POINT('',(2.681811085507,-100.3868281023,
    351.07902969931));
#5129 = PCURVE('',#1628,#5130);
#5130 = DEFINITIONAL_REPRESENTATION('',(#5131),#5169);
#5131 = B_SPLINE_CURVE_WITH_KNOTS('',6,(#5132,#5133,#5134,#5135,#5136,
    #5137,#5138,#5139,#5140,#5141,#5142,#5143,#5144,#5145,#5146,#5147,
    #5148,#5149,#5150,#5151,#5152,#5153,#5154,#5155,#5156,#5157,#5158,
    #5159,#5160,#5161,#5162,#5163,#5164,#5165,#5166,#5167,#5168),
  .UNSPECIFIED.,.F.,.F.,(7,5,5,5,5,5,5,7),(0.,0.206418149816,
    0.307789162644,0.498924845232,0.630908096633,0.693304661689,
    0.794716998098,1.),.UNSPECIFIED.);
#5132 = CARTESIAN_POINT('',(0.499733015814,80.386828102378));
#5133 = CARTESIAN_POINT('',(0.525975447638,80.438020409707));
#5134 = CARTESIAN_POINT('',(0.552749718981,80.486745335919));
#5135 = CARTESIAN_POINT('',(0.58007762199,80.532700998553));
#5136 = CARTESIAN_POINT('',(0.607967456808,80.575524917472));
#5137 = CARTESIAN_POINT('',(0.636413700131,80.614809361234));
#5138 = CARTESIAN_POINT('',(0.679619665829,80.667491152369));
#5139 = CARTESIAN_POINT('',(0.693976837152,80.683887829225));
#5140 = CARTESIAN_POINT('',(0.708457404541,80.699280770802));
#5141 = CARTESIAN_POINT('',(0.723056071654,80.713619940939));
#5142 = CARTESIAN_POINT('',(0.737765774708,80.726856765658));
#5143 = CARTESIAN_POINT('',(0.780504848681,80.761740555142));
#5144 = CARTESIAN_POINT('',(0.808800975117,80.780460374413));
#5145 = CARTESIAN_POINT('',(0.837393592937,80.794791814396));
#5146 = CARTESIAN_POINT('',(0.866200755823,80.80448688441));
#5147 = CARTESIAN_POINT('',(0.895124837793,80.80940200642));
#5148 = CARTESIAN_POINT('',(0.94401769324,80.80962970208));
#5149 = CARTESIAN_POINT('',(0.963990896548,80.807443416042));
#5150 = CARTESIAN_POINT('',(0.983928690825,80.80297675945));
#5151 = CARTESIAN_POINT('',(1.003797168313,80.796260369815));
#5152 = CARTESIAN_POINT('',(1.023565125624,80.787351939609));
#5153 = CARTESIAN_POINT('',(1.052487255153,80.771121544711));
#5154 = CARTESIAN_POINT('',(1.061742562366,80.765439329404));
#5155 = CARTESIAN_POINT('',(1.070966192761,80.759293335852));
#5156 = CARTESIAN_POINT('',(1.080155519724,80.75269274084));
#5157 = CARTESIAN_POINT('',(1.089308174656,80.745647471408));
#5158 = CARTESIAN_POINT('',(1.113234706704,80.726012248898));
#5159 = CARTESIAN_POINT('',(1.127944955121,80.712709709103));
#5160 = CARTESIAN_POINT('',(1.142543742349,80.698305927353));
#5161 = CARTESIAN_POINT('',(1.157024055233,80.682849607886));
#5162 = CARTESIAN_POINT('',(1.171380647509,80.666390874529));
#5163 = CARTESIAN_POINT('',(1.214412942003,80.613734162709));
#5164 = CARTESIAN_POINT('',(1.242691515801,80.574587612342));
#5165 = CARTESIAN_POINT('',(1.270419653093,80.531946841471));
#5166 = CARTESIAN_POINT('',(1.297592089582,80.486212381262));
#5167 = CARTESIAN_POINT('',(1.324217065445,80.437740466073));
#5168 = CARTESIAN_POINT('',(1.3503159913,80.386828102377));
#5169 = ( GEOMETRIC_REPRESENTATION_CONTEXT(2) 
PARAMETRIC_REPRESENTATION_CONTEXT() REPRESENTATION_CONTEXT('2D SPACE',''
  ) );
#5170 = PCURVE('',#2032,#5171);
#5171 = DEFINITIONAL_REPRESENTATION('',(#5172),#5210);
#5172 = B_SPLINE_CURVE_WITH_KNOTS('',6,(#5173,#5174,#5175,#5176,#5177,
    #5178,#5179,#5180,#5181,#5182,#5183,#5184,#5185,#5186,#5187,#5188,
    #5189,#5190,#5191,#5192,#5193,#5194,#5195,#5196,#5197,#5198,#5199,
    #5200,#5201,#5202,#5203,#5204,#5205,#5206,#5207,#5208,#5209),
  .UNSPECIFIED.,.F.,.F.,(7,5,5,5,5,5,5,7),(0.,0.206418149816,
    0.307789162644,0.498924845232,0.630908096633,0.693304661689,
    0.794716998098,1.),.UNSPECIFIED.);
#5173 = CARTESIAN_POINT('',(-4.292981480608,9.831686821923E-13));
#5174 = CARTESIAN_POINT('',(-4.294541809438,7.037724457866E-02));
#5175 = CARTESIAN_POINT('',(-4.296153136243,0.13728775882));
#5176 = CARTESIAN_POINT('',(-4.297816485587,0.200330493471));
#5177 = CARTESIAN_POINT('',(-4.29953186552,0.259022695566));
#5178 = CARTESIAN_POINT('',(-4.301298035445,0.312821283004));
#5179 = CARTESIAN_POINT('',(-4.304002698701,0.384920354606));
#5180 = CARTESIAN_POINT('',(-4.304904955441,0.407352068741));
#5181 = CARTESIAN_POINT('',(-4.305818276905,0.428403445546));
#5182 = CARTESIAN_POINT('',(-4.306742132073,0.44800775154));
#5183 = CARTESIAN_POINT('',(-4.307675845399,0.466100185649));
#5184 = CARTESIAN_POINT('',(-4.310396105869,0.513769586316));
#5185 = CARTESIAN_POINT('',(-4.312206095995,0.539336183318));
#5186 = CARTESIAN_POINT('',(-4.314042237317,0.558901358213));
#5187 = CARTESIAN_POINT('',(-4.315897112444,0.57213409265));
#5188 = CARTESIAN_POINT('',(-4.317762028063,0.578842754059));
#5189 = CARTESIAN_POINT('',(-4.320914541525,0.579153534921));
#5190 = CARTESIAN_POINT('',(-4.32220240015,0.576169477644));
#5191 = CARTESIAN_POINT('',(-4.323487199552,0.570072990423));
#5192 = CARTESIAN_POINT('',(-4.324765954002,0.56090497521));
#5193 = CARTESIAN_POINT('',(-4.32603589605,0.548742456371));
#5194 = CARTESIAN_POINT('',(-4.327889458407,0.526577275568));
#5195 = CARTESIAN_POINT('',(-4.328481930577,0.518816560398));
#5196 = CARTESIAN_POINT('',(-4.329071617858,0.510421475384));
#5197 = CARTESIAN_POINT('',(-4.329658283733,0.501404269263));
#5198 = CARTESIAN_POINT('',(-4.330241712572,0.491778190654));
#5199 = CARTESIAN_POINT('',(-4.331764371406,0.464945911309));
#5200 = CARTESIAN_POINT('',(-4.332697970401,0.446763392453));
#5201 = CARTESIAN_POINT('',(-4.333621671579,0.427070437868));
#5202 = CARTESIAN_POINT('',(-4.334534803403,0.405932021856));
#5203 = CARTESIAN_POINT('',(-4.33543683884,0.383414994154));
#5204 = CARTESIAN_POINT('',(-4.338130038879,0.311348824669));
#5205 = CARTESIAN_POINT('',(-4.339885444983,0.257738064183));
#5206 = CARTESIAN_POINT('',(-4.341590594546,0.19929592209));
#5207 = CARTESIAN_POINT('',(-4.343244281921,0.136555887367));
#5208 = CARTESIAN_POINT('',(-4.344846520547,6.999238867721E-02));
#5209 = CARTESIAN_POINT('',(-4.346398316764,0.));
#5210 = ( GEOMETRIC_REPRESENTATION_CONTEXT(2) 
PARAMETRIC_REPRESENTATION_CONTEXT() REPRESENTATION_CONTEXT('2D SPACE',''
  ) );
#5211 = ADVANCED_FACE('',(#5212),#1533,.F.);
#5212 = FACE_BOUND('',#5213,.T.);
#5213 = EDGE_LOOP('',(#5214,#5215,#5259,#5297,#5319));
#5214 = ORIENTED_EDGE('',*,*,#1516,.T.);
#5215 = ORIENTED_EDGE('',*,*,#5216,.T.);
#5216 = EDGE_CURVE('',#1387,#5217,#5219,.T.);
#5217 = VERTEX_POINT('',#5218);
#5218 = CARTESIAN_POINT('',(100.04388625149,-3.911797650488,
    362.1911308153));
#5219 = SURFACE_CURVE('',#5220,(#5231,#5245),.PCURVE_S1.);
#5220 = B_SPLINE_CURVE_WITH_KNOTS('',5,(#5221,#5222,#5223,#5224,#5225,
    #5226,#5227,#5228,#5229,#5230),.UNSPECIFIED.,.F.,.F.,(6,4,6),(0.,
    0.490400870255,1.),.UNSPECIFIED.);
#5221 = CARTESIAN_POINT('',(100.38682810237,-2.681811085508,
    362.92097030068));
#5222 = CARTESIAN_POINT('',(100.35787600995,-2.816853066392,
    362.85980514313));
#5223 = CARTESIAN_POINT('',(100.32753005909,-2.948358491706,
    362.79560202716));
#5224 = CARTESIAN_POINT('',(100.29592395967,-3.076289281667,
    362.72862474268));
#5225 = CARTESIAN_POINT('',(100.26318005071,-3.200653939017,
    362.65911448375));
#5226 = CARTESIAN_POINT('',(100.19430564314,-3.447062253718,
    362.51263111432));
#5227 = CARTESIAN_POINT('',(100.15809340905,-3.568822134804,
    362.43547378012));
#5228 = CARTESIAN_POINT('',(100.1208859595,-3.686818173085,
    362.35604016339));
#5229 = CARTESIAN_POINT('',(100.08278750929,-3.801116578252,
    362.27453498556));
#5230 = CARTESIAN_POINT('',(100.04388625149,-3.911797650488,
    362.1911308153));
#5231 = PCURVE('',#1533,#5232);
#5232 = DEFINITIONAL_REPRESENTATION('',(#5233),#5244);
#5233 = B_SPLINE_CURVE_WITH_KNOTS('',5,(#5234,#5235,#5236,#5237,#5238,
    #5239,#5240,#5241,#5242,#5243),.UNSPECIFIED.,.F.,.F.,(6,4,6),(0.,
    0.490400870255,1.),.UNSPECIFIED.);
#5234 = CARTESIAN_POINT('',(12.146963114582,9.119582748552E-13));
#5235 = CARTESIAN_POINT('',(12.145611158629,-6.116515755792E-02));
#5236 = CARTESIAN_POINT('',(12.144293183461,-0.125368273523));
#5237 = CARTESIAN_POINT('',(12.143009556683,-0.192345558007));
#5238 = CARTESIAN_POINT('',(12.141760205016,-0.261855816939));
#5239 = CARTESIAN_POINT('',(12.139281711501,-0.408339186362));
#5240 = CARTESIAN_POINT('',(12.138055298838,-0.485496520566));
#5241 = CARTESIAN_POINT('',(12.136865081842,-0.564930137289));
#5242 = CARTESIAN_POINT('',(12.135710441693,-0.646435315128));
#5243 = CARTESIAN_POINT('',(12.134590624518,-0.729839485381));
#5244 = ( GEOMETRIC_REPRESENTATION_CONTEXT(2) 
PARAMETRIC_REPRESENTATION_CONTEXT() REPRESENTATION_CONTEXT('2D SPACE',''
  ) );
#5245 = PCURVE('',#1470,#5246);
#5246 = DEFINITIONAL_REPRESENTATION('',(#5247),#5258);
#5247 = B_SPLINE_CURVE_WITH_KNOTS('',5,(#5248,#5249,#5250,#5251,#5252,
    #5253,#5254,#5255,#5256,#5257),.UNSPECIFIED.,.F.,.F.,(6,4,6),(0.,
    0.490400870255,1.),.UNSPECIFIED.);
#5248 = CARTESIAN_POINT('',(6.062704971685,80.386828102378));
#5249 = CARTESIAN_POINT('',(6.085512378921,80.357876009957));
#5250 = CARTESIAN_POINT('',(6.108017000146,80.327530059092));
#5251 = CARTESIAN_POINT('',(6.130221486564,80.295923959672));
#5252 = CARTESIAN_POINT('',(6.152132444168,80.263180050715));
#5253 = CARTESIAN_POINT('',(6.196234111292,80.194305643147));
#5254 = CARTESIAN_POINT('',(6.218401778324,80.158093409055));
#5255 = CARTESIAN_POINT('',(6.240274303337,80.120885959508));
#5256 = CARTESIAN_POINT('',(6.261864119913,80.082787509299));
#5257 = CARTESIAN_POINT('',(6.28318530718,80.043886251491));
#5258 = ( GEOMETRIC_REPRESENTATION_CONTEXT(2) 
PARAMETRIC_REPRESENTATION_CONTEXT() REPRESENTATION_CONTEXT('2D SPACE',''
  ) );
#5259 = ORIENTED_EDGE('',*,*,#5260,.T.);
#5260 = EDGE_CURVE('',#5217,#5261,#5263,.T.);
#5261 = VERTEX_POINT('',#5262);
#5262 = CARTESIAN_POINT('',(99.334725920549,-5.381063249874,
    360.64611550843));
#5263 = SURFACE_CURVE('',#5264,(#5273,#5285),.PCURVE_S1.);
#5264 = B_SPLINE_CURVE_WITH_KNOTS('',7,(#5265,#5266,#5267,#5268,#5269,
    #5270,#5271,#5272),.UNSPECIFIED.,.F.,.F.,(8,8),(0.,1.),
  .PIECEWISE_BEZIER_KNOTS.);
#5265 = CARTESIAN_POINT('',(100.04388625149,-3.911797650488,
    362.1911308153));
#5266 = CARTESIAN_POINT('',(99.95152842431,-4.174572273153,
    361.99311593413));
#5267 = CARTESIAN_POINT('',(99.854986489152,-4.418204911547,
    361.78519506942));
#5268 = CARTESIAN_POINT('',(99.75513530277,-4.643727459661,
    361.5690718526));
#5269 = CARTESIAN_POINT('',(99.652681480008,-4.851984770751,
    361.34612319501));
#5270 = CARTESIAN_POINT('',(99.548194908737,-5.043793195314,
    361.1174639189));
#5271 = CARTESIAN_POINT('',(99.44210900204,-5.21991885067,
    360.88393798073));
#5272 = CARTESIAN_POINT('',(99.334725920549,-5.381063249875,
    360.64611550843));
#5273 = PCURVE('',#1533,#5274);
#5274 = DEFINITIONAL_REPRESENTATION('',(#5275),#5284);
#5275 = B_SPLINE_CURVE_WITH_KNOTS('',7,(#5276,#5277,#5278,#5279,#5280,
    #5281,#5282,#5283),.UNSPECIFIED.,.F.,.F.,(8,8),(0.,1.),
  .PIECEWISE_BEZIER_KNOTS.);
#5276 = CARTESIAN_POINT('',(12.134590624518,-0.729839485381));
#5277 = CARTESIAN_POINT('',(12.131931998885,-0.927854366554));
#5278 = CARTESIAN_POINT('',(12.129457702235,-1.135775231269));
#5279 = CARTESIAN_POINT('',(12.127157923298,-1.351898448083));
#5280 = CARTESIAN_POINT('',(12.125024840864,-1.574847105673));
#5281 = CARTESIAN_POINT('',(12.123050963747,-1.803506381786));
#5282 = CARTESIAN_POINT('',(12.121229288127,-2.037032319957));
#5283 = CARTESIAN_POINT('',(12.119553409588,-2.27485479225));
#5284 = ( GEOMETRIC_REPRESENTATION_CONTEXT(2) 
PARAMETRIC_REPRESENTATION_CONTEXT() REPRESENTATION_CONTEXT('2D SPACE',''
  ) );
#5285 = PCURVE('',#1470,#5286);
#5286 = DEFINITIONAL_REPRESENTATION('',(#5287),#5296);
#5287 = B_SPLINE_CURVE_WITH_KNOTS('',7,(#5288,#5289,#5290,#5291,#5292,
    #5293,#5294,#5295),.UNSPECIFIED.,.F.,.F.,(8,8),(0.,1.),
  .PIECEWISE_BEZIER_KNOTS.);
#5288 = CARTESIAN_POINT('',(0.,80.043886251491));
#5289 = CARTESIAN_POINT('',(5.061991924568E-02,79.951528424309));
#5290 = CARTESIAN_POINT('',(9.980509676092E-02,79.854986489152));
#5291 = CARTESIAN_POINT('',(0.147736347311,79.75513530277));
#5292 = CARTESIAN_POINT('',(0.194548173103,79.652681480008));
#5293 = CARTESIAN_POINT('',(0.240364651661,79.548194908737));
#5294 = CARTESIAN_POINT('',(0.285306467553,79.44210900204));
#5295 = CARTESIAN_POINT('',(0.329502653557,79.334725920549));
#5296 = ( GEOMETRIC_REPRESENTATION_CONTEXT(2) 
PARAMETRIC_REPRESENTATION_CONTEXT() REPRESENTATION_CONTEXT('2D SPACE',''
  ) );
#5297 = ORIENTED_EDGE('',*,*,#5298,.T.);
#5298 = EDGE_CURVE('',#5261,#4868,#5299,.T.);
#5299 = SURFACE_CURVE('',#5300,(#5305,#5312),.PCURVE_S1.);
#5300 = CIRCLE('',#5301,99.480367989919);
#5301 = AXIS2_PLACEMENT_3D('',#5302,#5303,#5304);
#5302 = CARTESIAN_POINT('',(0.,0.,360.64611550843));
#5303 = DIRECTION('',(0.,0.,-1.));
#5304 = DIRECTION('',(0.998535971747,-5.409171034047E-02,0.));
#5305 = PCURVE('',#1533,#5306);
#5306 = DEFINITIONAL_REPRESENTATION('',(#5307),#5311);
#5307 = LINE('',#5308,#5309);
#5308 = CARTESIAN_POINT('',(12.119553409588,-2.27485479225));
#5309 = VECTOR('',#5310,1.);
#5310 = DIRECTION('',(-1.,-0.));
#5311 = ( GEOMETRIC_REPRESENTATION_CONTEXT(2) 
PARAMETRIC_REPRESENTATION_CONTEXT() REPRESENTATION_CONTEXT('2D SPACE',''
  ) );
#5312 = PCURVE('',#4934,#5313);
#5313 = DEFINITIONAL_REPRESENTATION('',(#5314),#5318);
#5314 = LINE('',#5315,#5316);
#5315 = CARTESIAN_POINT('',(12.119553409588,-0.));
#5316 = VECTOR('',#5317,1.);
#5317 = DIRECTION('',(-1.,-0.));
#5318 = ( GEOMETRIC_REPRESENTATION_CONTEXT(2) 
PARAMETRIC_REPRESENTATION_CONTEXT() REPRESENTATION_CONTEXT('2D SPACE',''
  ) );
#5319 = ORIENTED_EDGE('',*,*,#4867,.T.);
#5320 = ADVANCED_FACE('',(#5321),#1470,.T.);
#5321 = FACE_BOUND('',#5322,.T.);
#5322 = EDGE_LOOP('',(#5323,#5324,#5347,#5701,#5702,#5703,#5704,#5705,
    #5743,#5787,#5825,#5866,#5991,#6032,#6070,#6114));
#5323 = ORIENTED_EDGE('',*,*,#5260,.F.);
#5324 = ORIENTED_EDGE('',*,*,#5325,.F.);
#5325 = EDGE_CURVE('',#5326,#5217,#5328,.T.);
#5326 = VERTEX_POINT('',#5327);
#5327 = CARTESIAN_POINT('',(29.74387061466,-3.911797650488,
    362.1911308153));
#5328 = SEAM_CURVE('',#5329,(#5333,#5340),.PCURVE_S1.);
#5329 = LINE('',#5330,#5331);
#5330 = CARTESIAN_POINT('',(20.,-3.911797650488,362.1911308153));
#5331 = VECTOR('',#5332,1.);
#5332 = DIRECTION('',(1.,0.,0.));
#5333 = PCURVE('',#1470,#5334);
#5334 = DEFINITIONAL_REPRESENTATION('',(#5335),#5339);
#5335 = LINE('',#5336,#5337);
#5336 = CARTESIAN_POINT('',(6.28318530718,-0.));
#5337 = VECTOR('',#5338,1.);
#5338 = DIRECTION('',(0.,1.));
#5339 = ( GEOMETRIC_REPRESENTATION_CONTEXT(2) 
PARAMETRIC_REPRESENTATION_CONTEXT() REPRESENTATION_CONTEXT('2D SPACE',''
  ) );
#5340 = PCURVE('',#1470,#5341);
#5341 = DEFINITIONAL_REPRESENTATION('',(#5342),#5346);
#5342 = LINE('',#5343,#5344);
#5343 = CARTESIAN_POINT('',(0.,-0.));
#5344 = VECTOR('',#5345,1.);
#5345 = DIRECTION('',(0.,1.));
#5346 = ( GEOMETRIC_REPRESENTATION_CONTEXT(2) 
PARAMETRIC_REPRESENTATION_CONTEXT() REPRESENTATION_CONTEXT('2D SPACE',''
  ) );
#5347 = ORIENTED_EDGE('',*,*,#5348,.T.);
#5348 = EDGE_CURVE('',#5326,#5326,#5349,.T.);
#5349 = SURFACE_CURVE('',#5350,(#5465,#5583),.PCURVE_S1.);
#5350 = B_SPLINE_CURVE_WITH_KNOTS('',8,(#5351,#5352,#5353,#5354,#5355,
    #5356,#5357,#5358,#5359,#5360,#5361,#5362,#5363,#5364,#5365,#5366,
    #5367,#5368,#5369,#5370,#5371,#5372,#5373,#5374,#5375,#5376,#5377,
    #5378,#5379,#5380,#5381,#5382,#5383,#5384,#5385,#5386,#5387,#5388,
    #5389,#5390,#5391,#5392,#5393,#5394,#5395,#5396,#5397,#5398,#5399,
    #5400,#5401,#5402,#5403,#5404,#5405,#5406,#5407,#5408,#5409,#5410,
    #5411,#5412,#5413,#5414,#5415,#5416,#5417,#5418,#5419,#5420,#5421,
    #5422,#5423,#5424,#5425,#5426,#5427,#5428,#5429,#5430,#5431,#5432,
    #5433,#5434,#5435,#5436,#5437,#5438,#5439,#5440,#5441,#5442,#5443,
    #5444,#5445,#5446,#5447,#5448,#5449,#5450,#5451,#5452,#5453,#5454,
    #5455,#5456,#5457,#5458,#5459,#5460,#5461,#5462,#5463,#5464),
  .UNSPECIFIED.,.T.,.F.,(9,7,7,7,7,7,7,7,7,7,7,7,7,7,7,7,9),(0.,
    3.667377887599E-02,6.745294628377E-02,9.19380831762E-02,
    0.159094377489,0.264575047074,0.365313290223,0.454879261772,
    0.55561750492,0.659862435427,0.736731094237,0.796279692569,
    0.835608678792,0.8797993039,0.910083849089,0.943625724754,1.),
  .UNSPECIFIED.);
#5351 = CARTESIAN_POINT('',(29.74387061466,-3.911797650488,
    362.1911308153));
#5352 = CARTESIAN_POINT('',(29.723500588543,-4.066683837192,
    362.07441570201));
#5353 = CARTESIAN_POINT('',(29.702962532781,-4.215717607066,
    361.95383046423));
#5354 = CARTESIAN_POINT('',(29.682370436984,-4.35895583858,
    361.82968169184));
#5355 = CARTESIAN_POINT('',(29.661829846925,-4.496459554344,
    361.70225476742));
#5356 = CARTESIAN_POINT('',(29.641437988752,-4.628293830392,
    361.5718139283));
#5357 = CARTESIAN_POINT('',(29.621283893198,-4.754527705468,
    361.43860232856));
#5358 = CARTESIAN_POINT('',(29.601448519794,-4.875234090312,
    361.30284210105));
#5359 = CARTESIAN_POINT('',(29.565686436969,-5.087220123179,
    361.04882491721));
#5360 = CARTESIAN_POINT('',(29.54964319871,-5.18011550698,
    360.93125659875));
#5361 = CARTESIAN_POINT('',(29.533918075426,-5.26922235251,
    360.81214503483));
#5362 = CARTESIAN_POINT('',(29.518550612421,-5.354585776922,
    360.69159823365));
#5363 = CARTESIAN_POINT('',(29.503577149659,-5.436249508053,
    360.56971665235));
#5364 = CARTESIAN_POINT('',(29.489030980231,-5.514255902117,
    360.44659320863));
#5365 = CARTESIAN_POINT('',(29.474942508829,-5.588645961393,
    360.32231329225));
#5366 = CARTESIAN_POINT('',(29.450518008609,-5.715792115495,
    360.0972308181));
#5367 = CARTESIAN_POINT('',(29.440004032911,-5.769860287924,
    359.99682640166));
#5368 = CARTESIAN_POINT('',(29.429811474244,-5.821683059244,
    359.89578190878));
#5369 = CARTESIAN_POINT('',(29.419953428238,-5.871278571516,
    359.79413609696));
#5370 = CARTESIAN_POINT('',(29.410442095032,-5.918663918816,
    359.69192609982));
#5371 = CARTESIAN_POINT('',(29.401288779276,-5.963855147235,
    359.58918742702));
#5372 = CARTESIAN_POINT('',(29.392503890129,-6.006867254882,
    359.48595396437));
#5373 = CARTESIAN_POINT('',(29.361038890364,-6.159746603017,
    359.09784712893));
#5374 = CARTESIAN_POINT('',(29.340822102209,-6.255501801494,
    358.80993157478));
#5375 = CARTESIAN_POINT('',(29.323647579589,-6.3352526727,
    358.51920594921));
#5376 = CARTESIAN_POINT('',(29.309669053445,-6.399221432847,
    358.22629296926));
#5377 = CARTESIAN_POINT('',(29.298998531173,-6.447578281128,
    357.93176005662));
#5378 = CARTESIAN_POINT('',(29.291710276034,-6.480439436271,
    357.63613586525));
#5379 = CARTESIAN_POINT('',(29.28784321768,-6.497864557494,
    357.33992671101));
#5380 = CARTESIAN_POINT('',(29.286708460577,-6.50297760919,
    356.57825181728));
#5381 = CARTESIAN_POINT('',(29.294466819257,-6.468018846124,
    356.11299103572));
#5382 = CARTESIAN_POINT('',(29.310672213406,-6.395070045855,
    355.64965343429));
#5383 = CARTESIAN_POINT('',(29.335123967446,-6.283809597188,
    355.19011318042));
#5384 = CARTESIAN_POINT('',(29.367414148728,-6.133541612032,
    354.73644027735));
#5385 = CARTESIAN_POINT('',(29.406891414014,-5.943239401471,
    354.29106225218));
#5386 = CARTESIAN_POINT('',(29.452599940335,-5.711592308452,
    353.85696298829));
#5387 = CARTESIAN_POINT('',(29.551512248937,-5.174862683164,
    353.0377147089));
#5388 = CARTESIAN_POINT('',(29.604463108719,-4.872592763434,
    352.64978062777));
#5389 = CARTESIAN_POINT('',(29.660862342462,-4.528779316948,
    352.27816956721));
#5390 = CARTESIAN_POINT('',(29.719109221934,-4.142136801437,
    351.92772750827));
#5391 = CARTESIAN_POINT('',(29.777145264902,-3.711689145279,
    351.60417317977));
#5392 = CARTESIAN_POINT('',(29.832409170458,-3.236970654792,
    351.31423049288));
#5393 = CARTESIAN_POINT('',(29.881883155985,-2.718334175419,
    351.06583967138));
#5394 = CARTESIAN_POINT('',(29.958284439284,-1.658677629084,
    350.69299548094));
#5395 = CARTESIAN_POINT('',(29.987151436388,-1.125859459013,
    350.55762063286));
#5396 = CARTESIAN_POINT('',(30.005955475968,-0.569112363362,
    350.4724284191));
#5397 = CARTESIAN_POINT('',(30.012504318554,6.69331257086E-12,
    350.44337696892));
#5398 = CARTESIAN_POINT('',(30.005955475968,0.569112363351,
    350.4724284191));
#5399 = CARTESIAN_POINT('',(29.987151436388,1.125859459019,
    350.55762063286));
#5400 = CARTESIAN_POINT('',(29.958284439284,1.658677629083,
    350.69299548094));
#5401 = CARTESIAN_POINT('',(29.881883155985,2.718334175419,
    351.06583967138));
#5402 = CARTESIAN_POINT('',(29.832409170458,3.236970654792,
    351.31423049288));
#5403 = CARTESIAN_POINT('',(29.777145264902,3.711689145279,
    351.60417317977));
#5404 = CARTESIAN_POINT('',(29.719109221934,4.142136801437,
    351.92772750827));
#5405 = CARTESIAN_POINT('',(29.660862342462,4.528779316947,
    352.27816956721));
#5406 = CARTESIAN_POINT('',(29.604463108719,4.872592763435,
    352.64978062777));
#5407 = CARTESIAN_POINT('',(29.551512248937,5.174862683164,
    353.0377147089));
#5408 = CARTESIAN_POINT('',(29.453192659032,5.708376028411,
    353.85205375324));
#5409 = CARTESIAN_POINT('',(29.407963400346,5.937804090372,
    354.28089041814));
#5410 = CARTESIAN_POINT('',(29.36880508852,6.126831673852,
    354.72078283117));
#5411 = CARTESIAN_POINT('',(29.336644443237,6.276728204017,
    355.16884294786));
#5412 = CARTESIAN_POINT('',(29.312116750858,6.388492495052,
    355.62271722688));
#5413 = CARTESIAN_POINT('',(29.295623915693,6.462807749187,
    356.08039840151));
#5414 = CARTESIAN_POINT('',(29.287369291215,6.5,356.54007234075));
#5415 = CARTESIAN_POINT('',(29.287369291215,6.5,357.33914380434));
#5416 = CARTESIAN_POINT('',(29.291857604291,6.47977683618,
    357.67823610462));
#5417 = CARTESIAN_POINT('',(29.300831671952,6.43934179601,
    358.01653462859));
#5418 = CARTESIAN_POINT('',(29.31423051089,6.378600419163,
    358.35328837868));
#5419 = CARTESIAN_POINT('',(29.331932983646,6.297359730515,
    358.68770479801));
#5420 = CARTESIAN_POINT('',(29.353752535617,6.195334144058,
    359.0189166377));
#5421 = CARTESIAN_POINT('',(29.379428398399,6.072150037696,
    359.34594852546));
#5422 = CARTESIAN_POINT('',(29.431222182212,5.815174557145,
    359.91692462081));
#5423 = CARTESIAN_POINT('',(29.455936656759,5.690028508917,
    360.16298348676));
#5424 = CARTESIAN_POINT('',(29.482599710305,5.551676000113,
    360.40539043931));
#5425 = CARTESIAN_POINT('',(29.511024509769,5.399842298121,
    360.64360475189));
#5426 = CARTESIAN_POINT('',(29.540988220286,5.234223293386,
    360.87699828396));
#5427 = CARTESIAN_POINT('',(29.572225863698,5.054496000923,
    361.10483939967));
#5428 = CARTESIAN_POINT('',(29.604424177059,4.860329061838,
    361.32627688655));
#5429 = CARTESIAN_POINT('',(29.658872544317,4.513401182914,
    361.68169161846));
#5430 = CARTESIAN_POINT('',(29.680793274224,4.368934810341,
    361.81986853426));
#5431 = CARTESIAN_POINT('',(29.702868098134,4.217920659179,
    361.95454027801));
#5432 = CARTESIAN_POINT('',(29.724976298658,4.060292282935,
    362.08536920655));
#5433 = CARTESIAN_POINT('',(29.746986077499,3.895992800209,
    362.21199241011));
#5434 = CARTESIAN_POINT('',(29.768754629202,3.724977438341,
    362.33401974549));
#5435 = CARTESIAN_POINT('',(29.790128214924,3.547216077065,
    362.45103186907));
#5436 = CARTESIAN_POINT('',(29.834329175417,3.155366096726,
    362.68791344019));
#5437 = CARTESIAN_POINT('',(29.857040257015,2.939232541487,
    362.80651166883));
#5438 = CARTESIAN_POINT('',(29.878797931612,2.714604488971,
    362.91748058902));
#5439 = CARTESIAN_POINT('',(29.899317675954,2.481854984105,
    363.01996803727));
#5440 = CARTESIAN_POINT('',(29.918315647561,2.241418081071,
    363.11316186596));
#5441 = CARTESIAN_POINT('',(29.935516339386,1.993786170155,
    363.19628975575));
#5442 = CARTESIAN_POINT('',(29.950660234473,1.739507304605,
    363.26861902811));
#5443 = CARTESIAN_POINT('',(29.97231861231,1.300777776319,
    363.37114932544));
#5444 = CARTESIAN_POINT('',(29.980043193098,1.119653876729,
    363.40741679622));
#5445 = CARTESIAN_POINT('',(29.986600666193,0.936228525231,
    363.43799770664));
#5446 = CARTESIAN_POINT('',(29.991921036508,0.750933310895,
    363.46268131598));
#5447 = CARTESIAN_POINT('',(29.995949912302,0.564210646672,
    363.48130743622));
#5448 = CARTESIAN_POINT('',(29.998649566832,0.376510700707,
    363.49376656188));
#5449 = CARTESIAN_POINT('',(30.,0.188288327654,363.5));
#5450 = CARTESIAN_POINT('',(30.,-0.208540152611,363.5));
#5451 = CARTESIAN_POINT('',(29.998343518908,-0.41697293221,
    363.49235352534));
#5452 = CARTESIAN_POINT('',(29.995032761276,-0.624689559712,363.47707455
    ));
#5453 = CARTESIAN_POINT('',(29.990097899816,-0.831084023804,
    363.45425129648));
#5454 = CARTESIAN_POINT('',(29.983595175823,-1.035558029314,
    363.42404600559));
#5455 = CARTESIAN_POINT('',(29.975604999586,-1.237525945568,
    363.38669470618));
#5456 = CARTESIAN_POINT('',(29.966230050807,-1.436419754767,
    363.34250698487));
#5457 = CARTESIAN_POINT('',(29.937716183692,-1.959894014516,
    363.20675237056));
#5458 = CARTESIAN_POINT('',(29.916306643423,-2.277274513201,
    363.10356366364));
#5459 = CARTESIAN_POINT('',(29.891881097352,-2.582904232544,
    362.98382004865));
#5460 = CARTESIAN_POINT('',(29.864991722053,-2.875990362934,
    362.84905511719));
#5461 = CARTESIAN_POINT('',(29.836203323774,-3.155876640888,
    362.70081979426));
#5462 = CARTESIAN_POINT('',(29.806072862069,-3.422042005353,
    362.5406858802));
#5463 = CARTESIAN_POINT('',(29.77513170482,-3.674099818423,
    362.37024897936));
#5464 = CARTESIAN_POINT('',(29.74387061466,-3.911797650488,
    362.1911308153));
#5465 = PCURVE('',#1470,#5466);
#5466 = DEFINITIONAL_REPRESENTATION('',(#5467),#5582);
#5467 = B_SPLINE_CURVE_WITH_KNOTS('',8,(#5468,#5469,#5470,#5471,#5472,
    #5473,#5474,#5475,#5476,#5477,#5478,#5479,#5480,#5481,#5482,#5483,
    #5484,#5485,#5486,#5487,#5488,#5489,#5490,#5491,#5492,#5493,#5494,
    #5495,#5496,#5497,#5498,#5499,#5500,#5501,#5502,#5503,#5504,#5505,
    #5506,#5507,#5508,#5509,#5510,#5511,#5512,#5513,#5514,#5515,#5516,
    #5517,#5518,#5519,#5520,#5521,#5522,#5523,#5524,#5525,#5526,#5527,
    #5528,#5529,#5530,#5531,#5532,#5533,#5534,#5535,#5536,#5537,#5538,
    #5539,#5540,#5541,#5542,#5543,#5544,#5545,#5546,#5547,#5548,#5549,
    #5550,#5551,#5552,#5553,#5554,#5555,#5556,#5557,#5558,#5559,#5560,
    #5561,#5562,#5563,#5564,#5565,#5566,#5567,#5568,#5569,#5570,#5571,
    #5572,#5573,#5574,#5575,#5576,#5577,#5578,#5579,#5580,#5581),
  .UNSPECIFIED.,.F.,.F.,(9,7,7,7,7,7,7,7,7,7,7,7,7,7,7,7,9),(0.,
    3.667377887599E-02,6.745294628377E-02,9.19380831762E-02,
    0.159094377489,0.264575047074,0.365313290223,0.454879261772,
    0.55561750492,0.659862435427,0.736731094237,0.796279692569,
    0.835608678792,0.8797993039,0.910083849089,0.943625724754,1.),
  .UNSPECIFIED.);
#5468 = CARTESIAN_POINT('',(0.,9.74387061466));
#5469 = CARTESIAN_POINT('',(2.983669497355E-02,9.723500588543));
#5470 = CARTESIAN_POINT('',(5.931265875679E-02,9.702962532781));
#5471 = CARTESIAN_POINT('',(8.844691713714E-02,9.682370436984));
#5472 = CARTESIAN_POINT('',(0.117256960486,9.661829846925));
#5473 = CARTESIAN_POINT('',(0.14575922364,9.641437988752));
#5474 = CARTESIAN_POINT('',(0.173969565774,9.621283893198));
#5475 = CARTESIAN_POINT('',(0.20190375029,9.601448519794));
#5476 = CARTESIAN_POINT('',(0.252804002627,9.565686436969));
#5477 = CARTESIAN_POINT('',(0.275847984017,9.54964319871));
#5478 = CARTESIAN_POINT('',(0.298719885486,9.533918075426));
#5479 = CARTESIAN_POINT('',(0.321429242179,9.518550612421));
#5480 = CARTESIAN_POINT('',(0.34398526102,9.503577149659));
#5481 = CARTESIAN_POINT('',(0.366396973962,9.489030980231));
#5482 = CARTESIAN_POINT('',(0.388673391256,9.474942508829));
#5483 = CARTESIAN_POINT('',(0.4284444118,9.450518008609));
#5484 = CARTESIAN_POINT('',(0.445984997068,9.440004032911));
#5485 = CARTESIAN_POINT('',(0.463449717644,9.429811474244));
#5486 = CARTESIAN_POINT('',(0.48084277516,9.419953428238));
#5487 = CARTESIAN_POINT('',(0.498168265736,9.410442095032));
#5488 = CARTESIAN_POINT('',(0.515430179982,9.401288779277));
#5489 = CARTESIAN_POINT('',(0.532632403,9.392503890129));
#5490 = CARTESIAN_POINT('',(0.596806539396,9.361038890364));
#5491 = CARTESIAN_POINT('',(0.643418260164,9.340822102209));
#5492 = CARTESIAN_POINT('',(0.68968824866,9.323647579589));
#5493 = CARTESIAN_POINT('',(0.735686734527,9.309669053445));
#5494 = CARTESIAN_POINT('',(0.781481528254,9.298998531173));
#5495 = CARTESIAN_POINT('',(0.827139384992,9.291710276034));
#5496 = CARTESIAN_POINT('',(0.872727009003,9.28784321768));
#5497 = CARTESIAN_POINT('',(0.98991040212,9.286708460577));
#5498 = CARTESIAN_POINT('',(1.061451671477,9.294466819257));
#5499 = CARTESIAN_POINT('',(1.133215721203,9.310672213406));
#5500 = CARTESIAN_POINT('',(1.205472412035,9.335123967446));
#5501 = CARTESIAN_POINT('',(1.278489778368,9.367414148728));
#5502 = CARTESIAN_POINT('',(1.352545158668,9.406891414014));
#5503 = CARTESIAN_POINT('',(1.42793892899,9.452599940335));
#5504 = CARTESIAN_POINT('',(1.578617585768,9.551512248937));
#5505 = CARTESIAN_POINT('',(1.654024060669,9.604463108719));
#5506 = CARTESIAN_POINT('',(1.731440825627,9.660862342462));
#5507 = CARTESIAN_POINT('',(1.811083248415,9.719109221934));
#5508 = CARTESIAN_POINT('',(1.893196456162,9.777145264902));
#5509 = CARTESIAN_POINT('',(1.978061333405,9.832409170458));
#5510 = CARTESIAN_POINT('',(2.066012033002,9.881883155985));
#5511 = CARTESIAN_POINT('',(2.238833025764,9.958284439284));
#5512 = CARTESIAN_POINT('',(2.323070865044,9.987151436388));
#5513 = CARTESIAN_POINT('',(2.409038575728,10.005955475968));
#5514 = CARTESIAN_POINT('',(2.495820830353,10.012504318554));
#5515 = CARTESIAN_POINT('',(2.582603084974,10.005955475968));
#5516 = CARTESIAN_POINT('',(2.668570795661,9.987151436388));
#5517 = CARTESIAN_POINT('',(2.75280863494,9.958284439284));
#5518 = CARTESIAN_POINT('',(2.925629627702,9.881883155985));
#5519 = CARTESIAN_POINT('',(3.013580327298,9.832409170458));
#5520 = CARTESIAN_POINT('',(3.098445204542,9.777145264902));
#5521 = CARTESIAN_POINT('',(3.180558412289,9.719109221934));
#5522 = CARTESIAN_POINT('',(3.260200835076,9.660862342462));
#5523 = CARTESIAN_POINT('',(3.337617600035,9.604463108719));
#5524 = CARTESIAN_POINT('',(3.413024074936,9.551512248937));
#5525 = CARTESIAN_POINT('',(3.562799810143,9.453192659032));
#5526 = CARTESIAN_POINT('',(3.637329229569,9.407963400346));
#5527 = CARTESIAN_POINT('',(3.710547074414,9.36880508852));
#5528 = CARTESIAN_POINT('',(3.782743895169,9.336644443237));
#5529 = CARTESIAN_POINT('',(3.854188235467,9.312116750858));
#5530 = CARTESIAN_POINT('',(3.925139614726,9.295623915693));
#5531 = CARTESIAN_POINT('',(3.995859055725,9.287369291215));
#5532 = CARTESIAN_POINT('',(4.118793127047,9.287369291215));
#5533 = CARTESIAN_POINT('',(4.170961216463,9.291857604291));
#5534 = CARTESIAN_POINT('',(4.223223478402,9.300831671952));
#5535 = CARTESIAN_POINT('',(4.275680850896,9.31423051089));
#5536 = CARTESIAN_POINT('',(4.328434186477,9.331932983646));
#5537 = CARTESIAN_POINT('',(4.381586175475,9.353752535617));
#5538 = CARTESIAN_POINT('',(4.435244163127,9.379428398399));
#5539 = CARTESIAN_POINT('',(4.531573246406,9.431222182212));
#5540 = CARTESIAN_POINT('',(4.573995023164,9.455936656759));
#5541 = CARTESIAN_POINT('',(4.616851949674,9.482599710305));
#5542 = CARTESIAN_POINT('',(4.66020691771,9.511024509769));
#5543 = CARTESIAN_POINT('',(4.704124069442,9.540988220286));
#5544 = CARTESIAN_POINT('',(4.74866991493,9.572225863698));
#5545 = CARTESIAN_POINT('',(4.793914449626,9.604424177059));
#5546 = CARTESIAN_POINT('',(4.870324831031,9.658872544317));
#5547 = CARTESIAN_POINT('',(4.901061828361,9.680793274224));
#5548 = CARTESIAN_POINT('',(4.932159416686,9.702868098134));
#5549 = CARTESIAN_POINT('',(4.963634356544,9.724976298658));
#5550 = CARTESIAN_POINT('',(4.995504233722,9.746986077499));
#5551 = CARTESIAN_POINT('',(5.027787676784,9.768754629202));
#5552 = CARTESIAN_POINT('',(5.060504574605,9.790128214924));
#5553 = CARTESIAN_POINT('',(5.130948523674,9.834329175417));
#5554 = CARTESIAN_POINT('',(5.168843616191,9.857040257015));
#5555 = CARTESIAN_POINT('',(5.207328861867,9.878797931612));
#5556 = CARTESIAN_POINT('',(5.246377197778,9.899317675954));
#5557 = CARTESIAN_POINT('',(5.285966810172,9.918315647561));
#5558 = CARTESIAN_POINT('',(5.326080736991,9.935516339386));
#5559 = CARTESIAN_POINT('',(5.366706470391,9.950660234473));
#5560 = CARTESIAN_POINT('',(5.436021984483,9.97231861231));
#5561 = CARTESIAN_POINT('',(5.464425820942,9.980043193098));
#5562 = CARTESIAN_POINT('',(5.493009470405,9.986600666193));
#5563 = CARTESIAN_POINT('',(5.521737234559,9.991921036508));
#5564 = CARTESIAN_POINT('',(5.550574806345,9.995949912302));
#5565 = CARTESIAN_POINT('',(5.579488761305,9.998649566832));
#5566 = CARTESIAN_POINT('',(5.608446048918,10.));
#5567 = CARTESIAN_POINT('',(5.669496584343,10.));
#5568 = CARTESIAN_POINT('',(5.701563164946,9.998343518908));
#5569 = CARTESIAN_POINT('',(5.733569893251,9.995032761276));
#5570 = CARTESIAN_POINT('',(5.765473635724,9.990097899816));
#5571 = CARTESIAN_POINT('',(5.797230644677,9.983595175823));
#5572 = CARTESIAN_POINT('',(5.828795745162,9.975604999586));
#5573 = CARTESIAN_POINT('',(5.860121521859,9.966230050807));
#5574 = CARTESIAN_POINT('',(5.943320096028,9.937716183692));
#5575 = CARTESIAN_POINT('',(5.994569526878,9.916306643423));
#5576 = CARTESIAN_POINT('',(6.044924607032,9.891881097352));
#5577 = CARTESIAN_POINT('',(6.094392641975,9.864991722053));
#5578 = CARTESIAN_POINT('',(6.142970753239,9.836203323774));
#5579 = CARTESIAN_POINT('',(6.190646254828,9.806072862069));
#5580 = CARTESIAN_POINT('',(6.237396086965,9.77513170482));
#5581 = CARTESIAN_POINT('',(6.28318530718,9.74387061466));
#5582 = ( GEOMETRIC_REPRESENTATION_CONTEXT(2) 
PARAMETRIC_REPRESENTATION_CONTEXT() REPRESENTATION_CONTEXT('2D SPACE',''
  ) );
#5583 = PCURVE('',#2509,#5584);
#5584 = DEFINITIONAL_REPRESENTATION('',(#5585),#5700);
#5585 = B_SPLINE_CURVE_WITH_KNOTS('',8,(#5586,#5587,#5588,#5589,#5590,
    #5591,#5592,#5593,#5594,#5595,#5596,#5597,#5598,#5599,#5600,#5601,
    #5602,#5603,#5604,#5605,#5606,#5607,#5608,#5609,#5610,#5611,#5612,
    #5613,#5614,#5615,#5616,#5617,#5618,#5619,#5620,#5621,#5622,#5623,
    #5624,#5625,#5626,#5627,#5628,#5629,#5630,#5631,#5632,#5633,#5634,
    #5635,#5636,#5637,#5638,#5639,#5640,#5641,#5642,#5643,#5644,#5645,
    #5646,#5647,#5648,#5649,#5650,#5651,#5652,#5653,#5654,#5655,#5656,
    #5657,#5658,#5659,#5660,#5661,#5662,#5663,#5664,#5665,#5666,#5667,
    #5668,#5669,#5670,#5671,#5672,#5673,#5674,#5675,#5676,#5677,#5678,
    #5679,#5680,#5681,#5682,#5683,#5684,#5685,#5686,#5687,#5688,#5689,
    #5690,#5691,#5692,#5693,#5694,#5695,#5696,#5697,#5698,#5699),
  .UNSPECIFIED.,.T.,.F.,(9,7,7,7,7,7,7,7,7,7,7,7,7,7,7,7,9),(0.,
    3.667377887599E-02,6.745294628377E-02,9.19380831762E-02,
    0.159094377489,0.264575047074,0.365313290223,0.454879261772,
    0.55561750492,0.659862435427,0.736731094237,0.796279692569,
    0.835608678792,0.8797993039,0.910083849089,0.943625724754,1.),
  .UNSPECIFIED.);
#5586 = CARTESIAN_POINT('',(5.367021533013,18.191130815307));
#5587 = CARTESIAN_POINT('',(5.361814201771,18.074415702012));
#5588 = CARTESIAN_POINT('',(5.356799554916,17.953830464233));
#5589 = CARTESIAN_POINT('',(5.351975993976,17.82968169184));
#5590 = CARTESIAN_POINT('',(5.347341811905,17.70225476742));
#5591 = CARTESIAN_POINT('',(5.342895186514,17.571813928301));
#5592 = CARTESIAN_POINT('',(5.338634173899,17.438602328564));
#5593 = CARTESIAN_POINT('',(5.334556701882,17.302842101058));
#5594 = CARTESIAN_POINT('',(5.327390655033,17.048824917214));
#5595 = CARTESIAN_POINT('',(5.324248326801,16.931256598757));
#5596 = CARTESIAN_POINT('',(5.32123223454,16.812145034839));
#5597 = CARTESIAN_POINT('',(5.318341078482,16.691598233652));
#5598 = CARTESIAN_POINT('',(5.315573600899,16.569716652354));
#5599 = CARTESIAN_POINT('',(5.31292858372,16.446593208632));
#5600 = CARTESIAN_POINT('',(5.310404846141,16.322313292258));
#5601 = CARTESIAN_POINT('',(5.306089151177,16.097230818102));
#5602 = CARTESIAN_POINT('',(5.304253123728,15.996826401668));
#5603 = CARTESIAN_POINT('',(5.302492610182,15.895781908786));
#5604 = CARTESIAN_POINT('',(5.300807091867,15.794136096969));
#5605 = CARTESIAN_POINT('',(5.299196081139,15.69192609982));
#5606 = CARTESIAN_POINT('',(5.297659121384,15.589187427028));
#5607 = CARTESIAN_POINT('',(5.296195787017,15.48595396437));
#5608 = CARTESIAN_POINT('',(5.290992994893,15.097847128937));
#5609 = CARTESIAN_POINT('',(5.287730833162,14.809931574789));
#5610 = CARTESIAN_POINT('',(5.285011555955,14.519205949211));
#5611 = CARTESIAN_POINT('',(5.282828957538,14.226292969261));
#5612 = CARTESIAN_POINT('',(5.281178287054,13.931760056629));
#5613 = CARTESIAN_POINT('',(5.28005629804,13.63613586525));
#5614 = CARTESIAN_POINT('',(5.279461329177,13.339926711017));
#5615 = CARTESIAN_POINT('',(5.279286747228,12.578251817284));
#5616 = CARTESIAN_POINT('',(5.280480396593,12.112991035727));
#5617 = CARTESIAN_POINT('',(5.282971287362,11.64965343429));
#5618 = CARTESIAN_POINT('',(5.286768472792,11.190113180422));
#5619 = CARTESIAN_POINT('',(5.291891633853,10.736440277358));
#5620 = CARTESIAN_POINT('',(5.298369690913,10.291062252187));
#5621 = CARTESIAN_POINT('',(5.306239529682,9.856962988298));
#5622 = CARTESIAN_POINT('',(5.324431784916,9.037714708901));
#5623 = CARTESIAN_POINT('',(5.334660483636,8.649780627776));
#5624 = CARTESIAN_POINT('',(5.346272912838,8.278169567214));
#5625 = CARTESIAN_POINT('',(5.359304042526,7.927727508271));
#5626 = CARTESIAN_POINT('',(5.37377811529,7.604173179773));
#5627 = CARTESIAN_POINT('',(5.389703627341,7.314230492886));
#5628 = CARTESIAN_POINT('',(5.407065339785,7.065839671382));
#5629 = CARTESIAN_POINT('',(5.442478914588,6.692995480941));
#5630 = CARTESIAN_POINT('',(5.460262730533,6.557620632868));
#5631 = CARTESIAN_POINT('',(5.478825065414,6.472428419104));
#5632 = CARTESIAN_POINT('',(5.497787143782,6.443376968928));
#5633 = CARTESIAN_POINT('',(5.516749222151,6.472428419103));
#5634 = CARTESIAN_POINT('',(5.535311557031,6.557620632869));
#5635 = CARTESIAN_POINT('',(5.553095372976,6.692995480941));
#5636 = CARTESIAN_POINT('',(5.588508947779,7.065839671382));
#5637 = CARTESIAN_POINT('',(5.605870660224,7.314230492886));
#5638 = CARTESIAN_POINT('',(5.621796172274,7.604173179773));
#5639 = CARTESIAN_POINT('',(5.636270245038,7.927727508271));
#5640 = CARTESIAN_POINT('',(5.649301374726,8.278169567213));
#5641 = CARTESIAN_POINT('',(5.660913803928,8.649780627776));
#5642 = CARTESIAN_POINT('',(5.671142502648,9.037714708901));
#5643 = CARTESIAN_POINT('',(5.689225743242,9.852053753248));
#5644 = CARTESIAN_POINT('',(5.697019943421,10.280890418142));
#5645 = CARTESIAN_POINT('',(5.703454248324,10.72078283117));
#5646 = CARTESIAN_POINT('',(5.708564394216,11.168842947862));
#5647 = CARTESIAN_POINT('',(5.712378523441,11.622717226883));
#5648 = CARTESIAN_POINT('',(5.714915957496,12.080398401517));
#5649 = CARTESIAN_POINT('',(5.716185871738,12.540072340759));
#5650 = CARTESIAN_POINT('',(5.716185871738,13.339143804349));
#5651 = CARTESIAN_POINT('',(5.715495363189,13.678236104623));
#5652 = CARTESIAN_POINT('',(5.714114733804,14.016534628595));
#5653 = CARTESIAN_POINT('',(5.712041347198,14.353288378686));
#5654 = CARTESIAN_POINT('',(5.709269799245,14.687704798013));
#5655 = CARTESIAN_POINT('',(5.705792104247,15.018916637703));
#5656 = CARTESIAN_POINT('',(5.701597810887,15.345948525467));
#5657 = CARTESIAN_POINT('',(5.692859708268,15.916924620815));
#5658 = CARTESIAN_POINT('',(5.688607643468,16.162983486765));
#5659 = CARTESIAN_POINT('',(5.683911112155,16.405390439319));
#5660 = CARTESIAN_POINT('',(5.678762213529,16.643604751896));
#5661 = CARTESIAN_POINT('',(5.673152195546,16.876998283961));
#5662 = CARTESIAN_POINT('',(5.667071763043,17.104839399677));
#5663 = CARTESIAN_POINT('',(5.660511385855,17.326276886558));
#5664 = CARTESIAN_POINT('',(5.64880556689,17.681691618461));
#5665 = CARTESIAN_POINT('',(5.643934963849,17.819868534261));
#5666 = CARTESIAN_POINT('',(5.638847790138,17.954540278015));
#5667 = CARTESIAN_POINT('',(5.633542268931,18.08536920655));
#5668 = CARTESIAN_POINT('',(5.628016922227,18.211992410119));
#5669 = CARTESIAN_POINT('',(5.622270638843,18.334019745498));
#5670 = CARTESIAN_POINT('',(5.616302742402,18.451031869078));
#5671 = CARTESIAN_POINT('',(5.603158240721,18.687913440194));
#5672 = CARTESIAN_POINT('',(5.595914330236,18.806511668835));
#5673 = CARTESIAN_POINT('',(5.588392113514,18.917480589023));
#5674 = CARTESIAN_POINT('',(5.580604308225,19.019968037277));
#5675 = CARTESIAN_POINT('',(5.572565457847,19.113161865963));
#5676 = CARTESIAN_POINT('',(5.564291825463,19.196289755757));
#5677 = CARTESIAN_POINT('',(5.555801287564,19.268619028115));
#5678 = CARTESIAN_POINT('',(5.541159160961,19.371149325443));
#5679 = CARTESIAN_POINT('',(5.535116344756,19.407416796226));
#5680 = CARTESIAN_POINT('',(5.528998504601,19.43799770664));
#5681 = CARTESIAN_POINT('',(5.522819760754,19.462681315984));
#5682 = CARTESIAN_POINT('',(5.516594542096,19.48130743622));
#5683 = CARTESIAN_POINT('',(5.51033749986,19.493766561884));
#5684 = CARTESIAN_POINT('',(5.504063421371,19.5));
#5685 = CARTESIAN_POINT('',(5.490835805362,19.5));
#5686 = CARTESIAN_POINT('',(5.483888047248,19.492353525347));
#5687 = CARTESIAN_POINT('',(5.476963646567,19.477074550003));
#5688 = CARTESIAN_POINT('',(5.470082296313,19.454251296482));
#5689 = CARTESIAN_POINT('',(5.463263465643,19.424046005593));
#5690 = CARTESIAN_POINT('',(5.456526260185,19.386694706182));
#5691 = CARTESIAN_POINT('',(5.449889282337,19.342506984875));
#5692 = CARTESIAN_POINT('',(5.432414273475,19.206752370565));
#5693 = CARTESIAN_POINT('',(5.421811768914,19.103563663645));
#5694 = CARTESIAN_POINT('',(5.411592901639,18.983820048651));
#5695 = CARTESIAN_POINT('',(5.401783607511,18.849055117194));
#5696 = CARTESIAN_POINT('',(5.39240587178,18.700819794262));
#5697 = CARTESIAN_POINT('',(5.383477700001,18.540685880205));
#5698 = CARTESIAN_POINT('',(5.375013022592,18.370248979361));
#5699 = CARTESIAN_POINT('',(5.367021533013,18.191130815307));
#5700 = ( GEOMETRIC_REPRESENTATION_CONTEXT(2) 
PARAMETRIC_REPRESENTATION_CONTEXT() REPRESENTATION_CONTEXT('2D SPACE',''
  ) );
#5701 = ORIENTED_EDGE('',*,*,#5325,.T.);
#5702 = ORIENTED_EDGE('',*,*,#5216,.F.);
#5703 = ORIENTED_EDGE('',*,*,#1386,.F.);
#5704 = ORIENTED_EDGE('',*,*,#2149,.F.);
#5705 = ORIENTED_EDGE('',*,*,#5706,.F.);
#5706 = EDGE_CURVE('',#5707,#2121,#5709,.T.);
#5707 = VERTEX_POINT('',#5708);
#5708 = CARTESIAN_POINT('',(98.794057068017,6.382341893176,
    358.23114254196));
#5709 = SURFACE_CURVE('',#5710,(#5719,#5731),.PCURVE_S1.);
#5710 = B_SPLINE_CURVE_WITH_KNOTS('',7,(#5711,#5712,#5713,#5714,#5715,
    #5716,#5717,#5718),.UNSPECIFIED.,.F.,.F.,(8,8),(0.,1.),
  .PIECEWISE_BEZIER_KNOTS.);
#5711 = CARTESIAN_POINT('',(98.794057068017,6.382341893174,
    358.23114254196));
#5712 = CARTESIAN_POINT('',(98.869852594689,6.313306941924,
    358.58902527807));
#5713 = CARTESIAN_POINT('',(98.946608939566,6.220483686752,
    358.94434087004));
#5714 = CARTESIAN_POINT('',(99.024112029226,6.103549780766,
    359.29628492651));
#5715 = CARTESIAN_POINT('',(99.102078667437,5.961960555629,
    359.64381929578));
#5716 = CARTESIAN_POINT('',(99.180148483738,5.794996543465,
    359.98567683833));
#5717 = CARTESIAN_POINT('',(99.257878636098,5.60178528425,360.3203663036
    ));
#5718 = CARTESIAN_POINT('',(99.334725920549,5.381063249874,
    360.64611550843));
#5719 = PCURVE('',#1470,#5720);
#5720 = DEFINITIONAL_REPRESENTATION('',(#5721),#5730);
#5721 = B_SPLINE_CURVE_WITH_KNOTS('',7,(#5722,#5723,#5724,#5725,#5726,
    #5727,#5728,#5729),.UNSPECIFIED.,.F.,.F.,(8,8),(0.,1.),
  .PIECEWISE_BEZIER_KNOTS.);
#5722 = CARTESIAN_POINT('',(4.257174873012,78.794057068017));
#5723 = CARTESIAN_POINT('',(4.313248762832,78.869852594689));
#5724 = CARTESIAN_POINT('',(4.369628011891,78.946608939566));
#5725 = CARTESIAN_POINT('',(4.426488640492,79.024112029226));
#5726 = CARTESIAN_POINT('',(4.483991233514,79.102078667437));
#5727 = CARTESIAN_POINT('',(4.542302046634,79.180148483738));
#5728 = CARTESIAN_POINT('',(4.601602791586,79.257878636098));
#5729 = CARTESIAN_POINT('',(4.662139007146,79.334725920549));
#5730 = ( GEOMETRIC_REPRESENTATION_CONTEXT(2) 
PARAMETRIC_REPRESENTATION_CONTEXT() REPRESENTATION_CONTEXT('2D SPACE',''
  ) );
#5731 = PCURVE('',#2137,#5732);
#5732 = DEFINITIONAL_REPRESENTATION('',(#5733),#5742);
#5733 = B_SPLINE_CURVE_WITH_KNOTS('',7,(#5734,#5735,#5736,#5737,#5738,
    #5739,#5740,#5741),.UNSPECIFIED.,.F.,.F.,(8,8),(0.,1.),
  .PIECEWISE_BEZIER_KNOTS.);
#5734 = CARTESIAN_POINT('',(5.954999065502,-2.414972966474));
#5735 = CARTESIAN_POINT('',(5.954253835844,-2.057090230365));
#5736 = CARTESIAN_POINT('',(5.953269444814,-1.701774638392));
#5737 = CARTESIAN_POINT('',(5.952043488054,-1.349830581921));
#5738 = CARTESIAN_POINT('',(5.95057135122,-1.00229621265));
#5739 = CARTESIAN_POINT('',(5.948846692328,-0.660438670107));
#5740 = CARTESIAN_POINT('',(5.946861635058,-0.325749204836));
#5741 = CARTESIAN_POINT('',(5.944604348554,0.));
#5742 = ( GEOMETRIC_REPRESENTATION_CONTEXT(2) 
PARAMETRIC_REPRESENTATION_CONTEXT() REPRESENTATION_CONTEXT('2D SPACE',''
  ) );
#5743 = ORIENTED_EDGE('',*,*,#5744,.F.);
#5744 = EDGE_CURVE('',#5745,#5707,#5747,.T.);
#5745 = VERTEX_POINT('',#5746);
#5746 = CARTESIAN_POINT('',(98.794057068017,6.382341893172,
    355.76885745803));
#5747 = SURFACE_CURVE('',#5748,(#5759,#5773),.PCURVE_S1.);
#5748 = B_SPLINE_CURVE_WITH_KNOTS('',5,(#5749,#5750,#5751,#5752,#5753,
    #5754,#5755,#5756,#5757,#5758),.UNSPECIFIED.,.F.,.F.,(6,4,6),(0.,
    0.500000001912,1.),.UNSPECIFIED.);
#5749 = CARTESIAN_POINT('',(98.794057075494,6.382341777435,
    355.76885685803));
#5750 = CARTESIAN_POINT('',(98.791007909416,6.429540673708,
    356.01353960634));
#5751 = CARTESIAN_POINT('',(98.788701500596,6.464804242402,
    356.25939626866));
#5752 = CARTESIAN_POINT('',(98.787157653637,6.488268080575,
    356.50601426704));
#5753 = CARTESIAN_POINT('',(98.786385701675,6.5,356.75300445868));
#5754 = CARTESIAN_POINT('',(98.786385701675,6.5,357.24699553942));
#5755 = CARTESIAN_POINT('',(98.787157653625,6.488268080755,
    357.49398573469));
#5756 = CARTESIAN_POINT('',(98.788701500629,6.464804241891,
    357.74060373285));
#5757 = CARTESIAN_POINT('',(98.791007909389,6.429540674138,
    357.98646039143));
#5758 = CARTESIAN_POINT('',(98.794057075494,6.382341777435,
    358.23114314196));
#5759 = PCURVE('',#1470,#5760);
#5760 = DEFINITIONAL_REPRESENTATION('',(#5761),#5772);
#5761 = B_SPLINE_CURVE_WITH_KNOTS('',5,(#5762,#5763,#5764,#5765,#5766,
    #5767,#5768,#5769,#5770,#5771),.UNSPECIFIED.,.F.,.F.,(6,4,6),(0.,
    0.500000001912,1.),.UNSPECIFIED.);
#5762 = CARTESIAN_POINT('',(3.876059347272,78.794057075494));
#5763 = CARTESIAN_POINT('',(3.914396803466,78.791007909416));
#5764 = CARTESIAN_POINT('',(3.952563804628,78.788701500596));
#5765 = CARTESIAN_POINT('',(3.99061935502,78.787157653637));
#5766 = CARTESIAN_POINT('',(4.028617843098,78.786385701675));
#5767 = CARTESIAN_POINT('',(4.104616470905,78.786385701675));
#5768 = CARTESIAN_POINT('',(4.142614959539,78.787157653625));
#5769 = CARTESIAN_POINT('',(4.180670509906,78.788701500629));
#5770 = CARTESIAN_POINT('',(4.218837510478,78.791007909389));
#5771 = CARTESIAN_POINT('',(4.257174967021,78.794057075494));
#5772 = ( GEOMETRIC_REPRESENTATION_CONTEXT(2) 
PARAMETRIC_REPRESENTATION_CONTEXT() REPRESENTATION_CONTEXT('2D SPACE',''
  ) );
#5773 = PCURVE('',#2753,#5774);
#5774 = DEFINITIONAL_REPRESENTATION('',(#5775),#5786);
#5775 = B_SPLINE_CURVE_WITH_KNOTS('',5,(#5776,#5777,#5778,#5779,#5780,
    #5781,#5782,#5783,#5784,#5785),.UNSPECIFIED.,.F.,.F.,(6,4,6),(
    2.452153241042E-07,0.500000001912,0.999999754784),.UNSPECIFIED.);
#5776 = CARTESIAN_POINT('',(-5.954999065502,2.46228508393));
#5777 = CARTESIAN_POINT('',(-5.95547681539,2.21760245332));
#5778 = CARTESIAN_POINT('',(-5.955833773654,1.971745910457));
#5779 = CARTESIAN_POINT('',(-5.956071294393,1.725128032654));
#5780 = CARTESIAN_POINT('',(-5.956190054765,1.478137962147));
#5781 = CARTESIAN_POINT('',(-5.956190054765,0.984147123672));
#5782 = CARTESIAN_POINT('',(-5.956071294395,0.737157049529));
#5783 = CARTESIAN_POINT('',(-5.955833773649,0.490539171956));
#5784 = CARTESIAN_POINT('',(-5.955476815395,0.244682632838));
#5785 = CARTESIAN_POINT('',(-5.954999065502,4.373416818118E-13));
#5786 = ( GEOMETRIC_REPRESENTATION_CONTEXT(2) 
PARAMETRIC_REPRESENTATION_CONTEXT() REPRESENTATION_CONTEXT('2D SPACE',''
  ) );
#5787 = ORIENTED_EDGE('',*,*,#5788,.F.);
#5788 = EDGE_CURVE('',#5789,#5745,#5791,.T.);
#5789 = VERTEX_POINT('',#5790);
#5790 = CARTESIAN_POINT('',(99.334725920549,5.381063249872,
    353.35388449156));
#5791 = SURFACE_CURVE('',#5792,(#5801,#5813),.PCURVE_S1.);
#5792 = B_SPLINE_CURVE_WITH_KNOTS('',7,(#5793,#5794,#5795,#5796,#5797,
    #5798,#5799,#5800),.UNSPECIFIED.,.F.,.F.,(8,8),(0.,1.),
  .PIECEWISE_BEZIER_KNOTS.);
#5793 = CARTESIAN_POINT('',(99.334725920549,5.381063249872,
    353.35388449156));
#5794 = CARTESIAN_POINT('',(99.25787863573,5.601785285305,
    353.67963369795));
#5795 = CARTESIAN_POINT('',(99.180148483211,5.7949965447,354.01432316394
    ));
#5796 = CARTESIAN_POINT('',(99.102078666875,5.961960556719,
    354.3561807067));
#5797 = CARTESIAN_POINT('',(99.024112028715,6.10354978158,
    354.70371507579));
#5798 = CARTESIAN_POINT('',(98.946608939151,6.220483687292,
    355.05565913186));
#5799 = CARTESIAN_POINT('',(98.869852594437,6.313306942151,
    355.41097472312));
#5800 = CARTESIAN_POINT('',(98.794057068017,6.382341893172,
    355.76885745803));
#5801 = PCURVE('',#1470,#5802);
#5802 = DEFINITIONAL_REPRESENTATION('',(#5803),#5812);
#5803 = B_SPLINE_CURVE_WITH_KNOTS('',7,(#5804,#5805,#5806,#5807,#5808,
    #5809,#5810,#5811),.UNSPECIFIED.,.F.,.F.,(8,8),(0.,1.),
  .PIECEWISE_BEZIER_KNOTS.);
#5804 = CARTESIAN_POINT('',(3.471095307147,79.334725920549));
#5805 = CARTESIAN_POINT('',(3.531631522997,79.25787863573));
#5806 = CARTESIAN_POINT('',(3.590932268057,79.180148483211));
#5807 = CARTESIAN_POINT('',(3.649243081195,79.102078666875));
#5808 = CARTESIAN_POINT('',(3.706745674178,79.024112028715));
#5809 = CARTESIAN_POINT('',(3.763606302707,78.946608939151));
#5810 = CARTESIAN_POINT('',(3.819985551649,78.869852594437));
#5811 = CARTESIAN_POINT('',(3.876059441282,78.794057068017));
#5812 = ( GEOMETRIC_REPRESENTATION_CONTEXT(2) 
PARAMETRIC_REPRESENTATION_CONTEXT() REPRESENTATION_CONTEXT('2D SPACE',''
  ) );
#5813 = PCURVE('',#2700,#5814);
#5814 = DEFINITIONAL_REPRESENTATION('',(#5815),#5824);
#5815 = B_SPLINE_CURVE_WITH_KNOTS('',7,(#5816,#5817,#5818,#5819,#5820,
    #5821,#5822,#5823),.UNSPECIFIED.,.F.,.F.,(8,8),(0.,1.),
  .PIECEWISE_BEZIER_KNOTS.);
#5816 = CARTESIAN_POINT('',(-5.944604348554,2.414972966474));
#5817 = CARTESIAN_POINT('',(-5.946861635069,2.089223760077));
#5818 = CARTESIAN_POINT('',(-5.948846692341,1.754534294086));
#5819 = CARTESIAN_POINT('',(-5.950571351232,1.412676751334));
#5820 = CARTESIAN_POINT('',(-5.952043488063,1.065142382241));
#5821 = CARTESIAN_POINT('',(-5.95326944482,0.713198326173));
#5822 = CARTESIAN_POINT('',(-5.954253835847,0.357882734916));
#5823 = CARTESIAN_POINT('',(-5.954999065502,0.));
#5824 = ( GEOMETRIC_REPRESENTATION_CONTEXT(2) 
PARAMETRIC_REPRESENTATION_CONTEXT() REPRESENTATION_CONTEXT('2D SPACE',''
  ) );
#5825 = ORIENTED_EDGE('',*,*,#5826,.F.);
#5826 = EDGE_CURVE('',#5827,#5789,#5829,.T.);
#5827 = VERTEX_POINT('',#5828);
#5828 = CARTESIAN_POINT('',(100.38682810237,2.681811085507,
    351.07902969931));
#5829 = SURFACE_CURVE('',#5830,(#5840,#5853),.PCURVE_S1.);
#5830 = B_SPLINE_CURVE_WITH_KNOTS('',8,(#5831,#5832,#5833,#5834,#5835,
    #5836,#5837,#5838,#5839),.UNSPECIFIED.,.F.,.F.,(9,9),(0.,1.),
  .PIECEWISE_BEZIER_KNOTS.);
#5831 = CARTESIAN_POINT('',(100.38682810237,2.681811085508,
    351.07902969931));
#5832 = CARTESIAN_POINT('',(100.28732024791,3.145948101428,
    351.2892533166));
#5833 = CARTESIAN_POINT('',(100.17308172141,3.570383116461,
    351.53160459297));
#5834 = CARTESIAN_POINT('',(100.04774992345,3.956742948554,
    351.7989416865));
#5835 = CARTESIAN_POINT('',(99.914204638809,4.306450695464,
    352.08565227767));
#5836 = CARTESIAN_POINT('',(99.774766351935,4.621518068603,
    352.38717102059));
#5837 = CARTESIAN_POINT('',(99.63110624594,4.904130975806,
    352.70019315294));
#5838 = CARTESIAN_POINT('',(99.484289241078,5.15662108361,
    353.02264498754));
#5839 = CARTESIAN_POINT('',(99.334725920549,5.381063249872,
    353.35388449156));
#5840 = PCURVE('',#1470,#5841);
#5841 = DEFINITIONAL_REPRESENTATION('',(#5842),#5852);
#5842 = B_SPLINE_CURVE_WITH_KNOTS('',8,(#5843,#5844,#5845,#5846,#5847,
    #5848,#5849,#5850,#5851),.UNSPECIFIED.,.F.,.F.,(9,9),(0.,1.),
  .PIECEWISE_BEZIER_KNOTS.);
#5843 = CARTESIAN_POINT('',(2.921112318095,80.386828102378));
#5844 = CARTESIAN_POINT('',(2.999500992983,80.287320247911));
#5845 = CARTESIAN_POINT('',(3.074365145111,80.173081721414));
#5846 = CARTESIAN_POINT('',(3.146212821172,80.047749923456));
#5847 = CARTESIAN_POINT('',(3.215346639904,79.914204638809));
#5848 = CARTESIAN_POINT('',(3.282069681262,79.774766351935));
#5849 = CARTESIAN_POINT('',(3.346680894852,79.63110624594));
#5850 = CARTESIAN_POINT('',(3.409538791523,79.484289241078));
#5851 = CARTESIAN_POINT('',(3.471095307147,79.334725920549));
#5852 = ( GEOMETRIC_REPRESENTATION_CONTEXT(2) 
PARAMETRIC_REPRESENTATION_CONTEXT() REPRESENTATION_CONTEXT('2D SPACE',''
  ) );
#5853 = PCURVE('',#2232,#5854);
#5854 = DEFINITIONAL_REPRESENTATION('',(#5855),#5865);
#5855 = B_SPLINE_CURVE_WITH_KNOTS('',8,(#5856,#5857,#5858,#5859,#5860,
    #5861,#5862,#5863,#5864),.UNSPECIFIED.,.F.,.F.,(9,9),(0.,1.),
  .PIECEWISE_BEZIER_KNOTS.);
#5856 = CARTESIAN_POINT('',(-5.917194643559,2.274854792251));
#5857 = CARTESIAN_POINT('',(-5.921841293421,2.064631174959));
#5858 = CARTESIAN_POINT('',(-5.926105862121,1.82227989859));
#5859 = CARTESIAN_POINT('',(-5.93000486594,1.554942805053));
#5860 = CARTESIAN_POINT('',(-5.933551542659,1.268232213884));
#5861 = CARTESIAN_POINT('',(-5.936764350268,0.966713470968));
#5862 = CARTESIAN_POINT('',(-5.939663336054,0.653691338621));
#5863 = CARTESIAN_POINT('',(-5.942270182355,0.331239504014));
#5864 = CARTESIAN_POINT('',(-5.944604348554,0.));
#5865 = ( GEOMETRIC_REPRESENTATION_CONTEXT(2) 
PARAMETRIC_REPRESENTATION_CONTEXT() REPRESENTATION_CONTEXT('2D SPACE',''
  ) );
#5866 = ORIENTED_EDGE('',*,*,#5867,.F.);
#5867 = EDGE_CURVE('',#5868,#5827,#5870,.T.);
#5868 = VERTEX_POINT('',#5869);
#5869 = CARTESIAN_POINT('',(100.38682810237,-2.681811085508,
    351.07902969931));
#5870 = SURFACE_CURVE('',#5871,(#5909,#5950),.PCURVE_S1.);
#5871 = B_SPLINE_CURVE_WITH_KNOTS('',6,(#5872,#5873,#5874,#5875,#5876,
    #5877,#5878,#5879,#5880,#5881,#5882,#5883,#5884,#5885,#5886,#5887,
    #5888,#5889,#5890,#5891,#5892,#5893,#5894,#5895,#5896,#5897,#5898,
    #5899,#5900,#5901,#5902,#5903,#5904,#5905,#5906,#5907,#5908),
  .UNSPECIFIED.,.F.,.F.,(7,5,5,5,5,5,5,7),(0.,0.205780172083,
    0.306726569607,0.500231018446,0.631553855927,0.693758021353,
    0.794720516637,1.),.UNSPECIFIED.);
#5872 = CARTESIAN_POINT('',(100.38682810237,-2.681811085508,
    351.07902969931));
#5873 = CARTESIAN_POINT('',(100.43786211911,-2.526910875126,
    351.00887006664));
#5874 = CARTESIAN_POINT('',(100.48644399855,-2.366678507199,
    350.94215574663));
#5875 = CARTESIAN_POINT('',(100.53227462402,-2.201010224215,
    350.87928411547));
#5876 = CARTESIAN_POINT('',(100.57499505708,-2.029906252236,
    350.82073320575));
#5877 = CARTESIAN_POINT('',(100.61420164863,-1.853497342866,
    350.76704066057));
#5878 = CARTESIAN_POINT('',(100.66679229948,-1.583123547433,
    350.69506551957));
#5879 = CARTESIAN_POINT('',(100.68315537494,-1.492945662554,
    350.67267950109));
#5880 = CARTESIAN_POINT('',(100.6985245607,-1.401614291459,
    350.65166034069));
#5881 = CARTESIAN_POINT('',(100.71285043795,-1.309184407261,
    350.632073948));
#5882 = CARTESIAN_POINT('',(100.72608499111,-1.215725838376,
    350.61398437872));
#5883 = CARTESIAN_POINT('',(100.76137519058,-0.940368242594,
    350.56575898962));
#5884 = CARTESIAN_POINT('',(100.78039772353,-0.75590705354,
    350.5397789022));
#5885 = CARTESIAN_POINT('',(100.79492439188,-0.568624509146,
    350.51994729833));
#5886 = CARTESIAN_POINT('',(100.80469719579,-0.37932930674,
    350.50660855528));
#5887 = CARTESIAN_POINT('',(100.80956786449,-0.18896989398,
    350.49996056625));
#5888 = CARTESIAN_POINT('',(100.80951919297,0.130514257168,
    350.5000269978));
#5889 = CARTESIAN_POINT('',(100.80724296017,0.259680816145,
    350.50313382254));
#5890 = CARTESIAN_POINT('',(100.80271001404,0.388519221497,
    350.50932081432));
#5891 = CARTESIAN_POINT('',(100.79595123919,0.516721167348,
    350.51854674113));
#5892 = CARTESIAN_POINT('',(100.78702395672,0.644001004353,
    350.53073507466));
#5893 = CARTESIAN_POINT('',(100.77078902717,0.829821924859,
    350.55290656936));
#5894 = CARTESIAN_POINT('',(100.76510178103,0.889284593545,
    350.56067419977));
#5895 = CARTESIAN_POINT('',(100.75895395772,0.948455974463,
    350.56907183291));
#5896 = CARTESIAN_POINT('',(100.75235467218,1.007311517618,
    350.57808730265));
#5897 = CARTESIAN_POINT('',(100.74531377646,1.065828831574,
    350.58770746046));
#5898 = CARTESIAN_POINT('',(100.72571432208,1.218384300915,
    350.61449100889));
#5899 = CARTESIAN_POINT('',(100.71245115199,1.311836832153,
    350.63261980845));
#5900 = CARTESIAN_POINT('',(100.69809713727,1.404258873296,
    350.65224480738));
#5901 = CARTESIAN_POINT('',(100.68270034947,1.495580776838,
    350.67330187559));
#5902 = CARTESIAN_POINT('',(100.66631024505,1.585747749712,
    350.69572505352));
#5903 = CARTESIAN_POINT('',(100.61373086911,1.855614401855,
    350.76768538518));
#5904 = CARTESIAN_POINT('',(100.57458474442,2.031549006857,
    350.82129556581));
#5905 = CARTESIAN_POINT('',(100.53194453632,2.202203155551,
    350.8797369395));
#5906 = CARTESIAN_POINT('',(100.48621075449,2.367447714358,
    350.94247604588));
#5907 = CARTESIAN_POINT('',(100.43773961352,2.527282708337,
    351.00903848269));
#5908 = CARTESIAN_POINT('',(100.38682810237,2.681811085507,
    351.07902969931));
#5909 = PCURVE('',#1470,#5910);
#5910 = DEFINITIONAL_REPRESENTATION('',(#5911),#5949);
#5911 = B_SPLINE_CURVE_WITH_KNOTS('',6,(#5912,#5913,#5914,#5915,#5916,
    #5917,#5918,#5919,#5920,#5921,#5922,#5923,#5924,#5925,#5926,#5927,
    #5928,#5929,#5930,#5931,#5932,#5933,#5934,#5935,#5936,#5937,#5938,
    #5939,#5940,#5941,#5942,#5943,#5944,#5945,#5946,#5947,#5948),
  .UNSPECIFIED.,.F.,.F.,(7,5,5,5,5,5,5,7),(0.,0.205780172083,
    0.306726569607,0.500231018446,0.631553855927,0.693758021353,
    0.794720516637,1.),.UNSPECIFIED.);
#5912 = CARTESIAN_POINT('',(2.070529342609,80.386828102378));
#5913 = CARTESIAN_POINT('',(2.096690630796,80.437862119116));
#5914 = CARTESIAN_POINT('',(2.123380479446,80.486443998555));
#5915 = CARTESIAN_POINT('',(2.150620465148,80.532274624021));
#5916 = CARTESIAN_POINT('',(2.178418854588,80.574995057089));
#5917 = CARTESIAN_POINT('',(2.2067702715,80.614201648637));
#5918 = CARTESIAN_POINT('',(2.249814877559,80.666792299486));
#5919 = CARTESIAN_POINT('',(2.264107455713,80.683155374949));
#5920 = CARTESIAN_POINT('',(2.278522535982,80.6985245607));
#5921 = CARTESIAN_POINT('',(2.293054927126,80.712850437952));
#5922 = CARTESIAN_POINT('',(2.307697702363,80.726084991116));
#5923 = CARTESIAN_POINT('',(2.350705199633,80.761375190584));
#5924 = CARTESIAN_POINT('',(2.379347971383,80.780397723539));
#5925 = CARTESIAN_POINT('',(2.408295460854,80.79492439188));
#5926 = CARTESIAN_POINT('',(2.437462758302,80.804697195798));
#5927 = CARTESIAN_POINT('',(2.466748538339,80.809567864498));
#5928 = CARTESIAN_POINT('',(2.51589994727,80.809519192976));
#5929 = CARTESIAN_POINT('',(2.535771819127,80.807242960179));
#5930 = CARTESIAN_POINT('',(2.555607448595,80.802710014043));
#5931 = CARTESIAN_POINT('',(2.575373479236,80.795951239196));
#5932 = CARTESIAN_POINT('',(2.595039241793,80.787023956729));
#5933 = CARTESIAN_POINT('',(2.623829850747,80.770789027175));
#5934 = CARTESIAN_POINT('',(2.6330551017,80.765101781039));
#5935 = CARTESIAN_POINT('',(2.642248769104,80.758953957729));
#5936 = CARTESIAN_POINT('',(2.651408257668,80.752354672185));
#5937 = CARTESIAN_POINT('',(2.660531227249,80.745313776461));
#5938 = CARTESIAN_POINT('',(2.684360268103,80.725714322088));
#5939 = CARTESIAN_POINT('',(2.69900327934,80.71245115199));
#5940 = CARTESIAN_POINT('',(2.713535722523,80.698097137271));
#5941 = CARTESIAN_POINT('',(2.727950692733,80.682700349474));
#5942 = CARTESIAN_POINT('',(2.742243020343,80.666310245052));
#5943 = CARTESIAN_POINT('',(2.785211647752,80.613730869112));
#5944 = CARTESIAN_POINT('',(2.813489707335,80.574584744423));
#5945 = CARTESIAN_POINT('',(2.841217349284,80.531944536323));
#5946 = CARTESIAN_POINT('',(2.868389309809,80.486210754498));
#5947 = CARTESIAN_POINT('',(2.895013829279,80.437739613521));
#5948 = CARTESIAN_POINT('',(2.921112318095,80.386828102377));
#5949 = ( GEOMETRIC_REPRESENTATION_CONTEXT(2) 
PARAMETRIC_REPRESENTATION_CONTEXT() REPRESENTATION_CONTEXT('2D SPACE',''
  ) );
#5950 = PCURVE('',#2032,#5951);
#5951 = DEFINITIONAL_REPRESENTATION('',(#5952),#5990);
#5952 = B_SPLINE_CURVE_WITH_KNOTS('',6,(#5953,#5954,#5955,#5956,#5957,
    #5958,#5959,#5960,#5961,#5962,#5963,#5964,#5965,#5966,#5967,#5968,
    #5969,#5970,#5971,#5972,#5973,#5974,#5975,#5976,#5977,#5978,#5979,
    #5980,#5981,#5982,#5983,#5984,#5985,#5986,#5987,#5988,#5989),
  .UNSPECIFIED.,.F.,.F.,(7,5,5,5,5,5,5,7),(0.,0.205780172083,
    0.306726569607,0.500231018446,0.631553855927,0.693758021353,
    0.794720516637,1.),.UNSPECIFIED.);
#5953 = CARTESIAN_POINT('',(-5.863777807403,9.37305896538E-13));
#5954 = CARTESIAN_POINT('',(-5.865333311575,7.015963267135E-02));
#5955 = CARTESIAN_POINT('',(-5.866939499117,0.136873952679));
#5956 = CARTESIAN_POINT('',(-5.868597384302,0.199745583833));
#5957 = CARTESIAN_POINT('',(-5.870306978268,0.258296493559));
#5958 = CARTESIAN_POINT('',(-5.872067060255,0.311989038739));
#5959 = CARTESIAN_POINT('',(-5.874761288164,0.383964179738));
#5960 = CARTESIAN_POINT('',(-5.87565936623,0.406350198219));
#5961 = CARTESIAN_POINT('',(-5.876568430577,0.427369358612));
#5962 = CARTESIAN_POINT('',(-5.877487960028,0.446955751302));
#5963 = CARTESIAN_POINT('',(-5.878417291474,0.46504532059));
#5964 = CARTESIAN_POINT('',(-5.88115425022,0.513270709688));
#5965 = CARTESIAN_POINT('',(-5.88298631342,0.539250797104));
#5966 = CARTESIAN_POINT('',(-5.884845258642,0.55908240098));
#5967 = CARTESIAN_POINT('',(-5.886723396542,0.572421144032));
#5968 = CARTESIAN_POINT('',(-5.888611701537,0.579069133059));
#5969 = CARTESIAN_POINT('',(-5.891780887265,0.579002701504));
#5970 = CARTESIAN_POINT('',(-5.893062181085,0.575895876765));
#5971 = CARTESIAN_POINT('',(-5.894340342262,0.56970888499));
#5972 = CARTESIAN_POINT('',(-5.895612433503,0.560482958176));
#5973 = CARTESIAN_POINT('',(-5.896875734399,0.54829462465));
#5974 = CARTESIAN_POINT('',(-5.898720758125,0.526123129949));
#5975 = CARTESIAN_POINT('',(-5.899311270004,0.51835549954));
#5976 = CARTESIAN_POINT('',(-5.899899004993,0.509957866393));
#5977 = CARTESIAN_POINT('',(-5.900483729329,0.50094239666));
#5978 = CARTESIAN_POINT('',(-5.901065229902,0.491322238844));
#5979 = CARTESIAN_POINT('',(-5.902581592887,0.464538690416));
#5980 = CARTESIAN_POINT('',(-5.903510874241,0.446409890859));
#5981 = CARTESIAN_POINT('',(-5.904430336436,0.426784891922));
#5982 = CARTESIAN_POINT('',(-5.905339318095,0.405727823712));
#5983 = CARTESIAN_POINT('',(-5.90623729976,0.383304645789));
#5984 = CARTESIAN_POINT('',(-5.908926513347,0.311344314123));
#5985 = CARTESIAN_POINT('',(-5.910681886449,0.257734133498));
#5986 = CARTESIAN_POINT('',(-5.912387004679,0.199292759808));
#5987 = CARTESIAN_POINT('',(-5.91404066248,0.136553653427));
#5988 = CARTESIAN_POINT('',(-5.915642873327,6.999121662091E-02));
#5989 = CARTESIAN_POINT('',(-5.917194643559,0.));
#5990 = ( GEOMETRIC_REPRESENTATION_CONTEXT(2) 
PARAMETRIC_REPRESENTATION_CONTEXT() REPRESENTATION_CONTEXT('2D SPACE',''
  ) );
#5991 = ORIENTED_EDGE('',*,*,#5992,.F.);
#5992 = EDGE_CURVE('',#5993,#5868,#5995,.T.);
#5993 = VERTEX_POINT('',#5994);
#5994 = CARTESIAN_POINT('',(99.334725920549,-5.381063249872,
    353.35388449156));
#5995 = SURFACE_CURVE('',#5996,(#6006,#6019),.PCURVE_S1.);
#5996 = B_SPLINE_CURVE_WITH_KNOTS('',8,(#5997,#5998,#5999,#6000,#6001,
    #6002,#6003,#6004,#6005),.UNSPECIFIED.,.F.,.F.,(9,9),(0.,1.),
  .PIECEWISE_BEZIER_KNOTS.);
#5997 = CARTESIAN_POINT('',(99.334725920549,-5.381063249872,
    353.35388449156));
#5998 = CARTESIAN_POINT('',(99.484289235131,-5.156621092535,
    353.02264500071));
#5999 = CARTESIAN_POINT('',(99.631106234189,-4.904130995999,
    352.70019317875));
#6000 = CARTESIAN_POINT('',(99.774766335923,-4.621518100679,
    352.38717105543));
#6001 = CARTESIAN_POINT('',(99.91420462094,-4.306450737741,
    352.0856523162));
#6002 = CARTESIAN_POINT('',(100.04774990658,-3.956742996506,
    351.79894172258));
#6003 = CARTESIAN_POINT('',(100.17308170834,-3.570383162427,
    351.53160462071));
#6004 = CARTESIAN_POINT('',(100.28732024102,-3.145948133545,
    351.28925333115));
#6005 = CARTESIAN_POINT('',(100.38682810237,-2.681811085508,
    351.07902969931));
#6006 = PCURVE('',#1470,#6007);
#6007 = DEFINITIONAL_REPRESENTATION('',(#6008),#6018);
#6008 = B_SPLINE_CURVE_WITH_KNOTS('',8,(#6009,#6010,#6011,#6012,#6013,
    #6014,#6015,#6016,#6017),.UNSPECIFIED.,.F.,.F.,(9,9),(0.,1.),
  .PIECEWISE_BEZIER_KNOTS.);
#6009 = CARTESIAN_POINT('',(1.520546353557,79.334725920549));
#6010 = CARTESIAN_POINT('',(1.582102866733,79.484289235131));
#6011 = CARTESIAN_POINT('',(1.644960760822,79.631106234189));
#6012 = CARTESIAN_POINT('',(1.709571972194,79.774766335923));
#6013 = CARTESIAN_POINT('',(1.776295012063,79.91420462094));
#6014 = CARTESIAN_POINT('',(1.845428830371,80.047749906588));
#6015 = CARTESIAN_POINT('',(1.917276507389,80.173081708346));
#6016 = CARTESIAN_POINT('',(1.992140662297,80.287320241025));
#6017 = CARTESIAN_POINT('',(2.070529342609,80.386828102377));
#6018 = ( GEOMETRIC_REPRESENTATION_CONTEXT(2) 
PARAMETRIC_REPRESENTATION_CONTEXT() REPRESENTATION_CONTEXT('2D SPACE',''
  ) );
#6019 = PCURVE('',#5071,#6020);
#6020 = DEFINITIONAL_REPRESENTATION('',(#6021),#6031);
#6021 = B_SPLINE_CURVE_WITH_KNOTS('',8,(#6022,#6023,#6024,#6025,#6026,
    #6027,#6028,#6029,#6030),.UNSPECIFIED.,.F.,.F.,(9,9),(0.,1.),
  .PIECEWISE_BEZIER_KNOTS.);
#6022 = CARTESIAN_POINT('',(-12.11955340958,1.121106734065E-13));
#6023 = CARTESIAN_POINT('',(-12.12188757569,0.331239490843));
#6024 = CARTESIAN_POINT('',(-12.12449442187,0.653691312811));
#6025 = CARTESIAN_POINT('',(-12.12739340754,0.966713436123));
#6026 = CARTESIAN_POINT('',(-12.13060621505,1.268232175353));
#6027 = CARTESIAN_POINT('',(-12.13415289171,1.554942768981));
#6028 = CARTESIAN_POINT('',(-12.13805189555,1.822279870842));
#6029 = CARTESIAN_POINT('',(-12.14231646439,2.064631160411));
#6030 = CARTESIAN_POINT('',(-12.14696311458,2.27485479225));
#6031 = ( GEOMETRIC_REPRESENTATION_CONTEXT(2) 
PARAMETRIC_REPRESENTATION_CONTEXT() REPRESENTATION_CONTEXT('2D SPACE',''
  ) );
#6032 = ORIENTED_EDGE('',*,*,#6033,.F.);
#6033 = EDGE_CURVE('',#6034,#5993,#6036,.T.);
#6034 = VERTEX_POINT('',#6035);
#6035 = CARTESIAN_POINT('',(98.794057068017,-6.382341893172,
    355.76885745803));
#6036 = SURFACE_CURVE('',#6037,(#6046,#6058),.PCURVE_S1.);
#6037 = B_SPLINE_CURVE_WITH_KNOTS('',7,(#6038,#6039,#6040,#6041,#6042,
    #6043,#6044,#6045),.UNSPECIFIED.,.F.,.F.,(8,8),(0.,1.),
  .PIECEWISE_BEZIER_KNOTS.);
#6038 = CARTESIAN_POINT('',(98.794057068017,-6.382341893174,
    355.76885745803));
#6039 = CARTESIAN_POINT('',(98.86985259352,-6.313306942989,
    355.41097472744));
#6040 = CARTESIAN_POINT('',(98.94660893734,-6.220483689483,
    355.05565914024));
#6041 = CARTESIAN_POINT('',(99.02411202624,-6.103549785488,
    354.70371508698));
#6042 = CARTESIAN_POINT('',(99.102078664148,-5.961960562036,
    354.35618071876));
#6043 = CARTESIAN_POINT('',(99.180148480763,-5.794996550532,
    354.01432317453));
#6044 = CARTESIAN_POINT('',(99.257878634193,-5.601785289719,
    353.67963370447));
#6045 = CARTESIAN_POINT('',(99.334725920549,-5.381063249872,
    353.35388449156));
#6046 = PCURVE('',#1470,#6047);
#6047 = DEFINITIONAL_REPRESENTATION('',(#6048),#6057);
#6048 = B_SPLINE_CURVE_WITH_KNOTS('',7,(#6049,#6050,#6051,#6052,#6053,
    #6054,#6055,#6056),.UNSPECIFIED.,.F.,.F.,(8,8),(0.,1.),
  .PIECEWISE_BEZIER_KNOTS.);
#6049 = CARTESIAN_POINT('',(1.115582219422,78.794057068017));
#6050 = CARTESIAN_POINT('',(1.171656108377,78.86985259352));
#6051 = CARTESIAN_POINT('',(1.228035356667,78.94660893734));
#6052 = CARTESIAN_POINT('',(1.284895984711,79.02411202624));
#6053 = CARTESIAN_POINT('',(1.342398577492,79.102078664148));
#6054 = CARTESIAN_POINT('',(1.400709390796,79.180148480763));
#6055 = CARTESIAN_POINT('',(1.460010136496,79.257878634193));
#6056 = CARTESIAN_POINT('',(1.520546353557,79.334725920549));
#6057 = ( GEOMETRIC_REPRESENTATION_CONTEXT(2) 
PARAMETRIC_REPRESENTATION_CONTEXT() REPRESENTATION_CONTEXT('2D SPACE',''
  ) );
#6058 = PCURVE('',#5026,#6059);
#6059 = DEFINITIONAL_REPRESENTATION('',(#6060),#6069);
#6060 = B_SPLINE_CURVE_WITH_KNOTS('',7,(#6061,#6062,#6063,#6064,#6065,
    #6066,#6067,#6068),.UNSPECIFIED.,.F.,.F.,(8,8),(0.,1.),
  .PIECEWISE_BEZIER_KNOTS.);
#6061 = CARTESIAN_POINT('',(-12.10915869263,3.963552620131E-13));
#6062 = CARTESIAN_POINT('',(-12.10990392228,0.357882730587));
#6063 = CARTESIAN_POINT('',(-12.11088831329,0.713198317788));
#6064 = CARTESIAN_POINT('',(-12.11211427003,1.065142371054));
#6065 = CARTESIAN_POINT('',(-12.11358640685,1.412676739275));
#6066 = CARTESIAN_POINT('',(-12.11531106574,1.754534283505));
#6067 = CARTESIAN_POINT('',(-12.11729612302,2.089223753562));
#6068 = CARTESIAN_POINT('',(-12.11955340958,2.414972966474));
#6069 = ( GEOMETRIC_REPRESENTATION_CONTEXT(2) 
PARAMETRIC_REPRESENTATION_CONTEXT() REPRESENTATION_CONTEXT('2D SPACE',''
  ) );
#6070 = ORIENTED_EDGE('',*,*,#6071,.F.);
#6071 = EDGE_CURVE('',#6072,#6034,#6074,.T.);
#6072 = VERTEX_POINT('',#6073);
#6073 = CARTESIAN_POINT('',(98.794057068017,-6.382341893176,
    358.23114254196));
#6074 = SURFACE_CURVE('',#6075,(#6086,#6100),.PCURVE_S1.);
#6075 = B_SPLINE_CURVE_WITH_KNOTS('',5,(#6076,#6077,#6078,#6079,#6080,
    #6081,#6082,#6083,#6084,#6085),.UNSPECIFIED.,.F.,.F.,(6,4,6),(0.,
    0.499999880191,1.),.UNSPECIFIED.);
#6076 = CARTESIAN_POINT('',(98.794057075494,-6.382341777435,
    358.23114314196));
#6077 = CARTESIAN_POINT('',(98.791007909262,-6.429540676104,
    357.98646038124));
#6078 = CARTESIAN_POINT('',(98.788701500479,-6.46480424514,
    357.74060371831));
#6079 = CARTESIAN_POINT('',(98.787157652967,-6.48826808325,
    357.49398565973));
#6080 = CARTESIAN_POINT('',(98.786385701674,-6.5,357.24699542294));
#6081 = CARTESIAN_POINT('',(98.786385701674,-6.5,356.75300445868));
#6082 = CARTESIAN_POINT('',(98.787157653637,-6.488268080575,
    356.50601426704));
#6083 = CARTESIAN_POINT('',(98.788701500596,-6.464804242402,
    356.25939626866));
#6084 = CARTESIAN_POINT('',(98.791007909416,-6.429540673708,
    356.01353960634));
#6085 = CARTESIAN_POINT('',(98.794057075494,-6.382341777435,
    355.76885685803));
#6086 = PCURVE('',#1470,#6087);
#6087 = DEFINITIONAL_REPRESENTATION('',(#6088),#6099);
#6088 = B_SPLINE_CURVE_WITH_KNOTS('',5,(#6089,#6090,#6091,#6092,#6093,
    #6094,#6095,#6096,#6097,#6098),.UNSPECIFIED.,.F.,.F.,(6,4,6),(0.,
    0.499999880191,1.),.UNSPECIFIED.);
#6089 = CARTESIAN_POINT('',(0.734466693683,78.794057075494));
#6090 = CARTESIAN_POINT('',(0.772804151822,78.791007909262));
#6091 = CARTESIAN_POINT('',(0.81097115304,78.788701500479));
#6092 = CARTESIAN_POINT('',(0.849026712558,78.787157652967));
#6093 = CARTESIAN_POINT('',(0.887025207719,78.786385701674));
#6094 = CARTESIAN_POINT('',(0.963023817606,78.786385701674));
#6095 = CARTESIAN_POINT('',(1.001022305684,78.787157653637));
#6096 = CARTESIAN_POINT('',(1.039077856076,78.788701500596));
#6097 = CARTESIAN_POINT('',(1.077244857238,78.791007909416));
#6098 = CARTESIAN_POINT('',(1.115582313431,78.794057075494));
#6099 = ( GEOMETRIC_REPRESENTATION_CONTEXT(2) 
PARAMETRIC_REPRESENTATION_CONTEXT() REPRESENTATION_CONTEXT('2D SPACE',''
  ) );
#6100 = PCURVE('',#4981,#6101);
#6101 = DEFINITIONAL_REPRESENTATION('',(#6102),#6113);
#6102 = B_SPLINE_CURVE_WITH_KNOTS('',5,(#6103,#6104,#6105,#6106,#6107,
    #6108,#6109,#6110,#6111,#6112),.UNSPECIFIED.,.F.,.F.,(6,4,6),(
    2.45215596933E-07,0.499999880191,0.999999754785),.UNSPECIFIED.);
#6103 = CARTESIAN_POINT('',(-12.10915869263,4.388454605901E-13));
#6104 = CARTESIAN_POINT('',(-12.10868094272,0.244682643028));
#6105 = CARTESIAN_POINT('',(-12.10832398446,0.4905391865));
#6106 = CARTESIAN_POINT('',(-12.10808646372,0.73715712449));
#6107 = CARTESIAN_POINT('',(-12.10796770337,0.984147240152));
#6108 = CARTESIAN_POINT('',(-12.10796770337,1.478137962146));
#6109 = CARTESIAN_POINT('',(-12.10808646374,1.725128032654));
#6110 = CARTESIAN_POINT('',(-12.10832398448,1.971745910457));
#6111 = CARTESIAN_POINT('',(-12.10868094275,2.21760245332));
#6112 = CARTESIAN_POINT('',(-12.10915869263,2.46228508393));
#6113 = ( GEOMETRIC_REPRESENTATION_CONTEXT(2) 
PARAMETRIC_REPRESENTATION_CONTEXT() REPRESENTATION_CONTEXT('2D SPACE',''
  ) );
#6114 = ORIENTED_EDGE('',*,*,#6115,.F.);
#6115 = EDGE_CURVE('',#5261,#6072,#6116,.T.);
#6116 = SURFACE_CURVE('',#6117,(#6126,#6138),.PCURVE_S1.);
#6117 = B_SPLINE_CURVE_WITH_KNOTS('',7,(#6118,#6119,#6120,#6121,#6122,
    #6123,#6124,#6125),.UNSPECIFIED.,.F.,.F.,(8,8),(0.,1.),
  .PIECEWISE_BEZIER_KNOTS.);
#6118 = CARTESIAN_POINT('',(99.334725920549,-5.381063249873,
    360.64611550843));
#6119 = CARTESIAN_POINT('',(99.257878633242,-5.60178529245,
    360.32036629149));
#6120 = CARTESIAN_POINT('',(99.18014847947,-5.794996553504,
    359.98567681985));
#6121 = CARTESIAN_POINT('',(99.102078662826,-5.961960564587,
    359.64381927538));
#6122 = CARTESIAN_POINT('',(99.024112024975,-6.103549787592,
    359.29628490732));
#6123 = CARTESIAN_POINT('',(98.94660893621,-6.220483690987,
    358.94434085456));
#6124 = CARTESIAN_POINT('',(98.869852592715,-6.313306943724,
    358.58902526875));
#6125 = CARTESIAN_POINT('',(98.794057068017,-6.382341893176,
    358.23114254196));
#6126 = PCURVE('',#1470,#6127);
#6127 = DEFINITIONAL_REPRESENTATION('',(#6128),#6137);
#6128 = B_SPLINE_CURVE_WITH_KNOTS('',7,(#6129,#6130,#6131,#6132,#6133,
    #6134,#6135,#6136),.UNSPECIFIED.,.F.,.F.,(8,8),(0.,1.),
  .PIECEWISE_BEZIER_KNOTS.);
#6129 = CARTESIAN_POINT('',(0.329502653557,79.334725920549));
#6130 = CARTESIAN_POINT('',(0.390038871367,79.257878633242));
#6131 = CARTESIAN_POINT('',(0.449339617289,79.18014847947));
#6132 = CARTESIAN_POINT('',(0.507650430602,79.102078662826));
#6133 = CARTESIAN_POINT('',(0.565153023333,79.024112024975));
#6134 = CARTESIAN_POINT('',(0.622013651275,78.94660893621));
#6135 = CARTESIAN_POINT('',(0.678392899333,78.869852592715));
#6136 = CARTESIAN_POINT('',(0.734466787692,78.794057068017));
#6137 = ( GEOMETRIC_REPRESENTATION_CONTEXT(2) 
PARAMETRIC_REPRESENTATION_CONTEXT() REPRESENTATION_CONTEXT('2D SPACE',''
  ) );
#6138 = PCURVE('',#4934,#6139);
#6139 = DEFINITIONAL_REPRESENTATION('',(#6140),#6149);
#6140 = B_SPLINE_CURVE_WITH_KNOTS('',7,(#6141,#6142,#6143,#6144,#6145,
    #6146,#6147,#6148),.UNSPECIFIED.,.F.,.F.,(8,8),(0.,1.),
  .PIECEWISE_BEZIER_KNOTS.);
#6141 = CARTESIAN_POINT('',(12.119553409588,-1.082425025265E-12));
#6142 = CARTESIAN_POINT('',(12.117296122999,-0.325749216942));
#6143 = CARTESIAN_POINT('',(12.115311065709,-0.660438688579));
#6144 = CARTESIAN_POINT('',(12.113586406828,-1.002296233056));
#6145 = CARTESIAN_POINT('',(12.112114270016,-1.34983060111));
#6146 = CARTESIAN_POINT('',(12.110888313283,-1.701774653875));
#6147 = CARTESIAN_POINT('',(12.109903922278,-2.057090239689));
#6148 = CARTESIAN_POINT('',(12.109158692639,-2.414972966474));
#6149 = ( GEOMETRIC_REPRESENTATION_CONTEXT(2) 
PARAMETRIC_REPRESENTATION_CONTEXT() REPRESENTATION_CONTEXT('2D SPACE',''
  ) );
#6150 = ADVANCED_FACE('',(#6151),#2032,.F.);
#6151 = FACE_BOUND('',#6152,.T.);
#6152 = EDGE_LOOP('',(#6153,#6174,#6175,#6198,#6219,#6220,#6221,#6242,
    #6243,#6264,#6265,#6286));
#6153 = ORIENTED_EDGE('',*,*,#6154,.T.);
#6154 = EDGE_CURVE('',#5044,#5868,#6155,.T.);
#6155 = SURFACE_CURVE('',#6156,(#6161,#6168),.PCURVE_S1.);
#6156 = CIRCLE('',#6157,100.42264369729);
#6157 = AXIS2_PLACEMENT_3D('',#6158,#6159,#6160);
#6158 = CARTESIAN_POINT('',(0.,0.,351.07902969931));
#6159 = DIRECTION('',(0.,-0.,1.));
#6160 = DIRECTION('',(0.923879532511,0.382683432365,0.));
#6161 = PCURVE('',#2032,#6162);
#6162 = DEFINITIONAL_REPRESENTATION('',(#6163),#6167);
#6163 = LINE('',#6164,#6165);
#6164 = CARTESIAN_POINT('',(-0.,0.));
#6165 = VECTOR('',#6166,1.);
#6166 = DIRECTION('',(-1.,0.));
#6167 = ( GEOMETRIC_REPRESENTATION_CONTEXT(2) 
PARAMETRIC_REPRESENTATION_CONTEXT() REPRESENTATION_CONTEXT('2D SPACE',''
  ) );
#6168 = PCURVE('',#5071,#6169);
#6169 = DEFINITIONAL_REPRESENTATION('',(#6170),#6173);
#6170 = B_SPLINE_CURVE_WITH_KNOTS('',1,(#6171,#6172),.UNSPECIFIED.,.F.,
  .F.,(2,2),(0.,5.863777807403),.PIECEWISE_BEZIER_KNOTS.);
#6171 = CARTESIAN_POINT('',(-6.28318530718,2.27485479225));
#6172 = CARTESIAN_POINT('',(-12.14696311458,2.27485479225));
#6173 = ( GEOMETRIC_REPRESENTATION_CONTEXT(2) 
PARAMETRIC_REPRESENTATION_CONTEXT() REPRESENTATION_CONTEXT('2D SPACE',''
  ) );
#6174 = ORIENTED_EDGE('',*,*,#5867,.T.);
#6175 = ORIENTED_EDGE('',*,*,#6176,.T.);
#6176 = EDGE_CURVE('',#5827,#6177,#6179,.T.);
#6177 = VERTEX_POINT('',#6178);
#6178 = CARTESIAN_POINT('',(92.778425112608,38.430081977259,
    351.07902969931));
#6179 = SURFACE_CURVE('',#6180,(#6185,#6192),.PCURVE_S1.);
#6180 = CIRCLE('',#6181,100.42264369729);
#6181 = AXIS2_PLACEMENT_3D('',#6182,#6183,#6184);
#6182 = CARTESIAN_POINT('',(0.,0.,351.07902969931));
#6183 = DIRECTION('',(0.,-0.,1.));
#6184 = DIRECTION('',(0.923879532511,0.382683432365,0.));
#6185 = PCURVE('',#2032,#6186);
#6186 = DEFINITIONAL_REPRESENTATION('',(#6187),#6191);
#6187 = LINE('',#6188,#6189);
#6188 = CARTESIAN_POINT('',(-0.,0.));
#6189 = VECTOR('',#6190,1.);
#6190 = DIRECTION('',(-1.,0.));
#6191 = ( GEOMETRIC_REPRESENTATION_CONTEXT(2) 
PARAMETRIC_REPRESENTATION_CONTEXT() REPRESENTATION_CONTEXT('2D SPACE',''
  ) );
#6192 = PCURVE('',#2232,#6193);
#6193 = DEFINITIONAL_REPRESENTATION('',(#6194),#6197);
#6194 = B_SPLINE_CURVE_WITH_KNOTS('',1,(#6195,#6196),.UNSPECIFIED.,.F.,
  .F.,(2,2),(5.917194643559,6.28318530718),.PIECEWISE_BEZIER_KNOTS.);
#6195 = CARTESIAN_POINT('',(-5.917194643559,2.27485479225));
#6196 = CARTESIAN_POINT('',(-6.28318530718,2.27485479225));
#6197 = ( GEOMETRIC_REPRESENTATION_CONTEXT(2) 
PARAMETRIC_REPRESENTATION_CONTEXT() REPRESENTATION_CONTEXT('2D SPACE',''
  ) );
#6198 = ORIENTED_EDGE('',*,*,#6199,.T.);
#6199 = EDGE_CURVE('',#6177,#2016,#6200,.T.);
#6200 = SEAM_CURVE('',#6201,(#6205,#6212),.PCURVE_S1.);
#6201 = LINE('',#6202,#6203);
#6202 = CARTESIAN_POINT('',(92.778425112608,38.430081977259,
    351.07902969931));
#6203 = VECTOR('',#6204,1.);
#6204 = DIRECTION('',(0.513279967159,0.212607523692,-0.831469612303));
#6205 = PCURVE('',#2032,#6206);
#6206 = DEFINITIONAL_REPRESENTATION('',(#6207),#6211);
#6207 = LINE('',#6208,#6209);
#6208 = CARTESIAN_POINT('',(-0.,0.));
#6209 = VECTOR('',#6210,1.);
#6210 = DIRECTION('',(-0.,1.));
#6211 = ( GEOMETRIC_REPRESENTATION_CONTEXT(2) 
PARAMETRIC_REPRESENTATION_CONTEXT() REPRESENTATION_CONTEXT('2D SPACE',''
  ) );
#6212 = PCURVE('',#2032,#6213);
#6213 = DEFINITIONAL_REPRESENTATION('',(#6214),#6218);
#6214 = LINE('',#6215,#6216);
#6215 = CARTESIAN_POINT('',(-6.28318530718,0.));
#6216 = VECTOR('',#6217,1.);
#6217 = DIRECTION('',(-0.,1.));
#6218 = ( GEOMETRIC_REPRESENTATION_CONTEXT(2) 
PARAMETRIC_REPRESENTATION_CONTEXT() REPRESENTATION_CONTEXT('2D SPACE',''
  ) );
#6219 = ORIENTED_EDGE('',*,*,#2015,.F.);
#6220 = ORIENTED_EDGE('',*,*,#6199,.F.);
#6221 = ORIENTED_EDGE('',*,*,#6222,.T.);
#6222 = EDGE_CURVE('',#6177,#2205,#6223,.T.);
#6223 = SURFACE_CURVE('',#6224,(#6229,#6236),.PCURVE_S1.);
#6224 = CIRCLE('',#6225,100.42264369729);
#6225 = AXIS2_PLACEMENT_3D('',#6226,#6227,#6228);
#6226 = CARTESIAN_POINT('',(0.,0.,351.07902969931));
#6227 = DIRECTION('',(0.,-0.,1.));
#6228 = DIRECTION('',(0.923879532511,0.382683432365,0.));
#6229 = PCURVE('',#2032,#6230);
#6230 = DEFINITIONAL_REPRESENTATION('',(#6231),#6235);
#6231 = LINE('',#6232,#6233);
#6232 = CARTESIAN_POINT('',(-0.,0.));
#6233 = VECTOR('',#6234,1.);
#6234 = DIRECTION('',(-1.,0.));
#6235 = ( GEOMETRIC_REPRESENTATION_CONTEXT(2) 
PARAMETRIC_REPRESENTATION_CONTEXT() REPRESENTATION_CONTEXT('2D SPACE',''
  ) );
#6236 = PCURVE('',#2232,#6237);
#6237 = DEFINITIONAL_REPRESENTATION('',(#6238),#6241);
#6238 = B_SPLINE_CURVE_WITH_KNOTS('',1,(#6239,#6240),.UNSPECIFIED.,.F.,
  .F.,(2,2),(0.,5.863777807403),.PIECEWISE_BEZIER_KNOTS.);
#6239 = CARTESIAN_POINT('',(-6.28318530718,2.27485479225));
#6240 = CARTESIAN_POINT('',(-12.14696311458,2.27485479225));
#6241 = ( GEOMETRIC_REPRESENTATION_CONTEXT(2) 
PARAMETRIC_REPRESENTATION_CONTEXT() REPRESENTATION_CONTEXT('2D SPACE',''
  ) );
#6242 = ORIENTED_EDGE('',*,*,#3038,.T.);
#6243 = ORIENTED_EDGE('',*,*,#6244,.T.);
#6244 = EDGE_CURVE('',#2993,#3907,#6245,.T.);
#6245 = SURFACE_CURVE('',#6246,(#6251,#6258),.PCURVE_S1.);
#6246 = CIRCLE('',#6247,100.42264369729);
#6247 = AXIS2_PLACEMENT_3D('',#6248,#6249,#6250);
#6248 = CARTESIAN_POINT('',(0.,0.,351.07902969931));
#6249 = DIRECTION('',(0.,-0.,1.));
#6250 = DIRECTION('',(0.923879532511,0.382683432365,0.));
#6251 = PCURVE('',#2032,#6252);
#6252 = DEFINITIONAL_REPRESENTATION('',(#6253),#6257);
#6253 = LINE('',#6254,#6255);
#6254 = CARTESIAN_POINT('',(-0.,0.));
#6255 = VECTOR('',#6256,1.);
#6256 = DIRECTION('',(-1.,0.));
#6257 = ( GEOMETRIC_REPRESENTATION_CONTEXT(2) 
PARAMETRIC_REPRESENTATION_CONTEXT() REPRESENTATION_CONTEXT('2D SPACE',''
  ) );
#6258 = PCURVE('',#3020,#6259);
#6259 = DEFINITIONAL_REPRESENTATION('',(#6260),#6263);
#6260 = B_SPLINE_CURVE_WITH_KNOTS('',1,(#6261,#6262),.UNSPECIFIED.,.F.,
  .F.,(2,2),(0.,5.863777807403),.PIECEWISE_BEZIER_KNOTS.);
#6261 = CARTESIAN_POINT('',(-6.28318530718,2.27485479225));
#6262 = CARTESIAN_POINT('',(-12.14696311458,2.27485479225));
#6263 = ( GEOMETRIC_REPRESENTATION_CONTEXT(2) 
PARAMETRIC_REPRESENTATION_CONTEXT() REPRESENTATION_CONTEXT('2D SPACE',''
  ) );
#6264 = ORIENTED_EDGE('',*,*,#3906,.T.);
#6265 = ORIENTED_EDGE('',*,*,#6266,.T.);
#6266 = EDGE_CURVE('',#3852,#4276,#6267,.T.);
#6267 = SURFACE_CURVE('',#6268,(#6273,#6280),.PCURVE_S1.);
#6268 = CIRCLE('',#6269,100.42264369729);
#6269 = AXIS2_PLACEMENT_3D('',#6270,#6271,#6272);
#6270 = CARTESIAN_POINT('',(0.,0.,351.07902969931));
#6271 = DIRECTION('',(0.,-0.,1.));
#6272 = DIRECTION('',(0.923879532511,0.382683432365,0.));
#6273 = PCURVE('',#2032,#6274);
#6274 = DEFINITIONAL_REPRESENTATION('',(#6275),#6279);
#6275 = LINE('',#6276,#6277);
#6276 = CARTESIAN_POINT('',(-0.,0.));
#6277 = VECTOR('',#6278,1.);
#6278 = DIRECTION('',(-1.,0.));
#6279 = ( GEOMETRIC_REPRESENTATION_CONTEXT(2) 
PARAMETRIC_REPRESENTATION_CONTEXT() REPRESENTATION_CONTEXT('2D SPACE',''
  ) );
#6280 = PCURVE('',#3885,#6281);
#6281 = DEFINITIONAL_REPRESENTATION('',(#6282),#6285);
#6282 = B_SPLINE_CURVE_WITH_KNOTS('',1,(#6283,#6284),.UNSPECIFIED.,.F.,
  .F.,(2,2),(0.,5.863777807403),.PIECEWISE_BEZIER_KNOTS.);
#6283 = CARTESIAN_POINT('',(-6.28318530718,2.27485479225));
#6284 = CARTESIAN_POINT('',(-12.14696311458,2.27485479225));
#6285 = ( GEOMETRIC_REPRESENTATION_CONTEXT(2) 
PARAMETRIC_REPRESENTATION_CONTEXT() REPRESENTATION_CONTEXT('2D SPACE',''
  ) );
#6286 = ORIENTED_EDGE('',*,*,#5089,.T.);
#6287 = ADVANCED_FACE('',(#6288),#2137,.F.);
#6288 = FACE_BOUND('',#6289,.T.);
#6289 = EDGE_LOOP('',(#6290,#6291,#6313,#6314));
#6290 = ORIENTED_EDGE('',*,*,#2772,.T.);
#6291 = ORIENTED_EDGE('',*,*,#6292,.T.);
#6292 = EDGE_CURVE('',#2724,#5707,#6293,.T.);
#6293 = SURFACE_CURVE('',#6294,(#6299,#6306),.PCURVE_S1.);
#6294 = CIRCLE('',#6295,99.);
#6295 = AXIS2_PLACEMENT_3D('',#6296,#6297,#6298);
#6296 = CARTESIAN_POINT('',(0.,0.,358.23114254196));
#6297 = DIRECTION('',(0.,0.,-1.));
#6298 = DIRECTION('',(0.997919768364,-6.446809993107E-02,0.));
#6299 = PCURVE('',#2137,#6300);
#6300 = DEFINITIONAL_REPRESENTATION('',(#6301),#6305);
#6301 = LINE('',#6302,#6303);
#6302 = CARTESIAN_POINT('',(12.109158692639,-2.414972966474));
#6303 = VECTOR('',#6304,1.);
#6304 = DIRECTION('',(-1.,-0.));
#6305 = ( GEOMETRIC_REPRESENTATION_CONTEXT(2) 
PARAMETRIC_REPRESENTATION_CONTEXT() REPRESENTATION_CONTEXT('2D SPACE',''
  ) );
#6306 = PCURVE('',#2753,#6307);
#6307 = DEFINITIONAL_REPRESENTATION('',(#6308),#6312);
#6308 = LINE('',#6309,#6310);
#6309 = CARTESIAN_POINT('',(-12.10915869263,0.));
#6310 = VECTOR('',#6311,1.);
#6311 = DIRECTION('',(1.,-0.));
#6312 = ( GEOMETRIC_REPRESENTATION_CONTEXT(2) 
PARAMETRIC_REPRESENTATION_CONTEXT() REPRESENTATION_CONTEXT('2D SPACE',''
  ) );
#6313 = ORIENTED_EDGE('',*,*,#5706,.T.);
#6314 = ORIENTED_EDGE('',*,*,#2120,.F.);
#6315 = ADVANCED_FACE('',(#6316),#2232,.F.);
#6316 = FACE_BOUND('',#6317,.T.);
#6317 = EDGE_LOOP('',(#6318,#6319,#6320,#6321,#6343,#6344));
#6318 = ORIENTED_EDGE('',*,*,#6222,.F.);
#6319 = ORIENTED_EDGE('',*,*,#6176,.F.);
#6320 = ORIENTED_EDGE('',*,*,#5826,.T.);
#6321 = ORIENTED_EDGE('',*,*,#6322,.F.);
#6322 = EDGE_CURVE('',#2634,#5789,#6323,.T.);
#6323 = SURFACE_CURVE('',#6324,(#6329,#6336),.PCURVE_S1.);
#6324 = CIRCLE('',#6325,99.480367989919);
#6325 = AXIS2_PLACEMENT_3D('',#6326,#6327,#6328);
#6326 = CARTESIAN_POINT('',(0.,0.,353.35388449156));
#6327 = DIRECTION('',(0.,0.,-1.));
#6328 = DIRECTION('',(0.998535971747,-5.409171034045E-02,0.));
#6329 = PCURVE('',#2232,#6330);
#6330 = DEFINITIONAL_REPRESENTATION('',(#6331),#6335);
#6331 = LINE('',#6332,#6333);
#6332 = CARTESIAN_POINT('',(-12.11955340958,0.));
#6333 = VECTOR('',#6334,1.);
#6334 = DIRECTION('',(1.,-0.));
#6335 = ( GEOMETRIC_REPRESENTATION_CONTEXT(2) 
PARAMETRIC_REPRESENTATION_CONTEXT() REPRESENTATION_CONTEXT('2D SPACE',''
  ) );
#6336 = PCURVE('',#2700,#6337);
#6337 = DEFINITIONAL_REPRESENTATION('',(#6338),#6342);
#6338 = LINE('',#6339,#6340);
#6339 = CARTESIAN_POINT('',(-12.11955340958,2.414972966474));
#6340 = VECTOR('',#6341,1.);
#6341 = DIRECTION('',(1.,-0.));
#6342 = ( GEOMETRIC_REPRESENTATION_CONTEXT(2) 
PARAMETRIC_REPRESENTATION_CONTEXT() REPRESENTATION_CONTEXT('2D SPACE',''
  ) );
#6343 = ORIENTED_EDGE('',*,*,#2633,.T.);
#6344 = ORIENTED_EDGE('',*,*,#2202,.T.);
#6345 = ADVANCED_FACE('',(#6346),#3020,.F.);
#6346 = FACE_BOUND('',#6347,.T.);
#6347 = EDGE_LOOP('',(#6348,#6349,#6350,#6372));
#6348 = ORIENTED_EDGE('',*,*,#6244,.F.);
#6349 = ORIENTED_EDGE('',*,*,#2992,.T.);
#6350 = ORIENTED_EDGE('',*,*,#6351,.F.);
#6351 = EDGE_CURVE('',#4032,#2950,#6352,.T.);
#6352 = SURFACE_CURVE('',#6353,(#6358,#6365),.PCURVE_S1.);
#6353 = CIRCLE('',#6354,99.480367989919);
#6354 = AXIS2_PLACEMENT_3D('',#6355,#6356,#6357);
#6355 = CARTESIAN_POINT('',(0.,0.,353.35388449156));
#6356 = DIRECTION('',(0.,0.,-1.));
#6357 = DIRECTION('',(0.998535971747,-5.409171034045E-02,0.));
#6358 = PCURVE('',#3020,#6359);
#6359 = DEFINITIONAL_REPRESENTATION('',(#6360),#6364);
#6360 = LINE('',#6361,#6362);
#6361 = CARTESIAN_POINT('',(-12.11955340958,0.));
#6362 = VECTOR('',#6363,1.);
#6363 = DIRECTION('',(1.,-0.));
#6364 = ( GEOMETRIC_REPRESENTATION_CONTEXT(2) 
PARAMETRIC_REPRESENTATION_CONTEXT() REPRESENTATION_CONTEXT('2D SPACE',''
  ) );
#6365 = PCURVE('',#2975,#6366);
#6366 = DEFINITIONAL_REPRESENTATION('',(#6367),#6371);
#6367 = LINE('',#6368,#6369);
#6368 = CARTESIAN_POINT('',(-12.11955340958,2.414972966474));
#6369 = VECTOR('',#6370,1.);
#6370 = DIRECTION('',(1.,-0.));
#6371 = ( GEOMETRIC_REPRESENTATION_CONTEXT(2) 
PARAMETRIC_REPRESENTATION_CONTEXT() REPRESENTATION_CONTEXT('2D SPACE',''
  ) );
#6372 = ORIENTED_EDGE('',*,*,#4031,.T.);
#6373 = ADVANCED_FACE('',(#6374),#2975,.F.);
#6374 = FACE_BOUND('',#6375,.T.);
#6375 = EDGE_LOOP('',(#6376,#6398,#6399,#6400));
#6376 = ORIENTED_EDGE('',*,*,#6377,.F.);
#6377 = EDGE_CURVE('',#4073,#2901,#6378,.T.);
#6378 = SURFACE_CURVE('',#6379,(#6384,#6391),.PCURVE_S1.);
#6379 = CIRCLE('',#6380,99.);
#6380 = AXIS2_PLACEMENT_3D('',#6381,#6382,#6383);
#6381 = CARTESIAN_POINT('',(0.,0.,355.76885745803));
#6382 = DIRECTION('',(0.,0.,-1.));
#6383 = DIRECTION('',(0.997919768364,-6.446809993103E-02,0.));
#6384 = PCURVE('',#2975,#6385);
#6385 = DEFINITIONAL_REPRESENTATION('',(#6386),#6390);
#6386 = LINE('',#6387,#6388);
#6387 = CARTESIAN_POINT('',(-12.10915869263,0.));
#6388 = VECTOR('',#6389,1.);
#6389 = DIRECTION('',(1.,-0.));
#6390 = ( GEOMETRIC_REPRESENTATION_CONTEXT(2) 
PARAMETRIC_REPRESENTATION_CONTEXT() REPRESENTATION_CONTEXT('2D SPACE',''
  ) );
#6391 = PCURVE('',#2930,#6392);
#6392 = DEFINITIONAL_REPRESENTATION('',(#6393),#6397);
#6393 = LINE('',#6394,#6395);
#6394 = CARTESIAN_POINT('',(-12.10915869263,2.462285083929));
#6395 = VECTOR('',#6396,1.);
#6396 = DIRECTION('',(1.,-0.));
#6397 = ( GEOMETRIC_REPRESENTATION_CONTEXT(2) 
PARAMETRIC_REPRESENTATION_CONTEXT() REPRESENTATION_CONTEXT('2D SPACE',''
  ) );
#6398 = ORIENTED_EDGE('',*,*,#4072,.T.);
#6399 = ORIENTED_EDGE('',*,*,#6351,.T.);
#6400 = ORIENTED_EDGE('',*,*,#2949,.T.);
#6401 = ADVANCED_FACE('',(#6402),#2930,.F.);
#6402 = FACE_BOUND('',#6403,.T.);
#6403 = EDGE_LOOP('',(#6404,#6426,#6427,#6428));
#6404 = ORIENTED_EDGE('',*,*,#6405,.F.);
#6405 = EDGE_CURVE('',#4111,#2858,#6406,.T.);
#6406 = SURFACE_CURVE('',#6407,(#6412,#6419),.PCURVE_S1.);
#6407 = CIRCLE('',#6408,99.);
#6408 = AXIS2_PLACEMENT_3D('',#6409,#6410,#6411);
#6409 = CARTESIAN_POINT('',(0.,0.,358.23114254196));
#6410 = DIRECTION('',(0.,0.,-1.));
#6411 = DIRECTION('',(0.997919768364,-6.446809993107E-02,0.));
#6412 = PCURVE('',#2930,#6413);
#6413 = DEFINITIONAL_REPRESENTATION('',(#6414),#6418);
#6414 = LINE('',#6415,#6416);
#6415 = CARTESIAN_POINT('',(-12.10915869263,0.));
#6416 = VECTOR('',#6417,1.);
#6417 = DIRECTION('',(1.,-0.));
#6418 = ( GEOMETRIC_REPRESENTATION_CONTEXT(2) 
PARAMETRIC_REPRESENTATION_CONTEXT() REPRESENTATION_CONTEXT('2D SPACE',''
  ) );
#6419 = PCURVE('',#2883,#6420);
#6420 = DEFINITIONAL_REPRESENTATION('',(#6421),#6425);
#6421 = LINE('',#6422,#6423);
#6422 = CARTESIAN_POINT('',(12.109158692639,-2.414972966474));
#6423 = VECTOR('',#6424,1.);
#6424 = DIRECTION('',(-1.,-0.));
#6425 = ( GEOMETRIC_REPRESENTATION_CONTEXT(2) 
PARAMETRIC_REPRESENTATION_CONTEXT() REPRESENTATION_CONTEXT('2D SPACE',''
  ) );
#6426 = ORIENTED_EDGE('',*,*,#4110,.T.);
#6427 = ORIENTED_EDGE('',*,*,#6377,.T.);
#6428 = ORIENTED_EDGE('',*,*,#2900,.T.);
#6429 = ADVANCED_FACE('',(#6430),#2883,.F.);
#6430 = FACE_BOUND('',#6431,.T.);
#6431 = EDGE_LOOP('',(#6432,#6433,#6434,#6435));
#6432 = ORIENTED_EDGE('',*,*,#3205,.F.);
#6433 = ORIENTED_EDGE('',*,*,#4154,.T.);
#6434 = ORIENTED_EDGE('',*,*,#6405,.T.);
#6435 = ORIENTED_EDGE('',*,*,#2857,.T.);
#6436 = ADVANCED_FACE('',(#6437),#2753,.F.);
#6437 = FACE_BOUND('',#6438,.T.);
#6438 = EDGE_LOOP('',(#6439,#6440,#6462,#6463));
#6439 = ORIENTED_EDGE('',*,*,#2723,.T.);
#6440 = ORIENTED_EDGE('',*,*,#6441,.T.);
#6441 = EDGE_CURVE('',#2663,#5745,#6442,.T.);
#6442 = SURFACE_CURVE('',#6443,(#6448,#6455),.PCURVE_S1.);
#6443 = CIRCLE('',#6444,99.);
#6444 = AXIS2_PLACEMENT_3D('',#6445,#6446,#6447);
#6445 = CARTESIAN_POINT('',(0.,0.,355.76885745803));
#6446 = DIRECTION('',(0.,0.,-1.));
#6447 = DIRECTION('',(0.997919768364,-6.446809993103E-02,0.));
#6448 = PCURVE('',#2753,#6449);
#6449 = DEFINITIONAL_REPRESENTATION('',(#6450),#6454);
#6450 = LINE('',#6451,#6452);
#6451 = CARTESIAN_POINT('',(-12.10915869263,2.462285083929));
#6452 = VECTOR('',#6453,1.);
#6453 = DIRECTION('',(1.,-0.));
#6454 = ( GEOMETRIC_REPRESENTATION_CONTEXT(2) 
PARAMETRIC_REPRESENTATION_CONTEXT() REPRESENTATION_CONTEXT('2D SPACE',''
  ) );
#6455 = PCURVE('',#2700,#6456);
#6456 = DEFINITIONAL_REPRESENTATION('',(#6457),#6461);
#6457 = LINE('',#6458,#6459);
#6458 = CARTESIAN_POINT('',(-12.10915869263,0.));
#6459 = VECTOR('',#6460,1.);
#6460 = DIRECTION('',(1.,-0.));
#6461 = ( GEOMETRIC_REPRESENTATION_CONTEXT(2) 
PARAMETRIC_REPRESENTATION_CONTEXT() REPRESENTATION_CONTEXT('2D SPACE',''
  ) );
#6462 = ORIENTED_EDGE('',*,*,#5744,.T.);
#6463 = ORIENTED_EDGE('',*,*,#6292,.F.);
#6464 = ADVANCED_FACE('',(#6465),#2700,.F.);
#6465 = FACE_BOUND('',#6466,.T.);
#6466 = EDGE_LOOP('',(#6467,#6468,#6469,#6470));
#6467 = ORIENTED_EDGE('',*,*,#2662,.T.);
#6468 = ORIENTED_EDGE('',*,*,#6322,.T.);
#6469 = ORIENTED_EDGE('',*,*,#5788,.T.);
#6470 = ORIENTED_EDGE('',*,*,#6441,.F.);
#6471 = ADVANCED_FACE('',(#6472,#6554,#6557,#6560,#6563),#2509,.T.);
#6472 = FACE_BOUND('',#6473,.T.);
#6473 = EDGE_LOOP('',(#6474,#6499,#6526,#6527));
#6474 = ORIENTED_EDGE('',*,*,#6475,.T.);
#6475 = EDGE_CURVE('',#6476,#6478,#6480,.T.);
#6476 = VERTEX_POINT('',#6477);
#6477 = CARTESIAN_POINT('',(21.213203435596,21.213203435596,344.));
#6478 = VERTEX_POINT('',#6479);
#6479 = CARTESIAN_POINT('',(21.213203435596,21.213203435596,368.));
#6480 = SEAM_CURVE('',#6481,(#6485,#6492),.PCURVE_S1.);
#6481 = LINE('',#6482,#6483);
#6482 = CARTESIAN_POINT('',(21.213203435596,21.213203435596,344.));
#6483 = VECTOR('',#6484,1.);
#6484 = DIRECTION('',(0.,0.,1.));
#6485 = PCURVE('',#2509,#6486);
#6486 = DEFINITIONAL_REPRESENTATION('',(#6487),#6491);
#6487 = LINE('',#6488,#6489);
#6488 = CARTESIAN_POINT('',(6.28318530718,-0.));
#6489 = VECTOR('',#6490,1.);
#6490 = DIRECTION('',(0.,1.));
#6491 = ( GEOMETRIC_REPRESENTATION_CONTEXT(2) 
PARAMETRIC_REPRESENTATION_CONTEXT() REPRESENTATION_CONTEXT('2D SPACE',''
  ) );
#6492 = PCURVE('',#2509,#6493);
#6493 = DEFINITIONAL_REPRESENTATION('',(#6494),#6498);
#6494 = LINE('',#6495,#6496);
#6495 = CARTESIAN_POINT('',(0.,-0.));
#6496 = VECTOR('',#6497,1.);
#6497 = DIRECTION('',(0.,1.));
#6498 = ( GEOMETRIC_REPRESENTATION_CONTEXT(2) 
PARAMETRIC_REPRESENTATION_CONTEXT() REPRESENTATION_CONTEXT('2D SPACE',''
  ) );
#6499 = ORIENTED_EDGE('',*,*,#6500,.F.);
#6500 = EDGE_CURVE('',#6478,#6478,#6501,.T.);
#6501 = SURFACE_CURVE('',#6502,(#6507,#6514),.PCURVE_S1.);
#6502 = CIRCLE('',#6503,30.);
#6503 = AXIS2_PLACEMENT_3D('',#6504,#6505,#6506);
#6504 = CARTESIAN_POINT('',(0.,0.,368.));
#6505 = DIRECTION('',(0.,-0.,1.));
#6506 = DIRECTION('',(0.707106781187,0.707106781187,0.));
#6507 = PCURVE('',#2509,#6508);
#6508 = DEFINITIONAL_REPRESENTATION('',(#6509),#6513);
#6509 = LINE('',#6510,#6511);
#6510 = CARTESIAN_POINT('',(0.,24.));
#6511 = VECTOR('',#6512,1.);
#6512 = DIRECTION('',(1.,0.));
#6513 = ( GEOMETRIC_REPRESENTATION_CONTEXT(2) 
PARAMETRIC_REPRESENTATION_CONTEXT() REPRESENTATION_CONTEXT('2D SPACE',''
  ) );
#6514 = PCURVE('',#6515,#6520);
#6515 = CONICAL_SURFACE('',#6516,30.,0.785398163397);
#6516 = AXIS2_PLACEMENT_3D('',#6517,#6518,#6519);
#6517 = CARTESIAN_POINT('',(0.,0.,368.));
#6518 = DIRECTION('',(-0.,-0.,-1.));
#6519 = DIRECTION('',(0.707106781187,0.707106781187,0.));
#6520 = DEFINITIONAL_REPRESENTATION('',(#6521),#6525);
#6521 = LINE('',#6522,#6523);
#6522 = CARTESIAN_POINT('',(-0.,-0.));
#6523 = VECTOR('',#6524,1.);
#6524 = DIRECTION('',(-1.,-0.));
#6525 = ( GEOMETRIC_REPRESENTATION_CONTEXT(2) 
PARAMETRIC_REPRESENTATION_CONTEXT() REPRESENTATION_CONTEXT('2D SPACE',''
  ) );
#6526 = ORIENTED_EDGE('',*,*,#6475,.F.);
#6527 = ORIENTED_EDGE('',*,*,#6528,.T.);
#6528 = EDGE_CURVE('',#6476,#6476,#6529,.T.);
#6529 = SURFACE_CURVE('',#6530,(#6535,#6542),.PCURVE_S1.);
#6530 = CIRCLE('',#6531,30.);
#6531 = AXIS2_PLACEMENT_3D('',#6532,#6533,#6534);
#6532 = CARTESIAN_POINT('',(0.,0.,344.));
#6533 = DIRECTION('',(0.,-0.,1.));
#6534 = DIRECTION('',(0.707106781187,0.707106781187,0.));
#6535 = PCURVE('',#2509,#6536);
#6536 = DEFINITIONAL_REPRESENTATION('',(#6537),#6541);
#6537 = LINE('',#6538,#6539);
#6538 = CARTESIAN_POINT('',(0.,0.));
#6539 = VECTOR('',#6540,1.);
#6540 = DIRECTION('',(1.,0.));
#6541 = ( GEOMETRIC_REPRESENTATION_CONTEXT(2) 
PARAMETRIC_REPRESENTATION_CONTEXT() REPRESENTATION_CONTEXT('2D SPACE',''
  ) );
#6542 = PCURVE('',#6543,#6548);
#6543 = PLANE('',#6544);
#6544 = AXIS2_PLACEMENT_3D('',#6545,#6546,#6547);
#6545 = CARTESIAN_POINT('',(0.,0.,344.));
#6546 = DIRECTION('',(0.,0.,1.));
#6547 = DIRECTION('',(0.707106781187,0.707106781187,0.));
#6548 = DEFINITIONAL_REPRESENTATION('',(#6549),#6553);
#6549 = CIRCLE('',#6550,30.);
#6550 = AXIS2_PLACEMENT_2D('',#6551,#6552);
#6551 = CARTESIAN_POINT('',(0.,0.));
#6552 = DIRECTION('',(1.,0.));
#6553 = ( GEOMETRIC_REPRESENTATION_CONTEXT(2) 
PARAMETRIC_REPRESENTATION_CONTEXT() REPRESENTATION_CONTEXT('2D SPACE',''
  ) );
#6554 = FACE_BOUND('',#6555,.T.);
#6555 = EDGE_LOOP('',(#6556));
#6556 = ORIENTED_EDGE('',*,*,#3296,.F.);
#6557 = FACE_BOUND('',#6558,.T.);
#6558 = EDGE_LOOP('',(#6559));
#6559 = ORIENTED_EDGE('',*,*,#5348,.F.);
#6560 = FACE_BOUND('',#6561,.T.);
#6561 = EDGE_LOOP('',(#6562));
#6562 = ORIENTED_EDGE('',*,*,#2273,.F.);
#6563 = FACE_BOUND('',#6564,.T.);
#6564 = EDGE_LOOP('',(#6565));
#6565 = ORIENTED_EDGE('',*,*,#4339,.F.);
#6566 = ADVANCED_FACE('',(#6567),#3885,.F.);
#6567 = FACE_BOUND('',#6568,.T.);
#6568 = EDGE_LOOP('',(#6569,#6570,#6571,#6593,#6594));
#6569 = ORIENTED_EDGE('',*,*,#6266,.F.);
#6570 = ORIENTED_EDGE('',*,*,#3851,.T.);
#6571 = ORIENTED_EDGE('',*,*,#6572,.F.);
#6572 = EDGE_CURVE('',#4695,#3803,#6573,.T.);
#6573 = SURFACE_CURVE('',#6574,(#6579,#6586),.PCURVE_S1.);
#6574 = CIRCLE('',#6575,99.480367989919);
#6575 = AXIS2_PLACEMENT_3D('',#6576,#6577,#6578);
#6576 = CARTESIAN_POINT('',(0.,0.,353.35388449156));
#6577 = DIRECTION('',(0.,0.,-1.));
#6578 = DIRECTION('',(0.998535971747,-5.409171034045E-02,0.));
#6579 = PCURVE('',#3885,#6580);
#6580 = DEFINITIONAL_REPRESENTATION('',(#6581),#6585);
#6581 = LINE('',#6582,#6583);
#6582 = CARTESIAN_POINT('',(-12.11955340958,0.));
#6583 = VECTOR('',#6584,1.);
#6584 = DIRECTION('',(1.,-0.));
#6585 = ( GEOMETRIC_REPRESENTATION_CONTEXT(2) 
PARAMETRIC_REPRESENTATION_CONTEXT() REPRESENTATION_CONTEXT('2D SPACE',''
  ) );
#6586 = PCURVE('',#3832,#6587);
#6587 = DEFINITIONAL_REPRESENTATION('',(#6588),#6592);
#6588 = LINE('',#6589,#6590);
#6589 = CARTESIAN_POINT('',(-12.11955340958,2.414972966474));
#6590 = VECTOR('',#6591,1.);
#6591 = DIRECTION('',(1.,-0.));
#6592 = ( GEOMETRIC_REPRESENTATION_CONTEXT(2) 
PARAMETRIC_REPRESENTATION_CONTEXT() REPRESENTATION_CONTEXT('2D SPACE',''
  ) );
#6593 = ORIENTED_EDGE('',*,*,#4694,.T.);
#6594 = ORIENTED_EDGE('',*,*,#4273,.T.);
#6595 = ADVANCED_FACE('',(#6596),#3832,.F.);
#6596 = FACE_BOUND('',#6597,.T.);
#6597 = EDGE_LOOP('',(#6598,#6620,#6621,#6622));
#6598 = ORIENTED_EDGE('',*,*,#6599,.F.);
#6599 = EDGE_CURVE('',#4724,#3742,#6600,.T.);
#6600 = SURFACE_CURVE('',#6601,(#6606,#6613),.PCURVE_S1.);
#6601 = CIRCLE('',#6602,99.);
#6602 = AXIS2_PLACEMENT_3D('',#6603,#6604,#6605);
#6603 = CARTESIAN_POINT('',(0.,0.,355.76885745803));
#6604 = DIRECTION('',(0.,0.,-1.));
#6605 = DIRECTION('',(0.997919768364,-6.446809993103E-02,0.));
#6606 = PCURVE('',#3832,#6607);
#6607 = DEFINITIONAL_REPRESENTATION('',(#6608),#6612);
#6608 = LINE('',#6609,#6610);
#6609 = CARTESIAN_POINT('',(-12.10915869263,0.));
#6610 = VECTOR('',#6611,1.);
#6611 = DIRECTION('',(1.,-0.));
#6612 = ( GEOMETRIC_REPRESENTATION_CONTEXT(2) 
PARAMETRIC_REPRESENTATION_CONTEXT() REPRESENTATION_CONTEXT('2D SPACE',''
  ) );
#6613 = PCURVE('',#3779,#6614);
#6614 = DEFINITIONAL_REPRESENTATION('',(#6615),#6619);
#6615 = LINE('',#6616,#6617);
#6616 = CARTESIAN_POINT('',(-12.10915869263,2.462285083929));
#6617 = VECTOR('',#6618,1.);
#6618 = DIRECTION('',(1.,-0.));
#6619 = ( GEOMETRIC_REPRESENTATION_CONTEXT(2) 
PARAMETRIC_REPRESENTATION_CONTEXT() REPRESENTATION_CONTEXT('2D SPACE',''
  ) );
#6620 = ORIENTED_EDGE('',*,*,#4723,.T.);
#6621 = ORIENTED_EDGE('',*,*,#6572,.T.);
#6622 = ORIENTED_EDGE('',*,*,#3802,.T.);
#6623 = ADVANCED_FACE('',(#6624),#3779,.F.);
#6624 = FACE_BOUND('',#6625,.T.);
#6625 = EDGE_LOOP('',(#6626,#6648,#6649,#6650));
#6626 = ORIENTED_EDGE('',*,*,#6627,.F.);
#6627 = EDGE_CURVE('',#4780,#3681,#6628,.T.);
#6628 = SURFACE_CURVE('',#6629,(#6634,#6641),.PCURVE_S1.);
#6629 = CIRCLE('',#6630,99.);
#6630 = AXIS2_PLACEMENT_3D('',#6631,#6632,#6633);
#6631 = CARTESIAN_POINT('',(0.,0.,358.23114254196));
#6632 = DIRECTION('',(0.,0.,-1.));
#6633 = DIRECTION('',(0.997919768364,-6.446809993107E-02,0.));
#6634 = PCURVE('',#3779,#6635);
#6635 = DEFINITIONAL_REPRESENTATION('',(#6636),#6640);
#6636 = LINE('',#6637,#6638);
#6637 = CARTESIAN_POINT('',(-12.10915869263,0.));
#6638 = VECTOR('',#6639,1.);
#6639 = DIRECTION('',(1.,-0.));
#6640 = ( GEOMETRIC_REPRESENTATION_CONTEXT(2) 
PARAMETRIC_REPRESENTATION_CONTEXT() REPRESENTATION_CONTEXT('2D SPACE',''
  ) );
#6641 = PCURVE('',#3718,#6642);
#6642 = DEFINITIONAL_REPRESENTATION('',(#6643),#6647);
#6643 = LINE('',#6644,#6645);
#6644 = CARTESIAN_POINT('',(12.109158692639,-2.414972966474));
#6645 = VECTOR('',#6646,1.);
#6646 = DIRECTION('',(-1.,-0.));
#6647 = ( GEOMETRIC_REPRESENTATION_CONTEXT(2) 
PARAMETRIC_REPRESENTATION_CONTEXT() REPRESENTATION_CONTEXT('2D SPACE',''
  ) );
#6648 = ORIENTED_EDGE('',*,*,#4779,.T.);
#6649 = ORIENTED_EDGE('',*,*,#6599,.T.);
#6650 = ORIENTED_EDGE('',*,*,#3741,.T.);
#6651 = ADVANCED_FACE('',(#6652),#3718,.F.);
#6652 = FACE_BOUND('',#6653,.T.);
#6653 = EDGE_LOOP('',(#6654,#6655,#6656,#6657));
#6654 = ORIENTED_EDGE('',*,*,#4246,.F.);
#6655 = ORIENTED_EDGE('',*,*,#4823,.T.);
#6656 = ORIENTED_EDGE('',*,*,#6627,.T.);
#6657 = ORIENTED_EDGE('',*,*,#3680,.T.);
#6658 = ADVANCED_FACE('',(#6659),#5071,.F.);
#6659 = FACE_BOUND('',#6660,.T.);
#6660 = EDGE_LOOP('',(#6661,#6662,#6663,#6685));
#6661 = ORIENTED_EDGE('',*,*,#6154,.F.);
#6662 = ORIENTED_EDGE('',*,*,#5043,.T.);
#6663 = ORIENTED_EDGE('',*,*,#6664,.F.);
#6664 = EDGE_CURVE('',#5993,#5001,#6665,.T.);
#6665 = SURFACE_CURVE('',#6666,(#6671,#6678),.PCURVE_S1.);
#6666 = CIRCLE('',#6667,99.480367989919);
#6667 = AXIS2_PLACEMENT_3D('',#6668,#6669,#6670);
#6668 = CARTESIAN_POINT('',(0.,0.,353.35388449156));
#6669 = DIRECTION('',(0.,0.,-1.));
#6670 = DIRECTION('',(0.998535971747,-5.409171034045E-02,0.));
#6671 = PCURVE('',#5071,#6672);
#6672 = DEFINITIONAL_REPRESENTATION('',(#6673),#6677);
#6673 = LINE('',#6674,#6675);
#6674 = CARTESIAN_POINT('',(-12.11955340958,0.));
#6675 = VECTOR('',#6676,1.);
#6676 = DIRECTION('',(1.,-0.));
#6677 = ( GEOMETRIC_REPRESENTATION_CONTEXT(2) 
PARAMETRIC_REPRESENTATION_CONTEXT() REPRESENTATION_CONTEXT('2D SPACE',''
  ) );
#6678 = PCURVE('',#5026,#6679);
#6679 = DEFINITIONAL_REPRESENTATION('',(#6680),#6684);
#6680 = LINE('',#6681,#6682);
#6681 = CARTESIAN_POINT('',(-12.11955340958,2.414972966474));
#6682 = VECTOR('',#6683,1.);
#6683 = DIRECTION('',(1.,-0.));
#6684 = ( GEOMETRIC_REPRESENTATION_CONTEXT(2) 
PARAMETRIC_REPRESENTATION_CONTEXT() REPRESENTATION_CONTEXT('2D SPACE',''
  ) );
#6685 = ORIENTED_EDGE('',*,*,#5992,.T.);
#6686 = ADVANCED_FACE('',(#6687),#5026,.F.);
#6687 = FACE_BOUND('',#6688,.T.);
#6688 = EDGE_LOOP('',(#6689,#6711,#6712,#6713));
#6689 = ORIENTED_EDGE('',*,*,#6690,.F.);
#6690 = EDGE_CURVE('',#6034,#4952,#6691,.T.);
#6691 = SURFACE_CURVE('',#6692,(#6697,#6704),.PCURVE_S1.);
#6692 = CIRCLE('',#6693,99.);
#6693 = AXIS2_PLACEMENT_3D('',#6694,#6695,#6696);
#6694 = CARTESIAN_POINT('',(0.,0.,355.76885745803));
#6695 = DIRECTION('',(0.,0.,-1.));
#6696 = DIRECTION('',(0.997919768364,-6.446809993103E-02,0.));
#6697 = PCURVE('',#5026,#6698);
#6698 = DEFINITIONAL_REPRESENTATION('',(#6699),#6703);
#6699 = LINE('',#6700,#6701);
#6700 = CARTESIAN_POINT('',(-12.10915869263,0.));
#6701 = VECTOR('',#6702,1.);
#6702 = DIRECTION('',(1.,-0.));
#6703 = ( GEOMETRIC_REPRESENTATION_CONTEXT(2) 
PARAMETRIC_REPRESENTATION_CONTEXT() REPRESENTATION_CONTEXT('2D SPACE',''
  ) );
#6704 = PCURVE('',#4981,#6705);
#6705 = DEFINITIONAL_REPRESENTATION('',(#6706),#6710);
#6706 = LINE('',#6707,#6708);
#6707 = CARTESIAN_POINT('',(-12.10915869263,2.462285083929));
#6708 = VECTOR('',#6709,1.);
#6709 = DIRECTION('',(1.,-0.));
#6710 = ( GEOMETRIC_REPRESENTATION_CONTEXT(2) 
PARAMETRIC_REPRESENTATION_CONTEXT() REPRESENTATION_CONTEXT('2D SPACE',''
  ) );
#6711 = ORIENTED_EDGE('',*,*,#6033,.T.);
#6712 = ORIENTED_EDGE('',*,*,#6664,.T.);
#6713 = ORIENTED_EDGE('',*,*,#5000,.T.);
#6714 = ADVANCED_FACE('',(#6715),#4981,.F.);
#6715 = FACE_BOUND('',#6716,.T.);
#6716 = EDGE_LOOP('',(#6717,#6739,#6740,#6741));
#6717 = ORIENTED_EDGE('',*,*,#6718,.F.);
#6718 = EDGE_CURVE('',#6072,#4909,#6719,.T.);
#6719 = SURFACE_CURVE('',#6720,(#6725,#6732),.PCURVE_S1.);
#6720 = CIRCLE('',#6721,99.);
#6721 = AXIS2_PLACEMENT_3D('',#6722,#6723,#6724);
#6722 = CARTESIAN_POINT('',(0.,0.,358.23114254196));
#6723 = DIRECTION('',(0.,0.,-1.));
#6724 = DIRECTION('',(0.997919768364,-6.446809993107E-02,0.));
#6725 = PCURVE('',#4981,#6726);
#6726 = DEFINITIONAL_REPRESENTATION('',(#6727),#6731);
#6727 = LINE('',#6728,#6729);
#6728 = CARTESIAN_POINT('',(-12.10915869263,0.));
#6729 = VECTOR('',#6730,1.);
#6730 = DIRECTION('',(1.,-0.));
#6731 = ( GEOMETRIC_REPRESENTATION_CONTEXT(2) 
PARAMETRIC_REPRESENTATION_CONTEXT() REPRESENTATION_CONTEXT('2D SPACE',''
  ) );
#6732 = PCURVE('',#4934,#6733);
#6733 = DEFINITIONAL_REPRESENTATION('',(#6734),#6738);
#6734 = LINE('',#6735,#6736);
#6735 = CARTESIAN_POINT('',(12.109158692639,-2.414972966474));
#6736 = VECTOR('',#6737,1.);
#6737 = DIRECTION('',(-1.,-0.));
#6738 = ( GEOMETRIC_REPRESENTATION_CONTEXT(2) 
PARAMETRIC_REPRESENTATION_CONTEXT() REPRESENTATION_CONTEXT('2D SPACE',''
  ) );
#6739 = ORIENTED_EDGE('',*,*,#6071,.T.);
#6740 = ORIENTED_EDGE('',*,*,#6690,.T.);
#6741 = ORIENTED_EDGE('',*,*,#4951,.T.);
#6742 = ADVANCED_FACE('',(#6743),#4934,.F.);
#6743 = FACE_BOUND('',#6744,.T.);
#6744 = EDGE_LOOP('',(#6745,#6746,#6747,#6748));
#6745 = ORIENTED_EDGE('',*,*,#5298,.F.);
#6746 = ORIENTED_EDGE('',*,*,#6115,.T.);
#6747 = ORIENTED_EDGE('',*,*,#6718,.T.);
#6748 = ORIENTED_EDGE('',*,*,#4908,.T.);
#6749 = ADVANCED_FACE('',(#6750,#6753),#6543,.F.);
#6750 = FACE_BOUND('',#6751,.F.);
#6751 = EDGE_LOOP('',(#6752));
#6752 = ORIENTED_EDGE('',*,*,#6528,.T.);
#6753 = FACE_BOUND('',#6754,.F.);
#6754 = EDGE_LOOP('',(#6755,#6786,#6812,#6838));
#6755 = ORIENTED_EDGE('',*,*,#6756,.F.);
#6756 = EDGE_CURVE('',#6757,#6759,#6761,.T.);
#6757 = VERTEX_POINT('',#6758);
#6758 = CARTESIAN_POINT('',(20.124611797498,6.,344.));
#6759 = VERTEX_POINT('',#6760);
#6760 = CARTESIAN_POINT('',(20.124611797498,-6.,344.));
#6761 = SURFACE_CURVE('',#6762,(#6767,#6774),.PCURVE_S1.);
#6762 = CIRCLE('',#6763,21.);
#6763 = AXIS2_PLACEMENT_3D('',#6764,#6765,#6766);
#6764 = CARTESIAN_POINT('',(0.,0.,344.));
#6765 = DIRECTION('',(0.,0.,1.));
#6766 = DIRECTION('',(1.,0.,-0.));
#6767 = PCURVE('',#6543,#6768);
#6768 = DEFINITIONAL_REPRESENTATION('',(#6769),#6773);
#6769 = CIRCLE('',#6770,21.);
#6770 = AXIS2_PLACEMENT_2D('',#6771,#6772);
#6771 = CARTESIAN_POINT('',(0.,0.));
#6772 = DIRECTION('',(0.707106781187,-0.707106781187));
#6773 = ( GEOMETRIC_REPRESENTATION_CONTEXT(2) 
PARAMETRIC_REPRESENTATION_CONTEXT() REPRESENTATION_CONTEXT('2D SPACE',''
  ) );
#6774 = PCURVE('',#6775,#6780);
#6775 = CYLINDRICAL_SURFACE('',#6776,21.);
#6776 = AXIS2_PLACEMENT_3D('',#6777,#6778,#6779);
#6777 = CARTESIAN_POINT('',(0.,0.,324.));
#6778 = DIRECTION('',(0.,0.,1.));
#6779 = DIRECTION('',(1.,0.,-0.));
#6780 = DEFINITIONAL_REPRESENTATION('',(#6781),#6785);
#6781 = LINE('',#6782,#6783);
#6782 = CARTESIAN_POINT('',(0.,20.));
#6783 = VECTOR('',#6784,1.);
#6784 = DIRECTION('',(1.,0.));
#6785 = ( GEOMETRIC_REPRESENTATION_CONTEXT(2) 
PARAMETRIC_REPRESENTATION_CONTEXT() REPRESENTATION_CONTEXT('2D SPACE',''
  ) );
#6786 = ORIENTED_EDGE('',*,*,#6787,.F.);
#6787 = EDGE_CURVE('',#6788,#6757,#6790,.T.);
#6788 = VERTEX_POINT('',#6789);
#6789 = CARTESIAN_POINT('',(24.3,6.,344.));
#6790 = SURFACE_CURVE('',#6791,(#6795,#6801),.PCURVE_S1.);
#6791 = LINE('',#6792,#6793);
#6792 = CARTESIAN_POINT('',(10.,6.,344.));
#6793 = VECTOR('',#6794,1.);
#6794 = DIRECTION('',(-1.,-0.,0.));
#6795 = PCURVE('',#6543,#6796);
#6796 = DEFINITIONAL_REPRESENTATION('',(#6797),#6800);
#6797 = B_SPLINE_CURVE_WITH_KNOTS('',1,(#6798,#6799),.UNSPECIFIED.,.F.,
  .F.,(2,2),(-14.3,-10.),.PIECEWISE_BEZIER_KNOTS.);
#6798 = CARTESIAN_POINT('',(21.425335469952,-12.94005409571));
#6799 = CARTESIAN_POINT('',(18.38477631085,-9.899494936612));
#6800 = ( GEOMETRIC_REPRESENTATION_CONTEXT(2) 
PARAMETRIC_REPRESENTATION_CONTEXT() REPRESENTATION_CONTEXT('2D SPACE',''
  ) );
#6801 = PCURVE('',#6802,#6807);
#6802 = PLANE('',#6803);
#6803 = AXIS2_PLACEMENT_3D('',#6804,#6805,#6806);
#6804 = CARTESIAN_POINT('',(20.,6.,343.));
#6805 = DIRECTION('',(-0.,1.,0.));
#6806 = DIRECTION('',(0.,0.,1.));
#6807 = DEFINITIONAL_REPRESENTATION('',(#6808),#6811);
#6808 = B_SPLINE_CURVE_WITH_KNOTS('',1,(#6809,#6810),.UNSPECIFIED.,.F.,
  .F.,(2,2),(-14.3,-10.),.PIECEWISE_BEZIER_KNOTS.);
#6809 = CARTESIAN_POINT('',(1.,4.3));
#6810 = CARTESIAN_POINT('',(1.,0.));
#6811 = ( GEOMETRIC_REPRESENTATION_CONTEXT(2) 
PARAMETRIC_REPRESENTATION_CONTEXT() REPRESENTATION_CONTEXT('2D SPACE',''
  ) );
#6812 = ORIENTED_EDGE('',*,*,#6813,.F.);
#6813 = EDGE_CURVE('',#6814,#6788,#6816,.T.);
#6814 = VERTEX_POINT('',#6815);
#6815 = CARTESIAN_POINT('',(24.3,-6.,344.));
#6816 = SURFACE_CURVE('',#6817,(#6821,#6827),.PCURVE_S1.);
#6817 = LINE('',#6818,#6819);
#6818 = CARTESIAN_POINT('',(24.3,-3.,344.));
#6819 = VECTOR('',#6820,1.);
#6820 = DIRECTION('',(-0.,1.,0.));
#6821 = PCURVE('',#6543,#6822);
#6822 = DEFINITIONAL_REPRESENTATION('',(#6823),#6826);
#6823 = B_SPLINE_CURVE_WITH_KNOTS('',1,(#6824,#6825),.UNSPECIFIED.,.F.,
  .F.,(2,2),(-3.,9.),.PIECEWISE_BEZIER_KNOTS.);
#6824 = CARTESIAN_POINT('',(12.940054095714,-21.42533546995));
#6825 = CARTESIAN_POINT('',(21.425335469952,-12.94005409571));
#6826 = ( GEOMETRIC_REPRESENTATION_CONTEXT(2) 
PARAMETRIC_REPRESENTATION_CONTEXT() REPRESENTATION_CONTEXT('2D SPACE',''
  ) );
#6827 = PCURVE('',#6828,#6833);
#6828 = PLANE('',#6829);
#6829 = AXIS2_PLACEMENT_3D('',#6830,#6831,#6832);
#6830 = CARTESIAN_POINT('',(24.3,-6.,343.));
#6831 = DIRECTION('',(1.,0.,-0.));
#6832 = DIRECTION('',(0.,0.,1.));
#6833 = DEFINITIONAL_REPRESENTATION('',(#6834),#6837);
#6834 = B_SPLINE_CURVE_WITH_KNOTS('',1,(#6835,#6836),.UNSPECIFIED.,.F.,
  .F.,(2,2),(-3.,9.),.PIECEWISE_BEZIER_KNOTS.);
#6835 = CARTESIAN_POINT('',(1.,0.));
#6836 = CARTESIAN_POINT('',(1.,-12.));
#6837 = ( GEOMETRIC_REPRESENTATION_CONTEXT(2) 
PARAMETRIC_REPRESENTATION_CONTEXT() REPRESENTATION_CONTEXT('2D SPACE',''
  ) );
#6838 = ORIENTED_EDGE('',*,*,#6839,.T.);
#6839 = EDGE_CURVE('',#6814,#6759,#6840,.T.);
#6840 = SURFACE_CURVE('',#6841,(#6845,#6851),.PCURVE_S1.);
#6841 = LINE('',#6842,#6843);
#6842 = CARTESIAN_POINT('',(10.,-6.,344.));
#6843 = VECTOR('',#6844,1.);
#6844 = DIRECTION('',(-1.,-0.,0.));
#6845 = PCURVE('',#6543,#6846);
#6846 = DEFINITIONAL_REPRESENTATION('',(#6847),#6850);
#6847 = B_SPLINE_CURVE_WITH_KNOTS('',1,(#6848,#6849),.UNSPECIFIED.,.F.,
  .F.,(2,2),(-14.3,-10.),.PIECEWISE_BEZIER_KNOTS.);
#6848 = CARTESIAN_POINT('',(12.940054095714,-21.42533546995));
#6849 = CARTESIAN_POINT('',(9.899494936612,-18.38477631085));
#6850 = ( GEOMETRIC_REPRESENTATION_CONTEXT(2) 
PARAMETRIC_REPRESENTATION_CONTEXT() REPRESENTATION_CONTEXT('2D SPACE',''
  ) );
#6851 = PCURVE('',#6852,#6857);
#6852 = PLANE('',#6853);
#6853 = AXIS2_PLACEMENT_3D('',#6854,#6855,#6856);
#6854 = CARTESIAN_POINT('',(20.,-6.,343.));
#6855 = DIRECTION('',(-0.,1.,0.));
#6856 = DIRECTION('',(0.,0.,1.));
#6857 = DEFINITIONAL_REPRESENTATION('',(#6858),#6861);
#6858 = B_SPLINE_CURVE_WITH_KNOTS('',1,(#6859,#6860),.UNSPECIFIED.,.F.,
  .F.,(2,2),(-14.3,-10.),.PIECEWISE_BEZIER_KNOTS.);
#6859 = CARTESIAN_POINT('',(1.,4.3));
#6860 = CARTESIAN_POINT('',(1.,0.));
#6861 = ( GEOMETRIC_REPRESENTATION_CONTEXT(2) 
PARAMETRIC_REPRESENTATION_CONTEXT() REPRESENTATION_CONTEXT('2D SPACE',''
  ) );
#6862 = ADVANCED_FACE('',(#6863),#6515,.T.);
#6863 = FACE_BOUND('',#6864,.T.);
#6864 = EDGE_LOOP('',(#6865,#6888,#6889,#6890));
#6865 = ORIENTED_EDGE('',*,*,#6866,.F.);
#6866 = EDGE_CURVE('',#6478,#6867,#6869,.T.);
#6867 = VERTEX_POINT('',#6868);
#6868 = CARTESIAN_POINT('',(20.152543263817,20.152543263817,369.5));
#6869 = SEAM_CURVE('',#6870,(#6874,#6881),.PCURVE_S1.);
#6870 = LINE('',#6871,#6872);
#6871 = CARTESIAN_POINT('',(21.213203435596,21.213203435596,368.));
#6872 = VECTOR('',#6873,1.);
#6873 = DIRECTION('',(-0.5,-0.5,0.707106781187));
#6874 = PCURVE('',#6515,#6875);
#6875 = DEFINITIONAL_REPRESENTATION('',(#6876),#6880);
#6876 = LINE('',#6877,#6878);
#6877 = CARTESIAN_POINT('',(-0.,-0.));
#6878 = VECTOR('',#6879,1.);
#6879 = DIRECTION('',(-0.,-1.));
#6880 = ( GEOMETRIC_REPRESENTATION_CONTEXT(2) 
PARAMETRIC_REPRESENTATION_CONTEXT() REPRESENTATION_CONTEXT('2D SPACE',''
  ) );
#6881 = PCURVE('',#6515,#6882);
#6882 = DEFINITIONAL_REPRESENTATION('',(#6883),#6887);
#6883 = LINE('',#6884,#6885);
#6884 = CARTESIAN_POINT('',(-6.28318530718,-0.));
#6885 = VECTOR('',#6886,1.);
#6886 = DIRECTION('',(-0.,-1.));
#6887 = ( GEOMETRIC_REPRESENTATION_CONTEXT(2) 
PARAMETRIC_REPRESENTATION_CONTEXT() REPRESENTATION_CONTEXT('2D SPACE',''
  ) );
#6888 = ORIENTED_EDGE('',*,*,#6500,.T.);
#6889 = ORIENTED_EDGE('',*,*,#6866,.T.);
#6890 = ORIENTED_EDGE('',*,*,#6891,.F.);
#6891 = EDGE_CURVE('',#6867,#6867,#6892,.T.);
#6892 = SURFACE_CURVE('',#6893,(#6898,#6905),.PCURVE_S1.);
#6893 = CIRCLE('',#6894,28.5);
#6894 = AXIS2_PLACEMENT_3D('',#6895,#6896,#6897);
#6895 = CARTESIAN_POINT('',(0.,0.,369.5));
#6896 = DIRECTION('',(0.,-0.,1.));
#6897 = DIRECTION('',(0.707106781187,0.707106781187,0.));
#6898 = PCURVE('',#6515,#6899);
#6899 = DEFINITIONAL_REPRESENTATION('',(#6900),#6904);
#6900 = LINE('',#6901,#6902);
#6901 = CARTESIAN_POINT('',(-0.,-1.5));
#6902 = VECTOR('',#6903,1.);
#6903 = DIRECTION('',(-1.,-0.));
#6904 = ( GEOMETRIC_REPRESENTATION_CONTEXT(2) 
PARAMETRIC_REPRESENTATION_CONTEXT() REPRESENTATION_CONTEXT('2D SPACE',''
  ) );
#6905 = PCURVE('',#6906,#6911);
#6906 = PLANE('',#6907);
#6907 = AXIS2_PLACEMENT_3D('',#6908,#6909,#6910);
#6908 = CARTESIAN_POINT('',(0.,0.,369.5));
#6909 = DIRECTION('',(0.,0.,1.));
#6910 = DIRECTION('',(0.707106781187,0.707106781187,0.));
#6911 = DEFINITIONAL_REPRESENTATION('',(#6912),#6916);
#6912 = CIRCLE('',#6913,28.5);
#6913 = AXIS2_PLACEMENT_2D('',#6914,#6915);
#6914 = CARTESIAN_POINT('',(0.,0.));
#6915 = DIRECTION('',(1.,0.));
#6916 = ( GEOMETRIC_REPRESENTATION_CONTEXT(2) 
PARAMETRIC_REPRESENTATION_CONTEXT() REPRESENTATION_CONTEXT('2D SPACE',''
  ) );
#6917 = ADVANCED_FACE('',(#6918),#6775,.F.);
#6918 = FACE_BOUND('',#6919,.F.);
#6919 = EDGE_LOOP('',(#6920,#6946,#6965,#6966));
#6920 = ORIENTED_EDGE('',*,*,#6921,.F.);
#6921 = EDGE_CURVE('',#6922,#6924,#6926,.T.);
#6922 = VERTEX_POINT('',#6923);
#6923 = CARTESIAN_POINT('',(20.124611797498,6.,369.5));
#6924 = VERTEX_POINT('',#6925);
#6925 = CARTESIAN_POINT('',(20.124611797498,-6.,369.5));
#6926 = SURFACE_CURVE('',#6927,(#6932,#6939),.PCURVE_S1.);
#6927 = CIRCLE('',#6928,21.);
#6928 = AXIS2_PLACEMENT_3D('',#6929,#6930,#6931);
#6929 = CARTESIAN_POINT('',(0.,0.,369.5));
#6930 = DIRECTION('',(0.,0.,1.));
#6931 = DIRECTION('',(1.,0.,-0.));
#6932 = PCURVE('',#6775,#6933);
#6933 = DEFINITIONAL_REPRESENTATION('',(#6934),#6938);
#6934 = LINE('',#6935,#6936);
#6935 = CARTESIAN_POINT('',(0.,45.5));
#6936 = VECTOR('',#6937,1.);
#6937 = DIRECTION('',(1.,0.));
#6938 = ( GEOMETRIC_REPRESENTATION_CONTEXT(2) 
PARAMETRIC_REPRESENTATION_CONTEXT() REPRESENTATION_CONTEXT('2D SPACE',''
  ) );
#6939 = PCURVE('',#6906,#6940);
#6940 = DEFINITIONAL_REPRESENTATION('',(#6941),#6945);
#6941 = CIRCLE('',#6942,21.);
#6942 = AXIS2_PLACEMENT_2D('',#6943,#6944);
#6943 = CARTESIAN_POINT('',(0.,0.));
#6944 = DIRECTION('',(0.707106781187,-0.707106781187));
#6945 = ( GEOMETRIC_REPRESENTATION_CONTEXT(2) 
PARAMETRIC_REPRESENTATION_CONTEXT() REPRESENTATION_CONTEXT('2D SPACE',''
  ) );
#6946 = ORIENTED_EDGE('',*,*,#6947,.F.);
#6947 = EDGE_CURVE('',#6757,#6922,#6948,.T.);
#6948 = SURFACE_CURVE('',#6949,(#6953,#6959),.PCURVE_S1.);
#6949 = LINE('',#6950,#6951);
#6950 = CARTESIAN_POINT('',(20.124611797498,6.,324.));
#6951 = VECTOR('',#6952,1.);
#6952 = DIRECTION('',(0.,0.,1.));
#6953 = PCURVE('',#6775,#6954);
#6954 = DEFINITIONAL_REPRESENTATION('',(#6955),#6958);
#6955 = B_SPLINE_CURVE_WITH_KNOTS('',1,(#6956,#6957),.UNSPECIFIED.,.F.,
  .F.,(2,2),(19.9999994,45.5000006),.PIECEWISE_BEZIER_KNOTS.);
#6956 = CARTESIAN_POINT('',(0.289751701436,19.9999994));
#6957 = CARTESIAN_POINT('',(0.289751701436,45.5000006));
#6958 = ( GEOMETRIC_REPRESENTATION_CONTEXT(2) 
PARAMETRIC_REPRESENTATION_CONTEXT() REPRESENTATION_CONTEXT('2D SPACE',''
  ) );
#6959 = PCURVE('',#6802,#6960);
#6960 = DEFINITIONAL_REPRESENTATION('',(#6961),#6964);
#6961 = B_SPLINE_CURVE_WITH_KNOTS('',1,(#6962,#6963),.UNSPECIFIED.,.F.,
  .F.,(2,2),(19.9999994,45.5000006),.PIECEWISE_BEZIER_KNOTS.);
#6962 = CARTESIAN_POINT('',(0.9999994,0.124611797498));
#6963 = CARTESIAN_POINT('',(26.5000006,0.124611797498));
#6964 = ( GEOMETRIC_REPRESENTATION_CONTEXT(2) 
PARAMETRIC_REPRESENTATION_CONTEXT() REPRESENTATION_CONTEXT('2D SPACE',''
  ) );
#6965 = ORIENTED_EDGE('',*,*,#6756,.T.);
#6966 = ORIENTED_EDGE('',*,*,#6967,.T.);
#6967 = EDGE_CURVE('',#6759,#6924,#6968,.T.);
#6968 = SURFACE_CURVE('',#6969,(#6973,#6979),.PCURVE_S1.);
#6969 = LINE('',#6970,#6971);
#6970 = CARTESIAN_POINT('',(20.124611797498,-6.,324.));
#6971 = VECTOR('',#6972,1.);
#6972 = DIRECTION('',(0.,0.,1.));
#6973 = PCURVE('',#6775,#6974);
#6974 = DEFINITIONAL_REPRESENTATION('',(#6975),#6978);
#6975 = B_SPLINE_CURVE_WITH_KNOTS('',1,(#6976,#6977),.UNSPECIFIED.,.F.,
  .F.,(2,2),(19.9999994,45.5000006),.PIECEWISE_BEZIER_KNOTS.);
#6976 = CARTESIAN_POINT('',(5.993433605744,19.9999994));
#6977 = CARTESIAN_POINT('',(5.993433605744,45.5000006));
#6978 = ( GEOMETRIC_REPRESENTATION_CONTEXT(2) 
PARAMETRIC_REPRESENTATION_CONTEXT() REPRESENTATION_CONTEXT('2D SPACE',''
  ) );
#6979 = PCURVE('',#6852,#6980);
#6980 = DEFINITIONAL_REPRESENTATION('',(#6981),#6984);
#6981 = B_SPLINE_CURVE_WITH_KNOTS('',1,(#6982,#6983),.UNSPECIFIED.,.F.,
  .F.,(2,2),(19.9999994,45.5000006),.PIECEWISE_BEZIER_KNOTS.);
#6982 = CARTESIAN_POINT('',(0.9999994,0.124611797498));
#6983 = CARTESIAN_POINT('',(26.5000006,0.124611797498));
#6984 = ( GEOMETRIC_REPRESENTATION_CONTEXT(2) 
PARAMETRIC_REPRESENTATION_CONTEXT() REPRESENTATION_CONTEXT('2D SPACE',''
  ) );
#6985 = ADVANCED_FACE('',(#6986),#6852,.T.);
#6986 = FACE_BOUND('',#6987,.T.);
#6987 = EDGE_LOOP('',(#6988,#7011,#7012,#7013));
#6988 = ORIENTED_EDGE('',*,*,#6989,.F.);
#6989 = EDGE_CURVE('',#6814,#6990,#6992,.T.);
#6990 = VERTEX_POINT('',#6991);
#6991 = CARTESIAN_POINT('',(24.3,-6.,369.5));
#6992 = SURFACE_CURVE('',#6993,(#6997,#7004),.PCURVE_S1.);
#6993 = LINE('',#6994,#6995);
#6994 = CARTESIAN_POINT('',(24.3,-6.,343.));
#6995 = VECTOR('',#6996,1.);
#6996 = DIRECTION('',(0.,0.,1.));
#6997 = PCURVE('',#6852,#6998);
#6998 = DEFINITIONAL_REPRESENTATION('',(#6999),#7003);
#6999 = LINE('',#7000,#7001);
#7000 = CARTESIAN_POINT('',(0.,4.3));
#7001 = VECTOR('',#7002,1.);
#7002 = DIRECTION('',(1.,0.));
#7003 = ( GEOMETRIC_REPRESENTATION_CONTEXT(2) 
PARAMETRIC_REPRESENTATION_CONTEXT() REPRESENTATION_CONTEXT('2D SPACE',''
  ) );
#7004 = PCURVE('',#6828,#7005);
#7005 = DEFINITIONAL_REPRESENTATION('',(#7006),#7010);
#7006 = LINE('',#7007,#7008);
#7007 = CARTESIAN_POINT('',(0.,0.));
#7008 = VECTOR('',#7009,1.);
#7009 = DIRECTION('',(1.,0.));
#7010 = ( GEOMETRIC_REPRESENTATION_CONTEXT(2) 
PARAMETRIC_REPRESENTATION_CONTEXT() REPRESENTATION_CONTEXT('2D SPACE',''
  ) );
#7011 = ORIENTED_EDGE('',*,*,#6839,.T.);
#7012 = ORIENTED_EDGE('',*,*,#6967,.T.);
#7013 = ORIENTED_EDGE('',*,*,#7014,.F.);
#7014 = EDGE_CURVE('',#6990,#6924,#7015,.T.);
#7015 = SURFACE_CURVE('',#7016,(#7020,#7026),.PCURVE_S1.);
#7016 = LINE('',#7017,#7018);
#7017 = CARTESIAN_POINT('',(10.,-6.,369.5));
#7018 = VECTOR('',#7019,1.);
#7019 = DIRECTION('',(-1.,-0.,0.));
#7020 = PCURVE('',#6852,#7021);
#7021 = DEFINITIONAL_REPRESENTATION('',(#7022),#7025);
#7022 = B_SPLINE_CURVE_WITH_KNOTS('',1,(#7023,#7024),.UNSPECIFIED.,.F.,
  .F.,(2,2),(-14.3,-10.),.PIECEWISE_BEZIER_KNOTS.);
#7023 = CARTESIAN_POINT('',(26.5,4.3));
#7024 = CARTESIAN_POINT('',(26.5,0.));
#7025 = ( GEOMETRIC_REPRESENTATION_CONTEXT(2) 
PARAMETRIC_REPRESENTATION_CONTEXT() REPRESENTATION_CONTEXT('2D SPACE',''
  ) );
#7026 = PCURVE('',#6906,#7027);
#7027 = DEFINITIONAL_REPRESENTATION('',(#7028),#7031);
#7028 = B_SPLINE_CURVE_WITH_KNOTS('',1,(#7029,#7030),.UNSPECIFIED.,.F.,
  .F.,(2,2),(-14.3,-10.),.PIECEWISE_BEZIER_KNOTS.);
#7029 = CARTESIAN_POINT('',(12.940054095714,-21.42533546995));
#7030 = CARTESIAN_POINT('',(9.899494936612,-18.38477631085));
#7031 = ( GEOMETRIC_REPRESENTATION_CONTEXT(2) 
PARAMETRIC_REPRESENTATION_CONTEXT() REPRESENTATION_CONTEXT('2D SPACE',''
  ) );
#7032 = ADVANCED_FACE('',(#7033),#6828,.F.);
#7033 = FACE_BOUND('',#7034,.F.);
#7034 = EDGE_LOOP('',(#7035,#7036,#7037,#7060));
#7035 = ORIENTED_EDGE('',*,*,#6989,.F.);
#7036 = ORIENTED_EDGE('',*,*,#6813,.T.);
#7037 = ORIENTED_EDGE('',*,*,#7038,.T.);
#7038 = EDGE_CURVE('',#6788,#7039,#7041,.T.);
#7039 = VERTEX_POINT('',#7040);
#7040 = CARTESIAN_POINT('',(24.3,6.,369.5));
#7041 = SURFACE_CURVE('',#7042,(#7046,#7053),.PCURVE_S1.);
#7042 = LINE('',#7043,#7044);
#7043 = CARTESIAN_POINT('',(24.3,6.,343.));
#7044 = VECTOR('',#7045,1.);
#7045 = DIRECTION('',(0.,0.,1.));
#7046 = PCURVE('',#6828,#7047);
#7047 = DEFINITIONAL_REPRESENTATION('',(#7048),#7052);
#7048 = LINE('',#7049,#7050);
#7049 = CARTESIAN_POINT('',(0.,-12.));
#7050 = VECTOR('',#7051,1.);
#7051 = DIRECTION('',(1.,0.));
#7052 = ( GEOMETRIC_REPRESENTATION_CONTEXT(2) 
PARAMETRIC_REPRESENTATION_CONTEXT() REPRESENTATION_CONTEXT('2D SPACE',''
  ) );
#7053 = PCURVE('',#6802,#7054);
#7054 = DEFINITIONAL_REPRESENTATION('',(#7055),#7059);
#7055 = LINE('',#7056,#7057);
#7056 = CARTESIAN_POINT('',(0.,4.3));
#7057 = VECTOR('',#7058,1.);
#7058 = DIRECTION('',(1.,0.));
#7059 = ( GEOMETRIC_REPRESENTATION_CONTEXT(2) 
PARAMETRIC_REPRESENTATION_CONTEXT() REPRESENTATION_CONTEXT('2D SPACE',''
  ) );
#7060 = ORIENTED_EDGE('',*,*,#7061,.F.);
#7061 = EDGE_CURVE('',#6990,#7039,#7062,.T.);
#7062 = SURFACE_CURVE('',#7063,(#7067,#7073),.PCURVE_S1.);
#7063 = LINE('',#7064,#7065);
#7064 = CARTESIAN_POINT('',(24.3,-3.,369.5));
#7065 = VECTOR('',#7066,1.);
#7066 = DIRECTION('',(-0.,1.,0.));
#7067 = PCURVE('',#6828,#7068);
#7068 = DEFINITIONAL_REPRESENTATION('',(#7069),#7072);
#7069 = B_SPLINE_CURVE_WITH_KNOTS('',1,(#7070,#7071),.UNSPECIFIED.,.F.,
  .F.,(2,2),(-3.,9.),.PIECEWISE_BEZIER_KNOTS.);
#7070 = CARTESIAN_POINT('',(26.5,0.));
#7071 = CARTESIAN_POINT('',(26.5,-12.));
#7072 = ( GEOMETRIC_REPRESENTATION_CONTEXT(2) 
PARAMETRIC_REPRESENTATION_CONTEXT() REPRESENTATION_CONTEXT('2D SPACE',''
  ) );
#7073 = PCURVE('',#6906,#7074);
#7074 = DEFINITIONAL_REPRESENTATION('',(#7075),#7078);
#7075 = B_SPLINE_CURVE_WITH_KNOTS('',1,(#7076,#7077),.UNSPECIFIED.,.F.,
  .F.,(2,2),(-3.,9.),.PIECEWISE_BEZIER_KNOTS.);
#7076 = CARTESIAN_POINT('',(12.940054095714,-21.42533546995));
#7077 = CARTESIAN_POINT('',(21.425335469952,-12.94005409571));
#7078 = ( GEOMETRIC_REPRESENTATION_CONTEXT(2) 
PARAMETRIC_REPRESENTATION_CONTEXT() REPRESENTATION_CONTEXT('2D SPACE',''
  ) );
#7079 = ADVANCED_FACE('',(#7080),#6802,.F.);
#7080 = FACE_BOUND('',#7081,.F.);
#7081 = EDGE_LOOP('',(#7082,#7083,#7084,#7085));
#7082 = ORIENTED_EDGE('',*,*,#7038,.F.);
#7083 = ORIENTED_EDGE('',*,*,#6787,.T.);
#7084 = ORIENTED_EDGE('',*,*,#6947,.T.);
#7085 = ORIENTED_EDGE('',*,*,#7086,.F.);
#7086 = EDGE_CURVE('',#7039,#6922,#7087,.T.);
#7087 = SURFACE_CURVE('',#7088,(#7092,#7098),.PCURVE_S1.);
#7088 = LINE('',#7089,#7090);
#7089 = CARTESIAN_POINT('',(10.,6.,369.5));
#7090 = VECTOR('',#7091,1.);
#7091 = DIRECTION('',(-1.,-0.,0.));
#7092 = PCURVE('',#6802,#7093);
#7093 = DEFINITIONAL_REPRESENTATION('',(#7094),#7097);
#7094 = B_SPLINE_CURVE_WITH_KNOTS('',1,(#7095,#7096),.UNSPECIFIED.,.F.,
  .F.,(2,2),(-14.3,-10.),.PIECEWISE_BEZIER_KNOTS.);
#7095 = CARTESIAN_POINT('',(26.5,4.3));
#7096 = CARTESIAN_POINT('',(26.5,0.));
#7097 = ( GEOMETRIC_REPRESENTATION_CONTEXT(2) 
PARAMETRIC_REPRESENTATION_CONTEXT() REPRESENTATION_CONTEXT('2D SPACE',''
  ) );
#7098 = PCURVE('',#6906,#7099);
#7099 = DEFINITIONAL_REPRESENTATION('',(#7100),#7103);
#7100 = B_SPLINE_CURVE_WITH_KNOTS('',1,(#7101,#7102),.UNSPECIFIED.,.F.,
  .F.,(2,2),(-14.3,-10.),.PIECEWISE_BEZIER_KNOTS.);
#7101 = CARTESIAN_POINT('',(21.425335469952,-12.94005409571));
#7102 = CARTESIAN_POINT('',(18.38477631085,-9.899494936612));
#7103 = ( GEOMETRIC_REPRESENTATION_CONTEXT(2) 
PARAMETRIC_REPRESENTATION_CONTEXT() REPRESENTATION_CONTEXT('2D SPACE',''
  ) );
#7104 = ADVANCED_FACE('',(#7105,#7108),#6906,.T.);
#7105 = FACE_BOUND('',#7106,.T.);
#7106 = EDGE_LOOP('',(#7107));
#7107 = ORIENTED_EDGE('',*,*,#6891,.T.);
#7108 = FACE_BOUND('',#7109,.T.);
#7109 = EDGE_LOOP('',(#7110,#7111,#7112,#7113));
#7110 = ORIENTED_EDGE('',*,*,#6921,.F.);
#7111 = ORIENTED_EDGE('',*,*,#7086,.F.);
#7112 = ORIENTED_EDGE('',*,*,#7061,.F.);
#7113 = ORIENTED_EDGE('',*,*,#7014,.T.);
#7114 = ( GEOMETRIC_REPRESENTATION_CONTEXT(3) 
GLOBAL_UNCERTAINTY_ASSIGNED_CONTEXT((#7118)) 
GLOBAL_UNIT_ASSIGNED_CONTEXT((#7115,#7116,#7117)) REPRESENTATION_CONTEXT
('Context #1','3D Context with UNIT and UNCERTAINTY') );
#7115 = ( LENGTH_UNIT() NAMED_UNIT(*) SI_UNIT(.MILLI.,.METRE.) );
#7116 = ( NAMED_UNIT(*) PLANE_ANGLE_UNIT() SI_UNIT($,.RADIAN.) );
#7117 = ( NAMED_UNIT(*) SI_UNIT($,.STERADIAN.) SOLID_ANGLE_UNIT() );
#7118 = UNCERTAINTY_MEASURE_WITH_UNIT(LENGTH_MEASURE(1.E-07),#7115,
  'distance_accuracy_value','confusion accuracy');
#7119 = PRODUCT_RELATED_PRODUCT_CATEGORY('part',$,(#7));
ENDSEC;
END-ISO-10303-21;
