ISO-10303-21;
HEADER;
FILE_DESCRIPTION(('Open CASCADE Model'),'2;1');
FILE_NAME('Open CASCADE Shape Model','2026-09-23T09:52:57',('Author'),(
    'Open CASCADE'),'Open CASCADE STEP processor 7.9','Open CASCADE 7.9'
  ,'Unknown');
FILE_SCHEMA(('AUTOMOTIVE_DESIGN { 1 0 10303 214 1 1 1 1 }'));
ENDSEC;
DATA;
#1 = APPLICATION_PROTOCOL_DEFINITION('international standard',
  'automotive_design',2000,#2);
#2 = APPLICATION_CONTEXT(
  'core data for automotive mechanical design processes');
#3 = SHAPE_DEFINITION_REPRESENTATION(#4,#10);
#4 = PRODUCT_DEFINITION_SHAPE('','',#5);
#5 = PRODUCT_DEFINITION('design','',#6,#9);
#6 = PRODUCT_DEFINITION_FORMATION('','',#7);
#7 = PRODUCT('Open CASCADE STEP translator 7.9 42',
  'Open CASCADE STEP translator 7.9 42','',(#8));
#8 = PRODUCT_CONTEXT('',#2,'mechanical');
#9 = PRODUCT_DEFINITION_CONTEXT('part definition',#2,'design');
#10 = ADVANCED_BREP_SHAPE_REPRESENTATION('',(#11,#15),#7310);
#11 = AXIS2_PLACEMENT_3D('',#12,#13,#14);
#12 = CARTESIAN_POINT('',(0.,0.,0.));
#13 = DIRECTION('',(0.,0.,1.));
#14 = DIRECTION('',(1.,0.,-0.));
#15 = MANIFOLD_SOLID_BREP('',#16);
#16 = CLOSED_SHELL('',(#17,#589,#766,#930,#1078,#1216,#1269,#1525,#1572,
    #1792,#1839,#2311,#2365,#3314,#4104,#4439,#4464,#4546,#4571,#4598,
    #4623,#4648,#4675,#4700,#4727,#4734,#4761,#4786,#4813,#4840,#4865,
    #4892,#4917,#5313,#5360,#5722,#5749,#5774,#5801,#5828,#5853,#5860,
    #5917,#6036,#6091,#6213,#6278,#6304,#6532,#6579,#6754,#6781,#6859,
    #6864,#6946,#6989,#7016,#7041,#7048,#7073,#7100,#7107,#7111,#7199,
    #7300,#7306));
#17 = ADVANCED_FACE('',(#18),#33,.T.);
#18 = FACE_BOUND('',#19,.T.);
#19 = EDGE_LOOP('',(#20,#60,#169,#195,#224,#250,#279,#305,#334,#367,#462
    ,#494));
#20 = ORIENTED_EDGE('',*,*,#21,.F.);
#21 = EDGE_CURVE('',#22,#24,#26,.T.);
#22 = VERTEX_POINT('',#23);
#23 = CARTESIAN_POINT('',(-18.37344552638,-55.5397740327,-42.39425335212
    ));
#24 = VERTEX_POINT('',#25);
#25 = CARTESIAN_POINT('',(-21.01819237691,-54.59382372766,
    -18.04894486646));
#26 = SURFACE_CURVE('',#27,(#32,#48),.PCURVE_S1.);
#27 = ELLIPSE('',#28,541.66989809863,58.5);
#28 = AXIS2_PLACEMENT_3D('',#29,#30,#31);
#29 = CARTESIAN_POINT('',(0.,0.,-211.5246936416));
#30 = DIRECTION('',(-0.994150963972,0.,-0.107999355706));
#31 = DIRECTION('',(-0.107999355706,0.,0.994150963972));
#32 = PCURVE('',#33,#38);
#33 = CYLINDRICAL_SURFACE('',#34,58.5);
#34 = AXIS2_PLACEMENT_3D('',#35,#36,#37);
#35 = CARTESIAN_POINT('',(0.,0.,-100.));
#36 = DIRECTION('',(0.,0.,1.));
#37 = DIRECTION('',(1.,0.,-0.));
#38 = DEFINITIONAL_REPRESENTATION('',(#39),#47);
#39 = B_SPLINE_CURVE_WITH_KNOTS('',6,(#40,#41,#42,#43,#44,#45,#46),
  .UNSPECIFIED.,.F.,.F.,(7,7),(4.998784331819,5.249926103026),
  .PIECEWISE_BEZIER_KNOTS.);
#40 = CARTESIAN_POINT('',(4.42599362895,40.5999994));
#41 = CARTESIAN_POINT('',(4.384136667082,62.221950582194));
#42 = CARTESIAN_POINT('',(4.342279705215,83.5240738142));
#43 = CARTESIAN_POINT('',(4.300422743347,104.4381821693));
#44 = CARTESIAN_POINT('',(4.258565781479,124.89776852347));
#45 = CARTESIAN_POINT('',(4.216708819611,144.8387272122));
#46 = CARTESIAN_POINT('',(4.174851857744,164.2000006));
#47 = ( GEOMETRIC_REPRESENTATION_CONTEXT(2) 
PARAMETRIC_REPRESENTATION_CONTEXT() REPRESENTATION_CONTEXT('2D SPACE',''
  ) );
#48 = PCURVE('',#49,#54);
#49 = PLANE('',#50);
#50 = AXIS2_PLACEMENT_3D('',#51,#52,#53);
#51 = CARTESIAN_POINT('',(4.649578689403,-200.,-254.3247928266));
#52 = DIRECTION('',(-0.994150963972,-0.,-0.107999355706));
#53 = DIRECTION('',(0.107999355706,0.,-0.994150963972));
#54 = DEFINITIONAL_REPRESENTATION('',(#55),#59);
#55 = ELLIPSE('',#56,541.66989809863,58.5);
#56 = AXIS2_PLACEMENT_2D('',#57,#58);
#57 = CARTESIAN_POINT('',(-43.05191136565,-200.));
#58 = DIRECTION('',(-1.,0.));
#59 = ( GEOMETRIC_REPRESENTATION_CONTEXT(2) 
PARAMETRIC_REPRESENTATION_CONTEXT() REPRESENTATION_CONTEXT('2D SPACE',''
  ) );
#60 = ORIENTED_EDGE('',*,*,#61,.T.);
#61 = EDGE_CURVE('',#22,#62,#64,.T.);
#62 = VERTEX_POINT('',#63);
#63 = CARTESIAN_POINT('',(-11.1,-57.43727012731,-37.31418957604));
#64 = SURFACE_CURVE('',#65,(#96,#130),.PCURVE_S1.);
#65 = B_SPLINE_CURVE_WITH_KNOTS('',8,(#66,#67,#68,#69,#70,#71,#72,#73,
    #74,#75,#76,#77,#78,#79,#80,#81,#82,#83,#84,#85,#86,#87,#88,#89,#90,
    #91,#92,#93,#94,#95),.UNSPECIFIED.,.F.,.F.,(9,7,7,7,9),(0.,
    0.151320545135,0.293493179023,0.668859493385,1.),.UNSPECIFIED.);
#66 = CARTESIAN_POINT('',(-51.08815909777,-28.5,-59.4));
#67 = CARTESIAN_POINT('',(-50.32308738161,-29.87144230023,-59.4));
#68 = CARTESIAN_POINT('',(-49.52609584316,-31.20120815337,
    -59.32834846785));
#69 = CARTESIAN_POINT('',(-48.70093638763,-32.48716703348,
    -59.19266600218));
#70 = CARTESIAN_POINT('',(-47.85138733093,-33.7278984169,-58.99991524766
    ));
#71 = CARTESIAN_POINT('',(-46.98117218478,-34.9225388196,-58.7564989242)
  );
#72 = CARTESIAN_POINT('',(-46.09391197123,-36.0706757506,-58.46832421863
    ));
#73 = CARTESIAN_POINT('',(-45.19309610692,-37.17227159751,
    -58.14084687559));
#74 = CARTESIAN_POINT('',(-43.42609352602,-39.2191306178,-57.43923826549
    ));
#75 = CARTESIAN_POINT('',(-42.55950904564,-40.1716679676,-57.06849046721
    ));
#76 = CARTESIAN_POINT('',(-41.68406399361,-41.08626805552,
    -56.67047274896));
#77 = CARTESIAN_POINT('',(-40.8012282138,-41.96415910369,-56.24828795051
    ));
#78 = CARTESIAN_POINT('',(-39.91217137734,-42.80669074589,
    -55.80457688832));
#79 = CARTESIAN_POINT('',(-39.01775924868,-43.61528849166,
    -55.34155508901));
#80 = CARTESIAN_POINT('',(-38.11855569731,-44.39141391897,
    -54.86104330013));
#81 = CARTESIAN_POINT('',(-34.82880155403,-47.10379878918,-53.0534890234
    ));
#82 = CARTESIAN_POINT('',(-32.40388120174,-48.86099042423,
    -51.62662846183));
#83 = CARTESIAN_POINT('',(-29.95741129495,-50.42220914068,
    -50.11639054244));
#84 = CARTESIAN_POINT('',(-27.50069295074,-51.80280434675,
    -48.54533033143));
#85 = CARTESIAN_POINT('',(-25.03942533996,-53.01754961143,
    -46.92858604872));
#86 = CARTESIAN_POINT('',(-22.5743782596,-54.07961234415,-45.27520520051
    ));
#87 = CARTESIAN_POINT('',(-20.10196300173,-54.99965886994,
    -43.58930968672));
#88 = CARTESIAN_POINT('',(-15.42115198859,-56.47770527139,
    -40.35559699209));
#89 = CARTESIAN_POINT('',(-13.22240240478,-57.06355893303,
    -38.81935870941));
#90 = CARTESIAN_POINT('',(-11.02095536828,-57.54637249878,
    -37.26780228741));
#91 = CARTESIAN_POINT('',(-8.818146192245,-57.92935750212,
    -35.70506239595));
#92 = CARTESIAN_POINT('',(-6.614642679227,-58.21499143535,
    -34.13440672419));
#93 = CARTESIAN_POINT('',(-4.410602463505,-58.40494300379,-32.5584966922
    ));
#94 = CARTESIAN_POINT('',(-2.205839542878,-58.50000002886,
    -30.97963499798));
#95 = CARTESIAN_POINT('',(-1.42108547152E-14,-58.5,-29.4));
#96 = PCURVE('',#33,#97);
#97 = DEFINITIONAL_REPRESENTATION('',(#98),#129);
#98 = B_SPLINE_CURVE_WITH_KNOTS('',8,(#99,#100,#101,#102,#103,#104,#105,
    #106,#107,#108,#109,#110,#111,#112,#113,#114,#115,#116,#117,#118,
    #119,#120,#121,#122,#123,#124,#125,#126,#127,#128),.UNSPECIFIED.,.F.
  ,.F.,(9,7,7,7,9),(0.,0.151320545135,0.293493179023,0.668859493385,1.),
  .UNSPECIFIED.);
#99 = CARTESIAN_POINT('',(3.650449774901,40.6));
#100 = CARTESIAN_POINT('',(3.67729439652,40.6));
#101 = CARTESIAN_POINT('',(3.703782685369,40.671651532148));
#102 = CARTESIAN_POINT('',(3.729881072739,40.807333997814));
#103 = CARTESIAN_POINT('',(3.755563069568,41.000084752335));
#104 = CARTESIAN_POINT('',(3.780807045998,41.243501075798));
#105 = CARTESIAN_POINT('',(3.805594911468,41.53167578137));
#106 = CARTESIAN_POINT('',(3.82991135849,41.859153124408));
#107 = CARTESIAN_POINT('',(3.876134573122,42.560761734504));
#108 = CARTESIAN_POINT('',(3.898139907193,42.931509532781));
#109 = CARTESIAN_POINT('',(3.919770439917,43.329527251039));
#110 = CARTESIAN_POINT('',(3.941040265634,43.751712049489));
#111 = CARTESIAN_POINT('',(3.961966280212,44.195423111676));
#112 = CARTESIAN_POINT('',(3.982568035053,44.658444910983));
#113 = CARTESIAN_POINT('',(4.002867633483,45.138956699865));
#114 = CARTESIAN_POINT('',(4.075752148528,46.946510976596));
#115 = CARTESIAN_POINT('',(4.126843119438,48.373371538162));
#116 = CARTESIAN_POINT('',(4.176312337285,49.883609457548));
#117 = CARTESIAN_POINT('',(4.224339347024,51.454669668573));
#118 = CARTESIAN_POINT('',(4.271128828264,53.071413951267));
#119 = CARTESIAN_POINT('',(4.316912410523,54.724794799488));
#120 = CARTESIAN_POINT('',(4.361950092867,56.410690313278));
#121 = CARTESIAN_POINT('',(4.445858236058,59.644403007902));
#122 = CARTESIAN_POINT('',(4.484714832855,61.180641290588));
#123 = CARTESIAN_POINT('',(4.523177692559,62.732197712583));
#124 = CARTESIAN_POINT('',(4.561325004661,64.294937604045));
#125 = CARTESIAN_POINT('',(4.599236485516,65.865593275803));
#126 = CARTESIAN_POINT('',(4.636994051782,67.441503307794));
#127 = CARTESIAN_POINT('',(4.674682326866,69.020365002019));
#128 = CARTESIAN_POINT('',(4.712388980385,70.6));
#129 = ( GEOMETRIC_REPRESENTATION_CONTEXT(2) 
PARAMETRIC_REPRESENTATION_CONTEXT() REPRESENTATION_CONTEXT('2D SPACE',''
  ) );
#130 = PCURVE('',#131,#136);
#131 = CYLINDRICAL_SURFACE('',#132,30.);
#132 = AXIS2_PLACEMENT_3D('',#133,#134,#135);
#133 = CARTESIAN_POINT('',(-100.,-28.5,-29.4));
#134 = DIRECTION('',(-1.,-0.,-0.));
#135 = DIRECTION('',(0.,-1.,-2.368475785867E-16));
#136 = DEFINITIONAL_REPRESENTATION('',(#137),#168);
#137 = B_SPLINE_CURVE_WITH_KNOTS('',8,(#138,#139,#140,#141,#142,#143,
    #144,#145,#146,#147,#148,#149,#150,#151,#152,#153,#154,#155,#156,
    #157,#158,#159,#160,#161,#162,#163,#164,#165,#166,#167),
  .UNSPECIFIED.,.F.,.F.,(9,7,7,7,9),(0.,0.151320545135,0.293493179023,
    0.668859493385,1.),.UNSPECIFIED.);
#138 = CARTESIAN_POINT('',(-1.570796326795,-48.91184090222));
#139 = CARTESIAN_POINT('',(-1.525081583454,-49.67691261838));
#140 = CARTESIAN_POINT('',(-1.480756051767,-50.47390415684));
#141 = CARTESIAN_POINT('',(-1.437745190576,-51.29906361236));
#142 = CARTESIAN_POINT('',(-1.395987873264,-52.14861266906));
#143 = CARTESIAN_POINT('',(-1.35543278037,-53.01882781521));
#144 = CARTESIAN_POINT('',(-1.316036240441,-53.90608802876));
#145 = CARTESIAN_POINT('',(-1.277760824858,-54.80690389307));
#146 = CARTESIAN_POINT('',(-1.205635266969,-56.57390647397));
#147 = CARTESIAN_POINT('',(-1.171592316548,-57.44049095435));
#148 = CARTESIAN_POINT('',(-1.138385914777,-58.31593600639));
#149 = CARTESIAN_POINT('',(-1.105959797559,-59.19877178619));
#150 = CARTESIAN_POINT('',(-1.074259379353,-60.08782862265));
#151 = CARTESIAN_POINT('',(-1.043230763977,-60.98224075132));
#152 = CARTESIAN_POINT('',(-1.012820059926,-61.88144430268));
#153 = CARTESIAN_POINT('',(-0.904170346794,-65.17119844596));
#154 = CARTESIAN_POINT('',(-0.82905321312,-67.59611879828));
#155 = CARTESIAN_POINT('',(-0.757085244235,-70.04258870495));
#156 = CARTESIAN_POINT('',(-0.687804305633,-72.49930704938));
#157 = CARTESIAN_POINT('',(-0.620770648042,-74.96057465994));
#158 = CARTESIAN_POINT('',(-0.555548464721,-77.42562174042));
#159 = CARTESIAN_POINT('',(-0.491688799791,-79.89803699826));
#160 = CARTESIAN_POINT('',(-0.373172420444,-84.57884801141));
#161 = CARTESIAN_POINT('',(-0.318480709591,-86.77759759521));
#162 = CARTESIAN_POINT('',(-0.26449142552,-88.97904463171));
#163 = CARTESIAN_POINT('',(-0.211057615075,-91.18185380775));
#164 = CARTESIAN_POINT('',(-0.158035929514,-93.38535732077));
#165 = CARTESIAN_POINT('',(-0.105283316811,-95.58939753649));
#166 = CARTESIAN_POINT('',(-5.265446549272E-02,-97.79416045712));
#167 = CARTESIAN_POINT('',(0.,-100.));
#168 = ( GEOMETRIC_REPRESENTATION_CONTEXT(2) 
PARAMETRIC_REPRESENTATION_CONTEXT() REPRESENTATION_CONTEXT('2D SPACE',''
  ) );
#169 = ORIENTED_EDGE('',*,*,#170,.T.);
#170 = EDGE_CURVE('',#62,#171,#173,.T.);
#171 = VERTEX_POINT('',#172);
#172 = CARTESIAN_POINT('',(-11.1,-57.43727013011,45.2));
#173 = SURFACE_CURVE('',#174,(#178,#184),.PCURVE_S1.);
#174 = LINE('',#175,#176);
#175 = CARTESIAN_POINT('',(-11.1,-57.43727013011,-100.));
#176 = VECTOR('',#177,1.);
#177 = DIRECTION('',(0.,0.,1.));
#178 = PCURVE('',#33,#179);
#179 = DEFINITIONAL_REPRESENTATION('',(#180),#183);
#180 = B_SPLINE_CURVE_WITH_KNOTS('',1,(#181,#182),.UNSPECIFIED.,.F.,.F.,
  (2,2),(57.605746046071,164.2000006),.PIECEWISE_BEZIER_KNOTS.);
#181 = CARTESIAN_POINT('',(4.52148799492,57.605746046071));
#182 = CARTESIAN_POINT('',(4.52148799492,164.2000006));
#183 = ( GEOMETRIC_REPRESENTATION_CONTEXT(2) 
PARAMETRIC_REPRESENTATION_CONTEXT() REPRESENTATION_CONTEXT('2D SPACE',''
  ) );
#184 = PCURVE('',#185,#190);
#185 = PLANE('',#186);
#186 = AXIS2_PLACEMENT_3D('',#187,#188,#189);
#187 = CARTESIAN_POINT('',(-11.1,-80.,-100.));
#188 = DIRECTION('',(1.,0.,-0.));
#189 = DIRECTION('',(0.,0.,1.));
#190 = DEFINITIONAL_REPRESENTATION('',(#191),#194);
#191 = B_SPLINE_CURVE_WITH_KNOTS('',1,(#192,#193),.UNSPECIFIED.,.F.,.F.,
  (2,2),(57.605746046071,164.2000006),.PIECEWISE_BEZIER_KNOTS.);
#192 = CARTESIAN_POINT('',(57.605746046071,-22.56272986988));
#193 = CARTESIAN_POINT('',(164.2000006,-22.56272986988));
#194 = ( GEOMETRIC_REPRESENTATION_CONTEXT(2) 
PARAMETRIC_REPRESENTATION_CONTEXT() REPRESENTATION_CONTEXT('2D SPACE',''
  ) );
#195 = ORIENTED_EDGE('',*,*,#196,.F.);
#196 = EDGE_CURVE('',#197,#171,#199,.T.);
#197 = VERTEX_POINT('',#198);
#198 = CARTESIAN_POINT('',(-15.2,-56.49079571045,45.2));
#199 = SURFACE_CURVE('',#200,(#205,#212),.PCURVE_S1.);
#200 = CIRCLE('',#201,58.5);
#201 = AXIS2_PLACEMENT_3D('',#202,#203,#204);
#202 = CARTESIAN_POINT('',(0.,0.,45.2));
#203 = DIRECTION('',(0.,0.,1.));
#204 = DIRECTION('',(1.,0.,-0.));
#205 = PCURVE('',#33,#206);
#206 = DEFINITIONAL_REPRESENTATION('',(#207),#211);
#207 = LINE('',#208,#209);
#208 = CARTESIAN_POINT('',(0.,145.2));
#209 = VECTOR('',#210,1.);
#210 = DIRECTION('',(1.,0.));
#211 = ( GEOMETRIC_REPRESENTATION_CONTEXT(2) 
PARAMETRIC_REPRESENTATION_CONTEXT() REPRESENTATION_CONTEXT('2D SPACE',''
  ) );
#212 = PCURVE('',#213,#218);
#213 = PLANE('',#214);
#214 = AXIS2_PLACEMENT_3D('',#215,#216,#217);
#215 = CARTESIAN_POINT('',(-15.2,-80.,45.2));
#216 = DIRECTION('',(0.,0.,1.));
#217 = DIRECTION('',(1.,0.,-0.));
#218 = DEFINITIONAL_REPRESENTATION('',(#219),#223);
#219 = CIRCLE('',#220,58.5);
#220 = AXIS2_PLACEMENT_2D('',#221,#222);
#221 = CARTESIAN_POINT('',(15.2,80.));
#222 = DIRECTION('',(1.,0.));
#223 = ( GEOMETRIC_REPRESENTATION_CONTEXT(2) 
PARAMETRIC_REPRESENTATION_CONTEXT() REPRESENTATION_CONTEXT('2D SPACE',''
  ) );
#224 = ORIENTED_EDGE('',*,*,#225,.T.);
#225 = EDGE_CURVE('',#197,#226,#228,.T.);
#226 = VERTEX_POINT('',#227);
#227 = CARTESIAN_POINT('',(-15.2,-56.49079571045,51.7));
#228 = SURFACE_CURVE('',#229,(#233,#239),.PCURVE_S1.);
#229 = LINE('',#230,#231);
#230 = CARTESIAN_POINT('',(-15.2,-56.49079571045,-100.));
#231 = VECTOR('',#232,1.);
#232 = DIRECTION('',(0.,0.,1.));
#233 = PCURVE('',#33,#234);
#234 = DEFINITIONAL_REPRESENTATION('',(#235),#238);
#235 = B_SPLINE_CURVE_WITH_KNOTS('',1,(#236,#237),.UNSPECIFIED.,.F.,.F.,
  (2,2),(144.55,152.35),.PIECEWISE_BEZIER_KNOTS.);
#236 = CARTESIAN_POINT('',(4.449543801682,144.55));
#237 = CARTESIAN_POINT('',(4.449543801682,152.35));
#238 = ( GEOMETRIC_REPRESENTATION_CONTEXT(2) 
PARAMETRIC_REPRESENTATION_CONTEXT() REPRESENTATION_CONTEXT('2D SPACE',''
  ) );
#239 = PCURVE('',#240,#245);
#240 = PLANE('',#241);
#241 = AXIS2_PLACEMENT_3D('',#242,#243,#244);
#242 = CARTESIAN_POINT('',(-15.2,-80.,45.2));
#243 = DIRECTION('',(1.,0.,-0.));
#244 = DIRECTION('',(0.,0.,1.));
#245 = DEFINITIONAL_REPRESENTATION('',(#246),#249);
#246 = B_SPLINE_CURVE_WITH_KNOTS('',1,(#247,#248),.UNSPECIFIED.,.F.,.F.,
  (2,2),(144.55,152.35),.PIECEWISE_BEZIER_KNOTS.);
#247 = CARTESIAN_POINT('',(-0.65,-23.50920428954));
#248 = CARTESIAN_POINT('',(7.15,-23.50920428954));
#249 = ( GEOMETRIC_REPRESENTATION_CONTEXT(2) 
PARAMETRIC_REPRESENTATION_CONTEXT() REPRESENTATION_CONTEXT('2D SPACE',''
  ) );
#250 = ORIENTED_EDGE('',*,*,#251,.T.);
#251 = EDGE_CURVE('',#226,#252,#254,.T.);
#252 = VERTEX_POINT('',#253);
#253 = CARTESIAN_POINT('',(-11.1,-57.43727013011,51.7));
#254 = SURFACE_CURVE('',#255,(#260,#267),.PCURVE_S1.);
#255 = CIRCLE('',#256,58.5);
#256 = AXIS2_PLACEMENT_3D('',#257,#258,#259);
#257 = CARTESIAN_POINT('',(0.,0.,51.7));
#258 = DIRECTION('',(0.,0.,1.));
#259 = DIRECTION('',(1.,0.,-0.));
#260 = PCURVE('',#33,#261);
#261 = DEFINITIONAL_REPRESENTATION('',(#262),#266);
#262 = LINE('',#263,#264);
#263 = CARTESIAN_POINT('',(0.,151.7));
#264 = VECTOR('',#265,1.);
#265 = DIRECTION('',(1.,0.));
#266 = ( GEOMETRIC_REPRESENTATION_CONTEXT(2) 
PARAMETRIC_REPRESENTATION_CONTEXT() REPRESENTATION_CONTEXT('2D SPACE',''
  ) );
#267 = PCURVE('',#268,#273);
#268 = PLANE('',#269);
#269 = AXIS2_PLACEMENT_3D('',#270,#271,#272);
#270 = CARTESIAN_POINT('',(-15.2,-80.,51.7));
#271 = DIRECTION('',(0.,0.,1.));
#272 = DIRECTION('',(1.,0.,-0.));
#273 = DEFINITIONAL_REPRESENTATION('',(#274),#278);
#274 = CIRCLE('',#275,58.5);
#275 = AXIS2_PLACEMENT_2D('',#276,#277);
#276 = CARTESIAN_POINT('',(15.2,80.));
#277 = DIRECTION('',(1.,0.));
#278 = ( GEOMETRIC_REPRESENTATION_CONTEXT(2) 
PARAMETRIC_REPRESENTATION_CONTEXT() REPRESENTATION_CONTEXT('2D SPACE',''
  ) );
#279 = ORIENTED_EDGE('',*,*,#280,.T.);
#280 = EDGE_CURVE('',#252,#281,#283,.T.);
#281 = VERTEX_POINT('',#282);
#282 = CARTESIAN_POINT('',(-11.1,-57.43727013011,64.2));
#283 = SURFACE_CURVE('',#284,(#288,#294),.PCURVE_S1.);
#284 = LINE('',#285,#286);
#285 = CARTESIAN_POINT('',(-11.1,-57.43727013011,-100.));
#286 = VECTOR('',#287,1.);
#287 = DIRECTION('',(0.,0.,1.));
#288 = PCURVE('',#33,#289);
#289 = DEFINITIONAL_REPRESENTATION('',(#290),#293);
#290 = B_SPLINE_CURVE_WITH_KNOTS('',1,(#291,#292),.UNSPECIFIED.,.F.,.F.,
  (2,2),(57.605746046071,164.2000006),.PIECEWISE_BEZIER_KNOTS.);
#291 = CARTESIAN_POINT('',(4.52148799492,57.605746046071));
#292 = CARTESIAN_POINT('',(4.52148799492,164.2000006));
#293 = ( GEOMETRIC_REPRESENTATION_CONTEXT(2) 
PARAMETRIC_REPRESENTATION_CONTEXT() REPRESENTATION_CONTEXT('2D SPACE',''
  ) );
#294 = PCURVE('',#295,#300);
#295 = PLANE('',#296);
#296 = AXIS2_PLACEMENT_3D('',#297,#298,#299);
#297 = CARTESIAN_POINT('',(-11.1,-80.,-100.));
#298 = DIRECTION('',(1.,0.,-0.));
#299 = DIRECTION('',(0.,0.,1.));
#300 = DEFINITIONAL_REPRESENTATION('',(#301),#304);
#301 = B_SPLINE_CURVE_WITH_KNOTS('',1,(#302,#303),.UNSPECIFIED.,.F.,.F.,
  (2,2),(57.605746046071,164.2000006),.PIECEWISE_BEZIER_KNOTS.);
#302 = CARTESIAN_POINT('',(57.605746046071,-22.56272986988));
#303 = CARTESIAN_POINT('',(164.2000006,-22.56272986988));
#304 = ( GEOMETRIC_REPRESENTATION_CONTEXT(2) 
PARAMETRIC_REPRESENTATION_CONTEXT() REPRESENTATION_CONTEXT('2D SPACE',''
  ) );
#305 = ORIENTED_EDGE('',*,*,#306,.T.);
#306 = EDGE_CURVE('',#281,#307,#309,.T.);
#307 = VERTEX_POINT('',#308);
#308 = CARTESIAN_POINT('',(-29.95328712105,-50.2498814988,64.2));
#309 = SURFACE_CURVE('',#310,(#315,#322),.PCURVE_S1.);
#310 = CIRCLE('',#311,58.5);
#311 = AXIS2_PLACEMENT_3D('',#312,#313,#314);
#312 = CARTESIAN_POINT('',(-1.42108547152E-14,1.59872115546E-14,64.2));
#313 = DIRECTION('',(0.,0.,-1.));
#314 = DIRECTION('',(1.,-5.182150274295E-16,0.));
#315 = PCURVE('',#33,#316);
#316 = DEFINITIONAL_REPRESENTATION('',(#317),#321);
#317 = LINE('',#318,#319);
#318 = CARTESIAN_POINT('',(6.28318530718,164.2));
#319 = VECTOR('',#320,1.);
#320 = DIRECTION('',(-1.,-0.));
#321 = ( GEOMETRIC_REPRESENTATION_CONTEXT(2) 
PARAMETRIC_REPRESENTATION_CONTEXT() REPRESENTATION_CONTEXT('2D SPACE',''
  ) );
#322 = PCURVE('',#323,#328);
#323 = PLANE('',#324);
#324 = AXIS2_PLACEMENT_3D('',#325,#326,#327);
#325 = CARTESIAN_POINT('',(-100.,58.5,64.2));
#326 = DIRECTION('',(0.,0.,-1.));
#327 = DIRECTION('',(0.,-1.,0.));
#328 = DEFINITIONAL_REPRESENTATION('',(#329),#333);
#329 = CIRCLE('',#330,58.5);
#330 = AXIS2_PLACEMENT_2D('',#331,#332);
#331 = CARTESIAN_POINT('',(58.5,-100.));
#332 = DIRECTION('',(5.182150274295E-16,-1.));
#333 = ( GEOMETRIC_REPRESENTATION_CONTEXT(2) 
PARAMETRIC_REPRESENTATION_CONTEXT() REPRESENTATION_CONTEXT('2D SPACE',''
  ) );
#334 = ORIENTED_EDGE('',*,*,#335,.F.);
#335 = EDGE_CURVE('',#336,#307,#338,.T.);
#336 = VERTEX_POINT('',#337);
#337 = CARTESIAN_POINT('',(-25.48852773859,-52.6553411699,
    23.101191447215));
#338 = SURFACE_CURVE('',#339,(#344,#355),.PCURVE_S1.);
#339 = ELLIPSE('',#340,541.66989809863,58.5);
#340 = AXIS2_PLACEMENT_3D('',#341,#342,#343);
#341 = CARTESIAN_POINT('',(0.,0.,-211.5246936416));
#342 = DIRECTION('',(-0.994150963972,0.,-0.107999355706));
#343 = DIRECTION('',(-0.107999355706,0.,0.994150963972));
#344 = PCURVE('',#33,#345);
#345 = DEFINITIONAL_REPRESENTATION('',(#346),#354);
#346 = B_SPLINE_CURVE_WITH_KNOTS('',6,(#347,#348,#349,#350,#351,#352,
    #353),.UNSPECIFIED.,.F.,.F.,(7,7),(4.998784331819,5.249926103026),
  .PIECEWISE_BEZIER_KNOTS.);
#347 = CARTESIAN_POINT('',(4.42599362895,40.5999994));
#348 = CARTESIAN_POINT('',(4.384136667082,62.221950582194));
#349 = CARTESIAN_POINT('',(4.342279705215,83.5240738142));
#350 = CARTESIAN_POINT('',(4.300422743347,104.4381821693));
#351 = CARTESIAN_POINT('',(4.258565781479,124.89776852347));
#352 = CARTESIAN_POINT('',(4.216708819611,144.8387272122));
#353 = CARTESIAN_POINT('',(4.174851857744,164.2000006));
#354 = ( GEOMETRIC_REPRESENTATION_CONTEXT(2) 
PARAMETRIC_REPRESENTATION_CONTEXT() REPRESENTATION_CONTEXT('2D SPACE',''
  ) );
#355 = PCURVE('',#356,#361);
#356 = PLANE('',#357);
#357 = AXIS2_PLACEMENT_3D('',#358,#359,#360);
#358 = CARTESIAN_POINT('',(4.649578689403,-200.,-254.3247928266));
#359 = DIRECTION('',(-0.994150963972,-0.,-0.107999355706));
#360 = DIRECTION('',(0.107999355706,0.,-0.994150963972));
#361 = DEFINITIONAL_REPRESENTATION('',(#362),#366);
#362 = ELLIPSE('',#363,541.66989809863,58.5);
#363 = AXIS2_PLACEMENT_2D('',#364,#365);
#364 = CARTESIAN_POINT('',(-43.05191136565,-200.));
#365 = DIRECTION('',(-1.,0.));
#366 = ( GEOMETRIC_REPRESENTATION_CONTEXT(2) 
PARAMETRIC_REPRESENTATION_CONTEXT() REPRESENTATION_CONTEXT('2D SPACE',''
  ) );
#367 = ORIENTED_EDGE('',*,*,#368,.T.);
#368 = EDGE_CURVE('',#336,#369,#371,.T.);
#369 = VERTEX_POINT('',#370);
#370 = CARTESIAN_POINT('',(-23.19937032299,-53.70325145292,
    20.547768330975));
#371 = SURFACE_CURVE('',#372,(#405,#441),.PCURVE_S1.);
#372 = B_SPLINE_CURVE_WITH_KNOTS('',6,(#373,#374,#375,#376,#377,#378,
    #379,#380,#381,#382,#383,#384,#385,#386,#387,#388,#389,#390,#391,
    #392,#393,#394,#395,#396,#397,#398,#399,#400,#401,#402,#403,#404),
  .UNSPECIFIED.,.F.,.F.,(7,5,5,5,5,5,7),(0.,0.144002524454,
    0.287525673411,0.458028634808,0.631022094082,0.809261026436,1.),
  .UNSPECIFIED.);
#373 = CARTESIAN_POINT('',(-29.95328712105,-50.2498814988,
    27.949944711155));
#374 = CARTESIAN_POINT('',(-29.56822386502,-50.47941259267,
    27.53728163125));
#375 = CARTESIAN_POINT('',(-29.1829823067,-50.70425095444,27.12348220348
    ));
#376 = CARTESIAN_POINT('',(-28.79761921003,-50.92445306746,
    26.708542746136));
#377 = CARTESIAN_POINT('',(-28.41219475322,-51.14007147897,
    26.292456413374));
#378 = CARTESIAN_POINT('',(-28.02677353563,-51.3511551931,
    25.875212364733));
#379 = CARTESIAN_POINT('',(-27.25736043291,-51.76365719321,
    25.03977039032));
#380 = CARTESIAN_POINT('',(-26.87337299473,-51.9651026694,
    24.621585630118));
#381 = CARTESIAN_POINT('',(-26.48952336911,-52.16213707353,
    24.20221498822));
#382 = CARTESIAN_POINT('',(-26.10588145354,-52.3548047643,
    23.781632775424));
#383 = CARTESIAN_POINT('',(-25.72252859004,-52.54314476441,
    23.359811981795));
#384 = CARTESIAN_POINT('',(-24.88459836604,-52.94583608672,
    22.434100730663));
#385 = CARTESIAN_POINT('',(-24.43020883224,-53.15840717166,
    21.929721993408));
#386 = CARTESIAN_POINT('',(-23.97648791309,-53.36499369349,
    21.42346946929));
#387 = CARTESIAN_POINT('',(-23.52358249667,-53.56565897488,
    20.915245487268));
#388 = CARTESIAN_POINT('',(-23.07169597567,-53.76044627259,
    20.40496691668));
#389 = CARTESIAN_POINT('',(-22.163912535,-54.14108186119,19.372668634346
    ));
#390 = CARTESIAN_POINT('',(-21.70813546914,-54.32672364637,
    18.850679633606));
#391 = CARTESIAN_POINT('',(-21.25384052884,-54.50642783546,
    18.326287061203));
#392 = CARTESIAN_POINT('',(-20.80124607993,-54.6802498146,
    17.799270260212));
#393 = CARTESIAN_POINT('',(-20.35072572918,-54.84819815909,
    17.269485069663));
#394 = CARTESIAN_POINT('',(-19.44133653396,-55.17721703866,
    16.18807454751));
#395 = CARTESIAN_POINT('',(-18.98285091762,-55.33784434345,
    15.636538080418));
#396 = CARTESIAN_POINT('',(-18.52735220533,-55.49233651177,
    15.081451172901));
#397 = CARTESIAN_POINT('',(-18.07523392143,-55.64073951892,
    14.522299260038));
#398 = CARTESIAN_POINT('',(-17.62732027382,-55.78298854369,
    13.95883391282));
#399 = CARTESIAN_POINT('',(-16.71143299147,-56.06445701427,
    12.78346588722));
#400 = CARTESIAN_POINT('',(-16.24480017962,-56.20259679039,
    12.171636892768));
#401 = CARTESIAN_POINT('',(-15.78479345826,-56.33378196293,
    11.553364163697));
#402 = CARTESIAN_POINT('',(-15.33254940598,-56.45797319681,
    10.927434212881));
#403 = CARTESIAN_POINT('',(-14.89043501982,-56.57491077916,
    10.293383310434));
#404 = CARTESIAN_POINT('',(-14.46191219494,-56.68424027598,
    9.651264390451));
#405 = PCURVE('',#33,#406);
#406 = DEFINITIONAL_REPRESENTATION('',(#407),#440);
#407 = B_SPLINE_CURVE_WITH_KNOTS('',6,(#408,#409,#410,#411,#412,#413,
    #414,#415,#416,#417,#418,#419,#420,#421,#422,#423,#424,#425,#426,
    #427,#428,#429,#430,#431,#432,#433,#434,#435,#436,#437,#438,#439),
  .UNSPECIFIED.,.F.,.F.,(7,5,5,5,5,5,7),(0.,0.144002524454,
    0.287525673411,0.458028634808,0.631022094082,0.809261026436,1.),
  .UNSPECIFIED.);
#408 = CARTESIAN_POINT('',(4.174851859041,127.94994471115));
#409 = CARTESIAN_POINT('',(4.182514827481,127.53728163125));
#410 = CARTESIAN_POINT('',(4.190139340819,127.12348220348));
#411 = CARTESIAN_POINT('',(4.197725869748,126.70854274613));
#412 = CARTESIAN_POINT('',(4.205274760198,126.29245641337));
#413 = CARTESIAN_POINT('',(4.212786223554,125.87521236473));
#414 = CARTESIAN_POINT('',(4.227709549374,125.03977039032));
#415 = CARTESIAN_POINT('',(4.235121564479,124.62158563011));
#416 = CARTESIAN_POINT('',(4.242496619106,124.20221498822));
#417 = CARTESIAN_POINT('',(4.249834725908,123.78163277542));
#418 = CARTESIAN_POINT('',(4.257135645567,123.35981198179));
#419 = CARTESIAN_POINT('',(4.273027450115,122.43410073066));
#420 = CARTESIAN_POINT('',(4.281602259869,121.9297219934));
#421 = CARTESIAN_POINT('',(4.290123611504,121.42346946929));
#422 = CARTESIAN_POINT('',(4.298590797954,120.91524548726));
#423 = CARTESIAN_POINT('',(4.307002018788,120.40496691668));
#424 = CARTESIAN_POINT('',(4.323828595299,119.37266863434));
#425 = CARTESIAN_POINT('',(4.332240697016,118.8506796336));
#426 = CARTESIAN_POINT('',(4.340591279045,118.3262870612));
#427 = CARTESIAN_POINT('',(4.348878287358,117.79927026021));
#428 = CARTESIAN_POINT('',(4.3570968222,117.26948506966));
#429 = CARTESIAN_POINT('',(4.373628090156,116.18807454751));
#430 = CARTESIAN_POINT('',(4.381932086607,115.63653808041));
#431 = CARTESIAN_POINT('',(4.390153445857,115.0814511729));
#432 = CARTESIAN_POINT('',(4.398287083212,114.52229926003));
#433 = CARTESIAN_POINT('',(4.406320216527,113.95883391282));
#434 = CARTESIAN_POINT('',(4.422699050527,112.78346588722));
#435 = CARTESIAN_POINT('',(4.431017419329,112.17163689276));
#436 = CARTESIAN_POINT('',(4.439193686375,111.55336416369));
#437 = CARTESIAN_POINT('',(4.447209993658,110.92743421288));
#438 = CARTESIAN_POINT('',(4.455027090765,110.29338331043));
#439 = CARTESIAN_POINT('',(4.462586913792,109.65126439045));
#440 = ( GEOMETRIC_REPRESENTATION_CONTEXT(2) 
PARAMETRIC_REPRESENTATION_CONTEXT() REPRESENTATION_CONTEXT('2D SPACE',''
  ) );
#441 = PCURVE('',#442,#447);
#442 = CYLINDRICAL_SURFACE('',#443,57.5);
#443 = AXIS2_PLACEMENT_3D('',#444,#445,#446);
#444 = CARTESIAN_POINT('',(-100.,0.,0.));
#445 = DIRECTION('',(1.,0.,0.));
#446 = DIRECTION('',(-0.,0.,1.));
#447 = DEFINITIONAL_REPRESENTATION('',(#448),#461);
#448 = B_SPLINE_CURVE_WITH_KNOTS('',6,(#449,#450,#451,#452,#453,#454,
    #455,#456,#457,#458,#459,#460),.UNSPECIFIED.,.F.,.F.,(7,5,7),(
    0.278222476801,0.287525673411,0.421612014205),.UNSPECIFIED.);
#449 = CARTESIAN_POINT('',(7.440543826334,74.511472261917));
#450 = CARTESIAN_POINT('',(7.441064156138,74.536304208139));
#451 = CARTESIAN_POINT('',(7.441584443994,74.561134644586));
#452 = CARTESIAN_POINT('',(7.442104690349,74.585963546227));
#453 = CARTESIAN_POINT('',(7.44262489565,74.610790887804));
#454 = CARTESIAN_POINT('',(7.443145060345,74.635616643827));
#455 = CARTESIAN_POINT('',(7.45116170448,75.01822950064));
#456 = CARTESIAN_POINT('',(7.458649490907,75.37566488455));
#457 = CARTESIAN_POINT('',(7.466130511552,75.732699615977));
#458 = CARTESIAN_POINT('',(7.473606538458,76.089267405252));
#459 = CARTESIAN_POINT('',(7.481079188857,76.445280916015));
#460 = CARTESIAN_POINT('',(7.488549965712,76.800629683867));
#461 = ( GEOMETRIC_REPRESENTATION_CONTEXT(2) 
PARAMETRIC_REPRESENTATION_CONTEXT() REPRESENTATION_CONTEXT('2D SPACE',''
  ) );
#462 = ORIENTED_EDGE('',*,*,#463,.F.);
#463 = EDGE_CURVE('',#464,#369,#466,.T.);
#464 = VERTEX_POINT('',#465);
#465 = CARTESIAN_POINT('',(-19.23576514317,-55.24703919086,
    -15.93783738916));
#466 = SURFACE_CURVE('',#467,(#472,#482),.PCURVE_S1.);
#467 = ELLIPSE('',#468,541.66989809863,58.5);
#468 = AXIS2_PLACEMENT_3D('',#469,#470,#471);
#469 = CARTESIAN_POINT('',(0.,0.,-193.0060646468));
#470 = DIRECTION('',(-0.994150963972,0.,-0.107999355706));
#471 = DIRECTION('',(-0.107999355706,0.,0.994150963972));
#472 = PCURVE('',#33,#473);
#473 = DEFINITIONAL_REPRESENTATION('',(#474),#481);
#474 = B_SPLINE_CURVE_WITH_KNOTS('',5,(#475,#476,#477,#478,#479,#480),
  .UNSPECIFIED.,.F.,.F.,(6,6),(4.995856868614,5.210347331804),
  .PIECEWISE_BEZIER_KNOTS.);
#475 = CARTESIAN_POINT('',(4.428921092156,57.605745996343));
#476 = CARTESIAN_POINT('',(4.386022999518,79.784520853318));
#477 = CARTESIAN_POINT('',(4.343124906879,101.61684275544));
#478 = CARTESIAN_POINT('',(4.300226814241,123.01767787207));
#479 = CARTESIAN_POINT('',(4.257328721603,143.9046655008));
#480 = CARTESIAN_POINT('',(4.214430628965,164.2000006));
#481 = ( GEOMETRIC_REPRESENTATION_CONTEXT(2) 
PARAMETRIC_REPRESENTATION_CONTEXT() REPRESENTATION_CONTEXT('2D SPACE',''
  ) );
#482 = PCURVE('',#483,#488);
#483 = PLANE('',#484);
#484 = AXIS2_PLACEMENT_3D('',#485,#486,#487);
#485 = CARTESIAN_POINT('',(6.637880617348,-200.,-254.1087941152));
#486 = DIRECTION('',(-0.994150963972,-0.,-0.107999355706));
#487 = DIRECTION('',(0.107999355706,0.,-0.994150963972));
#488 = DEFINITIONAL_REPRESENTATION('',(#489),#493);
#489 = ELLIPSE('',#490,541.66989809863,58.5);
#490 = AXIS2_PLACEMENT_2D('',#491,#492);
#491 = CARTESIAN_POINT('',(-61.4622242323,-200.));
#492 = DIRECTION('',(-1.,0.));
#493 = ( GEOMETRIC_REPRESENTATION_CONTEXT(2) 
PARAMETRIC_REPRESENTATION_CONTEXT() REPRESENTATION_CONTEXT('2D SPACE',''
  ) );
#494 = ORIENTED_EDGE('',*,*,#495,.T.);
#495 = EDGE_CURVE('',#464,#24,#496,.T.);
#496 = SURFACE_CURVE('',#497,(#524,#554),.PCURVE_S1.);
#497 = B_SPLINE_CURVE_WITH_KNOTS('',7,(#498,#499,#500,#501,#502,#503,
    #504,#505,#506,#507,#508,#509,#510,#511,#512,#513,#514,#515,#516,
    #517,#518,#519,#520,#521,#522,#523),.UNSPECIFIED.,.F.,.F.,(8,6,6,6,8
    ),(0.,0.269104123044,0.516972221777,0.758862881717,1.),
  .UNSPECIFIED.);
#498 = CARTESIAN_POINT('',(-14.46191219494,-56.68424027598,
    -9.651264390451));
#499 = CARTESIAN_POINT('',(-14.97903528578,-56.55230609644,
    -10.42614615009));
#500 = CARTESIAN_POINT('',(-15.51618634169,-56.40940002022,
    -11.19078185192));
#501 = CARTESIAN_POINT('',(-16.06771495333,-56.25608868318,
    -11.94466708612));
#502 = CARTESIAN_POINT('',(-16.62940855005,-56.09288536249,
    -12.68780843597));
#503 = CARTESIAN_POINT('',(-17.19887222842,-55.92006747458,
    -13.42128628225));
#504 = CARTESIAN_POINT('',(-17.7756276089,-55.73739451117,
    -14.14753274577));
#505 = CARTESIAN_POINT('',(-18.90014711452,-55.36566537181,
    -15.53602450248));
#506 = CARTESIAN_POINT('',(-19.4451573505,-55.17872980515,
    -16.19700725908));
#507 = CARTESIAN_POINT('',(-19.99450198971,-54.98323245838,
    -16.85316081027));
#508 = CARTESIAN_POINT('',(-20.54716772805,-54.77924653115,
    -17.50466208236));
#509 = CARTESIAN_POINT('',(-21.10257028148,-54.56674298807,
    -18.15192328358));
#510 = CARTESIAN_POINT('',(-21.66048805415,-54.34556470758,
    -18.79556366932));
#511 = CARTESIAN_POINT('',(-22.76799410883,-53.89079788008,
    -20.06174044984));
#512 = CARTESIAN_POINT('',(-23.317096461,-53.65778603814,-20.683997164)
  );
#513 = CARTESIAN_POINT('',(-23.86779725769,-53.41634377381,
    -21.30323518209));
#514 = CARTESIAN_POINT('',(-24.41972478363,-53.16641424201,
    -21.91957718803));
#515 = CARTESIAN_POINT('',(-24.9726135419,-52.90790640929,
    -22.53317508043));
#516 = CARTESIAN_POINT('',(-25.5262768512,-52.640693994,-23.14419975496)
  );
#517 = CARTESIAN_POINT('',(-26.6331632988,-52.08940104538,
    -24.35956006859));
#518 = CARTESIAN_POINT('',(-27.18630298703,-51.80541518749,
    -24.96382372039));
#519 = CARTESIAN_POINT('',(-27.73977350408,-51.51255573071,
    -25.56568572763));
#520 = CARTESIAN_POINT('',(-28.29337436743,-51.21070777283,
    -26.16519617875));
#521 = CARTESIAN_POINT('',(-28.84692910333,-50.89974371604,
    -26.76239206806));
#522 = CARTESIAN_POINT('',(-29.40028071004,-50.57952127733,
    -27.35730096963));
#523 = CARTESIAN_POINT('',(-29.95328712105,-50.2498814988,
    -27.94994471115));
#524 = PCURVE('',#33,#525);
#525 = DEFINITIONAL_REPRESENTATION('',(#526),#553);
#526 = B_SPLINE_CURVE_WITH_KNOTS('',7,(#527,#528,#529,#530,#531,#532,
    #533,#534,#535,#536,#537,#538,#539,#540,#541,#542,#543,#544,#545,
    #546,#547,#548,#549,#550,#551,#552),.UNSPECIFIED.,.F.,.F.,(8,6,6,6,8
    ),(0.,0.269104123044,0.516972221777,0.758862881717,1.),
  .UNSPECIFIED.);
#527 = CARTESIAN_POINT('',(4.462586913792,90.348735609549));
#528 = CARTESIAN_POINT('',(4.453464041397,89.573853849909));
#529 = CARTESIAN_POINT('',(4.443963071154,88.809218148075));
#530 = CARTESIAN_POINT('',(4.434178749366,88.055332913878));
#531 = CARTESIAN_POINT('',(4.424181310636,87.312191564026));
#532 = CARTESIAN_POINT('',(4.414009673849,86.578713717747));
#533 = CARTESIAN_POINT('',(4.403668730083,85.852467254227));
#534 = CARTESIAN_POINT('',(4.383423129653,84.463975497515));
#535 = CARTESIAN_POINT('',(4.373574546957,83.80299274092));
#536 = CARTESIAN_POINT('',(4.363608186385,83.146839189724));
#537 = CARTESIAN_POINT('',(4.353539197013,82.495337917635));
#538 = CARTESIAN_POINT('',(4.343375098096,81.848076716413));
#539 = CARTESIAN_POINT('',(4.333116715682,81.204436330678));
#540 = CARTESIAN_POINT('',(4.312651082431,79.938259550151));
#541 = CARTESIAN_POINT('',(4.302455260214,79.316002835991));
#542 = CARTESIAN_POINT('',(4.292177735439,78.696764817908));
#543 = CARTESIAN_POINT('',(4.281822198972,78.080422811964));
#544 = CARTESIAN_POINT('',(4.271390326816,77.466824919565));
#545 = CARTESIAN_POINT('',(4.26088220413,76.855800245036));
#546 = CARTESIAN_POINT('',(4.239744143729,75.640439931401));
#547 = CARTESIAN_POINT('',(4.229116205085,75.036176279609));
#548 = CARTESIAN_POINT('',(4.218413658639,74.434314272364));
#549 = CARTESIAN_POINT('',(4.20763665644,73.834803821245));
#550 = CARTESIAN_POINT('',(4.19678476021,73.237607931936));
#551 = CARTESIAN_POINT('',(4.1858569877,72.642699030366));
#552 = CARTESIAN_POINT('',(4.174851859041,72.050055288845));
#553 = ( GEOMETRIC_REPRESENTATION_CONTEXT(2) 
PARAMETRIC_REPRESENTATION_CONTEXT() REPRESENTATION_CONTEXT('2D SPACE',''
  ) );
#554 = PCURVE('',#555,#560);
#555 = CYLINDRICAL_SURFACE('',#556,57.5);
#556 = AXIS2_PLACEMENT_3D('',#557,#558,#559);
#557 = CARTESIAN_POINT('',(-100.,0.,0.));
#558 = DIRECTION('',(1.,0.,0.));
#559 = DIRECTION('',(-0.,0.,1.));
#560 = DEFINITIONAL_REPRESENTATION('',(#561),#588);
#561 = B_SPLINE_CURVE_WITH_KNOTS('',7,(#562,#563,#564,#565,#566,#567,
    #568,#569,#570,#571,#572,#573,#574,#575,#576,#577,#578,#579,#580,
    #581,#582,#583,#584,#585,#586,#587),.UNSPECIFIED.,.F.,.F.,(8,6,6,6,8
    ),(0.,0.269104123044,0.516972221777,0.758862881717,1.),
  .UNSPECIFIED.);
#562 = CARTESIAN_POINT('',(1.739442695767,85.538087805052));
#563 = CARTESIAN_POINT('',(1.753112840341,85.020964714218));
#564 = CARTESIAN_POINT('',(1.766639348871,84.483813658307));
#565 = CARTESIAN_POINT('',(1.780016090355,83.932285046662));
#566 = CARTESIAN_POINT('',(1.793245463216,83.37059144995));
#567 = CARTESIAN_POINT('',(1.806348517049,82.801127771578));
#568 = CARTESIAN_POINT('',(1.819370810534,82.224372391097));
#569 = CARTESIAN_POINT('',(1.844368908981,81.099852885474));
#570 = CARTESIAN_POINT('',(1.856313965721,80.554842649496));
#571 = CARTESIAN_POINT('',(1.868219213916,80.005498010283));
#572 = CARTESIAN_POINT('',(1.880090021779,79.452832271948));
#573 = CARTESIAN_POINT('',(1.891936092184,78.897429718512));
#574 = CARTESIAN_POINT('',(1.903771181896,78.339511945848));
#575 = CARTESIAN_POINT('',(1.927168895626,77.232005891165));
#576 = CARTESIAN_POINT('',(1.938723551534,76.682903538993));
#577 = CARTESIAN_POINT('',(1.95028087912,76.132202742309));
#578 = CARTESIAN_POINT('',(1.961845737966,75.580275216361));
#579 = CARTESIAN_POINT('',(1.973423685949,75.027386458092));
#580 = CARTESIAN_POINT('',(1.985020850043,74.473723148798));
#581 = CARTESIAN_POINT('',(2.008230421155,73.3668367012));
#582 = CARTESIAN_POINT('',(2.019841007714,72.813697012964));
#583 = CARTESIAN_POINT('',(2.031479847725,72.260226495913));
#584 = CARTESIAN_POINT('',(2.043151147561,71.706625632563));
#585 = CARTESIAN_POINT('',(2.054859067239,71.153070896662));
#586 = CARTESIAN_POINT('',(2.066607816249,70.599719289955));
#587 = CARTESIAN_POINT('',(2.078401749365,70.046712878941));
#588 = ( GEOMETRIC_REPRESENTATION_CONTEXT(2) 
PARAMETRIC_REPRESENTATION_CONTEXT() REPRESENTATION_CONTEXT('2D SPACE',''
  ) );
#589 = ADVANCED_FACE('',(#590),#49,.T.);
#590 = FACE_BOUND('',#591,.F.);
#591 = EDGE_LOOP('',(#592,#627,#676,#677,#707,#733));
#592 = ORIENTED_EDGE('',*,*,#593,.F.);
#593 = EDGE_CURVE('',#594,#596,#598,.T.);
#594 = VERTEX_POINT('',#595);
#595 = CARTESIAN_POINT('',(-21.01819237691,54.593823727663,
    -18.04894486646));
#596 = VERTEX_POINT('',#597);
#597 = CARTESIAN_POINT('',(-18.37344552104,55.539774050894,
    -42.39425340126));
#598 = SURFACE_CURVE('',#599,(#604,#611),.PCURVE_S1.);
#599 = ELLIPSE('',#600,541.66989809863,58.5);
#600 = AXIS2_PLACEMENT_3D('',#601,#602,#603);
#601 = CARTESIAN_POINT('',(0.,0.,-211.5246936416));
#602 = DIRECTION('',(-0.994150963972,0.,-0.107999355706));
#603 = DIRECTION('',(-0.107999355706,0.,0.994150963972));
#604 = PCURVE('',#49,#605);
#605 = DEFINITIONAL_REPRESENTATION('',(#606),#610);
#606 = ELLIPSE('',#607,541.66989809863,58.5);
#607 = AXIS2_PLACEMENT_2D('',#608,#609);
#608 = CARTESIAN_POINT('',(-43.05191136565,-200.));
#609 = DIRECTION('',(-1.,0.));
#610 = ( GEOMETRIC_REPRESENTATION_CONTEXT(2) 
PARAMETRIC_REPRESENTATION_CONTEXT() REPRESENTATION_CONTEXT('2D SPACE',''
  ) );
#611 = PCURVE('',#612,#617);
#612 = CYLINDRICAL_SURFACE('',#613,58.5);
#613 = AXIS2_PLACEMENT_3D('',#614,#615,#616);
#614 = CARTESIAN_POINT('',(0.,0.,-100.));
#615 = DIRECTION('',(0.,0.,1.));
#616 = DIRECTION('',(1.,0.,-0.));
#617 = DEFINITIONAL_REPRESENTATION('',(#618),#626);
#618 = B_SPLINE_CURVE_WITH_KNOTS('',6,(#619,#620,#621,#622,#623,#624,
    #625),.UNSPECIFIED.,.F.,.F.,(7,7),(1.033259204154,1.28440097536),
  .PIECEWISE_BEZIER_KNOTS.);
#619 = CARTESIAN_POINT('',(2.108333449436,164.2000006));
#620 = CARTESIAN_POINT('',(2.066476487568,144.8387272122));
#621 = CARTESIAN_POINT('',(2.024619525701,124.89776852348));
#622 = CARTESIAN_POINT('',(1.982762563833,104.4381821693));
#623 = CARTESIAN_POINT('',(1.940905601965,83.524073814202));
#624 = CARTESIAN_POINT('',(1.899048640097,62.221950582194));
#625 = CARTESIAN_POINT('',(1.85719167823,40.5999994));
#626 = ( GEOMETRIC_REPRESENTATION_CONTEXT(2) 
PARAMETRIC_REPRESENTATION_CONTEXT() REPRESENTATION_CONTEXT('2D SPACE',''
  ) );
#627 = ORIENTED_EDGE('',*,*,#628,.T.);
#628 = EDGE_CURVE('',#594,#24,#629,.T.);
#629 = SURFACE_CURVE('',#630,(#635,#642),.PCURVE_S1.);
#630 = ELLIPSE('',#631,57.838298290481,57.5);
#631 = AXIS2_PLACEMENT_3D('',#632,#633,#634);
#632 = CARTESIAN_POINT('',(-22.97893524936,0.,0.));
#633 = DIRECTION('',(-0.994150963972,-0.,-0.107999355706));
#634 = DIRECTION('',(0.107999355706,0.,-0.994150963972));
#635 = PCURVE('',#49,#636);
#636 = DEFINITIONAL_REPRESENTATION('',(#637),#641);
#637 = ELLIPSE('',#638,57.838298290481,57.5);
#638 = AXIS2_PLACEMENT_2D('',#639,#640);
#639 = CARTESIAN_POINT('',(-255.8210996552,-200.));
#640 = DIRECTION('',(1.,-0.));
#641 = ( GEOMETRIC_REPRESENTATION_CONTEXT(2) 
PARAMETRIC_REPRESENTATION_CONTEXT() REPRESENTATION_CONTEXT('2D SPACE',''
  ) );
#642 = PCURVE('',#555,#643);
#643 = DEFINITIONAL_REPRESENTATION('',(#644),#675);
#644 = B_SPLINE_CURVE_WITH_KNOTS('',8,(#645,#646,#647,#648,#649,#650,
    #651,#652,#653,#654,#655,#656,#657,#658,#659,#660,#661,#662,#663,
    #664,#665,#666,#667,#668,#669,#670,#671,#672,#673,#674),
  .UNSPECIFIED.,.F.,.F.,(9,7,7,7,9),(3.14159265359,4.712388980385,
    5.890486225481,7.657632093125,9.424777960769),.UNSPECIFIED.);
#645 = CARTESIAN_POINT('',(6.28318530718,70.77456580013));
#646 = CARTESIAN_POINT('',(6.08683576633,70.77456580013));
#647 = CARTESIAN_POINT('',(5.890486225482,71.049791391102));
#648 = CARTESIAN_POINT('',(5.69413668463,71.600240234722));
#649 = CARTESIAN_POINT('',(5.497787143789,72.403285740933));
#650 = CARTESIAN_POINT('',(5.301437602933,73.413628770359));
#651 = CARTESIAN_POINT('',(5.105088062084,74.56807005775));
#652 = CARTESIAN_POINT('',(4.908738521234,75.794567549787));
#653 = CARTESIAN_POINT('',(4.565126824748,77.940937651271));
#654 = CARTESIAN_POINT('',(4.41786466911,78.860810215254));
#655 = CARTESIAN_POINT('',(4.270602513474,79.750286964404));
#656 = CARTESIAN_POINT('',(4.123340357837,80.578963968012));
#657 = CARTESIAN_POINT('',(3.976078202199,81.318561995106));
#658 = CARTESIAN_POINT('',(3.828816046563,81.945006943519));
#659 = CARTESIAN_POINT('',(3.681553890926,82.440057161905));
#660 = CARTESIAN_POINT('',(3.313398501833,83.320107459292));
#661 = CARTESIAN_POINT('',(3.092505268374,83.526320307865));
#662 = CARTESIAN_POINT('',(2.871612034941,83.371459587361));
#663 = CARTESIAN_POINT('',(2.650718801447,82.849747370696));
#664 = CARTESIAN_POINT('',(2.429825568029,81.995093022066));
#665 = CARTESIAN_POINT('',(2.208932334554,80.878334019057));
#666 = CARTESIAN_POINT('',(1.9880391011,79.59299294354));
#667 = CARTESIAN_POINT('',(1.546252634189,76.886399541184));
#668 = CARTESIAN_POINT('',(1.325359400744,75.4651457164));
#669 = CARTESIAN_POINT('',(1.10446616726,74.076564093586));
#670 = CARTESIAN_POINT('',(0.883572933896,72.828312789847));
#671 = CARTESIAN_POINT('',(0.662679700348,71.819557077077));
#672 = CARTESIAN_POINT('',(0.441786466926,71.122898683941));
#673 = CARTESIAN_POINT('',(0.220893233456,70.77456580013));
#674 = CARTESIAN_POINT('',(8.881784197001E-15,70.77456580013));
#675 = ( GEOMETRIC_REPRESENTATION_CONTEXT(2) 
PARAMETRIC_REPRESENTATION_CONTEXT() REPRESENTATION_CONTEXT('2D SPACE',''
  ) );
#676 = ORIENTED_EDGE('',*,*,#21,.F.);
#677 = ORIENTED_EDGE('',*,*,#678,.F.);
#678 = EDGE_CURVE('',#679,#22,#681,.T.);
#679 = VERTEX_POINT('',#680);
#680 = CARTESIAN_POINT('',(-16.52603024658,-28.5,-59.4));
#681 = SURFACE_CURVE('',#682,(#687,#694),.PCURVE_S1.);
#682 = ELLIPSE('',#683,30.176503455903,30.);
#683 = AXIS2_PLACEMENT_3D('',#684,#685,#686);
#684 = CARTESIAN_POINT('',(-19.78507317728,-28.5,-29.4));
#685 = DIRECTION('',(-0.994150963972,0.,-0.107999355706));
#686 = DIRECTION('',(-0.107999355706,0.,0.994150963972));
#687 = PCURVE('',#49,#688);
#688 = DEFINITIONAL_REPRESENTATION('',(#689),#693);
#689 = ELLIPSE('',#690,30.176503455903,30.);
#690 = AXIS2_PLACEMENT_2D('',#691,#692);
#691 = CARTESIAN_POINT('',(-226.2481262684,-171.5));
#692 = DIRECTION('',(-1.,0.));
#693 = ( GEOMETRIC_REPRESENTATION_CONTEXT(2) 
PARAMETRIC_REPRESENTATION_CONTEXT() REPRESENTATION_CONTEXT('2D SPACE',''
  ) );
#694 = PCURVE('',#131,#695);
#695 = DEFINITIONAL_REPRESENTATION('',(#696),#706);
#696 = B_SPLINE_CURVE_WITH_KNOTS('',8,(#697,#698,#699,#700,#701,#702,
    #703,#704,#705),.UNSPECIFIED.,.F.,.F.,(9,9),(3.14159265359,
    4.712388980385),.PIECEWISE_BEZIER_KNOTS.);
#697 = CARTESIAN_POINT('',(-1.570796326795,-83.47396975341));
#698 = CARTESIAN_POINT('',(-1.374446785946,-83.47396975341));
#699 = CARTESIAN_POINT('',(-1.178097245097,-83.33037379298));
#700 = CARTESIAN_POINT('',(-0.981747704243,-83.04318309165));
#701 = CARTESIAN_POINT('',(-0.785398163403,-82.62420282786));
#702 = CARTESIAN_POINT('',(-0.589048622544,-82.09706733387));
#703 = CARTESIAN_POINT('',(-0.3926990817,-81.4947501408));
#704 = CARTESIAN_POINT('',(-0.196349540849,-80.85483840577));
#705 = CARTESIAN_POINT('',(0.,-80.21492682271));
#706 = ( GEOMETRIC_REPRESENTATION_CONTEXT(2) 
PARAMETRIC_REPRESENTATION_CONTEXT() REPRESENTATION_CONTEXT('2D SPACE',''
  ) );
#707 = ORIENTED_EDGE('',*,*,#708,.T.);
#708 = EDGE_CURVE('',#679,#709,#711,.T.);
#709 = VERTEX_POINT('',#710);
#710 = CARTESIAN_POINT('',(-16.52603024658,28.5,-59.4));
#711 = SURFACE_CURVE('',#712,(#716,#722),.PCURVE_S1.);
#712 = LINE('',#713,#714);
#713 = CARTESIAN_POINT('',(-16.52603024658,-114.25,-59.4));
#714 = VECTOR('',#715,1.);
#715 = DIRECTION('',(-1.354204257274E-17,1.,1.246566203088E-16));
#716 = PCURVE('',#49,#717);
#717 = DEFINITIONAL_REPRESENTATION('',(#718),#721);
#718 = B_SPLINE_CURVE_WITH_KNOTS('',1,(#719,#720),.UNSPECIFIED.,.F.,.F.,
  (2,2),(85.75,142.75),.PIECEWISE_BEZIER_KNOTS.);
#719 = CARTESIAN_POINT('',(-196.0716228125,-171.5));
#720 = CARTESIAN_POINT('',(-196.0716228125,-228.5));
#721 = ( GEOMETRIC_REPRESENTATION_CONTEXT(2) 
PARAMETRIC_REPRESENTATION_CONTEXT() REPRESENTATION_CONTEXT('2D SPACE',''
  ) );
#722 = PCURVE('',#723,#728);
#723 = PLANE('',#724);
#724 = AXIS2_PLACEMENT_3D('',#725,#726,#727);
#725 = CARTESIAN_POINT('',(-100.,-28.5,-59.4));
#726 = DIRECTION('',(0.,-1.246566203088E-16,1.));
#727 = DIRECTION('',(0.,1.,1.246566203088E-16));
#728 = DEFINITIONAL_REPRESENTATION('',(#729),#732);
#729 = B_SPLINE_CURVE_WITH_KNOTS('',1,(#730,#731),.UNSPECIFIED.,.F.,.F.,
  (2,2),(85.75,142.75),.PIECEWISE_BEZIER_KNOTS.);
#730 = CARTESIAN_POINT('',(-1.42108547152E-14,-83.47396975341));
#731 = CARTESIAN_POINT('',(57.,-83.47396975341));
#732 = ( GEOMETRIC_REPRESENTATION_CONTEXT(2) 
PARAMETRIC_REPRESENTATION_CONTEXT() REPRESENTATION_CONTEXT('2D SPACE',''
  ) );
#733 = ORIENTED_EDGE('',*,*,#734,.F.);
#734 = EDGE_CURVE('',#596,#709,#735,.T.);
#735 = SURFACE_CURVE('',#736,(#741,#748),.PCURVE_S1.);
#736 = ELLIPSE('',#737,30.176503455903,30.);
#737 = AXIS2_PLACEMENT_3D('',#738,#739,#740);
#738 = CARTESIAN_POINT('',(-19.78507317728,28.5,-29.4));
#739 = DIRECTION('',(-0.994150963972,0.,-0.107999355706));
#740 = DIRECTION('',(-0.107999355706,0.,0.994150963972));
#741 = PCURVE('',#49,#742);
#742 = DEFINITIONAL_REPRESENTATION('',(#743),#747);
#743 = ELLIPSE('',#744,30.176503455903,30.);
#744 = AXIS2_PLACEMENT_2D('',#745,#746);
#745 = CARTESIAN_POINT('',(-226.2481262684,-228.5));
#746 = DIRECTION('',(-1.,0.));
#747 = ( GEOMETRIC_REPRESENTATION_CONTEXT(2) 
PARAMETRIC_REPRESENTATION_CONTEXT() REPRESENTATION_CONTEXT('2D SPACE',''
  ) );
#748 = PCURVE('',#749,#754);
#749 = CYLINDRICAL_SURFACE('',#750,30.);
#750 = AXIS2_PLACEMENT_3D('',#751,#752,#753);
#751 = CARTESIAN_POINT('',(-100.,28.5,-29.4));
#752 = DIRECTION('',(-1.,-0.,-0.));
#753 = DIRECTION('',(0.,4.736951571734E-16,-1.));
#754 = DEFINITIONAL_REPRESENTATION('',(#755),#765);
#755 = B_SPLINE_CURVE_WITH_KNOTS('',8,(#756,#757,#758,#759,#760,#761,
    #762,#763,#764),.UNSPECIFIED.,.F.,.F.,(9,9),(1.570796326795,
    3.14159265359),.PIECEWISE_BEZIER_KNOTS.);
#756 = CARTESIAN_POINT('',(-1.570796326795,-80.21492682271));
#757 = CARTESIAN_POINT('',(-1.374446785946,-80.85483840577));
#758 = CARTESIAN_POINT('',(-1.178097245096,-81.49475014089));
#759 = CARTESIAN_POINT('',(-0.981747704246,-82.09706733355));
#760 = CARTESIAN_POINT('',(-0.785398163397,-82.62420282809));
#761 = CARTESIAN_POINT('',(-0.589048622549,-83.04318309138));
#762 = CARTESIAN_POINT('',(-0.392699081699,-83.33037379302));
#763 = CARTESIAN_POINT('',(-0.196349540849,-83.47396975341));
#764 = CARTESIAN_POINT('',(-1.184237892933E-16,-83.47396975341));
#765 = ( GEOMETRIC_REPRESENTATION_CONTEXT(2) 
PARAMETRIC_REPRESENTATION_CONTEXT() REPRESENTATION_CONTEXT('2D SPACE',''
  ) );
#766 = ADVANCED_FACE('',(#767),#555,.F.);
#767 = FACE_BOUND('',#768,.F.);
#768 = EDGE_LOOP('',(#769,#879,#928,#929));
#769 = ORIENTED_EDGE('',*,*,#770,.T.);
#770 = EDGE_CURVE('',#594,#771,#773,.T.);
#771 = VERTEX_POINT('',#772);
#772 = CARTESIAN_POINT('',(-19.23576514317,55.24703919086,
    -15.93783738916));
#773 = SURFACE_CURVE('',#774,(#807,#843),.PCURVE_S1.);
#774 = B_SPLINE_CURVE_WITH_KNOTS('',6,(#775,#776,#777,#778,#779,#780,
    #781,#782,#783,#784,#785,#786,#787,#788,#789,#790,#791,#792,#793,
    #794,#795,#796,#797,#798,#799,#800,#801,#802,#803,#804,#805,#806),
  .UNSPECIFIED.,.F.,.F.,(7,5,5,5,5,5,7),(0.,0.144002524461,
    0.287525673419,0.458028634813,0.631022094093,0.809261026447,1.),
  .UNSPECIFIED.);
#775 = CARTESIAN_POINT('',(-29.95328712105,50.2498814988,-27.94994471115
    ));
#776 = CARTESIAN_POINT('',(-29.56822386502,50.479412592681,
    -27.53728163124));
#777 = CARTESIAN_POINT('',(-29.1829823067,50.704250954448,
    -27.12348220347));
#778 = CARTESIAN_POINT('',(-28.79761921003,50.924453067467,
    -26.70854274613));
#779 = CARTESIAN_POINT('',(-28.41219475323,51.140071478971,
    -26.29245641338));
#780 = CARTESIAN_POINT('',(-28.02677353564,51.351155193099,
    -25.87521236474));
#781 = CARTESIAN_POINT('',(-27.25736043291,51.763657193215,
    -25.03977039031));
#782 = CARTESIAN_POINT('',(-26.87337299473,51.965102669409,
    -24.62158563011));
#783 = CARTESIAN_POINT('',(-26.48952336911,52.162137073536,
    -24.20221498821));
#784 = CARTESIAN_POINT('',(-26.10588145353,52.3548047643,-23.78163277542
    ));
#785 = CARTESIAN_POINT('',(-25.72252859004,52.543144764416,
    -23.35981198179));
#786 = CARTESIAN_POINT('',(-24.88459836605,52.945836086722,
    -22.43410073067));
#787 = CARTESIAN_POINT('',(-24.43020883224,53.158407171667,
    -21.92972199341));
#788 = CARTESIAN_POINT('',(-23.97648791308,53.364993693492,
    -21.42346946928));
#789 = CARTESIAN_POINT('',(-23.52358249666,53.565658974894,
    -20.91524548725));
#790 = CARTESIAN_POINT('',(-23.07169597565,53.760446272599,
    -20.40496691665));
#791 = CARTESIAN_POINT('',(-22.16391253498,54.1410818612,-19.37266863432
    ));
#792 = CARTESIAN_POINT('',(-21.70813546912,54.326723646378,
    -18.85067963358));
#793 = CARTESIAN_POINT('',(-21.25384052883,54.506427835463,
    -18.32628706119));
#794 = CARTESIAN_POINT('',(-20.80124607993,54.680249814599,
    -17.79927026021));
#795 = CARTESIAN_POINT('',(-20.35072572919,54.848198159095,
    -17.26948506967));
#796 = CARTESIAN_POINT('',(-19.44133653396,55.177217038668,
    -16.1880745475));
#797 = CARTESIAN_POINT('',(-18.98285091761,55.337844343458,
    -15.63653808041));
#798 = CARTESIAN_POINT('',(-18.52735220531,55.492336511777,
    -15.08145117288));
#799 = CARTESIAN_POINT('',(-18.07523392141,55.640739518931,
    -14.52229926001));
#800 = CARTESIAN_POINT('',(-17.6273202738,55.782988543696,
    -13.95883391279));
#801 = CARTESIAN_POINT('',(-16.7114329915,56.064457014272,
    -12.78346588724));
#802 = CARTESIAN_POINT('',(-16.24480017961,56.202596790397,
    -12.17163689275));
#803 = CARTESIAN_POINT('',(-15.78479345823,56.333781962942,
    -11.55336416366));
#804 = CARTESIAN_POINT('',(-15.33254940597,56.457973196817,
    -10.92743421286));
#805 = CARTESIAN_POINT('',(-14.89043501983,56.574910779165,
    -10.29338331044));
#806 = CARTESIAN_POINT('',(-14.46191219494,56.684240275985,
    -9.651264390451));
#807 = PCURVE('',#555,#808);
#808 = DEFINITIONAL_REPRESENTATION('',(#809),#842);
#809 = B_SPLINE_CURVE_WITH_KNOTS('',6,(#810,#811,#812,#813,#814,#815,
    #816,#817,#818,#819,#820,#821,#822,#823,#824,#825,#826,#827,#828,
    #829,#830,#831,#832,#833,#834,#835,#836,#837,#838,#839,#840,#841),
  .UNSPECIFIED.,.F.,.F.,(7,5,5,5,5,5,7),(0.,0.144002524461,
    0.287525673419,0.458028634813,0.631022094093,0.809261026447,1.),
  .UNSPECIFIED.);
#810 = CARTESIAN_POINT('',(4.204783557814,70.046712878941));
#811 = CARTESIAN_POINT('',(4.212995777776,70.431776134978));
#812 = CARTESIAN_POINT('',(4.221185597661,70.8170176933));
#813 = CARTESIAN_POINT('',(4.229354547813,71.202380789968));
#814 = CARTESIAN_POINT('',(4.237504146243,71.587805246762));
#815 = CARTESIAN_POINT('',(4.245635920666,71.973226464354));
#816 = CARTESIAN_POINT('',(4.261839924397,72.742639567084));
#817 = CARTESIAN_POINT('',(4.269912157762,73.126627005269));
#818 = CARTESIAN_POINT('',(4.277969872794,73.510476630888));
#819 = CARTESIAN_POINT('',(4.286014745139,73.894118546461));
#820 = CARTESIAN_POINT('',(4.29404841718,74.277471409957));
#821 = CARTESIAN_POINT('',(4.311605036871,75.115401633945));
#822 = CARTESIAN_POINT('',(4.321123421407,75.569791167755));
#823 = CARTESIAN_POINT('',(4.330631730033,76.023512086913));
#824 = CARTESIAN_POINT('',(4.340133497139,76.476417503338));
#825 = CARTESIAN_POINT('',(4.349631881155,76.92830402435));
#826 = CARTESIAN_POINT('',(4.36876645142,77.836087465011));
#827 = CARTESIAN_POINT('',(4.378400894455,78.291864530873));
#828 = CARTESIAN_POINT('',(4.388040441807,78.746159471166));
#829 = CARTESIAN_POINT('',(4.397690639738,79.198753920065));
#830 = CARTESIAN_POINT('',(4.407355529361,79.649274270805));
#831 = CARTESIAN_POINT('',(4.427013874992,80.558663466038));
#832 = CARTESIAN_POINT('',(4.437003610047,81.017149082382));
#833 = CARTESIAN_POINT('',(4.447023140822,81.472647794683));
#834 = CARTESIAN_POINT('',(4.457083091527,81.92476607859));
#835 = CARTESIAN_POINT('',(4.467189179067,82.372679726191));
#836 = CARTESIAN_POINT('',(4.488208313354,83.288567008499));
#837 = CARTESIAN_POINT('',(4.499115739278,83.755199820388));
#838 = CARTESIAN_POINT('',(4.510106288282,84.215206541762));
#839 = CARTESIAN_POINT('',(4.521202730483,84.667450594021));
#840 = CARTESIAN_POINT('',(4.532414614127,85.109564980168));
#841 = CARTESIAN_POINT('',(4.543742611412,85.538087805052));
#842 = ( GEOMETRIC_REPRESENTATION_CONTEXT(2) 
PARAMETRIC_REPRESENTATION_CONTEXT() REPRESENTATION_CONTEXT('2D SPACE',''
  ) );
#843 = PCURVE('',#612,#844);
#844 = DEFINITIONAL_REPRESENTATION('',(#845),#878);
#845 = B_SPLINE_CURVE_WITH_KNOTS('',6,(#846,#847,#848,#849,#850,#851,
    #852,#853,#854,#855,#856,#857,#858,#859,#860,#861,#862,#863,#864,
    #865,#866,#867,#868,#869,#870,#871,#872,#873,#874,#875,#876,#877),
  .UNSPECIFIED.,.F.,.F.,(7,5,5,5,5,5,7),(0.,0.144002524461,
    0.287525673419,0.458028634813,0.631022094093,0.809261026447,1.),
  .UNSPECIFIED.);
#846 = CARTESIAN_POINT('',(2.108333448139,72.050055288845));
#847 = CARTESIAN_POINT('',(2.100670479699,72.462718368756));
#848 = CARTESIAN_POINT('',(2.09304596636,72.876517796529));
#849 = CARTESIAN_POINT('',(2.085459437431,73.291457253862));
#850 = CARTESIAN_POINT('',(2.077910546982,73.707543586611));
#851 = CARTESIAN_POINT('',(2.070399083626,74.124787635253));
#852 = CARTESIAN_POINT('',(2.055475757806,74.960229609683));
#853 = CARTESIAN_POINT('',(2.048063742701,75.378414369886));
#854 = CARTESIAN_POINT('',(2.040688688074,75.797785011783));
#855 = CARTESIAN_POINT('',(2.033350581272,76.218367224577));
#856 = CARTESIAN_POINT('',(2.026049661612,76.640188018209));
#857 = CARTESIAN_POINT('',(2.010157857065,77.56589926933));
#858 = CARTESIAN_POINT('',(2.001583047311,78.070278006587));
#859 = CARTESIAN_POINT('',(1.993061695676,78.576530530716));
#860 = CARTESIAN_POINT('',(1.984594509225,79.08475451275));
#861 = CARTESIAN_POINT('',(1.976183288391,79.595033083343));
#862 = CARTESIAN_POINT('',(1.95935671188,80.627331365675));
#863 = CARTESIAN_POINT('',(1.950944610163,81.149320366413));
#864 = CARTESIAN_POINT('',(1.942594028135,81.673712938806));
#865 = CARTESIAN_POINT('',(1.934307019822,82.200729739785));
#866 = CARTESIAN_POINT('',(1.926088484979,82.73051493033));
#867 = CARTESIAN_POINT('',(1.909557217024,83.811925452496));
#868 = CARTESIAN_POINT('',(1.901253220573,84.363461919588));
#869 = CARTESIAN_POINT('',(1.893031861322,84.918548827115));
#870 = CARTESIAN_POINT('',(1.884898223967,85.477700739988));
#871 = CARTESIAN_POINT('',(1.876865090652,86.041166087204));
#872 = CARTESIAN_POINT('',(1.860486256653,87.216534112752));
#873 = CARTESIAN_POINT('',(1.85216788785,87.828363107247));
#874 = CARTESIAN_POINT('',(1.843991620804,88.446635836338));
#875 = CARTESIAN_POINT('',(1.835975313522,89.072565787133));
#876 = CARTESIAN_POINT('',(1.828158216414,89.706616689551));
#877 = CARTESIAN_POINT('',(1.820598393388,90.348735609549));
#878 = ( GEOMETRIC_REPRESENTATION_CONTEXT(2) 
PARAMETRIC_REPRESENTATION_CONTEXT() REPRESENTATION_CONTEXT('2D SPACE',''
  ) );
#879 = ORIENTED_EDGE('',*,*,#880,.T.);
#880 = EDGE_CURVE('',#771,#464,#881,.T.);
#881 = SURFACE_CURVE('',#882,(#887,#921),.PCURVE_S1.);
#882 = ELLIPSE('',#883,57.838298290481,57.5);
#883 = AXIS2_PLACEMENT_3D('',#884,#885,#886);
#884 = CARTESIAN_POINT('',(-20.9671683523,0.,0.));
#885 = DIRECTION('',(-0.994150963972,-0.,-0.107999355706));
#886 = DIRECTION('',(0.107999355706,0.,-0.994150963972));
#887 = PCURVE('',#555,#888);
#888 = DEFINITIONAL_REPRESENTATION('',(#889),#920);
#889 = B_SPLINE_CURVE_WITH_KNOTS('',8,(#890,#891,#892,#893,#894,#895,
    #896,#897,#898,#899,#900,#901,#902,#903,#904,#905,#906,#907,#908,
    #909,#910,#911,#912,#913,#914,#915,#916,#917,#918,#919),
  .UNSPECIFIED.,.F.,.F.,(9,7,7,7,9),(3.14159265359,4.712388980385,
    5.890486225481,7.657632093125,9.424777960769),.UNSPECIFIED.);
#890 = CARTESIAN_POINT('',(6.28318530718,72.786332697191));
#891 = CARTESIAN_POINT('',(6.08683576633,72.786332697191));
#892 = CARTESIAN_POINT('',(5.890486225482,73.061558288093));
#893 = CARTESIAN_POINT('',(5.69413668463,73.612007131829));
#894 = CARTESIAN_POINT('',(5.497787143789,74.415052637807));
#895 = CARTESIAN_POINT('',(5.301437602933,75.425395667524));
#896 = CARTESIAN_POINT('',(5.105088062084,76.579836954785));
#897 = CARTESIAN_POINT('',(4.908738521234,77.806334446848));
#898 = CARTESIAN_POINT('',(4.565126824748,79.952704548331));
#899 = CARTESIAN_POINT('',(4.41786466911,80.872577112322));
#900 = CARTESIAN_POINT('',(4.270602513474,81.762053861479));
#901 = CARTESIAN_POINT('',(4.123340357837,82.590730865093));
#902 = CARTESIAN_POINT('',(3.976078202199,83.330328892183));
#903 = CARTESIAN_POINT('',(3.828816046563,83.956773840582));
#904 = CARTESIAN_POINT('',(3.681553890926,84.451824058965));
#905 = CARTESIAN_POINT('',(3.313398501833,85.331874356352));
#906 = CARTESIAN_POINT('',(3.092505268374,85.538087205052));
#907 = CARTESIAN_POINT('',(2.871612034941,85.383226484002));
#908 = CARTESIAN_POINT('',(2.650718801447,84.861514268501));
#909 = CARTESIAN_POINT('',(2.429825568029,84.006859918649));
#910 = CARTESIAN_POINT('',(2.208932334554,82.890100916251));
#911 = CARTESIAN_POINT('',(1.9880391011,81.604759840601));
#912 = CARTESIAN_POINT('',(1.546252634189,78.898166438245));
#913 = CARTESIAN_POINT('',(1.325359400744,77.476912613514));
#914 = CARTESIAN_POINT('',(1.10446616726,76.088330990518));
#915 = CARTESIAN_POINT('',(0.883572933896,74.840079686546));
#916 = CARTESIAN_POINT('',(0.662679700348,73.831323974096));
#917 = CARTESIAN_POINT('',(0.441786466926,73.134665581034));
#918 = CARTESIAN_POINT('',(0.220893233456,72.786332697191));
#919 = CARTESIAN_POINT('',(8.881784197001E-15,72.786332697191));
#920 = ( GEOMETRIC_REPRESENTATION_CONTEXT(2) 
PARAMETRIC_REPRESENTATION_CONTEXT() REPRESENTATION_CONTEXT('2D SPACE',''
  ) );
#921 = PCURVE('',#483,#922);
#922 = DEFINITIONAL_REPRESENTATION('',(#923),#927);
#923 = ELLIPSE('',#924,57.838298290481,57.5);
#924 = AXIS2_PLACEMENT_2D('',#925,#926);
#925 = CARTESIAN_POINT('',(-255.6038301264,-200.));
#926 = DIRECTION('',(1.,-0.));
#927 = ( GEOMETRIC_REPRESENTATION_CONTEXT(2) 
PARAMETRIC_REPRESENTATION_CONTEXT() REPRESENTATION_CONTEXT('2D SPACE',''
  ) );
#928 = ORIENTED_EDGE('',*,*,#495,.T.);
#929 = ORIENTED_EDGE('',*,*,#628,.F.);
#930 = ADVANCED_FACE('',(#931,#1020),#483,.T.);
#931 = FACE_BOUND('',#932,.F.);
#932 = EDGE_LOOP('',(#933,#965,#993,#994,#995));
#933 = ORIENTED_EDGE('',*,*,#934,.F.);
#934 = EDGE_CURVE('',#935,#937,#939,.T.);
#935 = VERTEX_POINT('',#936);
#936 = CARTESIAN_POINT('',(-27.2136673028,1.408343819019E-14,57.5));
#937 = VERTEX_POINT('',#938);
#938 = CARTESIAN_POINT('',(-23.19937032299,53.703251452929,
    20.547768330975));
#939 = SURFACE_CURVE('',#940,(#945,#952),.PCURVE_S1.);
#940 = ELLIPSE('',#941,57.838298290481,57.5);
#941 = AXIS2_PLACEMENT_3D('',#942,#943,#944);
#942 = CARTESIAN_POINT('',(-20.9671683523,0.,0.));
#943 = DIRECTION('',(-0.994150963972,-0.,-0.107999355706));
#944 = DIRECTION('',(0.107999355706,0.,-0.994150963972));
#945 = PCURVE('',#483,#946);
#946 = DEFINITIONAL_REPRESENTATION('',(#947),#951);
#947 = ELLIPSE('',#948,57.838298290481,57.5);
#948 = AXIS2_PLACEMENT_2D('',#949,#950);
#949 = CARTESIAN_POINT('',(-255.6038301264,-200.));
#950 = DIRECTION('',(1.,-0.));
#951 = ( GEOMETRIC_REPRESENTATION_CONTEXT(2) 
PARAMETRIC_REPRESENTATION_CONTEXT() REPRESENTATION_CONTEXT('2D SPACE',''
  ) );
#952 = PCURVE('',#442,#953);
#953 = DEFINITIONAL_REPRESENTATION('',(#954),#964);
#954 = B_SPLINE_CURVE_WITH_KNOTS('',8,(#955,#956,#957,#958,#959,#960,
    #961,#962,#963),.UNSPECIFIED.,.F.,.F.,(9,9),(3.14159265359,
    4.346957312204),.PIECEWISE_BEZIER_KNOTS.);
#955 = CARTESIAN_POINT('',(6.28318530718,72.786332697191));
#956 = CARTESIAN_POINT('',(6.132514724853,72.786332697191));
#957 = CARTESIAN_POINT('',(5.981844142527,72.948396477958));
#958 = CARTESIAN_POINT('',(5.831173560199,73.272522983033));
#959 = CARTESIAN_POINT('',(5.680502977874,73.750866596726));
#960 = CARTESIAN_POINT('',(5.529832395548,74.367724294249));
#961 = CARTESIAN_POINT('',(5.379161813221,75.1005070363));
#962 = CARTESIAN_POINT('',(5.228491230894,75.921611464324));
#963 = CARTESIAN_POINT('',(5.077820648566,76.80062968951));
#964 = ( GEOMETRIC_REPRESENTATION_CONTEXT(2) 
PARAMETRIC_REPRESENTATION_CONTEXT() REPRESENTATION_CONTEXT('2D SPACE',''
  ) );
#965 = ORIENTED_EDGE('',*,*,#966,.F.);
#966 = EDGE_CURVE('',#369,#935,#967,.T.);
#967 = SURFACE_CURVE('',#968,(#973,#980),.PCURVE_S1.);
#968 = ELLIPSE('',#969,57.838298290481,57.5);
#969 = AXIS2_PLACEMENT_3D('',#970,#971,#972);
#970 = CARTESIAN_POINT('',(-20.9671683523,0.,0.));
#971 = DIRECTION('',(-0.994150963972,-0.,-0.107999355706));
#972 = DIRECTION('',(0.107999355706,0.,-0.994150963972));
#973 = PCURVE('',#483,#974);
#974 = DEFINITIONAL_REPRESENTATION('',(#975),#979);
#975 = ELLIPSE('',#976,57.838298290481,57.5);
#976 = AXIS2_PLACEMENT_2D('',#977,#978);
#977 = CARTESIAN_POINT('',(-255.6038301264,-200.));
#978 = DIRECTION('',(1.,-0.));
#979 = ( GEOMETRIC_REPRESENTATION_CONTEXT(2) 
PARAMETRIC_REPRESENTATION_CONTEXT() REPRESENTATION_CONTEXT('2D SPACE',''
  ) );
#980 = PCURVE('',#442,#981);
#981 = DEFINITIONAL_REPRESENTATION('',(#982),#992);
#982 = B_SPLINE_CURVE_WITH_KNOTS('',8,(#983,#984,#985,#986,#987,#988,
    #989,#990,#991),.UNSPECIFIED.,.F.,.F.,(9,9),(8.219413302155,
    9.424777960769),.PIECEWISE_BEZIER_KNOTS.);
#983 = CARTESIAN_POINT('',(7.488549965802,76.800629657327));
#984 = CARTESIAN_POINT('',(7.33787938348,75.921611377352));
#985 = CARTESIAN_POINT('',(7.187208801158,75.100506974467));
#986 = CARTESIAN_POINT('',(7.036538218832,74.367724476115));
#987 = CARTESIAN_POINT('',(6.885867636499,73.75086692712));
#988 = CARTESIAN_POINT('',(6.73519705416,73.272522390563));
#989 = CARTESIAN_POINT('',(6.58452647184,72.948396708426));
#990 = CARTESIAN_POINT('',(6.433855889506,72.786332697191));
#991 = CARTESIAN_POINT('',(6.28318530718,72.786332697191));
#992 = ( GEOMETRIC_REPRESENTATION_CONTEXT(2) 
PARAMETRIC_REPRESENTATION_CONTEXT() REPRESENTATION_CONTEXT('2D SPACE',''
  ) );
#993 = ORIENTED_EDGE('',*,*,#463,.F.);
#994 = ORIENTED_EDGE('',*,*,#880,.F.);
#995 = ORIENTED_EDGE('',*,*,#996,.F.);
#996 = EDGE_CURVE('',#937,#771,#997,.T.);
#997 = SURFACE_CURVE('',#998,(#1003,#1010),.PCURVE_S1.);
#998 = ELLIPSE('',#999,541.66989809863,58.5);
#999 = AXIS2_PLACEMENT_3D('',#1000,#1001,#1002);
#1000 = CARTESIAN_POINT('',(0.,0.,-193.0060646468));
#1001 = DIRECTION('',(-0.994150963972,0.,-0.107999355706));
#1002 = DIRECTION('',(-0.107999355706,0.,0.994150963972));
#1003 = PCURVE('',#483,#1004);
#1004 = DEFINITIONAL_REPRESENTATION('',(#1005),#1009);
#1005 = ELLIPSE('',#1006,541.66989809863,58.5);
#1006 = AXIS2_PLACEMENT_2D('',#1007,#1008);
#1007 = CARTESIAN_POINT('',(-61.4622242323,-200.));
#1008 = DIRECTION('',(-1.,0.));
#1009 = ( GEOMETRIC_REPRESENTATION_CONTEXT(2) 
PARAMETRIC_REPRESENTATION_CONTEXT() REPRESENTATION_CONTEXT('2D SPACE',''
  ) );
#1010 = PCURVE('',#612,#1011);
#1011 = DEFINITIONAL_REPRESENTATION('',(#1012),#1019);
#1012 = B_SPLINE_CURVE_WITH_KNOTS('',5,(#1013,#1014,#1015,#1016,#1017,
    #1018),.UNSPECIFIED.,.F.,.F.,(6,6),(1.072837975375,1.287328438566),
  .PIECEWISE_BEZIER_KNOTS.);
#1013 = CARTESIAN_POINT('',(2.068754678215,164.2000006));
#1014 = CARTESIAN_POINT('',(2.025856585576,143.9046655008));
#1015 = CARTESIAN_POINT('',(1.982958492938,123.01767787207));
#1016 = CARTESIAN_POINT('',(1.9400604003,101.61684275544));
#1017 = CARTESIAN_POINT('',(1.897162307662,79.784520853319));
#1018 = CARTESIAN_POINT('',(1.854264215024,57.605745996343));
#1019 = ( GEOMETRIC_REPRESENTATION_CONTEXT(2) 
PARAMETRIC_REPRESENTATION_CONTEXT() REPRESENTATION_CONTEXT('2D SPACE',''
  ) );
#1020 = FACE_BOUND('',#1021,.F.);
#1021 = EDGE_LOOP('',(#1022));
#1022 = ORIENTED_EDGE('',*,*,#1023,.T.);
#1023 = EDGE_CURVE('',#1024,#1024,#1026,.T.);
#1024 = VERTEX_POINT('',#1025);
#1025 = CARTESIAN_POINT('',(-26.07300227706,1.151167991199E-14,47.));
#1026 = SURFACE_CURVE('',#1027,(#1032,#1039),.PCURVE_S1.);
#1027 = ELLIPSE('',#1028,47.276522080915,47.);
#1028 = AXIS2_PLACEMENT_3D('',#1029,#1030,#1031);
#1029 = CARTESIAN_POINT('',(-20.9671683523,0.,0.));
#1030 = DIRECTION('',(-0.994150963972,-0.,-0.107999355706));
#1031 = DIRECTION('',(0.107999355706,0.,-0.994150963972));
#1032 = PCURVE('',#483,#1033);
#1033 = DEFINITIONAL_REPRESENTATION('',(#1034),#1038);
#1034 = ELLIPSE('',#1035,47.276522080915,47.);
#1035 = AXIS2_PLACEMENT_2D('',#1036,#1037);
#1036 = CARTESIAN_POINT('',(-255.6038301264,-200.));
#1037 = DIRECTION('',(1.,-0.));
#1038 = ( GEOMETRIC_REPRESENTATION_CONTEXT(2) 
PARAMETRIC_REPRESENTATION_CONTEXT() REPRESENTATION_CONTEXT('2D SPACE',''
  ) );
#1039 = PCURVE('',#1040,#1045);
#1040 = CYLINDRICAL_SURFACE('',#1041,47.);
#1041 = AXIS2_PLACEMENT_3D('',#1042,#1043,#1044);
#1042 = CARTESIAN_POINT('',(-100.,0.,0.));
#1043 = DIRECTION('',(1.,0.,0.));
#1044 = DIRECTION('',(-0.,0.,1.));
#1045 = DEFINITIONAL_REPRESENTATION('',(#1046),#1077);
#1046 = B_SPLINE_CURVE_WITH_KNOTS('',8,(#1047,#1048,#1049,#1050,#1051,
    #1052,#1053,#1054,#1055,#1056,#1057,#1058,#1059,#1060,#1061,#1062,
    #1063,#1064,#1065,#1066,#1067,#1068,#1069,#1070,#1071,#1072,#1073,
    #1074,#1075,#1076),.UNSPECIFIED.,.F.,.F.,(9,7,7,7,9),(3.14159265359,
    4.712388980385,5.890486225481,7.657632093125,9.424777960769),
  .UNSPECIFIED.);
#1047 = CARTESIAN_POINT('',(6.28318530718,73.926997722935));
#1048 = CARTESIAN_POINT('',(6.08683576633,73.926997722935));
#1049 = CARTESIAN_POINT('',(5.890486225482,74.151964727782));
#1050 = CARTESIAN_POINT('',(5.69413668463,74.60189682577));
#1051 = CARTESIAN_POINT('',(5.497787143789,75.258299239911));
#1052 = CARTESIAN_POINT('',(5.301437602933,76.084144846245));
#1053 = CARTESIAN_POINT('',(5.105088062084,77.027775116119));
#1054 = CARTESIAN_POINT('',(4.908738521234,78.030303500915));
#1055 = CARTESIAN_POINT('',(4.565126824748,79.78472775778));
#1056 = CARTESIAN_POINT('',(4.41786466911,80.536623592685));
#1057 = CARTESIAN_POINT('',(4.270602513474,81.263674152882));
#1058 = CARTESIAN_POINT('',(4.123340357837,81.941027529738));
#1059 = CARTESIAN_POINT('',(3.976078202199,82.545568525787));
#1060 = CARTESIAN_POINT('',(3.828816046563,83.057619179284));
#1061 = CARTESIAN_POINT('',(3.681553890926,83.462268922994));
#1062 = CARTESIAN_POINT('',(3.313398501833,84.181614383467));
#1063 = CARTESIAN_POINT('',(3.092505268374,84.350170972866));
#1064 = CARTESIAN_POINT('',(2.871612034941,84.22358916598));
#1065 = CARTESIAN_POINT('',(2.650718801447,83.797146137804));
#1066 = CARTESIAN_POINT('',(2.429825568029,83.098559104023));
#1067 = CARTESIAN_POINT('',(2.208932334554,82.185730006371));
#1068 = CARTESIAN_POINT('',(1.9880391011,81.135103387983));
#1069 = CARTESIAN_POINT('',(1.546252634189,78.922757476492));
#1070 = CARTESIAN_POINT('',(1.325359400744,77.761036958909));
#1071 = CARTESIAN_POINT('',(1.10446616726,76.626022414595));
#1072 = CARTESIAN_POINT('',(0.883572933896,75.60571265372));
#1073 = CARTESIAN_POINT('',(0.662679700348,74.781164505403));
#1074 = CARTESIAN_POINT('',(0.441786466926,74.21172199327));
#1075 = CARTESIAN_POINT('',(0.220893233456,73.926997722935));
#1076 = CARTESIAN_POINT('',(8.881784197001E-15,73.926997722935));
#1077 = ( GEOMETRIC_REPRESENTATION_CONTEXT(2) 
PARAMETRIC_REPRESENTATION_CONTEXT() REPRESENTATION_CONTEXT('2D SPACE',''
  ) );
#1078 = ADVANCED_FACE('',(#1079),#442,.F.);
#1079 = FACE_BOUND('',#1080,.F.);
#1080 = EDGE_LOOP('',(#1081,#1082,#1083,#1157,#1187,#1215));
#1081 = ORIENTED_EDGE('',*,*,#966,.T.);
#1082 = ORIENTED_EDGE('',*,*,#934,.T.);
#1083 = ORIENTED_EDGE('',*,*,#1084,.T.);
#1084 = EDGE_CURVE('',#937,#1085,#1087,.T.);
#1085 = VERTEX_POINT('',#1086);
#1086 = CARTESIAN_POINT('',(-25.48852773859,52.655341169905,
    23.101191447215));
#1087 = SURFACE_CURVE('',#1088,(#1115,#1127),.PCURVE_S1.);
#1088 = B_SPLINE_CURVE_WITH_KNOTS('',7,(#1089,#1090,#1091,#1092,#1093,
    #1094,#1095,#1096,#1097,#1098,#1099,#1100,#1101,#1102,#1103,#1104,
    #1105,#1106,#1107,#1108,#1109,#1110,#1111,#1112,#1113,#1114),
  .UNSPECIFIED.,.F.,.F.,(8,6,6,6,8),(0.,0.26910412305,0.516972221773,
    0.758862881712,1.),.UNSPECIFIED.);
#1089 = CARTESIAN_POINT('',(-14.46191219494,56.684240275985,
    9.651264390451));
#1090 = CARTESIAN_POINT('',(-14.97903528586,56.552306096426,
    10.426146150207));
#1091 = CARTESIAN_POINT('',(-15.51618634166,56.409400020226,
    11.19078185187));
#1092 = CARTESIAN_POINT('',(-16.06771495325,56.256088683213,
    11.94466708601));
#1093 = CARTESIAN_POINT('',(-16.62940855005,56.09288536249,
    12.687808435993));
#1094 = CARTESIAN_POINT('',(-17.1988722285,55.920067474559,
    13.421286282348));
#1095 = CARTESIAN_POINT('',(-17.77562760885,55.737394511196,
    14.147532745708));
#1096 = CARTESIAN_POINT('',(-18.90014711453,55.365665371814,
    15.536024502496));
#1097 = CARTESIAN_POINT('',(-19.4451573505,55.178729805153,
    16.197007259086));
#1098 = CARTESIAN_POINT('',(-19.99450198971,54.983232458389,
    16.853160810266));
#1099 = CARTESIAN_POINT('',(-20.54716772803,54.77924653116,
    17.504662082346));
#1100 = CARTESIAN_POINT('',(-21.10257028147,54.566742988083,
    18.15192328357));
#1101 = CARTESIAN_POINT('',(-21.66048805414,54.345564707585,
    18.795563669309));
#1102 = CARTESIAN_POINT('',(-22.76799410884,53.890797880077,
    20.061740449864));
#1103 = CARTESIAN_POINT('',(-23.317096461,53.657786038146,20.68399716401
    ));
#1104 = CARTESIAN_POINT('',(-23.86779725767,53.416343773826,
    21.30323518207));
#1105 = CARTESIAN_POINT('',(-24.41972478361,53.166414242029,
    21.919577188012));
#1106 = CARTESIAN_POINT('',(-24.9726135419,52.907906409297,
    22.53317508043));
#1107 = CARTESIAN_POINT('',(-25.5262768512,52.640693994006,
    23.144199754967));
#1108 = CARTESIAN_POINT('',(-26.63316329878,52.08940104539,
    24.359560068584));
#1109 = CARTESIAN_POINT('',(-27.18630298702,51.805415187496,
    24.963823720379));
#1110 = CARTESIAN_POINT('',(-27.73977350407,51.512555730721,
    25.565685727628));
#1111 = CARTESIAN_POINT('',(-28.29337436743,51.210707772834,
    26.16519617875));
#1112 = CARTESIAN_POINT('',(-28.84692910333,50.899743716046,
    26.762392068061));
#1113 = CARTESIAN_POINT('',(-29.40028071004,50.579521277339,
    27.357300969634));
#1114 = CARTESIAN_POINT('',(-29.95328712105,50.2498814988,
    27.949944711155));
#1115 = PCURVE('',#442,#1116);
#1116 = DEFINITIONAL_REPRESENTATION('',(#1117),#1126);
#1117 = B_SPLINE_CURVE_WITH_KNOTS('',7,(#1118,#1119,#1120,#1121,#1122,
    #1123,#1124,#1125),.UNSPECIFIED.,.F.,.F.,(8,8),(0.578615569161,
    0.721933053252),.PIECEWISE_BEZIER_KNOTS.);
#1118 = CARTESIAN_POINT('',(5.077820648566,76.800629677057));
#1119 = CARTESIAN_POINT('',(5.084668715757,76.474900202246));
#1120 = CARTESIAN_POINT('',(5.091518285411,76.148629049487));
#1121 = CARTESIAN_POINT('',(5.098370364769,75.821895468794));
#1122 = CARTESIAN_POINT('',(5.105226047822,75.494764612204));
#1123 = CARTESIAN_POINT('',(5.112086507935,75.167289678597));
#1124 = CARTESIAN_POINT('',(5.118952987985,74.839513884425));
#1125 = CARTESIAN_POINT('',(5.125826788006,74.511472260359));
#1126 = ( GEOMETRIC_REPRESENTATION_CONTEXT(2) 
PARAMETRIC_REPRESENTATION_CONTEXT() REPRESENTATION_CONTEXT('2D SPACE',''
  ) );
#1127 = PCURVE('',#612,#1128);
#1128 = DEFINITIONAL_REPRESENTATION('',(#1129),#1156);
#1129 = B_SPLINE_CURVE_WITH_KNOTS('',7,(#1130,#1131,#1132,#1133,#1134,
    #1135,#1136,#1137,#1138,#1139,#1140,#1141,#1142,#1143,#1144,#1145,
    #1146,#1147,#1148,#1149,#1150,#1151,#1152,#1153,#1154,#1155),
  .UNSPECIFIED.,.F.,.F.,(8,6,6,6,8),(0.,0.26910412305,0.516972221773,
    0.758862881712,1.),.UNSPECIFIED.);
#1130 = CARTESIAN_POINT('',(1.820598393388,109.65126439045));
#1131 = CARTESIAN_POINT('',(1.829721265784,110.4261461502));
#1132 = CARTESIAN_POINT('',(1.839222236025,111.19078185187));
#1133 = CARTESIAN_POINT('',(1.849006557812,111.94466708601));
#1134 = CARTESIAN_POINT('',(1.859003996544,112.68780843599));
#1135 = CARTESIAN_POINT('',(1.869175633332,113.42128628234));
#1136 = CARTESIAN_POINT('',(1.879516577096,114.1475327457));
#1137 = CARTESIAN_POINT('',(1.899762177527,115.53602450249));
#1138 = CARTESIAN_POINT('',(1.909610760222,116.19700725908));
#1139 = CARTESIAN_POINT('',(1.919577120795,116.85316081026));
#1140 = CARTESIAN_POINT('',(1.929646110166,117.50466208234));
#1141 = CARTESIAN_POINT('',(1.939810209083,118.15192328357));
#1142 = CARTESIAN_POINT('',(1.950068591497,118.7955636693));
#1143 = CARTESIAN_POINT('',(1.970534224749,120.06174044986));
#1144 = CARTESIAN_POINT('',(1.980730046965,120.68399716401));
#1145 = CARTESIAN_POINT('',(1.99100757174,121.30323518207));
#1146 = CARTESIAN_POINT('',(2.001363108207,121.91957718801));
#1147 = CARTESIAN_POINT('',(2.011794980363,122.53317508043));
#1148 = CARTESIAN_POINT('',(2.02230310305,123.14419975496));
#1149 = CARTESIAN_POINT('',(2.04344116345,124.35956006858));
#1150 = CARTESIAN_POINT('',(2.054069102094,124.96382372037));
#1151 = CARTESIAN_POINT('',(2.064771648541,125.56568572762));
#1152 = CARTESIAN_POINT('',(2.07554865074,126.16519617875));
#1153 = CARTESIAN_POINT('',(2.08640054697,126.76239206806));
#1154 = CARTESIAN_POINT('',(2.097328319479,127.35730096963));
#1155 = CARTESIAN_POINT('',(2.108333448139,127.94994471115));
#1156 = ( GEOMETRIC_REPRESENTATION_CONTEXT(2) 
PARAMETRIC_REPRESENTATION_CONTEXT() REPRESENTATION_CONTEXT('2D SPACE',''
  ) );
#1157 = ORIENTED_EDGE('',*,*,#1158,.F.);
#1158 = EDGE_CURVE('',#1159,#1085,#1161,.T.);
#1159 = VERTEX_POINT('',#1160);
#1160 = CARTESIAN_POINT('',(-29.22543419987,1.408343819019E-14,57.5));
#1161 = SURFACE_CURVE('',#1162,(#1167,#1180),.PCURVE_S1.);
#1162 = ELLIPSE('',#1163,57.838298290481,57.5);
#1163 = AXIS2_PLACEMENT_3D('',#1164,#1165,#1166);
#1164 = CARTESIAN_POINT('',(-22.97893524936,0.,0.));
#1165 = DIRECTION('',(-0.994150963972,-0.,-0.107999355706));
#1166 = DIRECTION('',(0.107999355706,0.,-0.994150963972));
#1167 = PCURVE('',#442,#1168);
#1168 = DEFINITIONAL_REPRESENTATION('',(#1169),#1179);
#1169 = B_SPLINE_CURVE_WITH_KNOTS('',8,(#1170,#1171,#1172,#1173,#1174,
    #1175,#1176,#1177,#1178),.UNSPECIFIED.,.F.,.F.,(9,9),(3.14159265359,
    4.298951172751),.PIECEWISE_BEZIER_KNOTS.);
#1170 = CARTESIAN_POINT('',(6.28318530718,70.77456580013));
#1171 = CARTESIAN_POINT('',(6.138515492284,70.77456580013));
#1172 = CARTESIAN_POINT('',(5.99384567739,70.923977595515));
#1173 = CARTESIAN_POINT('',(5.849175862494,71.22280025099));
#1174 = CARTESIAN_POINT('',(5.704506047601,71.664365279935));
#1175 = CARTESIAN_POINT('',(5.559836232706,72.235326157061));
#1176 = CARTESIAN_POINT('',(5.415166417811,72.916419090008));
#1177 = CARTESIAN_POINT('',(5.270496602915,73.683931889567));
#1178 = CARTESIAN_POINT('',(5.12582678802,74.511472268704));
#1179 = ( GEOMETRIC_REPRESENTATION_CONTEXT(2) 
PARAMETRIC_REPRESENTATION_CONTEXT() REPRESENTATION_CONTEXT('2D SPACE',''
  ) );
#1180 = PCURVE('',#356,#1181);
#1181 = DEFINITIONAL_REPRESENTATION('',(#1182),#1186);
#1182 = ELLIPSE('',#1183,57.838298290481,57.5);
#1183 = AXIS2_PLACEMENT_2D('',#1184,#1185);
#1184 = CARTESIAN_POINT('',(-255.8210996552,-200.));
#1185 = DIRECTION('',(1.,-0.));
#1186 = ( GEOMETRIC_REPRESENTATION_CONTEXT(2) 
PARAMETRIC_REPRESENTATION_CONTEXT() REPRESENTATION_CONTEXT('2D SPACE',''
  ) );
#1187 = ORIENTED_EDGE('',*,*,#1188,.F.);
#1188 = EDGE_CURVE('',#336,#1159,#1189,.T.);
#1189 = SURFACE_CURVE('',#1190,(#1195,#1208),.PCURVE_S1.);
#1190 = ELLIPSE('',#1191,57.838298290481,57.5);
#1191 = AXIS2_PLACEMENT_3D('',#1192,#1193,#1194);
#1192 = CARTESIAN_POINT('',(-22.97893524936,0.,0.));
#1193 = DIRECTION('',(-0.994150963972,-0.,-0.107999355706));
#1194 = DIRECTION('',(0.107999355706,0.,-0.994150963972));
#1195 = PCURVE('',#442,#1196);
#1196 = DEFINITIONAL_REPRESENTATION('',(#1197),#1207);
#1197 = B_SPLINE_CURVE_WITH_KNOTS('',8,(#1198,#1199,#1200,#1201,#1202,
    #1203,#1204,#1205,#1206),.UNSPECIFIED.,.F.,.F.,(9,9),(8.267419441608
    ,9.424777960769),.PIECEWISE_BEZIER_KNOTS.);
#1198 = CARTESIAN_POINT('',(7.440543826351,74.511472223111));
#1199 = CARTESIAN_POINT('',(7.29587401146,73.683931816262));
#1200 = CARTESIAN_POINT('',(7.151204196568,72.916419083181));
#1201 = CARTESIAN_POINT('',(7.006534381673,72.235326353314));
#1202 = CARTESIAN_POINT('',(6.861864566771,71.664365479249));
#1203 = CARTESIAN_POINT('',(6.717194751866,71.222799751899));
#1204 = CARTESIAN_POINT('',(6.572524936976,70.92397780794));
#1205 = CARTESIAN_POINT('',(6.427855122075,70.77456580013));
#1206 = CARTESIAN_POINT('',(6.28318530718,70.77456580013));
#1207 = ( GEOMETRIC_REPRESENTATION_CONTEXT(2) 
PARAMETRIC_REPRESENTATION_CONTEXT() REPRESENTATION_CONTEXT('2D SPACE',''
  ) );
#1208 = PCURVE('',#356,#1209);
#1209 = DEFINITIONAL_REPRESENTATION('',(#1210),#1214);
#1210 = ELLIPSE('',#1211,57.838298290481,57.5);
#1211 = AXIS2_PLACEMENT_2D('',#1212,#1213);
#1212 = CARTESIAN_POINT('',(-255.8210996552,-200.));
#1213 = DIRECTION('',(1.,-0.));
#1214 = ( GEOMETRIC_REPRESENTATION_CONTEXT(2) 
PARAMETRIC_REPRESENTATION_CONTEXT() REPRESENTATION_CONTEXT('2D SPACE',''
  ) );
#1215 = ORIENTED_EDGE('',*,*,#368,.T.);
#1216 = ADVANCED_FACE('',(#1217),#356,.T.);
#1217 = FACE_BOUND('',#1218,.F.);
#1218 = EDGE_LOOP('',(#1219,#1247,#1266,#1267,#1268));
#1219 = ORIENTED_EDGE('',*,*,#1220,.F.);
#1220 = EDGE_CURVE('',#1221,#1085,#1223,.T.);
#1221 = VERTEX_POINT('',#1222);
#1222 = CARTESIAN_POINT('',(-29.95328712105,50.2498814988,64.2));
#1223 = SURFACE_CURVE('',#1224,(#1229,#1236),.PCURVE_S1.);
#1224 = ELLIPSE('',#1225,541.66989809863,58.5);
#1225 = AXIS2_PLACEMENT_3D('',#1226,#1227,#1228);
#1226 = CARTESIAN_POINT('',(0.,0.,-211.5246936416));
#1227 = DIRECTION('',(-0.994150963972,0.,-0.107999355706));
#1228 = DIRECTION('',(-0.107999355706,0.,0.994150963972));
#1229 = PCURVE('',#356,#1230);
#1230 = DEFINITIONAL_REPRESENTATION('',(#1231),#1235);
#1231 = ELLIPSE('',#1232,541.66989809863,58.5);
#1232 = AXIS2_PLACEMENT_2D('',#1233,#1234);
#1233 = CARTESIAN_POINT('',(-43.05191136565,-200.));
#1234 = DIRECTION('',(-1.,0.));
#1235 = ( GEOMETRIC_REPRESENTATION_CONTEXT(2) 
PARAMETRIC_REPRESENTATION_CONTEXT() REPRESENTATION_CONTEXT('2D SPACE',''
  ) );
#1236 = PCURVE('',#612,#1237);
#1237 = DEFINITIONAL_REPRESENTATION('',(#1238),#1246);
#1238 = B_SPLINE_CURVE_WITH_KNOTS('',6,(#1239,#1240,#1241,#1242,#1243,
    #1244,#1245),.UNSPECIFIED.,.F.,.F.,(7,7),(1.033259204154,
    1.28440097536),.PIECEWISE_BEZIER_KNOTS.);
#1239 = CARTESIAN_POINT('',(2.108333449436,164.2000006));
#1240 = CARTESIAN_POINT('',(2.066476487568,144.8387272122));
#1241 = CARTESIAN_POINT('',(2.024619525701,124.89776852348));
#1242 = CARTESIAN_POINT('',(1.982762563833,104.4381821693));
#1243 = CARTESIAN_POINT('',(1.940905601965,83.524073814202));
#1244 = CARTESIAN_POINT('',(1.899048640097,62.221950582194));
#1245 = CARTESIAN_POINT('',(1.85719167823,40.5999994));
#1246 = ( GEOMETRIC_REPRESENTATION_CONTEXT(2) 
PARAMETRIC_REPRESENTATION_CONTEXT() REPRESENTATION_CONTEXT('2D SPACE',''
  ) );
#1247 = ORIENTED_EDGE('',*,*,#1248,.T.);
#1248 = EDGE_CURVE('',#1221,#307,#1249,.T.);
#1249 = SURFACE_CURVE('',#1250,(#1254,#1260),.PCURVE_S1.);
#1250 = LINE('',#1251,#1252);
#1251 = CARTESIAN_POINT('',(-29.95328712105,-70.75,64.2));
#1252 = VECTOR('',#1253,1.);
#1253 = DIRECTION('',(0.,-1.,0.));
#1254 = PCURVE('',#356,#1255);
#1255 = DEFINITIONAL_REPRESENTATION('',(#1256),#1259);
#1256 = B_SPLINE_CURVE_WITH_KNOTS('',1,(#1257,#1258),.UNSPECIFIED.,.F.,
  .F.,(2,2),(-129.25,-12.25),.PIECEWISE_BEZIER_KNOTS.);
#1257 = CARTESIAN_POINT('',(-320.3988170508,-258.5));
#1258 = CARTESIAN_POINT('',(-320.3988170508,-141.5));
#1259 = ( GEOMETRIC_REPRESENTATION_CONTEXT(2) 
PARAMETRIC_REPRESENTATION_CONTEXT() REPRESENTATION_CONTEXT('2D SPACE',''
  ) );
#1260 = PCURVE('',#323,#1261);
#1261 = DEFINITIONAL_REPRESENTATION('',(#1262),#1265);
#1262 = B_SPLINE_CURVE_WITH_KNOTS('',1,(#1263,#1264),.UNSPECIFIED.,.F.,
  .F.,(2,2),(-129.25,-12.25),.PIECEWISE_BEZIER_KNOTS.);
#1263 = CARTESIAN_POINT('',(-2.84217094304E-14,-70.04671287894));
#1264 = CARTESIAN_POINT('',(117.,-70.04671287894));
#1265 = ( GEOMETRIC_REPRESENTATION_CONTEXT(2) 
PARAMETRIC_REPRESENTATION_CONTEXT() REPRESENTATION_CONTEXT('2D SPACE',''
  ) );
#1266 = ORIENTED_EDGE('',*,*,#335,.F.);
#1267 = ORIENTED_EDGE('',*,*,#1188,.T.);
#1268 = ORIENTED_EDGE('',*,*,#1158,.T.);
#1269 = ADVANCED_FACE('',(#1270),#323,.F.);
#1270 = FACE_BOUND('',#1271,.F.);
#1271 = EDGE_LOOP('',(#1272,#1273,#1297,#1323,#1349,#1375,#1401,#1427,
    #1453,#1479,#1505,#1524));
#1272 = ORIENTED_EDGE('',*,*,#1248,.F.);
#1273 = ORIENTED_EDGE('',*,*,#1274,.T.);
#1274 = EDGE_CURVE('',#1221,#1275,#1277,.T.);
#1275 = VERTEX_POINT('',#1276);
#1276 = CARTESIAN_POINT('',(-11.1,57.437270130117,64.2));
#1277 = SURFACE_CURVE('',#1278,(#1283,#1290),.PCURVE_S1.);
#1278 = CIRCLE('',#1279,58.5);
#1279 = AXIS2_PLACEMENT_3D('',#1280,#1281,#1282);
#1280 = CARTESIAN_POINT('',(-1.42108547152E-14,1.59872115546E-14,64.2));
#1281 = DIRECTION('',(0.,0.,-1.));
#1282 = DIRECTION('',(1.,-5.182150274295E-16,0.));
#1283 = PCURVE('',#323,#1284);
#1284 = DEFINITIONAL_REPRESENTATION('',(#1285),#1289);
#1285 = CIRCLE('',#1286,58.5);
#1286 = AXIS2_PLACEMENT_2D('',#1287,#1288);
#1287 = CARTESIAN_POINT('',(58.5,-100.));
#1288 = DIRECTION('',(5.182150274295E-16,-1.));
#1289 = ( GEOMETRIC_REPRESENTATION_CONTEXT(2) 
PARAMETRIC_REPRESENTATION_CONTEXT() REPRESENTATION_CONTEXT('2D SPACE',''
  ) );
#1290 = PCURVE('',#612,#1291);
#1291 = DEFINITIONAL_REPRESENTATION('',(#1292),#1296);
#1292 = LINE('',#1293,#1294);
#1293 = CARTESIAN_POINT('',(6.28318530718,164.2));
#1294 = VECTOR('',#1295,1.);
#1295 = DIRECTION('',(-1.,-0.));
#1296 = ( GEOMETRIC_REPRESENTATION_CONTEXT(2) 
PARAMETRIC_REPRESENTATION_CONTEXT() REPRESENTATION_CONTEXT('2D SPACE',''
  ) );
#1297 = ORIENTED_EDGE('',*,*,#1298,.T.);
#1298 = EDGE_CURVE('',#1275,#1299,#1301,.T.);
#1299 = VERTEX_POINT('',#1300);
#1300 = CARTESIAN_POINT('',(-11.1,55.4,64.2));
#1301 = SURFACE_CURVE('',#1302,(#1306,#1312),.PCURVE_S1.);
#1302 = LINE('',#1303,#1304);
#1303 = CARTESIAN_POINT('',(-11.1,56.95,64.2));
#1304 = VECTOR('',#1305,1.);
#1305 = DIRECTION('',(0.,-1.,0.));
#1306 = PCURVE('',#323,#1307);
#1307 = DEFINITIONAL_REPRESENTATION('',(#1308),#1311);
#1308 = B_SPLINE_CURVE_WITH_KNOTS('',1,(#1309,#1310),.UNSPECIFIED.,.F.,
  .F.,(2,2),(-1.067238817441,1.55),.PIECEWISE_BEZIER_KNOTS.);
#1309 = CARTESIAN_POINT('',(0.482761182559,-88.9));
#1310 = CARTESIAN_POINT('',(3.1,-88.9));
#1311 = ( GEOMETRIC_REPRESENTATION_CONTEXT(2) 
PARAMETRIC_REPRESENTATION_CONTEXT() REPRESENTATION_CONTEXT('2D SPACE',''
  ) );
#1312 = PCURVE('',#1313,#1318);
#1313 = PLANE('',#1314);
#1314 = AXIS2_PLACEMENT_3D('',#1315,#1316,#1317);
#1315 = CARTESIAN_POINT('',(-11.1,55.4,-100.));
#1316 = DIRECTION('',(1.,0.,-0.));
#1317 = DIRECTION('',(0.,0.,1.));
#1318 = DEFINITIONAL_REPRESENTATION('',(#1319),#1322);
#1319 = B_SPLINE_CURVE_WITH_KNOTS('',1,(#1320,#1321),.UNSPECIFIED.,.F.,
  .F.,(2,2),(-1.067238817441,1.55),.PIECEWISE_BEZIER_KNOTS.);
#1320 = CARTESIAN_POINT('',(164.2,-2.617238817441));
#1321 = CARTESIAN_POINT('',(164.2,0.));
#1322 = ( GEOMETRIC_REPRESENTATION_CONTEXT(2) 
PARAMETRIC_REPRESENTATION_CONTEXT() REPRESENTATION_CONTEXT('2D SPACE',''
  ) );
#1323 = ORIENTED_EDGE('',*,*,#1324,.T.);
#1324 = EDGE_CURVE('',#1299,#1325,#1327,.T.);
#1325 = VERTEX_POINT('',#1326);
#1326 = CARTESIAN_POINT('',(-7.5,55.4,64.2));
#1327 = SURFACE_CURVE('',#1328,(#1332,#1338),.PCURVE_S1.);
#1328 = LINE('',#1329,#1330);
#1329 = CARTESIAN_POINT('',(-55.55,55.4,64.2));
#1330 = VECTOR('',#1331,1.);
#1331 = DIRECTION('',(1.,0.,0.));
#1332 = PCURVE('',#323,#1333);
#1333 = DEFINITIONAL_REPRESENTATION('',(#1334),#1337);
#1334 = B_SPLINE_CURVE_WITH_KNOTS('',1,(#1335,#1336),.UNSPECIFIED.,.F.,
  .F.,(2,2),(44.45,66.65),.PIECEWISE_BEZIER_KNOTS.);
#1335 = CARTESIAN_POINT('',(3.1,-88.9));
#1336 = CARTESIAN_POINT('',(3.1,-111.1));
#1337 = ( GEOMETRIC_REPRESENTATION_CONTEXT(2) 
PARAMETRIC_REPRESENTATION_CONTEXT() REPRESENTATION_CONTEXT('2D SPACE',''
  ) );
#1338 = PCURVE('',#1339,#1344);
#1339 = PLANE('',#1340);
#1340 = AXIS2_PLACEMENT_3D('',#1341,#1342,#1343);
#1341 = CARTESIAN_POINT('',(-11.1,55.4,-100.));
#1342 = DIRECTION('',(-0.,1.,0.));
#1343 = DIRECTION('',(0.,0.,1.));
#1344 = DEFINITIONAL_REPRESENTATION('',(#1345),#1348);
#1345 = B_SPLINE_CURVE_WITH_KNOTS('',1,(#1346,#1347),.UNSPECIFIED.,.F.,
  .F.,(2,2),(44.45,66.65),.PIECEWISE_BEZIER_KNOTS.);
#1346 = CARTESIAN_POINT('',(164.2,0.));
#1347 = CARTESIAN_POINT('',(164.2,22.2));
#1348 = ( GEOMETRIC_REPRESENTATION_CONTEXT(2) 
PARAMETRIC_REPRESENTATION_CONTEXT() REPRESENTATION_CONTEXT('2D SPACE',''
  ) );
#1349 = ORIENTED_EDGE('',*,*,#1350,.T.);
#1350 = EDGE_CURVE('',#1325,#1351,#1353,.T.);
#1351 = VERTEX_POINT('',#1352);
#1352 = CARTESIAN_POINT('',(-7.5,44.5,64.2));
#1353 = SURFACE_CURVE('',#1354,(#1358,#1364),.PCURVE_S1.);
#1354 = LINE('',#1355,#1356);
#1355 = CARTESIAN_POINT('',(-7.5,51.5,64.2));
#1356 = VECTOR('',#1357,1.);
#1357 = DIRECTION('',(0.,-1.,0.));
#1358 = PCURVE('',#323,#1359);
#1359 = DEFINITIONAL_REPRESENTATION('',(#1360),#1363);
#1360 = B_SPLINE_CURVE_WITH_KNOTS('',1,(#1361,#1362),.UNSPECIFIED.,.F.,
  .F.,(2,2),(-7.,7.),.PIECEWISE_BEZIER_KNOTS.);
#1361 = CARTESIAN_POINT('',(-3.552713678801E-14,-92.5));
#1362 = CARTESIAN_POINT('',(14.,-92.5));
#1363 = ( GEOMETRIC_REPRESENTATION_CONTEXT(2) 
PARAMETRIC_REPRESENTATION_CONTEXT() REPRESENTATION_CONTEXT('2D SPACE',''
  ) );
#1364 = PCURVE('',#1365,#1370);
#1365 = PLANE('',#1366);
#1366 = AXIS2_PLACEMENT_3D('',#1367,#1368,#1369);
#1367 = CARTESIAN_POINT('',(-7.5,44.5,-100.));
#1368 = DIRECTION('',(1.,0.,-0.));
#1369 = DIRECTION('',(0.,0.,1.));
#1370 = DEFINITIONAL_REPRESENTATION('',(#1371),#1374);
#1371 = B_SPLINE_CURVE_WITH_KNOTS('',1,(#1372,#1373),.UNSPECIFIED.,.F.,
  .F.,(2,2),(-7.,7.),.PIECEWISE_BEZIER_KNOTS.);
#1372 = CARTESIAN_POINT('',(164.2,-14.));
#1373 = CARTESIAN_POINT('',(164.2,0.));
#1374 = ( GEOMETRIC_REPRESENTATION_CONTEXT(2) 
PARAMETRIC_REPRESENTATION_CONTEXT() REPRESENTATION_CONTEXT('2D SPACE',''
  ) );
#1375 = ORIENTED_EDGE('',*,*,#1376,.T.);
#1376 = EDGE_CURVE('',#1351,#1377,#1379,.T.);
#1377 = VERTEX_POINT('',#1378);
#1378 = CARTESIAN_POINT('',(-6.5,44.5,64.2));
#1379 = SURFACE_CURVE('',#1380,(#1384,#1390),.PCURVE_S1.);
#1380 = LINE('',#1381,#1382);
#1381 = CARTESIAN_POINT('',(-53.75,44.5,64.2));
#1382 = VECTOR('',#1383,1.);
#1383 = DIRECTION('',(1.,0.,0.));
#1384 = PCURVE('',#323,#1385);
#1385 = DEFINITIONAL_REPRESENTATION('',(#1386),#1389);
#1386 = B_SPLINE_CURVE_WITH_KNOTS('',1,(#1387,#1388),.UNSPECIFIED.,.F.,
  .F.,(2,2),(46.25,61.25),.PIECEWISE_BEZIER_KNOTS.);
#1387 = CARTESIAN_POINT('',(14.,-92.5));
#1388 = CARTESIAN_POINT('',(14.,-107.5));
#1389 = ( GEOMETRIC_REPRESENTATION_CONTEXT(2) 
PARAMETRIC_REPRESENTATION_CONTEXT() REPRESENTATION_CONTEXT('2D SPACE',''
  ) );
#1390 = PCURVE('',#1391,#1396);
#1391 = PLANE('',#1392);
#1392 = AXIS2_PLACEMENT_3D('',#1393,#1394,#1395);
#1393 = CARTESIAN_POINT('',(-7.5,44.5,-100.));
#1394 = DIRECTION('',(-0.,1.,0.));
#1395 = DIRECTION('',(0.,0.,1.));
#1396 = DEFINITIONAL_REPRESENTATION('',(#1397),#1400);
#1397 = B_SPLINE_CURVE_WITH_KNOTS('',1,(#1398,#1399),.UNSPECIFIED.,.F.,
  .F.,(2,2),(46.25,61.25),.PIECEWISE_BEZIER_KNOTS.);
#1398 = CARTESIAN_POINT('',(164.2,0.));
#1399 = CARTESIAN_POINT('',(164.2,15.));
#1400 = ( GEOMETRIC_REPRESENTATION_CONTEXT(2) 
PARAMETRIC_REPRESENTATION_CONTEXT() REPRESENTATION_CONTEXT('2D SPACE',''
  ) );
#1401 = ORIENTED_EDGE('',*,*,#1402,.T.);
#1402 = EDGE_CURVE('',#1377,#1403,#1405,.T.);
#1403 = VERTEX_POINT('',#1404);
#1404 = CARTESIAN_POINT('',(-6.5,-44.5,64.2));
#1405 = SURFACE_CURVE('',#1406,(#1410,#1416),.PCURVE_S1.);
#1406 = LINE('',#1407,#1408);
#1407 = CARTESIAN_POINT('',(-6.5,-10.75,64.2));
#1408 = VECTOR('',#1409,1.);
#1409 = DIRECTION('',(0.,-1.,0.));
#1410 = PCURVE('',#323,#1411);
#1411 = DEFINITIONAL_REPRESENTATION('',(#1412),#1415);
#1412 = B_SPLINE_CURVE_WITH_KNOTS('',1,(#1413,#1414),.UNSPECIFIED.,.F.,
  .F.,(2,2),(-68.18727013011,46.687270130117),.PIECEWISE_BEZIER_KNOTS.);
#1413 = CARTESIAN_POINT('',(1.062729869883,-93.5));
#1414 = CARTESIAN_POINT('',(115.93727013011,-93.5));
#1415 = ( GEOMETRIC_REPRESENTATION_CONTEXT(2) 
PARAMETRIC_REPRESENTATION_CONTEXT() REPRESENTATION_CONTEXT('2D SPACE',''
  ) );
#1416 = PCURVE('',#1417,#1422);
#1417 = PLANE('',#1418);
#1418 = AXIS2_PLACEMENT_3D('',#1419,#1420,#1421);
#1419 = CARTESIAN_POINT('',(-6.5,-80.,51.7));
#1420 = DIRECTION('',(1.,0.,-0.));
#1421 = DIRECTION('',(0.,0.,1.));
#1422 = DEFINITIONAL_REPRESENTATION('',(#1423),#1426);
#1423 = B_SPLINE_CURVE_WITH_KNOTS('',1,(#1424,#1425),.UNSPECIFIED.,.F.,
  .F.,(2,2),(-68.18727013011,46.687270130117),.PIECEWISE_BEZIER_KNOTS.);
#1424 = CARTESIAN_POINT('',(12.5,-137.4372701301));
#1425 = CARTESIAN_POINT('',(12.5,-22.56272986988));
#1426 = ( GEOMETRIC_REPRESENTATION_CONTEXT(2) 
PARAMETRIC_REPRESENTATION_CONTEXT() REPRESENTATION_CONTEXT('2D SPACE',''
  ) );
#1427 = ORIENTED_EDGE('',*,*,#1428,.F.);
#1428 = EDGE_CURVE('',#1429,#1403,#1431,.T.);
#1429 = VERTEX_POINT('',#1430);
#1430 = CARTESIAN_POINT('',(-7.5,-44.5,64.2));
#1431 = SURFACE_CURVE('',#1432,(#1436,#1442),.PCURVE_S1.);
#1432 = LINE('',#1433,#1434);
#1433 = CARTESIAN_POINT('',(-53.75,-44.5,64.2));
#1434 = VECTOR('',#1435,1.);
#1435 = DIRECTION('',(1.,0.,0.));
#1436 = PCURVE('',#323,#1437);
#1437 = DEFINITIONAL_REPRESENTATION('',(#1438),#1441);
#1438 = B_SPLINE_CURVE_WITH_KNOTS('',1,(#1439,#1440),.UNSPECIFIED.,.F.,
  .F.,(2,2),(46.25,61.25),.PIECEWISE_BEZIER_KNOTS.);
#1439 = CARTESIAN_POINT('',(103.,-92.5));
#1440 = CARTESIAN_POINT('',(103.,-107.5));
#1441 = ( GEOMETRIC_REPRESENTATION_CONTEXT(2) 
PARAMETRIC_REPRESENTATION_CONTEXT() REPRESENTATION_CONTEXT('2D SPACE',''
  ) );
#1442 = PCURVE('',#1443,#1448);
#1443 = PLANE('',#1444);
#1444 = AXIS2_PLACEMENT_3D('',#1445,#1446,#1447);
#1445 = CARTESIAN_POINT('',(-7.5,-44.5,-100.));
#1446 = DIRECTION('',(-0.,1.,0.));
#1447 = DIRECTION('',(0.,0.,1.));
#1448 = DEFINITIONAL_REPRESENTATION('',(#1449),#1452);
#1449 = B_SPLINE_CURVE_WITH_KNOTS('',1,(#1450,#1451),.UNSPECIFIED.,.F.,
  .F.,(2,2),(46.25,61.25),.PIECEWISE_BEZIER_KNOTS.);
#1450 = CARTESIAN_POINT('',(164.2,0.));
#1451 = CARTESIAN_POINT('',(164.2,15.));
#1452 = ( GEOMETRIC_REPRESENTATION_CONTEXT(2) 
PARAMETRIC_REPRESENTATION_CONTEXT() REPRESENTATION_CONTEXT('2D SPACE',''
  ) );
#1453 = ORIENTED_EDGE('',*,*,#1454,.T.);
#1454 = EDGE_CURVE('',#1429,#1455,#1457,.T.);
#1455 = VERTEX_POINT('',#1456);
#1456 = CARTESIAN_POINT('',(-7.5,-55.4,64.2));
#1457 = SURFACE_CURVE('',#1458,(#1462,#1468),.PCURVE_S1.);
#1458 = LINE('',#1459,#1460);
#1459 = CARTESIAN_POINT('',(-7.5,-10.75,64.2));
#1460 = VECTOR('',#1461,1.);
#1461 = DIRECTION('',(0.,-1.,0.));
#1462 = PCURVE('',#323,#1463);
#1463 = DEFINITIONAL_REPRESENTATION('',(#1464),#1467);
#1464 = B_SPLINE_CURVE_WITH_KNOTS('',1,(#1465,#1466),.UNSPECIFIED.,.F.,
  .F.,(2,2),(33.75,47.75),.PIECEWISE_BEZIER_KNOTS.);
#1465 = CARTESIAN_POINT('',(103.,-92.5));
#1466 = CARTESIAN_POINT('',(117.,-92.5));
#1467 = ( GEOMETRIC_REPRESENTATION_CONTEXT(2) 
PARAMETRIC_REPRESENTATION_CONTEXT() REPRESENTATION_CONTEXT('2D SPACE',''
  ) );
#1468 = PCURVE('',#1469,#1474);
#1469 = PLANE('',#1470);
#1470 = AXIS2_PLACEMENT_3D('',#1471,#1472,#1473);
#1471 = CARTESIAN_POINT('',(-7.5,-80.,-100.));
#1472 = DIRECTION('',(1.,0.,-0.));
#1473 = DIRECTION('',(0.,0.,1.));
#1474 = DEFINITIONAL_REPRESENTATION('',(#1475),#1478);
#1475 = B_SPLINE_CURVE_WITH_KNOTS('',1,(#1476,#1477),.UNSPECIFIED.,.F.,
  .F.,(2,2),(33.75,47.75),.PIECEWISE_BEZIER_KNOTS.);
#1476 = CARTESIAN_POINT('',(164.2,-35.5));
#1477 = CARTESIAN_POINT('',(164.2,-21.5));
#1478 = ( GEOMETRIC_REPRESENTATION_CONTEXT(2) 
PARAMETRIC_REPRESENTATION_CONTEXT() REPRESENTATION_CONTEXT('2D SPACE',''
  ) );
#1479 = ORIENTED_EDGE('',*,*,#1480,.F.);
#1480 = EDGE_CURVE('',#1481,#1455,#1483,.T.);
#1481 = VERTEX_POINT('',#1482);
#1482 = CARTESIAN_POINT('',(-11.1,-55.4,64.2));
#1483 = SURFACE_CURVE('',#1484,(#1488,#1494),.PCURVE_S1.);
#1484 = LINE('',#1485,#1486);
#1485 = CARTESIAN_POINT('',(-55.55,-55.4,64.2));
#1486 = VECTOR('',#1487,1.);
#1487 = DIRECTION('',(1.,0.,0.));
#1488 = PCURVE('',#323,#1489);
#1489 = DEFINITIONAL_REPRESENTATION('',(#1490),#1493);
#1490 = B_SPLINE_CURVE_WITH_KNOTS('',1,(#1491,#1492),.UNSPECIFIED.,.F.,
  .F.,(2,2),(44.45,66.65),.PIECEWISE_BEZIER_KNOTS.);
#1491 = CARTESIAN_POINT('',(113.9,-88.9));
#1492 = CARTESIAN_POINT('',(113.9,-111.1));
#1493 = ( GEOMETRIC_REPRESENTATION_CONTEXT(2) 
PARAMETRIC_REPRESENTATION_CONTEXT() REPRESENTATION_CONTEXT('2D SPACE',''
  ) );
#1494 = PCURVE('',#1495,#1500);
#1495 = PLANE('',#1496);
#1496 = AXIS2_PLACEMENT_3D('',#1497,#1498,#1499);
#1497 = CARTESIAN_POINT('',(-11.1,-55.4,-100.));
#1498 = DIRECTION('',(-0.,1.,0.));
#1499 = DIRECTION('',(0.,0.,1.));
#1500 = DEFINITIONAL_REPRESENTATION('',(#1501),#1504);
#1501 = B_SPLINE_CURVE_WITH_KNOTS('',1,(#1502,#1503),.UNSPECIFIED.,.F.,
  .F.,(2,2),(44.45,66.65),.PIECEWISE_BEZIER_KNOTS.);
#1502 = CARTESIAN_POINT('',(164.2,0.));
#1503 = CARTESIAN_POINT('',(164.2,22.2));
#1504 = ( GEOMETRIC_REPRESENTATION_CONTEXT(2) 
PARAMETRIC_REPRESENTATION_CONTEXT() REPRESENTATION_CONTEXT('2D SPACE',''
  ) );
#1505 = ORIENTED_EDGE('',*,*,#1506,.T.);
#1506 = EDGE_CURVE('',#1481,#281,#1507,.T.);
#1507 = SURFACE_CURVE('',#1508,(#1512,#1518),.PCURVE_S1.);
#1508 = LINE('',#1509,#1510);
#1509 = CARTESIAN_POINT('',(-11.1,-10.75,64.2));
#1510 = VECTOR('',#1511,1.);
#1511 = DIRECTION('',(0.,-1.,0.));
#1512 = PCURVE('',#323,#1513);
#1513 = DEFINITIONAL_REPRESENTATION('',(#1514),#1517);
#1514 = B_SPLINE_CURVE_WITH_KNOTS('',1,(#1515,#1516),.UNSPECIFIED.,.F.,
  .F.,(2,2),(44.65,47.267238817441),.PIECEWISE_BEZIER_KNOTS.);
#1515 = CARTESIAN_POINT('',(113.9,-88.9));
#1516 = CARTESIAN_POINT('',(116.51723881744,-88.9));
#1517 = ( GEOMETRIC_REPRESENTATION_CONTEXT(2) 
PARAMETRIC_REPRESENTATION_CONTEXT() REPRESENTATION_CONTEXT('2D SPACE',''
  ) );
#1518 = PCURVE('',#295,#1519);
#1519 = DEFINITIONAL_REPRESENTATION('',(#1520),#1523);
#1520 = B_SPLINE_CURVE_WITH_KNOTS('',1,(#1521,#1522),.UNSPECIFIED.,.F.,
  .F.,(2,2),(44.65,47.267238817441),.PIECEWISE_BEZIER_KNOTS.);
#1521 = CARTESIAN_POINT('',(164.2,-24.6));
#1522 = CARTESIAN_POINT('',(164.2,-21.98276118255));
#1523 = ( GEOMETRIC_REPRESENTATION_CONTEXT(2) 
PARAMETRIC_REPRESENTATION_CONTEXT() REPRESENTATION_CONTEXT('2D SPACE',''
  ) );
#1524 = ORIENTED_EDGE('',*,*,#306,.T.);
#1525 = ADVANCED_FACE('',(#1526),#295,.T.);
#1526 = FACE_BOUND('',#1527,.T.);
#1527 = EDGE_LOOP('',(#1528,#1549,#1570,#1571));
#1528 = ORIENTED_EDGE('',*,*,#1529,.F.);
#1529 = EDGE_CURVE('',#1530,#252,#1532,.T.);
#1530 = VERTEX_POINT('',#1531);
#1531 = CARTESIAN_POINT('',(-11.1,-55.4,51.7));
#1532 = SURFACE_CURVE('',#1533,(#1537,#1543),.PCURVE_S1.);
#1533 = LINE('',#1534,#1535);
#1534 = CARTESIAN_POINT('',(-11.1,-80.,51.7));
#1535 = VECTOR('',#1536,1.);
#1536 = DIRECTION('',(0.,-1.,0.));
#1537 = PCURVE('',#295,#1538);
#1538 = DEFINITIONAL_REPRESENTATION('',(#1539),#1542);
#1539 = B_SPLINE_CURVE_WITH_KNOTS('',1,(#1540,#1541),.UNSPECIFIED.,.F.,
  .F.,(2,2),(-24.6,-22.56272985768),.PIECEWISE_BEZIER_KNOTS.);
#1540 = CARTESIAN_POINT('',(151.7,-24.6));
#1541 = CARTESIAN_POINT('',(151.7,-22.56272985768));
#1542 = ( GEOMETRIC_REPRESENTATION_CONTEXT(2) 
PARAMETRIC_REPRESENTATION_CONTEXT() REPRESENTATION_CONTEXT('2D SPACE',''
  ) );
#1543 = PCURVE('',#268,#1544);
#1544 = DEFINITIONAL_REPRESENTATION('',(#1545),#1548);
#1545 = B_SPLINE_CURVE_WITH_KNOTS('',1,(#1546,#1547),.UNSPECIFIED.,.F.,
  .F.,(2,2),(-24.6,-22.56272985768),.PIECEWISE_BEZIER_KNOTS.);
#1546 = CARTESIAN_POINT('',(4.1,24.6));
#1547 = CARTESIAN_POINT('',(4.1,22.562729857683));
#1548 = ( GEOMETRIC_REPRESENTATION_CONTEXT(2) 
PARAMETRIC_REPRESENTATION_CONTEXT() REPRESENTATION_CONTEXT('2D SPACE',''
  ) );
#1549 = ORIENTED_EDGE('',*,*,#1550,.T.);
#1550 = EDGE_CURVE('',#1530,#1481,#1551,.T.);
#1551 = SURFACE_CURVE('',#1552,(#1556,#1563),.PCURVE_S1.);
#1552 = LINE('',#1553,#1554);
#1553 = CARTESIAN_POINT('',(-11.1,-55.4,-100.));
#1554 = VECTOR('',#1555,1.);
#1555 = DIRECTION('',(0.,0.,1.));
#1556 = PCURVE('',#295,#1557);
#1557 = DEFINITIONAL_REPRESENTATION('',(#1558),#1562);
#1558 = LINE('',#1559,#1560);
#1559 = CARTESIAN_POINT('',(0.,-24.6));
#1560 = VECTOR('',#1561,1.);
#1561 = DIRECTION('',(1.,0.));
#1562 = ( GEOMETRIC_REPRESENTATION_CONTEXT(2) 
PARAMETRIC_REPRESENTATION_CONTEXT() REPRESENTATION_CONTEXT('2D SPACE',''
  ) );
#1563 = PCURVE('',#1495,#1564);
#1564 = DEFINITIONAL_REPRESENTATION('',(#1565),#1569);
#1565 = LINE('',#1566,#1567);
#1566 = CARTESIAN_POINT('',(0.,0.));
#1567 = VECTOR('',#1568,1.);
#1568 = DIRECTION('',(1.,0.));
#1569 = ( GEOMETRIC_REPRESENTATION_CONTEXT(2) 
PARAMETRIC_REPRESENTATION_CONTEXT() REPRESENTATION_CONTEXT('2D SPACE',''
  ) );
#1570 = ORIENTED_EDGE('',*,*,#1506,.T.);
#1571 = ORIENTED_EDGE('',*,*,#280,.F.);
#1572 = ADVANCED_FACE('',(#1573),#268,.F.);
#1573 = FACE_BOUND('',#1574,.F.);
#1574 = EDGE_LOOP('',(#1575,#1598,#1599,#1600,#1621,#1642,#1663,#1686,
    #1707,#1728,#1749,#1770));
#1575 = ORIENTED_EDGE('',*,*,#1576,.F.);
#1576 = EDGE_CURVE('',#226,#1577,#1579,.T.);
#1577 = VERTEX_POINT('',#1578);
#1578 = CARTESIAN_POINT('',(-15.2,56.490795710452,51.7));
#1579 = SURFACE_CURVE('',#1580,(#1584,#1591),.PCURVE_S1.);
#1580 = LINE('',#1581,#1582);
#1581 = CARTESIAN_POINT('',(-15.2,-80.,51.7));
#1582 = VECTOR('',#1583,1.);
#1583 = DIRECTION('',(-0.,1.,0.));
#1584 = PCURVE('',#268,#1585);
#1585 = DEFINITIONAL_REPRESENTATION('',(#1586),#1590);
#1586 = LINE('',#1587,#1588);
#1587 = CARTESIAN_POINT('',(0.,0.));
#1588 = VECTOR('',#1589,1.);
#1589 = DIRECTION('',(0.,1.));
#1590 = ( GEOMETRIC_REPRESENTATION_CONTEXT(2) 
PARAMETRIC_REPRESENTATION_CONTEXT() REPRESENTATION_CONTEXT('2D SPACE',''
  ) );
#1591 = PCURVE('',#240,#1592);
#1592 = DEFINITIONAL_REPRESENTATION('',(#1593),#1597);
#1593 = LINE('',#1594,#1595);
#1594 = CARTESIAN_POINT('',(6.5,0.));
#1595 = VECTOR('',#1596,1.);
#1596 = DIRECTION('',(0.,-1.));
#1597 = ( GEOMETRIC_REPRESENTATION_CONTEXT(2) 
PARAMETRIC_REPRESENTATION_CONTEXT() REPRESENTATION_CONTEXT('2D SPACE',''
  ) );
#1598 = ORIENTED_EDGE('',*,*,#251,.T.);
#1599 = ORIENTED_EDGE('',*,*,#1529,.F.);
#1600 = ORIENTED_EDGE('',*,*,#1601,.T.);
#1601 = EDGE_CURVE('',#1530,#1602,#1604,.T.);
#1602 = VERTEX_POINT('',#1603);
#1603 = CARTESIAN_POINT('',(-7.5,-55.4,51.7));
#1604 = SURFACE_CURVE('',#1605,(#1609,#1615),.PCURVE_S1.);
#1605 = LINE('',#1606,#1607);
#1606 = CARTESIAN_POINT('',(-13.15,-55.4,51.7));
#1607 = VECTOR('',#1608,1.);
#1608 = DIRECTION('',(1.,0.,-0.));
#1609 = PCURVE('',#268,#1610);
#1610 = DEFINITIONAL_REPRESENTATION('',(#1611),#1614);
#1611 = B_SPLINE_CURVE_WITH_KNOTS('',1,(#1612,#1613),.UNSPECIFIED.,.F.,
  .F.,(2,2),(2.05,5.65),.PIECEWISE_BEZIER_KNOTS.);
#1612 = CARTESIAN_POINT('',(4.1,24.6));
#1613 = CARTESIAN_POINT('',(7.7,24.6));
#1614 = ( GEOMETRIC_REPRESENTATION_CONTEXT(2) 
PARAMETRIC_REPRESENTATION_CONTEXT() REPRESENTATION_CONTEXT('2D SPACE',''
  ) );
#1615 = PCURVE('',#1495,#1616);
#1616 = DEFINITIONAL_REPRESENTATION('',(#1617),#1620);
#1617 = B_SPLINE_CURVE_WITH_KNOTS('',1,(#1618,#1619),.UNSPECIFIED.,.F.,
  .F.,(2,2),(2.05,5.65),.PIECEWISE_BEZIER_KNOTS.);
#1618 = CARTESIAN_POINT('',(151.7,0.));
#1619 = CARTESIAN_POINT('',(151.7,3.6));
#1620 = ( GEOMETRIC_REPRESENTATION_CONTEXT(2) 
PARAMETRIC_REPRESENTATION_CONTEXT() REPRESENTATION_CONTEXT('2D SPACE',''
  ) );
#1621 = ORIENTED_EDGE('',*,*,#1622,.F.);
#1622 = EDGE_CURVE('',#1623,#1602,#1625,.T.);
#1623 = VERTEX_POINT('',#1624);
#1624 = CARTESIAN_POINT('',(-7.5,-44.5,51.7));
#1625 = SURFACE_CURVE('',#1626,(#1630,#1636),.PCURVE_S1.);
#1626 = LINE('',#1627,#1628);
#1627 = CARTESIAN_POINT('',(-7.5,-80.,51.7));
#1628 = VECTOR('',#1629,1.);
#1629 = DIRECTION('',(0.,-1.,0.));
#1630 = PCURVE('',#268,#1631);
#1631 = DEFINITIONAL_REPRESENTATION('',(#1632),#1635);
#1632 = B_SPLINE_CURVE_WITH_KNOTS('',1,(#1633,#1634),.UNSPECIFIED.,.F.,
  .F.,(2,2),(-35.5,-24.6),.PIECEWISE_BEZIER_KNOTS.);
#1633 = CARTESIAN_POINT('',(7.7,35.5));
#1634 = CARTESIAN_POINT('',(7.7,24.6));
#1635 = ( GEOMETRIC_REPRESENTATION_CONTEXT(2) 
PARAMETRIC_REPRESENTATION_CONTEXT() REPRESENTATION_CONTEXT('2D SPACE',''
  ) );
#1636 = PCURVE('',#1469,#1637);
#1637 = DEFINITIONAL_REPRESENTATION('',(#1638),#1641);
#1638 = B_SPLINE_CURVE_WITH_KNOTS('',1,(#1639,#1640),.UNSPECIFIED.,.F.,
  .F.,(2,2),(-35.5,-24.6),.PIECEWISE_BEZIER_KNOTS.);
#1639 = CARTESIAN_POINT('',(151.7,-35.5));
#1640 = CARTESIAN_POINT('',(151.7,-24.6));
#1641 = ( GEOMETRIC_REPRESENTATION_CONTEXT(2) 
PARAMETRIC_REPRESENTATION_CONTEXT() REPRESENTATION_CONTEXT('2D SPACE',''
  ) );
#1642 = ORIENTED_EDGE('',*,*,#1643,.T.);
#1643 = EDGE_CURVE('',#1623,#1644,#1646,.T.);
#1644 = VERTEX_POINT('',#1645);
#1645 = CARTESIAN_POINT('',(-6.5,-44.5,51.7));
#1646 = SURFACE_CURVE('',#1647,(#1651,#1657),.PCURVE_S1.);
#1647 = LINE('',#1648,#1649);
#1648 = CARTESIAN_POINT('',(-11.35,-44.5,51.7));
#1649 = VECTOR('',#1650,1.);
#1650 = DIRECTION('',(1.,0.,-0.));
#1651 = PCURVE('',#268,#1652);
#1652 = DEFINITIONAL_REPRESENTATION('',(#1653),#1656);
#1653 = B_SPLINE_CURVE_WITH_KNOTS('',1,(#1654,#1655),.UNSPECIFIED.,.F.,
  .F.,(2,2),(3.85,18.85),.PIECEWISE_BEZIER_KNOTS.);
#1654 = CARTESIAN_POINT('',(7.7,35.5));
#1655 = CARTESIAN_POINT('',(22.7,35.5));
#1656 = ( GEOMETRIC_REPRESENTATION_CONTEXT(2) 
PARAMETRIC_REPRESENTATION_CONTEXT() REPRESENTATION_CONTEXT('2D SPACE',''
  ) );
#1657 = PCURVE('',#1443,#1658);
#1658 = DEFINITIONAL_REPRESENTATION('',(#1659),#1662);
#1659 = B_SPLINE_CURVE_WITH_KNOTS('',1,(#1660,#1661),.UNSPECIFIED.,.F.,
  .F.,(2,2),(3.85,18.85),.PIECEWISE_BEZIER_KNOTS.);
#1660 = CARTESIAN_POINT('',(151.7,0.));
#1661 = CARTESIAN_POINT('',(151.7,15.));
#1662 = ( GEOMETRIC_REPRESENTATION_CONTEXT(2) 
PARAMETRIC_REPRESENTATION_CONTEXT() REPRESENTATION_CONTEXT('2D SPACE',''
  ) );
#1663 = ORIENTED_EDGE('',*,*,#1664,.T.);
#1664 = EDGE_CURVE('',#1644,#1665,#1667,.T.);
#1665 = VERTEX_POINT('',#1666);
#1666 = CARTESIAN_POINT('',(-6.5,44.5,51.7));
#1667 = SURFACE_CURVE('',#1668,(#1672,#1679),.PCURVE_S1.);
#1668 = LINE('',#1669,#1670);
#1669 = CARTESIAN_POINT('',(-6.5,-80.,51.7));
#1670 = VECTOR('',#1671,1.);
#1671 = DIRECTION('',(-0.,1.,0.));
#1672 = PCURVE('',#268,#1673);
#1673 = DEFINITIONAL_REPRESENTATION('',(#1674),#1678);
#1674 = LINE('',#1675,#1676);
#1675 = CARTESIAN_POINT('',(8.7,0.));
#1676 = VECTOR('',#1677,1.);
#1677 = DIRECTION('',(0.,1.));
#1678 = ( GEOMETRIC_REPRESENTATION_CONTEXT(2) 
PARAMETRIC_REPRESENTATION_CONTEXT() REPRESENTATION_CONTEXT('2D SPACE',''
  ) );
#1679 = PCURVE('',#1417,#1680);
#1680 = DEFINITIONAL_REPRESENTATION('',(#1681),#1685);
#1681 = LINE('',#1682,#1683);
#1682 = CARTESIAN_POINT('',(0.,0.));
#1683 = VECTOR('',#1684,1.);
#1684 = DIRECTION('',(0.,-1.));
#1685 = ( GEOMETRIC_REPRESENTATION_CONTEXT(2) 
PARAMETRIC_REPRESENTATION_CONTEXT() REPRESENTATION_CONTEXT('2D SPACE',''
  ) );
#1686 = ORIENTED_EDGE('',*,*,#1687,.F.);
#1687 = EDGE_CURVE('',#1688,#1665,#1690,.T.);
#1688 = VERTEX_POINT('',#1689);
#1689 = CARTESIAN_POINT('',(-7.5,44.5,51.7));
#1690 = SURFACE_CURVE('',#1691,(#1695,#1701),.PCURVE_S1.);
#1691 = LINE('',#1692,#1693);
#1692 = CARTESIAN_POINT('',(-11.35,44.5,51.7));
#1693 = VECTOR('',#1694,1.);
#1694 = DIRECTION('',(1.,0.,-0.));
#1695 = PCURVE('',#268,#1696);
#1696 = DEFINITIONAL_REPRESENTATION('',(#1697),#1700);
#1697 = B_SPLINE_CURVE_WITH_KNOTS('',1,(#1698,#1699),.UNSPECIFIED.,.F.,
  .F.,(2,2),(3.85,18.85),.PIECEWISE_BEZIER_KNOTS.);
#1698 = CARTESIAN_POINT('',(7.7,124.5));
#1699 = CARTESIAN_POINT('',(22.7,124.5));
#1700 = ( GEOMETRIC_REPRESENTATION_CONTEXT(2) 
PARAMETRIC_REPRESENTATION_CONTEXT() REPRESENTATION_CONTEXT('2D SPACE',''
  ) );
#1701 = PCURVE('',#1391,#1702);
#1702 = DEFINITIONAL_REPRESENTATION('',(#1703),#1706);
#1703 = B_SPLINE_CURVE_WITH_KNOTS('',1,(#1704,#1705),.UNSPECIFIED.,.F.,
  .F.,(2,2),(3.85,18.85),.PIECEWISE_BEZIER_KNOTS.);
#1704 = CARTESIAN_POINT('',(151.7,0.));
#1705 = CARTESIAN_POINT('',(151.7,15.));
#1706 = ( GEOMETRIC_REPRESENTATION_CONTEXT(2) 
PARAMETRIC_REPRESENTATION_CONTEXT() REPRESENTATION_CONTEXT('2D SPACE',''
  ) );
#1707 = ORIENTED_EDGE('',*,*,#1708,.F.);
#1708 = EDGE_CURVE('',#1709,#1688,#1711,.T.);
#1709 = VERTEX_POINT('',#1710);
#1710 = CARTESIAN_POINT('',(-7.5,55.4,51.7));
#1711 = SURFACE_CURVE('',#1712,(#1716,#1722),.PCURVE_S1.);
#1712 = LINE('',#1713,#1714);
#1713 = CARTESIAN_POINT('',(-7.5,-17.75,51.7));
#1714 = VECTOR('',#1715,1.);
#1715 = DIRECTION('',(0.,-1.,0.));
#1716 = PCURVE('',#268,#1717);
#1717 = DEFINITIONAL_REPRESENTATION('',(#1718),#1721);
#1718 = B_SPLINE_CURVE_WITH_KNOTS('',1,(#1719,#1720),.UNSPECIFIED.,.F.,
  .F.,(2,2),(-73.15,-62.25),.PIECEWISE_BEZIER_KNOTS.);
#1719 = CARTESIAN_POINT('',(7.7,135.4));
#1720 = CARTESIAN_POINT('',(7.7,124.5));
#1721 = ( GEOMETRIC_REPRESENTATION_CONTEXT(2) 
PARAMETRIC_REPRESENTATION_CONTEXT() REPRESENTATION_CONTEXT('2D SPACE',''
  ) );
#1722 = PCURVE('',#1365,#1723);
#1723 = DEFINITIONAL_REPRESENTATION('',(#1724),#1727);
#1724 = B_SPLINE_CURVE_WITH_KNOTS('',1,(#1725,#1726),.UNSPECIFIED.,.F.,
  .F.,(2,2),(-73.15,-62.25),.PIECEWISE_BEZIER_KNOTS.);
#1725 = CARTESIAN_POINT('',(151.7,-10.9));
#1726 = CARTESIAN_POINT('',(151.7,0.));
#1727 = ( GEOMETRIC_REPRESENTATION_CONTEXT(2) 
PARAMETRIC_REPRESENTATION_CONTEXT() REPRESENTATION_CONTEXT('2D SPACE',''
  ) );
#1728 = ORIENTED_EDGE('',*,*,#1729,.F.);
#1729 = EDGE_CURVE('',#1730,#1709,#1732,.T.);
#1730 = VERTEX_POINT('',#1731);
#1731 = CARTESIAN_POINT('',(-11.1,55.4,51.7));
#1732 = SURFACE_CURVE('',#1733,(#1737,#1743),.PCURVE_S1.);
#1733 = LINE('',#1734,#1735);
#1734 = CARTESIAN_POINT('',(-13.15,55.4,51.7));
#1735 = VECTOR('',#1736,1.);
#1736 = DIRECTION('',(1.,0.,-0.));
#1737 = PCURVE('',#268,#1738);
#1738 = DEFINITIONAL_REPRESENTATION('',(#1739),#1742);
#1739 = B_SPLINE_CURVE_WITH_KNOTS('',1,(#1740,#1741),.UNSPECIFIED.,.F.,
  .F.,(2,2),(2.05,5.65),.PIECEWISE_BEZIER_KNOTS.);
#1740 = CARTESIAN_POINT('',(4.1,135.4));
#1741 = CARTESIAN_POINT('',(7.7,135.4));
#1742 = ( GEOMETRIC_REPRESENTATION_CONTEXT(2) 
PARAMETRIC_REPRESENTATION_CONTEXT() REPRESENTATION_CONTEXT('2D SPACE',''
  ) );
#1743 = PCURVE('',#1339,#1744);
#1744 = DEFINITIONAL_REPRESENTATION('',(#1745),#1748);
#1745 = B_SPLINE_CURVE_WITH_KNOTS('',1,(#1746,#1747),.UNSPECIFIED.,.F.,
  .F.,(2,2),(2.05,5.65),.PIECEWISE_BEZIER_KNOTS.);
#1746 = CARTESIAN_POINT('',(151.7,0.));
#1747 = CARTESIAN_POINT('',(151.7,3.6));
#1748 = ( GEOMETRIC_REPRESENTATION_CONTEXT(2) 
PARAMETRIC_REPRESENTATION_CONTEXT() REPRESENTATION_CONTEXT('2D SPACE',''
  ) );
#1749 = ORIENTED_EDGE('',*,*,#1750,.F.);
#1750 = EDGE_CURVE('',#1751,#1730,#1753,.T.);
#1751 = VERTEX_POINT('',#1752);
#1752 = CARTESIAN_POINT('',(-11.1,57.437270130117,51.7));
#1753 = SURFACE_CURVE('',#1754,(#1758,#1764),.PCURVE_S1.);
#1754 = LINE('',#1755,#1756);
#1755 = CARTESIAN_POINT('',(-11.1,-12.3,51.7));
#1756 = VECTOR('',#1757,1.);
#1757 = DIRECTION('',(0.,-1.,0.));
#1758 = PCURVE('',#268,#1759);
#1759 = DEFINITIONAL_REPRESENTATION('',(#1760),#1763);
#1760 = B_SPLINE_CURVE_WITH_KNOTS('',1,(#1761,#1762),.UNSPECIFIED.,.F.,
  .F.,(2,2),(-69.73727014133,-67.7),.PIECEWISE_BEZIER_KNOTS.);
#1761 = CARTESIAN_POINT('',(4.1,137.43727014133));
#1762 = CARTESIAN_POINT('',(4.1,135.4));
#1763 = ( GEOMETRIC_REPRESENTATION_CONTEXT(2) 
PARAMETRIC_REPRESENTATION_CONTEXT() REPRESENTATION_CONTEXT('2D SPACE',''
  ) );
#1764 = PCURVE('',#1313,#1765);
#1765 = DEFINITIONAL_REPRESENTATION('',(#1766),#1769);
#1766 = B_SPLINE_CURVE_WITH_KNOTS('',1,(#1767,#1768),.UNSPECIFIED.,.F.,
  .F.,(2,2),(-69.73727014133,-67.7),.PIECEWISE_BEZIER_KNOTS.);
#1767 = CARTESIAN_POINT('',(151.7,-2.037270141333));
#1768 = CARTESIAN_POINT('',(151.7,1.42108547152E-14));
#1769 = ( GEOMETRIC_REPRESENTATION_CONTEXT(2) 
PARAMETRIC_REPRESENTATION_CONTEXT() REPRESENTATION_CONTEXT('2D SPACE',''
  ) );
#1770 = ORIENTED_EDGE('',*,*,#1771,.T.);
#1771 = EDGE_CURVE('',#1751,#1577,#1772,.T.);
#1772 = SURFACE_CURVE('',#1773,(#1778,#1785),.PCURVE_S1.);
#1773 = CIRCLE('',#1774,58.5);
#1774 = AXIS2_PLACEMENT_3D('',#1775,#1776,#1777);
#1775 = CARTESIAN_POINT('',(0.,0.,51.7));
#1776 = DIRECTION('',(0.,0.,1.));
#1777 = DIRECTION('',(1.,0.,-0.));
#1778 = PCURVE('',#268,#1779);
#1779 = DEFINITIONAL_REPRESENTATION('',(#1780),#1784);
#1780 = CIRCLE('',#1781,58.5);
#1781 = AXIS2_PLACEMENT_2D('',#1782,#1783);
#1782 = CARTESIAN_POINT('',(15.2,80.));
#1783 = DIRECTION('',(1.,0.));
#1784 = ( GEOMETRIC_REPRESENTATION_CONTEXT(2) 
PARAMETRIC_REPRESENTATION_CONTEXT() REPRESENTATION_CONTEXT('2D SPACE',''
  ) );
#1785 = PCURVE('',#612,#1786);
#1786 = DEFINITIONAL_REPRESENTATION('',(#1787),#1791);
#1787 = LINE('',#1788,#1789);
#1788 = CARTESIAN_POINT('',(0.,151.7));
#1789 = VECTOR('',#1790,1.);
#1790 = DIRECTION('',(1.,0.));
#1791 = ( GEOMETRIC_REPRESENTATION_CONTEXT(2) 
PARAMETRIC_REPRESENTATION_CONTEXT() REPRESENTATION_CONTEXT('2D SPACE',''
  ) );
#1792 = ADVANCED_FACE('',(#1793),#240,.T.);
#1793 = FACE_BOUND('',#1794,.T.);
#1794 = EDGE_LOOP('',(#1795,#1796,#1797,#1820));
#1795 = ORIENTED_EDGE('',*,*,#1576,.F.);
#1796 = ORIENTED_EDGE('',*,*,#225,.F.);
#1797 = ORIENTED_EDGE('',*,*,#1798,.T.);
#1798 = EDGE_CURVE('',#197,#1799,#1801,.T.);
#1799 = VERTEX_POINT('',#1800);
#1800 = CARTESIAN_POINT('',(-15.2,56.490795710452,45.2));
#1801 = SURFACE_CURVE('',#1802,(#1806,#1813),.PCURVE_S1.);
#1802 = LINE('',#1803,#1804);
#1803 = CARTESIAN_POINT('',(-15.2,-80.,45.2));
#1804 = VECTOR('',#1805,1.);
#1805 = DIRECTION('',(-0.,1.,0.));
#1806 = PCURVE('',#240,#1807);
#1807 = DEFINITIONAL_REPRESENTATION('',(#1808),#1812);
#1808 = LINE('',#1809,#1810);
#1809 = CARTESIAN_POINT('',(0.,0.));
#1810 = VECTOR('',#1811,1.);
#1811 = DIRECTION('',(0.,-1.));
#1812 = ( GEOMETRIC_REPRESENTATION_CONTEXT(2) 
PARAMETRIC_REPRESENTATION_CONTEXT() REPRESENTATION_CONTEXT('2D SPACE',''
  ) );
#1813 = PCURVE('',#213,#1814);
#1814 = DEFINITIONAL_REPRESENTATION('',(#1815),#1819);
#1815 = LINE('',#1816,#1817);
#1816 = CARTESIAN_POINT('',(0.,0.));
#1817 = VECTOR('',#1818,1.);
#1818 = DIRECTION('',(0.,1.));
#1819 = ( GEOMETRIC_REPRESENTATION_CONTEXT(2) 
PARAMETRIC_REPRESENTATION_CONTEXT() REPRESENTATION_CONTEXT('2D SPACE',''
  ) );
#1820 = ORIENTED_EDGE('',*,*,#1821,.T.);
#1821 = EDGE_CURVE('',#1799,#1577,#1822,.T.);
#1822 = SURFACE_CURVE('',#1823,(#1827,#1833),.PCURVE_S1.);
#1823 = LINE('',#1824,#1825);
#1824 = CARTESIAN_POINT('',(-15.2,56.490795710452,-100.));
#1825 = VECTOR('',#1826,1.);
#1826 = DIRECTION('',(0.,0.,1.));
#1827 = PCURVE('',#240,#1828);
#1828 = DEFINITIONAL_REPRESENTATION('',(#1829),#1832);
#1829 = B_SPLINE_CURVE_WITH_KNOTS('',1,(#1830,#1831),.UNSPECIFIED.,.F.,
  .F.,(2,2),(144.55,152.35),.PIECEWISE_BEZIER_KNOTS.);
#1830 = CARTESIAN_POINT('',(-0.65,-136.4907957104));
#1831 = CARTESIAN_POINT('',(7.15,-136.4907957104));
#1832 = ( GEOMETRIC_REPRESENTATION_CONTEXT(2) 
PARAMETRIC_REPRESENTATION_CONTEXT() REPRESENTATION_CONTEXT('2D SPACE',''
  ) );
#1833 = PCURVE('',#612,#1834);
#1834 = DEFINITIONAL_REPRESENTATION('',(#1835),#1838);
#1835 = B_SPLINE_CURVE_WITH_KNOTS('',1,(#1836,#1837),.UNSPECIFIED.,.F.,
  .F.,(2,2),(144.55,152.35),.PIECEWISE_BEZIER_KNOTS.);
#1836 = CARTESIAN_POINT('',(1.833641505498,144.55));
#1837 = CARTESIAN_POINT('',(1.833641505498,152.35));
#1838 = ( GEOMETRIC_REPRESENTATION_CONTEXT(2) 
PARAMETRIC_REPRESENTATION_CONTEXT() REPRESENTATION_CONTEXT('2D SPACE',''
  ) );
#1839 = ADVANCED_FACE('',(#1840),#213,.T.);
#1840 = FACE_BOUND('',#1841,.T.);
#1841 = EDGE_LOOP('',(#1842,#1843,#1844,#1865,#1891,#1917,#1943,#1969,
    #1995,#2021,#2050,#2078,#2107,#2133,#2159,#2185,#2211,#2237,#2263,
    #2289));
#1842 = ORIENTED_EDGE('',*,*,#1798,.F.);
#1843 = ORIENTED_EDGE('',*,*,#196,.T.);
#1844 = ORIENTED_EDGE('',*,*,#1845,.F.);
#1845 = EDGE_CURVE('',#1846,#171,#1848,.T.);
#1846 = VERTEX_POINT('',#1847);
#1847 = CARTESIAN_POINT('',(-11.1,-55.4,45.2));
#1848 = SURFACE_CURVE('',#1849,(#1853,#1859),.PCURVE_S1.);
#1849 = LINE('',#1850,#1851);
#1850 = CARTESIAN_POINT('',(-11.1,-80.,45.2));
#1851 = VECTOR('',#1852,1.);
#1852 = DIRECTION('',(0.,-1.,0.));
#1853 = PCURVE('',#213,#1854);
#1854 = DEFINITIONAL_REPRESENTATION('',(#1855),#1858);
#1855 = B_SPLINE_CURVE_WITH_KNOTS('',1,(#1856,#1857),.UNSPECIFIED.,.F.,
  .F.,(2,2),(-24.6,-22.56272985768),.PIECEWISE_BEZIER_KNOTS.);
#1856 = CARTESIAN_POINT('',(4.1,24.6));
#1857 = CARTESIAN_POINT('',(4.1,22.562729857683));
#1858 = ( GEOMETRIC_REPRESENTATION_CONTEXT(2) 
PARAMETRIC_REPRESENTATION_CONTEXT() REPRESENTATION_CONTEXT('2D SPACE',''
  ) );
#1859 = PCURVE('',#185,#1860);
#1860 = DEFINITIONAL_REPRESENTATION('',(#1861),#1864);
#1861 = B_SPLINE_CURVE_WITH_KNOTS('',1,(#1862,#1863),.UNSPECIFIED.,.F.,
  .F.,(2,2),(-24.6,-22.56272985768),.PIECEWISE_BEZIER_KNOTS.);
#1862 = CARTESIAN_POINT('',(145.2,-24.6));
#1863 = CARTESIAN_POINT('',(145.2,-22.56272985768));
#1864 = ( GEOMETRIC_REPRESENTATION_CONTEXT(2) 
PARAMETRIC_REPRESENTATION_CONTEXT() REPRESENTATION_CONTEXT('2D SPACE',''
  ) );
#1865 = ORIENTED_EDGE('',*,*,#1866,.T.);
#1866 = EDGE_CURVE('',#1846,#1867,#1869,.T.);
#1867 = VERTEX_POINT('',#1868);
#1868 = CARTESIAN_POINT('',(-7.5,-55.4,45.2));
#1869 = SURFACE_CURVE('',#1870,(#1874,#1880),.PCURVE_S1.);
#1870 = LINE('',#1871,#1872);
#1871 = CARTESIAN_POINT('',(-13.15,-55.4,45.2));
#1872 = VECTOR('',#1873,1.);
#1873 = DIRECTION('',(1.,0.,-0.));
#1874 = PCURVE('',#213,#1875);
#1875 = DEFINITIONAL_REPRESENTATION('',(#1876),#1879);
#1876 = B_SPLINE_CURVE_WITH_KNOTS('',1,(#1877,#1878),.UNSPECIFIED.,.F.,
  .F.,(2,2),(2.05,5.65),.PIECEWISE_BEZIER_KNOTS.);
#1877 = CARTESIAN_POINT('',(4.1,24.6));
#1878 = CARTESIAN_POINT('',(7.7,24.6));
#1879 = ( GEOMETRIC_REPRESENTATION_CONTEXT(2) 
PARAMETRIC_REPRESENTATION_CONTEXT() REPRESENTATION_CONTEXT('2D SPACE',''
  ) );
#1880 = PCURVE('',#1881,#1886);
#1881 = PLANE('',#1882);
#1882 = AXIS2_PLACEMENT_3D('',#1883,#1884,#1885);
#1883 = CARTESIAN_POINT('',(-11.1,-55.4,-100.));
#1884 = DIRECTION('',(-0.,1.,0.));
#1885 = DIRECTION('',(0.,0.,1.));
#1886 = DEFINITIONAL_REPRESENTATION('',(#1887),#1890);
#1887 = B_SPLINE_CURVE_WITH_KNOTS('',1,(#1888,#1889),.UNSPECIFIED.,.F.,
  .F.,(2,2),(2.05,5.65),.PIECEWISE_BEZIER_KNOTS.);
#1888 = CARTESIAN_POINT('',(145.2,0.));
#1889 = CARTESIAN_POINT('',(145.2,3.6));
#1890 = ( GEOMETRIC_REPRESENTATION_CONTEXT(2) 
PARAMETRIC_REPRESENTATION_CONTEXT() REPRESENTATION_CONTEXT('2D SPACE',''
  ) );
#1891 = ORIENTED_EDGE('',*,*,#1892,.F.);
#1892 = EDGE_CURVE('',#1893,#1867,#1895,.T.);
#1893 = VERTEX_POINT('',#1894);
#1894 = CARTESIAN_POINT('',(-7.5,-44.5,45.2));
#1895 = SURFACE_CURVE('',#1896,(#1900,#1906),.PCURVE_S1.);
#1896 = LINE('',#1897,#1898);
#1897 = CARTESIAN_POINT('',(-7.5,-80.,45.2));
#1898 = VECTOR('',#1899,1.);
#1899 = DIRECTION('',(0.,-1.,0.));
#1900 = PCURVE('',#213,#1901);
#1901 = DEFINITIONAL_REPRESENTATION('',(#1902),#1905);
#1902 = B_SPLINE_CURVE_WITH_KNOTS('',1,(#1903,#1904),.UNSPECIFIED.,.F.,
  .F.,(2,2),(-35.5,-24.6),.PIECEWISE_BEZIER_KNOTS.);
#1903 = CARTESIAN_POINT('',(7.7,35.5));
#1904 = CARTESIAN_POINT('',(7.7,24.6));
#1905 = ( GEOMETRIC_REPRESENTATION_CONTEXT(2) 
PARAMETRIC_REPRESENTATION_CONTEXT() REPRESENTATION_CONTEXT('2D SPACE',''
  ) );
#1906 = PCURVE('',#1907,#1912);
#1907 = PLANE('',#1908);
#1908 = AXIS2_PLACEMENT_3D('',#1909,#1910,#1911);
#1909 = CARTESIAN_POINT('',(-7.5,-80.,-100.));
#1910 = DIRECTION('',(1.,0.,-0.));
#1911 = DIRECTION('',(0.,0.,1.));
#1912 = DEFINITIONAL_REPRESENTATION('',(#1913),#1916);
#1913 = B_SPLINE_CURVE_WITH_KNOTS('',1,(#1914,#1915),.UNSPECIFIED.,.F.,
  .F.,(2,2),(-35.5,-24.6),.PIECEWISE_BEZIER_KNOTS.);
#1914 = CARTESIAN_POINT('',(145.2,-35.5));
#1915 = CARTESIAN_POINT('',(145.2,-24.6));
#1916 = ( GEOMETRIC_REPRESENTATION_CONTEXT(2) 
PARAMETRIC_REPRESENTATION_CONTEXT() REPRESENTATION_CONTEXT('2D SPACE',''
  ) );
#1917 = ORIENTED_EDGE('',*,*,#1918,.T.);
#1918 = EDGE_CURVE('',#1893,#1919,#1921,.T.);
#1919 = VERTEX_POINT('',#1920);
#1920 = CARTESIAN_POINT('',(7.5,-44.5,45.2));
#1921 = SURFACE_CURVE('',#1922,(#1926,#1932),.PCURVE_S1.);
#1922 = LINE('',#1923,#1924);
#1923 = CARTESIAN_POINT('',(-11.35,-44.5,45.2));
#1924 = VECTOR('',#1925,1.);
#1925 = DIRECTION('',(1.,0.,-0.));
#1926 = PCURVE('',#213,#1927);
#1927 = DEFINITIONAL_REPRESENTATION('',(#1928),#1931);
#1928 = B_SPLINE_CURVE_WITH_KNOTS('',1,(#1929,#1930),.UNSPECIFIED.,.F.,
  .F.,(2,2),(3.85,18.85),.PIECEWISE_BEZIER_KNOTS.);
#1929 = CARTESIAN_POINT('',(7.7,35.5));
#1930 = CARTESIAN_POINT('',(22.7,35.5));
#1931 = ( GEOMETRIC_REPRESENTATION_CONTEXT(2) 
PARAMETRIC_REPRESENTATION_CONTEXT() REPRESENTATION_CONTEXT('2D SPACE',''
  ) );
#1932 = PCURVE('',#1933,#1938);
#1933 = PLANE('',#1934);
#1934 = AXIS2_PLACEMENT_3D('',#1935,#1936,#1937);
#1935 = CARTESIAN_POINT('',(-7.5,-44.5,-100.));
#1936 = DIRECTION('',(-0.,1.,0.));
#1937 = DIRECTION('',(0.,0.,1.));
#1938 = DEFINITIONAL_REPRESENTATION('',(#1939),#1942);
#1939 = B_SPLINE_CURVE_WITH_KNOTS('',1,(#1940,#1941),.UNSPECIFIED.,.F.,
  .F.,(2,2),(3.85,18.85),.PIECEWISE_BEZIER_KNOTS.);
#1940 = CARTESIAN_POINT('',(145.2,0.));
#1941 = CARTESIAN_POINT('',(145.2,15.));
#1942 = ( GEOMETRIC_REPRESENTATION_CONTEXT(2) 
PARAMETRIC_REPRESENTATION_CONTEXT() REPRESENTATION_CONTEXT('2D SPACE',''
  ) );
#1943 = ORIENTED_EDGE('',*,*,#1944,.T.);
#1944 = EDGE_CURVE('',#1919,#1945,#1947,.T.);
#1945 = VERTEX_POINT('',#1946);
#1946 = CARTESIAN_POINT('',(7.5,-55.4,45.2));
#1947 = SURFACE_CURVE('',#1948,(#1952,#1958),.PCURVE_S1.);
#1948 = LINE('',#1949,#1950);
#1949 = CARTESIAN_POINT('',(7.5,-80.,45.2));
#1950 = VECTOR('',#1951,1.);
#1951 = DIRECTION('',(0.,-1.,0.));
#1952 = PCURVE('',#213,#1953);
#1953 = DEFINITIONAL_REPRESENTATION('',(#1954),#1957);
#1954 = B_SPLINE_CURVE_WITH_KNOTS('',1,(#1955,#1956),.UNSPECIFIED.,.F.,
  .F.,(2,2),(-35.5,-24.6),.PIECEWISE_BEZIER_KNOTS.);
#1955 = CARTESIAN_POINT('',(22.7,35.5));
#1956 = CARTESIAN_POINT('',(22.7,24.6));
#1957 = ( GEOMETRIC_REPRESENTATION_CONTEXT(2) 
PARAMETRIC_REPRESENTATION_CONTEXT() REPRESENTATION_CONTEXT('2D SPACE',''
  ) );
#1958 = PCURVE('',#1959,#1964);
#1959 = PLANE('',#1960);
#1960 = AXIS2_PLACEMENT_3D('',#1961,#1962,#1963);
#1961 = CARTESIAN_POINT('',(7.5,-80.,-100.));
#1962 = DIRECTION('',(1.,0.,-0.));
#1963 = DIRECTION('',(0.,0.,1.));
#1964 = DEFINITIONAL_REPRESENTATION('',(#1965),#1968);
#1965 = B_SPLINE_CURVE_WITH_KNOTS('',1,(#1966,#1967),.UNSPECIFIED.,.F.,
  .F.,(2,2),(-35.5,-24.6),.PIECEWISE_BEZIER_KNOTS.);
#1966 = CARTESIAN_POINT('',(145.2,-35.5));
#1967 = CARTESIAN_POINT('',(145.2,-24.6));
#1968 = ( GEOMETRIC_REPRESENTATION_CONTEXT(2) 
PARAMETRIC_REPRESENTATION_CONTEXT() REPRESENTATION_CONTEXT('2D SPACE',''
  ) );
#1969 = ORIENTED_EDGE('',*,*,#1970,.T.);
#1970 = EDGE_CURVE('',#1945,#1971,#1973,.T.);
#1971 = VERTEX_POINT('',#1972);
#1972 = CARTESIAN_POINT('',(11.1,-55.4,45.2));
#1973 = SURFACE_CURVE('',#1974,(#1978,#1984),.PCURVE_S1.);
#1974 = LINE('',#1975,#1976);
#1975 = CARTESIAN_POINT('',(-13.15,-55.4,45.2));
#1976 = VECTOR('',#1977,1.);
#1977 = DIRECTION('',(1.,0.,-0.));
#1978 = PCURVE('',#213,#1979);
#1979 = DEFINITIONAL_REPRESENTATION('',(#1980),#1983);
#1980 = B_SPLINE_CURVE_WITH_KNOTS('',1,(#1981,#1982),.UNSPECIFIED.,.F.,
  .F.,(2,2),(20.65,24.25),.PIECEWISE_BEZIER_KNOTS.);
#1981 = CARTESIAN_POINT('',(22.7,24.6));
#1982 = CARTESIAN_POINT('',(26.3,24.6));
#1983 = ( GEOMETRIC_REPRESENTATION_CONTEXT(2) 
PARAMETRIC_REPRESENTATION_CONTEXT() REPRESENTATION_CONTEXT('2D SPACE',''
  ) );
#1984 = PCURVE('',#1985,#1990);
#1985 = PLANE('',#1986);
#1986 = AXIS2_PLACEMENT_3D('',#1987,#1988,#1989);
#1987 = CARTESIAN_POINT('',(-11.1,-55.4,-100.));
#1988 = DIRECTION('',(-0.,1.,0.));
#1989 = DIRECTION('',(0.,0.,1.));
#1990 = DEFINITIONAL_REPRESENTATION('',(#1991),#1994);
#1991 = B_SPLINE_CURVE_WITH_KNOTS('',1,(#1992,#1993),.UNSPECIFIED.,.F.,
  .F.,(2,2),(20.65,24.25),.PIECEWISE_BEZIER_KNOTS.);
#1992 = CARTESIAN_POINT('',(145.2,18.6));
#1993 = CARTESIAN_POINT('',(145.2,22.2));
#1994 = ( GEOMETRIC_REPRESENTATION_CONTEXT(2) 
PARAMETRIC_REPRESENTATION_CONTEXT() REPRESENTATION_CONTEXT('2D SPACE',''
  ) );
#1995 = ORIENTED_EDGE('',*,*,#1996,.T.);
#1996 = EDGE_CURVE('',#1971,#1997,#1999,.T.);
#1997 = VERTEX_POINT('',#1998);
#1998 = CARTESIAN_POINT('',(11.1,-57.43727013011,45.2));
#1999 = SURFACE_CURVE('',#2000,(#2004,#2010),.PCURVE_S1.);
#2000 = LINE('',#2001,#2002);
#2001 = CARTESIAN_POINT('',(11.1,-80.,45.2));
#2002 = VECTOR('',#2003,1.);
#2003 = DIRECTION('',(0.,-1.,0.));
#2004 = PCURVE('',#213,#2005);
#2005 = DEFINITIONAL_REPRESENTATION('',(#2006),#2009);
#2006 = B_SPLINE_CURVE_WITH_KNOTS('',1,(#2007,#2008),.UNSPECIFIED.,.F.,
  .F.,(2,2),(-24.6,-22.56272985866),.PIECEWISE_BEZIER_KNOTS.);
#2007 = CARTESIAN_POINT('',(26.3,24.6));
#2008 = CARTESIAN_POINT('',(26.3,22.562729858669));
#2009 = ( GEOMETRIC_REPRESENTATION_CONTEXT(2) 
PARAMETRIC_REPRESENTATION_CONTEXT() REPRESENTATION_CONTEXT('2D SPACE',''
  ) );
#2010 = PCURVE('',#2011,#2016);
#2011 = PLANE('',#2012);
#2012 = AXIS2_PLACEMENT_3D('',#2013,#2014,#2015);
#2013 = CARTESIAN_POINT('',(11.1,-80.,-100.));
#2014 = DIRECTION('',(1.,0.,-0.));
#2015 = DIRECTION('',(0.,0.,1.));
#2016 = DEFINITIONAL_REPRESENTATION('',(#2017),#2020);
#2017 = B_SPLINE_CURVE_WITH_KNOTS('',1,(#2018,#2019),.UNSPECIFIED.,.F.,
  .F.,(2,2),(-24.6,-22.56272985866),.PIECEWISE_BEZIER_KNOTS.);
#2018 = CARTESIAN_POINT('',(145.2,-24.6));
#2019 = CARTESIAN_POINT('',(145.2,-22.56272985866));
#2020 = ( GEOMETRIC_REPRESENTATION_CONTEXT(2) 
PARAMETRIC_REPRESENTATION_CONTEXT() REPRESENTATION_CONTEXT('2D SPACE',''
  ) );
#2021 = ORIENTED_EDGE('',*,*,#2022,.T.);
#2022 = EDGE_CURVE('',#1997,#2023,#2025,.T.);
#2023 = VERTEX_POINT('',#2024);
#2024 = CARTESIAN_POINT('',(15.2,-56.49079571045,45.2));
#2025 = SURFACE_CURVE('',#2026,(#2031,#2038),.PCURVE_S1.);
#2026 = CIRCLE('',#2027,58.5);
#2027 = AXIS2_PLACEMENT_3D('',#2028,#2029,#2030);
#2028 = CARTESIAN_POINT('',(0.,0.,45.2));
#2029 = DIRECTION('',(0.,0.,1.));
#2030 = DIRECTION('',(1.,0.,-0.));
#2031 = PCURVE('',#213,#2032);
#2032 = DEFINITIONAL_REPRESENTATION('',(#2033),#2037);
#2033 = CIRCLE('',#2034,58.5);
#2034 = AXIS2_PLACEMENT_2D('',#2035,#2036);
#2035 = CARTESIAN_POINT('',(15.2,80.));
#2036 = DIRECTION('',(1.,0.));
#2037 = ( GEOMETRIC_REPRESENTATION_CONTEXT(2) 
PARAMETRIC_REPRESENTATION_CONTEXT() REPRESENTATION_CONTEXT('2D SPACE',''
  ) );
#2038 = PCURVE('',#2039,#2044);
#2039 = CYLINDRICAL_SURFACE('',#2040,58.5);
#2040 = AXIS2_PLACEMENT_3D('',#2041,#2042,#2043);
#2041 = CARTESIAN_POINT('',(0.,0.,-100.));
#2042 = DIRECTION('',(0.,0.,1.));
#2043 = DIRECTION('',(1.,0.,-0.));
#2044 = DEFINITIONAL_REPRESENTATION('',(#2045),#2049);
#2045 = LINE('',#2046,#2047);
#2046 = CARTESIAN_POINT('',(0.,145.2));
#2047 = VECTOR('',#2048,1.);
#2048 = DIRECTION('',(1.,0.));
#2049 = ( GEOMETRIC_REPRESENTATION_CONTEXT(2) 
PARAMETRIC_REPRESENTATION_CONTEXT() REPRESENTATION_CONTEXT('2D SPACE',''
  ) );
#2050 = ORIENTED_EDGE('',*,*,#2051,.T.);
#2051 = EDGE_CURVE('',#2023,#2052,#2054,.T.);
#2052 = VERTEX_POINT('',#2053);
#2053 = CARTESIAN_POINT('',(15.2,56.490795710452,45.2));
#2054 = SURFACE_CURVE('',#2055,(#2059,#2066),.PCURVE_S1.);
#2055 = LINE('',#2056,#2057);
#2056 = CARTESIAN_POINT('',(15.2,-80.,45.2));
#2057 = VECTOR('',#2058,1.);
#2058 = DIRECTION('',(-0.,1.,0.));
#2059 = PCURVE('',#213,#2060);
#2060 = DEFINITIONAL_REPRESENTATION('',(#2061),#2065);
#2061 = LINE('',#2062,#2063);
#2062 = CARTESIAN_POINT('',(30.4,0.));
#2063 = VECTOR('',#2064,1.);
#2064 = DIRECTION('',(0.,1.));
#2065 = ( GEOMETRIC_REPRESENTATION_CONTEXT(2) 
PARAMETRIC_REPRESENTATION_CONTEXT() REPRESENTATION_CONTEXT('2D SPACE',''
  ) );
#2066 = PCURVE('',#2067,#2072);
#2067 = PLANE('',#2068);
#2068 = AXIS2_PLACEMENT_3D('',#2069,#2070,#2071);
#2069 = CARTESIAN_POINT('',(15.2,-80.,45.2));
#2070 = DIRECTION('',(1.,0.,-0.));
#2071 = DIRECTION('',(0.,0.,1.));
#2072 = DEFINITIONAL_REPRESENTATION('',(#2073),#2077);
#2073 = LINE('',#2074,#2075);
#2074 = CARTESIAN_POINT('',(0.,0.));
#2075 = VECTOR('',#2076,1.);
#2076 = DIRECTION('',(0.,-1.));
#2077 = ( GEOMETRIC_REPRESENTATION_CONTEXT(2) 
PARAMETRIC_REPRESENTATION_CONTEXT() REPRESENTATION_CONTEXT('2D SPACE',''
  ) );
#2078 = ORIENTED_EDGE('',*,*,#2079,.T.);
#2079 = EDGE_CURVE('',#2052,#2080,#2082,.T.);
#2080 = VERTEX_POINT('',#2081);
#2081 = CARTESIAN_POINT('',(11.1,57.437270130117,45.2));
#2082 = SURFACE_CURVE('',#2083,(#2088,#2095),.PCURVE_S1.);
#2083 = CIRCLE('',#2084,58.5);
#2084 = AXIS2_PLACEMENT_3D('',#2085,#2086,#2087);
#2085 = CARTESIAN_POINT('',(0.,0.,45.2));
#2086 = DIRECTION('',(0.,0.,1.));
#2087 = DIRECTION('',(1.,0.,-0.));
#2088 = PCURVE('',#213,#2089);
#2089 = DEFINITIONAL_REPRESENTATION('',(#2090),#2094);
#2090 = CIRCLE('',#2091,58.5);
#2091 = AXIS2_PLACEMENT_2D('',#2092,#2093);
#2092 = CARTESIAN_POINT('',(15.2,80.));
#2093 = DIRECTION('',(1.,0.));
#2094 = ( GEOMETRIC_REPRESENTATION_CONTEXT(2) 
PARAMETRIC_REPRESENTATION_CONTEXT() REPRESENTATION_CONTEXT('2D SPACE',''
  ) );
#2095 = PCURVE('',#2096,#2101);
#2096 = CYLINDRICAL_SURFACE('',#2097,58.5);
#2097 = AXIS2_PLACEMENT_3D('',#2098,#2099,#2100);
#2098 = CARTESIAN_POINT('',(0.,0.,-100.));
#2099 = DIRECTION('',(0.,0.,1.));
#2100 = DIRECTION('',(1.,0.,-0.));
#2101 = DEFINITIONAL_REPRESENTATION('',(#2102),#2106);
#2102 = LINE('',#2103,#2104);
#2103 = CARTESIAN_POINT('',(0.,145.2));
#2104 = VECTOR('',#2105,1.);
#2105 = DIRECTION('',(1.,0.));
#2106 = ( GEOMETRIC_REPRESENTATION_CONTEXT(2) 
PARAMETRIC_REPRESENTATION_CONTEXT() REPRESENTATION_CONTEXT('2D SPACE',''
  ) );
#2107 = ORIENTED_EDGE('',*,*,#2108,.T.);
#2108 = EDGE_CURVE('',#2080,#2109,#2111,.T.);
#2109 = VERTEX_POINT('',#2110);
#2110 = CARTESIAN_POINT('',(11.1,55.4,45.2));
#2111 = SURFACE_CURVE('',#2112,(#2116,#2122),.PCURVE_S1.);
#2112 = LINE('',#2113,#2114);
#2113 = CARTESIAN_POINT('',(11.1,-12.3,45.2));
#2114 = VECTOR('',#2115,1.);
#2115 = DIRECTION('',(0.,-1.,0.));
#2116 = PCURVE('',#213,#2117);
#2117 = DEFINITIONAL_REPRESENTATION('',(#2118),#2121);
#2118 = B_SPLINE_CURVE_WITH_KNOTS('',1,(#2119,#2120),.UNSPECIFIED.,.F.,
  .F.,(2,2),(-69.73727014231,-67.7),.PIECEWISE_BEZIER_KNOTS.);
#2119 = CARTESIAN_POINT('',(26.3,137.43727014231));
#2120 = CARTESIAN_POINT('',(26.3,135.4));
#2121 = ( GEOMETRIC_REPRESENTATION_CONTEXT(2) 
PARAMETRIC_REPRESENTATION_CONTEXT() REPRESENTATION_CONTEXT('2D SPACE',''
  ) );
#2122 = PCURVE('',#2123,#2128);
#2123 = PLANE('',#2124);
#2124 = AXIS2_PLACEMENT_3D('',#2125,#2126,#2127);
#2125 = CARTESIAN_POINT('',(11.1,55.4,-100.));
#2126 = DIRECTION('',(1.,0.,-0.));
#2127 = DIRECTION('',(0.,0.,1.));
#2128 = DEFINITIONAL_REPRESENTATION('',(#2129),#2132);
#2129 = B_SPLINE_CURVE_WITH_KNOTS('',1,(#2130,#2131),.UNSPECIFIED.,.F.,
  .F.,(2,2),(-69.73727014231,-67.7),.PIECEWISE_BEZIER_KNOTS.);
#2130 = CARTESIAN_POINT('',(145.2,-2.037270142317));
#2131 = CARTESIAN_POINT('',(145.2,1.42108547152E-14));
#2132 = ( GEOMETRIC_REPRESENTATION_CONTEXT(2) 
PARAMETRIC_REPRESENTATION_CONTEXT() REPRESENTATION_CONTEXT('2D SPACE',''
  ) );
#2133 = ORIENTED_EDGE('',*,*,#2134,.F.);
#2134 = EDGE_CURVE('',#2135,#2109,#2137,.T.);
#2135 = VERTEX_POINT('',#2136);
#2136 = CARTESIAN_POINT('',(7.5,55.4,45.2));
#2137 = SURFACE_CURVE('',#2138,(#2142,#2148),.PCURVE_S1.);
#2138 = LINE('',#2139,#2140);
#2139 = CARTESIAN_POINT('',(-13.15,55.4,45.2));
#2140 = VECTOR('',#2141,1.);
#2141 = DIRECTION('',(1.,0.,-0.));
#2142 = PCURVE('',#213,#2143);
#2143 = DEFINITIONAL_REPRESENTATION('',(#2144),#2147);
#2144 = B_SPLINE_CURVE_WITH_KNOTS('',1,(#2145,#2146),.UNSPECIFIED.,.F.,
  .F.,(2,2),(20.65,24.25),.PIECEWISE_BEZIER_KNOTS.);
#2145 = CARTESIAN_POINT('',(22.7,135.4));
#2146 = CARTESIAN_POINT('',(26.3,135.4));
#2147 = ( GEOMETRIC_REPRESENTATION_CONTEXT(2) 
PARAMETRIC_REPRESENTATION_CONTEXT() REPRESENTATION_CONTEXT('2D SPACE',''
  ) );
#2148 = PCURVE('',#2149,#2154);
#2149 = PLANE('',#2150);
#2150 = AXIS2_PLACEMENT_3D('',#2151,#2152,#2153);
#2151 = CARTESIAN_POINT('',(-11.1,55.4,-100.));
#2152 = DIRECTION('',(-0.,1.,0.));
#2153 = DIRECTION('',(0.,0.,1.));
#2154 = DEFINITIONAL_REPRESENTATION('',(#2155),#2158);
#2155 = B_SPLINE_CURVE_WITH_KNOTS('',1,(#2156,#2157),.UNSPECIFIED.,.F.,
  .F.,(2,2),(20.65,24.25),.PIECEWISE_BEZIER_KNOTS.);
#2156 = CARTESIAN_POINT('',(145.2,18.6));
#2157 = CARTESIAN_POINT('',(145.2,22.2));
#2158 = ( GEOMETRIC_REPRESENTATION_CONTEXT(2) 
PARAMETRIC_REPRESENTATION_CONTEXT() REPRESENTATION_CONTEXT('2D SPACE',''
  ) );
#2159 = ORIENTED_EDGE('',*,*,#2160,.T.);
#2160 = EDGE_CURVE('',#2135,#2161,#2163,.T.);
#2161 = VERTEX_POINT('',#2162);
#2162 = CARTESIAN_POINT('',(7.5,44.5,45.2));
#2163 = SURFACE_CURVE('',#2164,(#2168,#2174),.PCURVE_S1.);
#2164 = LINE('',#2165,#2166);
#2165 = CARTESIAN_POINT('',(7.5,-17.75,45.2));
#2166 = VECTOR('',#2167,1.);
#2167 = DIRECTION('',(0.,-1.,0.));
#2168 = PCURVE('',#213,#2169);
#2169 = DEFINITIONAL_REPRESENTATION('',(#2170),#2173);
#2170 = B_SPLINE_CURVE_WITH_KNOTS('',1,(#2171,#2172),.UNSPECIFIED.,.F.,
  .F.,(2,2),(-73.15,-62.25),.PIECEWISE_BEZIER_KNOTS.);
#2171 = CARTESIAN_POINT('',(22.7,135.4));
#2172 = CARTESIAN_POINT('',(22.7,124.5));
#2173 = ( GEOMETRIC_REPRESENTATION_CONTEXT(2) 
PARAMETRIC_REPRESENTATION_CONTEXT() REPRESENTATION_CONTEXT('2D SPACE',''
  ) );
#2174 = PCURVE('',#2175,#2180);
#2175 = PLANE('',#2176);
#2176 = AXIS2_PLACEMENT_3D('',#2177,#2178,#2179);
#2177 = CARTESIAN_POINT('',(7.5,44.5,-100.));
#2178 = DIRECTION('',(1.,0.,-0.));
#2179 = DIRECTION('',(0.,0.,1.));
#2180 = DEFINITIONAL_REPRESENTATION('',(#2181),#2184);
#2181 = B_SPLINE_CURVE_WITH_KNOTS('',1,(#2182,#2183),.UNSPECIFIED.,.F.,
  .F.,(2,2),(-73.15,-62.25),.PIECEWISE_BEZIER_KNOTS.);
#2182 = CARTESIAN_POINT('',(145.2,-10.9));
#2183 = CARTESIAN_POINT('',(145.2,0.));
#2184 = ( GEOMETRIC_REPRESENTATION_CONTEXT(2) 
PARAMETRIC_REPRESENTATION_CONTEXT() REPRESENTATION_CONTEXT('2D SPACE',''
  ) );
#2185 = ORIENTED_EDGE('',*,*,#2186,.F.);
#2186 = EDGE_CURVE('',#2187,#2161,#2189,.T.);
#2187 = VERTEX_POINT('',#2188);
#2188 = CARTESIAN_POINT('',(-7.5,44.5,45.2));
#2189 = SURFACE_CURVE('',#2190,(#2194,#2200),.PCURVE_S1.);
#2190 = LINE('',#2191,#2192);
#2191 = CARTESIAN_POINT('',(-11.35,44.5,45.2));
#2192 = VECTOR('',#2193,1.);
#2193 = DIRECTION('',(1.,0.,-0.));
#2194 = PCURVE('',#213,#2195);
#2195 = DEFINITIONAL_REPRESENTATION('',(#2196),#2199);
#2196 = B_SPLINE_CURVE_WITH_KNOTS('',1,(#2197,#2198),.UNSPECIFIED.,.F.,
  .F.,(2,2),(3.85,18.85),.PIECEWISE_BEZIER_KNOTS.);
#2197 = CARTESIAN_POINT('',(7.7,124.5));
#2198 = CARTESIAN_POINT('',(22.7,124.5));
#2199 = ( GEOMETRIC_REPRESENTATION_CONTEXT(2) 
PARAMETRIC_REPRESENTATION_CONTEXT() REPRESENTATION_CONTEXT('2D SPACE',''
  ) );
#2200 = PCURVE('',#2201,#2206);
#2201 = PLANE('',#2202);
#2202 = AXIS2_PLACEMENT_3D('',#2203,#2204,#2205);
#2203 = CARTESIAN_POINT('',(-7.5,44.5,-100.));
#2204 = DIRECTION('',(-0.,1.,0.));
#2205 = DIRECTION('',(0.,0.,1.));
#2206 = DEFINITIONAL_REPRESENTATION('',(#2207),#2210);
#2207 = B_SPLINE_CURVE_WITH_KNOTS('',1,(#2208,#2209),.UNSPECIFIED.,.F.,
  .F.,(2,2),(3.85,18.85),.PIECEWISE_BEZIER_KNOTS.);
#2208 = CARTESIAN_POINT('',(145.2,0.));
#2209 = CARTESIAN_POINT('',(145.2,15.));
#2210 = ( GEOMETRIC_REPRESENTATION_CONTEXT(2) 
PARAMETRIC_REPRESENTATION_CONTEXT() REPRESENTATION_CONTEXT('2D SPACE',''
  ) );
#2211 = ORIENTED_EDGE('',*,*,#2212,.F.);
#2212 = EDGE_CURVE('',#2213,#2187,#2215,.T.);
#2213 = VERTEX_POINT('',#2214);
#2214 = CARTESIAN_POINT('',(-7.5,55.4,45.2));
#2215 = SURFACE_CURVE('',#2216,(#2220,#2226),.PCURVE_S1.);
#2216 = LINE('',#2217,#2218);
#2217 = CARTESIAN_POINT('',(-7.5,-17.75,45.2));
#2218 = VECTOR('',#2219,1.);
#2219 = DIRECTION('',(0.,-1.,0.));
#2220 = PCURVE('',#213,#2221);
#2221 = DEFINITIONAL_REPRESENTATION('',(#2222),#2225);
#2222 = B_SPLINE_CURVE_WITH_KNOTS('',1,(#2223,#2224),.UNSPECIFIED.,.F.,
  .F.,(2,2),(-73.15,-62.25),.PIECEWISE_BEZIER_KNOTS.);
#2223 = CARTESIAN_POINT('',(7.7,135.4));
#2224 = CARTESIAN_POINT('',(7.7,124.5));
#2225 = ( GEOMETRIC_REPRESENTATION_CONTEXT(2) 
PARAMETRIC_REPRESENTATION_CONTEXT() REPRESENTATION_CONTEXT('2D SPACE',''
  ) );
#2226 = PCURVE('',#2227,#2232);
#2227 = PLANE('',#2228);
#2228 = AXIS2_PLACEMENT_3D('',#2229,#2230,#2231);
#2229 = CARTESIAN_POINT('',(-7.5,44.5,-100.));
#2230 = DIRECTION('',(1.,0.,-0.));
#2231 = DIRECTION('',(0.,0.,1.));
#2232 = DEFINITIONAL_REPRESENTATION('',(#2233),#2236);
#2233 = B_SPLINE_CURVE_WITH_KNOTS('',1,(#2234,#2235),.UNSPECIFIED.,.F.,
  .F.,(2,2),(-73.15,-62.25),.PIECEWISE_BEZIER_KNOTS.);
#2234 = CARTESIAN_POINT('',(145.2,-10.9));
#2235 = CARTESIAN_POINT('',(145.2,0.));
#2236 = ( GEOMETRIC_REPRESENTATION_CONTEXT(2) 
PARAMETRIC_REPRESENTATION_CONTEXT() REPRESENTATION_CONTEXT('2D SPACE',''
  ) );
#2237 = ORIENTED_EDGE('',*,*,#2238,.F.);
#2238 = EDGE_CURVE('',#2239,#2213,#2241,.T.);
#2239 = VERTEX_POINT('',#2240);
#2240 = CARTESIAN_POINT('',(-11.1,55.4,45.2));
#2241 = SURFACE_CURVE('',#2242,(#2246,#2252),.PCURVE_S1.);
#2242 = LINE('',#2243,#2244);
#2243 = CARTESIAN_POINT('',(-13.15,55.4,45.2));
#2244 = VECTOR('',#2245,1.);
#2245 = DIRECTION('',(1.,0.,-0.));
#2246 = PCURVE('',#213,#2247);
#2247 = DEFINITIONAL_REPRESENTATION('',(#2248),#2251);
#2248 = B_SPLINE_CURVE_WITH_KNOTS('',1,(#2249,#2250),.UNSPECIFIED.,.F.,
  .F.,(2,2),(2.05,5.65),.PIECEWISE_BEZIER_KNOTS.);
#2249 = CARTESIAN_POINT('',(4.1,135.4));
#2250 = CARTESIAN_POINT('',(7.7,135.4));
#2251 = ( GEOMETRIC_REPRESENTATION_CONTEXT(2) 
PARAMETRIC_REPRESENTATION_CONTEXT() REPRESENTATION_CONTEXT('2D SPACE',''
  ) );
#2252 = PCURVE('',#2253,#2258);
#2253 = PLANE('',#2254);
#2254 = AXIS2_PLACEMENT_3D('',#2255,#2256,#2257);
#2255 = CARTESIAN_POINT('',(-11.1,55.4,-100.));
#2256 = DIRECTION('',(-0.,1.,0.));
#2257 = DIRECTION('',(0.,0.,1.));
#2258 = DEFINITIONAL_REPRESENTATION('',(#2259),#2262);
#2259 = B_SPLINE_CURVE_WITH_KNOTS('',1,(#2260,#2261),.UNSPECIFIED.,.F.,
  .F.,(2,2),(2.05,5.65),.PIECEWISE_BEZIER_KNOTS.);
#2260 = CARTESIAN_POINT('',(145.2,0.));
#2261 = CARTESIAN_POINT('',(145.2,3.6));
#2262 = ( GEOMETRIC_REPRESENTATION_CONTEXT(2) 
PARAMETRIC_REPRESENTATION_CONTEXT() REPRESENTATION_CONTEXT('2D SPACE',''
  ) );
#2263 = ORIENTED_EDGE('',*,*,#2264,.F.);
#2264 = EDGE_CURVE('',#2265,#2239,#2267,.T.);
#2265 = VERTEX_POINT('',#2266);
#2266 = CARTESIAN_POINT('',(-11.1,57.437270130117,45.2));
#2267 = SURFACE_CURVE('',#2268,(#2272,#2278),.PCURVE_S1.);
#2268 = LINE('',#2269,#2270);
#2269 = CARTESIAN_POINT('',(-11.1,-12.3,45.2));
#2270 = VECTOR('',#2271,1.);
#2271 = DIRECTION('',(0.,-1.,0.));
#2272 = PCURVE('',#213,#2273);
#2273 = DEFINITIONAL_REPRESENTATION('',(#2274),#2277);
#2274 = B_SPLINE_CURVE_WITH_KNOTS('',1,(#2275,#2276),.UNSPECIFIED.,.F.,
  .F.,(2,2),(-69.73727014133,-67.7),.PIECEWISE_BEZIER_KNOTS.);
#2275 = CARTESIAN_POINT('',(4.1,137.43727014133));
#2276 = CARTESIAN_POINT('',(4.1,135.4));
#2277 = ( GEOMETRIC_REPRESENTATION_CONTEXT(2) 
PARAMETRIC_REPRESENTATION_CONTEXT() REPRESENTATION_CONTEXT('2D SPACE',''
  ) );
#2278 = PCURVE('',#2279,#2284);
#2279 = PLANE('',#2280);
#2280 = AXIS2_PLACEMENT_3D('',#2281,#2282,#2283);
#2281 = CARTESIAN_POINT('',(-11.1,55.4,-100.));
#2282 = DIRECTION('',(1.,0.,-0.));
#2283 = DIRECTION('',(0.,0.,1.));
#2284 = DEFINITIONAL_REPRESENTATION('',(#2285),#2288);
#2285 = B_SPLINE_CURVE_WITH_KNOTS('',1,(#2286,#2287),.UNSPECIFIED.,.F.,
  .F.,(2,2),(-69.73727014133,-67.7),.PIECEWISE_BEZIER_KNOTS.);
#2286 = CARTESIAN_POINT('',(145.2,-2.037270141333));
#2287 = CARTESIAN_POINT('',(145.2,1.42108547152E-14));
#2288 = ( GEOMETRIC_REPRESENTATION_CONTEXT(2) 
PARAMETRIC_REPRESENTATION_CONTEXT() REPRESENTATION_CONTEXT('2D SPACE',''
  ) );
#2289 = ORIENTED_EDGE('',*,*,#2290,.T.);
#2290 = EDGE_CURVE('',#2265,#1799,#2291,.T.);
#2291 = SURFACE_CURVE('',#2292,(#2297,#2304),.PCURVE_S1.);
#2292 = CIRCLE('',#2293,58.5);
#2293 = AXIS2_PLACEMENT_3D('',#2294,#2295,#2296);
#2294 = CARTESIAN_POINT('',(0.,0.,45.2));
#2295 = DIRECTION('',(0.,0.,1.));
#2296 = DIRECTION('',(1.,0.,-0.));
#2297 = PCURVE('',#213,#2298);
#2298 = DEFINITIONAL_REPRESENTATION('',(#2299),#2303);
#2299 = CIRCLE('',#2300,58.5);
#2300 = AXIS2_PLACEMENT_2D('',#2301,#2302);
#2301 = CARTESIAN_POINT('',(15.2,80.));
#2302 = DIRECTION('',(1.,0.));
#2303 = ( GEOMETRIC_REPRESENTATION_CONTEXT(2) 
PARAMETRIC_REPRESENTATION_CONTEXT() REPRESENTATION_CONTEXT('2D SPACE',''
  ) );
#2304 = PCURVE('',#612,#2305);
#2305 = DEFINITIONAL_REPRESENTATION('',(#2306),#2310);
#2306 = LINE('',#2307,#2308);
#2307 = CARTESIAN_POINT('',(0.,145.2));
#2308 = VECTOR('',#2309,1.);
#2309 = DIRECTION('',(1.,0.));
#2310 = ( GEOMETRIC_REPRESENTATION_CONTEXT(2) 
PARAMETRIC_REPRESENTATION_CONTEXT() REPRESENTATION_CONTEXT('2D SPACE',''
  ) );
#2311 = ADVANCED_FACE('',(#2312),#185,.T.);
#2312 = FACE_BOUND('',#2313,.T.);
#2313 = EDGE_LOOP('',(#2314,#2342,#2363,#2364));
#2314 = ORIENTED_EDGE('',*,*,#2315,.F.);
#2315 = EDGE_CURVE('',#2316,#62,#2318,.T.);
#2316 = VERTEX_POINT('',#2317);
#2317 = CARTESIAN_POINT('',(-11.1,-55.4,-42.68118970574));
#2318 = SURFACE_CURVE('',#2319,(#2324,#2335),.PCURVE_S1.);
#2319 = CIRCLE('',#2320,30.);
#2320 = AXIS2_PLACEMENT_3D('',#2321,#2322,#2323);
#2321 = CARTESIAN_POINT('',(-11.1,-28.5,-29.4));
#2322 = DIRECTION('',(-1.,-0.,0.));
#2323 = DIRECTION('',(0.,-1.,-2.368475785867E-16));
#2324 = PCURVE('',#185,#2325);
#2325 = DEFINITIONAL_REPRESENTATION('',(#2326),#2334);
#2326 = ( BOUNDED_CURVE() B_SPLINE_CURVE(2,(#2327,#2328,#2329,#2330,
#2331,#2332,#2333),.UNSPECIFIED.,.T.,.F.) B_SPLINE_CURVE_WITH_KNOTS((1,2
    ,2,2,2,1),(-2.094395102393,0.,2.094395102393,4.188790204786,
6.28318530718,8.377580409573),.UNSPECIFIED.) CURVE() 
GEOMETRIC_REPRESENTATION_ITEM() RATIONAL_B_SPLINE_CURVE((1.,0.5,1.,0.5,
1.,0.5,1.)) REPRESENTATION_ITEM('') );
#2327 = CARTESIAN_POINT('',(70.6,-21.5));
#2328 = CARTESIAN_POINT('',(122.56152422706,-21.5));
#2329 = CARTESIAN_POINT('',(96.580762113533,-66.5));
#2330 = CARTESIAN_POINT('',(70.6,-111.5));
#2331 = CARTESIAN_POINT('',(44.619237886467,-66.5));
#2332 = CARTESIAN_POINT('',(18.638475772934,-21.5));
#2333 = CARTESIAN_POINT('',(70.6,-21.5));
#2334 = ( GEOMETRIC_REPRESENTATION_CONTEXT(2) 
PARAMETRIC_REPRESENTATION_CONTEXT() REPRESENTATION_CONTEXT('2D SPACE',''
  ) );
#2335 = PCURVE('',#131,#2336);
#2336 = DEFINITIONAL_REPRESENTATION('',(#2337),#2341);
#2337 = LINE('',#2338,#2339);
#2338 = CARTESIAN_POINT('',(-6.28318530718,-88.9));
#2339 = VECTOR('',#2340,1.);
#2340 = DIRECTION('',(1.,-0.));
#2341 = ( GEOMETRIC_REPRESENTATION_CONTEXT(2) 
PARAMETRIC_REPRESENTATION_CONTEXT() REPRESENTATION_CONTEXT('2D SPACE',''
  ) );
#2342 = ORIENTED_EDGE('',*,*,#2343,.T.);
#2343 = EDGE_CURVE('',#2316,#1846,#2344,.T.);
#2344 = SURFACE_CURVE('',#2345,(#2349,#2356),.PCURVE_S1.);
#2345 = LINE('',#2346,#2347);
#2346 = CARTESIAN_POINT('',(-11.1,-55.4,-100.));
#2347 = VECTOR('',#2348,1.);
#2348 = DIRECTION('',(0.,0.,1.));
#2349 = PCURVE('',#185,#2350);
#2350 = DEFINITIONAL_REPRESENTATION('',(#2351),#2355);
#2351 = LINE('',#2352,#2353);
#2352 = CARTESIAN_POINT('',(0.,-24.6));
#2353 = VECTOR('',#2354,1.);
#2354 = DIRECTION('',(1.,0.));
#2355 = ( GEOMETRIC_REPRESENTATION_CONTEXT(2) 
PARAMETRIC_REPRESENTATION_CONTEXT() REPRESENTATION_CONTEXT('2D SPACE',''
  ) );
#2356 = PCURVE('',#1881,#2357);
#2357 = DEFINITIONAL_REPRESENTATION('',(#2358),#2362);
#2358 = LINE('',#2359,#2360);
#2359 = CARTESIAN_POINT('',(0.,0.));
#2360 = VECTOR('',#2361,1.);
#2361 = DIRECTION('',(1.,0.));
#2362 = ( GEOMETRIC_REPRESENTATION_CONTEXT(2) 
PARAMETRIC_REPRESENTATION_CONTEXT() REPRESENTATION_CONTEXT('2D SPACE',''
  ) );
#2363 = ORIENTED_EDGE('',*,*,#1845,.T.);
#2364 = ORIENTED_EDGE('',*,*,#170,.F.);
#2365 = ADVANCED_FACE('',(#2366),#131,.T.);
#2366 = FACE_BOUND('',#2367,.F.);
#2367 = EDGE_LOOP('',(#2368,#2391,#2392,#2393,#2394,#2415,#2443,#2464,
    #2492,#2513,#2541,#3281));
#2368 = ORIENTED_EDGE('',*,*,#2369,.F.);
#2369 = EDGE_CURVE('',#679,#2370,#2372,.T.);
#2370 = VERTEX_POINT('',#2371);
#2371 = CARTESIAN_POINT('',(16.526030246583,-28.5,-59.4));
#2372 = SURFACE_CURVE('',#2373,(#2377,#2384),.PCURVE_S1.);
#2373 = LINE('',#2374,#2375);
#2374 = CARTESIAN_POINT('',(-100.,-28.5,-59.4));
#2375 = VECTOR('',#2376,1.);
#2376 = DIRECTION('',(1.,0.,0.));
#2377 = PCURVE('',#131,#2378);
#2378 = DEFINITIONAL_REPRESENTATION('',(#2379),#2383);
#2379 = LINE('',#2380,#2381);
#2380 = CARTESIAN_POINT('',(-1.570796326795,0.));
#2381 = VECTOR('',#2382,1.);
#2382 = DIRECTION('',(-0.,-1.));
#2383 = ( GEOMETRIC_REPRESENTATION_CONTEXT(2) 
PARAMETRIC_REPRESENTATION_CONTEXT() REPRESENTATION_CONTEXT('2D SPACE',''
  ) );
#2384 = PCURVE('',#723,#2385);
#2385 = DEFINITIONAL_REPRESENTATION('',(#2386),#2390);
#2386 = LINE('',#2387,#2388);
#2387 = CARTESIAN_POINT('',(0.,0.));
#2388 = VECTOR('',#2389,1.);
#2389 = DIRECTION('',(0.,-1.));
#2390 = ( GEOMETRIC_REPRESENTATION_CONTEXT(2) 
PARAMETRIC_REPRESENTATION_CONTEXT() REPRESENTATION_CONTEXT('2D SPACE',''
  ) );
#2391 = ORIENTED_EDGE('',*,*,#678,.T.);
#2392 = ORIENTED_EDGE('',*,*,#61,.T.);
#2393 = ORIENTED_EDGE('',*,*,#2315,.F.);
#2394 = ORIENTED_EDGE('',*,*,#2395,.F.);
#2395 = EDGE_CURVE('',#2396,#2316,#2398,.T.);
#2396 = VERTEX_POINT('',#2397);
#2397 = CARTESIAN_POINT('',(-7.5,-55.4,-42.68118970574));
#2398 = SURFACE_CURVE('',#2399,(#2403,#2409),.PCURVE_S1.);
#2399 = LINE('',#2400,#2401);
#2400 = CARTESIAN_POINT('',(-100.,-55.4,-42.68118970574));
#2401 = VECTOR('',#2402,1.);
#2402 = DIRECTION('',(-1.,-0.,-0.));
#2403 = PCURVE('',#131,#2404);
#2404 = DEFINITIONAL_REPRESENTATION('',(#2405),#2408);
#2405 = B_SPLINE_CURVE_WITH_KNOTS('',1,(#2406,#2407),.UNSPECIFIED.,.F.,
  .F.,(2,2),(-113.32,-86.68),.PIECEWISE_BEZIER_KNOTS.);
#2406 = CARTESIAN_POINT('',(-0.458614637176,-113.32));
#2407 = CARTESIAN_POINT('',(-0.458614637176,-86.68));
#2408 = ( GEOMETRIC_REPRESENTATION_CONTEXT(2) 
PARAMETRIC_REPRESENTATION_CONTEXT() REPRESENTATION_CONTEXT('2D SPACE',''
  ) );
#2409 = PCURVE('',#1881,#2410);
#2410 = DEFINITIONAL_REPRESENTATION('',(#2411),#2414);
#2411 = B_SPLINE_CURVE_WITH_KNOTS('',1,(#2412,#2413),.UNSPECIFIED.,.F.,
  .F.,(2,2),(-113.32,-86.68),.PIECEWISE_BEZIER_KNOTS.);
#2412 = CARTESIAN_POINT('',(57.318810294255,24.42));
#2413 = CARTESIAN_POINT('',(57.318810294255,-2.22));
#2414 = ( GEOMETRIC_REPRESENTATION_CONTEXT(2) 
PARAMETRIC_REPRESENTATION_CONTEXT() REPRESENTATION_CONTEXT('2D SPACE',''
  ) );
#2415 = ORIENTED_EDGE('',*,*,#2416,.F.);
#2416 = EDGE_CURVE('',#2417,#2396,#2419,.T.);
#2417 = VERTEX_POINT('',#2418);
#2418 = CARTESIAN_POINT('',(-7.5,-44.5,-54.77715508089));
#2419 = SURFACE_CURVE('',#2420,(#2425,#2432),.PCURVE_S1.);
#2420 = CIRCLE('',#2421,30.);
#2421 = AXIS2_PLACEMENT_3D('',#2422,#2423,#2424);
#2422 = CARTESIAN_POINT('',(-7.5,-28.5,-29.4));
#2423 = DIRECTION('',(-1.,-0.,0.));
#2424 = DIRECTION('',(0.,-1.,-2.368475785867E-16));
#2425 = PCURVE('',#131,#2426);
#2426 = DEFINITIONAL_REPRESENTATION('',(#2427),#2431);
#2427 = LINE('',#2428,#2429);
#2428 = CARTESIAN_POINT('',(-6.28318530718,-92.5));
#2429 = VECTOR('',#2430,1.);
#2430 = DIRECTION('',(1.,-0.));
#2431 = ( GEOMETRIC_REPRESENTATION_CONTEXT(2) 
PARAMETRIC_REPRESENTATION_CONTEXT() REPRESENTATION_CONTEXT('2D SPACE',''
  ) );
#2432 = PCURVE('',#1907,#2433);
#2433 = DEFINITIONAL_REPRESENTATION('',(#2434),#2442);
#2434 = ( BOUNDED_CURVE() B_SPLINE_CURVE(2,(#2435,#2436,#2437,#2438,
#2439,#2440,#2441),.UNSPECIFIED.,.T.,.F.) B_SPLINE_CURVE_WITH_KNOTS((1,2
    ,2,2,2,1),(-2.094395102393,0.,2.094395102393,4.188790204786,
6.28318530718,8.377580409573),.UNSPECIFIED.) CURVE() 
GEOMETRIC_REPRESENTATION_ITEM() RATIONAL_B_SPLINE_CURVE((1.,0.5,1.,0.5,
1.,0.5,1.)) REPRESENTATION_ITEM('') );
#2435 = CARTESIAN_POINT('',(70.6,-21.5));
#2436 = CARTESIAN_POINT('',(122.56152422706,-21.5));
#2437 = CARTESIAN_POINT('',(96.580762113533,-66.5));
#2438 = CARTESIAN_POINT('',(70.6,-111.5));
#2439 = CARTESIAN_POINT('',(44.619237886467,-66.5));
#2440 = CARTESIAN_POINT('',(18.638475772934,-21.5));
#2441 = CARTESIAN_POINT('',(70.6,-21.5));
#2442 = ( GEOMETRIC_REPRESENTATION_CONTEXT(2) 
PARAMETRIC_REPRESENTATION_CONTEXT() REPRESENTATION_CONTEXT('2D SPACE',''
  ) );
#2443 = ORIENTED_EDGE('',*,*,#2444,.F.);
#2444 = EDGE_CURVE('',#2445,#2417,#2447,.T.);
#2445 = VERTEX_POINT('',#2446);
#2446 = CARTESIAN_POINT('',(7.5,-44.5,-54.77715508089));
#2447 = SURFACE_CURVE('',#2448,(#2452,#2458),.PCURVE_S1.);
#2448 = LINE('',#2449,#2450);
#2449 = CARTESIAN_POINT('',(-100.,-44.5,-54.77715508089));
#2450 = VECTOR('',#2451,1.);
#2451 = DIRECTION('',(-1.,-0.,-0.));
#2452 = PCURVE('',#131,#2453);
#2453 = DEFINITIONAL_REPRESENTATION('',(#2454),#2457);
#2454 = B_SPLINE_CURVE_WITH_KNOTS('',1,(#2455,#2456),.UNSPECIFIED.,.F.,
  .F.,(2,2),(-109.,-91.),.PIECEWISE_BEZIER_KNOTS.);
#2455 = CARTESIAN_POINT('',(-1.008260082251,-109.));
#2456 = CARTESIAN_POINT('',(-1.008260082251,-91.));
#2457 = ( GEOMETRIC_REPRESENTATION_CONTEXT(2) 
PARAMETRIC_REPRESENTATION_CONTEXT() REPRESENTATION_CONTEXT('2D SPACE',''
  ) );
#2458 = PCURVE('',#1933,#2459);
#2459 = DEFINITIONAL_REPRESENTATION('',(#2460),#2463);
#2460 = B_SPLINE_CURVE_WITH_KNOTS('',1,(#2461,#2462),.UNSPECIFIED.,.F.,
  .F.,(2,2),(-109.,-91.),.PIECEWISE_BEZIER_KNOTS.);
#2461 = CARTESIAN_POINT('',(45.222844919101,16.5));
#2462 = CARTESIAN_POINT('',(45.222844919101,-1.5));
#2463 = ( GEOMETRIC_REPRESENTATION_CONTEXT(2) 
PARAMETRIC_REPRESENTATION_CONTEXT() REPRESENTATION_CONTEXT('2D SPACE',''
  ) );
#2464 = ORIENTED_EDGE('',*,*,#2465,.T.);
#2465 = EDGE_CURVE('',#2445,#2466,#2468,.T.);
#2466 = VERTEX_POINT('',#2467);
#2467 = CARTESIAN_POINT('',(7.5,-55.4,-42.68118970574));
#2468 = SURFACE_CURVE('',#2469,(#2474,#2481),.PCURVE_S1.);
#2469 = CIRCLE('',#2470,30.);
#2470 = AXIS2_PLACEMENT_3D('',#2471,#2472,#2473);
#2471 = CARTESIAN_POINT('',(7.5,-28.5,-29.4));
#2472 = DIRECTION('',(-1.,-0.,0.));
#2473 = DIRECTION('',(0.,-1.,-2.368475785867E-16));
#2474 = PCURVE('',#131,#2475);
#2475 = DEFINITIONAL_REPRESENTATION('',(#2476),#2480);
#2476 = LINE('',#2477,#2478);
#2477 = CARTESIAN_POINT('',(-6.28318530718,-107.5));
#2478 = VECTOR('',#2479,1.);
#2479 = DIRECTION('',(1.,-0.));
#2480 = ( GEOMETRIC_REPRESENTATION_CONTEXT(2) 
PARAMETRIC_REPRESENTATION_CONTEXT() REPRESENTATION_CONTEXT('2D SPACE',''
  ) );
#2481 = PCURVE('',#1959,#2482);
#2482 = DEFINITIONAL_REPRESENTATION('',(#2483),#2491);
#2483 = ( BOUNDED_CURVE() B_SPLINE_CURVE(2,(#2484,#2485,#2486,#2487,
#2488,#2489,#2490),.UNSPECIFIED.,.T.,.F.) B_SPLINE_CURVE_WITH_KNOTS((1,2
    ,2,2,2,1),(-2.094395102393,0.,2.094395102393,4.188790204786,
6.28318530718,8.377580409573),.UNSPECIFIED.) CURVE() 
GEOMETRIC_REPRESENTATION_ITEM() RATIONAL_B_SPLINE_CURVE((1.,0.5,1.,0.5,
1.,0.5,1.)) REPRESENTATION_ITEM('') );
#2484 = CARTESIAN_POINT('',(70.6,-21.5));
#2485 = CARTESIAN_POINT('',(122.56152422706,-21.5));
#2486 = CARTESIAN_POINT('',(96.580762113533,-66.5));
#2487 = CARTESIAN_POINT('',(70.6,-111.5));
#2488 = CARTESIAN_POINT('',(44.619237886467,-66.5));
#2489 = CARTESIAN_POINT('',(18.638475772934,-21.5));
#2490 = CARTESIAN_POINT('',(70.6,-21.5));
#2491 = ( GEOMETRIC_REPRESENTATION_CONTEXT(2) 
PARAMETRIC_REPRESENTATION_CONTEXT() REPRESENTATION_CONTEXT('2D SPACE',''
  ) );
#2492 = ORIENTED_EDGE('',*,*,#2493,.F.);
#2493 = EDGE_CURVE('',#2494,#2466,#2496,.T.);
#2494 = VERTEX_POINT('',#2495);
#2495 = CARTESIAN_POINT('',(11.1,-55.4,-42.68118970574));
#2496 = SURFACE_CURVE('',#2497,(#2501,#2507),.PCURVE_S1.);
#2497 = LINE('',#2498,#2499);
#2498 = CARTESIAN_POINT('',(-100.,-55.4,-42.68118970574));
#2499 = VECTOR('',#2500,1.);
#2500 = DIRECTION('',(-1.,-0.,-0.));
#2501 = PCURVE('',#131,#2502);
#2502 = DEFINITIONAL_REPRESENTATION('',(#2503),#2506);
#2503 = B_SPLINE_CURVE_WITH_KNOTS('',1,(#2504,#2505),.UNSPECIFIED.,.F.,
  .F.,(2,2),(-113.32,-86.68),.PIECEWISE_BEZIER_KNOTS.);
#2504 = CARTESIAN_POINT('',(-0.458614637176,-113.32));
#2505 = CARTESIAN_POINT('',(-0.458614637176,-86.68));
#2506 = ( GEOMETRIC_REPRESENTATION_CONTEXT(2) 
PARAMETRIC_REPRESENTATION_CONTEXT() REPRESENTATION_CONTEXT('2D SPACE',''
  ) );
#2507 = PCURVE('',#1985,#2508);
#2508 = DEFINITIONAL_REPRESENTATION('',(#2509),#2512);
#2509 = B_SPLINE_CURVE_WITH_KNOTS('',1,(#2510,#2511),.UNSPECIFIED.,.F.,
  .F.,(2,2),(-113.32,-86.68),.PIECEWISE_BEZIER_KNOTS.);
#2510 = CARTESIAN_POINT('',(57.318810294255,24.42));
#2511 = CARTESIAN_POINT('',(57.318810294255,-2.22));
#2512 = ( GEOMETRIC_REPRESENTATION_CONTEXT(2) 
PARAMETRIC_REPRESENTATION_CONTEXT() REPRESENTATION_CONTEXT('2D SPACE',''
  ) );
#2513 = ORIENTED_EDGE('',*,*,#2514,.T.);
#2514 = EDGE_CURVE('',#2494,#2515,#2517,.T.);
#2515 = VERTEX_POINT('',#2516);
#2516 = CARTESIAN_POINT('',(11.1,-57.43727011636,-37.31418957692));
#2517 = SURFACE_CURVE('',#2518,(#2523,#2530),.PCURVE_S1.);
#2518 = CIRCLE('',#2519,30.);
#2519 = AXIS2_PLACEMENT_3D('',#2520,#2521,#2522);
#2520 = CARTESIAN_POINT('',(11.1,-28.5,-29.4));
#2521 = DIRECTION('',(-1.,-0.,0.));
#2522 = DIRECTION('',(0.,-1.,-2.368475785867E-16));
#2523 = PCURVE('',#131,#2524);
#2524 = DEFINITIONAL_REPRESENTATION('',(#2525),#2529);
#2525 = LINE('',#2526,#2527);
#2526 = CARTESIAN_POINT('',(-6.28318530718,-111.1));
#2527 = VECTOR('',#2528,1.);
#2528 = DIRECTION('',(1.,-0.));
#2529 = ( GEOMETRIC_REPRESENTATION_CONTEXT(2) 
PARAMETRIC_REPRESENTATION_CONTEXT() REPRESENTATION_CONTEXT('2D SPACE',''
  ) );
#2530 = PCURVE('',#2011,#2531);
#2531 = DEFINITIONAL_REPRESENTATION('',(#2532),#2540);
#2532 = ( BOUNDED_CURVE() B_SPLINE_CURVE(2,(#2533,#2534,#2535,#2536,
#2537,#2538,#2539),.UNSPECIFIED.,.T.,.F.) B_SPLINE_CURVE_WITH_KNOTS((1,2
    ,2,2,2,1),(-2.094395102393,0.,2.094395102393,4.188790204786,
6.28318530718,8.377580409573),.UNSPECIFIED.) CURVE() 
GEOMETRIC_REPRESENTATION_ITEM() RATIONAL_B_SPLINE_CURVE((1.,0.5,1.,0.5,
1.,0.5,1.)) REPRESENTATION_ITEM('') );
#2533 = CARTESIAN_POINT('',(70.6,-21.5));
#2534 = CARTESIAN_POINT('',(122.56152422706,-21.5));
#2535 = CARTESIAN_POINT('',(96.580762113533,-66.5));
#2536 = CARTESIAN_POINT('',(70.6,-111.5));
#2537 = CARTESIAN_POINT('',(44.619237886467,-66.5));
#2538 = CARTESIAN_POINT('',(18.638475772934,-21.5));
#2539 = CARTESIAN_POINT('',(70.6,-21.5));
#2540 = ( GEOMETRIC_REPRESENTATION_CONTEXT(2) 
PARAMETRIC_REPRESENTATION_CONTEXT() REPRESENTATION_CONTEXT('2D SPACE',''
  ) );
#2541 = ORIENTED_EDGE('',*,*,#2542,.T.);
#2542 = EDGE_CURVE('',#2515,#2543,#2545,.T.);
#2543 = VERTEX_POINT('',#2544);
#2544 = CARTESIAN_POINT('',(18.373445521044,-55.53977405089,
    -42.39425340126));
#2545 = SURFACE_CURVE('',#2546,(#2789,#3035),.PCURVE_S1.);
#2546 = B_SPLINE_CURVE_WITH_KNOTS('',7,(#2547,#2548,#2549,#2550,#2551,
    #2552,#2553,#2554,#2555,#2556,#2557,#2558,#2559,#2560,#2561,#2562,
    #2563,#2564,#2565,#2566,#2567,#2568,#2569,#2570,#2571,#2572,#2573,
    #2574,#2575,#2576,#2577,#2578,#2579,#2580,#2581,#2582,#2583,#2584,
    #2585,#2586,#2587,#2588,#2589,#2590,#2591,#2592,#2593,#2594,#2595,
    #2596,#2597,#2598,#2599,#2600,#2601,#2602,#2603,#2604,#2605,#2606,
    #2607,#2608,#2609,#2610,#2611,#2612,#2613,#2614,#2615,#2616,#2617,
    #2618,#2619,#2620,#2621,#2622,#2623,#2624,#2625,#2626,#2627,#2628,
    #2629,#2630,#2631,#2632,#2633,#2634,#2635,#2636,#2637,#2638,#2639,
    #2640,#2641,#2642,#2643,#2644,#2645,#2646,#2647,#2648,#2649,#2650,
    #2651,#2652,#2653,#2654,#2655,#2656,#2657,#2658,#2659,#2660,#2661,
    #2662,#2663,#2664,#2665,#2666,#2667,#2668,#2669,#2670,#2671,#2672,
    #2673,#2674,#2675,#2676,#2677,#2678,#2679,#2680,#2681,#2682,#2683,
    #2684,#2685,#2686,#2687,#2688,#2689,#2690,#2691,#2692,#2693,#2694,
    #2695,#2696,#2697,#2698,#2699,#2700,#2701,#2702,#2703,#2704,#2705,
    #2706,#2707,#2708,#2709,#2710,#2711,#2712,#2713,#2714,#2715,#2716,
    #2717,#2718,#2719,#2720,#2721,#2722,#2723,#2724,#2725,#2726,#2727,
    #2728,#2729,#2730,#2731,#2732,#2733,#2734,#2735,#2736,#2737,#2738,
    #2739,#2740,#2741,#2742,#2743,#2744,#2745,#2746,#2747,#2748,#2749,
    #2750,#2751,#2752,#2753,#2754,#2755,#2756,#2757,#2758,#2759,#2760,
    #2761,#2762,#2763,#2764,#2765,#2766,#2767,#2768,#2769,#2770,#2771,
    #2772,#2773,#2774,#2775,#2776,#2777,#2778,#2779,#2780,#2781,#2782,
    #2783,#2784,#2785,#2786,#2787,#2788),.UNSPECIFIED.,.F.,.F.,(8,6,6,6,
    6,6,6,6,6,6,6,6,6,6,6,6,6,6,6,6,6,6,6,6,6,6,6,6,6,6,6,6,6,6,6,6,6,6,
    6,6,8),(0.,5.794210002645E-05,1.18030201944E-04,1.802643082722E-04,
    2.424984137541E-04,3.047325187729E-04,3.648206193705E-04,
    4.270547222198E-04,4.871428205688E-04,5.493769209907E-04,
    6.116110198131E-04,6.738451168983E-04,7.33933208647E-04,
    7.961673016947E-04,8.562553892853E-04,9.184894775515E-04,
    9.807235631511E-04,1.042957645911E-03,1.10519172557E-03,
    1.167425801981E-03,1.227513872562E-03,1.287601939777E-03,
    1.349836005694E-03,1.409924065627E-03,1.472158123664E-03,
    1.534392177321E-03,1.596626226566E-03,1.656714269686E-03,
    1.716802308259E-03,1.779036343324E-03,1.841270373119E-03,
    1.903504397611E-03,1.965738416486E-03,2.027972429648E-03,
    2.088060436707E-03,2.150294438025E-03,2.19750643481E-03,
    0.315060186019,0.660412961527,0.804223761703,1.),.UNSPECIFIED.);
#2547 = CARTESIAN_POINT('',(-1.247856518886E-14,-58.5,-29.4));
#2548 = CARTESIAN_POINT('',(4.407084246103E-04,-58.5,-29.40031559846));
#2549 = CARTESIAN_POINT('',(8.814172137771E-04,-58.49999999612,
    -29.40063119642));
#2550 = CARTESIAN_POINT('',(1.322126096516E-03,-58.49999998838,
    -29.40094679424));
#2551 = CARTESIAN_POINT('',(1.76283491036E-03,-58.49999997676,
    -29.40126239216));
#2552 = CARTESIAN_POINT('',(2.203543601341E-03,-58.49999996126,
    -29.40157799025));
#2553 = CARTESIAN_POINT('',(2.644252223996E-03,-58.49999994189,
    -29.40189358844));
#2554 = CARTESIAN_POINT('',(3.541992190022E-03,-58.49999989455,
    -29.40253647336));
#2555 = CARTESIAN_POINT('',(3.999023440453E-03,-58.49999986629,
    -29.40286376022));
#2556 = CARTESIAN_POINT('',(4.456054692323E-03,-58.49999983385,
    -29.40319104707));
#2557 = CARTESIAN_POINT('',(4.913085944688E-03,-58.49999979725,
    -29.40351833393));
#2558 = CARTESIAN_POINT('',(5.370117195992E-03,-58.49999975649,
    -29.40384562079));
#2559 = CARTESIAN_POINT('',(5.827148444068E-03,-58.49999971156,
    -29.40417290765));
#2560 = CARTESIAN_POINT('',(6.757533478429E-03,-58.49999961162,
    -29.40483917021));
#2561 = CARTESIAN_POINT('',(7.230887262481E-03,-58.4999995563,
    -29.40517814591));
#2562 = CARTESIAN_POINT('',(7.70424104712E-03,-58.49999949652,
    -29.40551712161));
#2563 = CARTESIAN_POINT('',(8.177594837037E-03,-58.49999943226,
    -29.40585609731));
#2564 = CARTESIAN_POINT('',(8.650948632787E-03,-58.49999936354,
    -29.40619507299));
#2565 = CARTESIAN_POINT('',(9.124302430791E-03,-58.49999929035,
    -29.40653404867));
#2566 = CARTESIAN_POINT('',(1.007101000944E-02,-58.49999913503,
    -29.40721200004));
#2567 = CARTESIAN_POINT('',(1.054436379102E-02,-58.4999990529,
    -29.40755097573));
#2568 = CARTESIAN_POINT('',(1.101771757408E-02,-58.4999989663,
    -29.40788995142));
#2569 = CARTESIAN_POINT('',(1.149107136145E-02,-58.49999887524,
    -29.4082289271));
#2570 = CARTESIAN_POINT('',(1.196442515276E-02,-58.4999987797,
    -29.40856790277));
#2571 = CARTESIAN_POINT('',(1.243777894444E-02,-58.4999986797,
    -29.40890687844));
#2572 = CARTESIAN_POINT('',(1.338448651151E-02,-58.49999847076,
    -29.4095848298));
#2573 = CARTESIAN_POINT('',(1.38578402873E-02,-58.49999836182,
    -29.40992380549));
#2574 = CARTESIAN_POINT('',(1.433119406357E-02,-58.49999824841,
    -29.41026278117));
#2575 = CARTESIAN_POINT('',(1.48045478437E-02,-58.49999813054,
    -29.41060175685));
#2576 = CARTESIAN_POINT('',(1.527790162798E-02,-58.49999800819,
    -29.41094073252));
#2577 = CARTESIAN_POINT('',(1.575125541362E-02,-58.49999788138,
    -29.41127970819));
#2578 = CARTESIAN_POINT('',(1.668164042555E-02,-58.49999762334,
    -29.41194597072));
#2579 = CARTESIAN_POINT('',(1.713867165736E-02,-58.49999749242,
    -29.41227325757));
#2580 = CARTESIAN_POINT('',(1.759570288801E-02,-58.49999735734,
    -29.41260054442));
#2581 = CARTESIAN_POINT('',(1.805273411668E-02,-58.49999721809,
    -29.41292783127));
#2582 = CARTESIAN_POINT('',(1.850976534377E-02,-58.49999707467,
    -29.41325511813));
#2583 = CARTESIAN_POINT('',(1.896679657099E-02,-58.49999692709,
    -29.41358240498));
#2584 = CARTESIAN_POINT('',(1.989718156536E-02,-58.49999661817,
    -29.41424866749));
#2585 = CARTESIAN_POINT('',(2.037053533163E-02,-58.49999645653,
    -29.41458764314));
#2586 = CARTESIAN_POINT('',(2.084388909817E-02,-58.49999629043,
    -29.41492661879));
#2587 = CARTESIAN_POINT('',(2.131724286377E-02,-58.49999611985,
    -29.41526559445));
#2588 = CARTESIAN_POINT('',(2.179059662796E-02,-58.49999594481,
    -29.4156045701));
#2589 = CARTESIAN_POINT('',(2.2263950391E-02,-58.4999957653,
    -29.41594354575));
#2590 = CARTESIAN_POINT('',(2.319433536598E-02,-58.49999540368,
    -29.41660980824));
#2591 = CARTESIAN_POINT('',(2.365136657589E-02,-58.49999522188,
    -29.41693709507));
#2592 = CARTESIAN_POINT('',(2.410839778572E-02,-58.49999503592,
    -29.4172643819));
#2593 = CARTESIAN_POINT('',(2.45654289966E-02,-58.49999484579,
    -29.41759166873));
#2594 = CARTESIAN_POINT('',(2.502246020867E-02,-58.49999465149,
    -29.41791895556));
#2595 = CARTESIAN_POINT('',(2.547949142111E-02,-58.49999445302,
    -29.41824624238));
#2596 = CARTESIAN_POINT('',(2.640987637546E-02,-58.49999404053,
    -29.41891250484));
#2597 = CARTESIAN_POINT('',(2.688323011873E-02,-58.49999382619,
    -29.41925148047));
#2598 = CARTESIAN_POINT('',(2.73565838618E-02,-58.49999360739,
    -29.4195904561));
#2599 = CARTESIAN_POINT('',(2.782993760457E-02,-58.49999338412,
    -29.41992943173));
#2600 = CARTESIAN_POINT('',(2.830329134702E-02,-58.49999315638,
    -29.42026840735));
#2601 = CARTESIAN_POINT('',(2.877664508922E-02,-58.49999292417,
    -29.42060738298));
#2602 = CARTESIAN_POINT('',(2.972335256114E-02,-58.49999245082,
    -29.42128533422));
#2603 = CARTESIAN_POINT('',(3.019670629066E-02,-58.49999220967,
    -29.42162430984));
#2604 = CARTESIAN_POINT('',(3.067006002006E-02,-58.49999196406,
    -29.42196328545));
#2605 = CARTESIAN_POINT('',(3.114341374945E-02,-58.49999171398,
    -29.42230226106));
#2606 = CARTESIAN_POINT('',(3.161676747878E-02,-58.49999145943,
    -29.42264123668));
#2607 = CARTESIAN_POINT('',(3.209012120792E-02,-58.49999120041,
    -29.42298021228));
#2608 = CARTESIAN_POINT('',(3.303682865197E-02,-58.49999067343,
    -29.42365816349));
#2609 = CARTESIAN_POINT('',(3.351018236789E-02,-58.49999040547,
    -29.42399713909));
#2610 = CARTESIAN_POINT('',(3.398353608316E-02,-58.49999013305,
    -29.42433611468));
#2611 = CARTESIAN_POINT('',(3.445688979726E-02,-58.49998985616,
    -29.42467509028));
#2612 = CARTESIAN_POINT('',(3.493024351036E-02,-58.49998957479,
    -29.42501406587));
#2613 = CARTESIAN_POINT('',(3.540359722325E-02,-58.49998928896,
    -29.42535304147));
#2614 = CARTESIAN_POINT('',(3.633398209449E-02,-58.49998871838,
    -29.42601930382));
#2615 = CARTESIAN_POINT('',(3.67910132519E-02,-58.49998843392,
    -29.42634659059));
#2616 = CARTESIAN_POINT('',(3.724804440943E-02,-58.4999881453,
    -29.42667387735));
#2617 = CARTESIAN_POINT('',(3.770507556687E-02,-58.49998785252,
    -29.42700116411));
#2618 = CARTESIAN_POINT('',(3.816210672396E-02,-58.49998755556,
    -29.42732845087));
#2619 = CARTESIAN_POINT('',(3.861913788044E-02,-58.49998725445,
    -29.42765573762));
#2620 = CARTESIAN_POINT('',(3.954952271772E-02,-58.49998663298,
    -29.42832199994));
#2621 = CARTESIAN_POINT('',(4.002287639798E-02,-58.49998631233,
    -29.4286609755));
#2622 = CARTESIAN_POINT('',(4.049623007798E-02,-58.4999859872,
    -29.42899995105));
#2623 = CARTESIAN_POINT('',(4.096958375841E-02,-58.49998565761,
    -29.42933892661));
#2624 = CARTESIAN_POINT('',(4.144293743938E-02,-58.49998532355,
    -29.42967790216));
#2625 = CARTESIAN_POINT('',(4.191629112041E-02,-58.49998498502,
    -29.43001687771));
#2626 = CARTESIAN_POINT('',(4.284667592275E-02,-58.49998431086,
    -29.43068313998));
#2627 = CARTESIAN_POINT('',(4.330370704456E-02,-58.49998397552,
    -29.4310104267));
#2628 = CARTESIAN_POINT('',(4.376073816621E-02,-58.49998363602,
    -29.43133771342));
#2629 = CARTESIAN_POINT('',(4.421776928782E-02,-58.49998329236,
    -29.43166500014));
#2630 = CARTESIAN_POINT('',(4.467480040934E-02,-58.49998294453,
    -29.43199228685));
#2631 = CARTESIAN_POINT('',(4.513183153055E-02,-58.49998259253,
    -29.43231957356));
#2632 = CARTESIAN_POINT('',(4.606221629298E-02,-58.49998186748,
    -29.43298583579));
#2633 = CARTESIAN_POINT('',(4.653556993364E-02,-58.49998149413,
    -29.4333248113));
#2634 = CARTESIAN_POINT('',(4.700892357423E-02,-58.49998111631,
    -29.4336637868));
#2635 = CARTESIAN_POINT('',(4.748227721532E-02,-58.49998073402,
    -29.43400276231));
#2636 = CARTESIAN_POINT('',(4.795563085687E-02,-58.49998034726,
    -29.43434173781));
#2637 = CARTESIAN_POINT('',(4.842898449825E-02,-58.49997995604,
    -29.43468071331));
#2638 = CARTESIAN_POINT('',(4.937569175789E-02,-58.49997916465,
    -29.43535866429));
#2639 = CARTESIAN_POINT('',(4.984904537582E-02,-58.49997876449,
    -29.43569763977));
#2640 = CARTESIAN_POINT('',(5.032239899366E-02,-58.49997835986,
    -29.43603661525));
#2641 = CARTESIAN_POINT('',(5.079575261224E-02,-58.49997795076,
    -29.43637559073));
#2642 = CARTESIAN_POINT('',(5.126910623159E-02,-58.49997753719,
    -29.4367145662));
#2643 = CARTESIAN_POINT('',(5.174245985087E-02,-58.49997711915,
    -29.43705354167));
#2644 = CARTESIAN_POINT('',(5.268916706441E-02,-58.49997627414,
    -29.4377314926));
#2645 = CARTESIAN_POINT('',(5.316252065974E-02,-58.49997584717,
    -29.43807046805));
#2646 = CARTESIAN_POINT('',(5.363587425457E-02,-58.49997541573,
    -29.4384094435));
#2647 = CARTESIAN_POINT('',(5.410922784904E-02,-58.49997497982,
    -29.43874841895));
#2648 = CARTESIAN_POINT('',(5.458258144326E-02,-58.49997453944,
    -29.43908739439));
#2649 = CARTESIAN_POINT('',(5.505593503728E-02,-58.49997409459,
    -29.43942636984));
#2650 = CARTESIAN_POINT('',(5.600264220144E-02,-58.49997319596,
    -29.4401043207));
#2651 = CARTESIAN_POINT('',(5.647599577206E-02,-58.49997274217,
    -29.44044329612));
#2652 = CARTESIAN_POINT('',(5.694934934221E-02,-58.49997228392,
    -29.44078227154));
#2653 = CARTESIAN_POINT('',(5.742270291147E-02,-58.4999718212,
    -29.44112124696));
#2654 = CARTESIAN_POINT('',(5.789605647981E-02,-58.49997135401,
    -29.44146022237));
#2655 = CARTESIAN_POINT('',(5.836941004762E-02,-58.49997088235,
    -29.44179919778));
#2656 = CARTESIAN_POINT('',(5.931611715902E-02,-58.49996993009,
    -29.44247714858));
#2657 = CARTESIAN_POINT('',(5.978947070192E-02,-58.4999694495,
    -29.44281612397));
#2658 = CARTESIAN_POINT('',(6.026282424452E-02,-58.49996896443,
    -29.44315509936));
#2659 = CARTESIAN_POINT('',(6.073617778688E-02,-58.4999684749,
    -29.44349407474));
#2660 = CARTESIAN_POINT('',(6.120953132894E-02,-58.4999679809,
    -29.44383305012));
#2661 = CARTESIAN_POINT('',(6.168288487054E-02,-58.49996748243,
    -29.4441720255));
#2662 = CARTESIAN_POINT('',(6.26132693921E-02,-58.4999664939,
    -29.44483828742));
#2663 = CARTESIAN_POINT('',(6.30703003721E-02,-58.49996600413,
    -29.44516557397));
#2664 = CARTESIAN_POINT('',(6.352733135163E-02,-58.49996551021,
    -29.44549286052));
#2665 = CARTESIAN_POINT('',(6.398436233084E-02,-58.49996501211,
    -29.44582014706));
#2666 = CARTESIAN_POINT('',(6.444139330978E-02,-58.49996450986,
    -29.4461474336));
#2667 = CARTESIAN_POINT('',(6.48984242884E-02,-58.49996400343,
    -29.44647472014));
#2668 = CARTESIAN_POINT('',(6.58124862191E-02,-58.49996298225,
    -29.4471292932));
#2669 = CARTESIAN_POINT('',(6.626951717139E-02,-58.4999624675,
    -29.44745657971));
#2670 = CARTESIAN_POINT('',(6.672654812331E-02,-58.49996194858,
    -29.44778386622));
#2671 = CARTESIAN_POINT('',(6.718357907477E-02,-58.49996142549,
    -29.44811115273));
#2672 = CARTESIAN_POINT('',(6.764061002573E-02,-58.49996089824,
    -29.44843843924));
#2673 = CARTESIAN_POINT('',(6.809764097619E-02,-58.49996036682,
    -29.44876572574));
#2674 = CARTESIAN_POINT('',(6.902802538206E-02,-58.49995927653,
    -29.44943198753));
#2675 = CARTESIAN_POINT('',(6.950137883717E-02,-58.49995871735,
    -29.44977096281));
#2676 = CARTESIAN_POINT('',(6.997473229192E-02,-58.4999581537,
    -29.45010993809));
#2677 = CARTESIAN_POINT('',(7.044808574646E-02,-58.49995758558,
    -29.45044891336));
#2678 = CARTESIAN_POINT('',(7.092143920075E-02,-58.499957013,
    -29.45078788863));
#2679 = CARTESIAN_POINT('',(7.139479265457E-02,-58.49995643594,
    -29.4511268639));
#2680 = CARTESIAN_POINT('',(7.232517699926E-02,-58.49995529295,
    -29.45179312561));
#2681 = CARTESIAN_POINT('',(7.278220788983E-02,-58.49995472731,
    -29.45212041205));
#2682 = CARTESIAN_POINT('',(7.323923878003E-02,-58.49995415751,
    -29.45244769849));
#2683 = CARTESIAN_POINT('',(7.369626967029E-02,-58.49995358355,
    -29.45277498493));
#2684 = CARTESIAN_POINT('',(7.415330056064E-02,-58.49995300541,
    -29.45310227136));
#2685 = CARTESIAN_POINT('',(7.461033145068E-02,-58.49995242312,
    -29.45342955779));
#2686 = CARTESIAN_POINT('',(7.55407157296E-02,-58.49995122924,
    -29.45409581942));
#2687 = CARTESIAN_POINT('',(7.601406911922E-02,-58.49995061737,
    -29.45443479462));
#2688 = CARTESIAN_POINT('',(7.648742250816E-02,-58.49995000102,
    -29.45477376982));
#2689 = CARTESIAN_POINT('',(7.696077589628E-02,-58.49994938021,
    -29.45511274501));
#2690 = CARTESIAN_POINT('',(7.743412928367E-02,-58.49994875492,
    -29.4554517202));
#2691 = CARTESIAN_POINT('',(7.790748267061E-02,-58.49994812517,
    -29.45579069539));
#2692 = CARTESIAN_POINT('',(7.885418941126E-02,-58.49994685673,
    -29.45646864574));
#2693 = CARTESIAN_POINT('',(7.932754276463E-02,-58.49994621804,
    -29.45680762089));
#2694 = CARTESIAN_POINT('',(7.980089611767E-02,-58.49994557489,
    -29.45714659604));
#2695 = CARTESIAN_POINT('',(8.02742494703E-02,-58.49994492726,
    -29.45748557119));
#2696 = CARTESIAN_POINT('',(8.074760282239E-02,-58.49994427517,
    -29.45782454634));
#2697 = CARTESIAN_POINT('',(8.122095617374E-02,-58.4999436186,
    -29.45816352148));
#2698 = CARTESIAN_POINT('',(8.216766284092E-02,-58.49994229654,
    -29.45884147174));
#2699 = CARTESIAN_POINT('',(8.264101615631E-02,-58.49994163104,
    -29.45918044685));
#2700 = CARTESIAN_POINT('',(8.311436947117E-02,-58.49994096107,
    -29.45951942196));
#2701 = CARTESIAN_POINT('',(8.358772278598E-02,-58.49994028664,
    -29.45985839706));
#2702 = CARTESIAN_POINT('',(8.406107610079E-02,-58.49993960773,
    -29.46019737216));
#2703 = CARTESIAN_POINT('',(8.453442941525E-02,-58.49993892436,
    -29.46053634726));
#2704 = CARTESIAN_POINT('',(8.546481348012E-02,-58.49993757239,
    -29.46120260863));
#2705 = CARTESIAN_POINT('',(8.592184423114E-02,-58.49993690411,
    -29.4615298949));
#2706 = CARTESIAN_POINT('',(8.637887498154E-02,-58.49993623165,
    -29.46185718116));
#2707 = CARTESIAN_POINT('',(8.683590573134E-02,-58.49993555503,
    -29.46218446742));
#2708 = CARTESIAN_POINT('',(8.729293648056E-02,-58.49993487424,
    -29.46251175368));
#2709 = CARTESIAN_POINT('',(8.774996722928E-02,-58.49993418929,
    -29.46283903994));
#2710 = CARTESIAN_POINT('',(8.866402869138E-02,-58.49993281106,
    -29.46349361242));
#2711 = CARTESIAN_POINT('',(8.912105940487E-02,-58.49993211778,
    -29.46382089864));
#2712 = CARTESIAN_POINT('',(8.957809011786E-02,-58.49993142033,
    -29.46414818486));
#2713 = CARTESIAN_POINT('',(9.003512083018E-02,-58.49993071871,
    -29.46447547108));
#2714 = CARTESIAN_POINT('',(9.049215154176E-02,-58.49993001293,
    -29.46480275729));
#2715 = CARTESIAN_POINT('',(9.094918225264E-02,-58.49992930299,
    -29.4651300435));
#2716 = CARTESIAN_POINT('',(9.187956616139E-02,-58.49992784926,
    -29.46579630467));
#2717 = CARTESIAN_POINT('',(9.235291935918E-02,-58.49992710518,
    -29.46613527964));
#2718 = CARTESIAN_POINT('',(9.28262725562E-02,-58.49992635663,
    -29.4664742546));
#2719 = CARTESIAN_POINT('',(9.329962575246E-02,-58.49992560361,
    -29.46681322956));
#2720 = CARTESIAN_POINT('',(9.377297894804E-02,-58.49992484612,
    -29.46715220452));
#2721 = CARTESIAN_POINT('',(9.424633214311E-02,-58.49992408416,
    -29.46749117947));
#2722 = CARTESIAN_POINT('',(9.519303849261E-02,-58.49992255131,
    -29.46816912934));
#2723 = CARTESIAN_POINT('',(9.566639164648E-02,-58.49992178041,
    -29.46850810425));
#2724 = CARTESIAN_POINT('',(9.613974479997E-02,-58.49992100505,
    -29.46884707916));
#2725 = CARTESIAN_POINT('',(9.661309795324E-02,-58.49992022522,
    -29.46918605406));
#2726 = CARTESIAN_POINT('',(9.708645110617E-02,-58.49991944092,
    -29.46952502896));
#2727 = CARTESIAN_POINT('',(9.755980425834E-02,-58.49991865215,
    -29.46986400386));
#2728 = CARTESIAN_POINT('',(9.850651051938E-02,-58.49991706568,
    -29.47054195362));
#2729 = CARTESIAN_POINT('',(9.897986362855E-02,-58.49991626797,
    -29.47088092848));
#2730 = CARTESIAN_POINT('',(9.945321673695E-02,-58.4999154658,
    -29.47121990333));
#2731 = CARTESIAN_POINT('',(9.992656984483E-02,-58.49991465915,
    -29.47155887818));
#2732 = CARTESIAN_POINT('',(0.100399922952,-58.49991384804,
    -29.47189785303));
#2733 = CARTESIAN_POINT('',(0.100873276059,-58.49991303246,
    -29.47223682787));
#2734 = CARTESIAN_POINT('',(0.101819982229,-58.49991139237,
    -29.47291477752));
#2735 = CARTESIAN_POINT('',(0.102293335292,-58.49991056785,
    -29.47325375232));
#2736 = CARTESIAN_POINT('',(0.102766688355,-58.49990973887,
    -29.47359272712));
#2737 = CARTESIAN_POINT('',(0.103240041417,-58.49990890541,
    -29.47393170191));
#2738 = CARTESIAN_POINT('',(0.103713394478,-58.49990806749,
    -29.4742706767));
#2739 = CARTESIAN_POINT('',(0.104186747538,-58.4999072251,
    -29.47460965148));
#2740 = CARTESIAN_POINT('',(0.105133453613,-58.49990553138,
    -29.47528760101));
#2741 = CARTESIAN_POINT('',(0.105606806628,-58.49990468005,
    -29.47562657576));
#2742 = CARTESIAN_POINT('',(0.106080159643,-58.49990382426,
    -29.4759655505));
#2743 = CARTESIAN_POINT('',(0.106553512656,-58.49990296399,
    -29.47630452523));
#2744 = CARTESIAN_POINT('',(0.107026865669,-58.49990209926,
    -29.47664349996));
#2745 = CARTESIAN_POINT('',(0.107500218681,-58.49990123006,
    -29.47698247469));
#2746 = CARTESIAN_POINT('',(0.108430602144,-58.49989951284,
    -29.47764873532));
#2747 = CARTESIAN_POINT('',(0.108887632595,-58.49989866514,
    -29.47797602122));
#2748 = CARTESIAN_POINT('',(0.109344663045,-58.49989781326,
    -29.47830330712));
#2749 = CARTESIAN_POINT('',(0.109801693494,-58.49989695722,
    -29.47863059301));
#2750 = CARTESIAN_POINT('',(0.110258723942,-58.49989609701,
    -29.4789578789));
#2751 = CARTESIAN_POINT('',(0.110715754389,-58.49989523264,
    -29.47928516478));
#2752 = CARTESIAN_POINT('',(0.111646137753,-58.49989346455,
    -29.47995142529));
#2753 = CARTESIAN_POINT('',(0.11211949067,-58.49989256052,
    -29.48029039992));
#2754 = CARTESIAN_POINT('',(0.112592843586,-58.49989165203,
    -29.48062937453));
#2755 = CARTESIAN_POINT('',(0.113066196501,-58.49989073907,
    -29.48096834915));
#2756 = CARTESIAN_POINT('',(0.113539549415,-58.49988982164,
    -29.48130732376));
#2757 = CARTESIAN_POINT('',(0.114012902328,-58.49988889974,
    -29.48164629836));
#2758 = CARTESIAN_POINT('',(0.114845350522,-58.49988727061,
    -29.48224242608));
#2759 = CARTESIAN_POINT('',(0.115204445803,-58.49988656528,
    -29.4824995792));
#2760 = CARTESIAN_POINT('',(0.115563541084,-58.49988585737,
    -29.48275673231));
#2761 = CARTESIAN_POINT('',(0.115922636364,-58.49988514689,
    -29.48301388543));
#2762 = CARTESIAN_POINT('',(0.116281731643,-58.49988443385,
    -29.48327103854));
#2763 = CARTESIAN_POINT('',(0.116640826921,-58.49988371823,
    -29.48352819164));
#2764 = CARTESIAN_POINT('',(2.496638970025,-58.49512371558,
    -31.18787783338));
#2765 = CARTESIAN_POINT('',(4.875342906288,-58.37743444969,
    -32.89118464824));
#2766 = CARTESIAN_POINT('',(7.253309699829,-58.14693696391,
    -34.59057048057));
#2767 = CARTESIAN_POINT('',(9.630570499419,-57.8023206145,-36.2827727887
    ));
#2768 = CARTESIAN_POINT('',(12.006634865798,-57.34093524807,
    -37.96392882084));
#2769 = CARTESIAN_POINT('',(14.380162491915,-56.75889003602,
    -39.6290650683));
#2770 = CARTESIAN_POINT('',(19.36312369465,-55.26993008195,
    -43.08460156182));
#2771 = CARTESIAN_POINT('',(21.964630392459,-54.3375957582,
    -44.8653175346));
#2772 = CARTESIAN_POINT('',(24.559981941004,-53.24581284651,
    -46.61202225742));
#2773 = CARTESIAN_POINT('',(27.151540894164,-51.98195945904,
    -48.31830580993));
#2774 = CARTESIAN_POINT('',(29.736289067465,-50.53034624107,
    -49.97129219651));
#2775 = CARTESIAN_POINT('',(32.304497555647,-48.87354875814,
    -51.54979293762));
#2776 = CARTESIAN_POINT('',(35.894454405688,-46.21216566741,
    -53.63358592348));
#2777 = CARTESIAN_POINT('',(36.944973565503,-45.39052087538,
    -54.22813838219));
#2778 = CARTESIAN_POINT('',(37.990450731909,-44.52748210902,
    -54.80284020566));
#2779 = CARTESIAN_POINT('',(39.030230469354,-43.62081523242,-55.35527355
    ));
#2780 = CARTESIAN_POINT('',(40.063114686635,-42.66830476435,
    -55.88232464394));
#2781 = CARTESIAN_POINT('',(41.087353971226,-41.66784439275,
    -56.38010508354));
#2782 = CARTESIAN_POINT('',(43.480109277442,-39.18771982,-57.47517780627
    ));
#2783 = CARTESIAN_POINT('',(44.843704169914,-37.66095521361,
    -58.0454518416));
#2784 = CARTESIAN_POINT('',(46.183357458328,-36.03356015527,
    -58.54098973165));
#2785 = CARTESIAN_POINT('',(47.48934123184,-34.30305021859,
    -58.94542443775));
#2786 = CARTESIAN_POINT('',(48.750487827235,-32.46872192622,
    -59.23936669184));
#2787 = CARTESIAN_POINT('',(49.954375226719,-30.53238353639,-59.4));
#2788 = CARTESIAN_POINT('',(51.088159097779,-28.5,-59.4));
#2789 = PCURVE('',#131,#2790);
#2790 = DEFINITIONAL_REPRESENTATION('',(#2791),#3034);
#2791 = B_SPLINE_CURVE_WITH_KNOTS('',7,(#2792,#2793,#2794,#2795,#2796,
    #2797,#2798,#2799,#2800,#2801,#2802,#2803,#2804,#2805,#2806,#2807,
    #2808,#2809,#2810,#2811,#2812,#2813,#2814,#2815,#2816,#2817,#2818,
    #2819,#2820,#2821,#2822,#2823,#2824,#2825,#2826,#2827,#2828,#2829,
    #2830,#2831,#2832,#2833,#2834,#2835,#2836,#2837,#2838,#2839,#2840,
    #2841,#2842,#2843,#2844,#2845,#2846,#2847,#2848,#2849,#2850,#2851,
    #2852,#2853,#2854,#2855,#2856,#2857,#2858,#2859,#2860,#2861,#2862,
    #2863,#2864,#2865,#2866,#2867,#2868,#2869,#2870,#2871,#2872,#2873,
    #2874,#2875,#2876,#2877,#2878,#2879,#2880,#2881,#2882,#2883,#2884,
    #2885,#2886,#2887,#2888,#2889,#2890,#2891,#2892,#2893,#2894,#2895,
    #2896,#2897,#2898,#2899,#2900,#2901,#2902,#2903,#2904,#2905,#2906,
    #2907,#2908,#2909,#2910,#2911,#2912,#2913,#2914,#2915,#2916,#2917,
    #2918,#2919,#2920,#2921,#2922,#2923,#2924,#2925,#2926,#2927,#2928,
    #2929,#2930,#2931,#2932,#2933,#2934,#2935,#2936,#2937,#2938,#2939,
    #2940,#2941,#2942,#2943,#2944,#2945,#2946,#2947,#2948,#2949,#2950,
    #2951,#2952,#2953,#2954,#2955,#2956,#2957,#2958,#2959,#2960,#2961,
    #2962,#2963,#2964,#2965,#2966,#2967,#2968,#2969,#2970,#2971,#2972,
    #2973,#2974,#2975,#2976,#2977,#2978,#2979,#2980,#2981,#2982,#2983,
    #2984,#2985,#2986,#2987,#2988,#2989,#2990,#2991,#2992,#2993,#2994,
    #2995,#2996,#2997,#2998,#2999,#3000,#3001,#3002,#3003,#3004,#3005,
    #3006,#3007,#3008,#3009,#3010,#3011,#3012,#3013,#3014,#3015,#3016,
    #3017,#3018,#3019,#3020,#3021,#3022,#3023,#3024,#3025,#3026,#3027,
    #3028,#3029,#3030,#3031,#3032,#3033),.UNSPECIFIED.,.F.,.F.,(8,6,6,6,
    6,6,6,6,6,6,6,6,6,6,6,6,6,6,6,6,6,6,6,6,6,6,6,6,6,6,6,6,6,6,6,6,6,6,
    6,6,8),(0.,5.794210002645E-05,1.18030201944E-04,1.802643082722E-04,
    2.424984137541E-04,3.047325187729E-04,3.648206193705E-04,
    4.270547222198E-04,4.871428205688E-04,5.493769209907E-04,
    6.116110198131E-04,6.738451168983E-04,7.33933208647E-04,
    7.961673016947E-04,8.562553892853E-04,9.184894775515E-04,
    9.807235631511E-04,1.042957645911E-03,1.10519172557E-03,
    1.167425801981E-03,1.227513872562E-03,1.287601939777E-03,
    1.349836005694E-03,1.409924065627E-03,1.472158123664E-03,
    1.534392177321E-03,1.596626226566E-03,1.656714269686E-03,
    1.716802308259E-03,1.779036343324E-03,1.841270373119E-03,
    1.903504397611E-03,1.965738416486E-03,2.027972429648E-03,
    2.088060436707E-03,2.150294438025E-03,2.19750643481E-03,
    0.315060186019,0.660412961527,0.804223761703,1.),.UNSPECIFIED.);
#2792 = CARTESIAN_POINT('',(0.,-100.));
#2793 = CARTESIAN_POINT('',(-1.051994881046E-05,-100.0004407084));
#2794 = CARTESIAN_POINT('',(-2.103988065591E-05,-100.0008814172));
#2795 = CARTESIAN_POINT('',(-3.155980814867E-05,-100.001322126));
#2796 = CARTESIAN_POINT('',(-4.207973885079E-05,-100.0017628349));
#2797 = CARTESIAN_POINT('',(-5.259967527407E-05,-100.0022035436));
#2798 = CARTESIAN_POINT('',(-6.311961488004E-05,-100.0026442522));
#2799 = CARTESIAN_POINT('',(-8.45491121802E-05,-100.0035419921));
#2800 = CARTESIAN_POINT('',(-9.545867420309E-05,-100.0039990234));
#2801 = CARTESIAN_POINT('',(-1.063682361643E-04,-100.0044560546));
#2802 = CARTESIAN_POINT('',(-1.172777981086E-04,-100.0049130859));
#2803 = CARTESIAN_POINT('',(-1.281873601101E-04,-100.0053701171));
#2804 = CARTESIAN_POINT('',(-1.390969222721E-04,-100.0058271484));
#2805 = CARTESIAN_POINT('',(-1.613056745525E-04,-100.0067575334));
#2806 = CARTESIAN_POINT('',(-1.726048647652E-04,-100.0072308872));
#2807 = CARTESIAN_POINT('',(-1.839040549631E-04,-100.007704241));
#2808 = CARTESIAN_POINT('',(-1.952032449328E-04,-100.0081775948));
#2809 = CARTESIAN_POINT('',(-2.065024346495E-04,-100.0086509486));
#2810 = CARTESIAN_POINT('',(-2.178016242767E-04,-100.0091243024));
#2811 = CARTESIAN_POINT('',(-2.404000039032E-04,-100.01007101));
#2812 = CARTESIAN_POINT('',(-2.516991938656E-04,-100.0105443637));
#2813 = CARTESIAN_POINT('',(-2.629983837773E-04,-100.0110177175));
#2814 = CARTESIAN_POINT('',(-2.74297573509E-04,-100.0114910713));
#2815 = CARTESIAN_POINT('',(-2.85596763079E-04,-100.0119644251));
#2816 = CARTESIAN_POINT('',(-2.968959526531E-04,-100.0124377789));
#2817 = CARTESIAN_POINT('',(-3.194943323514E-04,-100.0133844865));
#2818 = CARTESIAN_POINT('',(-3.307935224437E-04,-100.0138578402));
#2819 = CARTESIAN_POINT('',(-3.420927125372E-04,-100.014331194));
#2820 = CARTESIAN_POINT('',(-3.533919024838E-04,-100.0148045478));
#2821 = CARTESIAN_POINT('',(-3.646910922714E-04,-100.0152779016));
#2822 = CARTESIAN_POINT('',(-3.759902820237E-04,-100.0157512554));
#2823 = CARTESIAN_POINT('',(-3.981990345905E-04,-100.0166816404));
#2824 = CARTESIAN_POINT('',(-4.091085971642E-04,-100.0171386716));
#2825 = CARTESIAN_POINT('',(-4.200181598194E-04,-100.0175957028));
#2826 = CARTESIAN_POINT('',(-4.309277225956E-04,-100.0180527341));
#2827 = CARTESIAN_POINT('',(-4.41837285474E-04,-100.0185097653));
#2828 = CARTESIAN_POINT('',(-4.527468483775E-04,-100.0189667965));
#2829 = CARTESIAN_POINT('',(-4.74955600963E-04,-100.0198971815));
#2830 = CARTESIAN_POINT('',(-4.8625479068E-04,-100.0203705353));
#2831 = CARTESIAN_POINT('',(-4.97553980419E-04,-100.020843889));
#2832 = CARTESIAN_POINT('',(-5.088531702407E-04,-100.0213172428));
#2833 = CARTESIAN_POINT('',(-5.201523601688E-04,-100.0217905966));
#2834 = CARTESIAN_POINT('',(-5.314515501904E-04,-100.0222639503));
#2835 = CARTESIAN_POINT('',(-5.536603029048E-04,-100.0231943353));
#2836 = CARTESIAN_POINT('',(-5.645698656791E-04,-100.0236513665));
#2837 = CARTESIAN_POINT('',(-5.754794284946E-04,-100.0241083977));
#2838 = CARTESIAN_POINT('',(-5.863889913065E-04,-100.0245654289));
#2839 = CARTESIAN_POINT('',(-5.972985541094E-04,-100.0250224602));
#2840 = CARTESIAN_POINT('',(-6.082081169378E-04,-100.0254794914));
#2841 = CARTESIAN_POINT('',(-6.30416869779E-04,-100.0264098763));
#2842 = CARTESIAN_POINT('',(-6.417160597329E-04,-100.0268832301));
#2843 = CARTESIAN_POINT('',(-6.53015249744E-04,-100.0273565838));
#2844 = CARTESIAN_POINT('',(-6.643144398215E-04,-100.0278299376));
#2845 = CARTESIAN_POINT('',(-6.756136299673E-04,-100.0283032913));
#2846 = CARTESIAN_POINT('',(-6.869128201755E-04,-100.028776645));
#2847 = CARTESIAN_POINT('',(-7.095112004003E-04,-100.0297233525));
#2848 = CARTESIAN_POINT('',(-7.208103904388E-04,-100.0301967062));
#2849 = CARTESIAN_POINT('',(-7.321095805367E-04,-100.03067006));
#2850 = CARTESIAN_POINT('',(-7.434087706891E-04,-100.0311434137));
#2851 = CARTESIAN_POINT('',(-7.54707960898E-04,-100.0316167674));
#2852 = CARTESIAN_POINT('',(-7.660071511727E-04,-100.0320901212));
#2853 = CARTESIAN_POINT('',(-7.886055315705E-04,-100.0330368286));
#2854 = CARTESIAN_POINT('',(-7.999047216525E-04,-100.0335101823));
#2855 = CARTESIAN_POINT('',(-8.11203911825E-04,-100.033983536));
#2856 = CARTESIAN_POINT('',(-8.225031021097E-04,-100.0344568897));
#2857 = CARTESIAN_POINT('',(-8.338022925004E-04,-100.0349302435));
#2858 = CARTESIAN_POINT('',(-8.451014829626E-04,-100.0354035972));
#2859 = CARTESIAN_POINT('',(-8.673102362861E-04,-100.036333982));
#2860 = CARTESIAN_POINT('',(-8.782197991772E-04,-100.0367910132));
#2861 = CARTESIAN_POINT('',(-8.891293621231E-04,-100.0372480444));
#2862 = CARTESIAN_POINT('',(-9.000389251383E-04,-100.0377050755));
#2863 = CARTESIAN_POINT('',(-9.109484882353E-04,-100.0381621067));
#2864 = CARTESIAN_POINT('',(-9.21858051425E-04,-100.0386191378));
#2865 = CARTESIAN_POINT('',(-9.44066804909E-04,-100.0395495227));
#2866 = CARTESIAN_POINT('',(-9.553659952383E-04,-100.0400228763));
#2867 = CARTESIAN_POINT('',(-9.6666518565E-04,-100.04049623));
#2868 = CARTESIAN_POINT('',(-9.779643761148E-04,-100.0409695837));
#2869 = CARTESIAN_POINT('',(-9.892635666288E-04,-100.0414429374));
#2870 = CARTESIAN_POINT('',(-1.000562757214E-03,-100.0419162911));
#2871 = CARTESIAN_POINT('',(-1.022771510944E-03,-100.0428466759));
#2872 = CARTESIAN_POINT('',(-1.03368107406E-03,-100.043303707));
#2873 = CARTESIAN_POINT('',(-1.044590637254E-03,-100.0437607381));
#2874 = CARTESIAN_POINT('',(-1.055500200523E-03,-100.0442177692));
#2875 = CARTESIAN_POINT('',(-1.066409763872E-03,-100.0446748004));
#2876 = CARTESIAN_POINT('',(-1.07731932731E-03,-100.0451318315));
#2877 = CARTESIAN_POINT('',(-1.099528081219E-03,-100.0460622162));
#2878 = CARTESIAN_POINT('',(-1.110827271724E-03,-100.0465355699));
#2879 = CARTESIAN_POINT('',(-1.122126462314E-03,-100.0470089235));
#2880 = CARTESIAN_POINT('',(-1.133425652963E-03,-100.0474822772));
#2881 = CARTESIAN_POINT('',(-1.144724843676E-03,-100.0479556308));
#2882 = CARTESIAN_POINT('',(-1.156024034483E-03,-100.0484289844));
#2883 = CARTESIAN_POINT('',(-1.17862241592E-03,-100.0493756917));
#2884 = CARTESIAN_POINT('',(-1.189921606562E-03,-100.0498490453));
#2885 = CARTESIAN_POINT('',(-1.201220797295E-03,-100.0503223989));
#2886 = CARTESIAN_POINT('',(-1.212519988084E-03,-100.0507957526));
#2887 = CARTESIAN_POINT('',(-1.22381917893E-03,-100.0512691062));
#2888 = CARTESIAN_POINT('',(-1.235118369871E-03,-100.0517424598));
#2889 = CARTESIAN_POINT('',(-1.257716751577E-03,-100.052689167));
#2890 = CARTESIAN_POINT('',(-1.2690159423E-03,-100.0531625206));
#2891 = CARTESIAN_POINT('',(-1.28031513314E-03,-100.0536358742));
#2892 = CARTESIAN_POINT('',(-1.291614324089E-03,-100.0541092278));
#2893 = CARTESIAN_POINT('',(-1.302913515144E-03,-100.0545825814));
#2894 = CARTESIAN_POINT('',(-1.314212706306E-03,-100.055055935));
#2895 = CARTESIAN_POINT('',(-1.336811088289E-03,-100.0560026422));
#2896 = CARTESIAN_POINT('',(-1.348110279089E-03,-100.0564759957));
#2897 = CARTESIAN_POINT('',(-1.35940947001E-03,-100.0569493493));
#2898 = CARTESIAN_POINT('',(-1.370708661071E-03,-100.0574227029));
#2899 = CARTESIAN_POINT('',(-1.382007852273E-03,-100.0578960564));
#2900 = CARTESIAN_POINT('',(-1.393307043604E-03,-100.05836941));
#2901 = CARTESIAN_POINT('',(-1.415905425877E-03,-100.0593161171));
#2902 = CARTESIAN_POINT('',(-1.427204616845E-03,-100.0597894707));
#2903 = CARTESIAN_POINT('',(-1.438503807931E-03,-100.0602628242));
#2904 = CARTESIAN_POINT('',(-1.449802999135E-03,-100.0607361777));
#2905 = CARTESIAN_POINT('',(-1.461102190461E-03,-100.0612095313));
#2906 = CARTESIAN_POINT('',(-1.472401381918E-03,-100.0616828848));
#2907 = CARTESIAN_POINT('',(-1.494610137246E-03,-100.0626132693));
#2908 = CARTESIAN_POINT('',(-1.5055197011E-03,-100.0630703003));
#2909 = CARTESIAN_POINT('',(-1.51642926508E-03,-100.0635273313));
#2910 = CARTESIAN_POINT('',(-1.527338829183E-03,-100.0639843623));
#2911 = CARTESIAN_POINT('',(-1.538248393408E-03,-100.0644413933));
#2912 = CARTESIAN_POINT('',(-1.549157957755E-03,-100.0648984242));
#2913 = CARTESIAN_POINT('',(-1.570977086083E-03,-100.0658124862));
#2914 = CARTESIAN_POINT('',(-1.581886650064E-03,-100.0662695171));
#2915 = CARTESIAN_POINT('',(-1.592796214173E-03,-100.0667265481));
#2916 = CARTESIAN_POINT('',(-1.603705778412E-03,-100.067183579));
#2917 = CARTESIAN_POINT('',(-1.614615342784E-03,-100.06764061));
#2918 = CARTESIAN_POINT('',(-1.625524907292E-03,-100.0680976409));
#2919 = CARTESIAN_POINT('',(-1.647733663216E-03,-100.0690280253));
#2920 = CARTESIAN_POINT('',(-1.659032854649E-03,-100.0695013788));
#2921 = CARTESIAN_POINT('',(-1.670332046222E-03,-100.0699747322));
#2922 = CARTESIAN_POINT('',(-1.681631237931E-03,-100.0704480857));
#2923 = CARTESIAN_POINT('',(-1.692930429779E-03,-100.0709214392));
#2924 = CARTESIAN_POINT('',(-1.704229621775E-03,-100.0713947926));
#2925 = CARTESIAN_POINT('',(-1.726438378108E-03,-100.0723251769));
#2926 = CARTESIAN_POINT('',(-1.737347942451E-03,-100.0727822078));
#2927 = CARTESIAN_POINT('',(-1.748257506931E-03,-100.0732392387));
#2928 = CARTESIAN_POINT('',(-1.759167071531E-03,-100.0736962696));
#2929 = CARTESIAN_POINT('',(-1.770076636251E-03,-100.0741533005));
#2930 = CARTESIAN_POINT('',(-1.780986201108E-03,-100.0746103314));
#2931 = CARTESIAN_POINT('',(-1.803194957758E-03,-100.0755407157));
#2932 = CARTESIAN_POINT('',(-1.814494149538E-03,-100.0760140691));
#2933 = CARTESIAN_POINT('',(-1.825793341484E-03,-100.0764874225));
#2934 = CARTESIAN_POINT('',(-1.8370925336E-03,-100.0769607758));
#2935 = CARTESIAN_POINT('',(-1.848391725882E-03,-100.0774341292));
#2936 = CARTESIAN_POINT('',(-1.859690918324E-03,-100.0779074826));
#2937 = CARTESIAN_POINT('',(-1.882289302701E-03,-100.0788541894));
#2938 = CARTESIAN_POINT('',(-1.893588494645E-03,-100.0793275427));
#2939 = CARTESIAN_POINT('',(-1.904887686746E-03,-100.0798008961));
#2940 = CARTESIAN_POINT('',(-1.916186879007E-03,-100.0802742494));
#2941 = CARTESIAN_POINT('',(-1.927486071436E-03,-100.0807476028));
#2942 = CARTESIAN_POINT('',(-1.938785264044E-03,-100.0812209561));
#2943 = CARTESIAN_POINT('',(-1.961383648836E-03,-100.0821676628));
#2944 = CARTESIAN_POINT('',(-1.972682841035E-03,-100.0826410161));
#2945 = CARTESIAN_POINT('',(-1.983982033404E-03,-100.0831143694));
#2946 = CARTESIAN_POINT('',(-1.995281225925E-03,-100.0835877227));
#2947 = CARTESIAN_POINT('',(-2.006580418598E-03,-100.0840610761));
#2948 = CARTESIAN_POINT('',(-2.017879611439E-03,-100.0845344294));
#2949 = CARTESIAN_POINT('',(-2.040088369369E-03,-100.0854648134));
#2950 = CARTESIAN_POINT('',(-2.05099793443E-03,-100.0859218442));
#2951 = CARTESIAN_POINT('',(-2.06190749966E-03,-100.0863788749));
#2952 = CARTESIAN_POINT('',(-2.072817065061E-03,-100.0868359057));
#2953 = CARTESIAN_POINT('',(-2.08372663063E-03,-100.0872929364));
#2954 = CARTESIAN_POINT('',(-2.094636196367E-03,-100.0877499672));
#2955 = CARTESIAN_POINT('',(-2.116455327353E-03,-100.0886640286));
#2956 = CARTESIAN_POINT('',(-2.127364892587E-03,-100.0891210594));
#2957 = CARTESIAN_POINT('',(-2.138274457992E-03,-100.0895780901));
#2958 = CARTESIAN_POINT('',(-2.149184023578E-03,-100.0900351208));
#2959 = CARTESIAN_POINT('',(-2.160093589349E-03,-100.0904921515));
#2960 = CARTESIAN_POINT('',(-2.171003155303E-03,-100.0909491822));
#2961 = CARTESIAN_POINT('',(-2.193211914039E-03,-100.0918795661));
#2962 = CARTESIAN_POINT('',(-2.204511106846E-03,-100.0923529193));
#2963 = CARTESIAN_POINT('',(-2.215810299852E-03,-100.0928262725));
#2964 = CARTESIAN_POINT('',(-2.227109493055E-03,-100.0932996257));
#2965 = CARTESIAN_POINT('',(-2.238408686451E-03,-100.0937729789));
#2966 = CARTESIAN_POINT('',(-2.249707880039E-03,-100.0942463321));
#2967 = CARTESIAN_POINT('',(-2.272306266636E-03,-100.0951930384));
#2968 = CARTESIAN_POINT('',(-2.283605459659E-03,-100.0956663916));
#2969 = CARTESIAN_POINT('',(-2.29490465287E-03,-100.0961397448));
#2970 = CARTESIAN_POINT('',(-2.306203846263E-03,-100.0966130979));
#2971 = CARTESIAN_POINT('',(-2.317503039845E-03,-100.0970864511));
#2972 = CARTESIAN_POINT('',(-2.328802233636E-03,-100.0975598042));
#2973 = CARTESIAN_POINT('',(-2.351400620733E-03,-100.0985065105));
#2974 = CARTESIAN_POINT('',(-2.362699814032E-03,-100.0989798636));
#2975 = CARTESIAN_POINT('',(-2.373999007543E-03,-100.0994532167));
#2976 = CARTESIAN_POINT('',(-2.385298201253E-03,-100.0999265698));
#2977 = CARTESIAN_POINT('',(-2.396597395157E-03,-100.1003999229));
#2978 = CARTESIAN_POINT('',(-2.407896589263E-03,-100.100873276));
#2979 = CARTESIAN_POINT('',(-2.430494976883E-03,-100.1018199822));
#2980 = CARTESIAN_POINT('',(-2.441794170385E-03,-100.1022933352));
#2981 = CARTESIAN_POINT('',(-2.453093364096E-03,-100.1027666883));
#2982 = CARTESIAN_POINT('',(-2.464392558023E-03,-100.1032400414));
#2983 = CARTESIAN_POINT('',(-2.47569175217E-03,-100.1037133944));
#2984 = CARTESIAN_POINT('',(-2.48699094654E-03,-100.1041867475));
#2985 = CARTESIAN_POINT('',(-2.509589334688E-03,-100.1051334536));
#2986 = CARTESIAN_POINT('',(-2.520888528472E-03,-100.1056068066));
#2987 = CARTESIAN_POINT('',(-2.53218772248E-03,-100.1060801596));
#2988 = CARTESIAN_POINT('',(-2.543486916709E-03,-100.1065535126));
#2989 = CARTESIAN_POINT('',(-2.554786111159E-03,-100.1070268656));
#2990 = CARTESIAN_POINT('',(-2.566085305829E-03,-100.1075002186));
#2991 = CARTESIAN_POINT('',(-2.588294067182E-03,-100.1084306021));
#2992 = CARTESIAN_POINT('',(-2.599203633837E-03,-100.1088876325));
#2993 = CARTESIAN_POINT('',(-2.610113200705E-03,-100.109344663));
#2994 = CARTESIAN_POINT('',(-2.621022767796E-03,-100.1098016934));
#2995 = CARTESIAN_POINT('',(-2.631932335111E-03,-100.1102587239));
#2996 = CARTESIAN_POINT('',(-2.642841902645E-03,-100.1107157543));
#2997 = CARTESIAN_POINT('',(-2.665050664459E-03,-100.1116461377));
#2998 = CARTESIAN_POINT('',(-2.67634985876E-03,-100.1121194906));
#2999 = CARTESIAN_POINT('',(-2.687649053299E-03,-100.1125928435));
#3000 = CARTESIAN_POINT('',(-2.698948248081E-03,-100.1130661965));
#3001 = CARTESIAN_POINT('',(-2.710247443106E-03,-100.1135395494));
#3002 = CARTESIAN_POINT('',(-2.721546638369E-03,-100.1140129023));
#3003 = CARTESIAN_POINT('',(-2.741417636575E-03,-100.1148453505));
#3004 = CARTESIAN_POINT('',(-2.749989439417E-03,-100.1152044458));
#3005 = CARTESIAN_POINT('',(-2.758561242397E-03,-100.115563541));
#3006 = CARTESIAN_POINT('',(-2.767133045521E-03,-100.1159226363));
#3007 = CARTESIAN_POINT('',(-2.775704848791E-03,-100.1162817316));
#3008 = CARTESIAN_POINT('',(-2.784276652206E-03,-100.1166408269));
#3009 = CARTESIAN_POINT('',(-5.959615294298E-02,-102.49663897));
#3010 = CARTESIAN_POINT('',(-0.116383837054,-104.8753429062));
#3011 = CARTESIAN_POINT('',(-0.17335043897,-107.2533096998));
#3012 = CARTESIAN_POINT('',(-0.230686644415,-109.6305704994));
#3013 = CARTESIAN_POINT('',(-0.288582677668,-112.0066348657));
#3014 = CARTESIAN_POINT('',(-0.347234079172,-114.3801624919));
#3015 = CARTESIAN_POINT('',(-0.472656628105,-119.3631236946));
#3016 = CARTESIAN_POINT('',(-0.539466623416,-121.9646303924));
#3017 = CARTESIAN_POINT('',(-0.60780444335,-124.559981941));
#3018 = CARTESIAN_POINT('',(-0.678168496548,-127.1515408941));
#3019 = CARTESIAN_POINT('',(-0.751056750792,-129.7362890674));
#3020 = CARTESIAN_POINT('',(-0.826977790134,-132.3044975556));
#3021 = CARTESIAN_POINT('',(-0.939648170564,-135.8944544056));
#3022 = CARTESIAN_POINT('',(-0.973430455803,-136.9449735655));
#3023 = CARTESIAN_POINT('',(-1.007950552087,-137.9904507319));
#3024 = CARTESIAN_POINT('',(-1.043287487429,-139.0302304693));
#3025 = CARTESIAN_POINT('',(-1.079520257415,-140.0631146866));
#3026 = CARTESIAN_POINT('',(-1.11672956062,-141.0873539712));
#3027 = CARTESIAN_POINT('',(-1.207100414848,-143.4801092774));
#3028 = CARTESIAN_POINT('',(-1.261334416499,-144.8437041699));
#3029 = CARTESIAN_POINT('',(-1.317861873624,-146.1833574583));
#3030 = CARTESIAN_POINT('',(-1.376853623762,-147.4893412318));
#3031 = CARTESIAN_POINT('',(-1.43850556466,-148.7504878272));
#3032 = CARTESIAN_POINT('',(-1.503050208915,-149.9543752267));
#3033 = CARTESIAN_POINT('',(-1.570796326795,-151.0881590977));
#3034 = ( GEOMETRIC_REPRESENTATION_CONTEXT(2) 
PARAMETRIC_REPRESENTATION_CONTEXT() REPRESENTATION_CONTEXT('2D SPACE',''
  ) );
#3035 = PCURVE('',#2039,#3036);
#3036 = DEFINITIONAL_REPRESENTATION('',(#3037),#3280);
#3037 = B_SPLINE_CURVE_WITH_KNOTS('',7,(#3038,#3039,#3040,#3041,#3042,
    #3043,#3044,#3045,#3046,#3047,#3048,#3049,#3050,#3051,#3052,#3053,
    #3054,#3055,#3056,#3057,#3058,#3059,#3060,#3061,#3062,#3063,#3064,
    #3065,#3066,#3067,#3068,#3069,#3070,#3071,#3072,#3073,#3074,#3075,
    #3076,#3077,#3078,#3079,#3080,#3081,#3082,#3083,#3084,#3085,#3086,
    #3087,#3088,#3089,#3090,#3091,#3092,#3093,#3094,#3095,#3096,#3097,
    #3098,#3099,#3100,#3101,#3102,#3103,#3104,#3105,#3106,#3107,#3108,
    #3109,#3110,#3111,#3112,#3113,#3114,#3115,#3116,#3117,#3118,#3119,
    #3120,#3121,#3122,#3123,#3124,#3125,#3126,#3127,#3128,#3129,#3130,
    #3131,#3132,#3133,#3134,#3135,#3136,#3137,#3138,#3139,#3140,#3141,
    #3142,#3143,#3144,#3145,#3146,#3147,#3148,#3149,#3150,#3151,#3152,
    #3153,#3154,#3155,#3156,#3157,#3158,#3159,#3160,#3161,#3162,#3163,
    #3164,#3165,#3166,#3167,#3168,#3169,#3170,#3171,#3172,#3173,#3174,
    #3175,#3176,#3177,#3178,#3179,#3180,#3181,#3182,#3183,#3184,#3185,
    #3186,#3187,#3188,#3189,#3190,#3191,#3192,#3193,#3194,#3195,#3196,
    #3197,#3198,#3199,#3200,#3201,#3202,#3203,#3204,#3205,#3206,#3207,
    #3208,#3209,#3210,#3211,#3212,#3213,#3214,#3215,#3216,#3217,#3218,
    #3219,#3220,#3221,#3222,#3223,#3224,#3225,#3226,#3227,#3228,#3229,
    #3230,#3231,#3232,#3233,#3234,#3235,#3236,#3237,#3238,#3239,#3240,
    #3241,#3242,#3243,#3244,#3245,#3246,#3247,#3248,#3249,#3250,#3251,
    #3252,#3253,#3254,#3255,#3256,#3257,#3258,#3259,#3260,#3261,#3262,
    #3263,#3264,#3265,#3266,#3267,#3268,#3269,#3270,#3271,#3272,#3273,
    #3274,#3275,#3276,#3277,#3278,#3279),.UNSPECIFIED.,.F.,.F.,(8,6,6,6,
    6,6,6,6,6,6,6,6,6,6,6,6,6,6,6,6,6,6,6,6,6,6,6,6,6,6,6,6,6,6,6,6,6,6,
    6,6,8),(0.,5.794210002645E-05,1.18030201944E-04,1.802643082722E-04,
    2.424984137541E-04,3.047325187729E-04,3.648206193705E-04,
    4.270547222198E-04,4.871428205688E-04,5.493769209907E-04,
    6.116110198131E-04,6.738451168983E-04,7.33933208647E-04,
    7.961673016947E-04,8.562553892853E-04,9.184894775515E-04,
    9.807235631511E-04,1.042957645911E-03,1.10519172557E-03,
    1.167425801981E-03,1.227513872562E-03,1.287601939777E-03,
    1.349836005694E-03,1.409924065627E-03,1.472158123664E-03,
    1.534392177321E-03,1.596626226566E-03,1.656714269686E-03,
    1.716802308259E-03,1.779036343324E-03,1.841270373119E-03,
    1.903504397611E-03,1.965738416486E-03,2.027972429648E-03,
    2.088060436707E-03,2.150294438025E-03,2.19750643481E-03,
    0.315060186019,0.660412961527,0.804223761703,1.),.UNSPECIFIED.);
#3038 = CARTESIAN_POINT('',(4.712388980385,70.6));
#3039 = CARTESIAN_POINT('',(4.712396513862,70.599684401536));
#3040 = CARTESIAN_POINT('',(4.712404047346,70.59936880358));
#3041 = CARTESIAN_POINT('',(4.712411580831,70.599053205756));
#3042 = CARTESIAN_POINT('',(4.712419114315,70.598737607835));
#3043 = CARTESIAN_POINT('',(4.712426647797,70.598422009742));
#3044 = CARTESIAN_POINT('',(4.712434181277,70.598106411555));
#3045 = CARTESIAN_POINT('',(4.71244952726,70.597463526637));
#3046 = CARTESIAN_POINT('',(4.71245733976,70.597136239778));
#3047 = CARTESIAN_POINT('',(4.71246515226,70.596808952921));
#3048 = CARTESIAN_POINT('',(4.71247296476,70.596481666064));
#3049 = CARTESIAN_POINT('',(4.71248077726,70.596154379207));
#3050 = CARTESIAN_POINT('',(4.71248858976,70.595827092345));
#3051 = CARTESIAN_POINT('',(4.712504493778,70.595160829784));
#3052 = CARTESIAN_POINT('',(4.712512585295,70.594821854082));
#3053 = CARTESIAN_POINT('',(4.712520676813,70.594482878382));
#3054 = CARTESIAN_POINT('',(4.712528768331,70.594143902688));
#3055 = CARTESIAN_POINT('',(4.712536859849,70.593804927004));
#3056 = CARTESIAN_POINT('',(4.712544951367,70.593465951323));
#3057 = CARTESIAN_POINT('',(4.712561134403,70.592787999952));
#3058 = CARTESIAN_POINT('',(4.712569225921,70.592449024263));
#3059 = CARTESIAN_POINT('',(4.712577317438,70.592110048577));
#3060 = CARTESIAN_POINT('',(4.712585408956,70.591771072897));
#3061 = CARTESIAN_POINT('',(4.712593500474,70.591432097223));
#3062 = CARTESIAN_POINT('',(4.712601591992,70.591093121551));
#3063 = CARTESIAN_POINT('',(4.712617775028,70.590415170192));
#3064 = CARTESIAN_POINT('',(4.712625866546,70.590076194507));
#3065 = CARTESIAN_POINT('',(4.712633958063,70.589737218823));
#3066 = CARTESIAN_POINT('',(4.712642049581,70.589398243145));
#3067 = CARTESIAN_POINT('',(4.712650141099,70.589059267473));
#3068 = CARTESIAN_POINT('',(4.712658232617,70.588720291804));
#3069 = CARTESIAN_POINT('',(4.712674136635,70.588054029277));
#3070 = CARTESIAN_POINT('',(4.712681949135,70.587726742426));
#3071 = CARTESIAN_POINT('',(4.712689761635,70.587399455574));
#3072 = CARTESIAN_POINT('',(4.712697574135,70.587072168721));
#3073 = CARTESIAN_POINT('',(4.712705386635,70.586744881866));
#3074 = CARTESIAN_POINT('',(4.712713199135,70.586417595012));
#3075 = CARTESIAN_POINT('',(4.712729103153,70.585751332506));
#3076 = CARTESIAN_POINT('',(4.712737194671,70.585412356853));
#3077 = CARTESIAN_POINT('',(4.712745286189,70.585073381201));
#3078 = CARTESIAN_POINT('',(4.712753377707,70.58473440555));
#3079 = CARTESIAN_POINT('',(4.712761469225,70.584395429897));
#3080 = CARTESIAN_POINT('',(4.712769560742,70.584056454244));
#3081 = CARTESIAN_POINT('',(4.71278546476,70.58339019176));
#3082 = CARTESIAN_POINT('',(4.71279327726,70.583062904928));
#3083 = CARTESIAN_POINT('',(4.71280108976,70.582735618096));
#3084 = CARTESIAN_POINT('',(4.71280890226,70.582408331267));
#3085 = CARTESIAN_POINT('',(4.71281671476,70.58208104444));
#3086 = CARTESIAN_POINT('',(4.71282452726,70.581753757616));
#3087 = CARTESIAN_POINT('',(4.712840431278,70.581087495158));
#3088 = CARTESIAN_POINT('',(4.712848522796,70.580748519527));
#3089 = CARTESIAN_POINT('',(4.712856614314,70.580409543898));
#3090 = CARTESIAN_POINT('',(4.712864705832,70.580070568269));
#3091 = CARTESIAN_POINT('',(4.71287279735,70.579731592641));
#3092 = CARTESIAN_POINT('',(4.712880888868,70.579392617014));
#3093 = CARTESIAN_POINT('',(4.712897071903,70.578714665773));
#3094 = CARTESIAN_POINT('',(4.712905163421,70.578375690157));
#3095 = CARTESIAN_POINT('',(4.712913254939,70.578036714543));
#3096 = CARTESIAN_POINT('',(4.712921346457,70.577697738931));
#3097 = CARTESIAN_POINT('',(4.712929437975,70.57735876332));
#3098 = CARTESIAN_POINT('',(4.712937529493,70.577019787711));
#3099 = CARTESIAN_POINT('',(4.712953712528,70.576341836504));
#3100 = CARTESIAN_POINT('',(4.712961804046,70.576002860907));
#3101 = CARTESIAN_POINT('',(4.712969895564,70.575663885311));
#3102 = CARTESIAN_POINT('',(4.712977987082,70.575324909716));
#3103 = CARTESIAN_POINT('',(4.7129860786,70.574985934121));
#3104 = CARTESIAN_POINT('',(4.712994170118,70.574646958527));
#3105 = CARTESIAN_POINT('',(4.713010074136,70.573980696172));
#3106 = CARTESIAN_POINT('',(4.713017886636,70.573653409409));
#3107 = CARTESIAN_POINT('',(4.713025699136,70.573326122648));
#3108 = CARTESIAN_POINT('',(4.713033511636,70.572998835888));
#3109 = CARTESIAN_POINT('',(4.713041324136,70.57267154913));
#3110 = CARTESIAN_POINT('',(4.713049136636,70.572344262373));
#3111 = CARTESIAN_POINT('',(4.713065040654,70.571678000058));
#3112 = CARTESIAN_POINT('',(4.713073132171,70.5713390245));
#3113 = CARTESIAN_POINT('',(4.713081223689,70.571000048943));
#3114 = CARTESIAN_POINT('',(4.713089315207,70.57066107339));
#3115 = CARTESIAN_POINT('',(4.713097406725,70.570322097839));
#3116 = CARTESIAN_POINT('',(4.713105498243,70.56998312229));
#3117 = CARTESIAN_POINT('',(4.713121402261,70.569316860019));
#3118 = CARTESIAN_POINT('',(4.713129214761,70.568989573298));
#3119 = CARTESIAN_POINT('',(4.713137027261,70.568662286578));
#3120 = CARTESIAN_POINT('',(4.713144839761,70.56833499986));
#3121 = CARTESIAN_POINT('',(4.713152652261,70.568007713144));
#3122 = CARTESIAN_POINT('',(4.713160464761,70.567680426431));
#3123 = CARTESIAN_POINT('',(4.713176368779,70.567014164208));
#3124 = CARTESIAN_POINT('',(4.713184460296,70.566675188698));
#3125 = CARTESIAN_POINT('',(4.713192551814,70.566336213191));
#3126 = CARTESIAN_POINT('',(4.713200643332,70.565997237687));
#3127 = CARTESIAN_POINT('',(4.71320873485,70.565658262186));
#3128 = CARTESIAN_POINT('',(4.713216826368,70.565319286688));
#3129 = CARTESIAN_POINT('',(4.713233009404,70.564641335707));
#3130 = CARTESIAN_POINT('',(4.713241100922,70.564302360223));
#3131 = CARTESIAN_POINT('',(4.713249192439,70.563963384743));
#3132 = CARTESIAN_POINT('',(4.713257283957,70.563624409266));
#3133 = CARTESIAN_POINT('',(4.713265375475,70.563285433793));
#3134 = CARTESIAN_POINT('',(4.713273466993,70.562946458322));
#3135 = CARTESIAN_POINT('',(4.713289650029,70.562268507398));
#3136 = CARTESIAN_POINT('',(4.713297741547,70.561929531945));
#3137 = CARTESIAN_POINT('',(4.713305833064,70.561590556494));
#3138 = CARTESIAN_POINT('',(4.713313924582,70.561251581046));
#3139 = CARTESIAN_POINT('',(4.7133220161,70.560912605601));
#3140 = CARTESIAN_POINT('',(4.713330107618,70.560573630158));
#3141 = CARTESIAN_POINT('',(4.713346290654,70.559895679294));
#3142 = CARTESIAN_POINT('',(4.713354382172,70.559556703873));
#3143 = CARTESIAN_POINT('',(4.71336247369,70.559217728455));
#3144 = CARTESIAN_POINT('',(4.713370565207,70.558878753039));
#3145 = CARTESIAN_POINT('',(4.713378656725,70.558539777625));
#3146 = CARTESIAN_POINT('',(4.713386748243,70.558200802213));
#3147 = CARTESIAN_POINT('',(4.713402931279,70.557522851414));
#3148 = CARTESIAN_POINT('',(4.713411022797,70.557183876026));
#3149 = CARTESIAN_POINT('',(4.713419114315,70.55684490064));
#3150 = CARTESIAN_POINT('',(4.713427205832,70.556505925257));
#3151 = CARTESIAN_POINT('',(4.71343529735,70.556166949877));
#3152 = CARTESIAN_POINT('',(4.713443388868,70.5558279745));
#3153 = CARTESIAN_POINT('',(4.713459292886,70.555161712574));
#3154 = CARTESIAN_POINT('',(4.713467105386,70.554834426024));
#3155 = CARTESIAN_POINT('',(4.713474917886,70.554507139478));
#3156 = CARTESIAN_POINT('',(4.713482730386,70.554179852934));
#3157 = CARTESIAN_POINT('',(4.713490542886,70.553852566392));
#3158 = CARTESIAN_POINT('',(4.713498355386,70.553525279854));
#3159 = CARTESIAN_POINT('',(4.713513980386,70.5528707068));
#3160 = CARTESIAN_POINT('',(4.713521792886,70.552543420286));
#3161 = CARTESIAN_POINT('',(4.713529605386,70.552216133774));
#3162 = CARTESIAN_POINT('',(4.713537417886,70.551888847265));
#3163 = CARTESIAN_POINT('',(4.713545230386,70.551561560758));
#3164 = CARTESIAN_POINT('',(4.713553042886,70.551234274254));
#3165 = CARTESIAN_POINT('',(4.713568946904,70.550568012469));
#3166 = CARTESIAN_POINT('',(4.713577038422,70.550229037187));
#3167 = CARTESIAN_POINT('',(4.71358512994,70.549890061908));
#3168 = CARTESIAN_POINT('',(4.713593221458,70.549551086633));
#3169 = CARTESIAN_POINT('',(4.713601312976,70.549212111361));
#3170 = CARTESIAN_POINT('',(4.713609404494,70.548873136092));
#3171 = CARTESIAN_POINT('',(4.713625308512,70.548206874383));
#3172 = CARTESIAN_POINT('',(4.713633121011,70.547879587941));
#3173 = CARTESIAN_POINT('',(4.713640933511,70.547552301503));
#3174 = CARTESIAN_POINT('',(4.713648746011,70.547225015068));
#3175 = CARTESIAN_POINT('',(4.713656558511,70.546897728637));
#3176 = CARTESIAN_POINT('',(4.713664371012,70.546570442209));
#3177 = CARTESIAN_POINT('',(4.713680275029,70.545904180579));
#3178 = CARTESIAN_POINT('',(4.713688366547,70.545565205378));
#3179 = CARTESIAN_POINT('',(4.713696458065,70.54522623018));
#3180 = CARTESIAN_POINT('',(4.713704549583,70.544887254985));
#3181 = CARTESIAN_POINT('',(4.713712641101,70.544548279793));
#3182 = CARTESIAN_POINT('',(4.713720732619,70.544209304605));
#3183 = CARTESIAN_POINT('',(4.713736915655,70.54353135426));
#3184 = CARTESIAN_POINT('',(4.713745007172,70.543192379104));
#3185 = CARTESIAN_POINT('',(4.71375309869,70.542853403951));
#3186 = CARTESIAN_POINT('',(4.713761190208,70.542514428801));
#3187 = CARTESIAN_POINT('',(4.713769281726,70.542175453656));
#3188 = CARTESIAN_POINT('',(4.713777373244,70.541836478513));
#3189 = CARTESIAN_POINT('',(4.71379355628,70.541158528259));
#3190 = CARTESIAN_POINT('',(4.713801647797,70.540819553146));
#3191 = CARTESIAN_POINT('',(4.713809739315,70.540480578037));
#3192 = CARTESIAN_POINT('',(4.713817830833,70.540141602932));
#3193 = CARTESIAN_POINT('',(4.713825922351,70.539802627832));
#3194 = CARTESIAN_POINT('',(4.713834013869,70.539463652735));
#3195 = CARTESIAN_POINT('',(4.713849917887,70.538797391369));
#3196 = CARTESIAN_POINT('',(4.713857730387,70.5384701051));
#3197 = CARTESIAN_POINT('',(4.713865542887,70.538142818833));
#3198 = CARTESIAN_POINT('',(4.713873355387,70.537815532571));
#3199 = CARTESIAN_POINT('',(4.713881167887,70.537488246312));
#3200 = CARTESIAN_POINT('',(4.713888980387,70.537160960056));
#3201 = CARTESIAN_POINT('',(4.713904605387,70.536506387578));
#3202 = CARTESIAN_POINT('',(4.713912417887,70.536179101355));
#3203 = CARTESIAN_POINT('',(4.713920230387,70.535851815136));
#3204 = CARTESIAN_POINT('',(4.713928042887,70.53552452892));
#3205 = CARTESIAN_POINT('',(4.713935855387,70.535197242708));
#3206 = CARTESIAN_POINT('',(4.713943667887,70.534869956499));
#3207 = CARTESIAN_POINT('',(4.713959571905,70.534203695323));
#3208 = CARTESIAN_POINT('',(4.713967663423,70.533864720356));
#3209 = CARTESIAN_POINT('',(4.71397575494,70.533525745392));
#3210 = CARTESIAN_POINT('',(4.713983846458,70.533186770432));
#3211 = CARTESIAN_POINT('',(4.713991937976,70.532847795477));
#3212 = CARTESIAN_POINT('',(4.714000029494,70.532508820525));
#3213 = CARTESIAN_POINT('',(4.71401621253,70.53183087066));
#3214 = CARTESIAN_POINT('',(4.714024304048,70.531491895746));
#3215 = CARTESIAN_POINT('',(4.714032395565,70.531152920837));
#3216 = CARTESIAN_POINT('',(4.714040487083,70.530813945932));
#3217 = CARTESIAN_POINT('',(4.714048578601,70.530474971032));
#3218 = CARTESIAN_POINT('',(4.714056670119,70.530135996136));
#3219 = CARTESIAN_POINT('',(4.714072853155,70.529458046379));
#3220 = CARTESIAN_POINT('',(4.714080944673,70.529119071519));
#3221 = CARTESIAN_POINT('',(4.71408903619,70.528780096662));
#3222 = CARTESIAN_POINT('',(4.714097127708,70.528441121811));
#3223 = CARTESIAN_POINT('',(4.714105219226,70.528102146964));
#3224 = CARTESIAN_POINT('',(4.714113310744,70.527763172122));
#3225 = CARTESIAN_POINT('',(4.71412949378,70.527085222477));
#3226 = CARTESIAN_POINT('',(4.714137585298,70.526746247675));
#3227 = CARTESIAN_POINT('',(4.714145676816,70.526407272877));
#3228 = CARTESIAN_POINT('',(4.714153768333,70.526068298084));
#3229 = CARTESIAN_POINT('',(4.714161859851,70.525729323295));
#3230 = CARTESIAN_POINT('',(4.71416995137,70.525390348511));
#3231 = CARTESIAN_POINT('',(4.714186134405,70.524712398982));
#3232 = CARTESIAN_POINT('',(4.714194225923,70.524373424237));
#3233 = CARTESIAN_POINT('',(4.714202317441,70.524034449498));
#3234 = CARTESIAN_POINT('',(4.714210408958,70.523695474762));
#3235 = CARTESIAN_POINT('',(4.714218500476,70.523356500032));
#3236 = CARTESIAN_POINT('',(4.714226591995,70.523017525306));
#3237 = CARTESIAN_POINT('',(4.714242496012,70.522351264678));
#3238 = CARTESIAN_POINT('',(4.714250308512,70.522023978776));
#3239 = CARTESIAN_POINT('',(4.714258121012,70.521696692879));
#3240 = CARTESIAN_POINT('',(4.714265933512,70.521369406986));
#3241 = CARTESIAN_POINT('',(4.714273746012,70.521042121097));
#3242 = CARTESIAN_POINT('',(4.714281558513,70.520714835212));
#3243 = CARTESIAN_POINT('',(4.71429746253,70.520048574704));
#3244 = CARTESIAN_POINT('',(4.714305554048,70.51970960008));
#3245 = CARTESIAN_POINT('',(4.714313645566,70.519370625461));
#3246 = CARTESIAN_POINT('',(4.714321737084,70.519031650847));
#3247 = CARTESIAN_POINT('',(4.714329828602,70.518692676238));
#3248 = CARTESIAN_POINT('',(4.71433792012,70.518353701634));
#3249 = CARTESIAN_POINT('',(4.714352150031,70.517757573914));
#3250 = CARTESIAN_POINT('',(4.714358288423,70.517500420796));
#3251 = CARTESIAN_POINT('',(4.714364426816,70.517243267681));
#3252 = CARTESIAN_POINT('',(4.714370565209,70.516986114568));
#3253 = CARTESIAN_POINT('',(4.714376703602,70.516728961459));
#3254 = CARTESIAN_POINT('',(4.714382841995,70.516471808352));
#3255 = CARTESIAN_POINT('',(4.755066652305,68.812122166616));
#3256 = CARTESIAN_POINT('',(4.795732209346,67.10881535176));
#3257 = CARTESIAN_POINT('',(4.836498918721,65.409429519426));
#3258 = CARTESIAN_POINT('',(4.877477114807,63.717227211293));
#3259 = CARTESIAN_POINT('',(4.91877462045,62.036071179155));
#3260 = CARTESIAN_POINT('',(4.960497896151,60.370934931691));
#3261 = CARTESIAN_POINT('',(5.049398132266,56.915398438179));
#3262 = CARTESIAN_POINT('',(5.096569682826,55.134682465395));
#3263 = CARTESIAN_POINT('',(5.144586481349,53.387977742573));
#3264 = CARTESIAN_POINT('',(5.193731814502,51.681694190067));
#3265 = CARTESIAN_POINT('',(5.244259688581,50.02870780349));
#3266 = CARTESIAN_POINT('',(5.29639296543,48.450207062374));
#3267 = CARTESIAN_POINT('',(5.372783812008,46.366414076516));
#3268 = CARTESIAN_POINT('',(5.395574089519,45.771861617801));
#3269 = CARTESIAN_POINT('',(5.418735032786,45.197159794338));
#3270 = CARTESIAN_POINT('',(5.442301336294,44.644726449996));
#3271 = CARTESIAN_POINT('',(5.466303479324,44.117675356055));
#3272 = CARTESIAN_POINT('',(5.490767535906,43.619894916452));
#3273 = CARTESIAN_POINT('',(5.549676941117,42.524822193725));
#3274 = CARTESIAN_POINT('',(5.584643318223,41.954548158396));
#3275 = CARTESIAN_POINT('',(5.620627446668,41.459010268343));
#3276 = CARTESIAN_POINT('',(5.657625589184,41.054575562246));
#3277 = CARTESIAN_POINT('',(5.695614383318,40.76063330816));
#3278 = CARTESIAN_POINT('',(5.734546295656,40.6));
#3279 = CARTESIAN_POINT('',(5.774328185869,40.6));
#3280 = ( GEOMETRIC_REPRESENTATION_CONTEXT(2) 
PARAMETRIC_REPRESENTATION_CONTEXT() REPRESENTATION_CONTEXT('2D SPACE',''
  ) );
#3281 = ORIENTED_EDGE('',*,*,#3282,.T.);
#3282 = EDGE_CURVE('',#2543,#2370,#3283,.T.);
#3283 = SURFACE_CURVE('',#3284,(#3289,#3302),.PCURVE_S1.);
#3284 = ELLIPSE('',#3285,30.176503455903,30.);
#3285 = AXIS2_PLACEMENT_3D('',#3286,#3287,#3288);
#3286 = CARTESIAN_POINT('',(19.785073177281,-28.5,-29.4));
#3287 = DIRECTION('',(0.994150963972,0.,-0.107999355706));
#3288 = DIRECTION('',(-0.107999355706,0.,-0.994150963972));
#3289 = PCURVE('',#131,#3290);
#3290 = DEFINITIONAL_REPRESENTATION('',(#3291),#3301);
#3291 = B_SPLINE_CURVE_WITH_KNOTS('',8,(#3292,#3293,#3294,#3295,#3296,
    #3297,#3298,#3299,#3300),.UNSPECIFIED.,.F.,.F.,(9,9),(4.712388980385
    ,6.28318530718),.PIECEWISE_BEZIER_KNOTS.);
#3292 = CARTESIAN_POINT('',(8.881784197001E-16,-119.7850731772));
#3293 = CARTESIAN_POINT('',(-0.196349540849,-119.1451615942));
#3294 = CARTESIAN_POINT('',(-0.392699081698,-118.5052498591));
#3295 = CARTESIAN_POINT('',(-0.589048622548,-117.9029326659));
#3296 = CARTESIAN_POINT('',(-0.785398163394,-117.3757971723));
#3297 = CARTESIAN_POINT('',(-0.981747704247,-116.9568169082));
#3298 = CARTESIAN_POINT('',(-1.178097245095,-116.6696262069));
#3299 = CARTESIAN_POINT('',(-1.374446785946,-116.5260302465));
#3300 = CARTESIAN_POINT('',(-1.570796326795,-116.5260302465));
#3301 = ( GEOMETRIC_REPRESENTATION_CONTEXT(2) 
PARAMETRIC_REPRESENTATION_CONTEXT() REPRESENTATION_CONTEXT('2D SPACE',''
  ) );
#3302 = PCURVE('',#3303,#3308);
#3303 = PLANE('',#3304);
#3304 = AXIS2_PLACEMENT_3D('',#3305,#3306,#3307);
#3305 = CARTESIAN_POINT('',(-4.649578689403,-200.,-254.3247928266));
#3306 = DIRECTION('',(0.994150963972,0.,-0.107999355706));
#3307 = DIRECTION('',(0.107999355706,0.,0.994150963972));
#3308 = DEFINITIONAL_REPRESENTATION('',(#3309),#3313);
#3309 = ELLIPSE('',#3310,30.176503455903,30.);
#3310 = AXIS2_PLACEMENT_2D('',#3311,#3312);
#3311 = CARTESIAN_POINT('',(226.24812626841,-171.5));
#3312 = DIRECTION('',(-1.,-0.));
#3313 = ( GEOMETRIC_REPRESENTATION_CONTEXT(2) 
PARAMETRIC_REPRESENTATION_CONTEXT() REPRESENTATION_CONTEXT('2D SPACE',''
  ) );
#3314 = ADVANCED_FACE('',(#3315),#612,.T.);
#3315 = FACE_BOUND('',#3316,.T.);
#3316 = EDGE_LOOP('',(#3317,#3318,#3319,#3338,#3339,#3340,#3341,#3362,
    #4100,#4101,#4102,#4103));
#3317 = ORIENTED_EDGE('',*,*,#1220,.F.);
#3318 = ORIENTED_EDGE('',*,*,#1274,.T.);
#3319 = ORIENTED_EDGE('',*,*,#3320,.F.);
#3320 = EDGE_CURVE('',#1751,#1275,#3321,.T.);
#3321 = SURFACE_CURVE('',#3322,(#3326,#3332),.PCURVE_S1.);
#3322 = LINE('',#3323,#3324);
#3323 = CARTESIAN_POINT('',(-11.1,57.437270130117,-100.));
#3324 = VECTOR('',#3325,1.);
#3325 = DIRECTION('',(0.,0.,1.));
#3326 = PCURVE('',#612,#3327);
#3327 = DEFINITIONAL_REPRESENTATION('',(#3328),#3331);
#3328 = B_SPLINE_CURVE_WITH_KNOTS('',1,(#3329,#3330),.UNSPECIFIED.,.F.,
  .F.,(2,2),(57.605745996343,164.2000006),.PIECEWISE_BEZIER_KNOTS.);
#3329 = CARTESIAN_POINT('',(1.76169731226,57.605745996343));
#3330 = CARTESIAN_POINT('',(1.76169731226,164.2000006));
#3331 = ( GEOMETRIC_REPRESENTATION_CONTEXT(2) 
PARAMETRIC_REPRESENTATION_CONTEXT() REPRESENTATION_CONTEXT('2D SPACE',''
  ) );
#3332 = PCURVE('',#1313,#3333);
#3333 = DEFINITIONAL_REPRESENTATION('',(#3334),#3337);
#3334 = B_SPLINE_CURVE_WITH_KNOTS('',1,(#3335,#3336),.UNSPECIFIED.,.F.,
  .F.,(2,2),(57.605745996343,164.2000006),.PIECEWISE_BEZIER_KNOTS.);
#3335 = CARTESIAN_POINT('',(57.605745996343,-2.037270130117));
#3336 = CARTESIAN_POINT('',(164.2000006,-2.037270130117));
#3337 = ( GEOMETRIC_REPRESENTATION_CONTEXT(2) 
PARAMETRIC_REPRESENTATION_CONTEXT() REPRESENTATION_CONTEXT('2D SPACE',''
  ) );
#3338 = ORIENTED_EDGE('',*,*,#1771,.T.);
#3339 = ORIENTED_EDGE('',*,*,#1821,.F.);
#3340 = ORIENTED_EDGE('',*,*,#2290,.F.);
#3341 = ORIENTED_EDGE('',*,*,#3342,.F.);
#3342 = EDGE_CURVE('',#3343,#2265,#3345,.T.);
#3343 = VERTEX_POINT('',#3344);
#3344 = CARTESIAN_POINT('',(-11.1,57.437270116362,-37.31418957692));
#3345 = SURFACE_CURVE('',#3346,(#3350,#3356),.PCURVE_S1.);
#3346 = LINE('',#3347,#3348);
#3347 = CARTESIAN_POINT('',(-11.1,57.437270130117,-100.));
#3348 = VECTOR('',#3349,1.);
#3349 = DIRECTION('',(0.,0.,1.));
#3350 = PCURVE('',#612,#3351);
#3351 = DEFINITIONAL_REPRESENTATION('',(#3352),#3355);
#3352 = B_SPLINE_CURVE_WITH_KNOTS('',1,(#3353,#3354),.UNSPECIFIED.,.F.,
  .F.,(2,2),(57.605745996343,164.2000006),.PIECEWISE_BEZIER_KNOTS.);
#3353 = CARTESIAN_POINT('',(1.76169731226,57.605745996343));
#3354 = CARTESIAN_POINT('',(1.76169731226,164.2000006));
#3355 = ( GEOMETRIC_REPRESENTATION_CONTEXT(2) 
PARAMETRIC_REPRESENTATION_CONTEXT() REPRESENTATION_CONTEXT('2D SPACE',''
  ) );
#3356 = PCURVE('',#2279,#3357);
#3357 = DEFINITIONAL_REPRESENTATION('',(#3358),#3361);
#3358 = B_SPLINE_CURVE_WITH_KNOTS('',1,(#3359,#3360),.UNSPECIFIED.,.F.,
  .F.,(2,2),(57.605745996343,164.2000006),.PIECEWISE_BEZIER_KNOTS.);
#3359 = CARTESIAN_POINT('',(57.605745996343,-2.037270130117));
#3360 = CARTESIAN_POINT('',(164.2000006,-2.037270130117));
#3361 = ( GEOMETRIC_REPRESENTATION_CONTEXT(2) 
PARAMETRIC_REPRESENTATION_CONTEXT() REPRESENTATION_CONTEXT('2D SPACE',''
  ) );
#3362 = ORIENTED_EDGE('',*,*,#3363,.T.);
#3363 = EDGE_CURVE('',#3343,#596,#3364,.T.);
#3364 = SURFACE_CURVE('',#3365,(#3608,#3854),.PCURVE_S1.);
#3365 = B_SPLINE_CURVE_WITH_KNOTS('',7,(#3366,#3367,#3368,#3369,#3370,
    #3371,#3372,#3373,#3374,#3375,#3376,#3377,#3378,#3379,#3380,#3381,
    #3382,#3383,#3384,#3385,#3386,#3387,#3388,#3389,#3390,#3391,#3392,
    #3393,#3394,#3395,#3396,#3397,#3398,#3399,#3400,#3401,#3402,#3403,
    #3404,#3405,#3406,#3407,#3408,#3409,#3410,#3411,#3412,#3413,#3414,
    #3415,#3416,#3417,#3418,#3419,#3420,#3421,#3422,#3423,#3424,#3425,
    #3426,#3427,#3428,#3429,#3430,#3431,#3432,#3433,#3434,#3435,#3436,
    #3437,#3438,#3439,#3440,#3441,#3442,#3443,#3444,#3445,#3446,#3447,
    #3448,#3449,#3450,#3451,#3452,#3453,#3454,#3455,#3456,#3457,#3458,
    #3459,#3460,#3461,#3462,#3463,#3464,#3465,#3466,#3467,#3468,#3469,
    #3470,#3471,#3472,#3473,#3474,#3475,#3476,#3477,#3478,#3479,#3480,
    #3481,#3482,#3483,#3484,#3485,#3486,#3487,#3488,#3489,#3490,#3491,
    #3492,#3493,#3494,#3495,#3496,#3497,#3498,#3499,#3500,#3501,#3502,
    #3503,#3504,#3505,#3506,#3507,#3508,#3509,#3510,#3511,#3512,#3513,
    #3514,#3515,#3516,#3517,#3518,#3519,#3520,#3521,#3522,#3523,#3524,
    #3525,#3526,#3527,#3528,#3529,#3530,#3531,#3532,#3533,#3534,#3535,
    #3536,#3537,#3538,#3539,#3540,#3541,#3542,#3543,#3544,#3545,#3546,
    #3547,#3548,#3549,#3550,#3551,#3552,#3553,#3554,#3555,#3556,#3557,
    #3558,#3559,#3560,#3561,#3562,#3563,#3564,#3565,#3566,#3567,#3568,
    #3569,#3570,#3571,#3572,#3573,#3574,#3575,#3576,#3577,#3578,#3579,
    #3580,#3581,#3582,#3583,#3584,#3585,#3586,#3587,#3588,#3589,#3590,
    #3591,#3592,#3593,#3594,#3595,#3596,#3597,#3598,#3599,#3600,#3601,
    #3602,#3603,#3604,#3605,#3606,#3607),.UNSPECIFIED.,.F.,.F.,(8,6,6,6,
    6,6,6,6,6,6,6,6,6,6,6,6,6,6,6,6,6,6,6,6,6,6,6,6,6,6,6,6,6,6,6,6,6,6,
    6,6,8),(0.,5.794209864954E-05,1.180301991193E-04,1.759722969274E-04,
    2.382064009516E-04,2.98294500942E-04,3.605286033832E-04,
    4.184706980561E-04,4.764127915303E-04,5.365008873536E-04,
    5.987349850194E-04,6.609690808148E-04,7.210571715057E-04,
    7.832912633722E-04,8.455253530019E-04,9.077594401469E-04,
    9.678475217434E-04,1.030081603487E-03,1.092315682262E-03,
    1.154549757829E-03,1.216783830027E-03,1.279017898625E-03,
    1.341251963552E-03,1.401340022508E-03,1.463574079555E-03,
    1.521516128829E-03,1.581604175834E-03,1.643838220039E-03,
    1.703926258152E-03,1.761868290533E-03,1.824102320328E-03,
    1.884190344049E-03,1.946424363206E-03,2.008658376679E-03,
    2.066600383958E-03,2.126688385994E-03,2.188922381985E-03,
    0.315060183821,0.660412960437,0.804223761074,1.),.UNSPECIFIED.);
#3366 = CARTESIAN_POINT('',(1.42108547152E-14,58.5,-29.4));
#3367 = CARTESIAN_POINT('',(-4.407084244775E-04,58.5,-29.40031559846));
#3368 = CARTESIAN_POINT('',(-8.814172137984E-04,58.499999996127,
    -29.40063119642));
#3369 = CARTESIAN_POINT('',(-1.322126096673E-03,58.49999998838,
    -29.40094679424));
#3370 = CARTESIAN_POINT('',(-1.762834910487E-03,58.499999976759,
    -29.40126239216));
#3371 = CARTESIAN_POINT('',(-2.203543601289E-03,58.499999961266,
    -29.40157799025));
#3372 = CARTESIAN_POINT('',(-2.644252223787E-03,58.499999941899,
    -29.40189358844));
#3373 = CARTESIAN_POINT('',(-3.541992190057E-03,58.499999894557,
    -29.40253647336));
#3374 = CARTESIAN_POINT('',(-3.999023440451E-03,58.49999986629,
    -29.40286376022));
#3375 = CARTESIAN_POINT('',(-4.456054692286E-03,58.499999833858,
    -29.40319104707));
#3376 = CARTESIAN_POINT('',(-4.913085944662E-03,58.499999797259,
    -29.40351833393));
#3377 = CARTESIAN_POINT('',(-5.370117196019E-03,58.499999756495,
    -29.40384562079));
#3378 = CARTESIAN_POINT('',(-5.827148444143E-03,58.499999711566,
    -29.40417290765));
#3379 = CARTESIAN_POINT('',(-6.724888390867E-03,58.499999615129,
    -29.40481579258));
#3380 = CARTESIAN_POINT('',(-7.165597091326E-03,58.499999563914,
    -29.40513139064));
#3381 = CARTESIAN_POINT('',(-7.606305790412E-03,58.499999508825,
    -29.40544698871));
#3382 = CARTESIAN_POINT('',(-8.047014490155E-03,58.499999449863,
    -29.40576258677));
#3383 = CARTESIAN_POINT('',(-8.487723191741E-03,58.499999387028,
    -29.40607818483));
#3384 = CARTESIAN_POINT('',(-8.928431895508E-03,58.499999320319,
    -29.40639378289));
#3385 = CARTESIAN_POINT('',(-9.842494387862E-03,58.499999173926,
    -29.40704835663));
#3386 = CARTESIAN_POINT('',(-1.031584817856E-02,58.499999093647,
    -29.40738733231));
#3387 = CARTESIAN_POINT('',(-1.078920196877E-02,58.4999990089,
    -29.40772630798));
#3388 = CARTESIAN_POINT('',(-1.126255575623E-02,58.499998919683,
    -29.40806528366));
#3389 = CARTESIAN_POINT('',(-1.173590954071E-02,58.499998825999,
    -29.40840425935));
#3390 = CARTESIAN_POINT('',(-1.220926332398E-02,58.499998727846,
    -29.40874323503));
#3391 = CARTESIAN_POINT('',(-1.313964834798E-02,58.499998526141,
    -29.40940949757));
#3392 = CARTESIAN_POINT('',(-1.359667958779E-02,58.499998422893,
    -29.40973678443));
#3393 = CARTESIAN_POINT('',(-1.405371082654E-02,58.499998315478,
    -29.41006407129));
#3394 = CARTESIAN_POINT('',(-1.4510742063E-02,58.499998203898,
    -29.41039135815));
#3395 = CARTESIAN_POINT('',(-1.49677732975E-02,58.499998088153,
    -29.41071864502));
#3396 = CARTESIAN_POINT('',(-1.542480453188E-02,58.499997968242,
    -29.41104593188));
#3397 = CARTESIAN_POINT('',(-1.63551895429E-02,58.499997715657,
    -29.41171219441));
#3398 = CARTESIAN_POINT('',(-1.682854331807E-02,58.49999758268,
    -29.41205117007));
#3399 = CARTESIAN_POINT('',(-1.730189709371E-02,58.499997445235,
    -29.41239014573));
#3400 = CARTESIAN_POINT('',(-1.777525086886E-02,58.499997303321,
    -29.4127291214));
#3401 = CARTESIAN_POINT('',(-1.824860464301E-02,58.499997156939,
    -29.41306809706));
#3402 = CARTESIAN_POINT('',(-1.872195841606E-02,58.499997006088,
    -29.41340707273));
#3403 = CARTESIAN_POINT('',(-1.963602086753E-02,58.499996706162,
    -29.41406164642));
#3404 = CARTESIAN_POINT('',(-2.007672954419E-02,58.499996557681,
    -29.41437724445));
#3405 = CARTESIAN_POINT('',(-2.051743822086E-02,58.499996405326,
    -29.41469284248));
#3406 = CARTESIAN_POINT('',(-2.09581468989E-02,58.499996249098,
    -29.4150084405));
#3407 = CARTESIAN_POINT('',(-2.139885557847E-02,58.499996088997,
    -29.41532403853));
#3408 = CARTESIAN_POINT('',(-2.183956425855E-02,58.499995925023,
    -29.41563963655));
#3409 = CARTESIAN_POINT('',(-2.272098160621E-02,58.499995589326,
    -29.41627083259));
#3410 = CARTESIAN_POINT('',(-2.316169027385E-02,58.499995417605,
    -29.41658643061));
#3411 = CARTESIAN_POINT('',(-2.36023989422E-02,58.49999524201,
    -29.41690202862));
#3412 = CARTESIAN_POINT('',(-2.404310761229E-02,58.499995062542,
    -29.41721762664));
#3413 = CARTESIAN_POINT('',(-2.448381628383E-02,58.4999948792,
    -29.41753322465));
#3414 = CARTESIAN_POINT('',(-2.492452495523E-02,58.499994691985,
    -29.41784882266));
#3415 = CARTESIAN_POINT('',(-2.582226482669E-02,58.499994302731,
    -29.41849170749));
#3416 = CARTESIAN_POINT('',(-2.627929602732E-02,58.499994100399,
    -29.41881899431));
#3417 = CARTESIAN_POINT('',(-2.673632722786E-02,58.499993893902,
    -29.41914628113));
#3418 = CARTESIAN_POINT('',(-2.719335842961E-02,58.499993683239,
    -29.41947356795));
#3419 = CARTESIAN_POINT('',(-2.765038963279E-02,58.499993468411,
    -29.41980085477));
#3420 = CARTESIAN_POINT('',(-2.810742083651E-02,58.499993249416,
    -29.42012814158));
#3421 = CARTESIAN_POINT('',(-2.903780577194E-02,58.499992795127,
    -29.42079440401));
#3422 = CARTESIAN_POINT('',(-2.951115950549E-02,58.499992559529,
    -29.42113337963));
#3423 = CARTESIAN_POINT('',(-2.99845132384E-02,58.499992319462,
    -29.42147235525));
#3424 = CARTESIAN_POINT('',(-3.045786697027E-02,58.499992074927,
    -29.42181133087));
#3425 = CARTESIAN_POINT('',(-3.093122070127E-02,58.499991825923,
    -29.42215030648));
#3426 = CARTESIAN_POINT('',(-3.140457443218E-02,58.49999157245,
    -29.4224892821));
#3427 = CARTESIAN_POINT('',(-3.23512818823E-02,58.499991056569,
    -29.42316723331));
#3428 = CARTESIAN_POINT('',(-3.282463560172E-02,58.499990794159,
    -29.42350620891));
#3429 = CARTESIAN_POINT('',(-3.329798932085E-02,58.499990527282,
    -29.42384518451));
#3430 = CARTESIAN_POINT('',(-3.377134303874E-02,58.499990255935,
    -29.42418416011));
#3431 = CARTESIAN_POINT('',(-3.424469675525E-02,58.49998998012,
    -29.4245231357));
#3432 = CARTESIAN_POINT('',(-3.471805047105E-02,58.499989699837,
    -29.4248621113));
#3433 = CARTESIAN_POINT('',(-3.564843534861E-02,58.499989140152,
    -29.42552837366));
#3434 = CARTESIAN_POINT('',(-3.6105466509E-02,58.499988861054,
    -29.42585566043));
#3435 = CARTESIAN_POINT('',(-3.65624976693E-02,58.49998857779,
    -29.4261829472));
#3436 = CARTESIAN_POINT('',(-3.701952882971E-02,58.49998829036,
    -29.42651023397));
#3437 = CARTESIAN_POINT('',(-3.747655999021E-02,58.499987998764,
    -29.42683752073));
#3438 = CARTESIAN_POINT('',(-3.79335911505E-02,58.499987703003,
    -29.42716480749));
#3439 = CARTESIAN_POINT('',(-3.886397599531E-02,58.499987092438,
    -29.42783106981));
#3440 = CARTESIAN_POINT('',(-3.933732967939E-02,58.499986777331,
    -29.42817004538));
#3441 = CARTESIAN_POINT('',(-3.981068336343E-02,58.499986457756,
    -29.42850902094));
#3442 = CARTESIAN_POINT('',(-4.028403704797E-02,58.499986133712,
    -29.42884799649));
#3443 = CARTESIAN_POINT('',(-4.0757390733E-02,58.499985805199,
    -29.42918697205));
#3444 = CARTESIAN_POINT('',(-4.123074441787E-02,58.499985472219,
    -29.4295259476));
#3445 = CARTESIAN_POINT('',(-4.217745176784E-02,58.49998479732,
    -29.43020389869));
#3446 = CARTESIAN_POINT('',(-4.265080543343E-02,58.499984455402,
    -29.43054287423));
#3447 = CARTESIAN_POINT('',(-4.312415909867E-02,58.499984109015,
    -29.43088184977));
#3448 = CARTESIAN_POINT('',(-4.359751276386E-02,58.49998375816,
    -29.4312208253));
#3449 = CARTESIAN_POINT('',(-4.40708664291E-02,58.499983402837,
    -29.43155980084));
#3450 = CARTESIAN_POINT('',(-4.454422009422E-02,58.499983043045,
    -29.43189877637));
#3451 = CARTESIAN_POINT('',(-4.54909274046E-02,58.499982314524,
    -29.43257672741));
#3452 = CARTESIAN_POINT('',(-4.596428105062E-02,58.499981945795,
    -29.43291570292));
#3453 = CARTESIAN_POINT('',(-4.643763469615E-02,58.499981572597,
    -29.43325467843));
#3454 = CARTESIAN_POINT('',(-4.691098834081E-02,58.499981194931,
    -29.43359365394));
#3455 = CARTESIAN_POINT('',(-4.738434198463E-02,58.499980812797,
    -29.43393262945));
#3456 = CARTESIAN_POINT('',(-4.785769562807E-02,58.499980426194,
    -29.43427160495));
#3457 = CARTESIAN_POINT('',(-4.878808035705E-02,58.499979657536,
    -29.43493786713));
#3458 = CARTESIAN_POINT('',(-4.92451114427E-02,58.499979275784,
    -29.43526515381));
#3459 = CARTESIAN_POINT('',(-4.970214252795E-02,58.499978889866,
    -29.43559244048));
#3460 = CARTESIAN_POINT('',(-5.01591736123E-02,58.499978499783,
    -29.43591972716));
#3461 = CARTESIAN_POINT('',(-5.06162046957E-02,58.499978105534,
    -29.43624701383));
#3462 = CARTESIAN_POINT('',(-5.107323577856E-02,58.499977707119,
    -29.4365743005));
#3463 = CARTESIAN_POINT('',(-5.200362046255E-02,58.499976887581,
    -29.43724056262));
#3464 = CARTESIAN_POINT('',(-5.247697406283E-02,58.499976466155,
    -29.43757953808));
#3465 = CARTESIAN_POINT('',(-5.29503276628E-02,58.499976040259,
    -29.43791851354));
#3466 = CARTESIAN_POINT('',(-5.342368126257E-02,58.499975609896,
    -29.43825748899));
#3467 = CARTESIAN_POINT('',(-5.389703486213E-02,58.499975175064,
    -29.43859646444));
#3468 = CARTESIAN_POINT('',(-5.437038846135E-02,58.499974735763,
    -29.43893543989));
#3469 = CARTESIAN_POINT('',(-5.531709563602E-02,58.499973848225,
    -29.43961339077));
#3470 = CARTESIAN_POINT('',(-5.579044921236E-02,58.499973399987,
    -29.43995236619));
#3471 = CARTESIAN_POINT('',(-5.626380278798E-02,58.499972947281,
    -29.44029134162));
#3472 = CARTESIAN_POINT('',(-5.67371563624E-02,58.499972490106,
    -29.44063031704));
#3473 = CARTESIAN_POINT('',(-5.721050993573E-02,58.499972028463,
    -29.44096929246));
#3474 = CARTESIAN_POINT('',(-5.768386350862E-02,58.499971562352,
    -29.44130826788));
#3475 = CARTESIAN_POINT('',(-5.863057063155E-02,58.499970621191,
    -29.4419862187));
#3476 = CARTESIAN_POINT('',(-5.910392418196E-02,58.499970146143,
    -29.44232519409));
#3477 = CARTESIAN_POINT('',(-5.957727773162E-02,58.499969666626,
    -29.44266416948));
#3478 = CARTESIAN_POINT('',(-6.005063127956E-02,58.49996918264,
    -29.44300314487));
#3479 = CARTESIAN_POINT('',(-6.05239848258E-02,58.499968694186,
    -29.44334212026));
#3480 = CARTESIAN_POINT('',(-6.09973383713E-02,58.499968201263,
    -29.44368109565));
#3481 = CARTESIAN_POINT('',(-6.194404543907E-02,58.499967206481,
    -29.44435904639));
#3482 = CARTESIAN_POINT('',(-6.241739896146E-02,58.499966704621,
    -29.44469802175));
#3483 = CARTESIAN_POINT('',(-6.289075248307E-02,58.499966198293,
    -29.44503699711));
#3484 = CARTESIAN_POINT('',(-6.336410600285E-02,58.499965687496,
    -29.44537597246));
#3485 = CARTESIAN_POINT('',(-6.383745952082E-02,58.499965172231,
    -29.44571494782));
#3486 = CARTESIAN_POINT('',(-6.431081303801E-02,58.499964652497,
    -29.44605392317));
#3487 = CARTESIAN_POINT('',(-6.525752004768E-02,58.499963604092,
    -29.44673187385));
#3488 = CARTESIAN_POINT('',(-6.573087353932E-02,58.499963075422,
    -29.44707084917));
#3489 = CARTESIAN_POINT('',(-6.620422703057E-02,58.499962542282,
    -29.44740982449));
#3490 = CARTESIAN_POINT('',(-6.667758052093E-02,58.499962004675,
    -29.44774879981));
#3491 = CARTESIAN_POINT('',(-6.715093401028E-02,58.499961462598,
    -29.44808777512));
#3492 = CARTESIAN_POINT('',(-6.762428749883E-02,58.499960916054,
    -29.44842675044));
#3493 = CARTESIAN_POINT('',(-6.857099444766E-02,58.499959814027,
    -29.44910470104));
#3494 = CARTESIAN_POINT('',(-6.904434790759E-02,58.499959258545,
    -29.44944367632));
#3495 = CARTESIAN_POINT('',(-6.951770136696E-02,58.499958698595,
    -29.44978265161));
#3496 = CARTESIAN_POINT('',(-6.999105482578E-02,58.499958134176,
    -29.45012162689));
#3497 = CARTESIAN_POINT('',(-7.046440828407E-02,58.499957565289,
    -29.45046060217));
#3498 = CARTESIAN_POINT('',(-7.093776174191E-02,58.499956991933,
    -29.45079957744));
#3499 = CARTESIAN_POINT('',(-7.18681460955E-02,58.499955856209,
    -29.45146583916));
#3500 = CARTESIAN_POINT('',(-7.23251769911E-02,58.499955294144,
    -29.45179312561));
#3501 = CARTESIAN_POINT('',(-7.278220788629E-02,58.499954727914,
    -29.45212041205));
#3502 = CARTESIAN_POINT('',(-7.323923878113E-02,58.499954157518,
    -29.45244769849));
#3503 = CARTESIAN_POINT('',(-7.369626967559E-02,58.499953582956,
    -29.45277498493));
#3504 = CARTESIAN_POINT('',(-7.415330056956E-02,58.499953004228,
    -29.45310227136));
#3505 = CARTESIAN_POINT('',(-7.508368485756E-02,58.499951817624,
    -29.453768533));
#3506 = CARTESIAN_POINT('',(-7.55570382511E-02,58.499951209445,
    -29.45410750821));
#3507 = CARTESIAN_POINT('',(-7.603039164425E-02,58.499950596797,
    -29.45444648342));
#3508 = CARTESIAN_POINT('',(-7.650374503737E-02,58.499949979681,
    -29.45478545862));
#3509 = CARTESIAN_POINT('',(-7.697709843046E-02,58.499949358096,
    -29.45512443381));
#3510 = CARTESIAN_POINT('',(-7.745045182316E-02,58.499948732042,
    -29.45546340901));
#3511 = CARTESIAN_POINT('',(-7.836451351555E-02,58.499947514483,
    -29.45611798177));
#3512 = CARTESIAN_POINT('',(-7.880522181563E-02,58.499946923572,
    -29.45643357933));
#3513 = CARTESIAN_POINT('',(-7.924593011529E-02,58.499946328787,
    -29.4567491769));
#3514 = CARTESIAN_POINT('',(-7.968663841474E-02,58.49994573013,
    -29.45706477446));
#3515 = CARTESIAN_POINT('',(-8.012734671397E-02,58.499945127598,
    -29.45738037202));
#3516 = CARTESIAN_POINT('',(-8.05680550128E-02,58.499944521194,
    -29.45769596957));
#3517 = CARTESIAN_POINT('',(-8.146579410735E-02,58.499943278035,
    -29.45833885345));
#3518 = CARTESIAN_POINT('',(-8.192282490279E-02,58.499942640988,
    -29.45866613977));
#3519 = CARTESIAN_POINT('',(-8.237985569793E-02,58.499941999776,
    -29.4589934261));
#3520 = CARTESIAN_POINT('',(-8.283688649314E-02,58.499941354398,
    -29.45932071241));
#3521 = CARTESIAN_POINT('',(-8.329391728832E-02,58.499940704854,
    -29.45964799873));
#3522 = CARTESIAN_POINT('',(-8.3750948083E-02,58.499940051145,
    -29.45997528504));
#3523 = CARTESIAN_POINT('',(-8.468133216374E-02,58.4999387119,
    -29.46064154642));
#3524 = CARTESIAN_POINT('',(-8.515468544936E-02,58.499938026061,
    -29.4609805215));
#3525 = CARTESIAN_POINT('',(-8.562803873451E-02,58.499937335754,
    -29.46131949657));
#3526 = CARTESIAN_POINT('',(-8.610139201991E-02,58.499936640978,
    -29.46165847164));
#3527 = CARTESIAN_POINT('',(-8.657474530562E-02,58.499935941733,
    -29.46199744671));
#3528 = CARTESIAN_POINT('',(-8.7048098591E-02,58.499935238021,
    -29.46233642177));
#3529 = CARTESIAN_POINT('',(-8.797848259675E-02,58.499933846078,
    -29.46300268306));
#3530 = CARTESIAN_POINT('',(-8.843551331795E-02,58.499933158151,
    -29.46332996929));
#3531 = CARTESIAN_POINT('',(-8.889254403869E-02,58.499932466058,
    -29.46365725552));
#3532 = CARTESIAN_POINT('',(-8.934957475911E-02,58.4999317698,
    -29.46398454175));
#3533 = CARTESIAN_POINT('',(-8.980660547918E-02,58.499931069376,
    -29.46431182797));
#3534 = CARTESIAN_POINT('',(-9.026363619872E-02,58.499930364786,
    -29.46463911419));
#3535 = CARTESIAN_POINT('',(-9.116137507707E-02,58.499928972589,
    -29.4652819978));
#3536 = CARTESIAN_POINT('',(-9.160208323581E-02,58.499928285273,
    -29.4655975952));
#3537 = CARTESIAN_POINT('',(-9.204279139399E-02,58.499927594083,
    -29.46591319259));
#3538 = CARTESIAN_POINT('',(-9.248349955186E-02,58.499926899021,
    -29.46622878998));
#3539 = CARTESIAN_POINT('',(-9.292420770945E-02,58.499926200084,
    -29.46654438736));
#3540 = CARTESIAN_POINT('',(-9.336491586662E-02,58.499925497275,
    -29.46685998474));
#3541 = CARTESIAN_POINT('',(-9.427897719009E-02,58.499924031562,
    -29.46751455705));
#3542 = CARTESIAN_POINT('',(-9.475233035634E-02,58.499923268064,
    -29.46785353198));
#3543 = CARTESIAN_POINT('',(-9.5225683522E-02,58.499922500097,
    -29.4681925069));
#3544 = CARTESIAN_POINT('',(-9.569903668718E-02,58.499921727661,
    -29.46853148183));
#3545 = CARTESIAN_POINT('',(-9.617238985187E-02,58.499920950757,
    -29.46887045674));
#3546 = CARTESIAN_POINT('',(-9.664574301592E-02,58.499920169385,
    -29.46920943165));
#3547 = CARTESIAN_POINT('',(-9.757612678087E-02,58.499918624801,
    -29.46987569265));
#3548 = CARTESIAN_POINT('',(-9.803315738208E-02,58.499917861893,
    -29.47020297874));
#3549 = CARTESIAN_POINT('',(-9.849018798268E-02,58.499917094818,
    -29.47053026482));
#3550 = CARTESIAN_POINT('',(-9.894721858266E-02,58.499916323579,
    -29.4708575509));
#3551 = CARTESIAN_POINT('',(-9.940424918204E-02,58.499915548173,
    -29.47118483697));
#3552 = CARTESIAN_POINT('',(-9.98612797808E-02,58.499914768602,
    -29.47151212304));
#3553 = CARTESIAN_POINT('',(-0.100791663457,58.499913173138,
    -29.47217838394));
#3554 = CARTESIAN_POINT('',(-0.101265016535,58.499912356942,
    -29.47251735876));
#3555 = CARTESIAN_POINT('',(-0.101738369612,58.499911536277,
    -29.47285633357));
#3556 = CARTESIAN_POINT('',(-0.102211722688,58.499910711144,
    -29.47319530838));
#3557 = CARTESIAN_POINT('',(-0.102685075764,58.499909881543,
    -29.47353428319));
#3558 = CARTESIAN_POINT('',(-0.103158428838,58.499909047473,
    -29.47387325799));
#3559 = CARTESIAN_POINT('',(-0.104105134943,58.499907370396,
    -29.47455120756));
#3560 = CARTESIAN_POINT('',(-0.104578487974,58.499906527389,
    -29.47489018232));
#3561 = CARTESIAN_POINT('',(-0.105051841003,58.499905679914,
    -29.47522915708));
#3562 = CARTESIAN_POINT('',(-0.105525194032,58.49990482797,
    -29.47556813183));
#3563 = CARTESIAN_POINT('',(-0.10599854706,58.499903971558,
    -29.47590710658));
#3564 = CARTESIAN_POINT('',(-0.106471900087,58.499903110677,
    -29.47624608133));
#3565 = CARTESIAN_POINT('',(-0.107385961064,58.499901439657,
    -29.47690065321));
#3566 = CARTESIAN_POINT('',(-0.107826669013,58.499900630114,
    -29.47721625035));
#3567 = CARTESIAN_POINT('',(-0.108267376962,58.499899816697,
    -29.47753184748));
#3568 = CARTESIAN_POINT('',(-0.10870808491,58.499898999406,
    -29.47784744461));
#3569 = CARTESIAN_POINT('',(-0.109148792858,58.499898178242,
    -29.47816304174));
#3570 = CARTESIAN_POINT('',(-0.109589500805,58.499897353205,
    -29.47847863886));
#3571 = CARTESIAN_POINT('',(-0.110487239172,58.499895664684,
    -29.47912152184));
#3572 = CARTESIAN_POINT('',(-0.110944269592,58.499894800907,
    -29.47944880771));
#3573 = CARTESIAN_POINT('',(-0.111401300011,58.499893932965,
    -29.47977609357));
#3574 = CARTESIAN_POINT('',(-0.11185833043,58.499893060857,
    -29.48010337943));
#3575 = CARTESIAN_POINT('',(-0.112315360848,58.499892184583,
    -29.48043066528));
#3576 = CARTESIAN_POINT('',(-0.112772391265,58.499891304144,
    -29.48075795113));
#3577 = CARTESIAN_POINT('',(-0.113702774567,58.499889503341,
    -29.48142421156));
#3578 = CARTESIAN_POINT('',(-0.114176127451,58.499888582675,
    -29.48176318614));
#3579 = CARTESIAN_POINT('',(-0.114649480335,58.49988765754,
    -29.48210216072));
#3580 = CARTESIAN_POINT('',(-0.115122833218,58.499886727936,
    -29.4824411353));
#3581 = CARTESIAN_POINT('',(-0.115596186099,58.499885793865,
    -29.48278010987));
#3582 = CARTESIAN_POINT('',(-0.116069538979,58.499884855324,
    -29.48311908443));
#3583 = CARTESIAN_POINT('',(-2.496247270811,58.495143088718,
    -31.18759735105));
#3584 = CARTESIAN_POINT('',(-4.875016552395,58.377466080615,
    -32.89095142333));
#3585 = CARTESIAN_POINT('',(-7.253048703085,58.146974800771,
    -34.59038469557));
#3586 = CARTESIAN_POINT('',(-9.630374882149,57.802358603039,
    -36.2826343822));
#3587 = CARTESIAN_POINT('',(-12.00650462723,57.340967187813,
    -37.96383745308));
#3588 = CARTESIAN_POINT('',(-14.38009753135,56.758909446908,
    -39.62902002007));
#3589 = CARTESIAN_POINT('',(-19.36312369463,55.269930081953,
    -43.08460156181));
#3590 = CARTESIAN_POINT('',(-21.96463039245,54.337595758208,
    -44.8653175346));
#3591 = CARTESIAN_POINT('',(-24.55998194102,53.245812846499,
    -46.61202225744));
#3592 = CARTESIAN_POINT('',(-27.15154089413,51.981959459057,
    -48.3183058099));
#3593 = CARTESIAN_POINT('',(-29.73628906745,50.530346241084,
    -49.9712921965));
#3594 = CARTESIAN_POINT('',(-32.30449755564,48.873548758153,
    -51.54979293762));
#3595 = CARTESIAN_POINT('',(-35.89445440567,46.212165667426,
    -53.63358592347));
#3596 = CARTESIAN_POINT('',(-36.94497356549,45.390520875389,
    -54.22813838219));
#3597 = CARTESIAN_POINT('',(-37.99045073189,44.527482109038,
    -54.80284020565));
#3598 = CARTESIAN_POINT('',(-39.03023046934,43.620815232437,
    -55.35527354999));
#3599 = CARTESIAN_POINT('',(-40.06311468662,42.668304764369,
    -55.88232464393));
#3600 = CARTESIAN_POINT('',(-41.08735397121,41.667844392768,
    -56.38010508354));
#3601 = CARTESIAN_POINT('',(-43.48010927743,39.187719820016,
    -57.47517780627));
#3602 = CARTESIAN_POINT('',(-44.8437041699,37.660955213638,
    -58.04545184159));
#3603 = CARTESIAN_POINT('',(-46.18335745832,36.033560155273,
    -58.54098973165));
#3604 = CARTESIAN_POINT('',(-47.48934123182,34.303050218623,
    -58.94542443775));
#3605 = CARTESIAN_POINT('',(-48.75048782723,32.468721926211,
    -59.23936669184));
#3606 = CARTESIAN_POINT('',(-49.95437522671,30.532383536403,-59.4));
#3607 = CARTESIAN_POINT('',(-51.08815909777,28.5,-59.4));
#3608 = PCURVE('',#612,#3609);
#3609 = DEFINITIONAL_REPRESENTATION('',(#3610),#3853);
#3610 = B_SPLINE_CURVE_WITH_KNOTS('',7,(#3611,#3612,#3613,#3614,#3615,
    #3616,#3617,#3618,#3619,#3620,#3621,#3622,#3623,#3624,#3625,#3626,
    #3627,#3628,#3629,#3630,#3631,#3632,#3633,#3634,#3635,#3636,#3637,
    #3638,#3639,#3640,#3641,#3642,#3643,#3644,#3645,#3646,#3647,#3648,
    #3649,#3650,#3651,#3652,#3653,#3654,#3655,#3656,#3657,#3658,#3659,
    #3660,#3661,#3662,#3663,#3664,#3665,#3666,#3667,#3668,#3669,#3670,
    #3671,#3672,#3673,#3674,#3675,#3676,#3677,#3678,#3679,#3680,#3681,
    #3682,#3683,#3684,#3685,#3686,#3687,#3688,#3689,#3690,#3691,#3692,
    #3693,#3694,#3695,#3696,#3697,#3698,#3699,#3700,#3701,#3702,#3703,
    #3704,#3705,#3706,#3707,#3708,#3709,#3710,#3711,#3712,#3713,#3714,
    #3715,#3716,#3717,#3718,#3719,#3720,#3721,#3722,#3723,#3724,#3725,
    #3726,#3727,#3728,#3729,#3730,#3731,#3732,#3733,#3734,#3735,#3736,
    #3737,#3738,#3739,#3740,#3741,#3742,#3743,#3744,#3745,#3746,#3747,
    #3748,#3749,#3750,#3751,#3752,#3753,#3754,#3755,#3756,#3757,#3758,
    #3759,#3760,#3761,#3762,#3763,#3764,#3765,#3766,#3767,#3768,#3769,
    #3770,#3771,#3772,#3773,#3774,#3775,#3776,#3777,#3778,#3779,#3780,
    #3781,#3782,#3783,#3784,#3785,#3786,#3787,#3788,#3789,#3790,#3791,
    #3792,#3793,#3794,#3795,#3796,#3797,#3798,#3799,#3800,#3801,#3802,
    #3803,#3804,#3805,#3806,#3807,#3808,#3809,#3810,#3811,#3812,#3813,
    #3814,#3815,#3816,#3817,#3818,#3819,#3820,#3821,#3822,#3823,#3824,
    #3825,#3826,#3827,#3828,#3829,#3830,#3831,#3832,#3833,#3834,#3835,
    #3836,#3837,#3838,#3839,#3840,#3841,#3842,#3843,#3844,#3845,#3846,
    #3847,#3848,#3849,#3850,#3851,#3852),.UNSPECIFIED.,.F.,.F.,(8,6,6,6,
    6,6,6,6,6,6,6,6,6,6,6,6,6,6,6,6,6,6,6,6,6,6,6,6,6,6,6,6,6,6,6,6,6,6,
    6,6,8),(0.,5.794209864954E-05,1.180301991193E-04,1.759722969274E-04,
    2.382064009516E-04,2.98294500942E-04,3.605286033832E-04,
    4.184706980561E-04,4.764127915303E-04,5.365008873536E-04,
    5.987349850194E-04,6.609690808148E-04,7.210571715057E-04,
    7.832912633722E-04,8.455253530019E-04,9.077594401469E-04,
    9.678475217434E-04,1.030081603487E-03,1.092315682262E-03,
    1.154549757829E-03,1.216783830027E-03,1.279017898625E-03,
    1.341251963552E-03,1.401340022508E-03,1.463574079555E-03,
    1.521516128829E-03,1.581604175834E-03,1.643838220039E-03,
    1.703926258152E-03,1.761868290533E-03,1.824102320328E-03,
    1.884190344049E-03,1.946424363206E-03,2.008658376679E-03,
    2.066600383958E-03,2.126688385994E-03,2.188922381985E-03,
    0.315060183821,0.660412960437,0.804223761074,1.),.UNSPECIFIED.);
#3611 = CARTESIAN_POINT('',(1.570796326795,70.6));
#3612 = CARTESIAN_POINT('',(1.570803860272,70.599684401536));
#3613 = CARTESIAN_POINT('',(1.570811393756,70.59936880358));
#3614 = CARTESIAN_POINT('',(1.570818927241,70.599053205756));
#3615 = CARTESIAN_POINT('',(1.570826460725,70.598737607835));
#3616 = CARTESIAN_POINT('',(1.570833994207,70.598422009742));
#3617 = CARTESIAN_POINT('',(1.570841527688,70.598106411555));
#3618 = CARTESIAN_POINT('',(1.57085687367,70.597463526637));
#3619 = CARTESIAN_POINT('',(1.57086468617,70.597136239778));
#3620 = CARTESIAN_POINT('',(1.57087249867,70.596808952921));
#3621 = CARTESIAN_POINT('',(1.57088031117,70.596481666064));
#3622 = CARTESIAN_POINT('',(1.57088812367,70.596154379207));
#3623 = CARTESIAN_POINT('',(1.57089593617,70.595827092345));
#3624 = CARTESIAN_POINT('',(1.570911282152,70.595184207417));
#3625 = CARTESIAN_POINT('',(1.570918815634,70.594868609353));
#3626 = CARTESIAN_POINT('',(1.570926349116,70.594553011288));
#3627 = CARTESIAN_POINT('',(1.570933882599,70.594237413224));
#3628 = CARTESIAN_POINT('',(1.570941416081,70.593921815163));
#3629 = CARTESIAN_POINT('',(1.570948949563,70.593606217105));
#3630 = CARTESIAN_POINT('',(1.570964574563,70.592951643367));
#3631 = CARTESIAN_POINT('',(1.570972666081,70.59261266769));
#3632 = CARTESIAN_POINT('',(1.570980757599,70.592273692014));
#3633 = CARTESIAN_POINT('',(1.570988849117,70.591934716333));
#3634 = CARTESIAN_POINT('',(1.570996940635,70.591595740649));
#3635 = CARTESIAN_POINT('',(1.571005032152,70.591256764964));
#3636 = CARTESIAN_POINT('',(1.57102093617,70.590590502422));
#3637 = CARTESIAN_POINT('',(1.57102874867,70.590263215563));
#3638 = CARTESIAN_POINT('',(1.57103656117,70.589935928704));
#3639 = CARTESIAN_POINT('',(1.57104437367,70.589608641842));
#3640 = CARTESIAN_POINT('',(1.57105218617,70.589281354978));
#3641 = CARTESIAN_POINT('',(1.57105999867,70.588954068115));
#3642 = CARTESIAN_POINT('',(1.571075902688,70.588287805589));
#3643 = CARTESIAN_POINT('',(1.571083994206,70.587948829924));
#3644 = CARTESIAN_POINT('',(1.571092085724,70.587609854261));
#3645 = CARTESIAN_POINT('',(1.571100177242,70.587270878598));
#3646 = CARTESIAN_POINT('',(1.57110826876,70.586931902934));
#3647 = CARTESIAN_POINT('',(1.571116360278,70.58659292727));
#3648 = CARTESIAN_POINT('',(1.571131985278,70.585938353578));
#3649 = CARTESIAN_POINT('',(1.57113951876,70.585622755547));
#3650 = CARTESIAN_POINT('',(1.571147052242,70.585307157518));
#3651 = CARTESIAN_POINT('',(1.571154585724,70.584991559491));
#3652 = CARTESIAN_POINT('',(1.571162119206,70.584675961467));
#3653 = CARTESIAN_POINT('',(1.571169652688,70.584360363445));
#3654 = CARTESIAN_POINT('',(1.571184719653,70.583729167405));
#3655 = CARTESIAN_POINT('',(1.571192253135,70.583413569387));
#3656 = CARTESIAN_POINT('',(1.571199786617,70.583097971371));
#3657 = CARTESIAN_POINT('',(1.571207320099,70.582782373358));
#3658 = CARTESIAN_POINT('',(1.571214853581,70.582466775349));
#3659 = CARTESIAN_POINT('',(1.571222387063,70.58215117734));
#3660 = CARTESIAN_POINT('',(1.571237733046,70.581508292508));
#3661 = CARTESIAN_POINT('',(1.571245545545,70.581181005685));
#3662 = CARTESIAN_POINT('',(1.571253358045,70.580853718863));
#3663 = CARTESIAN_POINT('',(1.571261170545,70.580526432045));
#3664 = CARTESIAN_POINT('',(1.571268983046,70.580199145229));
#3665 = CARTESIAN_POINT('',(1.571276795546,70.579871858416));
#3666 = CARTESIAN_POINT('',(1.571292699564,70.579205595982));
#3667 = CARTESIAN_POINT('',(1.571300791081,70.578866620364));
#3668 = CARTESIAN_POINT('',(1.571308882599,70.578527644746));
#3669 = CARTESIAN_POINT('',(1.571316974117,70.578188669128));
#3670 = CARTESIAN_POINT('',(1.571325065635,70.577849693511));
#3671 = CARTESIAN_POINT('',(1.571333157153,70.577510717896));
#3672 = CARTESIAN_POINT('',(1.571349340189,70.576832766681));
#3673 = CARTESIAN_POINT('',(1.571357431706,70.576493791083));
#3674 = CARTESIAN_POINT('',(1.571365523224,70.576154815486));
#3675 = CARTESIAN_POINT('',(1.571373614742,70.575815839889));
#3676 = CARTESIAN_POINT('',(1.57138170626,70.575476864292));
#3677 = CARTESIAN_POINT('',(1.571389797778,70.575137888696));
#3678 = CARTESIAN_POINT('',(1.571405701796,70.574471626332));
#3679 = CARTESIAN_POINT('',(1.571413514296,70.574144339563));
#3680 = CARTESIAN_POINT('',(1.571421326796,70.573817052796));
#3681 = CARTESIAN_POINT('',(1.571429139296,70.57348976603));
#3682 = CARTESIAN_POINT('',(1.571436951796,70.573162479267));
#3683 = CARTESIAN_POINT('',(1.571444764296,70.572835192505));
#3684 = CARTESIAN_POINT('',(1.571460668314,70.572168930181));
#3685 = CARTESIAN_POINT('',(1.571468759832,70.571829954619));
#3686 = CARTESIAN_POINT('',(1.571476851349,70.571490979059));
#3687 = CARTESIAN_POINT('',(1.571484942867,70.571152003502));
#3688 = CARTESIAN_POINT('',(1.571493034385,70.570813027947));
#3689 = CARTESIAN_POINT('',(1.571501125903,70.570474052395));
#3690 = CARTESIAN_POINT('',(1.571517308939,70.569796101303));
#3691 = CARTESIAN_POINT('',(1.571525400457,70.569457125764));
#3692 = CARTESIAN_POINT('',(1.571533491974,70.569118150227));
#3693 = CARTESIAN_POINT('',(1.571541583492,70.568779174692));
#3694 = CARTESIAN_POINT('',(1.57154967501,70.56844019916));
#3695 = CARTESIAN_POINT('',(1.571557766528,70.56810122363));
#3696 = CARTESIAN_POINT('',(1.571573949564,70.567423272587));
#3697 = CARTESIAN_POINT('',(1.571582041082,70.567084297074));
#3698 = CARTESIAN_POINT('',(1.5715901326,70.566745321564));
#3699 = CARTESIAN_POINT('',(1.571598224117,70.566406346055));
#3700 = CARTESIAN_POINT('',(1.571606315635,70.566067370547));
#3701 = CARTESIAN_POINT('',(1.571614407153,70.565728395042));
#3702 = CARTESIAN_POINT('',(1.571630311171,70.565062132861));
#3703 = CARTESIAN_POINT('',(1.571638123671,70.564734846186));
#3704 = CARTESIAN_POINT('',(1.571645936171,70.564407559512));
#3705 = CARTESIAN_POINT('',(1.571653748671,70.56408027284));
#3706 = CARTESIAN_POINT('',(1.571661561171,70.563752986169));
#3707 = CARTESIAN_POINT('',(1.571669373671,70.5634256995));
#3708 = CARTESIAN_POINT('',(1.571685277689,70.562759437374));
#3709 = CARTESIAN_POINT('',(1.571693369207,70.562420461915));
#3710 = CARTESIAN_POINT('',(1.571701460725,70.562081486459));
#3711 = CARTESIAN_POINT('',(1.571709552243,70.561742511006));
#3712 = CARTESIAN_POINT('',(1.57171764376,70.561403535555));
#3713 = CARTESIAN_POINT('',(1.571725735278,70.561064560106));
#3714 = CARTESIAN_POINT('',(1.571741918314,70.560386609229));
#3715 = CARTESIAN_POINT('',(1.571750009832,70.560047633802));
#3716 = CARTESIAN_POINT('',(1.57175810135,70.559708658378));
#3717 = CARTESIAN_POINT('',(1.571766192868,70.559369682954));
#3718 = CARTESIAN_POINT('',(1.571774284386,70.559030707532));
#3719 = CARTESIAN_POINT('',(1.571782375904,70.558691732112));
#3720 = CARTESIAN_POINT('',(1.571798558939,70.558013781299));
#3721 = CARTESIAN_POINT('',(1.571806650457,70.557674805906));
#3722 = CARTESIAN_POINT('',(1.571814741975,70.557335830515));
#3723 = CARTESIAN_POINT('',(1.571822833493,70.556996855125));
#3724 = CARTESIAN_POINT('',(1.571830925011,70.556657879735));
#3725 = CARTESIAN_POINT('',(1.571839016529,70.556318904348));
#3726 = CARTESIAN_POINT('',(1.571855199564,70.555640953602));
#3727 = CARTESIAN_POINT('',(1.571863291082,70.555301978243));
#3728 = CARTESIAN_POINT('',(1.5718713826,70.554963002887));
#3729 = CARTESIAN_POINT('',(1.571879474118,70.554624027531));
#3730 = CARTESIAN_POINT('',(1.571887565636,70.554285052176));
#3731 = CARTESIAN_POINT('',(1.571895657154,70.553946076824));
#3732 = CARTESIAN_POINT('',(1.571911840189,70.553268126149));
#3733 = CARTESIAN_POINT('',(1.571919931707,70.552929150826));
#3734 = CARTESIAN_POINT('',(1.571928023225,70.552590175506));
#3735 = CARTESIAN_POINT('',(1.571936114743,70.552251200187));
#3736 = CARTESIAN_POINT('',(1.571944206261,70.551912224871));
#3737 = CARTESIAN_POINT('',(1.571952297779,70.551573249558));
#3738 = CARTESIAN_POINT('',(1.571968480815,70.550895298958));
#3739 = CARTESIAN_POINT('',(1.571976572332,70.550556323671));
#3740 = CARTESIAN_POINT('',(1.57198466385,70.550217348387));
#3741 = CARTESIAN_POINT('',(1.571992755368,70.549878373106));
#3742 = CARTESIAN_POINT('',(1.572000846886,70.549539397827));
#3743 = CARTESIAN_POINT('',(1.572008938404,70.549200422552));
#3744 = CARTESIAN_POINT('',(1.572024842422,70.548534160832));
#3745 = CARTESIAN_POINT('',(1.572032654922,70.548206874386));
#3746 = CARTESIAN_POINT('',(1.572040467422,70.547879587943));
#3747 = CARTESIAN_POINT('',(1.572048279922,70.547552301503));
#3748 = CARTESIAN_POINT('',(1.572056092422,70.547225015066));
#3749 = CARTESIAN_POINT('',(1.572063904922,70.546897728633));
#3750 = CARTESIAN_POINT('',(1.57207980894,70.546231466991));
#3751 = CARTESIAN_POINT('',(1.572087900457,70.545892491784));
#3752 = CARTESIAN_POINT('',(1.572095991975,70.54555351658));
#3753 = CARTESIAN_POINT('',(1.572104083493,70.545214541379));
#3754 = CARTESIAN_POINT('',(1.572112175011,70.544875566183));
#3755 = CARTESIAN_POINT('',(1.572120266529,70.54453659099));
#3756 = CARTESIAN_POINT('',(1.572135891529,70.54388201823));
#3757 = CARTESIAN_POINT('',(1.572143425011,70.543566420663));
#3758 = CARTESIAN_POINT('',(1.572150958493,70.543250823099));
#3759 = CARTESIAN_POINT('',(1.572158491975,70.542935225538));
#3760 = CARTESIAN_POINT('',(1.572166025458,70.54261962798));
#3761 = CARTESIAN_POINT('',(1.57217355894,70.542304030426));
#3762 = CARTESIAN_POINT('',(1.572188904922,70.541661146546));
#3763 = CARTESIAN_POINT('',(1.572196717422,70.541333860221));
#3764 = CARTESIAN_POINT('',(1.572204529922,70.5410065739));
#3765 = CARTESIAN_POINT('',(1.572212342422,70.540679287583));
#3766 = CARTESIAN_POINT('',(1.572220154922,70.54035200127));
#3767 = CARTESIAN_POINT('',(1.572227967422,70.54002471496));
#3768 = CARTESIAN_POINT('',(1.57224387144,70.539358453573));
#3769 = CARTESIAN_POINT('',(1.572251962958,70.539019478496));
#3770 = CARTESIAN_POINT('',(1.572260054475,70.538680503422));
#3771 = CARTESIAN_POINT('',(1.572268145993,70.538341528354));
#3772 = CARTESIAN_POINT('',(1.572276237511,70.53800255329));
#3773 = CARTESIAN_POINT('',(1.572284329029,70.53766357823));
#3774 = CARTESIAN_POINT('',(1.572300233047,70.536997316936));
#3775 = CARTESIAN_POINT('',(1.572308045547,70.536670030702));
#3776 = CARTESIAN_POINT('',(1.572315858047,70.536342744472));
#3777 = CARTESIAN_POINT('',(1.572323670547,70.536015458246));
#3778 = CARTESIAN_POINT('',(1.572331483047,70.535688172024));
#3779 = CARTESIAN_POINT('',(1.572339295547,70.535360885806));
#3780 = CARTESIAN_POINT('',(1.572354641529,70.534718002193));
#3781 = CARTESIAN_POINT('',(1.572362175011,70.534402404798));
#3782 = CARTESIAN_POINT('',(1.572369708493,70.534086807407));
#3783 = CARTESIAN_POINT('',(1.572377241976,70.533771210019));
#3784 = CARTESIAN_POINT('',(1.572384775458,70.533455612635));
#3785 = CARTESIAN_POINT('',(1.57239230894,70.533140015255));
#3786 = CARTESIAN_POINT('',(1.57240793394,70.532485442945));
#3787 = CARTESIAN_POINT('',(1.572416025458,70.532146468016));
#3788 = CARTESIAN_POINT('',(1.572424116976,70.531807493091));
#3789 = CARTESIAN_POINT('',(1.572432208493,70.53146851817));
#3790 = CARTESIAN_POINT('',(1.572440300011,70.531129543254));
#3791 = CARTESIAN_POINT('',(1.57244839153,70.530790568342));
#3792 = CARTESIAN_POINT('',(1.572464295547,70.530124307344));
#3793 = CARTESIAN_POINT('',(1.572472108047,70.529797021257));
#3794 = CARTESIAN_POINT('',(1.572479920547,70.529469735174));
#3795 = CARTESIAN_POINT('',(1.572487733047,70.529142449096));
#3796 = CARTESIAN_POINT('',(1.572495545547,70.528815163021));
#3797 = CARTESIAN_POINT('',(1.572503358047,70.528487876951));
#3798 = CARTESIAN_POINT('',(1.572519262065,70.52782161606));
#3799 = CARTESIAN_POINT('',(1.572527353583,70.527482641239));
#3800 = CARTESIAN_POINT('',(1.572535445101,70.527143666423));
#3801 = CARTESIAN_POINT('',(1.572543536619,70.526804691611));
#3802 = CARTESIAN_POINT('',(1.572551628137,70.526465716804));
#3803 = CARTESIAN_POINT('',(1.572559719655,70.526126742001));
#3804 = CARTESIAN_POINT('',(1.57257590269,70.525448792436));
#3805 = CARTESIAN_POINT('',(1.572583994208,70.525109817674));
#3806 = CARTESIAN_POINT('',(1.572592085726,70.524770842916));
#3807 = CARTESIAN_POINT('',(1.572600177244,70.524431868163));
#3808 = CARTESIAN_POINT('',(1.572608268762,70.524092893414));
#3809 = CARTESIAN_POINT('',(1.57261636028,70.52375391867));
#3810 = CARTESIAN_POINT('',(1.57263198528,70.523099346788));
#3811 = CARTESIAN_POINT('',(1.572639518762,70.52278374965));
#3812 = CARTESIAN_POINT('',(1.572647052244,70.522468152516));
#3813 = CARTESIAN_POINT('',(1.572654585726,70.522152555386));
#3814 = CARTESIAN_POINT('',(1.572662119208,70.52183695826));
#3815 = CARTESIAN_POINT('',(1.572669652691,70.521521361138));
#3816 = CARTESIAN_POINT('',(1.572684998673,70.520878478151));
#3817 = CARTESIAN_POINT('',(1.572692811173,70.520551192285));
#3818 = CARTESIAN_POINT('',(1.572700623672,70.520223906424));
#3819 = CARTESIAN_POINT('',(1.572708436172,70.519896620568));
#3820 = CARTESIAN_POINT('',(1.572716248673,70.519569334716));
#3821 = CARTESIAN_POINT('',(1.572724061173,70.519242048869));
#3822 = CARTESIAN_POINT('',(1.572739965191,70.518575788437));
#3823 = CARTESIAN_POINT('',(1.572748056708,70.518236813854));
#3824 = CARTESIAN_POINT('',(1.572756148226,70.517897839275));
#3825 = CARTESIAN_POINT('',(1.572764239744,70.5175588647));
#3826 = CARTESIAN_POINT('',(1.572772331262,70.51721989013));
#3827 = CARTESIAN_POINT('',(1.57278042278,70.516880915566));
#3828 = CARTESIAN_POINT('',(1.613467302354,68.81240264895));
#3829 = CARTESIAN_POINT('',(1.654133960909,67.109048576669));
#3830 = CARTESIAN_POINT('',(1.694901766182,65.409615304425));
#3831 = CARTESIAN_POINT('',(1.735881061255,63.717365617799));
#3832 = CARTESIAN_POINT('',(1.777179677438,62.036162546911));
#3833 = CARTESIAN_POINT('',(1.81890408361,60.370979979924));
#3834 = CARTESIAN_POINT('',(1.907805478676,56.915398438188));
#3835 = CARTESIAN_POINT('',(1.954977029236,55.1346824654));
#3836 = CARTESIAN_POINT('',(2.00299382776,53.387977742557));
#3837 = CARTESIAN_POINT('',(2.052139160912,51.681694190091));
#3838 = CARTESIAN_POINT('',(2.102667034991,50.028707803493));
#3839 = CARTESIAN_POINT('',(2.15480031184,48.450207062378));
#3840 = CARTESIAN_POINT('',(2.231191158418,46.366414076522));
#3841 = CARTESIAN_POINT('',(2.253981435929,45.771861617808));
#3842 = CARTESIAN_POINT('',(2.277142379196,45.197159794346));
#3843 = CARTESIAN_POINT('',(2.300708682704,44.644726450003));
#3844 = CARTESIAN_POINT('',(2.324710825734,44.117675356062));
#3845 = CARTESIAN_POINT('',(2.349174882316,43.619894916458));
#3846 = CARTESIAN_POINT('',(2.408084287527,42.524822193729));
#3847 = CARTESIAN_POINT('',(2.443050664633,41.954548158401));
#3848 = CARTESIAN_POINT('',(2.479034793079,41.459010268344));
#3849 = CARTESIAN_POINT('',(2.516032935594,41.054575562248));
#3850 = CARTESIAN_POINT('',(2.554021729728,40.76063330816));
#3851 = CARTESIAN_POINT('',(2.592953642066,40.6));
#3852 = CARTESIAN_POINT('',(2.632735532279,40.6));
#3853 = ( GEOMETRIC_REPRESENTATION_CONTEXT(2) 
PARAMETRIC_REPRESENTATION_CONTEXT() REPRESENTATION_CONTEXT('2D SPACE',''
  ) );
#3854 = PCURVE('',#749,#3855);
#3855 = DEFINITIONAL_REPRESENTATION('',(#3856),#4099);
#3856 = B_SPLINE_CURVE_WITH_KNOTS('',7,(#3857,#3858,#3859,#3860,#3861,
    #3862,#3863,#3864,#3865,#3866,#3867,#3868,#3869,#3870,#3871,#3872,
    #3873,#3874,#3875,#3876,#3877,#3878,#3879,#3880,#3881,#3882,#3883,
    #3884,#3885,#3886,#3887,#3888,#3889,#3890,#3891,#3892,#3893,#3894,
    #3895,#3896,#3897,#3898,#3899,#3900,#3901,#3902,#3903,#3904,#3905,
    #3906,#3907,#3908,#3909,#3910,#3911,#3912,#3913,#3914,#3915,#3916,
    #3917,#3918,#3919,#3920,#3921,#3922,#3923,#3924,#3925,#3926,#3927,
    #3928,#3929,#3930,#3931,#3932,#3933,#3934,#3935,#3936,#3937,#3938,
    #3939,#3940,#3941,#3942,#3943,#3944,#3945,#3946,#3947,#3948,#3949,
    #3950,#3951,#3952,#3953,#3954,#3955,#3956,#3957,#3958,#3959,#3960,
    #3961,#3962,#3963,#3964,#3965,#3966,#3967,#3968,#3969,#3970,#3971,
    #3972,#3973,#3974,#3975,#3976,#3977,#3978,#3979,#3980,#3981,#3982,
    #3983,#3984,#3985,#3986,#3987,#3988,#3989,#3990,#3991,#3992,#3993,
    #3994,#3995,#3996,#3997,#3998,#3999,#4000,#4001,#4002,#4003,#4004,
    #4005,#4006,#4007,#4008,#4009,#4010,#4011,#4012,#4013,#4014,#4015,
    #4016,#4017,#4018,#4019,#4020,#4021,#4022,#4023,#4024,#4025,#4026,
    #4027,#4028,#4029,#4030,#4031,#4032,#4033,#4034,#4035,#4036,#4037,
    #4038,#4039,#4040,#4041,#4042,#4043,#4044,#4045,#4046,#4047,#4048,
    #4049,#4050,#4051,#4052,#4053,#4054,#4055,#4056,#4057,#4058,#4059,
    #4060,#4061,#4062,#4063,#4064,#4065,#4066,#4067,#4068,#4069,#4070,
    #4071,#4072,#4073,#4074,#4075,#4076,#4077,#4078,#4079,#4080,#4081,
    #4082,#4083,#4084,#4085,#4086,#4087,#4088,#4089,#4090,#4091,#4092,
    #4093,#4094,#4095,#4096,#4097,#4098),.UNSPECIFIED.,.F.,.F.,(8,6,6,6,
    6,6,6,6,6,6,6,6,6,6,6,6,6,6,6,6,6,6,6,6,6,6,6,6,6,6,6,6,6,6,6,6,6,6,
    6,6,8),(0.,5.794209864954E-05,1.180301991193E-04,1.759722969274E-04,
    2.382064009516E-04,2.98294500942E-04,3.605286033832E-04,
    4.184706980561E-04,4.764127915303E-04,5.365008873536E-04,
    5.987349850194E-04,6.609690808148E-04,7.210571715057E-04,
    7.832912633722E-04,8.455253530019E-04,9.077594401469E-04,
    9.678475217434E-04,1.030081603487E-03,1.092315682262E-03,
    1.154549757829E-03,1.216783830027E-03,1.279017898625E-03,
    1.341251963552E-03,1.401340022508E-03,1.463574079555E-03,
    1.521516128829E-03,1.581604175834E-03,1.643838220039E-03,
    1.703926258152E-03,1.761868290533E-03,1.824102320328E-03,
    1.884190344049E-03,1.946424363206E-03,2.008658376679E-03,
    2.066600383958E-03,2.126688385994E-03,2.188922381985E-03,
    0.315060183821,0.660412960437,0.804223761074,1.),.UNSPECIFIED.);
#3857 = CARTESIAN_POINT('',(-1.570796326795,-100.));
#3858 = CARTESIAN_POINT('',(-1.570785806846,-99.99955929157));
#3859 = CARTESIAN_POINT('',(-1.570775286914,-99.99911858278));
#3860 = CARTESIAN_POINT('',(-1.570764766987,-99.9986778739));
#3861 = CARTESIAN_POINT('',(-1.570754247056,-99.99823716509));
#3862 = CARTESIAN_POINT('',(-1.57074372712,-99.99779645639));
#3863 = CARTESIAN_POINT('',(-1.57073320718,-99.99735574777));
#3864 = CARTESIAN_POINT('',(-1.570711777683,-99.99645800781));
#3865 = CARTESIAN_POINT('',(-1.570700868121,-99.99600097656));
#3866 = CARTESIAN_POINT('',(-1.570689958559,-99.9955439453));
#3867 = CARTESIAN_POINT('',(-1.570679048997,-99.99508691405));
#3868 = CARTESIAN_POINT('',(-1.570668139435,-99.9946298828));
#3869 = CARTESIAN_POINT('',(-1.570657229873,-99.99417285155));
#3870 = CARTESIAN_POINT('',(-1.570635800375,-99.9932751116));
#3871 = CARTESIAN_POINT('',(-1.570625280439,-99.9928344029));
#3872 = CARTESIAN_POINT('',(-1.570614760504,-99.99239369421));
#3873 = CARTESIAN_POINT('',(-1.570604240568,-99.99195298551));
#3874 = CARTESIAN_POINT('',(-1.570593720632,-99.9915122768));
#3875 = CARTESIAN_POINT('',(-1.570583200697,-99.9910715681));
#3876 = CARTESIAN_POINT('',(-1.570561381572,-99.99015750561));
#3877 = CARTESIAN_POINT('',(-1.570550082382,-99.98968415182));
#3878 = CARTESIAN_POINT('',(-1.570538783193,-99.98921079803));
#3879 = CARTESIAN_POINT('',(-1.570527484003,-99.98873744424));
#3880 = CARTESIAN_POINT('',(-1.570516184813,-99.98826409045));
#3881 = CARTESIAN_POINT('',(-1.570504885623,-99.98779073667));
#3882 = CARTESIAN_POINT('',(-1.570482676871,-99.98686035165));
#3883 = CARTESIAN_POINT('',(-1.570471767308,-99.98640332041));
#3884 = CARTESIAN_POINT('',(-1.570460857745,-99.98594628917));
#3885 = CARTESIAN_POINT('',(-1.570449948183,-99.98548925793));
#3886 = CARTESIAN_POINT('',(-1.57043903862,-99.9850322267));
#3887 = CARTESIAN_POINT('',(-1.570428129057,-99.98457519546));
#3888 = CARTESIAN_POINT('',(-1.570405920305,-99.98364481045));
#3889 = CARTESIAN_POINT('',(-1.570394621115,-99.98317145668));
#3890 = CARTESIAN_POINT('',(-1.570383321925,-99.9826981029));
#3891 = CARTESIAN_POINT('',(-1.570372022735,-99.98222474913));
#3892 = CARTESIAN_POINT('',(-1.570360723546,-99.98175139535));
#3893 = CARTESIAN_POINT('',(-1.570349424356,-99.98127804158));
#3894 = CARTESIAN_POINT('',(-1.57032760523,-99.98036397913));
#3895 = CARTESIAN_POINT('',(-1.570317085295,-99.97992327045));
#3896 = CARTESIAN_POINT('',(-1.570306565359,-99.97948256177));
#3897 = CARTESIAN_POINT('',(-1.570296045424,-99.9790418531));
#3898 = CARTESIAN_POINT('',(-1.570285525488,-99.97860114442));
#3899 = CARTESIAN_POINT('',(-1.570275005553,-99.97816043574));
#3900 = CARTESIAN_POINT('',(-1.570253965682,-99.97727901839));
#3901 = CARTESIAN_POINT('',(-1.570243445746,-99.97683830972));
#3902 = CARTESIAN_POINT('',(-1.570232925811,-99.97639760105));
#3903 = CARTESIAN_POINT('',(-1.570222405875,-99.97595689238));
#3904 = CARTESIAN_POINT('',(-1.57021188594,-99.97551618371));
#3905 = CARTESIAN_POINT('',(-1.570201366005,-99.97507547504));
#3906 = CARTESIAN_POINT('',(-1.570179936506,-99.97417773517));
#3907 = CARTESIAN_POINT('',(-1.570169026943,-99.97372070397));
#3908 = CARTESIAN_POINT('',(-1.57015811738,-99.97326367277));
#3909 = CARTESIAN_POINT('',(-1.570147207818,-99.97280664157));
#3910 = CARTESIAN_POINT('',(-1.570136298255,-99.97234961036));
#3911 = CARTESIAN_POINT('',(-1.570125388692,-99.97189257916));
#3912 = CARTESIAN_POINT('',(-1.570103179939,-99.97096219422));
#3913 = CARTESIAN_POINT('',(-1.570091880749,-99.97048884049));
#3914 = CARTESIAN_POINT('',(-1.570080581559,-99.97001548676));
#3915 = CARTESIAN_POINT('',(-1.570069282369,-99.96954213303));
#3916 = CARTESIAN_POINT('',(-1.570057983178,-99.96906877929));
#3917 = CARTESIAN_POINT('',(-1.570046683988,-99.96859542556));
#3918 = CARTESIAN_POINT('',(-1.570024085608,-99.96764871811));
#3919 = CARTESIAN_POINT('',(-1.570012786418,-99.96717536439));
#3920 = CARTESIAN_POINT('',(-1.570001487227,-99.96670201067));
#3921 = CARTESIAN_POINT('',(-1.569990188037,-99.96622865696));
#3922 = CARTESIAN_POINT('',(-1.569978888847,-99.96575530324));
#3923 = CARTESIAN_POINT('',(-1.569967589657,-99.96528194952));
#3924 = CARTESIAN_POINT('',(-1.569945380903,-99.96435156465));
#3925 = CARTESIAN_POINT('',(-1.56993447134,-99.96389453349));
#3926 = CARTESIAN_POINT('',(-1.569923561777,-99.96343750233));
#3927 = CARTESIAN_POINT('',(-1.569912652214,-99.96298047117));
#3928 = CARTESIAN_POINT('',(-1.569901742651,-99.96252344001));
#3929 = CARTESIAN_POINT('',(-1.569890833088,-99.96206640884));
#3930 = CARTESIAN_POINT('',(-1.569868624335,-99.961136024));
#3931 = CARTESIAN_POINT('',(-1.569857325144,-99.96066267032));
#3932 = CARTESIAN_POINT('',(-1.569846025954,-99.96018931663));
#3933 = CARTESIAN_POINT('',(-1.569834726764,-99.95971596295));
#3934 = CARTESIAN_POINT('',(-1.569823427573,-99.95924260926));
#3935 = CARTESIAN_POINT('',(-1.569812128383,-99.95876925558));
#3936 = CARTESIAN_POINT('',(-1.569789530002,-99.95782254823));
#3937 = CARTESIAN_POINT('',(-1.569778230811,-99.95734919456));
#3938 = CARTESIAN_POINT('',(-1.569766931621,-99.9568758409));
#3939 = CARTESIAN_POINT('',(-1.56975563243,-99.95640248723));
#3940 = CARTESIAN_POINT('',(-1.56974433324,-99.95592913357));
#3941 = CARTESIAN_POINT('',(-1.569733034049,-99.9554557799));
#3942 = CARTESIAN_POINT('',(-1.569710435668,-99.95450907259));
#3943 = CARTESIAN_POINT('',(-1.569699136477,-99.95403571894));
#3944 = CARTESIAN_POINT('',(-1.569687837287,-99.9535623653));
#3945 = CARTESIAN_POINT('',(-1.569676538096,-99.95308901165));
#3946 = CARTESIAN_POINT('',(-1.569665238905,-99.95261565801));
#3947 = CARTESIAN_POINT('',(-1.569653939715,-99.95214230437));
#3948 = CARTESIAN_POINT('',(-1.56963173096,-99.95121191964));
#3949 = CARTESIAN_POINT('',(-1.569620821397,-99.95075488855));
#3950 = CARTESIAN_POINT('',(-1.569609911834,-99.95029785747));
#3951 = CARTESIAN_POINT('',(-1.56959900227,-99.94984082638));
#3952 = CARTESIAN_POINT('',(-1.569588092707,-99.9493837953));
#3953 = CARTESIAN_POINT('',(-1.569577183143,-99.94892676422));
#3954 = CARTESIAN_POINT('',(-1.569554974389,-99.94799637953));
#3955 = CARTESIAN_POINT('',(-1.569543675198,-99.94752302593));
#3956 = CARTESIAN_POINT('',(-1.569532376007,-99.94704967233));
#3957 = CARTESIAN_POINT('',(-1.569521076816,-99.94657631873));
#3958 = CARTESIAN_POINT('',(-1.569509777625,-99.94610296513));
#3959 = CARTESIAN_POINT('',(-1.569498478434,-99.94562961153));
#3960 = CARTESIAN_POINT('',(-1.569475880052,-99.94468290436));
#3961 = CARTESIAN_POINT('',(-1.569464580861,-99.94420955078));
#3962 = CARTESIAN_POINT('',(-1.569453281671,-99.94373619721));
#3963 = CARTESIAN_POINT('',(-1.569441982479,-99.94326284363));
#3964 = CARTESIAN_POINT('',(-1.569430683288,-99.94278949006));
#3965 = CARTESIAN_POINT('',(-1.569419384097,-99.94231613649));
#3966 = CARTESIAN_POINT('',(-1.569396785715,-99.94136942936));
#3967 = CARTESIAN_POINT('',(-1.569385486524,-99.94089607581));
#3968 = CARTESIAN_POINT('',(-1.569374187333,-99.94042272226));
#3969 = CARTESIAN_POINT('',(-1.569362888142,-99.93994936872));
#3970 = CARTESIAN_POINT('',(-1.56935158895,-99.93947601517));
#3971 = CARTESIAN_POINT('',(-1.569340289759,-99.93900266162));
#3972 = CARTESIAN_POINT('',(-1.569317691376,-99.93805595456));
#3973 = CARTESIAN_POINT('',(-1.569306392185,-99.93758260103));
#3974 = CARTESIAN_POINT('',(-1.569295092994,-99.93710924751));
#3975 = CARTESIAN_POINT('',(-1.569283793803,-99.93663589399));
#3976 = CARTESIAN_POINT('',(-1.569272494611,-99.93616254047));
#3977 = CARTESIAN_POINT('',(-1.56926119542,-99.93568918696));
#3978 = CARTESIAN_POINT('',(-1.569238597037,-99.93474247995));
#3979 = CARTESIAN_POINT('',(-1.569227297845,-99.93426912646));
#3980 = CARTESIAN_POINT('',(-1.569215998654,-99.93379577296));
#3981 = CARTESIAN_POINT('',(-1.569204699463,-99.93332241947));
#3982 = CARTESIAN_POINT('',(-1.569193400271,-99.93284906599));
#3983 = CARTESIAN_POINT('',(-1.569182101079,-99.9323757125));
#3984 = CARTESIAN_POINT('',(-1.569159502696,-99.93142900555));
#3985 = CARTESIAN_POINT('',(-1.569148203505,-99.93095565209));
#3986 = CARTESIAN_POINT('',(-1.569136904313,-99.93048229863));
#3987 = CARTESIAN_POINT('',(-1.569125605121,-99.93000894517));
#3988 = CARTESIAN_POINT('',(-1.56911430593,-99.92953559171));
#3989 = CARTESIAN_POINT('',(-1.569103006738,-99.92906223825));
#3990 = CARTESIAN_POINT('',(-1.569080797981,-99.9281318539));
#3991 = CARTESIAN_POINT('',(-1.569069888417,-99.927674823));
#3992 = CARTESIAN_POINT('',(-1.569058978853,-99.92721779211));
#3993 = CARTESIAN_POINT('',(-1.569048069288,-99.92676076121));
#3994 = CARTESIAN_POINT('',(-1.569037159723,-99.92630373032));
#3995 = CARTESIAN_POINT('',(-1.569026250158,-99.92584669943));
#3996 = CARTESIAN_POINT('',(-1.569004041402,-99.92491631514));
#3997 = CARTESIAN_POINT('',(-1.56899274221,-99.92444296174));
#3998 = CARTESIAN_POINT('',(-1.568981443018,-99.92396960835));
#3999 = CARTESIAN_POINT('',(-1.568970143826,-99.92349625496));
#4000 = CARTESIAN_POINT('',(-1.568958844634,-99.92302290157));
#4001 = CARTESIAN_POINT('',(-1.568947545442,-99.92254954817));
#4002 = CARTESIAN_POINT('',(-1.568925726312,-99.92163548648));
#4003 = CARTESIAN_POINT('',(-1.568915206374,-99.92119477818));
#4004 = CARTESIAN_POINT('',(-1.568904686437,-99.92075406988));
#4005 = CARTESIAN_POINT('',(-1.568894166499,-99.92031336158));
#4006 = CARTESIAN_POINT('',(-1.568883646562,-99.91987265328));
#4007 = CARTESIAN_POINT('',(-1.568873126624,-99.91943194498));
#4008 = CARTESIAN_POINT('',(-1.568851697121,-99.91853420589));
#4009 = CARTESIAN_POINT('',(-1.568840787556,-99.91807717509));
#4010 = CARTESIAN_POINT('',(-1.568829877991,-99.9176201443));
#4011 = CARTESIAN_POINT('',(-1.568818968426,-99.9171631135));
#4012 = CARTESIAN_POINT('',(-1.568808058861,-99.91670608271));
#4013 = CARTESIAN_POINT('',(-1.568797149295,-99.91624905191));
#4014 = CARTESIAN_POINT('',(-1.568774940538,-99.91531866783));
#4015 = CARTESIAN_POINT('',(-1.568763641345,-99.91484531455));
#4016 = CARTESIAN_POINT('',(-1.568752342153,-99.91437196126));
#4017 = CARTESIAN_POINT('',(-1.56874104296,-99.91389860798));
#4018 = CARTESIAN_POINT('',(-1.568729743767,-99.91342525469));
#4019 = CARTESIAN_POINT('',(-1.568718444574,-99.9129519014));
#4020 = CARTESIAN_POINT('',(-1.568696235816,-99.9120215174));
#4021 = CARTESIAN_POINT('',(-1.568685326251,-99.91156448668));
#4022 = CARTESIAN_POINT('',(-1.568674416685,-99.91110745596));
#4023 = CARTESIAN_POINT('',(-1.56866350712,-99.91065042524));
#4024 = CARTESIAN_POINT('',(-1.568652597554,-99.91019339452));
#4025 = CARTESIAN_POINT('',(-1.568641687988,-99.9097363638));
#4026 = CARTESIAN_POINT('',(-1.568620258484,-99.90883862492));
#4027 = CARTESIAN_POINT('',(-1.568609738546,-99.90839791676));
#4028 = CARTESIAN_POINT('',(-1.568599218608,-99.9079572086));
#4029 = CARTESIAN_POINT('',(-1.568588698669,-99.90751650044));
#4030 = CARTESIAN_POINT('',(-1.568578178731,-99.90707579229));
#4031 = CARTESIAN_POINT('',(-1.568567658792,-99.90663508413));
#4032 = CARTESIAN_POINT('',(-1.56854583966,-99.90572102281));
#4033 = CARTESIAN_POINT('',(-1.568534540467,-99.90524766964));
#4034 = CARTESIAN_POINT('',(-1.568523241274,-99.90477431647));
#4035 = CARTESIAN_POINT('',(-1.568511942081,-99.90430096331));
#4036 = CARTESIAN_POINT('',(-1.568500642887,-99.90382761014));
#4037 = CARTESIAN_POINT('',(-1.568489343693,-99.90335425698));
#4038 = CARTESIAN_POINT('',(-1.568467134934,-99.90242387321));
#4039 = CARTESIAN_POINT('',(-1.568456225368,-99.90196684261));
#4040 = CARTESIAN_POINT('',(-1.568445315802,-99.90150981201));
#4041 = CARTESIAN_POINT('',(-1.568434406236,-99.90105278141));
#4042 = CARTESIAN_POINT('',(-1.568423496669,-99.90059575081));
#4043 = CARTESIAN_POINT('',(-1.568412587103,-99.90013872021));
#4044 = CARTESIAN_POINT('',(-1.568390378343,-99.89920833654));
#4045 = CARTESIAN_POINT('',(-1.568379079149,-99.89873498346));
#4046 = CARTESIAN_POINT('',(-1.568367779955,-99.89826163038));
#4047 = CARTESIAN_POINT('',(-1.568356480762,-99.89778827731));
#4048 = CARTESIAN_POINT('',(-1.568345181567,-99.89731492423));
#4049 = CARTESIAN_POINT('',(-1.568333882373,-99.89684157116));
#4050 = CARTESIAN_POINT('',(-1.568311283985,-99.89589486505));
#4051 = CARTESIAN_POINT('',(-1.568299984792,-99.89542151202));
#4052 = CARTESIAN_POINT('',(-1.568288685598,-99.89494815899));
#4053 = CARTESIAN_POINT('',(-1.568277386404,-99.89447480596));
#4054 = CARTESIAN_POINT('',(-1.568266087209,-99.89400145294));
#4055 = CARTESIAN_POINT('',(-1.568254788015,-99.89352809991));
#4056 = CARTESIAN_POINT('',(-1.568232968881,-99.89261403893));
#4057 = CARTESIAN_POINT('',(-1.568222448942,-99.89217333098));
#4058 = CARTESIAN_POINT('',(-1.568211929002,-99.89173262303));
#4059 = CARTESIAN_POINT('',(-1.568201409063,-99.89129191509));
#4060 = CARTESIAN_POINT('',(-1.568190889123,-99.89085120714));
#4061 = CARTESIAN_POINT('',(-1.568180369183,-99.89041049919));
#4062 = CARTESIAN_POINT('',(-1.568158939676,-99.88951276082));
#4063 = CARTESIAN_POINT('',(-1.568148030109,-99.8890557304));
#4064 = CARTESIAN_POINT('',(-1.568137120542,-99.88859869998));
#4065 = CARTESIAN_POINT('',(-1.568126210975,-99.88814166957));
#4066 = CARTESIAN_POINT('',(-1.568115301407,-99.88768463915));
#4067 = CARTESIAN_POINT('',(-1.56810439184,-99.88722760873));
#4068 = CARTESIAN_POINT('',(-1.568082183077,-99.88629722543));
#4069 = CARTESIAN_POINT('',(-1.568070883883,-99.88582387254));
#4070 = CARTESIAN_POINT('',(-1.568059584688,-99.88535051966));
#4071 = CARTESIAN_POINT('',(-1.568048285493,-99.88487716678));
#4072 = CARTESIAN_POINT('',(-1.568036986298,-99.8844038139));
#4073 = CARTESIAN_POINT('',(-1.568025687102,-99.88393046102));
#4074 = CARTESIAN_POINT('',(-1.511209525027,-97.50375272918));
#4075 = CARTESIAN_POINT('',(-1.454420307872,-95.1249834476));
#4076 = CARTESIAN_POINT('',(-1.397452182701,-92.74695129691));
#4077 = CARTESIAN_POINT('',(-1.340114448875,-90.36962511785));
#4078 = CARTESIAN_POINT('',(-1.282216867428,-87.99349537276));
#4079 = CARTESIAN_POINT('',(-1.223563882699,-85.61990246864));
#4080 = CARTESIAN_POINT('',(-1.09813969869,-80.63687630536));
#4081 = CARTESIAN_POINT('',(-1.031329703379,-78.03536960754));
#4082 = CARTESIAN_POINT('',(-0.962991883444,-75.44001805897));
#4083 = CARTESIAN_POINT('',(-0.892627830248,-72.84845910587));
#4084 = CARTESIAN_POINT('',(-0.819739576003,-70.26371093254));
#4085 = CARTESIAN_POINT('',(-0.743818536661,-67.69550244436));
#4086 = CARTESIAN_POINT('',(-0.631148156231,-64.10554559432));
#4087 = CARTESIAN_POINT('',(-0.597365870992,-63.0550264345));
#4088 = CARTESIAN_POINT('',(-0.562845774708,-62.0095492681));
#4089 = CARTESIAN_POINT('',(-0.527508839367,-60.96976953065));
#4090 = CARTESIAN_POINT('',(-0.49127606938,-59.93688531337));
#4091 = CARTESIAN_POINT('',(-0.454066766175,-58.91264602878));
#4092 = CARTESIAN_POINT('',(-0.363695911947,-56.51989072256));
#4093 = CARTESIAN_POINT('',(-0.309461910297,-55.15629583009));
#4094 = CARTESIAN_POINT('',(-0.252934453171,-53.81664254167));
#4095 = CARTESIAN_POINT('',(-0.193942703034,-52.51065876816));
#4096 = CARTESIAN_POINT('',(-0.132290762134,-51.24951217276));
#4097 = CARTESIAN_POINT('',(-6.77461178801E-02,-50.04562477328));
#4098 = CARTESIAN_POINT('',(0.,-48.91184090222));
#4099 = ( GEOMETRIC_REPRESENTATION_CONTEXT(2) 
PARAMETRIC_REPRESENTATION_CONTEXT() REPRESENTATION_CONTEXT('2D SPACE',''
  ) );
#4100 = ORIENTED_EDGE('',*,*,#593,.F.);
#4101 = ORIENTED_EDGE('',*,*,#770,.T.);
#4102 = ORIENTED_EDGE('',*,*,#996,.F.);
#4103 = ORIENTED_EDGE('',*,*,#1084,.T.);
#4104 = ADVANCED_FACE('',(#4105),#749,.T.);
#4105 = FACE_BOUND('',#4106,.F.);
#4106 = EDGE_LOOP('',(#4107,#4108,#4131,#4161,#4265,#4293,#4314,#4342,
    #4363,#4391,#4412,#4438));
#4107 = ORIENTED_EDGE('',*,*,#734,.T.);
#4108 = ORIENTED_EDGE('',*,*,#4109,.T.);
#4109 = EDGE_CURVE('',#709,#4110,#4112,.T.);
#4110 = VERTEX_POINT('',#4111);
#4111 = CARTESIAN_POINT('',(16.526030246583,28.5,-59.4));
#4112 = SURFACE_CURVE('',#4113,(#4117,#4124),.PCURVE_S1.);
#4113 = LINE('',#4114,#4115);
#4114 = CARTESIAN_POINT('',(-100.,28.5,-59.4));
#4115 = VECTOR('',#4116,1.);
#4116 = DIRECTION('',(1.,0.,0.));
#4117 = PCURVE('',#749,#4118);
#4118 = DEFINITIONAL_REPRESENTATION('',(#4119),#4123);
#4119 = LINE('',#4120,#4121);
#4120 = CARTESIAN_POINT('',(-0.,0.));
#4121 = VECTOR('',#4122,1.);
#4122 = DIRECTION('',(-0.,-1.));
#4123 = ( GEOMETRIC_REPRESENTATION_CONTEXT(2) 
PARAMETRIC_REPRESENTATION_CONTEXT() REPRESENTATION_CONTEXT('2D SPACE',''
  ) );
#4124 = PCURVE('',#723,#4125);
#4125 = DEFINITIONAL_REPRESENTATION('',(#4126),#4130);
#4126 = LINE('',#4127,#4128);
#4127 = CARTESIAN_POINT('',(57.,0.));
#4128 = VECTOR('',#4129,1.);
#4129 = DIRECTION('',(0.,-1.));
#4130 = ( GEOMETRIC_REPRESENTATION_CONTEXT(2) 
PARAMETRIC_REPRESENTATION_CONTEXT() REPRESENTATION_CONTEXT('2D SPACE',''
  ) );
#4131 = ORIENTED_EDGE('',*,*,#4132,.T.);
#4132 = EDGE_CURVE('',#4110,#4133,#4135,.T.);
#4133 = VERTEX_POINT('',#4134);
#4134 = CARTESIAN_POINT('',(18.373445526383,55.539774032701,
    -42.39425335212));
#4135 = SURFACE_CURVE('',#4136,(#4141,#4154),.PCURVE_S1.);
#4136 = ELLIPSE('',#4137,30.176503455903,30.);
#4137 = AXIS2_PLACEMENT_3D('',#4138,#4139,#4140);
#4138 = CARTESIAN_POINT('',(19.785073177281,28.5,-29.4));
#4139 = DIRECTION('',(0.994150963972,0.,-0.107999355706));
#4140 = DIRECTION('',(-0.107999355706,0.,-0.994150963972));
#4141 = PCURVE('',#749,#4142);
#4142 = DEFINITIONAL_REPRESENTATION('',(#4143),#4153);
#4143 = B_SPLINE_CURVE_WITH_KNOTS('',8,(#4144,#4145,#4146,#4147,#4148,
    #4149,#4150,#4151,#4152),.UNSPECIFIED.,.F.,.F.,(9,9),(
    4.736951571734E-16,1.570796326795),.PIECEWISE_BEZIER_KNOTS.);
#4144 = CARTESIAN_POINT('',(0.,-116.5260302465));
#4145 = CARTESIAN_POINT('',(-0.196349540849,-116.5260302465));
#4146 = CARTESIAN_POINT('',(-0.392699081698,-116.669626207));
#4147 = CARTESIAN_POINT('',(-0.589048622548,-116.9568169079));
#4148 = CARTESIAN_POINT('',(-0.785398163396,-117.3757971723));
#4149 = CARTESIAN_POINT('',(-0.981747704247,-117.9029326655));
#4150 = CARTESIAN_POINT('',(-1.178097245096,-118.5052498592));
#4151 = CARTESIAN_POINT('',(-1.374446785946,-119.1451615942));
#4152 = CARTESIAN_POINT('',(-1.570796326795,-119.7850731772));
#4153 = ( GEOMETRIC_REPRESENTATION_CONTEXT(2) 
PARAMETRIC_REPRESENTATION_CONTEXT() REPRESENTATION_CONTEXT('2D SPACE',''
  ) );
#4154 = PCURVE('',#3303,#4155);
#4155 = DEFINITIONAL_REPRESENTATION('',(#4156),#4160);
#4156 = ELLIPSE('',#4157,30.176503455903,30.);
#4157 = AXIS2_PLACEMENT_2D('',#4158,#4159);
#4158 = CARTESIAN_POINT('',(226.24812626841,-228.5));
#4159 = DIRECTION('',(-1.,-0.));
#4160 = ( GEOMETRIC_REPRESENTATION_CONTEXT(2) 
PARAMETRIC_REPRESENTATION_CONTEXT() REPRESENTATION_CONTEXT('2D SPACE',''
  ) );
#4161 = ORIENTED_EDGE('',*,*,#4162,.T.);
#4162 = EDGE_CURVE('',#4133,#4163,#4165,.T.);
#4163 = VERTEX_POINT('',#4164);
#4164 = CARTESIAN_POINT('',(11.1,57.437270127311,-37.31418957604));
#4165 = SURFACE_CURVE('',#4166,(#4197,#4231),.PCURVE_S1.);
#4166 = B_SPLINE_CURVE_WITH_KNOTS('',8,(#4167,#4168,#4169,#4170,#4171,
    #4172,#4173,#4174,#4175,#4176,#4177,#4178,#4179,#4180,#4181,#4182,
    #4183,#4184,#4185,#4186,#4187,#4188,#4189,#4190,#4191,#4192,#4193,
    #4194,#4195,#4196),.UNSPECIFIED.,.F.,.F.,(9,7,7,7,9),(0.,
    0.151320545225,0.293493179099,0.66885949342,1.),.UNSPECIFIED.);
#4167 = CARTESIAN_POINT('',(51.088159097779,28.5,-59.4));
#4168 = CARTESIAN_POINT('',(50.323087382302,29.871442299,-59.4));
#4169 = CARTESIAN_POINT('',(49.526095841957,31.201208155685,
    -59.32834846793));
#4170 = CARTESIAN_POINT('',(48.700936387429,32.487167033288,
    -59.19266600183));
#4171 = CARTESIAN_POINT('',(47.851387332196,33.727898415061,
    -58.99991524793));
#4172 = CARTESIAN_POINT('',(46.981172185078,34.922538819685,
    -58.75649892457));
#4173 = CARTESIAN_POINT('',(46.093911969838,36.070675752118,
    -58.468324218));
#4174 = CARTESIAN_POINT('',(45.193096107555,37.172271596785,
    -58.14084687584));
#4175 = CARTESIAN_POINT('',(43.426093526025,39.2191306178,
    -57.43923826549));
#4176 = CARTESIAN_POINT('',(42.559509045646,40.171667967603,
    -57.06849046722));
#4177 = CARTESIAN_POINT('',(41.684063993609,41.086268055523,
    -56.67047274896));
#4178 = CARTESIAN_POINT('',(40.801228213806,41.9641591037,
    -56.24828795051));
#4179 = CARTESIAN_POINT('',(39.912171377343,42.806690745901,
    -55.80457688832));
#4180 = CARTESIAN_POINT('',(39.017759248679,43.61528849166,
    -55.34155508901));
#4181 = CARTESIAN_POINT('',(38.118555697317,44.391413918976,
    -54.86104330013));
#4182 = CARTESIAN_POINT('',(34.828801554048,47.103798789171,
    -53.05348902341));
#4183 = CARTESIAN_POINT('',(32.403881201687,48.860990424244,
    -51.62662846183));
#4184 = CARTESIAN_POINT('',(29.957411295063,50.422209140707,
    -50.11639054243));
#4185 = CARTESIAN_POINT('',(27.500692950586,51.802804346714,
    -48.54533033144));
#4186 = CARTESIAN_POINT('',(25.039425340082,53.017549611456,
    -46.92858604872));
#4187 = CARTESIAN_POINT('',(22.574378259553,54.079612344156,
    -45.2752052005));
#4188 = CARTESIAN_POINT('',(20.101963001738,54.999658869948,
    -43.58930968672));
#4189 = CARTESIAN_POINT('',(15.421151988572,56.477705271404,
    -40.35559699208));
#4190 = CARTESIAN_POINT('',(13.222402404766,57.063558933033,
    -38.8193587094));
#4191 = CARTESIAN_POINT('',(11.020955368286,57.546372498783,
    -37.26780228741));
#4192 = CARTESIAN_POINT('',(8.818146192259,57.929357502124,
    -35.70506239596));
#4193 = CARTESIAN_POINT('',(6.614642679233,58.214991435351,
    -34.1344067242));
#4194 = CARTESIAN_POINT('',(4.410602463497,58.404943003791,
    -32.5584966922));
#4195 = CARTESIAN_POINT('',(2.205839542873,58.500000028868,
    -30.97963499797));
#4196 = CARTESIAN_POINT('',(1.606065707637E-14,58.5,-29.4));
#4197 = PCURVE('',#749,#4198);
#4198 = DEFINITIONAL_REPRESENTATION('',(#4199),#4230);
#4199 = B_SPLINE_CURVE_WITH_KNOTS('',8,(#4200,#4201,#4202,#4203,#4204,
    #4205,#4206,#4207,#4208,#4209,#4210,#4211,#4212,#4213,#4214,#4215,
    #4216,#4217,#4218,#4219,#4220,#4221,#4222,#4223,#4224,#4225,#4226,
    #4227,#4228,#4229),.UNSPECIFIED.,.F.,.F.,(9,7,7,7,9),(0.,
    0.151320545225,0.293493179099,0.66885949342,1.),.UNSPECIFIED.);
#4200 = CARTESIAN_POINT('',(0.,-151.0881590977));
#4201 = CARTESIAN_POINT('',(-4.571474330001E-02,-150.3230873823));
#4202 = CARTESIAN_POINT('',(-9.004027510381E-02,-149.5260958419));
#4203 = CARTESIAN_POINT('',(-0.133051136214,-148.7009363874));
#4204 = CARTESIAN_POINT('',(-0.174808453468,-147.8513873321));
#4205 = CARTESIAN_POINT('',(-0.215363546425,-146.981172185));
#4206 = CARTESIAN_POINT('',(-0.254760086407,-146.0939119698));
#4207 = CARTESIAN_POINT('',(-0.293035501911,-145.1930961075));
#4208 = CARTESIAN_POINT('',(-0.365161059826,-143.426093526));
#4209 = CARTESIAN_POINT('',(-0.399204010247,-142.5595090456));
#4210 = CARTESIAN_POINT('',(-0.432410412018,-141.6840639936));
#4211 = CARTESIAN_POINT('',(-0.464836529236,-140.8012282138));
#4212 = CARTESIAN_POINT('',(-0.496536947442,-139.9121713773));
#4213 = CARTESIAN_POINT('',(-0.527565562818,-139.0177592486));
#4214 = CARTESIAN_POINT('',(-0.557976266868,-138.1185556973));
#4215 = CARTESIAN_POINT('',(-0.666625980001,-134.828801554));
#4216 = CARTESIAN_POINT('',(-0.741743113676,-132.4038812017));
#4217 = CARTESIAN_POINT('',(-0.813711082559,-129.957411295));
#4218 = CARTESIAN_POINT('',(-0.882992021163,-127.5006929506));
#4219 = CARTESIAN_POINT('',(-0.950025678752,-125.03942534));
#4220 = CARTESIAN_POINT('',(-1.015247862074,-122.5743782595));
#4221 = CARTESIAN_POINT('',(-1.079107527004,-120.1019630017));
#4222 = CARTESIAN_POINT('',(-1.197623906351,-115.4211519885));
#4223 = CARTESIAN_POINT('',(-1.252315617204,-113.2224024047));
#4224 = CARTESIAN_POINT('',(-1.306304901275,-111.0209553682));
#4225 = CARTESIAN_POINT('',(-1.359738711719,-108.8181461922));
#4226 = CARTESIAN_POINT('',(-1.412760397281,-106.6146426792));
#4227 = CARTESIAN_POINT('',(-1.465513009984,-104.4106024634));
#4228 = CARTESIAN_POINT('',(-1.518141861302,-102.2058395428));
#4229 = CARTESIAN_POINT('',(-1.570796326795,-100.));
#4230 = ( GEOMETRIC_REPRESENTATION_CONTEXT(2) 
PARAMETRIC_REPRESENTATION_CONTEXT() REPRESENTATION_CONTEXT('2D SPACE',''
  ) );
#4231 = PCURVE('',#2096,#4232);
#4232 = DEFINITIONAL_REPRESENTATION('',(#4233),#4264);
#4233 = B_SPLINE_CURVE_WITH_KNOTS('',8,(#4234,#4235,#4236,#4237,#4238,
    #4239,#4240,#4241,#4242,#4243,#4244,#4245,#4246,#4247,#4248,#4249,
    #4250,#4251,#4252,#4253,#4254,#4255,#4256,#4257,#4258,#4259,#4260,
    #4261,#4262,#4263),.UNSPECIFIED.,.F.,.F.,(9,7,7,7,9),(0.,
    0.151320545225,0.293493179099,0.66885949342,1.),.UNSPECIFIED.);
#4234 = CARTESIAN_POINT('',(0.508857121311,40.6));
#4235 = CARTESIAN_POINT('',(0.535701742906,40.6));
#4236 = CARTESIAN_POINT('',(0.562190031823,40.671651532062));
#4237 = CARTESIAN_POINT('',(0.588288419148,40.807333998161));
#4238 = CARTESIAN_POINT('',(0.61397041594,41.000084752067));
#4239 = CARTESIAN_POINT('',(0.639214392406,41.243501075421));
#4240 = CARTESIAN_POINT('',(0.664002257913,41.531675781995));
#4241 = CARTESIAN_POINT('',(0.688318704884,41.859153124156));
#4242 = CARTESIAN_POINT('',(0.734541919532,42.560761734502));
#4243 = CARTESIAN_POINT('',(0.756547253603,42.93150953278));
#4244 = CARTESIAN_POINT('',(0.778177786327,43.329527251039));
#4245 = CARTESIAN_POINT('',(0.799447612044,43.75171204949));
#4246 = CARTESIAN_POINT('',(0.820373626622,44.195423111677));
#4247 = CARTESIAN_POINT('',(0.840975381463,44.658444910983));
#4248 = CARTESIAN_POINT('',(0.861274979893,45.138956699863));
#4249 = CARTESIAN_POINT('',(0.934159494938,46.946510976587));
#4250 = CARTESIAN_POINT('',(0.985250465849,48.373371538167));
#4251 = CARTESIAN_POINT('',(1.034719683694,49.883609457563));
#4252 = CARTESIAN_POINT('',(1.082746693435,51.454669668558));
#4253 = CARTESIAN_POINT('',(1.129536174673,53.071413951272));
#4254 = CARTESIAN_POINT('',(1.175319756933,54.724794799495));
#4255 = CARTESIAN_POINT('',(1.220357439278,56.410690313278));
#4256 = CARTESIAN_POINT('',(1.304265582469,59.644403007914));
#4257 = CARTESIAN_POINT('',(1.343122179266,61.1806412906));
#4258 = CARTESIAN_POINT('',(1.38158503897,62.732197712584));
#4259 = CARTESIAN_POINT('',(1.419732351071,64.294937604038));
#4260 = CARTESIAN_POINT('',(1.457643831926,65.865593275798));
#4261 = CARTESIAN_POINT('',(1.495401398193,67.441503307797));
#4262 = CARTESIAN_POINT('',(1.533089673276,69.020365002023));
#4263 = CARTESIAN_POINT('',(1.570796326795,70.6));
#4264 = ( GEOMETRIC_REPRESENTATION_CONTEXT(2) 
PARAMETRIC_REPRESENTATION_CONTEXT() REPRESENTATION_CONTEXT('2D SPACE',''
  ) );
#4265 = ORIENTED_EDGE('',*,*,#4266,.T.);
#4266 = EDGE_CURVE('',#4163,#4267,#4269,.T.);
#4267 = VERTEX_POINT('',#4268);
#4268 = CARTESIAN_POINT('',(11.1,55.4,-42.68118970574));
#4269 = SURFACE_CURVE('',#4270,(#4275,#4282),.PCURVE_S1.);
#4270 = CIRCLE('',#4271,30.);
#4271 = AXIS2_PLACEMENT_3D('',#4272,#4273,#4274);
#4272 = CARTESIAN_POINT('',(11.1,28.5,-29.4));
#4273 = DIRECTION('',(-1.,0.,-0.));
#4274 = DIRECTION('',(0.,4.736951571734E-16,-1.));
#4275 = PCURVE('',#749,#4276);
#4276 = DEFINITIONAL_REPRESENTATION('',(#4277),#4281);
#4277 = LINE('',#4278,#4279);
#4278 = CARTESIAN_POINT('',(-6.28318530718,-111.1));
#4279 = VECTOR('',#4280,1.);
#4280 = DIRECTION('',(1.,-0.));
#4281 = ( GEOMETRIC_REPRESENTATION_CONTEXT(2) 
PARAMETRIC_REPRESENTATION_CONTEXT() REPRESENTATION_CONTEXT('2D SPACE',''
  ) );
#4282 = PCURVE('',#2123,#4283);
#4283 = DEFINITIONAL_REPRESENTATION('',(#4284),#4292);
#4284 = ( BOUNDED_CURVE() B_SPLINE_CURVE(2,(#4285,#4286,#4287,#4288,
#4289,#4290,#4291),.UNSPECIFIED.,.T.,.F.) B_SPLINE_CURVE_WITH_KNOTS((1,2
    ,2,2,2,1),(-2.094395102393,0.,2.094395102393,4.188790204786,
6.28318530718,8.377580409573),.UNSPECIFIED.) CURVE() 
GEOMETRIC_REPRESENTATION_ITEM() RATIONAL_B_SPLINE_CURVE((1.,0.5,1.,0.5,
1.,0.5,1.)) REPRESENTATION_ITEM('') );
#4285 = CARTESIAN_POINT('',(40.6,26.9));
#4286 = CARTESIAN_POINT('',(40.6,78.861524227066));
#4287 = CARTESIAN_POINT('',(85.6,52.880762113533));
#4288 = CARTESIAN_POINT('',(130.6,26.9));
#4289 = CARTESIAN_POINT('',(85.6,0.919237886467));
#4290 = CARTESIAN_POINT('',(40.6,-25.06152422706));
#4291 = CARTESIAN_POINT('',(40.6,26.9));
#4292 = ( GEOMETRIC_REPRESENTATION_CONTEXT(2) 
PARAMETRIC_REPRESENTATION_CONTEXT() REPRESENTATION_CONTEXT('2D SPACE',''
  ) );
#4293 = ORIENTED_EDGE('',*,*,#4294,.T.);
#4294 = EDGE_CURVE('',#4267,#4295,#4297,.T.);
#4295 = VERTEX_POINT('',#4296);
#4296 = CARTESIAN_POINT('',(7.5,55.4,-42.68118970574));
#4297 = SURFACE_CURVE('',#4298,(#4302,#4308),.PCURVE_S1.);
#4298 = LINE('',#4299,#4300);
#4299 = CARTESIAN_POINT('',(-100.,55.4,-42.68118970574));
#4300 = VECTOR('',#4301,1.);
#4301 = DIRECTION('',(-1.,-0.,-0.));
#4302 = PCURVE('',#749,#4303);
#4303 = DEFINITIONAL_REPRESENTATION('',(#4304),#4307);
#4304 = B_SPLINE_CURVE_WITH_KNOTS('',1,(#4305,#4306),.UNSPECIFIED.,.F.,
  .F.,(2,2),(-113.32,-86.68),.PIECEWISE_BEZIER_KNOTS.);
#4305 = CARTESIAN_POINT('',(-1.112181689619,-113.32));
#4306 = CARTESIAN_POINT('',(-1.112181689619,-86.68));
#4307 = ( GEOMETRIC_REPRESENTATION_CONTEXT(2) 
PARAMETRIC_REPRESENTATION_CONTEXT() REPRESENTATION_CONTEXT('2D SPACE',''
  ) );
#4308 = PCURVE('',#2149,#4309);
#4309 = DEFINITIONAL_REPRESENTATION('',(#4310),#4313);
#4310 = B_SPLINE_CURVE_WITH_KNOTS('',1,(#4311,#4312),.UNSPECIFIED.,.F.,
  .F.,(2,2),(-113.32,-86.68),.PIECEWISE_BEZIER_KNOTS.);
#4311 = CARTESIAN_POINT('',(57.318810294255,24.42));
#4312 = CARTESIAN_POINT('',(57.318810294255,-2.22));
#4313 = ( GEOMETRIC_REPRESENTATION_CONTEXT(2) 
PARAMETRIC_REPRESENTATION_CONTEXT() REPRESENTATION_CONTEXT('2D SPACE',''
  ) );
#4314 = ORIENTED_EDGE('',*,*,#4315,.T.);
#4315 = EDGE_CURVE('',#4295,#4316,#4318,.T.);
#4316 = VERTEX_POINT('',#4317);
#4317 = CARTESIAN_POINT('',(7.5,44.5,-54.77715508089));
#4318 = SURFACE_CURVE('',#4319,(#4324,#4331),.PCURVE_S1.);
#4319 = CIRCLE('',#4320,30.);
#4320 = AXIS2_PLACEMENT_3D('',#4321,#4322,#4323);
#4321 = CARTESIAN_POINT('',(7.5,28.5,-29.4));
#4322 = DIRECTION('',(-1.,0.,-0.));
#4323 = DIRECTION('',(0.,4.736951571734E-16,-1.));
#4324 = PCURVE('',#749,#4325);
#4325 = DEFINITIONAL_REPRESENTATION('',(#4326),#4330);
#4326 = LINE('',#4327,#4328);
#4327 = CARTESIAN_POINT('',(-6.28318530718,-107.5));
#4328 = VECTOR('',#4329,1.);
#4329 = DIRECTION('',(1.,-0.));
#4330 = ( GEOMETRIC_REPRESENTATION_CONTEXT(2) 
PARAMETRIC_REPRESENTATION_CONTEXT() REPRESENTATION_CONTEXT('2D SPACE',''
  ) );
#4331 = PCURVE('',#2175,#4332);
#4332 = DEFINITIONAL_REPRESENTATION('',(#4333),#4341);
#4333 = ( BOUNDED_CURVE() B_SPLINE_CURVE(2,(#4334,#4335,#4336,#4337,
#4338,#4339,#4340),.UNSPECIFIED.,.T.,.F.) B_SPLINE_CURVE_WITH_KNOTS((1,2
    ,2,2,2,1),(-2.094395102393,0.,2.094395102393,4.188790204786,
6.28318530718,8.377580409573),.UNSPECIFIED.) CURVE() 
GEOMETRIC_REPRESENTATION_ITEM() RATIONAL_B_SPLINE_CURVE((1.,0.5,1.,0.5,
1.,0.5,1.)) REPRESENTATION_ITEM('') );
#4334 = CARTESIAN_POINT('',(40.6,16.));
#4335 = CARTESIAN_POINT('',(40.6,67.961524227066));
#4336 = CARTESIAN_POINT('',(85.6,41.980762113533));
#4337 = CARTESIAN_POINT('',(130.6,16.));
#4338 = CARTESIAN_POINT('',(85.6,-9.980762113533));
#4339 = CARTESIAN_POINT('',(40.6,-35.96152422706));
#4340 = CARTESIAN_POINT('',(40.6,16.));
#4341 = ( GEOMETRIC_REPRESENTATION_CONTEXT(2) 
PARAMETRIC_REPRESENTATION_CONTEXT() REPRESENTATION_CONTEXT('2D SPACE',''
  ) );
#4342 = ORIENTED_EDGE('',*,*,#4343,.T.);
#4343 = EDGE_CURVE('',#4316,#4344,#4346,.T.);
#4344 = VERTEX_POINT('',#4345);
#4345 = CARTESIAN_POINT('',(-7.5,44.5,-54.77715508089));
#4346 = SURFACE_CURVE('',#4347,(#4351,#4357),.PCURVE_S1.);
#4347 = LINE('',#4348,#4349);
#4348 = CARTESIAN_POINT('',(-100.,44.5,-54.77715508089));
#4349 = VECTOR('',#4350,1.);
#4350 = DIRECTION('',(-1.,-0.,-0.));
#4351 = PCURVE('',#749,#4352);
#4352 = DEFINITIONAL_REPRESENTATION('',(#4353),#4356);
#4353 = B_SPLINE_CURVE_WITH_KNOTS('',1,(#4354,#4355),.UNSPECIFIED.,.F.,
  .F.,(2,2),(-109.,-91.),.PIECEWISE_BEZIER_KNOTS.);
#4354 = CARTESIAN_POINT('',(-0.562536244544,-109.));
#4355 = CARTESIAN_POINT('',(-0.562536244544,-91.));
#4356 = ( GEOMETRIC_REPRESENTATION_CONTEXT(2) 
PARAMETRIC_REPRESENTATION_CONTEXT() REPRESENTATION_CONTEXT('2D SPACE',''
  ) );
#4357 = PCURVE('',#2201,#4358);
#4358 = DEFINITIONAL_REPRESENTATION('',(#4359),#4362);
#4359 = B_SPLINE_CURVE_WITH_KNOTS('',1,(#4360,#4361),.UNSPECIFIED.,.F.,
  .F.,(2,2),(-109.,-91.),.PIECEWISE_BEZIER_KNOTS.);
#4360 = CARTESIAN_POINT('',(45.222844919101,16.5));
#4361 = CARTESIAN_POINT('',(45.222844919101,-1.5));
#4362 = ( GEOMETRIC_REPRESENTATION_CONTEXT(2) 
PARAMETRIC_REPRESENTATION_CONTEXT() REPRESENTATION_CONTEXT('2D SPACE',''
  ) );
#4363 = ORIENTED_EDGE('',*,*,#4364,.F.);
#4364 = EDGE_CURVE('',#4365,#4344,#4367,.T.);
#4365 = VERTEX_POINT('',#4366);
#4366 = CARTESIAN_POINT('',(-7.5,55.4,-42.68118970574));
#4367 = SURFACE_CURVE('',#4368,(#4373,#4380),.PCURVE_S1.);
#4368 = CIRCLE('',#4369,30.);
#4369 = AXIS2_PLACEMENT_3D('',#4370,#4371,#4372);
#4370 = CARTESIAN_POINT('',(-7.5,28.5,-29.4));
#4371 = DIRECTION('',(-1.,0.,-0.));
#4372 = DIRECTION('',(0.,4.736951571734E-16,-1.));
#4373 = PCURVE('',#749,#4374);
#4374 = DEFINITIONAL_REPRESENTATION('',(#4375),#4379);
#4375 = LINE('',#4376,#4377);
#4376 = CARTESIAN_POINT('',(-6.28318530718,-92.5));
#4377 = VECTOR('',#4378,1.);
#4378 = DIRECTION('',(1.,-0.));
#4379 = ( GEOMETRIC_REPRESENTATION_CONTEXT(2) 
PARAMETRIC_REPRESENTATION_CONTEXT() REPRESENTATION_CONTEXT('2D SPACE',''
  ) );
#4380 = PCURVE('',#2227,#4381);
#4381 = DEFINITIONAL_REPRESENTATION('',(#4382),#4390);
#4382 = ( BOUNDED_CURVE() B_SPLINE_CURVE(2,(#4383,#4384,#4385,#4386,
#4387,#4388,#4389),.UNSPECIFIED.,.T.,.F.) B_SPLINE_CURVE_WITH_KNOTS((1,2
    ,2,2,2,1),(-2.094395102393,0.,2.094395102393,4.188790204786,
6.28318530718,8.377580409573),.UNSPECIFIED.) CURVE() 
GEOMETRIC_REPRESENTATION_ITEM() RATIONAL_B_SPLINE_CURVE((1.,0.5,1.,0.5,
1.,0.5,1.)) REPRESENTATION_ITEM('') );
#4383 = CARTESIAN_POINT('',(40.6,16.));
#4384 = CARTESIAN_POINT('',(40.6,67.961524227066));
#4385 = CARTESIAN_POINT('',(85.6,41.980762113533));
#4386 = CARTESIAN_POINT('',(130.6,16.));
#4387 = CARTESIAN_POINT('',(85.6,-9.980762113533));
#4388 = CARTESIAN_POINT('',(40.6,-35.96152422706));
#4389 = CARTESIAN_POINT('',(40.6,16.));
#4390 = ( GEOMETRIC_REPRESENTATION_CONTEXT(2) 
PARAMETRIC_REPRESENTATION_CONTEXT() REPRESENTATION_CONTEXT('2D SPACE',''
  ) );
#4391 = ORIENTED_EDGE('',*,*,#4392,.T.);
#4392 = EDGE_CURVE('',#4365,#4393,#4395,.T.);
#4393 = VERTEX_POINT('',#4394);
#4394 = CARTESIAN_POINT('',(-11.1,55.4,-42.68118970574));
#4395 = SURFACE_CURVE('',#4396,(#4400,#4406),.PCURVE_S1.);
#4396 = LINE('',#4397,#4398);
#4397 = CARTESIAN_POINT('',(-100.,55.4,-42.68118970574));
#4398 = VECTOR('',#4399,1.);
#4399 = DIRECTION('',(-1.,-0.,-0.));
#4400 = PCURVE('',#749,#4401);
#4401 = DEFINITIONAL_REPRESENTATION('',(#4402),#4405);
#4402 = B_SPLINE_CURVE_WITH_KNOTS('',1,(#4403,#4404),.UNSPECIFIED.,.F.,
  .F.,(2,2),(-113.32,-86.68),.PIECEWISE_BEZIER_KNOTS.);
#4403 = CARTESIAN_POINT('',(-1.112181689619,-113.32));
#4404 = CARTESIAN_POINT('',(-1.112181689619,-86.68));
#4405 = ( GEOMETRIC_REPRESENTATION_CONTEXT(2) 
PARAMETRIC_REPRESENTATION_CONTEXT() REPRESENTATION_CONTEXT('2D SPACE',''
  ) );
#4406 = PCURVE('',#2253,#4407);
#4407 = DEFINITIONAL_REPRESENTATION('',(#4408),#4411);
#4408 = B_SPLINE_CURVE_WITH_KNOTS('',1,(#4409,#4410),.UNSPECIFIED.,.F.,
  .F.,(2,2),(-113.32,-86.68),.PIECEWISE_BEZIER_KNOTS.);
#4409 = CARTESIAN_POINT('',(57.318810294255,24.42));
#4410 = CARTESIAN_POINT('',(57.318810294255,-2.22));
#4411 = ( GEOMETRIC_REPRESENTATION_CONTEXT(2) 
PARAMETRIC_REPRESENTATION_CONTEXT() REPRESENTATION_CONTEXT('2D SPACE',''
  ) );
#4412 = ORIENTED_EDGE('',*,*,#4413,.F.);
#4413 = EDGE_CURVE('',#3343,#4393,#4414,.T.);
#4414 = SURFACE_CURVE('',#4415,(#4420,#4427),.PCURVE_S1.);
#4415 = CIRCLE('',#4416,30.);
#4416 = AXIS2_PLACEMENT_3D('',#4417,#4418,#4419);
#4417 = CARTESIAN_POINT('',(-11.1,28.5,-29.4));
#4418 = DIRECTION('',(-1.,0.,-0.));
#4419 = DIRECTION('',(0.,4.736951571734E-16,-1.));
#4420 = PCURVE('',#749,#4421);
#4421 = DEFINITIONAL_REPRESENTATION('',(#4422),#4426);
#4422 = LINE('',#4423,#4424);
#4423 = CARTESIAN_POINT('',(-6.28318530718,-88.9));
#4424 = VECTOR('',#4425,1.);
#4425 = DIRECTION('',(1.,-0.));
#4426 = ( GEOMETRIC_REPRESENTATION_CONTEXT(2) 
PARAMETRIC_REPRESENTATION_CONTEXT() REPRESENTATION_CONTEXT('2D SPACE',''
  ) );
#4427 = PCURVE('',#2279,#4428);
#4428 = DEFINITIONAL_REPRESENTATION('',(#4429),#4437);
#4429 = ( BOUNDED_CURVE() B_SPLINE_CURVE(2,(#4430,#4431,#4432,#4433,
#4434,#4435,#4436),.UNSPECIFIED.,.T.,.F.) B_SPLINE_CURVE_WITH_KNOTS((1,2
    ,2,2,2,1),(-2.094395102393,0.,2.094395102393,4.188790204786,
6.28318530718,8.377580409573),.UNSPECIFIED.) CURVE() 
GEOMETRIC_REPRESENTATION_ITEM() RATIONAL_B_SPLINE_CURVE((1.,0.5,1.,0.5,
1.,0.5,1.)) REPRESENTATION_ITEM('') );
#4430 = CARTESIAN_POINT('',(40.6,26.9));
#4431 = CARTESIAN_POINT('',(40.6,78.861524227066));
#4432 = CARTESIAN_POINT('',(85.6,52.880762113533));
#4433 = CARTESIAN_POINT('',(130.6,26.9));
#4434 = CARTESIAN_POINT('',(85.6,0.919237886467));
#4435 = CARTESIAN_POINT('',(40.6,-25.06152422706));
#4436 = CARTESIAN_POINT('',(40.6,26.9));
#4437 = ( GEOMETRIC_REPRESENTATION_CONTEXT(2) 
PARAMETRIC_REPRESENTATION_CONTEXT() REPRESENTATION_CONTEXT('2D SPACE',''
  ) );
#4438 = ORIENTED_EDGE('',*,*,#3363,.T.);
#4439 = ADVANCED_FACE('',(#4440),#723,.F.);
#4440 = FACE_BOUND('',#4441,.F.);
#4441 = EDGE_LOOP('',(#4442,#4443,#4444,#4445));
#4442 = ORIENTED_EDGE('',*,*,#4109,.F.);
#4443 = ORIENTED_EDGE('',*,*,#708,.F.);
#4444 = ORIENTED_EDGE('',*,*,#2369,.T.);
#4445 = ORIENTED_EDGE('',*,*,#4446,.T.);
#4446 = EDGE_CURVE('',#2370,#4110,#4447,.T.);
#4447 = SURFACE_CURVE('',#4448,(#4452,#4458),.PCURVE_S1.);
#4448 = LINE('',#4449,#4450);
#4449 = CARTESIAN_POINT('',(16.526030246583,-114.25,-59.4));
#4450 = VECTOR('',#4451,1.);
#4451 = DIRECTION('',(1.354204257274E-17,1.,1.246566203088E-16));
#4452 = PCURVE('',#723,#4453);
#4453 = DEFINITIONAL_REPRESENTATION('',(#4454),#4457);
#4454 = B_SPLINE_CURVE_WITH_KNOTS('',1,(#4455,#4456),.UNSPECIFIED.,.F.,
  .F.,(2,2),(85.75,142.75),.PIECEWISE_BEZIER_KNOTS.);
#4455 = CARTESIAN_POINT('',(-1.42108547152E-14,-116.5260302465));
#4456 = CARTESIAN_POINT('',(57.,-116.5260302465));
#4457 = ( GEOMETRIC_REPRESENTATION_CONTEXT(2) 
PARAMETRIC_REPRESENTATION_CONTEXT() REPRESENTATION_CONTEXT('2D SPACE',''
  ) );
#4458 = PCURVE('',#3303,#4459);
#4459 = DEFINITIONAL_REPRESENTATION('',(#4460),#4463);
#4460 = B_SPLINE_CURVE_WITH_KNOTS('',1,(#4461,#4462),.UNSPECIFIED.,.F.,
  .F.,(2,2),(85.75,142.75),.PIECEWISE_BEZIER_KNOTS.);
#4461 = CARTESIAN_POINT('',(196.07162281251,-171.5));
#4462 = CARTESIAN_POINT('',(196.07162281251,-228.5));
#4463 = ( GEOMETRIC_REPRESENTATION_CONTEXT(2) 
PARAMETRIC_REPRESENTATION_CONTEXT() REPRESENTATION_CONTEXT('2D SPACE',''
  ) );
#4464 = ADVANCED_FACE('',(#4465),#1040,.T.);
#4465 = FACE_BOUND('',#4466,.T.);
#4466 = EDGE_LOOP('',(#4467,#4490,#4491,#4492));
#4467 = ORIENTED_EDGE('',*,*,#4468,.T.);
#4468 = EDGE_CURVE('',#4469,#1024,#4471,.T.);
#4469 = VERTEX_POINT('',#4470);
#4470 = CARTESIAN_POINT('',(-28.08476917412,1.151167991199E-14,47.));
#4471 = SEAM_CURVE('',#4472,(#4476,#4483),.PCURVE_S1.);
#4472 = LINE('',#4473,#4474);
#4473 = CARTESIAN_POINT('',(-100.,1.151167991199E-14,47.));
#4474 = VECTOR('',#4475,1.);
#4475 = DIRECTION('',(1.,0.,0.));
#4476 = PCURVE('',#1040,#4477);
#4477 = DEFINITIONAL_REPRESENTATION('',(#4478),#4482);
#4478 = LINE('',#4479,#4480);
#4479 = CARTESIAN_POINT('',(6.28318530718,-0.));
#4480 = VECTOR('',#4481,1.);
#4481 = DIRECTION('',(0.,1.));
#4482 = ( GEOMETRIC_REPRESENTATION_CONTEXT(2) 
PARAMETRIC_REPRESENTATION_CONTEXT() REPRESENTATION_CONTEXT('2D SPACE',''
  ) );
#4483 = PCURVE('',#1040,#4484);
#4484 = DEFINITIONAL_REPRESENTATION('',(#4485),#4489);
#4485 = LINE('',#4486,#4487);
#4486 = CARTESIAN_POINT('',(0.,-0.));
#4487 = VECTOR('',#4488,1.);
#4488 = DIRECTION('',(0.,1.));
#4489 = ( GEOMETRIC_REPRESENTATION_CONTEXT(2) 
PARAMETRIC_REPRESENTATION_CONTEXT() REPRESENTATION_CONTEXT('2D SPACE',''
  ) );
#4490 = ORIENTED_EDGE('',*,*,#1023,.T.);
#4491 = ORIENTED_EDGE('',*,*,#4468,.F.);
#4492 = ORIENTED_EDGE('',*,*,#4493,.F.);
#4493 = EDGE_CURVE('',#4469,#4469,#4494,.T.);
#4494 = SURFACE_CURVE('',#4495,(#4500,#4534),.PCURVE_S1.);
#4495 = ELLIPSE('',#4496,47.276522080915,47.);
#4496 = AXIS2_PLACEMENT_3D('',#4497,#4498,#4499);
#4497 = CARTESIAN_POINT('',(-22.97893524936,0.,0.));
#4498 = DIRECTION('',(-0.994150963972,-0.,-0.107999355706));
#4499 = DIRECTION('',(0.107999355706,0.,-0.994150963972));
#4500 = PCURVE('',#1040,#4501);
#4501 = DEFINITIONAL_REPRESENTATION('',(#4502),#4533);
#4502 = B_SPLINE_CURVE_WITH_KNOTS('',8,(#4503,#4504,#4505,#4506,#4507,
    #4508,#4509,#4510,#4511,#4512,#4513,#4514,#4515,#4516,#4517,#4518,
    #4519,#4520,#4521,#4522,#4523,#4524,#4525,#4526,#4527,#4528,#4529,
    #4530,#4531,#4532),.UNSPECIFIED.,.F.,.F.,(9,7,7,7,9),(3.14159265359,
    4.712388980385,5.890486225481,7.657632093125,9.424777960769),
  .UNSPECIFIED.);
#4503 = CARTESIAN_POINT('',(6.28318530718,71.915230825875));
#4504 = CARTESIAN_POINT('',(6.08683576633,71.915230825875));
#4505 = CARTESIAN_POINT('',(5.890486225482,72.140197830668));
#4506 = CARTESIAN_POINT('',(5.69413668463,72.590129928722));
#4507 = CARTESIAN_POINT('',(5.497787143789,73.246532342921));
#4508 = CARTESIAN_POINT('',(5.301437602933,74.072377949109));
#4509 = CARTESIAN_POINT('',(5.105088062084,75.016008219027));
#4510 = CARTESIAN_POINT('',(4.908738521234,76.018536603855));
#4511 = CARTESIAN_POINT('',(4.565126824748,77.77296086072));
#4512 = CARTESIAN_POINT('',(4.41786466911,78.524856695628));
#4513 = CARTESIAN_POINT('',(4.270602513474,79.251907255803));
#4514 = CARTESIAN_POINT('',(4.123340357837,79.929260632667));
#4515 = CARTESIAN_POINT('',(3.976078202199,80.533801628734));
#4516 = CARTESIAN_POINT('',(3.828816046563,81.045852282224));
#4517 = CARTESIAN_POINT('',(3.681553890926,81.450502025934));
#4518 = CARTESIAN_POINT('',(3.313398501833,82.169847486407));
#4519 = CARTESIAN_POINT('',(3.092505268374,82.338404075839));
#4520 = CARTESIAN_POINT('',(2.871612034941,82.211822268931));
#4521 = CARTESIAN_POINT('',(2.650718801447,81.785379240348));
#4522 = CARTESIAN_POINT('',(2.429825568029,81.086792206857));
#4523 = CARTESIAN_POINT('',(2.208932334554,80.173963109279));
#4524 = CARTESIAN_POINT('',(1.9880391011,79.123336490923));
#4525 = CARTESIAN_POINT('',(1.546252634189,76.910990579432));
#4526 = CARTESIAN_POINT('',(1.325359400744,75.749270061788));
#4527 = CARTESIAN_POINT('',(1.10446616726,74.614255517692));
#4528 = CARTESIAN_POINT('',(0.883572933896,73.593945756904));
#4529 = CARTESIAN_POINT('',(0.662679700348,72.769397608557));
#4530 = CARTESIAN_POINT('',(0.441786466926,72.199955096163));
#4531 = CARTESIAN_POINT('',(0.220893233456,71.915230825875));
#4532 = CARTESIAN_POINT('',(8.881784197001E-15,71.915230825875));
#4533 = ( GEOMETRIC_REPRESENTATION_CONTEXT(2) 
PARAMETRIC_REPRESENTATION_CONTEXT() REPRESENTATION_CONTEXT('2D SPACE',''
  ) );
#4534 = PCURVE('',#4535,#4540);
#4535 = PLANE('',#4536);
#4536 = AXIS2_PLACEMENT_3D('',#4537,#4538,#4539);
#4537 = CARTESIAN_POINT('',(4.649578689403,-200.,-254.3247928266));
#4538 = DIRECTION('',(-0.994150963972,-0.,-0.107999355706));
#4539 = DIRECTION('',(0.107999355706,0.,-0.994150963972));
#4540 = DEFINITIONAL_REPRESENTATION('',(#4541),#4545);
#4541 = ELLIPSE('',#4542,47.276522080915,47.);
#4542 = AXIS2_PLACEMENT_2D('',#4543,#4544);
#4543 = CARTESIAN_POINT('',(-255.8210996552,-200.));
#4544 = DIRECTION('',(1.,-0.));
#4545 = ( GEOMETRIC_REPRESENTATION_CONTEXT(2) 
PARAMETRIC_REPRESENTATION_CONTEXT() REPRESENTATION_CONTEXT('2D SPACE',''
  ) );
#4546 = ADVANCED_FACE('',(#4547),#1495,.F.);
#4547 = FACE_BOUND('',#4548,.F.);
#4548 = EDGE_LOOP('',(#4549,#4568,#4569,#4570));
#4549 = ORIENTED_EDGE('',*,*,#4550,.F.);
#4550 = EDGE_CURVE('',#1602,#1455,#4551,.T.);
#4551 = SURFACE_CURVE('',#4552,(#4556,#4562),.PCURVE_S1.);
#4552 = LINE('',#4553,#4554);
#4553 = CARTESIAN_POINT('',(-7.5,-55.4,-100.));
#4554 = VECTOR('',#4555,1.);
#4555 = DIRECTION('',(0.,0.,1.));
#4556 = PCURVE('',#1495,#4557);
#4557 = DEFINITIONAL_REPRESENTATION('',(#4558),#4561);
#4558 = B_SPLINE_CURVE_WITH_KNOTS('',1,(#4559,#4560),.UNSPECIFIED.,.F.,
  .F.,(2,2),(45.222844919101,164.2),.PIECEWISE_BEZIER_KNOTS.);
#4559 = CARTESIAN_POINT('',(45.222844919101,3.6));
#4560 = CARTESIAN_POINT('',(164.2,3.6));
#4561 = ( GEOMETRIC_REPRESENTATION_CONTEXT(2) 
PARAMETRIC_REPRESENTATION_CONTEXT() REPRESENTATION_CONTEXT('2D SPACE',''
  ) );
#4562 = PCURVE('',#1469,#4563);
#4563 = DEFINITIONAL_REPRESENTATION('',(#4564),#4567);
#4564 = B_SPLINE_CURVE_WITH_KNOTS('',1,(#4565,#4566),.UNSPECIFIED.,.F.,
  .F.,(2,2),(45.222844919101,164.2),.PIECEWISE_BEZIER_KNOTS.);
#4565 = CARTESIAN_POINT('',(45.222844919101,-24.6));
#4566 = CARTESIAN_POINT('',(164.2,-24.6));
#4567 = ( GEOMETRIC_REPRESENTATION_CONTEXT(2) 
PARAMETRIC_REPRESENTATION_CONTEXT() REPRESENTATION_CONTEXT('2D SPACE',''
  ) );
#4568 = ORIENTED_EDGE('',*,*,#1601,.F.);
#4569 = ORIENTED_EDGE('',*,*,#1550,.T.);
#4570 = ORIENTED_EDGE('',*,*,#1480,.T.);
#4571 = ADVANCED_FACE('',(#4572),#1469,.T.);
#4572 = FACE_BOUND('',#4573,.T.);
#4573 = EDGE_LOOP('',(#4574,#4575,#4596,#4597));
#4574 = ORIENTED_EDGE('',*,*,#1622,.F.);
#4575 = ORIENTED_EDGE('',*,*,#4576,.T.);
#4576 = EDGE_CURVE('',#1623,#1429,#4577,.T.);
#4577 = SURFACE_CURVE('',#4578,(#4582,#4589),.PCURVE_S1.);
#4578 = LINE('',#4579,#4580);
#4579 = CARTESIAN_POINT('',(-7.5,-44.5,-100.));
#4580 = VECTOR('',#4581,1.);
#4581 = DIRECTION('',(0.,0.,1.));
#4582 = PCURVE('',#1469,#4583);
#4583 = DEFINITIONAL_REPRESENTATION('',(#4584),#4588);
#4584 = LINE('',#4585,#4586);
#4585 = CARTESIAN_POINT('',(0.,-35.5));
#4586 = VECTOR('',#4587,1.);
#4587 = DIRECTION('',(1.,0.));
#4588 = ( GEOMETRIC_REPRESENTATION_CONTEXT(2) 
PARAMETRIC_REPRESENTATION_CONTEXT() REPRESENTATION_CONTEXT('2D SPACE',''
  ) );
#4589 = PCURVE('',#1443,#4590);
#4590 = DEFINITIONAL_REPRESENTATION('',(#4591),#4595);
#4591 = LINE('',#4592,#4593);
#4592 = CARTESIAN_POINT('',(0.,0.));
#4593 = VECTOR('',#4594,1.);
#4594 = DIRECTION('',(1.,0.));
#4595 = ( GEOMETRIC_REPRESENTATION_CONTEXT(2) 
PARAMETRIC_REPRESENTATION_CONTEXT() REPRESENTATION_CONTEXT('2D SPACE',''
  ) );
#4596 = ORIENTED_EDGE('',*,*,#1454,.T.);
#4597 = ORIENTED_EDGE('',*,*,#4550,.F.);
#4598 = ADVANCED_FACE('',(#4599),#1443,.F.);
#4599 = FACE_BOUND('',#4600,.F.);
#4600 = EDGE_LOOP('',(#4601,#4602,#4603,#4604));
#4601 = ORIENTED_EDGE('',*,*,#1643,.F.);
#4602 = ORIENTED_EDGE('',*,*,#4576,.T.);
#4603 = ORIENTED_EDGE('',*,*,#1428,.T.);
#4604 = ORIENTED_EDGE('',*,*,#4605,.T.);
#4605 = EDGE_CURVE('',#1403,#1644,#4606,.T.);
#4606 = SURFACE_CURVE('',#4607,(#4611,#4617),.PCURVE_S1.);
#4607 = LINE('',#4608,#4609);
#4608 = CARTESIAN_POINT('',(-6.5,-44.5,-24.15));
#4609 = VECTOR('',#4610,1.);
#4610 = DIRECTION('',(-0.,0.,-1.));
#4611 = PCURVE('',#1443,#4612);
#4612 = DEFINITIONAL_REPRESENTATION('',(#4613),#4616);
#4613 = B_SPLINE_CURVE_WITH_KNOTS('',1,(#4614,#4615),.UNSPECIFIED.,.F.,
  .F.,(2,2),(-88.35,-75.85),.PIECEWISE_BEZIER_KNOTS.);
#4614 = CARTESIAN_POINT('',(164.2,1.));
#4615 = CARTESIAN_POINT('',(151.7,1.));
#4616 = ( GEOMETRIC_REPRESENTATION_CONTEXT(2) 
PARAMETRIC_REPRESENTATION_CONTEXT() REPRESENTATION_CONTEXT('2D SPACE',''
  ) );
#4617 = PCURVE('',#1417,#4618);
#4618 = DEFINITIONAL_REPRESENTATION('',(#4619),#4622);
#4619 = B_SPLINE_CURVE_WITH_KNOTS('',1,(#4620,#4621),.UNSPECIFIED.,.F.,
  .F.,(2,2),(-88.35,-75.85),.PIECEWISE_BEZIER_KNOTS.);
#4620 = CARTESIAN_POINT('',(12.5,-35.5));
#4621 = CARTESIAN_POINT('',(0.,-35.5));
#4622 = ( GEOMETRIC_REPRESENTATION_CONTEXT(2) 
PARAMETRIC_REPRESENTATION_CONTEXT() REPRESENTATION_CONTEXT('2D SPACE',''
  ) );
#4623 = ADVANCED_FACE('',(#4624),#1417,.T.);
#4624 = FACE_BOUND('',#4625,.T.);
#4625 = EDGE_LOOP('',(#4626,#4627,#4628,#4647));
#4626 = ORIENTED_EDGE('',*,*,#4605,.T.);
#4627 = ORIENTED_EDGE('',*,*,#1664,.T.);
#4628 = ORIENTED_EDGE('',*,*,#4629,.F.);
#4629 = EDGE_CURVE('',#1377,#1665,#4630,.T.);
#4630 = SURFACE_CURVE('',#4631,(#4635,#4641),.PCURVE_S1.);
#4631 = LINE('',#4632,#4633);
#4632 = CARTESIAN_POINT('',(-6.5,44.5,-24.15));
#4633 = VECTOR('',#4634,1.);
#4634 = DIRECTION('',(-0.,0.,-1.));
#4635 = PCURVE('',#1417,#4636);
#4636 = DEFINITIONAL_REPRESENTATION('',(#4637),#4640);
#4637 = B_SPLINE_CURVE_WITH_KNOTS('',1,(#4638,#4639),.UNSPECIFIED.,.F.,
  .F.,(2,2),(-88.35,-75.85),.PIECEWISE_BEZIER_KNOTS.);
#4638 = CARTESIAN_POINT('',(12.5,-124.5));
#4639 = CARTESIAN_POINT('',(0.,-124.5));
#4640 = ( GEOMETRIC_REPRESENTATION_CONTEXT(2) 
PARAMETRIC_REPRESENTATION_CONTEXT() REPRESENTATION_CONTEXT('2D SPACE',''
  ) );
#4641 = PCURVE('',#1391,#4642);
#4642 = DEFINITIONAL_REPRESENTATION('',(#4643),#4646);
#4643 = B_SPLINE_CURVE_WITH_KNOTS('',1,(#4644,#4645),.UNSPECIFIED.,.F.,
  .F.,(2,2),(-88.35,-75.85),.PIECEWISE_BEZIER_KNOTS.);
#4644 = CARTESIAN_POINT('',(164.2,1.));
#4645 = CARTESIAN_POINT('',(151.7,1.));
#4646 = ( GEOMETRIC_REPRESENTATION_CONTEXT(2) 
PARAMETRIC_REPRESENTATION_CONTEXT() REPRESENTATION_CONTEXT('2D SPACE',''
  ) );
#4647 = ORIENTED_EDGE('',*,*,#1402,.T.);
#4648 = ADVANCED_FACE('',(#4649),#1391,.T.);
#4649 = FACE_BOUND('',#4650,.T.);
#4650 = EDGE_LOOP('',(#4651,#4652,#4673,#4674));
#4651 = ORIENTED_EDGE('',*,*,#1687,.F.);
#4652 = ORIENTED_EDGE('',*,*,#4653,.T.);
#4653 = EDGE_CURVE('',#1688,#1351,#4654,.T.);
#4654 = SURFACE_CURVE('',#4655,(#4659,#4666),.PCURVE_S1.);
#4655 = LINE('',#4656,#4657);
#4656 = CARTESIAN_POINT('',(-7.5,44.5,-100.));
#4657 = VECTOR('',#4658,1.);
#4658 = DIRECTION('',(0.,0.,1.));
#4659 = PCURVE('',#1391,#4660);
#4660 = DEFINITIONAL_REPRESENTATION('',(#4661),#4665);
#4661 = LINE('',#4662,#4663);
#4662 = CARTESIAN_POINT('',(0.,0.));
#4663 = VECTOR('',#4664,1.);
#4664 = DIRECTION('',(1.,0.));
#4665 = ( GEOMETRIC_REPRESENTATION_CONTEXT(2) 
PARAMETRIC_REPRESENTATION_CONTEXT() REPRESENTATION_CONTEXT('2D SPACE',''
  ) );
#4666 = PCURVE('',#1365,#4667);
#4667 = DEFINITIONAL_REPRESENTATION('',(#4668),#4672);
#4668 = LINE('',#4669,#4670);
#4669 = CARTESIAN_POINT('',(0.,0.));
#4670 = VECTOR('',#4671,1.);
#4671 = DIRECTION('',(1.,0.));
#4672 = ( GEOMETRIC_REPRESENTATION_CONTEXT(2) 
PARAMETRIC_REPRESENTATION_CONTEXT() REPRESENTATION_CONTEXT('2D SPACE',''
  ) );
#4673 = ORIENTED_EDGE('',*,*,#1376,.T.);
#4674 = ORIENTED_EDGE('',*,*,#4629,.T.);
#4675 = ADVANCED_FACE('',(#4676),#1365,.T.);
#4676 = FACE_BOUND('',#4677,.T.);
#4677 = EDGE_LOOP('',(#4678,#4679,#4680,#4699));
#4678 = ORIENTED_EDGE('',*,*,#4653,.F.);
#4679 = ORIENTED_EDGE('',*,*,#1708,.F.);
#4680 = ORIENTED_EDGE('',*,*,#4681,.T.);
#4681 = EDGE_CURVE('',#1709,#1325,#4682,.T.);
#4682 = SURFACE_CURVE('',#4683,(#4687,#4693),.PCURVE_S1.);
#4683 = LINE('',#4684,#4685);
#4684 = CARTESIAN_POINT('',(-7.5,55.4,-100.));
#4685 = VECTOR('',#4686,1.);
#4686 = DIRECTION('',(0.,0.,1.));
#4687 = PCURVE('',#1365,#4688);
#4688 = DEFINITIONAL_REPRESENTATION('',(#4689),#4692);
#4689 = B_SPLINE_CURVE_WITH_KNOTS('',1,(#4690,#4691),.UNSPECIFIED.,.F.,
  .F.,(2,2),(45.222844919101,164.2),.PIECEWISE_BEZIER_KNOTS.);
#4690 = CARTESIAN_POINT('',(45.222844919101,-10.9));
#4691 = CARTESIAN_POINT('',(164.2,-10.9));
#4692 = ( GEOMETRIC_REPRESENTATION_CONTEXT(2) 
PARAMETRIC_REPRESENTATION_CONTEXT() REPRESENTATION_CONTEXT('2D SPACE',''
  ) );
#4693 = PCURVE('',#1339,#4694);
#4694 = DEFINITIONAL_REPRESENTATION('',(#4695),#4698);
#4695 = B_SPLINE_CURVE_WITH_KNOTS('',1,(#4696,#4697),.UNSPECIFIED.,.F.,
  .F.,(2,2),(45.222844919101,164.2),.PIECEWISE_BEZIER_KNOTS.);
#4696 = CARTESIAN_POINT('',(45.222844919101,3.6));
#4697 = CARTESIAN_POINT('',(164.2,3.6));
#4698 = ( GEOMETRIC_REPRESENTATION_CONTEXT(2) 
PARAMETRIC_REPRESENTATION_CONTEXT() REPRESENTATION_CONTEXT('2D SPACE',''
  ) );
#4699 = ORIENTED_EDGE('',*,*,#1350,.T.);
#4700 = ADVANCED_FACE('',(#4701),#1339,.T.);
#4701 = FACE_BOUND('',#4702,.T.);
#4702 = EDGE_LOOP('',(#4703,#4704,#4705,#4726));
#4703 = ORIENTED_EDGE('',*,*,#4681,.F.);
#4704 = ORIENTED_EDGE('',*,*,#1729,.F.);
#4705 = ORIENTED_EDGE('',*,*,#4706,.T.);
#4706 = EDGE_CURVE('',#1730,#1299,#4707,.T.);
#4707 = SURFACE_CURVE('',#4708,(#4712,#4719),.PCURVE_S1.);
#4708 = LINE('',#4709,#4710);
#4709 = CARTESIAN_POINT('',(-11.1,55.4,-100.));
#4710 = VECTOR('',#4711,1.);
#4711 = DIRECTION('',(0.,0.,1.));
#4712 = PCURVE('',#1339,#4713);
#4713 = DEFINITIONAL_REPRESENTATION('',(#4714),#4718);
#4714 = LINE('',#4715,#4716);
#4715 = CARTESIAN_POINT('',(0.,0.));
#4716 = VECTOR('',#4717,1.);
#4717 = DIRECTION('',(1.,0.));
#4718 = ( GEOMETRIC_REPRESENTATION_CONTEXT(2) 
PARAMETRIC_REPRESENTATION_CONTEXT() REPRESENTATION_CONTEXT('2D SPACE',''
  ) );
#4719 = PCURVE('',#1313,#4720);
#4720 = DEFINITIONAL_REPRESENTATION('',(#4721),#4725);
#4721 = LINE('',#4722,#4723);
#4722 = CARTESIAN_POINT('',(0.,0.));
#4723 = VECTOR('',#4724,1.);
#4724 = DIRECTION('',(1.,0.));
#4725 = ( GEOMETRIC_REPRESENTATION_CONTEXT(2) 
PARAMETRIC_REPRESENTATION_CONTEXT() REPRESENTATION_CONTEXT('2D SPACE',''
  ) );
#4726 = ORIENTED_EDGE('',*,*,#1324,.T.);
#4727 = ADVANCED_FACE('',(#4728),#1313,.T.);
#4728 = FACE_BOUND('',#4729,.T.);
#4729 = EDGE_LOOP('',(#4730,#4731,#4732,#4733));
#4730 = ORIENTED_EDGE('',*,*,#4706,.F.);
#4731 = ORIENTED_EDGE('',*,*,#1750,.F.);
#4732 = ORIENTED_EDGE('',*,*,#3320,.T.);
#4733 = ORIENTED_EDGE('',*,*,#1298,.T.);
#4734 = ADVANCED_FACE('',(#4735),#2279,.T.);
#4735 = FACE_BOUND('',#4736,.T.);
#4736 = EDGE_LOOP('',(#4737,#4758,#4759,#4760));
#4737 = ORIENTED_EDGE('',*,*,#4738,.F.);
#4738 = EDGE_CURVE('',#4393,#2239,#4739,.T.);
#4739 = SURFACE_CURVE('',#4740,(#4744,#4751),.PCURVE_S1.);
#4740 = LINE('',#4741,#4742);
#4741 = CARTESIAN_POINT('',(-11.1,55.4,-100.));
#4742 = VECTOR('',#4743,1.);
#4743 = DIRECTION('',(0.,0.,1.));
#4744 = PCURVE('',#2279,#4745);
#4745 = DEFINITIONAL_REPRESENTATION('',(#4746),#4750);
#4746 = LINE('',#4747,#4748);
#4747 = CARTESIAN_POINT('',(0.,0.));
#4748 = VECTOR('',#4749,1.);
#4749 = DIRECTION('',(1.,0.));
#4750 = ( GEOMETRIC_REPRESENTATION_CONTEXT(2) 
PARAMETRIC_REPRESENTATION_CONTEXT() REPRESENTATION_CONTEXT('2D SPACE',''
  ) );
#4751 = PCURVE('',#2253,#4752);
#4752 = DEFINITIONAL_REPRESENTATION('',(#4753),#4757);
#4753 = LINE('',#4754,#4755);
#4754 = CARTESIAN_POINT('',(0.,0.));
#4755 = VECTOR('',#4756,1.);
#4756 = DIRECTION('',(1.,0.));
#4757 = ( GEOMETRIC_REPRESENTATION_CONTEXT(2) 
PARAMETRIC_REPRESENTATION_CONTEXT() REPRESENTATION_CONTEXT('2D SPACE',''
  ) );
#4758 = ORIENTED_EDGE('',*,*,#4413,.F.);
#4759 = ORIENTED_EDGE('',*,*,#3342,.T.);
#4760 = ORIENTED_EDGE('',*,*,#2264,.T.);
#4761 = ADVANCED_FACE('',(#4762),#2253,.T.);
#4762 = FACE_BOUND('',#4763,.T.);
#4763 = EDGE_LOOP('',(#4764,#4783,#4784,#4785));
#4764 = ORIENTED_EDGE('',*,*,#4765,.F.);
#4765 = EDGE_CURVE('',#4365,#2213,#4766,.T.);
#4766 = SURFACE_CURVE('',#4767,(#4771,#4777),.PCURVE_S1.);
#4767 = LINE('',#4768,#4769);
#4768 = CARTESIAN_POINT('',(-7.5,55.4,-100.));
#4769 = VECTOR('',#4770,1.);
#4770 = DIRECTION('',(0.,0.,1.));
#4771 = PCURVE('',#2253,#4772);
#4772 = DEFINITIONAL_REPRESENTATION('',(#4773),#4776);
#4773 = B_SPLINE_CURVE_WITH_KNOTS('',1,(#4774,#4775),.UNSPECIFIED.,.F.,
  .F.,(2,2),(45.222844919101,164.2),.PIECEWISE_BEZIER_KNOTS.);
#4774 = CARTESIAN_POINT('',(45.222844919101,3.6));
#4775 = CARTESIAN_POINT('',(164.2,3.6));
#4776 = ( GEOMETRIC_REPRESENTATION_CONTEXT(2) 
PARAMETRIC_REPRESENTATION_CONTEXT() REPRESENTATION_CONTEXT('2D SPACE',''
  ) );
#4777 = PCURVE('',#2227,#4778);
#4778 = DEFINITIONAL_REPRESENTATION('',(#4779),#4782);
#4779 = B_SPLINE_CURVE_WITH_KNOTS('',1,(#4780,#4781),.UNSPECIFIED.,.F.,
  .F.,(2,2),(45.222844919101,164.2),.PIECEWISE_BEZIER_KNOTS.);
#4780 = CARTESIAN_POINT('',(45.222844919101,-10.9));
#4781 = CARTESIAN_POINT('',(164.2,-10.9));
#4782 = ( GEOMETRIC_REPRESENTATION_CONTEXT(2) 
PARAMETRIC_REPRESENTATION_CONTEXT() REPRESENTATION_CONTEXT('2D SPACE',''
  ) );
#4783 = ORIENTED_EDGE('',*,*,#4392,.T.);
#4784 = ORIENTED_EDGE('',*,*,#4738,.T.);
#4785 = ORIENTED_EDGE('',*,*,#2238,.T.);
#4786 = ADVANCED_FACE('',(#4787),#2227,.T.);
#4787 = FACE_BOUND('',#4788,.T.);
#4788 = EDGE_LOOP('',(#4789,#4810,#4811,#4812));
#4789 = ORIENTED_EDGE('',*,*,#4790,.F.);
#4790 = EDGE_CURVE('',#4344,#2187,#4791,.T.);
#4791 = SURFACE_CURVE('',#4792,(#4796,#4803),.PCURVE_S1.);
#4792 = LINE('',#4793,#4794);
#4793 = CARTESIAN_POINT('',(-7.5,44.5,-100.));
#4794 = VECTOR('',#4795,1.);
#4795 = DIRECTION('',(0.,0.,1.));
#4796 = PCURVE('',#2227,#4797);
#4797 = DEFINITIONAL_REPRESENTATION('',(#4798),#4802);
#4798 = LINE('',#4799,#4800);
#4799 = CARTESIAN_POINT('',(0.,0.));
#4800 = VECTOR('',#4801,1.);
#4801 = DIRECTION('',(1.,0.));
#4802 = ( GEOMETRIC_REPRESENTATION_CONTEXT(2) 
PARAMETRIC_REPRESENTATION_CONTEXT() REPRESENTATION_CONTEXT('2D SPACE',''
  ) );
#4803 = PCURVE('',#2201,#4804);
#4804 = DEFINITIONAL_REPRESENTATION('',(#4805),#4809);
#4805 = LINE('',#4806,#4807);
#4806 = CARTESIAN_POINT('',(0.,0.));
#4807 = VECTOR('',#4808,1.);
#4808 = DIRECTION('',(1.,0.));
#4809 = ( GEOMETRIC_REPRESENTATION_CONTEXT(2) 
PARAMETRIC_REPRESENTATION_CONTEXT() REPRESENTATION_CONTEXT('2D SPACE',''
  ) );
#4810 = ORIENTED_EDGE('',*,*,#4364,.F.);
#4811 = ORIENTED_EDGE('',*,*,#4765,.T.);
#4812 = ORIENTED_EDGE('',*,*,#2212,.T.);
#4813 = ADVANCED_FACE('',(#4814),#2201,.T.);
#4814 = FACE_BOUND('',#4815,.T.);
#4815 = EDGE_LOOP('',(#4816,#4837,#4838,#4839));
#4816 = ORIENTED_EDGE('',*,*,#4817,.F.);
#4817 = EDGE_CURVE('',#4316,#2161,#4818,.T.);
#4818 = SURFACE_CURVE('',#4819,(#4823,#4830),.PCURVE_S1.);
#4819 = LINE('',#4820,#4821);
#4820 = CARTESIAN_POINT('',(7.5,44.5,-100.));
#4821 = VECTOR('',#4822,1.);
#4822 = DIRECTION('',(0.,0.,1.));
#4823 = PCURVE('',#2201,#4824);
#4824 = DEFINITIONAL_REPRESENTATION('',(#4825),#4829);
#4825 = LINE('',#4826,#4827);
#4826 = CARTESIAN_POINT('',(0.,15.));
#4827 = VECTOR('',#4828,1.);
#4828 = DIRECTION('',(1.,0.));
#4829 = ( GEOMETRIC_REPRESENTATION_CONTEXT(2) 
PARAMETRIC_REPRESENTATION_CONTEXT() REPRESENTATION_CONTEXT('2D SPACE',''
  ) );
#4830 = PCURVE('',#2175,#4831);
#4831 = DEFINITIONAL_REPRESENTATION('',(#4832),#4836);
#4832 = LINE('',#4833,#4834);
#4833 = CARTESIAN_POINT('',(0.,0.));
#4834 = VECTOR('',#4835,1.);
#4835 = DIRECTION('',(1.,0.));
#4836 = ( GEOMETRIC_REPRESENTATION_CONTEXT(2) 
PARAMETRIC_REPRESENTATION_CONTEXT() REPRESENTATION_CONTEXT('2D SPACE',''
  ) );
#4837 = ORIENTED_EDGE('',*,*,#4343,.T.);
#4838 = ORIENTED_EDGE('',*,*,#4790,.T.);
#4839 = ORIENTED_EDGE('',*,*,#2186,.T.);
#4840 = ADVANCED_FACE('',(#4841),#2175,.F.);
#4841 = FACE_BOUND('',#4842,.F.);
#4842 = EDGE_LOOP('',(#4843,#4844,#4845,#4864));
#4843 = ORIENTED_EDGE('',*,*,#4817,.F.);
#4844 = ORIENTED_EDGE('',*,*,#4315,.F.);
#4845 = ORIENTED_EDGE('',*,*,#4846,.T.);
#4846 = EDGE_CURVE('',#4295,#2135,#4847,.T.);
#4847 = SURFACE_CURVE('',#4848,(#4852,#4858),.PCURVE_S1.);
#4848 = LINE('',#4849,#4850);
#4849 = CARTESIAN_POINT('',(7.5,55.4,-100.));
#4850 = VECTOR('',#4851,1.);
#4851 = DIRECTION('',(0.,0.,1.));
#4852 = PCURVE('',#2175,#4853);
#4853 = DEFINITIONAL_REPRESENTATION('',(#4854),#4857);
#4854 = B_SPLINE_CURVE_WITH_KNOTS('',1,(#4855,#4856),.UNSPECIFIED.,.F.,
  .F.,(2,2),(45.222844919101,164.2),.PIECEWISE_BEZIER_KNOTS.);
#4855 = CARTESIAN_POINT('',(45.222844919101,-10.9));
#4856 = CARTESIAN_POINT('',(164.2,-10.9));
#4857 = ( GEOMETRIC_REPRESENTATION_CONTEXT(2) 
PARAMETRIC_REPRESENTATION_CONTEXT() REPRESENTATION_CONTEXT('2D SPACE',''
  ) );
#4858 = PCURVE('',#2149,#4859);
#4859 = DEFINITIONAL_REPRESENTATION('',(#4860),#4863);
#4860 = B_SPLINE_CURVE_WITH_KNOTS('',1,(#4861,#4862),.UNSPECIFIED.,.F.,
  .F.,(2,2),(45.222844919101,164.2),.PIECEWISE_BEZIER_KNOTS.);
#4861 = CARTESIAN_POINT('',(45.222844919101,18.6));
#4862 = CARTESIAN_POINT('',(164.2,18.6));
#4863 = ( GEOMETRIC_REPRESENTATION_CONTEXT(2) 
PARAMETRIC_REPRESENTATION_CONTEXT() REPRESENTATION_CONTEXT('2D SPACE',''
  ) );
#4864 = ORIENTED_EDGE('',*,*,#2160,.T.);
#4865 = ADVANCED_FACE('',(#4866),#2149,.T.);
#4866 = FACE_BOUND('',#4867,.T.);
#4867 = EDGE_LOOP('',(#4868,#4889,#4890,#4891));
#4868 = ORIENTED_EDGE('',*,*,#4869,.F.);
#4869 = EDGE_CURVE('',#4267,#2109,#4870,.T.);
#4870 = SURFACE_CURVE('',#4871,(#4875,#4882),.PCURVE_S1.);
#4871 = LINE('',#4872,#4873);
#4872 = CARTESIAN_POINT('',(11.1,55.4,-100.));
#4873 = VECTOR('',#4874,1.);
#4874 = DIRECTION('',(0.,0.,1.));
#4875 = PCURVE('',#2149,#4876);
#4876 = DEFINITIONAL_REPRESENTATION('',(#4877),#4881);
#4877 = LINE('',#4878,#4879);
#4878 = CARTESIAN_POINT('',(0.,22.2));
#4879 = VECTOR('',#4880,1.);
#4880 = DIRECTION('',(1.,0.));
#4881 = ( GEOMETRIC_REPRESENTATION_CONTEXT(2) 
PARAMETRIC_REPRESENTATION_CONTEXT() REPRESENTATION_CONTEXT('2D SPACE',''
  ) );
#4882 = PCURVE('',#2123,#4883);
#4883 = DEFINITIONAL_REPRESENTATION('',(#4884),#4888);
#4884 = LINE('',#4885,#4886);
#4885 = CARTESIAN_POINT('',(0.,0.));
#4886 = VECTOR('',#4887,1.);
#4887 = DIRECTION('',(1.,0.));
#4888 = ( GEOMETRIC_REPRESENTATION_CONTEXT(2) 
PARAMETRIC_REPRESENTATION_CONTEXT() REPRESENTATION_CONTEXT('2D SPACE',''
  ) );
#4889 = ORIENTED_EDGE('',*,*,#4294,.T.);
#4890 = ORIENTED_EDGE('',*,*,#4846,.T.);
#4891 = ORIENTED_EDGE('',*,*,#2134,.T.);
#4892 = ADVANCED_FACE('',(#4893),#2123,.F.);
#4893 = FACE_BOUND('',#4894,.F.);
#4894 = EDGE_LOOP('',(#4895,#4896,#4897,#4916));
#4895 = ORIENTED_EDGE('',*,*,#4869,.F.);
#4896 = ORIENTED_EDGE('',*,*,#4266,.F.);
#4897 = ORIENTED_EDGE('',*,*,#4898,.T.);
#4898 = EDGE_CURVE('',#4163,#2080,#4899,.T.);
#4899 = SURFACE_CURVE('',#4900,(#4904,#4910),.PCURVE_S1.);
#4900 = LINE('',#4901,#4902);
#4901 = CARTESIAN_POINT('',(11.1,57.437270130117,-100.));
#4902 = VECTOR('',#4903,1.);
#4903 = DIRECTION('',(0.,0.,1.));
#4904 = PCURVE('',#2123,#4905);
#4905 = DEFINITIONAL_REPRESENTATION('',(#4906),#4909);
#4906 = B_SPLINE_CURVE_WITH_KNOTS('',1,(#4907,#4908),.UNSPECIFIED.,.F.,
  .F.,(2,2),(57.60574604607,164.2000006),.PIECEWISE_BEZIER_KNOTS.);
#4907 = CARTESIAN_POINT('',(57.60574604607,-2.037270130117));
#4908 = CARTESIAN_POINT('',(164.2000006,-2.037270130117));
#4909 = ( GEOMETRIC_REPRESENTATION_CONTEXT(2) 
PARAMETRIC_REPRESENTATION_CONTEXT() REPRESENTATION_CONTEXT('2D SPACE',''
  ) );
#4910 = PCURVE('',#2096,#4911);
#4911 = DEFINITIONAL_REPRESENTATION('',(#4912),#4915);
#4912 = B_SPLINE_CURVE_WITH_KNOTS('',1,(#4913,#4914),.UNSPECIFIED.,.F.,
  .F.,(2,2),(57.60574604607,164.2000006),.PIECEWISE_BEZIER_KNOTS.);
#4913 = CARTESIAN_POINT('',(1.37989534133,57.60574604607));
#4914 = CARTESIAN_POINT('',(1.37989534133,164.2000006));
#4915 = ( GEOMETRIC_REPRESENTATION_CONTEXT(2) 
PARAMETRIC_REPRESENTATION_CONTEXT() REPRESENTATION_CONTEXT('2D SPACE',''
  ) );
#4916 = ORIENTED_EDGE('',*,*,#2108,.T.);
#4917 = ADVANCED_FACE('',(#4918),#2096,.T.);
#4918 = FACE_BOUND('',#4919,.T.);
#4919 = EDGE_LOOP('',(#4920,#4948,#4949,#4950,#4951,#4972,#5001,#5027,
    #5056,#5089,#5168,#5200));
#4920 = ORIENTED_EDGE('',*,*,#4921,.F.);
#4921 = EDGE_CURVE('',#4133,#4922,#4924,.T.);
#4922 = VERTEX_POINT('',#4923);
#4923 = CARTESIAN_POINT('',(21.018192376911,54.593823727663,
    -18.04894486646));
#4924 = SURFACE_CURVE('',#4925,(#4930,#4941),.PCURVE_S1.);
#4925 = ELLIPSE('',#4926,541.66989809863,58.5);
#4926 = AXIS2_PLACEMENT_3D('',#4927,#4928,#4929);
#4927 = CARTESIAN_POINT('',(0.,0.,-211.5246936416));
#4928 = DIRECTION('',(0.994150963972,0.,-0.107999355706));
#4929 = DIRECTION('',(0.107999355706,0.,0.994150963972));
#4930 = PCURVE('',#2096,#4931);
#4931 = DEFINITIONAL_REPRESENTATION('',(#4932),#4940);
#4932 = B_SPLINE_CURVE_WITH_KNOTS('',6,(#4933,#4934,#4935,#4936,#4937,
    #4938,#4939),.UNSPECIFIED.,.F.,.F.,(7,7),(4.998784331819,
    5.249926103026),.PIECEWISE_BEZIER_KNOTS.);
#4933 = CARTESIAN_POINT('',(1.28440097536,40.5999994));
#4934 = CARTESIAN_POINT('',(1.242544013492,62.221950582194));
#4935 = CARTESIAN_POINT('',(1.200687051625,83.5240738142));
#4936 = CARTESIAN_POINT('',(1.158830089757,104.4381821693));
#4937 = CARTESIAN_POINT('',(1.116973127889,124.89776852347));
#4938 = CARTESIAN_POINT('',(1.075116166022,144.8387272122));
#4939 = CARTESIAN_POINT('',(1.033259204154,164.2000006));
#4940 = ( GEOMETRIC_REPRESENTATION_CONTEXT(2) 
PARAMETRIC_REPRESENTATION_CONTEXT() REPRESENTATION_CONTEXT('2D SPACE',''
  ) );
#4941 = PCURVE('',#3303,#4942);
#4942 = DEFINITIONAL_REPRESENTATION('',(#4943),#4947);
#4943 = ELLIPSE('',#4944,541.66989809863,58.5);
#4944 = AXIS2_PLACEMENT_2D('',#4945,#4946);
#4945 = CARTESIAN_POINT('',(43.051911365652,-200.));
#4946 = DIRECTION('',(1.,0.));
#4947 = ( GEOMETRIC_REPRESENTATION_CONTEXT(2) 
PARAMETRIC_REPRESENTATION_CONTEXT() REPRESENTATION_CONTEXT('2D SPACE',''
  ) );
#4948 = ORIENTED_EDGE('',*,*,#4162,.T.);
#4949 = ORIENTED_EDGE('',*,*,#4898,.T.);
#4950 = ORIENTED_EDGE('',*,*,#2079,.F.);
#4951 = ORIENTED_EDGE('',*,*,#4952,.T.);
#4952 = EDGE_CURVE('',#2052,#4953,#4955,.T.);
#4953 = VERTEX_POINT('',#4954);
#4954 = CARTESIAN_POINT('',(15.2,56.490795710452,51.7));
#4955 = SURFACE_CURVE('',#4956,(#4960,#4966),.PCURVE_S1.);
#4956 = LINE('',#4957,#4958);
#4957 = CARTESIAN_POINT('',(15.2,56.490795710452,-100.));
#4958 = VECTOR('',#4959,1.);
#4959 = DIRECTION('',(0.,0.,1.));
#4960 = PCURVE('',#2096,#4961);
#4961 = DEFINITIONAL_REPRESENTATION('',(#4962),#4965);
#4962 = B_SPLINE_CURVE_WITH_KNOTS('',1,(#4963,#4964),.UNSPECIFIED.,.F.,
  .F.,(2,2),(144.55,152.35),.PIECEWISE_BEZIER_KNOTS.);
#4963 = CARTESIAN_POINT('',(1.307951148092,144.55));
#4964 = CARTESIAN_POINT('',(1.307951148092,152.35));
#4965 = ( GEOMETRIC_REPRESENTATION_CONTEXT(2) 
PARAMETRIC_REPRESENTATION_CONTEXT() REPRESENTATION_CONTEXT('2D SPACE',''
  ) );
#4966 = PCURVE('',#2067,#4967);
#4967 = DEFINITIONAL_REPRESENTATION('',(#4968),#4971);
#4968 = B_SPLINE_CURVE_WITH_KNOTS('',1,(#4969,#4970),.UNSPECIFIED.,.F.,
  .F.,(2,2),(144.55,152.35),.PIECEWISE_BEZIER_KNOTS.);
#4969 = CARTESIAN_POINT('',(-0.65,-136.4907957104));
#4970 = CARTESIAN_POINT('',(7.15,-136.4907957104));
#4971 = ( GEOMETRIC_REPRESENTATION_CONTEXT(2) 
PARAMETRIC_REPRESENTATION_CONTEXT() REPRESENTATION_CONTEXT('2D SPACE',''
  ) );
#4972 = ORIENTED_EDGE('',*,*,#4973,.T.);
#4973 = EDGE_CURVE('',#4953,#4974,#4976,.T.);
#4974 = VERTEX_POINT('',#4975);
#4975 = CARTESIAN_POINT('',(11.1,57.437270130117,51.7));
#4976 = SURFACE_CURVE('',#4977,(#4982,#4989),.PCURVE_S1.);
#4977 = CIRCLE('',#4978,58.5);
#4978 = AXIS2_PLACEMENT_3D('',#4979,#4980,#4981);
#4979 = CARTESIAN_POINT('',(0.,0.,51.7));
#4980 = DIRECTION('',(0.,0.,1.));
#4981 = DIRECTION('',(1.,0.,-0.));
#4982 = PCURVE('',#2096,#4983);
#4983 = DEFINITIONAL_REPRESENTATION('',(#4984),#4988);
#4984 = LINE('',#4985,#4986);
#4985 = CARTESIAN_POINT('',(0.,151.7));
#4986 = VECTOR('',#4987,1.);
#4987 = DIRECTION('',(1.,0.));
#4988 = ( GEOMETRIC_REPRESENTATION_CONTEXT(2) 
PARAMETRIC_REPRESENTATION_CONTEXT() REPRESENTATION_CONTEXT('2D SPACE',''
  ) );
#4989 = PCURVE('',#4990,#4995);
#4990 = PLANE('',#4991);
#4991 = AXIS2_PLACEMENT_3D('',#4992,#4993,#4994);
#4992 = CARTESIAN_POINT('',(-15.2,-80.,51.7));
#4993 = DIRECTION('',(0.,0.,1.));
#4994 = DIRECTION('',(1.,0.,-0.));
#4995 = DEFINITIONAL_REPRESENTATION('',(#4996),#5000);
#4996 = CIRCLE('',#4997,58.5);
#4997 = AXIS2_PLACEMENT_2D('',#4998,#4999);
#4998 = CARTESIAN_POINT('',(15.2,80.));
#4999 = DIRECTION('',(1.,0.));
#5000 = ( GEOMETRIC_REPRESENTATION_CONTEXT(2) 
PARAMETRIC_REPRESENTATION_CONTEXT() REPRESENTATION_CONTEXT('2D SPACE',''
  ) );
#5001 = ORIENTED_EDGE('',*,*,#5002,.T.);
#5002 = EDGE_CURVE('',#4974,#5003,#5005,.T.);
#5003 = VERTEX_POINT('',#5004);
#5004 = CARTESIAN_POINT('',(11.1,57.437270130117,64.2));
#5005 = SURFACE_CURVE('',#5006,(#5010,#5016),.PCURVE_S1.);
#5006 = LINE('',#5007,#5008);
#5007 = CARTESIAN_POINT('',(11.1,57.437270130117,-100.));
#5008 = VECTOR('',#5009,1.);
#5009 = DIRECTION('',(0.,0.,1.));
#5010 = PCURVE('',#2096,#5011);
#5011 = DEFINITIONAL_REPRESENTATION('',(#5012),#5015);
#5012 = B_SPLINE_CURVE_WITH_KNOTS('',1,(#5013,#5014),.UNSPECIFIED.,.F.,
  .F.,(2,2),(57.60574604607,164.2000006),.PIECEWISE_BEZIER_KNOTS.);
#5013 = CARTESIAN_POINT('',(1.37989534133,57.60574604607));
#5014 = CARTESIAN_POINT('',(1.37989534133,164.2000006));
#5015 = ( GEOMETRIC_REPRESENTATION_CONTEXT(2) 
PARAMETRIC_REPRESENTATION_CONTEXT() REPRESENTATION_CONTEXT('2D SPACE',''
  ) );
#5016 = PCURVE('',#5017,#5022);
#5017 = PLANE('',#5018);
#5018 = AXIS2_PLACEMENT_3D('',#5019,#5020,#5021);
#5019 = CARTESIAN_POINT('',(11.1,55.4,-100.));
#5020 = DIRECTION('',(1.,0.,-0.));
#5021 = DIRECTION('',(0.,0.,1.));
#5022 = DEFINITIONAL_REPRESENTATION('',(#5023),#5026);
#5023 = B_SPLINE_CURVE_WITH_KNOTS('',1,(#5024,#5025),.UNSPECIFIED.,.F.,
  .F.,(2,2),(57.60574604607,164.2000006),.PIECEWISE_BEZIER_KNOTS.);
#5024 = CARTESIAN_POINT('',(57.60574604607,-2.037270130117));
#5025 = CARTESIAN_POINT('',(164.2000006,-2.037270130117));
#5026 = ( GEOMETRIC_REPRESENTATION_CONTEXT(2) 
PARAMETRIC_REPRESENTATION_CONTEXT() REPRESENTATION_CONTEXT('2D SPACE',''
  ) );
#5027 = ORIENTED_EDGE('',*,*,#5028,.T.);
#5028 = EDGE_CURVE('',#5003,#5029,#5031,.T.);
#5029 = VERTEX_POINT('',#5030);
#5030 = CARTESIAN_POINT('',(29.953287121059,50.2498814988,64.2));
#5031 = SURFACE_CURVE('',#5032,(#5037,#5044),.PCURVE_S1.);
#5032 = CIRCLE('',#5033,58.5);
#5033 = AXIS2_PLACEMENT_3D('',#5034,#5035,#5036);
#5034 = CARTESIAN_POINT('',(-1.42108547152E-14,1.59872115546E-14,64.2));
#5035 = DIRECTION('',(0.,0.,-1.));
#5036 = DIRECTION('',(1.,-5.182150274295E-16,0.));
#5037 = PCURVE('',#2096,#5038);
#5038 = DEFINITIONAL_REPRESENTATION('',(#5039),#5043);
#5039 = LINE('',#5040,#5041);
#5040 = CARTESIAN_POINT('',(6.28318530718,164.2));
#5041 = VECTOR('',#5042,1.);
#5042 = DIRECTION('',(-1.,-0.));
#5043 = ( GEOMETRIC_REPRESENTATION_CONTEXT(2) 
PARAMETRIC_REPRESENTATION_CONTEXT() REPRESENTATION_CONTEXT('2D SPACE',''
  ) );
#5044 = PCURVE('',#5045,#5050);
#5045 = PLANE('',#5046);
#5046 = AXIS2_PLACEMENT_3D('',#5047,#5048,#5049);
#5047 = CARTESIAN_POINT('',(-100.,58.5,64.2));
#5048 = DIRECTION('',(0.,0.,-1.));
#5049 = DIRECTION('',(0.,-1.,0.));
#5050 = DEFINITIONAL_REPRESENTATION('',(#5051),#5055);
#5051 = CIRCLE('',#5052,58.5);
#5052 = AXIS2_PLACEMENT_2D('',#5053,#5054);
#5053 = CARTESIAN_POINT('',(58.5,-100.));
#5054 = DIRECTION('',(5.182150274295E-16,-1.));
#5055 = ( GEOMETRIC_REPRESENTATION_CONTEXT(2) 
PARAMETRIC_REPRESENTATION_CONTEXT() REPRESENTATION_CONTEXT('2D SPACE',''
  ) );
#5056 = ORIENTED_EDGE('',*,*,#5057,.F.);
#5057 = EDGE_CURVE('',#5058,#5029,#5060,.T.);
#5058 = VERTEX_POINT('',#5059);
#5059 = CARTESIAN_POINT('',(25.48852773859,52.655341169905,
    23.101191447215));
#5060 = SURFACE_CURVE('',#5061,(#5066,#5077),.PCURVE_S1.);
#5061 = ELLIPSE('',#5062,541.66989809863,58.5);
#5062 = AXIS2_PLACEMENT_3D('',#5063,#5064,#5065);
#5063 = CARTESIAN_POINT('',(0.,0.,-211.5246936416));
#5064 = DIRECTION('',(0.994150963972,0.,-0.107999355706));
#5065 = DIRECTION('',(0.107999355706,0.,0.994150963972));
#5066 = PCURVE('',#2096,#5067);
#5067 = DEFINITIONAL_REPRESENTATION('',(#5068),#5076);
#5068 = B_SPLINE_CURVE_WITH_KNOTS('',6,(#5069,#5070,#5071,#5072,#5073,
    #5074,#5075),.UNSPECIFIED.,.F.,.F.,(7,7),(4.998784331819,
    5.249926103026),.PIECEWISE_BEZIER_KNOTS.);
#5069 = CARTESIAN_POINT('',(1.28440097536,40.5999994));
#5070 = CARTESIAN_POINT('',(1.242544013492,62.221950582194));
#5071 = CARTESIAN_POINT('',(1.200687051625,83.5240738142));
#5072 = CARTESIAN_POINT('',(1.158830089757,104.4381821693));
#5073 = CARTESIAN_POINT('',(1.116973127889,124.89776852347));
#5074 = CARTESIAN_POINT('',(1.075116166022,144.8387272122));
#5075 = CARTESIAN_POINT('',(1.033259204154,164.2000006));
#5076 = ( GEOMETRIC_REPRESENTATION_CONTEXT(2) 
PARAMETRIC_REPRESENTATION_CONTEXT() REPRESENTATION_CONTEXT('2D SPACE',''
  ) );
#5077 = PCURVE('',#5078,#5083);
#5078 = PLANE('',#5079);
#5079 = AXIS2_PLACEMENT_3D('',#5080,#5081,#5082);
#5080 = CARTESIAN_POINT('',(-4.649578689403,-200.,-254.3247928266));
#5081 = DIRECTION('',(0.994150963972,0.,-0.107999355706));
#5082 = DIRECTION('',(0.107999355706,0.,0.994150963972));
#5083 = DEFINITIONAL_REPRESENTATION('',(#5084),#5088);
#5084 = ELLIPSE('',#5085,541.66989809863,58.5);
#5085 = AXIS2_PLACEMENT_2D('',#5086,#5087);
#5086 = CARTESIAN_POINT('',(43.051911365652,-200.));
#5087 = DIRECTION('',(1.,0.));
#5088 = ( GEOMETRIC_REPRESENTATION_CONTEXT(2) 
PARAMETRIC_REPRESENTATION_CONTEXT() REPRESENTATION_CONTEXT('2D SPACE',''
  ) );
#5089 = ORIENTED_EDGE('',*,*,#5090,.F.);
#5090 = EDGE_CURVE('',#5091,#5058,#5093,.T.);
#5091 = VERTEX_POINT('',#5092);
#5092 = CARTESIAN_POINT('',(23.199370322994,53.703251452929,
    20.547768330975));
#5093 = SURFACE_CURVE('',#5094,(#5121,#5151),.PCURVE_S1.);
#5094 = B_SPLINE_CURVE_WITH_KNOTS('',7,(#5095,#5096,#5097,#5098,#5099,
    #5100,#5101,#5102,#5103,#5104,#5105,#5106,#5107,#5108,#5109,#5110,
    #5111,#5112,#5113,#5114,#5115,#5116,#5117,#5118,#5119,#5120),
  .UNSPECIFIED.,.F.,.F.,(8,6,6,6,8),(0.,0.26910412304,0.51697222175,
    0.758862881694,1.),.UNSPECIFIED.);
#5095 = CARTESIAN_POINT('',(14.461912194839,56.684240276013,
    9.651264390288));
#5096 = CARTESIAN_POINT('',(14.979035285744,56.552306096457,
    10.42614615004));
#5097 = CARTESIAN_POINT('',(15.516186341603,56.409400020245,
    11.190781851792));
#5098 = CARTESIAN_POINT('',(16.067714953208,56.256088683221,
    11.944667085953));
#5099 = CARTESIAN_POINT('',(16.629408550019,56.092885362505,
    12.68780843594));
#5100 = CARTESIAN_POINT('',(17.19887222845,55.920067474575,
    13.421286282285));
#5101 = CARTESIAN_POINT('',(17.775627608865,55.737394511191,
    14.147532745727));
#5102 = CARTESIAN_POINT('',(18.900147114551,55.365665371808,
    15.536024502516));
#5103 = CARTESIAN_POINT('',(19.44515735053,55.178729805145,
    16.197007259112));
#5104 = CARTESIAN_POINT('',(19.994501989741,54.983232458379,
    16.853160810303));
#5105 = CARTESIAN_POINT('',(20.547167728074,54.779246531147,
    17.50466208239));
#5106 = CARTESIAN_POINT('',(21.102570281511,54.566742988068,
    18.151923283614));
#5107 = CARTESIAN_POINT('',(21.660488054178,54.34556470757,
    18.795563669352));
#5108 = CARTESIAN_POINT('',(22.767994108934,53.890797880041,
    20.061740449962));
#5109 = CARTESIAN_POINT('',(23.31709646105,53.657786038126,
    20.683997164058));
#5110 = CARTESIAN_POINT('',(23.867797257685,53.41634377382,
    21.303235182084));
#5111 = CARTESIAN_POINT('',(24.419724783636,53.166414242022,
    21.919577188033));
#5112 = CARTESIAN_POINT('',(24.972613541954,52.907906409274,
    22.533175080487));
#5113 = CARTESIAN_POINT('',(25.526276851294,52.640693993962,
    23.144199755065));
#5114 = CARTESIAN_POINT('',(26.633163298848,52.089401045359,
    24.359560068651));
#5115 = CARTESIAN_POINT('',(27.186302987076,51.805415187469,
    24.963823720434));
#5116 = CARTESIAN_POINT('',(27.739773504117,51.5125557307,
    25.565685727668));
#5117 = CARTESIAN_POINT('',(28.293374367456,51.21070777282,
    26.165196178775));
#5118 = CARTESIAN_POINT('',(28.846929103348,50.899743716038,
    26.762392068075));
#5119 = CARTESIAN_POINT('',(29.400280710049,50.579521277336,
    27.357300969639));
#5120 = CARTESIAN_POINT('',(29.953287121059,50.2498814988,
    27.949944711155));
#5121 = PCURVE('',#2096,#5122);
#5122 = DEFINITIONAL_REPRESENTATION('',(#5123),#5150);
#5123 = B_SPLINE_CURVE_WITH_KNOTS('',7,(#5124,#5125,#5126,#5127,#5128,
    #5129,#5130,#5131,#5132,#5133,#5134,#5135,#5136,#5137,#5138,#5139,
    #5140,#5141,#5142,#5143,#5144,#5145,#5146,#5147,#5148,#5149),
  .UNSPECIFIED.,.F.,.F.,(8,6,6,6,8),(0.,0.26910412304,0.51697222175,
    0.758862881694,1.),.UNSPECIFIED.);
#5124 = CARTESIAN_POINT('',(1.320994260204,109.65126439028));
#5125 = CARTESIAN_POINT('',(1.311871387808,110.42614615004));
#5126 = CARTESIAN_POINT('',(1.302370417566,111.19078185179));
#5127 = CARTESIAN_POINT('',(1.292586095778,111.94466708595));
#5128 = CARTESIAN_POINT('',(1.282588657046,112.68780843594));
#5129 = CARTESIAN_POINT('',(1.272417020259,113.42128628228));
#5130 = CARTESIAN_POINT('',(1.262076076494,114.14753274572));
#5131 = CARTESIAN_POINT('',(1.241830476062,115.53602450251));
#5132 = CARTESIAN_POINT('',(1.231981893367,116.19700725911));
#5133 = CARTESIAN_POINT('',(1.222015532794,116.8531608103));
#5134 = CARTESIAN_POINT('',(1.211946543423,117.50466208239));
#5135 = CARTESIAN_POINT('',(1.201782444506,118.15192328361));
#5136 = CARTESIAN_POINT('',(1.191524062092,118.79556366935));
#5137 = CARTESIAN_POINT('',(1.17105842884,120.06174044996));
#5138 = CARTESIAN_POINT('',(1.160862606624,120.68399716405));
#5139 = CARTESIAN_POINT('',(1.150585081849,121.30323518208));
#5140 = CARTESIAN_POINT('',(1.140229545383,121.91957718803));
#5141 = CARTESIAN_POINT('',(1.129797673226,122.53317508048));
#5142 = CARTESIAN_POINT('',(1.119289550538,123.14419975506));
#5143 = CARTESIAN_POINT('',(1.098151490138,124.35956006865));
#5144 = CARTESIAN_POINT('',(1.087523551494,124.96382372043));
#5145 = CARTESIAN_POINT('',(1.076821005048,125.56568572766));
#5146 = CARTESIAN_POINT('',(1.066044002849,126.16519617877));
#5147 = CARTESIAN_POINT('',(1.05519210662,126.76239206807));
#5148 = CARTESIAN_POINT('',(1.04426433411,127.35730096963));
#5149 = CARTESIAN_POINT('',(1.033259205451,127.94994471115));
#5150 = ( GEOMETRIC_REPRESENTATION_CONTEXT(2) 
PARAMETRIC_REPRESENTATION_CONTEXT() REPRESENTATION_CONTEXT('2D SPACE',''
  ) );
#5151 = PCURVE('',#5152,#5157);
#5152 = CYLINDRICAL_SURFACE('',#5153,57.5);
#5153 = AXIS2_PLACEMENT_3D('',#5154,#5155,#5156);
#5154 = CARTESIAN_POINT('',(-100.,0.,0.));
#5155 = DIRECTION('',(1.,0.,0.));
#5156 = DIRECTION('',(-0.,0.,1.));
#5157 = DEFINITIONAL_REPRESENTATION('',(#5158),#5167);
#5158 = B_SPLINE_CURVE_WITH_KNOTS('',7,(#5159,#5160,#5161,#5162,#5163,
    #5164,#5165,#5166),.UNSPECIFIED.,.F.,.F.,(8,8),(0.578615569136,
    0.721933053229),.PIECEWISE_BEZIER_KNOTS.);
#5159 = CARTESIAN_POINT('',(5.077820648566,123.19937032294));
#5160 = CARTESIAN_POINT('',(5.084668715757,123.52509979774));
#5161 = CARTESIAN_POINT('',(5.09151828541,123.85137095048));
#5162 = CARTESIAN_POINT('',(5.098370364768,124.17810453117));
#5163 = CARTESIAN_POINT('',(5.105226047822,124.50523538777));
#5164 = CARTESIAN_POINT('',(5.112086507935,124.83271032138));
#5165 = CARTESIAN_POINT('',(5.118952987985,125.16048611557));
#5166 = CARTESIAN_POINT('',(5.125826788006,125.48852773964));
#5167 = ( GEOMETRIC_REPRESENTATION_CONTEXT(2) 
PARAMETRIC_REPRESENTATION_CONTEXT() REPRESENTATION_CONTEXT('2D SPACE',''
  ) );
#5168 = ORIENTED_EDGE('',*,*,#5169,.F.);
#5169 = EDGE_CURVE('',#5170,#5091,#5172,.T.);
#5170 = VERTEX_POINT('',#5171);
#5171 = CARTESIAN_POINT('',(19.235765143179,55.24703919086,
    -15.93783738916));
#5172 = SURFACE_CURVE('',#5173,(#5178,#5188),.PCURVE_S1.);
#5173 = ELLIPSE('',#5174,541.66989809863,58.5);
#5174 = AXIS2_PLACEMENT_3D('',#5175,#5176,#5177);
#5175 = CARTESIAN_POINT('',(0.,0.,-193.0060646468));
#5176 = DIRECTION('',(0.994150963972,0.,-0.107999355706));
#5177 = DIRECTION('',(0.107999355706,0.,0.994150963972));
#5178 = PCURVE('',#2096,#5179);
#5179 = DEFINITIONAL_REPRESENTATION('',(#5180),#5187);
#5180 = B_SPLINE_CURVE_WITH_KNOTS('',5,(#5181,#5182,#5183,#5184,#5185,
    #5186),.UNSPECIFIED.,.F.,.F.,(6,6),(4.995856868614,5.210347331804),
  .PIECEWISE_BEZIER_KNOTS.);
#5181 = CARTESIAN_POINT('',(1.287328438566,57.605745996343));
#5182 = CARTESIAN_POINT('',(1.244430345928,79.784520853318));
#5183 = CARTESIAN_POINT('',(1.20153225329,101.61684275544));
#5184 = CARTESIAN_POINT('',(1.158634160651,123.01767787207));
#5185 = CARTESIAN_POINT('',(1.115736068013,143.9046655008));
#5186 = CARTESIAN_POINT('',(1.072837975375,164.2000006));
#5187 = ( GEOMETRIC_REPRESENTATION_CONTEXT(2) 
PARAMETRIC_REPRESENTATION_CONTEXT() REPRESENTATION_CONTEXT('2D SPACE',''
  ) );
#5188 = PCURVE('',#5189,#5194);
#5189 = PLANE('',#5190);
#5190 = AXIS2_PLACEMENT_3D('',#5191,#5192,#5193);
#5191 = CARTESIAN_POINT('',(-6.637880617348,-200.,-254.1087941152));
#5192 = DIRECTION('',(0.994150963972,0.,-0.107999355706));
#5193 = DIRECTION('',(0.107999355706,0.,0.994150963972));
#5194 = DEFINITIONAL_REPRESENTATION('',(#5195),#5199);
#5195 = ELLIPSE('',#5196,541.66989809863,58.5);
#5196 = AXIS2_PLACEMENT_2D('',#5197,#5198);
#5197 = CARTESIAN_POINT('',(61.462224232303,-200.));
#5198 = DIRECTION('',(1.,0.));
#5199 = ( GEOMETRIC_REPRESENTATION_CONTEXT(2) 
PARAMETRIC_REPRESENTATION_CONTEXT() REPRESENTATION_CONTEXT('2D SPACE',''
  ) );
#5200 = ORIENTED_EDGE('',*,*,#5201,.F.);
#5201 = EDGE_CURVE('',#4922,#5170,#5202,.T.);
#5202 = SURFACE_CURVE('',#5203,(#5236,#5272),.PCURVE_S1.);
#5203 = B_SPLINE_CURVE_WITH_KNOTS('',6,(#5204,#5205,#5206,#5207,#5208,
    #5209,#5210,#5211,#5212,#5213,#5214,#5215,#5216,#5217,#5218,#5219,
    #5220,#5221,#5222,#5223,#5224,#5225,#5226,#5227,#5228,#5229,#5230,
    #5231,#5232,#5233,#5234,#5235),.UNSPECIFIED.,.F.,.F.,(7,5,5,5,5,5,7)
  ,(0.,0.144002524691,0.287525673604,0.458028634949,0.631022094176,
    0.809261026484,1.),.UNSPECIFIED.);
#5204 = CARTESIAN_POINT('',(29.953287121059,50.2498814988,
    -27.94994471115));
#5205 = CARTESIAN_POINT('',(29.568223865687,50.479412592285,
    -27.53728163195));
#5206 = CARTESIAN_POINT('',(29.18298230649,50.704250954589,
    -27.12348220324));
#5207 = CARTESIAN_POINT('',(28.797619209332,50.924453067863,
    -26.70854274538));
#5208 = CARTESIAN_POINT('',(28.412194753067,51.140071479046,
    -26.29245641319));
#5209 = CARTESIAN_POINT('',(28.026773536361,51.351155192716,
    -25.87521236552));
#5210 = CARTESIAN_POINT('',(27.257360432916,51.763657193215,
    -25.03977039031));
#5211 = CARTESIAN_POINT('',(26.873372994727,51.965102669411,
    -24.6215856301));
#5212 = CARTESIAN_POINT('',(26.489523369098,52.162137073543,
    -24.2022149882));
#5213 = CARTESIAN_POINT('',(26.105881453513,52.354804764314,
    -23.78163277539));
#5214 = CARTESIAN_POINT('',(25.722528590009,52.543144764432,
    -23.35981198175));
#5215 = CARTESIAN_POINT('',(24.88459836603,52.945836086733,
    -22.43410073064));
#5216 = CARTESIAN_POINT('',(24.430208832218,53.15840717168,
    -21.92972199338));
#5217 = CARTESIAN_POINT('',(23.976487913056,53.364993693506,
    -21.42346946925));
#5218 = CARTESIAN_POINT('',(23.523582496627,53.56565897491,
    -20.91524548721));
#5219 = CARTESIAN_POINT('',(23.071695975614,53.760446272614,
    -20.40496691661));
#5220 = CARTESIAN_POINT('',(22.163912534968,54.141081861208,
    -19.3726686343));
#5221 = CARTESIAN_POINT('',(21.708135469102,54.326723646388,
    -18.85067963355));
#5222 = CARTESIAN_POINT('',(21.253840528793,54.50642783548,
    -18.32628706114));
#5223 = CARTESIAN_POINT('',(20.801246079878,54.680249814621,
    -17.79927026014));
#5224 = CARTESIAN_POINT('',(20.35072572913,54.848198159119,
    -17.26948506959));
#5225 = CARTESIAN_POINT('',(19.441336533907,55.177217038688,
    -16.18807454743));
#5226 = CARTESIAN_POINT('',(18.982850917561,55.337844343478,
    -15.63653808034));
#5227 = CARTESIAN_POINT('',(18.527352205265,55.492336511794,
    -15.08145117282));
#5228 = CARTESIAN_POINT('',(18.075233921363,55.640739518947,
    -14.52229925995));
#5229 = CARTESIAN_POINT('',(17.627320273758,55.782988543712,
    -13.95883391273));
#5230 = CARTESIAN_POINT('',(16.711432991396,56.064457014303,
    -12.78346588711));
#5231 = CARTESIAN_POINT('',(16.244800179535,56.202596790419,
    -12.17163689264));
#5232 = CARTESIAN_POINT('',(15.78479345817,56.333781962961,
    -11.55336416356));
#5233 = CARTESIAN_POINT('',(15.332549405891,56.457973196841,
    -10.92743421274));
#5234 = CARTESIAN_POINT('',(14.89043501972,56.574910779194,
    -10.29338331028));
#5235 = CARTESIAN_POINT('',(14.461912194839,56.684240276013,
    -9.651264390288));
#5236 = PCURVE('',#2096,#5237);
#5237 = DEFINITIONAL_REPRESENTATION('',(#5238),#5271);
#5238 = B_SPLINE_CURVE_WITH_KNOTS('',6,(#5239,#5240,#5241,#5242,#5243,
    #5244,#5245,#5246,#5247,#5248,#5249,#5250,#5251,#5252,#5253,#5254,
    #5255,#5256,#5257,#5258,#5259,#5260,#5261,#5262,#5263,#5264,#5265,
    #5266,#5267,#5268,#5269,#5270),.UNSPECIFIED.,.F.,.F.,(7,5,5,5,5,5,7)
  ,(0.,0.144002524691,0.287525673604,0.458028634949,0.631022094176,
    0.809261026484,1.),.UNSPECIFIED.);
#5239 = CARTESIAN_POINT('',(1.033259205451,72.050055288845));
#5240 = CARTESIAN_POINT('',(1.040922173878,72.462718368044));
#5241 = CARTESIAN_POINT('',(1.048546687234,72.876517796751));
#5242 = CARTESIAN_POINT('',(1.056133216172,73.291457254618));
#5243 = CARTESIAN_POINT('',(1.063682106611,73.707543586801));
#5244 = CARTESIAN_POINT('',(1.07119356995,74.124787634477));
#5245 = CARTESIAN_POINT('',(1.086116895784,74.960229609683));
#5246 = CARTESIAN_POINT('',(1.093528910889,75.378414369891));
#5247 = CARTESIAN_POINT('',(1.100903965516,75.797785011799));
#5248 = CARTESIAN_POINT('',(1.108242072319,76.218367224606));
#5249 = CARTESIAN_POINT('',(1.115542991978,76.640188018246));
#5250 = CARTESIAN_POINT('',(1.131434796526,77.565899269357));
#5251 = CARTESIAN_POINT('',(1.140009606279,78.070278006617));
#5252 = CARTESIAN_POINT('',(1.148530957914,78.57653053075));
#5253 = CARTESIAN_POINT('',(1.156998144365,79.084754512789));
#5254 = CARTESIAN_POINT('',(1.165409365199,79.595033083383));
#5255 = CARTESIAN_POINT('',(1.18223594171,80.627331365698));
#5256 = CARTESIAN_POINT('',(1.190648043427,81.149320366442));
#5257 = CARTESIAN_POINT('',(1.198998625456,81.673712938853));
#5258 = CARTESIAN_POINT('',(1.207285633769,82.200729739852));
#5259 = CARTESIAN_POINT('',(1.215504168612,82.730514930406));
#5260 = CARTESIAN_POINT('',(1.232035436567,83.811925452563));
#5261 = CARTESIAN_POINT('',(1.240339433018,84.363461919658));
#5262 = CARTESIAN_POINT('',(1.248560792269,84.918548827179));
#5263 = CARTESIAN_POINT('',(1.256694429624,85.477700740046));
#5264 = CARTESIAN_POINT('',(1.264727562939,86.041166087269));
#5265 = CARTESIAN_POINT('',(1.281106396939,87.216534112888));
#5266 = CARTESIAN_POINT('',(1.289424765741,87.828363107351));
#5267 = CARTESIAN_POINT('',(1.297601032787,88.446635836431));
#5268 = CARTESIAN_POINT('',(1.305617340069,89.072565787252));
#5269 = CARTESIAN_POINT('',(1.313434437177,89.706616689713));
#5270 = CARTESIAN_POINT('',(1.320994260204,90.348735609712));
#5271 = ( GEOMETRIC_REPRESENTATION_CONTEXT(2) 
PARAMETRIC_REPRESENTATION_CONTEXT() REPRESENTATION_CONTEXT('2D SPACE',''
  ) );
#5272 = PCURVE('',#5273,#5278);
#5273 = CYLINDRICAL_SURFACE('',#5274,57.5);
#5274 = AXIS2_PLACEMENT_3D('',#5275,#5276,#5277);
#5275 = CARTESIAN_POINT('',(-100.,0.,0.));
#5276 = DIRECTION('',(1.,0.,0.));
#5277 = DIRECTION('',(-0.,0.,1.));
#5278 = DEFINITIONAL_REPRESENTATION('',(#5279),#5312);
#5279 = B_SPLINE_CURVE_WITH_KNOTS('',6,(#5280,#5281,#5282,#5283,#5284,
    #5285,#5286,#5287,#5288,#5289,#5290,#5291,#5292,#5293,#5294,#5295,
    #5296,#5297,#5298,#5299,#5300,#5301,#5302,#5303,#5304,#5305,#5306,
    #5307,#5308,#5309,#5310,#5311),.UNSPECIFIED.,.F.,.F.,(7,5,5,5,5,5,7)
  ,(0.,0.144002524691,0.287525673604,0.458028634949,0.631022094176,
    0.809261026484,1.),.UNSPECIFIED.);
#5280 = CARTESIAN_POINT('',(4.204783557814,129.95328712105));
#5281 = CARTESIAN_POINT('',(4.212995777762,129.56822386568));
#5282 = CARTESIAN_POINT('',(4.221185597666,129.18298230649));
#5283 = CARTESIAN_POINT('',(4.229354547828,128.79761920933));
#5284 = CARTESIAN_POINT('',(4.237504146246,128.41219475306));
#5285 = CARTESIAN_POINT('',(4.245635920651,128.02677353636));
#5286 = CARTESIAN_POINT('',(4.261839924397,127.25736043291));
#5287 = CARTESIAN_POINT('',(4.269912157762,126.87337299472));
#5288 = CARTESIAN_POINT('',(4.277969872795,126.48952336909));
#5289 = CARTESIAN_POINT('',(4.28601474514,126.10588145351));
#5290 = CARTESIAN_POINT('',(4.294048417181,125.72252859));
#5291 = CARTESIAN_POINT('',(4.311605036872,124.88459836603));
#5292 = CARTESIAN_POINT('',(4.321123421408,124.43020883221));
#5293 = CARTESIAN_POINT('',(4.330631730033,123.97648791305));
#5294 = CARTESIAN_POINT('',(4.34013349714,123.52358249662));
#5295 = CARTESIAN_POINT('',(4.349631881156,123.07169597561));
#5296 = CARTESIAN_POINT('',(4.36876645142,122.16391253496));
#5297 = CARTESIAN_POINT('',(4.378400894456,121.7081354691));
#5298 = CARTESIAN_POINT('',(4.388040441808,121.25384052879));
#5299 = CARTESIAN_POINT('',(4.39769063974,120.80124607987));
#5300 = CARTESIAN_POINT('',(4.407355529363,120.35072572913));
#5301 = CARTESIAN_POINT('',(4.427013874993,119.4413365339));
#5302 = CARTESIAN_POINT('',(4.437003610049,118.98285091756));
#5303 = CARTESIAN_POINT('',(4.447023140823,118.52735220526));
#5304 = CARTESIAN_POINT('',(4.457083091528,118.07523392136));
#5305 = CARTESIAN_POINT('',(4.467189179068,117.62732027375));
#5306 = CARTESIAN_POINT('',(4.488208313356,116.71143299139));
#5307 = CARTESIAN_POINT('',(4.499115739279,116.24480017953));
#5308 = CARTESIAN_POINT('',(4.510106288283,115.78479345817));
#5309 = CARTESIAN_POINT('',(4.521202730485,115.33254940589));
#5310 = CARTESIAN_POINT('',(4.532414614129,114.89043501972));
#5311 = CARTESIAN_POINT('',(4.543742611415,114.46191219483));
#5312 = ( GEOMETRIC_REPRESENTATION_CONTEXT(2) 
PARAMETRIC_REPRESENTATION_CONTEXT() REPRESENTATION_CONTEXT('2D SPACE',''
  ) );
#5313 = ADVANCED_FACE('',(#5314),#2067,.F.);
#5314 = FACE_BOUND('',#5315,.F.);
#5315 = EDGE_LOOP('',(#5316,#5339,#5358,#5359));
#5316 = ORIENTED_EDGE('',*,*,#5317,.F.);
#5317 = EDGE_CURVE('',#5318,#4953,#5320,.T.);
#5318 = VERTEX_POINT('',#5319);
#5319 = CARTESIAN_POINT('',(15.2,-56.49079571045,51.7));
#5320 = SURFACE_CURVE('',#5321,(#5325,#5332),.PCURVE_S1.);
#5321 = LINE('',#5322,#5323);
#5322 = CARTESIAN_POINT('',(15.2,-80.,51.7));
#5323 = VECTOR('',#5324,1.);
#5324 = DIRECTION('',(-0.,1.,0.));
#5325 = PCURVE('',#2067,#5326);
#5326 = DEFINITIONAL_REPRESENTATION('',(#5327),#5331);
#5327 = LINE('',#5328,#5329);
#5328 = CARTESIAN_POINT('',(6.5,0.));
#5329 = VECTOR('',#5330,1.);
#5330 = DIRECTION('',(0.,-1.));
#5331 = ( GEOMETRIC_REPRESENTATION_CONTEXT(2) 
PARAMETRIC_REPRESENTATION_CONTEXT() REPRESENTATION_CONTEXT('2D SPACE',''
  ) );
#5332 = PCURVE('',#4990,#5333);
#5333 = DEFINITIONAL_REPRESENTATION('',(#5334),#5338);
#5334 = LINE('',#5335,#5336);
#5335 = CARTESIAN_POINT('',(30.4,0.));
#5336 = VECTOR('',#5337,1.);
#5337 = DIRECTION('',(0.,1.));
#5338 = ( GEOMETRIC_REPRESENTATION_CONTEXT(2) 
PARAMETRIC_REPRESENTATION_CONTEXT() REPRESENTATION_CONTEXT('2D SPACE',''
  ) );
#5339 = ORIENTED_EDGE('',*,*,#5340,.F.);
#5340 = EDGE_CURVE('',#2023,#5318,#5341,.T.);
#5341 = SURFACE_CURVE('',#5342,(#5346,#5352),.PCURVE_S1.);
#5342 = LINE('',#5343,#5344);
#5343 = CARTESIAN_POINT('',(15.2,-56.49079571045,-100.));
#5344 = VECTOR('',#5345,1.);
#5345 = DIRECTION('',(0.,0.,1.));
#5346 = PCURVE('',#2067,#5347);
#5347 = DEFINITIONAL_REPRESENTATION('',(#5348),#5351);
#5348 = B_SPLINE_CURVE_WITH_KNOTS('',1,(#5349,#5350),.UNSPECIFIED.,.F.,
  .F.,(2,2),(144.55,152.35),.PIECEWISE_BEZIER_KNOTS.);
#5349 = CARTESIAN_POINT('',(-0.65,-23.50920428954));
#5350 = CARTESIAN_POINT('',(7.15,-23.50920428954));
#5351 = ( GEOMETRIC_REPRESENTATION_CONTEXT(2) 
PARAMETRIC_REPRESENTATION_CONTEXT() REPRESENTATION_CONTEXT('2D SPACE',''
  ) );
#5352 = PCURVE('',#2039,#5353);
#5353 = DEFINITIONAL_REPRESENTATION('',(#5354),#5357);
#5354 = B_SPLINE_CURVE_WITH_KNOTS('',1,(#5355,#5356),.UNSPECIFIED.,.F.,
  .F.,(2,2),(144.55,152.35),.PIECEWISE_BEZIER_KNOTS.);
#5355 = CARTESIAN_POINT('',(4.975234159088,144.55));
#5356 = CARTESIAN_POINT('',(4.975234159088,152.35));
#5357 = ( GEOMETRIC_REPRESENTATION_CONTEXT(2) 
PARAMETRIC_REPRESENTATION_CONTEXT() REPRESENTATION_CONTEXT('2D SPACE',''
  ) );
#5358 = ORIENTED_EDGE('',*,*,#2051,.T.);
#5359 = ORIENTED_EDGE('',*,*,#4952,.T.);
#5360 = ADVANCED_FACE('',(#5361),#2039,.T.);
#5361 = FACE_BOUND('',#5362,.T.);
#5362 = EDGE_LOOP('',(#5363,#5382,#5383,#5411,#5503,#5530,#5620,#5648,
    #5672,#5698,#5720,#5721));
#5363 = ORIENTED_EDGE('',*,*,#5364,.F.);
#5364 = EDGE_CURVE('',#2515,#1997,#5365,.T.);
#5365 = SURFACE_CURVE('',#5366,(#5370,#5376),.PCURVE_S1.);
#5366 = LINE('',#5367,#5368);
#5367 = CARTESIAN_POINT('',(11.1,-57.43727013011,-100.));
#5368 = VECTOR('',#5369,1.);
#5369 = DIRECTION('',(0.,0.,1.));
#5370 = PCURVE('',#2039,#5371);
#5371 = DEFINITIONAL_REPRESENTATION('',(#5372),#5375);
#5372 = B_SPLINE_CURVE_WITH_KNOTS('',1,(#5373,#5374),.UNSPECIFIED.,.F.,
  .F.,(2,2),(57.605745996343,164.2000006),.PIECEWISE_BEZIER_KNOTS.);
#5373 = CARTESIAN_POINT('',(4.90328996585,57.605745996343));
#5374 = CARTESIAN_POINT('',(4.90328996585,164.2000006));
#5375 = ( GEOMETRIC_REPRESENTATION_CONTEXT(2) 
PARAMETRIC_REPRESENTATION_CONTEXT() REPRESENTATION_CONTEXT('2D SPACE',''
  ) );
#5376 = PCURVE('',#2011,#5377);
#5377 = DEFINITIONAL_REPRESENTATION('',(#5378),#5381);
#5378 = B_SPLINE_CURVE_WITH_KNOTS('',1,(#5379,#5380),.UNSPECIFIED.,.F.,
  .F.,(2,2),(57.605745996343,164.2000006),.PIECEWISE_BEZIER_KNOTS.);
#5379 = CARTESIAN_POINT('',(57.605745996343,-22.56272986988));
#5380 = CARTESIAN_POINT('',(164.2000006,-22.56272986988));
#5381 = ( GEOMETRIC_REPRESENTATION_CONTEXT(2) 
PARAMETRIC_REPRESENTATION_CONTEXT() REPRESENTATION_CONTEXT('2D SPACE',''
  ) );
#5382 = ORIENTED_EDGE('',*,*,#2542,.T.);
#5383 = ORIENTED_EDGE('',*,*,#5384,.F.);
#5384 = EDGE_CURVE('',#5385,#2543,#5387,.T.);
#5385 = VERTEX_POINT('',#5386);
#5386 = CARTESIAN_POINT('',(21.018192376911,-54.59382372766,
    -18.04894486646));
#5387 = SURFACE_CURVE('',#5388,(#5393,#5404),.PCURVE_S1.);
#5388 = ELLIPSE('',#5389,541.66989809863,58.5);
#5389 = AXIS2_PLACEMENT_3D('',#5390,#5391,#5392);
#5390 = CARTESIAN_POINT('',(0.,0.,-211.5246936416));
#5391 = DIRECTION('',(0.994150963972,0.,-0.107999355706));
#5392 = DIRECTION('',(0.107999355706,0.,0.994150963972));
#5393 = PCURVE('',#2039,#5394);
#5394 = DEFINITIONAL_REPRESENTATION('',(#5395),#5403);
#5395 = B_SPLINE_CURVE_WITH_KNOTS('',6,(#5396,#5397,#5398,#5399,#5400,
    #5401,#5402),.UNSPECIFIED.,.F.,.F.,(7,7),(1.033259204154,
    1.28440097536),.PIECEWISE_BEZIER_KNOTS.);
#5396 = CARTESIAN_POINT('',(5.249926103026,164.2000006));
#5397 = CARTESIAN_POINT('',(5.208069141158,144.8387272122));
#5398 = CARTESIAN_POINT('',(5.16621217929,124.89776852348));
#5399 = CARTESIAN_POINT('',(5.124355217422,104.4381821693));
#5400 = CARTESIAN_POINT('',(5.082498255555,83.524073814202));
#5401 = CARTESIAN_POINT('',(5.040641293687,62.221950582194));
#5402 = CARTESIAN_POINT('',(4.998784331819,40.5999994));
#5403 = ( GEOMETRIC_REPRESENTATION_CONTEXT(2) 
PARAMETRIC_REPRESENTATION_CONTEXT() REPRESENTATION_CONTEXT('2D SPACE',''
  ) );
#5404 = PCURVE('',#3303,#5405);
#5405 = DEFINITIONAL_REPRESENTATION('',(#5406),#5410);
#5406 = ELLIPSE('',#5407,541.66989809863,58.5);
#5407 = AXIS2_PLACEMENT_2D('',#5408,#5409);
#5408 = CARTESIAN_POINT('',(43.051911365652,-200.));
#5409 = DIRECTION('',(1.,0.));
#5410 = ( GEOMETRIC_REPRESENTATION_CONTEXT(2) 
PARAMETRIC_REPRESENTATION_CONTEXT() REPRESENTATION_CONTEXT('2D SPACE',''
  ) );
#5411 = ORIENTED_EDGE('',*,*,#5412,.F.);
#5412 = EDGE_CURVE('',#5413,#5385,#5415,.T.);
#5413 = VERTEX_POINT('',#5414);
#5414 = CARTESIAN_POINT('',(19.235765143179,-55.24703919086,
    -15.93783738916));
#5415 = SURFACE_CURVE('',#5416,(#5443,#5473),.PCURVE_S1.);
#5416 = B_SPLINE_CURVE_WITH_KNOTS('',7,(#5417,#5418,#5419,#5420,#5421,
    #5422,#5423,#5424,#5425,#5426,#5427,#5428,#5429,#5430,#5431,#5432,
    #5433,#5434,#5435,#5436,#5437,#5438,#5439,#5440,#5441,#5442),
  .UNSPECIFIED.,.F.,.F.,(8,6,6,6,8),(0.,0.26910412305,0.516972221779,
    0.758862881717,1.),.UNSPECIFIED.);
#5417 = CARTESIAN_POINT('',(14.461912194839,-56.68424027601,
    -9.651264390288));
#5418 = CARTESIAN_POINT('',(14.979035285743,-56.55230609645,
    -10.42614615003));
#5419 = CARTESIAN_POINT('',(15.516186341613,-56.40940002024,
    -11.1907818518));
#5420 = CARTESIAN_POINT('',(16.067714953219,-56.25608868322,
    -11.94466708597));
#5421 = CARTESIAN_POINT('',(16.62940855,-56.0928853625,-12.68780843591)
  );
#5422 = CARTESIAN_POINT('',(17.198872228429,-55.92006747458,
    -13.42128628226));
#5423 = CARTESIAN_POINT('',(17.775627608885,-55.73739451118,
    -14.14753274575));
#5424 = CARTESIAN_POINT('',(18.900147114551,-55.3656653718,
    -15.53602450251));
#5425 = CARTESIAN_POINT('',(19.44515735053,-55.17872980514,
    -16.19700725911));
#5426 = CARTESIAN_POINT('',(19.99450198974,-54.98323245837,
    -16.8531608103));
#5427 = CARTESIAN_POINT('',(20.547167728071,-54.77924653114,
    -17.50466208238));
#5428 = CARTESIAN_POINT('',(21.102570281504,-54.56674298807,
    -18.1519232836));
#5429 = CARTESIAN_POINT('',(21.660488054171,-54.34556470757,
    -18.79556366934));
#5430 = CARTESIAN_POINT('',(22.767994108881,-53.89079788006,
    -20.0617404499));
#5431 = CARTESIAN_POINT('',(23.317096461046,-53.65778603812,
    -20.68399716405));
#5432 = CARTESIAN_POINT('',(23.867797257723,-53.4163437738,
    -21.30323518212));
#5433 = CARTESIAN_POINT('',(24.419724783673,-53.166414242,
    -21.91957718807));
#5434 = CARTESIAN_POINT('',(24.972613541953,-52.90790640927,
    -22.53317508048));
#5435 = CARTESIAN_POINT('',(25.526276851258,-52.64069399398,
    -23.14419975502));
#5436 = CARTESIAN_POINT('',(26.633163298841,-52.08940104536,
    -24.35956006864));
#5437 = CARTESIAN_POINT('',(27.186302987072,-51.80541518747,
    -24.96382372043));
#5438 = CARTESIAN_POINT('',(27.739773504117,-51.5125557307,
    -25.56568572766));
#5439 = CARTESIAN_POINT('',(28.29337436746,-51.21070777281,
    -26.16519617877));
#5440 = CARTESIAN_POINT('',(28.846929103353,-50.89974371603,
    -26.76239206808));
#5441 = CARTESIAN_POINT('',(29.400280710053,-50.57952127733,
    -27.35730096964));
#5442 = CARTESIAN_POINT('',(29.953287121059,-50.2498814988,
    -27.94994471115));
#5443 = PCURVE('',#2039,#5444);
#5444 = DEFINITIONAL_REPRESENTATION('',(#5445),#5472);
#5445 = B_SPLINE_CURVE_WITH_KNOTS('',7,(#5446,#5447,#5448,#5449,#5450,
    #5451,#5452,#5453,#5454,#5455,#5456,#5457,#5458,#5459,#5460,#5461,
    #5462,#5463,#5464,#5465,#5466,#5467,#5468,#5469,#5470,#5471),
  .UNSPECIFIED.,.F.,.F.,(8,6,6,6,8),(0.,0.26910412305,0.516972221779,
    0.758862881717,1.),.UNSPECIFIED.);
#5446 = CARTESIAN_POINT('',(4.962191046976,90.348735609712));
#5447 = CARTESIAN_POINT('',(4.971313919372,89.573853849961));
#5448 = CARTESIAN_POINT('',(4.980814889614,88.809218148195));
#5449 = CARTESIAN_POINT('',(4.990599211402,88.055332914029));
#5450 = CARTESIAN_POINT('',(5.000596650133,87.31219156409));
#5451 = CARTESIAN_POINT('',(5.01076828692,86.578713717738));
#5452 = CARTESIAN_POINT('',(5.021109230686,85.852467254249));
#5453 = CARTESIAN_POINT('',(5.041354831117,84.463975497484));
#5454 = CARTESIAN_POINT('',(5.051203413813,83.802992740889));
#5455 = CARTESIAN_POINT('',(5.061169774385,83.146839189698));
#5456 = CARTESIAN_POINT('',(5.071238763756,82.495337917614));
#5457 = CARTESIAN_POINT('',(5.081402862674,81.848076716394));
#5458 = CARTESIAN_POINT('',(5.091661245087,81.204436330656));
#5459 = CARTESIAN_POINT('',(5.112126878339,79.938259550098));
#5460 = CARTESIAN_POINT('',(5.122322700556,79.316002835946));
#5461 = CARTESIAN_POINT('',(5.132600225331,78.696764817873));
#5462 = CARTESIAN_POINT('',(5.142955761798,78.080422811926));
#5463 = CARTESIAN_POINT('',(5.153387633954,77.466824919514));
#5464 = CARTESIAN_POINT('',(5.163895756641,76.855800244975));
#5465 = CARTESIAN_POINT('',(5.185033817041,75.640439931356));
#5466 = CARTESIAN_POINT('',(5.195661755685,75.03617627957));
#5467 = CARTESIAN_POINT('',(5.206364302131,74.434314272332));
#5468 = CARTESIAN_POINT('',(5.21714130433,73.834803821221));
#5469 = CARTESIAN_POINT('',(5.22799320056,73.23760793192));
#5470 = CARTESIAN_POINT('',(5.238920973069,72.642699030357));
#5471 = CARTESIAN_POINT('',(5.249926101729,72.050055288845));
#5472 = ( GEOMETRIC_REPRESENTATION_CONTEXT(2) 
PARAMETRIC_REPRESENTATION_CONTEXT() REPRESENTATION_CONTEXT('2D SPACE',''
  ) );
#5473 = PCURVE('',#5273,#5474);
#5474 = DEFINITIONAL_REPRESENTATION('',(#5475),#5502);
#5475 = B_SPLINE_CURVE_WITH_KNOTS('',7,(#5476,#5477,#5478,#5479,#5480,
    #5481,#5482,#5483,#5484,#5485,#5486,#5487,#5488,#5489,#5490,#5491,
    #5492,#5493,#5494,#5495,#5496,#5497,#5498,#5499,#5500,#5501),
  .UNSPECIFIED.,.F.,.F.,(8,6,6,6,8),(0.,0.26910412305,0.516972221779,
    0.758862881717,1.),.UNSPECIFIED.);
#5476 = CARTESIAN_POINT('',(1.739442695764,114.46191219483));
#5477 = CARTESIAN_POINT('',(1.75311284034,114.97903528574));
#5478 = CARTESIAN_POINT('',(1.766639348869,115.51618634161));
#5479 = CARTESIAN_POINT('',(1.780016090352,116.06771495321));
#5480 = CARTESIAN_POINT('',(1.793245463215,116.62940855));
#5481 = CARTESIAN_POINT('',(1.806348517049,117.19887222842));
#5482 = CARTESIAN_POINT('',(1.819370810534,117.77562760888));
#5483 = CARTESIAN_POINT('',(1.844368908982,118.90014711455));
#5484 = CARTESIAN_POINT('',(1.856313965721,119.44515735053));
#5485 = CARTESIAN_POINT('',(1.868219213916,119.99450198974));
#5486 = CARTESIAN_POINT('',(1.880090021779,120.54716772807));
#5487 = CARTESIAN_POINT('',(1.891936092184,121.1025702815));
#5488 = CARTESIAN_POINT('',(1.903771181897,121.66048805417));
#5489 = CARTESIAN_POINT('',(1.927168895627,122.76799410888));
#5490 = CARTESIAN_POINT('',(1.938723551535,123.31709646104));
#5491 = CARTESIAN_POINT('',(1.950280879121,123.86779725772));
#5492 = CARTESIAN_POINT('',(1.961845737966,124.41972478367));
#5493 = CARTESIAN_POINT('',(1.97342368595,124.97261354195));
#5494 = CARTESIAN_POINT('',(1.985020850044,125.52627685125));
#5495 = CARTESIAN_POINT('',(2.008230421155,126.63316329884));
#5496 = CARTESIAN_POINT('',(2.019841007714,127.18630298707));
#5497 = CARTESIAN_POINT('',(2.031479847726,127.73977350411));
#5498 = CARTESIAN_POINT('',(2.043151147561,128.29337436746));
#5499 = CARTESIAN_POINT('',(2.05485906724,128.84692910335));
#5500 = CARTESIAN_POINT('',(2.066607816249,129.40028071005));
#5501 = CARTESIAN_POINT('',(2.078401749365,129.95328712105));
#5502 = ( GEOMETRIC_REPRESENTATION_CONTEXT(2) 
PARAMETRIC_REPRESENTATION_CONTEXT() REPRESENTATION_CONTEXT('2D SPACE',''
  ) );
#5503 = ORIENTED_EDGE('',*,*,#5504,.F.);
#5504 = EDGE_CURVE('',#5505,#5413,#5507,.T.);
#5505 = VERTEX_POINT('',#5506);
#5506 = CARTESIAN_POINT('',(23.199370322994,-53.70325145292,
    20.547768330975));
#5507 = SURFACE_CURVE('',#5508,(#5513,#5523),.PCURVE_S1.);
#5508 = ELLIPSE('',#5509,541.66989809863,58.5);
#5509 = AXIS2_PLACEMENT_3D('',#5510,#5511,#5512);
#5510 = CARTESIAN_POINT('',(0.,0.,-193.0060646468));
#5511 = DIRECTION('',(0.994150963972,0.,-0.107999355706));
#5512 = DIRECTION('',(0.107999355706,0.,0.994150963972));
#5513 = PCURVE('',#2039,#5514);
#5514 = DEFINITIONAL_REPRESENTATION('',(#5515),#5522);
#5515 = B_SPLINE_CURVE_WITH_KNOTS('',5,(#5516,#5517,#5518,#5519,#5520,
    #5521),.UNSPECIFIED.,.F.,.F.,(6,6),(1.072837975375,1.287328438566),
  .PIECEWISE_BEZIER_KNOTS.);
#5516 = CARTESIAN_POINT('',(5.210347331804,164.2000006));
#5517 = CARTESIAN_POINT('',(5.167449239166,143.9046655008));
#5518 = CARTESIAN_POINT('',(5.124551146528,123.01767787207));
#5519 = CARTESIAN_POINT('',(5.08165305389,101.61684275544));
#5520 = CARTESIAN_POINT('',(5.038754961252,79.784520853319));
#5521 = CARTESIAN_POINT('',(4.995856868614,57.605745996343));
#5522 = ( GEOMETRIC_REPRESENTATION_CONTEXT(2) 
PARAMETRIC_REPRESENTATION_CONTEXT() REPRESENTATION_CONTEXT('2D SPACE',''
  ) );
#5523 = PCURVE('',#5189,#5524);
#5524 = DEFINITIONAL_REPRESENTATION('',(#5525),#5529);
#5525 = ELLIPSE('',#5526,541.66989809863,58.5);
#5526 = AXIS2_PLACEMENT_2D('',#5527,#5528);
#5527 = CARTESIAN_POINT('',(61.462224232303,-200.));
#5528 = DIRECTION('',(1.,0.));
#5529 = ( GEOMETRIC_REPRESENTATION_CONTEXT(2) 
PARAMETRIC_REPRESENTATION_CONTEXT() REPRESENTATION_CONTEXT('2D SPACE',''
  ) );
#5530 = ORIENTED_EDGE('',*,*,#5531,.F.);
#5531 = EDGE_CURVE('',#5532,#5505,#5534,.T.);
#5532 = VERTEX_POINT('',#5533);
#5533 = CARTESIAN_POINT('',(25.48852773859,-52.6553411699,
    23.101191447215));
#5534 = SURFACE_CURVE('',#5535,(#5568,#5604),.PCURVE_S1.);
#5535 = B_SPLINE_CURVE_WITH_KNOTS('',6,(#5536,#5537,#5538,#5539,#5540,
    #5541,#5542,#5543,#5544,#5545,#5546,#5547,#5548,#5549,#5550,#5551,
    #5552,#5553,#5554,#5555,#5556,#5557,#5558,#5559,#5560,#5561,#5562,
    #5563,#5564,#5565,#5566,#5567),.UNSPECIFIED.,.F.,.F.,(7,5,5,5,5,5,7)
  ,(0.,0.14400252446,0.287525673417,0.458028634808,0.631022094083,
    0.809261026436,1.),.UNSPECIFIED.);
#5536 = CARTESIAN_POINT('',(29.953287121059,-50.2498814988,
    27.949944711155));
#5537 = CARTESIAN_POINT('',(29.568223865019,-50.47941259268,
    27.537281631241));
#5538 = CARTESIAN_POINT('',(29.182982306695,-50.70425095445,
    27.123482203466));
#5539 = CARTESIAN_POINT('',(28.797619210025,-50.92445306747,
    26.70854274613));
#5540 = CARTESIAN_POINT('',(28.41219475323,-51.14007147897,
    26.29245641338));
#5541 = CARTESIAN_POINT('',(28.026773535639,-51.3511551931,
    25.87521236474));
#5542 = CARTESIAN_POINT('',(27.257360432903,-51.76365719322,
    25.039770390302));
#5543 = CARTESIAN_POINT('',(26.873372994723,-51.96510266941,
    24.621585630105));
#5544 = CARTESIAN_POINT('',(26.489523369101,-52.16213707354,
    24.202214988205));
#5545 = CARTESIAN_POINT('',(26.105881453524,-52.3548047643,
    23.781632775407));
#5546 = CARTESIAN_POINT('',(25.72252859003,-52.54314476442,
    23.359811981777));
#5547 = CARTESIAN_POINT('',(24.884598366019,-52.94583608673,
    22.434100730631));
#5548 = CARTESIAN_POINT('',(24.430208832211,-53.15840717168,
    21.929721993375));
#5549 = CARTESIAN_POINT('',(23.976487913055,-53.3649936935,
    21.423469469248));
#5550 = CARTESIAN_POINT('',(23.523582496632,-53.5656589749,
    20.915245487216));
#5551 = CARTESIAN_POINT('',(23.071695975625,-53.76044627261,
    20.404966916628));
#5552 = CARTESIAN_POINT('',(22.16391253495,-54.14108186121,
    19.37266863428));
#5553 = CARTESIAN_POINT('',(21.708135469083,-54.32672364639,
    18.850679633537));
#5554 = CARTESIAN_POINT('',(21.253840528787,-54.50642783548,
    18.326287061139));
#5555 = CARTESIAN_POINT('',(20.801246079884,-54.68024981461,
    17.799270260155));
#5556 = CARTESIAN_POINT('',(20.350725729139,-54.84819815911,
    17.269485069606));
#5557 = CARTESIAN_POINT('',(19.441336533902,-55.17721703868,
    16.188074547432));
#5558 = CARTESIAN_POINT('',(18.982850917556,-55.33784434347,
    15.636538080337));
#5559 = CARTESIAN_POINT('',(18.527352205261,-55.49233651179,
    15.081451172816));
#5560 = CARTESIAN_POINT('',(18.07523392136,-55.64073951894,
    14.52229925995));
#5561 = CARTESIAN_POINT('',(17.627320273757,-55.78298854371,
    13.95883391273));
#5562 = CARTESIAN_POINT('',(16.711432991394,-56.0644570143,
    12.78346588711));
#5563 = CARTESIAN_POINT('',(16.244800179536,-56.20259679041,
    12.171636892651));
#5564 = CARTESIAN_POINT('',(15.78479345817,-56.33378196296,
    11.553364163568));
#5565 = CARTESIAN_POINT('',(15.332549405887,-56.45797319684,
    10.927434212742));
#5566 = CARTESIAN_POINT('',(14.890435019717,-56.57491077919,
    10.293383310282));
#5567 = CARTESIAN_POINT('',(14.461912194839,-56.68424027601,
    9.651264390287));
#5568 = PCURVE('',#2039,#5569);
#5569 = DEFINITIONAL_REPRESENTATION('',(#5570),#5603);
#5570 = B_SPLINE_CURVE_WITH_KNOTS('',6,(#5571,#5572,#5573,#5574,#5575,
    #5576,#5577,#5578,#5579,#5580,#5581,#5582,#5583,#5584,#5585,#5586,
    #5587,#5588,#5589,#5590,#5591,#5592,#5593,#5594,#5595,#5596,#5597,
    #5598,#5599,#5600,#5601,#5602),.UNSPECIFIED.,.F.,.F.,(7,5,5,5,5,5,7)
  ,(0.,0.14400252446,0.287525673417,0.458028634808,0.631022094083,
    0.809261026436,1.),.UNSPECIFIED.);
#5571 = CARTESIAN_POINT('',(5.249926101729,127.94994471115));
#5572 = CARTESIAN_POINT('',(5.242263133289,127.53728163124));
#5573 = CARTESIAN_POINT('',(5.23463861995,127.12348220346));
#5574 = CARTESIAN_POINT('',(5.227052091021,126.70854274613));
#5575 = CARTESIAN_POINT('',(5.219503200572,126.29245641338));
#5576 = CARTESIAN_POINT('',(5.211991737215,125.87521236474));
#5577 = CARTESIAN_POINT('',(5.197068411395,125.0397703903));
#5578 = CARTESIAN_POINT('',(5.189656396291,124.6215856301));
#5579 = CARTESIAN_POINT('',(5.182281341663,124.2022149882));
#5580 = CARTESIAN_POINT('',(5.174943234861,123.7816327754));
#5581 = CARTESIAN_POINT('',(5.167642315202,123.35981198177));
#5582 = CARTESIAN_POINT('',(5.151750510654,122.43410073063));
#5583 = CARTESIAN_POINT('',(5.1431757009,121.92972199337));
#5584 = CARTESIAN_POINT('',(5.134654349265,121.42346946924));
#5585 = CARTESIAN_POINT('',(5.126187162814,120.91524548721));
#5586 = CARTESIAN_POINT('',(5.117775941981,120.40496691662));
#5587 = CARTESIAN_POINT('',(5.100949365469,119.37266863428));
#5588 = CARTESIAN_POINT('',(5.092537263752,118.85067963353));
#5589 = CARTESIAN_POINT('',(5.084186681723,118.32628706113));
#5590 = CARTESIAN_POINT('',(5.075899673411,117.79927026015));
#5591 = CARTESIAN_POINT('',(5.067681138568,117.2694850696));
#5592 = CARTESIAN_POINT('',(5.051149870612,116.18807454743));
#5593 = CARTESIAN_POINT('',(5.042845874161,115.63653808033));
#5594 = CARTESIAN_POINT('',(5.034624514911,115.08145117281));
#5595 = CARTESIAN_POINT('',(5.026490877556,114.52229925995));
#5596 = CARTESIAN_POINT('',(5.018457744241,113.95883391273));
#5597 = CARTESIAN_POINT('',(5.002078910241,112.78346588711));
#5598 = CARTESIAN_POINT('',(4.993760541438,112.17163689265));
#5599 = CARTESIAN_POINT('',(4.985584274393,111.55336416356));
#5600 = CARTESIAN_POINT('',(4.97756796711,110.92743421274));
#5601 = CARTESIAN_POINT('',(4.969750870002,110.29338331028));
#5602 = CARTESIAN_POINT('',(4.962191046976,109.65126439028));
#5603 = ( GEOMETRIC_REPRESENTATION_CONTEXT(2) 
PARAMETRIC_REPRESENTATION_CONTEXT() REPRESENTATION_CONTEXT('2D SPACE',''
  ) );
#5604 = PCURVE('',#5152,#5605);
#5605 = DEFINITIONAL_REPRESENTATION('',(#5606),#5619);
#5606 = B_SPLINE_CURVE_WITH_KNOTS('',6,(#5607,#5608,#5609,#5610,#5611,
    #5612,#5613,#5614,#5615,#5616,#5617,#5618),.UNSPECIFIED.,.F.,.F.,(7,
    5,7),(0.278222476805,0.287525673417,0.421612014204),.UNSPECIFIED.);
#5607 = CARTESIAN_POINT('',(7.440543826334,125.48852773808));
#5608 = CARTESIAN_POINT('',(7.441064156138,125.46369579185));
#5609 = CARTESIAN_POINT('',(7.441584443994,125.4388653554));
#5610 = CARTESIAN_POINT('',(7.442104690349,125.41403645375));
#5611 = CARTESIAN_POINT('',(7.442624895651,125.38920911217));
#5612 = CARTESIAN_POINT('',(7.443145060345,125.36438335615));
#5613 = CARTESIAN_POINT('',(7.451161704481,124.98177049933));
#5614 = CARTESIAN_POINT('',(7.458649490907,124.62433511543));
#5615 = CARTESIAN_POINT('',(7.466130511553,124.26730038401));
#5616 = CARTESIAN_POINT('',(7.473606538458,123.91073259473));
#5617 = CARTESIAN_POINT('',(7.481079188857,123.55471908397));
#5618 = CARTESIAN_POINT('',(7.488549965712,123.19937031613));
#5619 = ( GEOMETRIC_REPRESENTATION_CONTEXT(2) 
PARAMETRIC_REPRESENTATION_CONTEXT() REPRESENTATION_CONTEXT('2D SPACE',''
  ) );
#5620 = ORIENTED_EDGE('',*,*,#5621,.F.);
#5621 = EDGE_CURVE('',#5622,#5532,#5624,.T.);
#5622 = VERTEX_POINT('',#5623);
#5623 = CARTESIAN_POINT('',(29.953287121059,-50.2498814988,64.2));
#5624 = SURFACE_CURVE('',#5625,(#5630,#5641),.PCURVE_S1.);
#5625 = ELLIPSE('',#5626,541.66989809863,58.5);
#5626 = AXIS2_PLACEMENT_3D('',#5627,#5628,#5629);
#5627 = CARTESIAN_POINT('',(0.,0.,-211.5246936416));
#5628 = DIRECTION('',(0.994150963972,0.,-0.107999355706));
#5629 = DIRECTION('',(0.107999355706,0.,0.994150963972));
#5630 = PCURVE('',#2039,#5631);
#5631 = DEFINITIONAL_REPRESENTATION('',(#5632),#5640);
#5632 = B_SPLINE_CURVE_WITH_KNOTS('',6,(#5633,#5634,#5635,#5636,#5637,
    #5638,#5639),.UNSPECIFIED.,.F.,.F.,(7,7),(1.033259204154,
    1.28440097536),.PIECEWISE_BEZIER_KNOTS.);
#5633 = CARTESIAN_POINT('',(5.249926103026,164.2000006));
#5634 = CARTESIAN_POINT('',(5.208069141158,144.8387272122));
#5635 = CARTESIAN_POINT('',(5.16621217929,124.89776852348));
#5636 = CARTESIAN_POINT('',(5.124355217422,104.4381821693));
#5637 = CARTESIAN_POINT('',(5.082498255555,83.524073814202));
#5638 = CARTESIAN_POINT('',(5.040641293687,62.221950582194));
#5639 = CARTESIAN_POINT('',(4.998784331819,40.5999994));
#5640 = ( GEOMETRIC_REPRESENTATION_CONTEXT(2) 
PARAMETRIC_REPRESENTATION_CONTEXT() REPRESENTATION_CONTEXT('2D SPACE',''
  ) );
#5641 = PCURVE('',#5078,#5642);
#5642 = DEFINITIONAL_REPRESENTATION('',(#5643),#5647);
#5643 = ELLIPSE('',#5644,541.66989809863,58.5);
#5644 = AXIS2_PLACEMENT_2D('',#5645,#5646);
#5645 = CARTESIAN_POINT('',(43.051911365652,-200.));
#5646 = DIRECTION('',(1.,0.));
#5647 = ( GEOMETRIC_REPRESENTATION_CONTEXT(2) 
PARAMETRIC_REPRESENTATION_CONTEXT() REPRESENTATION_CONTEXT('2D SPACE',''
  ) );
#5648 = ORIENTED_EDGE('',*,*,#5649,.T.);
#5649 = EDGE_CURVE('',#5622,#5650,#5652,.T.);
#5650 = VERTEX_POINT('',#5651);
#5651 = CARTESIAN_POINT('',(11.1,-57.43727013011,64.2));
#5652 = SURFACE_CURVE('',#5653,(#5658,#5665),.PCURVE_S1.);
#5653 = CIRCLE('',#5654,58.5);
#5654 = AXIS2_PLACEMENT_3D('',#5655,#5656,#5657);
#5655 = CARTESIAN_POINT('',(-1.42108547152E-14,1.59872115546E-14,64.2));
#5656 = DIRECTION('',(0.,0.,-1.));
#5657 = DIRECTION('',(1.,-5.182150274295E-16,0.));
#5658 = PCURVE('',#2039,#5659);
#5659 = DEFINITIONAL_REPRESENTATION('',(#5660),#5664);
#5660 = LINE('',#5661,#5662);
#5661 = CARTESIAN_POINT('',(6.28318530718,164.2));
#5662 = VECTOR('',#5663,1.);
#5663 = DIRECTION('',(-1.,-0.));
#5664 = ( GEOMETRIC_REPRESENTATION_CONTEXT(2) 
PARAMETRIC_REPRESENTATION_CONTEXT() REPRESENTATION_CONTEXT('2D SPACE',''
  ) );
#5665 = PCURVE('',#5045,#5666);
#5666 = DEFINITIONAL_REPRESENTATION('',(#5667),#5671);
#5667 = CIRCLE('',#5668,58.5);
#5668 = AXIS2_PLACEMENT_2D('',#5669,#5670);
#5669 = CARTESIAN_POINT('',(58.5,-100.));
#5670 = DIRECTION('',(5.182150274295E-16,-1.));
#5671 = ( GEOMETRIC_REPRESENTATION_CONTEXT(2) 
PARAMETRIC_REPRESENTATION_CONTEXT() REPRESENTATION_CONTEXT('2D SPACE',''
  ) );
#5672 = ORIENTED_EDGE('',*,*,#5673,.F.);
#5673 = EDGE_CURVE('',#5674,#5650,#5676,.T.);
#5674 = VERTEX_POINT('',#5675);
#5675 = CARTESIAN_POINT('',(11.1,-57.43727013011,51.7));
#5676 = SURFACE_CURVE('',#5677,(#5681,#5687),.PCURVE_S1.);
#5677 = LINE('',#5678,#5679);
#5678 = CARTESIAN_POINT('',(11.1,-57.43727013011,-100.));
#5679 = VECTOR('',#5680,1.);
#5680 = DIRECTION('',(0.,0.,1.));
#5681 = PCURVE('',#2039,#5682);
#5682 = DEFINITIONAL_REPRESENTATION('',(#5683),#5686);
#5683 = B_SPLINE_CURVE_WITH_KNOTS('',1,(#5684,#5685),.UNSPECIFIED.,.F.,
  .F.,(2,2),(57.605745996343,164.2000006),.PIECEWISE_BEZIER_KNOTS.);
#5684 = CARTESIAN_POINT('',(4.90328996585,57.605745996343));
#5685 = CARTESIAN_POINT('',(4.90328996585,164.2000006));
#5686 = ( GEOMETRIC_REPRESENTATION_CONTEXT(2) 
PARAMETRIC_REPRESENTATION_CONTEXT() REPRESENTATION_CONTEXT('2D SPACE',''
  ) );
#5687 = PCURVE('',#5688,#5693);
#5688 = PLANE('',#5689);
#5689 = AXIS2_PLACEMENT_3D('',#5690,#5691,#5692);
#5690 = CARTESIAN_POINT('',(11.1,-80.,-100.));
#5691 = DIRECTION('',(1.,0.,-0.));
#5692 = DIRECTION('',(0.,0.,1.));
#5693 = DEFINITIONAL_REPRESENTATION('',(#5694),#5697);
#5694 = B_SPLINE_CURVE_WITH_KNOTS('',1,(#5695,#5696),.UNSPECIFIED.,.F.,
  .F.,(2,2),(57.605745996343,164.2000006),.PIECEWISE_BEZIER_KNOTS.);
#5695 = CARTESIAN_POINT('',(57.605745996343,-22.56272986988));
#5696 = CARTESIAN_POINT('',(164.2000006,-22.56272986988));
#5697 = ( GEOMETRIC_REPRESENTATION_CONTEXT(2) 
PARAMETRIC_REPRESENTATION_CONTEXT() REPRESENTATION_CONTEXT('2D SPACE',''
  ) );
#5698 = ORIENTED_EDGE('',*,*,#5699,.T.);
#5699 = EDGE_CURVE('',#5674,#5318,#5700,.T.);
#5700 = SURFACE_CURVE('',#5701,(#5706,#5713),.PCURVE_S1.);
#5701 = CIRCLE('',#5702,58.5);
#5702 = AXIS2_PLACEMENT_3D('',#5703,#5704,#5705);
#5703 = CARTESIAN_POINT('',(0.,0.,51.7));
#5704 = DIRECTION('',(0.,0.,1.));
#5705 = DIRECTION('',(1.,0.,-0.));
#5706 = PCURVE('',#2039,#5707);
#5707 = DEFINITIONAL_REPRESENTATION('',(#5708),#5712);
#5708 = LINE('',#5709,#5710);
#5709 = CARTESIAN_POINT('',(0.,151.7));
#5710 = VECTOR('',#5711,1.);
#5711 = DIRECTION('',(1.,0.));
#5712 = ( GEOMETRIC_REPRESENTATION_CONTEXT(2) 
PARAMETRIC_REPRESENTATION_CONTEXT() REPRESENTATION_CONTEXT('2D SPACE',''
  ) );
#5713 = PCURVE('',#4990,#5714);
#5714 = DEFINITIONAL_REPRESENTATION('',(#5715),#5719);
#5715 = CIRCLE('',#5716,58.5);
#5716 = AXIS2_PLACEMENT_2D('',#5717,#5718);
#5717 = CARTESIAN_POINT('',(15.2,80.));
#5718 = DIRECTION('',(1.,0.));
#5719 = ( GEOMETRIC_REPRESENTATION_CONTEXT(2) 
PARAMETRIC_REPRESENTATION_CONTEXT() REPRESENTATION_CONTEXT('2D SPACE',''
  ) );
#5720 = ORIENTED_EDGE('',*,*,#5340,.F.);
#5721 = ORIENTED_EDGE('',*,*,#2022,.F.);
#5722 = ADVANCED_FACE('',(#5723),#2011,.F.);
#5723 = FACE_BOUND('',#5724,.F.);
#5724 = EDGE_LOOP('',(#5725,#5726,#5747,#5748));
#5725 = ORIENTED_EDGE('',*,*,#2514,.F.);
#5726 = ORIENTED_EDGE('',*,*,#5727,.T.);
#5727 = EDGE_CURVE('',#2494,#1971,#5728,.T.);
#5728 = SURFACE_CURVE('',#5729,(#5733,#5740),.PCURVE_S1.);
#5729 = LINE('',#5730,#5731);
#5730 = CARTESIAN_POINT('',(11.1,-55.4,-100.));
#5731 = VECTOR('',#5732,1.);
#5732 = DIRECTION('',(0.,0.,1.));
#5733 = PCURVE('',#2011,#5734);
#5734 = DEFINITIONAL_REPRESENTATION('',(#5735),#5739);
#5735 = LINE('',#5736,#5737);
#5736 = CARTESIAN_POINT('',(0.,-24.6));
#5737 = VECTOR('',#5738,1.);
#5738 = DIRECTION('',(1.,0.));
#5739 = ( GEOMETRIC_REPRESENTATION_CONTEXT(2) 
PARAMETRIC_REPRESENTATION_CONTEXT() REPRESENTATION_CONTEXT('2D SPACE',''
  ) );
#5740 = PCURVE('',#1985,#5741);
#5741 = DEFINITIONAL_REPRESENTATION('',(#5742),#5746);
#5742 = LINE('',#5743,#5744);
#5743 = CARTESIAN_POINT('',(0.,22.2));
#5744 = VECTOR('',#5745,1.);
#5745 = DIRECTION('',(1.,0.));
#5746 = ( GEOMETRIC_REPRESENTATION_CONTEXT(2) 
PARAMETRIC_REPRESENTATION_CONTEXT() REPRESENTATION_CONTEXT('2D SPACE',''
  ) );
#5747 = ORIENTED_EDGE('',*,*,#1996,.T.);
#5748 = ORIENTED_EDGE('',*,*,#5364,.F.);
#5749 = ADVANCED_FACE('',(#5750),#1985,.F.);
#5750 = FACE_BOUND('',#5751,.F.);
#5751 = EDGE_LOOP('',(#5752,#5753,#5754,#5773));
#5752 = ORIENTED_EDGE('',*,*,#5727,.F.);
#5753 = ORIENTED_EDGE('',*,*,#2493,.T.);
#5754 = ORIENTED_EDGE('',*,*,#5755,.T.);
#5755 = EDGE_CURVE('',#2466,#1945,#5756,.T.);
#5756 = SURFACE_CURVE('',#5757,(#5761,#5767),.PCURVE_S1.);
#5757 = LINE('',#5758,#5759);
#5758 = CARTESIAN_POINT('',(7.5,-55.4,-100.));
#5759 = VECTOR('',#5760,1.);
#5760 = DIRECTION('',(0.,0.,1.));
#5761 = PCURVE('',#1985,#5762);
#5762 = DEFINITIONAL_REPRESENTATION('',(#5763),#5766);
#5763 = B_SPLINE_CURVE_WITH_KNOTS('',1,(#5764,#5765),.UNSPECIFIED.,.F.,
  .F.,(2,2),(45.222844919101,164.2),.PIECEWISE_BEZIER_KNOTS.);
#5764 = CARTESIAN_POINT('',(45.222844919101,18.6));
#5765 = CARTESIAN_POINT('',(164.2,18.6));
#5766 = ( GEOMETRIC_REPRESENTATION_CONTEXT(2) 
PARAMETRIC_REPRESENTATION_CONTEXT() REPRESENTATION_CONTEXT('2D SPACE',''
  ) );
#5767 = PCURVE('',#1959,#5768);
#5768 = DEFINITIONAL_REPRESENTATION('',(#5769),#5772);
#5769 = B_SPLINE_CURVE_WITH_KNOTS('',1,(#5770,#5771),.UNSPECIFIED.,.F.,
  .F.,(2,2),(45.222844919101,164.2),.PIECEWISE_BEZIER_KNOTS.);
#5770 = CARTESIAN_POINT('',(45.222844919101,-24.6));
#5771 = CARTESIAN_POINT('',(164.2,-24.6));
#5772 = ( GEOMETRIC_REPRESENTATION_CONTEXT(2) 
PARAMETRIC_REPRESENTATION_CONTEXT() REPRESENTATION_CONTEXT('2D SPACE',''
  ) );
#5773 = ORIENTED_EDGE('',*,*,#1970,.T.);
#5774 = ADVANCED_FACE('',(#5775),#1959,.F.);
#5775 = FACE_BOUND('',#5776,.F.);
#5776 = EDGE_LOOP('',(#5777,#5778,#5799,#5800));
#5777 = ORIENTED_EDGE('',*,*,#2465,.F.);
#5778 = ORIENTED_EDGE('',*,*,#5779,.T.);
#5779 = EDGE_CURVE('',#2445,#1919,#5780,.T.);
#5780 = SURFACE_CURVE('',#5781,(#5785,#5792),.PCURVE_S1.);
#5781 = LINE('',#5782,#5783);
#5782 = CARTESIAN_POINT('',(7.5,-44.5,-100.));
#5783 = VECTOR('',#5784,1.);
#5784 = DIRECTION('',(0.,0.,1.));
#5785 = PCURVE('',#1959,#5786);
#5786 = DEFINITIONAL_REPRESENTATION('',(#5787),#5791);
#5787 = LINE('',#5788,#5789);
#5788 = CARTESIAN_POINT('',(0.,-35.5));
#5789 = VECTOR('',#5790,1.);
#5790 = DIRECTION('',(1.,0.));
#5791 = ( GEOMETRIC_REPRESENTATION_CONTEXT(2) 
PARAMETRIC_REPRESENTATION_CONTEXT() REPRESENTATION_CONTEXT('2D SPACE',''
  ) );
#5792 = PCURVE('',#1933,#5793);
#5793 = DEFINITIONAL_REPRESENTATION('',(#5794),#5798);
#5794 = LINE('',#5795,#5796);
#5795 = CARTESIAN_POINT('',(0.,15.));
#5796 = VECTOR('',#5797,1.);
#5797 = DIRECTION('',(1.,0.));
#5798 = ( GEOMETRIC_REPRESENTATION_CONTEXT(2) 
PARAMETRIC_REPRESENTATION_CONTEXT() REPRESENTATION_CONTEXT('2D SPACE',''
  ) );
#5799 = ORIENTED_EDGE('',*,*,#1944,.T.);
#5800 = ORIENTED_EDGE('',*,*,#5755,.F.);
#5801 = ADVANCED_FACE('',(#5802),#1933,.F.);
#5802 = FACE_BOUND('',#5803,.F.);
#5803 = EDGE_LOOP('',(#5804,#5805,#5806,#5827));
#5804 = ORIENTED_EDGE('',*,*,#5779,.F.);
#5805 = ORIENTED_EDGE('',*,*,#2444,.T.);
#5806 = ORIENTED_EDGE('',*,*,#5807,.T.);
#5807 = EDGE_CURVE('',#2417,#1893,#5808,.T.);
#5808 = SURFACE_CURVE('',#5809,(#5813,#5820),.PCURVE_S1.);
#5809 = LINE('',#5810,#5811);
#5810 = CARTESIAN_POINT('',(-7.5,-44.5,-100.));
#5811 = VECTOR('',#5812,1.);
#5812 = DIRECTION('',(0.,0.,1.));
#5813 = PCURVE('',#1933,#5814);
#5814 = DEFINITIONAL_REPRESENTATION('',(#5815),#5819);
#5815 = LINE('',#5816,#5817);
#5816 = CARTESIAN_POINT('',(0.,0.));
#5817 = VECTOR('',#5818,1.);
#5818 = DIRECTION('',(1.,0.));
#5819 = ( GEOMETRIC_REPRESENTATION_CONTEXT(2) 
PARAMETRIC_REPRESENTATION_CONTEXT() REPRESENTATION_CONTEXT('2D SPACE',''
  ) );
#5820 = PCURVE('',#1907,#5821);
#5821 = DEFINITIONAL_REPRESENTATION('',(#5822),#5826);
#5822 = LINE('',#5823,#5824);
#5823 = CARTESIAN_POINT('',(0.,-35.5));
#5824 = VECTOR('',#5825,1.);
#5825 = DIRECTION('',(1.,0.));
#5826 = ( GEOMETRIC_REPRESENTATION_CONTEXT(2) 
PARAMETRIC_REPRESENTATION_CONTEXT() REPRESENTATION_CONTEXT('2D SPACE',''
  ) );
#5827 = ORIENTED_EDGE('',*,*,#1918,.T.);
#5828 = ADVANCED_FACE('',(#5829),#1907,.T.);
#5829 = FACE_BOUND('',#5830,.T.);
#5830 = EDGE_LOOP('',(#5831,#5832,#5833,#5834));
#5831 = ORIENTED_EDGE('',*,*,#2416,.F.);
#5832 = ORIENTED_EDGE('',*,*,#5807,.T.);
#5833 = ORIENTED_EDGE('',*,*,#1892,.T.);
#5834 = ORIENTED_EDGE('',*,*,#5835,.F.);
#5835 = EDGE_CURVE('',#2396,#1867,#5836,.T.);
#5836 = SURFACE_CURVE('',#5837,(#5841,#5847),.PCURVE_S1.);
#5837 = LINE('',#5838,#5839);
#5838 = CARTESIAN_POINT('',(-7.5,-55.4,-100.));
#5839 = VECTOR('',#5840,1.);
#5840 = DIRECTION('',(0.,0.,1.));
#5841 = PCURVE('',#1907,#5842);
#5842 = DEFINITIONAL_REPRESENTATION('',(#5843),#5846);
#5843 = B_SPLINE_CURVE_WITH_KNOTS('',1,(#5844,#5845),.UNSPECIFIED.,.F.,
  .F.,(2,2),(45.222844919101,164.2),.PIECEWISE_BEZIER_KNOTS.);
#5844 = CARTESIAN_POINT('',(45.222844919101,-24.6));
#5845 = CARTESIAN_POINT('',(164.2,-24.6));
#5846 = ( GEOMETRIC_REPRESENTATION_CONTEXT(2) 
PARAMETRIC_REPRESENTATION_CONTEXT() REPRESENTATION_CONTEXT('2D SPACE',''
  ) );
#5847 = PCURVE('',#1881,#5848);
#5848 = DEFINITIONAL_REPRESENTATION('',(#5849),#5852);
#5849 = B_SPLINE_CURVE_WITH_KNOTS('',1,(#5850,#5851),.UNSPECIFIED.,.F.,
  .F.,(2,2),(45.222844919101,164.2),.PIECEWISE_BEZIER_KNOTS.);
#5850 = CARTESIAN_POINT('',(45.222844919101,3.6));
#5851 = CARTESIAN_POINT('',(164.2,3.6));
#5852 = ( GEOMETRIC_REPRESENTATION_CONTEXT(2) 
PARAMETRIC_REPRESENTATION_CONTEXT() REPRESENTATION_CONTEXT('2D SPACE',''
  ) );
#5853 = ADVANCED_FACE('',(#5854),#1881,.F.);
#5854 = FACE_BOUND('',#5855,.F.);
#5855 = EDGE_LOOP('',(#5856,#5857,#5858,#5859));
#5856 = ORIENTED_EDGE('',*,*,#5835,.F.);
#5857 = ORIENTED_EDGE('',*,*,#2395,.T.);
#5858 = ORIENTED_EDGE('',*,*,#2343,.T.);
#5859 = ORIENTED_EDGE('',*,*,#1866,.T.);
#5860 = ADVANCED_FACE('',(#5861),#3303,.T.);
#5861 = FACE_BOUND('',#5862,.T.);
#5862 = EDGE_LOOP('',(#5863,#5864,#5913,#5914,#5915,#5916));
#5863 = ORIENTED_EDGE('',*,*,#4921,.T.);
#5864 = ORIENTED_EDGE('',*,*,#5865,.F.);
#5865 = EDGE_CURVE('',#5385,#4922,#5866,.T.);
#5866 = SURFACE_CURVE('',#5867,(#5872,#5879),.PCURVE_S1.);
#5867 = ELLIPSE('',#5868,57.838298290481,57.5);
#5868 = AXIS2_PLACEMENT_3D('',#5869,#5870,#5871);
#5869 = CARTESIAN_POINT('',(22.978935249365,0.,0.));
#5870 = DIRECTION('',(0.994150963972,0.,-0.107999355706));
#5871 = DIRECTION('',(0.107999355706,0.,0.994150963972));
#5872 = PCURVE('',#3303,#5873);
#5873 = DEFINITIONAL_REPRESENTATION('',(#5874),#5878);
#5874 = ELLIPSE('',#5875,57.838298290481,57.5);
#5875 = AXIS2_PLACEMENT_2D('',#5876,#5877);
#5876 = CARTESIAN_POINT('',(255.8210996552,-200.));
#5877 = DIRECTION('',(1.,0.));
#5878 = ( GEOMETRIC_REPRESENTATION_CONTEXT(2) 
PARAMETRIC_REPRESENTATION_CONTEXT() REPRESENTATION_CONTEXT('2D SPACE',''
  ) );
#5879 = PCURVE('',#5273,#5880);
#5880 = DEFINITIONAL_REPRESENTATION('',(#5881),#5912);
#5881 = B_SPLINE_CURVE_WITH_KNOTS('',8,(#5882,#5883,#5884,#5885,#5886,
    #5887,#5888,#5889,#5890,#5891,#5892,#5893,#5894,#5895,#5896,#5897,
    #5898,#5899,#5900,#5901,#5902,#5903,#5904,#5905,#5906,#5907,#5908,
    #5909,#5910,#5911),.UNSPECIFIED.,.F.,.F.,(9,7,7,7,9),(0.,
    1.570796326795,2.748893571891,4.516039439535,6.28318530718),
  .UNSPECIFIED.);
#5882 = CARTESIAN_POINT('',(0.,129.22543419987));
#5883 = CARTESIAN_POINT('',(0.196349540849,129.22543419987));
#5884 = CARTESIAN_POINT('',(0.392699081698,128.95020860878));
#5885 = CARTESIAN_POINT('',(0.589048622548,128.39975976513));
#5886 = CARTESIAN_POINT('',(0.785398163395,127.59671425772));
#5887 = CARTESIAN_POINT('',(0.981747704246,126.58637122961));
#5888 = CARTESIAN_POINT('',(1.178097245096,125.4319299421));
#5889 = CARTESIAN_POINT('',(1.374446785946,124.20543245021));
#5890 = CARTESIAN_POINT('',(1.718058482432,122.05906234872));
#5891 = CARTESIAN_POINT('',(1.865320638069,121.13918978474));
#5892 = CARTESIAN_POINT('',(2.012582793706,120.24971303561));
#5893 = CARTESIAN_POINT('',(2.159844949343,119.42103603198));
#5894 = CARTESIAN_POINT('',(2.30710710498,118.68143800486));
#5895 = CARTESIAN_POINT('',(2.454369260617,118.05499305647));
#5896 = CARTESIAN_POINT('',(2.601631416254,117.55994283809));
#5897 = CARTESIAN_POINT('',(2.969786805347,116.6798925407));
#5898 = CARTESIAN_POINT('',(3.190680038803,116.47367969194));
#5899 = CARTESIAN_POINT('',(3.411573272255,116.62854041263));
#5900 = CARTESIAN_POINT('',(3.6324665057,117.15025262848));
#5901 = CARTESIAN_POINT('',(3.853359739167,118.00490697799));
#5902 = CARTESIAN_POINT('',(4.074252972623,119.12166598069));
#5903 = CARTESIAN_POINT('',(4.29514620608,120.40700705646));
#5904 = CARTESIAN_POINT('',(4.736932672991,123.11360045881));
#5905 = CARTESIAN_POINT('',(4.957825906445,124.53485428323));
#5906 = CARTESIAN_POINT('',(5.17871913988,125.92343590711));
#5907 = CARTESIAN_POINT('',(5.399612373378,127.171687208));
#5908 = CARTESIAN_POINT('',(5.620505606799,128.18044292333));
#5909 = CARTESIAN_POINT('',(5.841398840269,128.87710131569));
#5910 = CARTESIAN_POINT('',(6.062292073724,129.22543419987));
#5911 = CARTESIAN_POINT('',(6.28318530718,129.22543419987));
#5912 = ( GEOMETRIC_REPRESENTATION_CONTEXT(2) 
PARAMETRIC_REPRESENTATION_CONTEXT() REPRESENTATION_CONTEXT('2D SPACE',''
  ) );
#5913 = ORIENTED_EDGE('',*,*,#5384,.T.);
#5914 = ORIENTED_EDGE('',*,*,#3282,.T.);
#5915 = ORIENTED_EDGE('',*,*,#4446,.T.);
#5916 = ORIENTED_EDGE('',*,*,#4132,.T.);
#5917 = ADVANCED_FACE('',(#5918,#5921),#4535,.T.);
#5918 = FACE_BOUND('',#5919,.F.);
#5919 = EDGE_LOOP('',(#5920));
#5920 = ORIENTED_EDGE('',*,*,#4493,.F.);
#5921 = FACE_BOUND('',#5922,.F.);
#5922 = EDGE_LOOP('',(#5923,#5971,#5997));
#5923 = ORIENTED_EDGE('',*,*,#5924,.F.);
#5924 = EDGE_CURVE('',#5925,#5927,#5929,.T.);
#5925 = VERTEX_POINT('',#5926);
#5926 = CARTESIAN_POINT('',(-26.02922942179,-10.92574721043,
    28.078435024848));
#5927 = VERTEX_POINT('',#5928);
#5928 = CARTESIAN_POINT('',(-20.3254790847,5.982516955744E-15,
    -24.4254790847));
#5929 = SURFACE_CURVE('',#5930,(#5935,#5946),.PCURVE_S1.);
#5930 = ELLIPSE('',#5931,27.563544270363,27.240149782484);
#5931 = AXIS2_PLACEMENT_3D('',#5932,#5933,#5934);
#5932 = CARTESIAN_POINT('',(-23.30232410687,0.,2.976845022174));
#5933 = DIRECTION('',(0.994150963972,0.,0.107999355706));
#5934 = DIRECTION('',(-0.107999355706,0.,0.994150963972));
#5935 = PCURVE('',#4535,#5936);
#5936 = DEFINITIONAL_REPRESENTATION('',(#5937),#5945);
#5937 = ( BOUNDED_CURVE() B_SPLINE_CURVE(2,(#5938,#5939,#5940,#5941,
#5942,#5943,#5944),.UNSPECIFIED.,.T.,.F.) B_SPLINE_CURVE_WITH_KNOTS((1,2
    ,2,2,2,1),(-2.094395102393,0.,2.094395102393,4.188790204786,
6.28318530718,8.377580409573),.UNSPECIFIED.) CURVE() 
GEOMETRIC_REPRESENTATION_ITEM() RATIONAL_B_SPLINE_CURVE((1.,0.5,1.,0.5,
1.,0.5,1.)) REPRESENTATION_ITEM('') );
#5938 = CARTESIAN_POINT('',(-286.3790030622,-200.));
#5939 = CARTESIAN_POINT('',(-286.3790030622,-152.8186765709));
#5940 = CARTESIAN_POINT('',(-245.0336866566,-176.4093382854));
#5941 = CARTESIAN_POINT('',(-203.6883702511,-200.));
#5942 = CARTESIAN_POINT('',(-245.0336866566,-223.5906617145));
#5943 = CARTESIAN_POINT('',(-286.3790030622,-247.181323429));
#5944 = CARTESIAN_POINT('',(-286.3790030622,-200.));
#5945 = ( GEOMETRIC_REPRESENTATION_CONTEXT(2) 
PARAMETRIC_REPRESENTATION_CONTEXT() REPRESENTATION_CONTEXT('2D SPACE',''
  ) );
#5946 = PCURVE('',#5947,#5952);
#5947 = CONICAL_SURFACE('',#5948,17.5,0.785398163397);
#5948 = AXIS2_PLACEMENT_3D('',#5949,#5950,#5951);
#5949 = CARTESIAN_POINT('',(-13.4,0.,0.));
#5950 = DIRECTION('',(-1.,0.,0.));
#5951 = DIRECTION('',(0.,0.,-1.));
#5952 = DEFINITIONAL_REPRESENTATION('',(#5953),#5970);
#5953 = B_SPLINE_CURVE_WITH_KNOTS('',8,(#5954,#5955,#5956,#5957,#5958,
    #5959,#5960,#5961,#5962,#5963,#5964,#5965,#5966,#5967,#5968,#5969),
  .UNSPECIFIED.,.F.,.F.,(9,7,9),(0.41270626369,1.77714945864,
    3.14159265359),.UNSPECIFIED.);
#5954 = CARTESIAN_POINT('',(2.770504756815,12.629229421792));
#5955 = CARTESIAN_POINT('',(2.6163038458,12.425589296861));
#5956 = CARTESIAN_POINT('',(2.460911944923,12.13129342068));
#5957 = CARTESIAN_POINT('',(2.303688119235,11.755371931241));
#5958 = CARTESIAN_POINT('',(2.144027688716,11.312466318533));
#5959 = CARTESIAN_POINT('',(1.981384338274,10.82203449818));
#5960 = CARTESIAN_POINT('',(1.815324104003,10.306560822857));
#5961 = CARTESIAN_POINT('',(1.645594030627,9.789338646467));
#5962 = CARTESIAN_POINT('',(1.298782559529,8.795447465739));
#5963 = CARTESIAN_POINT('',(1.121701051809,8.318778837166));
#5964 = CARTESIAN_POINT('',(0.940936611664,7.88441526023));
#5965 = CARTESIAN_POINT('',(0.756727007929,7.513124750311));
#5966 = CARTESIAN_POINT('',(0.569600611481,7.222372182495));
#5967 = CARTESIAN_POINT('',(0.380418689038,7.024443543895));
#5968 = CARTESIAN_POINT('',(0.190209355113,6.925479084701));
#5969 = CARTESIAN_POINT('',(1.365769003905E-16,6.925479084701));
#5970 = ( GEOMETRIC_REPRESENTATION_CONTEXT(2) 
PARAMETRIC_REPRESENTATION_CONTEXT() REPRESENTATION_CONTEXT('2D SPACE',''
  ) );
#5971 = ORIENTED_EDGE('',*,*,#5972,.F.);
#5972 = EDGE_CURVE('',#5973,#5925,#5975,.T.);
#5973 = VERTEX_POINT('',#5974);
#5974 = CARTESIAN_POINT('',(-26.02922942179,10.925747210436,
    28.078435024848));
#5975 = SURFACE_CURVE('',#5976,(#5980,#5986),.PCURVE_S1.);
#5976 = LINE('',#5977,#5978);
#5977 = CARTESIAN_POINT('',(-26.02922942179,-100.,28.078435024848));
#5978 = VECTOR('',#5979,1.);
#5979 = DIRECTION('',(0.,-1.,0.));
#5980 = PCURVE('',#4535,#5981);
#5981 = DEFINITIONAL_REPRESENTATION('',(#5982),#5985);
#5982 = B_SPLINE_CURVE_WITH_KNOTS('',1,(#5983,#5984),.UNSPECIFIED.,.F.,
  .F.,(2,2),(-130.1292294217,-69.8707705782),.PIECEWISE_BEZIER_KNOTS.);
#5983 = CARTESIAN_POINT('',(-284.0647327073,-230.1292294217));
#5984 = CARTESIAN_POINT('',(-284.0647327073,-169.8707705782));
#5985 = ( GEOMETRIC_REPRESENTATION_CONTEXT(2) 
PARAMETRIC_REPRESENTATION_CONTEXT() REPRESENTATION_CONTEXT('2D SPACE',''
  ) );
#5986 = PCURVE('',#5987,#5992);
#5987 = PLANE('',#5988);
#5988 = AXIS2_PLACEMENT_3D('',#5989,#5990,#5991);
#5989 = CARTESIAN_POINT('',(-26.02922942179,0.,0.));
#5990 = DIRECTION('',(-1.,0.,0.));
#5991 = DIRECTION('',(0.,0.,-1.));
#5992 = DEFINITIONAL_REPRESENTATION('',(#5993),#5996);
#5993 = B_SPLINE_CURVE_WITH_KNOTS('',1,(#5994,#5995),.UNSPECIFIED.,.F.,
  .F.,(2,2),(-130.1292294217,-69.8707705782),.PIECEWISE_BEZIER_KNOTS.);
#5994 = CARTESIAN_POINT('',(-28.07843502484,-30.12922942179));
#5995 = CARTESIAN_POINT('',(-28.07843502484,30.129229421792));
#5996 = ( GEOMETRIC_REPRESENTATION_CONTEXT(2) 
PARAMETRIC_REPRESENTATION_CONTEXT() REPRESENTATION_CONTEXT('2D SPACE',''
  ) );
#5997 = ORIENTED_EDGE('',*,*,#5998,.F.);
#5998 = EDGE_CURVE('',#5927,#5973,#5999,.T.);
#5999 = SURFACE_CURVE('',#6000,(#6005,#6016),.PCURVE_S1.);
#6000 = ELLIPSE('',#6001,27.563544270363,27.240149782484);
#6001 = AXIS2_PLACEMENT_3D('',#6002,#6003,#6004);
#6002 = CARTESIAN_POINT('',(-23.30232410687,0.,2.976845022174));
#6003 = DIRECTION('',(0.994150963972,0.,0.107999355706));
#6004 = DIRECTION('',(-0.107999355706,0.,0.994150963972));
#6005 = PCURVE('',#4535,#6006);
#6006 = DEFINITIONAL_REPRESENTATION('',(#6007),#6015);
#6007 = ( BOUNDED_CURVE() B_SPLINE_CURVE(2,(#6008,#6009,#6010,#6011,
#6012,#6013,#6014),.UNSPECIFIED.,.T.,.F.) B_SPLINE_CURVE_WITH_KNOTS((1,2
    ,2,2,2,1),(-2.094395102393,0.,2.094395102393,4.188790204786,
6.28318530718,8.377580409573),.UNSPECIFIED.) CURVE() 
GEOMETRIC_REPRESENTATION_ITEM() RATIONAL_B_SPLINE_CURVE((1.,0.5,1.,0.5,
1.,0.5,1.)) REPRESENTATION_ITEM('') );
#6008 = CARTESIAN_POINT('',(-286.3790030622,-200.));
#6009 = CARTESIAN_POINT('',(-286.3790030622,-152.8186765709));
#6010 = CARTESIAN_POINT('',(-245.0336866566,-176.4093382854));
#6011 = CARTESIAN_POINT('',(-203.6883702511,-200.));
#6012 = CARTESIAN_POINT('',(-245.0336866566,-223.5906617145));
#6013 = CARTESIAN_POINT('',(-286.3790030622,-247.181323429));
#6014 = CARTESIAN_POINT('',(-286.3790030622,-200.));
#6015 = ( GEOMETRIC_REPRESENTATION_CONTEXT(2) 
PARAMETRIC_REPRESENTATION_CONTEXT() REPRESENTATION_CONTEXT('2D SPACE',''
  ) );
#6016 = PCURVE('',#5947,#6017);
#6017 = DEFINITIONAL_REPRESENTATION('',(#6018),#6035);
#6018 = B_SPLINE_CURVE_WITH_KNOTS('',8,(#6019,#6020,#6021,#6022,#6023,
    #6024,#6025,#6026,#6027,#6028,#6029,#6030,#6031,#6032,#6033,#6034),
  .UNSPECIFIED.,.F.,.F.,(9,7,9),(3.14159265359,4.50603584854,
    5.87047904349),.UNSPECIFIED.);
#6019 = CARTESIAN_POINT('',(6.28318530718,6.925479084701));
#6020 = CARTESIAN_POINT('',(6.092975952067,6.925479084701));
#6021 = CARTESIAN_POINT('',(5.902766618136,7.024443543903));
#6022 = CARTESIAN_POINT('',(5.713584695695,7.222372182469));
#6023 = CARTESIAN_POINT('',(5.52645829922,7.513124750363));
#6024 = CARTESIAN_POINT('',(5.342248695531,7.884415260176));
#6025 = CARTESIAN_POINT('',(5.161484255368,8.318778837177));
#6026 = CARTESIAN_POINT('',(4.984402747651,8.795447465739));
#6027 = CARTESIAN_POINT('',(4.637591276552,9.789338646467));
#6028 = CARTESIAN_POINT('',(4.467861203177,10.306560822856));
#6029 = CARTESIAN_POINT('',(4.301800968904,10.822034498178));
#6030 = CARTESIAN_POINT('',(4.139157618464,11.312466318531));
#6031 = CARTESIAN_POINT('',(3.979497187946,11.755371931241));
#6032 = CARTESIAN_POINT('',(3.822273362256,12.131293420681));
#6033 = CARTESIAN_POINT('',(3.66688146138,12.425589296861));
#6034 = CARTESIAN_POINT('',(3.512680550365,12.629229421792));
#6035 = ( GEOMETRIC_REPRESENTATION_CONTEXT(2) 
PARAMETRIC_REPRESENTATION_CONTEXT() REPRESENTATION_CONTEXT('2D SPACE',''
  ) );
#6036 = ADVANCED_FACE('',(#6037),#5273,.F.);
#6037 = FACE_BOUND('',#6038,.F.);
#6038 = EDGE_LOOP('',(#6039,#6040,#6089,#6090));
#6039 = ORIENTED_EDGE('',*,*,#5412,.F.);
#6040 = ORIENTED_EDGE('',*,*,#6041,.T.);
#6041 = EDGE_CURVE('',#5413,#5170,#6042,.T.);
#6042 = SURFACE_CURVE('',#6043,(#6048,#6082),.PCURVE_S1.);
#6043 = ELLIPSE('',#6044,57.838298290481,57.5);
#6044 = AXIS2_PLACEMENT_3D('',#6045,#6046,#6047);
#6045 = CARTESIAN_POINT('',(20.967168352305,0.,0.));
#6046 = DIRECTION('',(0.994150963972,0.,-0.107999355706));
#6047 = DIRECTION('',(0.107999355706,0.,0.994150963972));
#6048 = PCURVE('',#5273,#6049);
#6049 = DEFINITIONAL_REPRESENTATION('',(#6050),#6081);
#6050 = B_SPLINE_CURVE_WITH_KNOTS('',8,(#6051,#6052,#6053,#6054,#6055,
    #6056,#6057,#6058,#6059,#6060,#6061,#6062,#6063,#6064,#6065,#6066,
    #6067,#6068,#6069,#6070,#6071,#6072,#6073,#6074,#6075,#6076,#6077,
    #6078,#6079,#6080),.UNSPECIFIED.,.F.,.F.,(9,7,7,7,9),(0.,
    1.570796326795,2.748893571891,4.516039439535,6.28318530718),
  .UNSPECIFIED.);
#6051 = CARTESIAN_POINT('',(0.,127.2136673028));
#6052 = CARTESIAN_POINT('',(0.196349540849,127.2136673028));
#6053 = CARTESIAN_POINT('',(0.392699081698,126.93844171204));
#6054 = CARTESIAN_POINT('',(0.589048622548,126.38799286715));
#6055 = CARTESIAN_POINT('',(0.785398163395,125.58494736289));
#6056 = CARTESIAN_POINT('',(0.981747704246,124.57460433157));
#6057 = CARTESIAN_POINT('',(1.178097245096,123.42016304541));
#6058 = CARTESIAN_POINT('',(1.374446785946,122.19366555315));
#6059 = CARTESIAN_POINT('',(1.718058482432,120.04729545166));
#6060 = CARTESIAN_POINT('',(1.865320638069,119.12742288767));
#6061 = CARTESIAN_POINT('',(2.012582793706,118.23794613856));
#6062 = CARTESIAN_POINT('',(2.159844949343,117.40926913493));
#6063 = CARTESIAN_POINT('',(2.30710710498,116.66967110781));
#6064 = CARTESIAN_POINT('',(2.454369260617,116.04322615941));
#6065 = CARTESIAN_POINT('',(2.601631416254,115.54817594103));
#6066 = CARTESIAN_POINT('',(2.969786805347,114.66812564364));
#6067 = CARTESIAN_POINT('',(3.190680038803,114.46191279483));
#6068 = CARTESIAN_POINT('',(3.411573272255,114.61677351588));
#6069 = CARTESIAN_POINT('',(3.6324665057,115.13848573179));
#6070 = CARTESIAN_POINT('',(3.853359739167,115.99314008071));
#6071 = CARTESIAN_POINT('',(4.074252972623,117.10989908357));
#6072 = CARTESIAN_POINT('',(4.29514620608,118.39524015939));
#6073 = CARTESIAN_POINT('',(4.736932672991,121.10183356175));
#6074 = CARTESIAN_POINT('',(4.957825906445,122.52308738639));
#6075 = CARTESIAN_POINT('',(5.17871913988,123.91166900977));
#6076 = CARTESIAN_POINT('',(5.399612373378,125.15992031141));
#6077 = CARTESIAN_POINT('',(5.620505606799,126.16867602593));
#6078 = CARTESIAN_POINT('',(5.841398840269,126.86533441877));
#6079 = CARTESIAN_POINT('',(6.062292073724,127.2136673028));
#6080 = CARTESIAN_POINT('',(6.28318530718,127.2136673028));
#6081 = ( GEOMETRIC_REPRESENTATION_CONTEXT(2) 
PARAMETRIC_REPRESENTATION_CONTEXT() REPRESENTATION_CONTEXT('2D SPACE',''
  ) );
#6082 = PCURVE('',#5189,#6083);
#6083 = DEFINITIONAL_REPRESENTATION('',(#6084),#6088);
#6084 = ELLIPSE('',#6085,57.838298290481,57.5);
#6085 = AXIS2_PLACEMENT_2D('',#6086,#6087);
#6086 = CARTESIAN_POINT('',(255.60383012649,-200.));
#6087 = DIRECTION('',(1.,0.));
#6088 = ( GEOMETRIC_REPRESENTATION_CONTEXT(2) 
PARAMETRIC_REPRESENTATION_CONTEXT() REPRESENTATION_CONTEXT('2D SPACE',''
  ) );
#6089 = ORIENTED_EDGE('',*,*,#5201,.F.);
#6090 = ORIENTED_EDGE('',*,*,#5865,.F.);
#6091 = ADVANCED_FACE('',(#6092,#6155),#5189,.T.);
#6092 = FACE_BOUND('',#6093,.T.);
#6093 = EDGE_LOOP('',(#6094,#6124,#6152,#6153,#6154));
#6094 = ORIENTED_EDGE('',*,*,#6095,.T.);
#6095 = EDGE_CURVE('',#5091,#6096,#6098,.T.);
#6096 = VERTEX_POINT('',#6097);
#6097 = CARTESIAN_POINT('',(27.213667302809,1.408343819019E-14,57.5));
#6098 = SURFACE_CURVE('',#6099,(#6104,#6111),.PCURVE_S1.);
#6099 = ELLIPSE('',#6100,57.838298290481,57.5);
#6100 = AXIS2_PLACEMENT_3D('',#6101,#6102,#6103);
#6101 = CARTESIAN_POINT('',(20.967168352305,0.,0.));
#6102 = DIRECTION('',(0.994150963972,0.,-0.107999355706));
#6103 = DIRECTION('',(0.107999355706,0.,0.994150963972));
#6104 = PCURVE('',#5189,#6105);
#6105 = DEFINITIONAL_REPRESENTATION('',(#6106),#6110);
#6106 = ELLIPSE('',#6107,57.838298290481,57.5);
#6107 = AXIS2_PLACEMENT_2D('',#6108,#6109);
#6108 = CARTESIAN_POINT('',(255.60383012649,-200.));
#6109 = DIRECTION('',(1.,0.));
#6110 = ( GEOMETRIC_REPRESENTATION_CONTEXT(2) 
PARAMETRIC_REPRESENTATION_CONTEXT() REPRESENTATION_CONTEXT('2D SPACE',''
  ) );
#6111 = PCURVE('',#5152,#6112);
#6112 = DEFINITIONAL_REPRESENTATION('',(#6113),#6123);
#6113 = B_SPLINE_CURVE_WITH_KNOTS('',8,(#6114,#6115,#6116,#6117,#6118,
    #6119,#6120,#6121,#6122),.UNSPECIFIED.,.F.,.F.,(9,9),(5.077820648566
    ,6.28318530718),.PIECEWISE_BEZIER_KNOTS.);
#6114 = CARTESIAN_POINT('',(5.077820648562,123.1993703424));
#6115 = CARTESIAN_POINT('',(5.228491230888,124.07838862221));
#6116 = CARTESIAN_POINT('',(5.379161813217,124.89949302493));
#6117 = CARTESIAN_POINT('',(5.529832395545,125.6322755232));
#6118 = CARTESIAN_POINT('',(5.680502977872,126.24913307239));
#6119 = CARTESIAN_POINT('',(5.831173560195,126.72747760936));
#6120 = CARTESIAN_POINT('',(5.981844142526,127.05160329148));
#6121 = CARTESIAN_POINT('',(6.132514724853,127.2136673028));
#6122 = CARTESIAN_POINT('',(6.28318530718,127.2136673028));
#6123 = ( GEOMETRIC_REPRESENTATION_CONTEXT(2) 
PARAMETRIC_REPRESENTATION_CONTEXT() REPRESENTATION_CONTEXT('2D SPACE',''
  ) );
#6124 = ORIENTED_EDGE('',*,*,#6125,.T.);
#6125 = EDGE_CURVE('',#6096,#5505,#6126,.T.);
#6126 = SURFACE_CURVE('',#6127,(#6132,#6139),.PCURVE_S1.);
#6127 = ELLIPSE('',#6128,57.838298290481,57.5);
#6128 = AXIS2_PLACEMENT_3D('',#6129,#6130,#6131);
#6129 = CARTESIAN_POINT('',(20.967168352305,0.,0.));
#6130 = DIRECTION('',(0.994150963972,0.,-0.107999355706));
#6131 = DIRECTION('',(0.107999355706,0.,0.994150963972));
#6132 = PCURVE('',#5189,#6133);
#6133 = DEFINITIONAL_REPRESENTATION('',(#6134),#6138);
#6134 = ELLIPSE('',#6135,57.838298290481,57.5);
#6135 = AXIS2_PLACEMENT_2D('',#6136,#6137);
#6136 = CARTESIAN_POINT('',(255.60383012649,-200.));
#6137 = DIRECTION('',(1.,0.));
#6138 = ( GEOMETRIC_REPRESENTATION_CONTEXT(2) 
PARAMETRIC_REPRESENTATION_CONTEXT() REPRESENTATION_CONTEXT('2D SPACE',''
  ) );
#6139 = PCURVE('',#5152,#6140);
#6140 = DEFINITIONAL_REPRESENTATION('',(#6141),#6151);
#6141 = B_SPLINE_CURVE_WITH_KNOTS('',8,(#6142,#6143,#6144,#6145,#6146,
    #6147,#6148,#6149,#6150),.UNSPECIFIED.,.F.,.F.,(9,9),(0.,
    1.205364658614),.PIECEWISE_BEZIER_KNOTS.);
#6142 = CARTESIAN_POINT('',(6.28318530718,127.2136673028));
#6143 = CARTESIAN_POINT('',(6.433855889506,127.2136673028));
#6144 = CARTESIAN_POINT('',(6.584526471833,127.05160352212));
#6145 = CARTESIAN_POINT('',(6.73519705416,126.72747701656));
#6146 = CARTESIAN_POINT('',(6.885867636486,126.24913340311));
#6147 = CARTESIAN_POINT('',(7.036538218812,125.63227570555));
#6148 = CARTESIAN_POINT('',(7.187208801139,124.89949296349));
#6149 = CARTESIAN_POINT('',(7.337879383466,124.07838853553));
#6150 = CARTESIAN_POINT('',(7.488549965793,123.19937031041));
#6151 = ( GEOMETRIC_REPRESENTATION_CONTEXT(2) 
PARAMETRIC_REPRESENTATION_CONTEXT() REPRESENTATION_CONTEXT('2D SPACE',''
  ) );
#6152 = ORIENTED_EDGE('',*,*,#5504,.T.);
#6153 = ORIENTED_EDGE('',*,*,#6041,.T.);
#6154 = ORIENTED_EDGE('',*,*,#5169,.T.);
#6155 = FACE_BOUND('',#6156,.T.);
#6156 = EDGE_LOOP('',(#6157));
#6157 = ORIENTED_EDGE('',*,*,#6158,.F.);
#6158 = EDGE_CURVE('',#6159,#6159,#6161,.T.);
#6159 = VERTEX_POINT('',#6160);
#6160 = CARTESIAN_POINT('',(26.073002277065,1.151167991199E-14,47.));
#6161 = SURFACE_CURVE('',#6162,(#6167,#6174),.PCURVE_S1.);
#6162 = ELLIPSE('',#6163,47.276522080915,47.);
#6163 = AXIS2_PLACEMENT_3D('',#6164,#6165,#6166);
#6164 = CARTESIAN_POINT('',(20.967168352305,0.,0.));
#6165 = DIRECTION('',(0.994150963972,0.,-0.107999355706));
#6166 = DIRECTION('',(0.107999355706,0.,0.994150963972));
#6167 = PCURVE('',#5189,#6168);
#6168 = DEFINITIONAL_REPRESENTATION('',(#6169),#6173);
#6169 = ELLIPSE('',#6170,47.276522080915,47.);
#6170 = AXIS2_PLACEMENT_2D('',#6171,#6172);
#6171 = CARTESIAN_POINT('',(255.60383012649,-200.));
#6172 = DIRECTION('',(1.,0.));
#6173 = ( GEOMETRIC_REPRESENTATION_CONTEXT(2) 
PARAMETRIC_REPRESENTATION_CONTEXT() REPRESENTATION_CONTEXT('2D SPACE',''
  ) );
#6174 = PCURVE('',#6175,#6180);
#6175 = CYLINDRICAL_SURFACE('',#6176,47.);
#6176 = AXIS2_PLACEMENT_3D('',#6177,#6178,#6179);
#6177 = CARTESIAN_POINT('',(-100.,0.,0.));
#6178 = DIRECTION('',(1.,0.,0.));
#6179 = DIRECTION('',(-0.,0.,1.));
#6180 = DEFINITIONAL_REPRESENTATION('',(#6181),#6212);
#6181 = B_SPLINE_CURVE_WITH_KNOTS('',8,(#6182,#6183,#6184,#6185,#6186,
    #6187,#6188,#6189,#6190,#6191,#6192,#6193,#6194,#6195,#6196,#6197,
    #6198,#6199,#6200,#6201,#6202,#6203,#6204,#6205,#6206,#6207,#6208,
    #6209,#6210,#6211),.UNSPECIFIED.,.F.,.F.,(9,7,7,7,9),(0.,
    1.570796326795,2.748893571891,4.516039439535,6.28318530718),
  .UNSPECIFIED.);
#6182 = CARTESIAN_POINT('',(0.,126.07300227706));
#6183 = CARTESIAN_POINT('',(0.196349540849,126.07300227706));
#6184 = CARTESIAN_POINT('',(0.392699081699,125.84803527234));
#6185 = CARTESIAN_POINT('',(0.589048622547,125.39810317347));
#6186 = CARTESIAN_POINT('',(0.785398163397,124.74170075997));
#6187 = CARTESIAN_POINT('',(0.981747704246,123.91585515299));
#6188 = CARTESIAN_POINT('',(1.178097245096,122.97222488392));
#6189 = CARTESIAN_POINT('',(1.374446785946,121.96969649908));
#6190 = CARTESIAN_POINT('',(1.718058482432,120.21527224222));
#6191 = CARTESIAN_POINT('',(1.865320638069,119.46337640731));
#6192 = CARTESIAN_POINT('',(2.012582793706,118.73632584713));
#6193 = CARTESIAN_POINT('',(2.159844949343,118.05897247029));
#6194 = CARTESIAN_POINT('',(2.30710710498,117.45443147423));
#6195 = CARTESIAN_POINT('',(2.454369260617,116.94238082071));
#6196 = CARTESIAN_POINT('',(2.601631416254,116.537731077));
#6197 = CARTESIAN_POINT('',(2.969786805347,115.81838561653));
#6198 = CARTESIAN_POINT('',(3.190680038802,115.64982902703));
#6199 = CARTESIAN_POINT('',(3.411573272258,115.77641083393));
#6200 = CARTESIAN_POINT('',(3.632466505696,116.20285386242));
#6201 = CARTESIAN_POINT('',(3.853359739169,116.90144089586));
#6202 = CARTESIAN_POINT('',(4.074252972622,117.81426999354));
#6203 = CARTESIAN_POINT('',(4.29514620608,118.86489661201));
#6204 = CARTESIAN_POINT('',(4.736932672991,121.0772425235));
#6205 = CARTESIAN_POINT('',(4.957825906445,122.23896304094));
#6206 = CARTESIAN_POINT('',(5.17871913988,123.37397758493));
#6207 = CARTESIAN_POINT('',(5.399612373378,124.39428734604));
#6208 = CARTESIAN_POINT('',(5.620505606799,125.21883549384));
#6209 = CARTESIAN_POINT('',(5.841398840269,125.78827800662));
#6210 = CARTESIAN_POINT('',(6.062292073724,126.07300227706));
#6211 = CARTESIAN_POINT('',(6.28318530718,126.07300227706));
#6212 = ( GEOMETRIC_REPRESENTATION_CONTEXT(2) 
PARAMETRIC_REPRESENTATION_CONTEXT() REPRESENTATION_CONTEXT('2D SPACE',''
  ) );
#6213 = ADVANCED_FACE('',(#6214),#5152,.F.);
#6214 = FACE_BOUND('',#6215,.F.);
#6215 = EDGE_LOOP('',(#6216,#6246,#6274,#6275,#6276,#6277));
#6216 = ORIENTED_EDGE('',*,*,#6217,.F.);
#6217 = EDGE_CURVE('',#6218,#5532,#6220,.T.);
#6218 = VERTEX_POINT('',#6219);
#6219 = CARTESIAN_POINT('',(29.22543419987,1.408343819019E-14,57.5));
#6220 = SURFACE_CURVE('',#6221,(#6226,#6239),.PCURVE_S1.);
#6221 = ELLIPSE('',#6222,57.838298290481,57.5);
#6222 = AXIS2_PLACEMENT_3D('',#6223,#6224,#6225);
#6223 = CARTESIAN_POINT('',(22.978935249365,0.,0.));
#6224 = DIRECTION('',(0.994150963972,0.,-0.107999355706));
#6225 = DIRECTION('',(0.107999355706,0.,0.994150963972));
#6226 = PCURVE('',#5152,#6227);
#6227 = DEFINITIONAL_REPRESENTATION('',(#6228),#6238);
#6228 = B_SPLINE_CURVE_WITH_KNOTS('',8,(#6229,#6230,#6231,#6232,#6233,
    #6234,#6235,#6236,#6237),.UNSPECIFIED.,.F.,.F.,(9,9),(0.,
    1.157358519161),.PIECEWISE_BEZIER_KNOTS.);
#6229 = CARTESIAN_POINT('',(6.28318530718,129.22543419987));
#6230 = CARTESIAN_POINT('',(6.427855122075,129.22543419987));
#6231 = CARTESIAN_POINT('',(6.57252493697,129.07602240442));
#6232 = CARTESIAN_POINT('',(6.717194751865,128.7771997489));
#6233 = CARTESIAN_POINT('',(6.861864566759,128.33563471958));
#6234 = CARTESIAN_POINT('',(7.006534381654,127.76467384236));
#6235 = CARTESIAN_POINT('',(7.151204196549,127.08358090952));
#6236 = CARTESIAN_POINT('',(7.295874011444,126.31606811011));
#6237 = CARTESIAN_POINT('',(7.44054382634,125.4885277311));
#6238 = ( GEOMETRIC_REPRESENTATION_CONTEXT(2) 
PARAMETRIC_REPRESENTATION_CONTEXT() REPRESENTATION_CONTEXT('2D SPACE',''
  ) );
#6239 = PCURVE('',#5078,#6240);
#6240 = DEFINITIONAL_REPRESENTATION('',(#6241),#6245);
#6241 = ELLIPSE('',#6242,57.838298290481,57.5);
#6242 = AXIS2_PLACEMENT_2D('',#6243,#6244);
#6243 = CARTESIAN_POINT('',(255.8210996552,-200.));
#6244 = DIRECTION('',(1.,0.));
#6245 = ( GEOMETRIC_REPRESENTATION_CONTEXT(2) 
PARAMETRIC_REPRESENTATION_CONTEXT() REPRESENTATION_CONTEXT('2D SPACE',''
  ) );
#6246 = ORIENTED_EDGE('',*,*,#6247,.F.);
#6247 = EDGE_CURVE('',#5058,#6218,#6248,.T.);
#6248 = SURFACE_CURVE('',#6249,(#6254,#6267),.PCURVE_S1.);
#6249 = ELLIPSE('',#6250,57.838298290481,57.5);
#6250 = AXIS2_PLACEMENT_3D('',#6251,#6252,#6253);
#6251 = CARTESIAN_POINT('',(22.978935249365,0.,0.));
#6252 = DIRECTION('',(0.994150963972,0.,-0.107999355706));
#6253 = DIRECTION('',(0.107999355706,0.,0.994150963972));
#6254 = PCURVE('',#5152,#6255);
#6255 = DEFINITIONAL_REPRESENTATION('',(#6256),#6266);
#6256 = B_SPLINE_CURVE_WITH_KNOTS('',8,(#6257,#6258,#6259,#6260,#6261,
    #6262,#6263,#6264,#6265),.UNSPECIFIED.,.F.,.F.,(9,9),(5.125826788019
    ,6.28318530718),.PIECEWISE_BEZIER_KNOTS.);
#6257 = CARTESIAN_POINT('',(5.125826788015,125.48852777661));
#6258 = CARTESIAN_POINT('',(5.27049660291,126.31606818335));
#6259 = CARTESIAN_POINT('',(5.415166417807,127.08358091631));
#6260 = CARTESIAN_POINT('',(5.559836232703,127.76467364615));
#6261 = CARTESIAN_POINT('',(5.704506047598,128.3356345204));
#6262 = CARTESIAN_POINT('',(5.849175862491,128.77720024805));
#6263 = CARTESIAN_POINT('',(5.99384567739,129.0760221919));
#6264 = CARTESIAN_POINT('',(6.138515492284,129.22543419987));
#6265 = CARTESIAN_POINT('',(6.28318530718,129.22543419987));
#6266 = ( GEOMETRIC_REPRESENTATION_CONTEXT(2) 
PARAMETRIC_REPRESENTATION_CONTEXT() REPRESENTATION_CONTEXT('2D SPACE',''
  ) );
#6267 = PCURVE('',#5078,#6268);
#6268 = DEFINITIONAL_REPRESENTATION('',(#6269),#6273);
#6269 = ELLIPSE('',#6270,57.838298290481,57.5);
#6270 = AXIS2_PLACEMENT_2D('',#6271,#6272);
#6271 = CARTESIAN_POINT('',(255.8210996552,-200.));
#6272 = DIRECTION('',(1.,0.));
#6273 = ( GEOMETRIC_REPRESENTATION_CONTEXT(2) 
PARAMETRIC_REPRESENTATION_CONTEXT() REPRESENTATION_CONTEXT('2D SPACE',''
  ) );
#6274 = ORIENTED_EDGE('',*,*,#5090,.F.);
#6275 = ORIENTED_EDGE('',*,*,#6095,.T.);
#6276 = ORIENTED_EDGE('',*,*,#6125,.T.);
#6277 = ORIENTED_EDGE('',*,*,#5531,.F.);
#6278 = ADVANCED_FACE('',(#6279),#5078,.T.);
#6279 = FACE_BOUND('',#6280,.T.);
#6280 = EDGE_LOOP('',(#6281,#6282,#6301,#6302,#6303));
#6281 = ORIENTED_EDGE('',*,*,#5057,.T.);
#6282 = ORIENTED_EDGE('',*,*,#6283,.T.);
#6283 = EDGE_CURVE('',#5029,#5622,#6284,.T.);
#6284 = SURFACE_CURVE('',#6285,(#6289,#6295),.PCURVE_S1.);
#6285 = LINE('',#6286,#6287);
#6286 = CARTESIAN_POINT('',(29.953287121059,-70.75,64.2));
#6287 = VECTOR('',#6288,1.);
#6288 = DIRECTION('',(0.,-1.,0.));
#6289 = PCURVE('',#5078,#6290);
#6290 = DEFINITIONAL_REPRESENTATION('',(#6291),#6294);
#6291 = B_SPLINE_CURVE_WITH_KNOTS('',1,(#6292,#6293),.UNSPECIFIED.,.F.,
  .F.,(2,2),(-129.25,-12.25),.PIECEWISE_BEZIER_KNOTS.);
#6292 = CARTESIAN_POINT('',(320.39881705083,-258.5));
#6293 = CARTESIAN_POINT('',(320.39881705083,-141.5));
#6294 = ( GEOMETRIC_REPRESENTATION_CONTEXT(2) 
PARAMETRIC_REPRESENTATION_CONTEXT() REPRESENTATION_CONTEXT('2D SPACE',''
  ) );
#6295 = PCURVE('',#5045,#6296);
#6296 = DEFINITIONAL_REPRESENTATION('',(#6297),#6300);
#6297 = B_SPLINE_CURVE_WITH_KNOTS('',1,(#6298,#6299),.UNSPECIFIED.,.F.,
  .F.,(2,2),(-129.25,-12.25),.PIECEWISE_BEZIER_KNOTS.);
#6298 = CARTESIAN_POINT('',(-2.84217094304E-14,-129.953287121));
#6299 = CARTESIAN_POINT('',(117.,-129.953287121));
#6300 = ( GEOMETRIC_REPRESENTATION_CONTEXT(2) 
PARAMETRIC_REPRESENTATION_CONTEXT() REPRESENTATION_CONTEXT('2D SPACE',''
  ) );
#6301 = ORIENTED_EDGE('',*,*,#5621,.T.);
#6302 = ORIENTED_EDGE('',*,*,#6217,.F.);
#6303 = ORIENTED_EDGE('',*,*,#6247,.F.);
#6304 = ADVANCED_FACE('',(#6305),#5045,.F.);
#6305 = FACE_BOUND('',#6306,.F.);
#6306 = EDGE_LOOP('',(#6307,#6335,#6361,#6387,#6413,#6432,#6433,#6434,
    #6435,#6456,#6482,#6508));
#6307 = ORIENTED_EDGE('',*,*,#6308,.F.);
#6308 = EDGE_CURVE('',#6309,#6311,#6313,.T.);
#6309 = VERTEX_POINT('',#6310);
#6310 = CARTESIAN_POINT('',(6.5,44.5,64.2));
#6311 = VERTEX_POINT('',#6312);
#6312 = CARTESIAN_POINT('',(6.5,-44.5,64.2));
#6313 = SURFACE_CURVE('',#6314,(#6318,#6324),.PCURVE_S1.);
#6314 = LINE('',#6315,#6316);
#6315 = CARTESIAN_POINT('',(6.5,-10.75,64.2));
#6316 = VECTOR('',#6317,1.);
#6317 = DIRECTION('',(0.,-1.,0.));
#6318 = PCURVE('',#5045,#6319);
#6319 = DEFINITIONAL_REPRESENTATION('',(#6320),#6323);
#6320 = B_SPLINE_CURVE_WITH_KNOTS('',1,(#6321,#6322),.UNSPECIFIED.,.F.,
  .F.,(2,2),(-68.18727013011,46.687270130117),.PIECEWISE_BEZIER_KNOTS.);
#6321 = CARTESIAN_POINT('',(1.062729869883,-106.5));
#6322 = CARTESIAN_POINT('',(115.93727013011,-106.5));
#6323 = ( GEOMETRIC_REPRESENTATION_CONTEXT(2) 
PARAMETRIC_REPRESENTATION_CONTEXT() REPRESENTATION_CONTEXT('2D SPACE',''
  ) );
#6324 = PCURVE('',#6325,#6330);
#6325 = PLANE('',#6326);
#6326 = AXIS2_PLACEMENT_3D('',#6327,#6328,#6329);
#6327 = CARTESIAN_POINT('',(6.5,-80.,51.7));
#6328 = DIRECTION('',(1.,0.,-0.));
#6329 = DIRECTION('',(0.,0.,1.));
#6330 = DEFINITIONAL_REPRESENTATION('',(#6331),#6334);
#6331 = B_SPLINE_CURVE_WITH_KNOTS('',1,(#6332,#6333),.UNSPECIFIED.,.F.,
  .F.,(2,2),(-68.18727013011,46.687270130117),.PIECEWISE_BEZIER_KNOTS.);
#6332 = CARTESIAN_POINT('',(12.5,-137.4372701301));
#6333 = CARTESIAN_POINT('',(12.5,-22.56272986988));
#6334 = ( GEOMETRIC_REPRESENTATION_CONTEXT(2) 
PARAMETRIC_REPRESENTATION_CONTEXT() REPRESENTATION_CONTEXT('2D SPACE',''
  ) );
#6335 = ORIENTED_EDGE('',*,*,#6336,.T.);
#6336 = EDGE_CURVE('',#6309,#6337,#6339,.T.);
#6337 = VERTEX_POINT('',#6338);
#6338 = CARTESIAN_POINT('',(7.5,44.5,64.2));
#6339 = SURFACE_CURVE('',#6340,(#6344,#6350),.PCURVE_S1.);
#6340 = LINE('',#6341,#6342);
#6341 = CARTESIAN_POINT('',(-53.75,44.5,64.2));
#6342 = VECTOR('',#6343,1.);
#6343 = DIRECTION('',(1.,0.,0.));
#6344 = PCURVE('',#5045,#6345);
#6345 = DEFINITIONAL_REPRESENTATION('',(#6346),#6349);
#6346 = B_SPLINE_CURVE_WITH_KNOTS('',1,(#6347,#6348),.UNSPECIFIED.,.F.,
  .F.,(2,2),(46.25,61.25),.PIECEWISE_BEZIER_KNOTS.);
#6347 = CARTESIAN_POINT('',(14.,-92.5));
#6348 = CARTESIAN_POINT('',(14.,-107.5));
#6349 = ( GEOMETRIC_REPRESENTATION_CONTEXT(2) 
PARAMETRIC_REPRESENTATION_CONTEXT() REPRESENTATION_CONTEXT('2D SPACE',''
  ) );
#6350 = PCURVE('',#6351,#6356);
#6351 = PLANE('',#6352);
#6352 = AXIS2_PLACEMENT_3D('',#6353,#6354,#6355);
#6353 = CARTESIAN_POINT('',(-7.5,44.5,-100.));
#6354 = DIRECTION('',(-0.,1.,0.));
#6355 = DIRECTION('',(0.,0.,1.));
#6356 = DEFINITIONAL_REPRESENTATION('',(#6357),#6360);
#6357 = B_SPLINE_CURVE_WITH_KNOTS('',1,(#6358,#6359),.UNSPECIFIED.,.F.,
  .F.,(2,2),(46.25,61.25),.PIECEWISE_BEZIER_KNOTS.);
#6358 = CARTESIAN_POINT('',(164.2,0.));
#6359 = CARTESIAN_POINT('',(164.2,15.));
#6360 = ( GEOMETRIC_REPRESENTATION_CONTEXT(2) 
PARAMETRIC_REPRESENTATION_CONTEXT() REPRESENTATION_CONTEXT('2D SPACE',''
  ) );
#6361 = ORIENTED_EDGE('',*,*,#6362,.F.);
#6362 = EDGE_CURVE('',#6363,#6337,#6365,.T.);
#6363 = VERTEX_POINT('',#6364);
#6364 = CARTESIAN_POINT('',(7.5,55.4,64.2));
#6365 = SURFACE_CURVE('',#6366,(#6370,#6376),.PCURVE_S1.);
#6366 = LINE('',#6367,#6368);
#6367 = CARTESIAN_POINT('',(7.5,51.5,64.2));
#6368 = VECTOR('',#6369,1.);
#6369 = DIRECTION('',(0.,-1.,0.));
#6370 = PCURVE('',#5045,#6371);
#6371 = DEFINITIONAL_REPRESENTATION('',(#6372),#6375);
#6372 = B_SPLINE_CURVE_WITH_KNOTS('',1,(#6373,#6374),.UNSPECIFIED.,.F.,
  .F.,(2,2),(-7.,7.),.PIECEWISE_BEZIER_KNOTS.);
#6373 = CARTESIAN_POINT('',(-3.552713678801E-14,-107.5));
#6374 = CARTESIAN_POINT('',(14.,-107.5));
#6375 = ( GEOMETRIC_REPRESENTATION_CONTEXT(2) 
PARAMETRIC_REPRESENTATION_CONTEXT() REPRESENTATION_CONTEXT('2D SPACE',''
  ) );
#6376 = PCURVE('',#6377,#6382);
#6377 = PLANE('',#6378);
#6378 = AXIS2_PLACEMENT_3D('',#6379,#6380,#6381);
#6379 = CARTESIAN_POINT('',(7.5,44.5,-100.));
#6380 = DIRECTION('',(1.,0.,-0.));
#6381 = DIRECTION('',(0.,0.,1.));
#6382 = DEFINITIONAL_REPRESENTATION('',(#6383),#6386);
#6383 = B_SPLINE_CURVE_WITH_KNOTS('',1,(#6384,#6385),.UNSPECIFIED.,.F.,
  .F.,(2,2),(-7.,7.),.PIECEWISE_BEZIER_KNOTS.);
#6384 = CARTESIAN_POINT('',(164.2,-14.));
#6385 = CARTESIAN_POINT('',(164.2,0.));
#6386 = ( GEOMETRIC_REPRESENTATION_CONTEXT(2) 
PARAMETRIC_REPRESENTATION_CONTEXT() REPRESENTATION_CONTEXT('2D SPACE',''
  ) );
#6387 = ORIENTED_EDGE('',*,*,#6388,.T.);
#6388 = EDGE_CURVE('',#6363,#6389,#6391,.T.);
#6389 = VERTEX_POINT('',#6390);
#6390 = CARTESIAN_POINT('',(11.1,55.4,64.2));
#6391 = SURFACE_CURVE('',#6392,(#6396,#6402),.PCURVE_S1.);
#6392 = LINE('',#6393,#6394);
#6393 = CARTESIAN_POINT('',(-55.55,55.4,64.2));
#6394 = VECTOR('',#6395,1.);
#6395 = DIRECTION('',(1.,0.,0.));
#6396 = PCURVE('',#5045,#6397);
#6397 = DEFINITIONAL_REPRESENTATION('',(#6398),#6401);
#6398 = B_SPLINE_CURVE_WITH_KNOTS('',1,(#6399,#6400),.UNSPECIFIED.,.F.,
  .F.,(2,2),(44.45,66.65),.PIECEWISE_BEZIER_KNOTS.);
#6399 = CARTESIAN_POINT('',(3.1,-88.9));
#6400 = CARTESIAN_POINT('',(3.1,-111.1));
#6401 = ( GEOMETRIC_REPRESENTATION_CONTEXT(2) 
PARAMETRIC_REPRESENTATION_CONTEXT() REPRESENTATION_CONTEXT('2D SPACE',''
  ) );
#6402 = PCURVE('',#6403,#6408);
#6403 = PLANE('',#6404);
#6404 = AXIS2_PLACEMENT_3D('',#6405,#6406,#6407);
#6405 = CARTESIAN_POINT('',(-11.1,55.4,-100.));
#6406 = DIRECTION('',(-0.,1.,0.));
#6407 = DIRECTION('',(0.,0.,1.));
#6408 = DEFINITIONAL_REPRESENTATION('',(#6409),#6412);
#6409 = B_SPLINE_CURVE_WITH_KNOTS('',1,(#6410,#6411),.UNSPECIFIED.,.F.,
  .F.,(2,2),(44.45,66.65),.PIECEWISE_BEZIER_KNOTS.);
#6410 = CARTESIAN_POINT('',(164.2,0.));
#6411 = CARTESIAN_POINT('',(164.2,22.2));
#6412 = ( GEOMETRIC_REPRESENTATION_CONTEXT(2) 
PARAMETRIC_REPRESENTATION_CONTEXT() REPRESENTATION_CONTEXT('2D SPACE',''
  ) );
#6413 = ORIENTED_EDGE('',*,*,#6414,.F.);
#6414 = EDGE_CURVE('',#5003,#6389,#6415,.T.);
#6415 = SURFACE_CURVE('',#6416,(#6420,#6426),.PCURVE_S1.);
#6416 = LINE('',#6417,#6418);
#6417 = CARTESIAN_POINT('',(11.1,56.95,64.2));
#6418 = VECTOR('',#6419,1.);
#6419 = DIRECTION('',(0.,-1.,0.));
#6420 = PCURVE('',#5045,#6421);
#6421 = DEFINITIONAL_REPRESENTATION('',(#6422),#6425);
#6422 = B_SPLINE_CURVE_WITH_KNOTS('',1,(#6423,#6424),.UNSPECIFIED.,.F.,
  .F.,(2,2),(-1.067238817441,1.55),.PIECEWISE_BEZIER_KNOTS.);
#6423 = CARTESIAN_POINT('',(0.482761182559,-111.1));
#6424 = CARTESIAN_POINT('',(3.1,-111.1));
#6425 = ( GEOMETRIC_REPRESENTATION_CONTEXT(2) 
PARAMETRIC_REPRESENTATION_CONTEXT() REPRESENTATION_CONTEXT('2D SPACE',''
  ) );
#6426 = PCURVE('',#5017,#6427);
#6427 = DEFINITIONAL_REPRESENTATION('',(#6428),#6431);
#6428 = B_SPLINE_CURVE_WITH_KNOTS('',1,(#6429,#6430),.UNSPECIFIED.,.F.,
  .F.,(2,2),(-1.067238817441,1.55),.PIECEWISE_BEZIER_KNOTS.);
#6429 = CARTESIAN_POINT('',(164.2,-2.617238817441));
#6430 = CARTESIAN_POINT('',(164.2,0.));
#6431 = ( GEOMETRIC_REPRESENTATION_CONTEXT(2) 
PARAMETRIC_REPRESENTATION_CONTEXT() REPRESENTATION_CONTEXT('2D SPACE',''
  ) );
#6432 = ORIENTED_EDGE('',*,*,#5028,.T.);
#6433 = ORIENTED_EDGE('',*,*,#6283,.T.);
#6434 = ORIENTED_EDGE('',*,*,#5649,.T.);
#6435 = ORIENTED_EDGE('',*,*,#6436,.F.);
#6436 = EDGE_CURVE('',#6437,#5650,#6439,.T.);
#6437 = VERTEX_POINT('',#6438);
#6438 = CARTESIAN_POINT('',(11.1,-55.4,64.2));
#6439 = SURFACE_CURVE('',#6440,(#6444,#6450),.PCURVE_S1.);
#6440 = LINE('',#6441,#6442);
#6441 = CARTESIAN_POINT('',(11.1,-10.75,64.2));
#6442 = VECTOR('',#6443,1.);
#6443 = DIRECTION('',(0.,-1.,0.));
#6444 = PCURVE('',#5045,#6445);
#6445 = DEFINITIONAL_REPRESENTATION('',(#6446),#6449);
#6446 = B_SPLINE_CURVE_WITH_KNOTS('',1,(#6447,#6448),.UNSPECIFIED.,.F.,
  .F.,(2,2),(44.65,47.267238817441),.PIECEWISE_BEZIER_KNOTS.);
#6447 = CARTESIAN_POINT('',(113.9,-111.1));
#6448 = CARTESIAN_POINT('',(116.51723881744,-111.1));
#6449 = ( GEOMETRIC_REPRESENTATION_CONTEXT(2) 
PARAMETRIC_REPRESENTATION_CONTEXT() REPRESENTATION_CONTEXT('2D SPACE',''
  ) );
#6450 = PCURVE('',#5688,#6451);
#6451 = DEFINITIONAL_REPRESENTATION('',(#6452),#6455);
#6452 = B_SPLINE_CURVE_WITH_KNOTS('',1,(#6453,#6454),.UNSPECIFIED.,.F.,
  .F.,(2,2),(44.65,47.267238817441),.PIECEWISE_BEZIER_KNOTS.);
#6453 = CARTESIAN_POINT('',(164.2,-24.6));
#6454 = CARTESIAN_POINT('',(164.2,-21.98276118255));
#6455 = ( GEOMETRIC_REPRESENTATION_CONTEXT(2) 
PARAMETRIC_REPRESENTATION_CONTEXT() REPRESENTATION_CONTEXT('2D SPACE',''
  ) );
#6456 = ORIENTED_EDGE('',*,*,#6457,.F.);
#6457 = EDGE_CURVE('',#6458,#6437,#6460,.T.);
#6458 = VERTEX_POINT('',#6459);
#6459 = CARTESIAN_POINT('',(7.5,-55.4,64.2));
#6460 = SURFACE_CURVE('',#6461,(#6465,#6471),.PCURVE_S1.);
#6461 = LINE('',#6462,#6463);
#6462 = CARTESIAN_POINT('',(-55.55,-55.4,64.2));
#6463 = VECTOR('',#6464,1.);
#6464 = DIRECTION('',(1.,0.,0.));
#6465 = PCURVE('',#5045,#6466);
#6466 = DEFINITIONAL_REPRESENTATION('',(#6467),#6470);
#6467 = B_SPLINE_CURVE_WITH_KNOTS('',1,(#6468,#6469),.UNSPECIFIED.,.F.,
  .F.,(2,2),(44.45,66.65),.PIECEWISE_BEZIER_KNOTS.);
#6468 = CARTESIAN_POINT('',(113.9,-88.9));
#6469 = CARTESIAN_POINT('',(113.9,-111.1));
#6470 = ( GEOMETRIC_REPRESENTATION_CONTEXT(2) 
PARAMETRIC_REPRESENTATION_CONTEXT() REPRESENTATION_CONTEXT('2D SPACE',''
  ) );
#6471 = PCURVE('',#6472,#6477);
#6472 = PLANE('',#6473);
#6473 = AXIS2_PLACEMENT_3D('',#6474,#6475,#6476);
#6474 = CARTESIAN_POINT('',(-11.1,-55.4,-100.));
#6475 = DIRECTION('',(-0.,1.,0.));
#6476 = DIRECTION('',(0.,0.,1.));
#6477 = DEFINITIONAL_REPRESENTATION('',(#6478),#6481);
#6478 = B_SPLINE_CURVE_WITH_KNOTS('',1,(#6479,#6480),.UNSPECIFIED.,.F.,
  .F.,(2,2),(44.45,66.65),.PIECEWISE_BEZIER_KNOTS.);
#6479 = CARTESIAN_POINT('',(164.2,0.));
#6480 = CARTESIAN_POINT('',(164.2,22.2));
#6481 = ( GEOMETRIC_REPRESENTATION_CONTEXT(2) 
PARAMETRIC_REPRESENTATION_CONTEXT() REPRESENTATION_CONTEXT('2D SPACE',''
  ) );
#6482 = ORIENTED_EDGE('',*,*,#6483,.F.);
#6483 = EDGE_CURVE('',#6484,#6458,#6486,.T.);
#6484 = VERTEX_POINT('',#6485);
#6485 = CARTESIAN_POINT('',(7.5,-44.5,64.2));
#6486 = SURFACE_CURVE('',#6487,(#6491,#6497),.PCURVE_S1.);
#6487 = LINE('',#6488,#6489);
#6488 = CARTESIAN_POINT('',(7.5,-10.75,64.2));
#6489 = VECTOR('',#6490,1.);
#6490 = DIRECTION('',(0.,-1.,0.));
#6491 = PCURVE('',#5045,#6492);
#6492 = DEFINITIONAL_REPRESENTATION('',(#6493),#6496);
#6493 = B_SPLINE_CURVE_WITH_KNOTS('',1,(#6494,#6495),.UNSPECIFIED.,.F.,
  .F.,(2,2),(33.75,47.75),.PIECEWISE_BEZIER_KNOTS.);
#6494 = CARTESIAN_POINT('',(103.,-107.5));
#6495 = CARTESIAN_POINT('',(117.,-107.5));
#6496 = ( GEOMETRIC_REPRESENTATION_CONTEXT(2) 
PARAMETRIC_REPRESENTATION_CONTEXT() REPRESENTATION_CONTEXT('2D SPACE',''
  ) );
#6497 = PCURVE('',#6498,#6503);
#6498 = PLANE('',#6499);
#6499 = AXIS2_PLACEMENT_3D('',#6500,#6501,#6502);
#6500 = CARTESIAN_POINT('',(7.5,-80.,-100.));
#6501 = DIRECTION('',(1.,0.,-0.));
#6502 = DIRECTION('',(0.,0.,1.));
#6503 = DEFINITIONAL_REPRESENTATION('',(#6504),#6507);
#6504 = B_SPLINE_CURVE_WITH_KNOTS('',1,(#6505,#6506),.UNSPECIFIED.,.F.,
  .F.,(2,2),(33.75,47.75),.PIECEWISE_BEZIER_KNOTS.);
#6505 = CARTESIAN_POINT('',(164.2,-35.5));
#6506 = CARTESIAN_POINT('',(164.2,-21.5));
#6507 = ( GEOMETRIC_REPRESENTATION_CONTEXT(2) 
PARAMETRIC_REPRESENTATION_CONTEXT() REPRESENTATION_CONTEXT('2D SPACE',''
  ) );
#6508 = ORIENTED_EDGE('',*,*,#6509,.F.);
#6509 = EDGE_CURVE('',#6311,#6484,#6510,.T.);
#6510 = SURFACE_CURVE('',#6511,(#6515,#6521),.PCURVE_S1.);
#6511 = LINE('',#6512,#6513);
#6512 = CARTESIAN_POINT('',(-53.75,-44.5,64.2));
#6513 = VECTOR('',#6514,1.);
#6514 = DIRECTION('',(1.,0.,0.));
#6515 = PCURVE('',#5045,#6516);
#6516 = DEFINITIONAL_REPRESENTATION('',(#6517),#6520);
#6517 = B_SPLINE_CURVE_WITH_KNOTS('',1,(#6518,#6519),.UNSPECIFIED.,.F.,
  .F.,(2,2),(46.25,61.25),.PIECEWISE_BEZIER_KNOTS.);
#6518 = CARTESIAN_POINT('',(103.,-92.5));
#6519 = CARTESIAN_POINT('',(103.,-107.5));
#6520 = ( GEOMETRIC_REPRESENTATION_CONTEXT(2) 
PARAMETRIC_REPRESENTATION_CONTEXT() REPRESENTATION_CONTEXT('2D SPACE',''
  ) );
#6521 = PCURVE('',#6522,#6527);
#6522 = PLANE('',#6523);
#6523 = AXIS2_PLACEMENT_3D('',#6524,#6525,#6526);
#6524 = CARTESIAN_POINT('',(-7.5,-44.5,-100.));
#6525 = DIRECTION('',(-0.,1.,0.));
#6526 = DIRECTION('',(0.,0.,1.));
#6527 = DEFINITIONAL_REPRESENTATION('',(#6528),#6531);
#6528 = B_SPLINE_CURVE_WITH_KNOTS('',1,(#6529,#6530),.UNSPECIFIED.,.F.,
  .F.,(2,2),(46.25,61.25),.PIECEWISE_BEZIER_KNOTS.);
#6529 = CARTESIAN_POINT('',(164.2,0.));
#6530 = CARTESIAN_POINT('',(164.2,15.));
#6531 = ( GEOMETRIC_REPRESENTATION_CONTEXT(2) 
PARAMETRIC_REPRESENTATION_CONTEXT() REPRESENTATION_CONTEXT('2D SPACE',''
  ) );
#6532 = ADVANCED_FACE('',(#6533),#5017,.F.);
#6533 = FACE_BOUND('',#6534,.F.);
#6534 = EDGE_LOOP('',(#6535,#6558,#6577,#6578));
#6535 = ORIENTED_EDGE('',*,*,#6536,.F.);
#6536 = EDGE_CURVE('',#6537,#6389,#6539,.T.);
#6537 = VERTEX_POINT('',#6538);
#6538 = CARTESIAN_POINT('',(11.1,55.4,51.7));
#6539 = SURFACE_CURVE('',#6540,(#6544,#6551),.PCURVE_S1.);
#6540 = LINE('',#6541,#6542);
#6541 = CARTESIAN_POINT('',(11.1,55.4,-100.));
#6542 = VECTOR('',#6543,1.);
#6543 = DIRECTION('',(0.,0.,1.));
#6544 = PCURVE('',#5017,#6545);
#6545 = DEFINITIONAL_REPRESENTATION('',(#6546),#6550);
#6546 = LINE('',#6547,#6548);
#6547 = CARTESIAN_POINT('',(0.,0.));
#6548 = VECTOR('',#6549,1.);
#6549 = DIRECTION('',(1.,0.));
#6550 = ( GEOMETRIC_REPRESENTATION_CONTEXT(2) 
PARAMETRIC_REPRESENTATION_CONTEXT() REPRESENTATION_CONTEXT('2D SPACE',''
  ) );
#6551 = PCURVE('',#6403,#6552);
#6552 = DEFINITIONAL_REPRESENTATION('',(#6553),#6557);
#6553 = LINE('',#6554,#6555);
#6554 = CARTESIAN_POINT('',(0.,22.2));
#6555 = VECTOR('',#6556,1.);
#6556 = DIRECTION('',(1.,0.));
#6557 = ( GEOMETRIC_REPRESENTATION_CONTEXT(2) 
PARAMETRIC_REPRESENTATION_CONTEXT() REPRESENTATION_CONTEXT('2D SPACE',''
  ) );
#6558 = ORIENTED_EDGE('',*,*,#6559,.F.);
#6559 = EDGE_CURVE('',#4974,#6537,#6560,.T.);
#6560 = SURFACE_CURVE('',#6561,(#6565,#6571),.PCURVE_S1.);
#6561 = LINE('',#6562,#6563);
#6562 = CARTESIAN_POINT('',(11.1,-12.3,51.7));
#6563 = VECTOR('',#6564,1.);
#6564 = DIRECTION('',(0.,-1.,0.));
#6565 = PCURVE('',#5017,#6566);
#6566 = DEFINITIONAL_REPRESENTATION('',(#6567),#6570);
#6567 = B_SPLINE_CURVE_WITH_KNOTS('',1,(#6568,#6569),.UNSPECIFIED.,.F.,
  .F.,(2,2),(-69.73727014231,-67.7),.PIECEWISE_BEZIER_KNOTS.);
#6568 = CARTESIAN_POINT('',(151.7,-2.037270142317));
#6569 = CARTESIAN_POINT('',(151.7,1.42108547152E-14));
#6570 = ( GEOMETRIC_REPRESENTATION_CONTEXT(2) 
PARAMETRIC_REPRESENTATION_CONTEXT() REPRESENTATION_CONTEXT('2D SPACE',''
  ) );
#6571 = PCURVE('',#4990,#6572);
#6572 = DEFINITIONAL_REPRESENTATION('',(#6573),#6576);
#6573 = B_SPLINE_CURVE_WITH_KNOTS('',1,(#6574,#6575),.UNSPECIFIED.,.F.,
  .F.,(2,2),(-69.73727014231,-67.7),.PIECEWISE_BEZIER_KNOTS.);
#6574 = CARTESIAN_POINT('',(26.3,137.43727014231));
#6575 = CARTESIAN_POINT('',(26.3,135.4));
#6576 = ( GEOMETRIC_REPRESENTATION_CONTEXT(2) 
PARAMETRIC_REPRESENTATION_CONTEXT() REPRESENTATION_CONTEXT('2D SPACE',''
  ) );
#6577 = ORIENTED_EDGE('',*,*,#5002,.T.);
#6578 = ORIENTED_EDGE('',*,*,#6414,.T.);
#6579 = ADVANCED_FACE('',(#6580),#4990,.F.);
#6580 = FACE_BOUND('',#6581,.F.);
#6581 = EDGE_LOOP('',(#6582,#6583,#6584,#6585,#6586,#6607,#6628,#6649,
    #6672,#6693,#6714,#6735));
#6582 = ORIENTED_EDGE('',*,*,#5699,.T.);
#6583 = ORIENTED_EDGE('',*,*,#5317,.T.);
#6584 = ORIENTED_EDGE('',*,*,#4973,.T.);
#6585 = ORIENTED_EDGE('',*,*,#6559,.T.);
#6586 = ORIENTED_EDGE('',*,*,#6587,.F.);
#6587 = EDGE_CURVE('',#6588,#6537,#6590,.T.);
#6588 = VERTEX_POINT('',#6589);
#6589 = CARTESIAN_POINT('',(7.5,55.4,51.7));
#6590 = SURFACE_CURVE('',#6591,(#6595,#6601),.PCURVE_S1.);
#6591 = LINE('',#6592,#6593);
#6592 = CARTESIAN_POINT('',(-13.15,55.4,51.7));
#6593 = VECTOR('',#6594,1.);
#6594 = DIRECTION('',(1.,0.,-0.));
#6595 = PCURVE('',#4990,#6596);
#6596 = DEFINITIONAL_REPRESENTATION('',(#6597),#6600);
#6597 = B_SPLINE_CURVE_WITH_KNOTS('',1,(#6598,#6599),.UNSPECIFIED.,.F.,
  .F.,(2,2),(20.65,24.25),.PIECEWISE_BEZIER_KNOTS.);
#6598 = CARTESIAN_POINT('',(22.7,135.4));
#6599 = CARTESIAN_POINT('',(26.3,135.4));
#6600 = ( GEOMETRIC_REPRESENTATION_CONTEXT(2) 
PARAMETRIC_REPRESENTATION_CONTEXT() REPRESENTATION_CONTEXT('2D SPACE',''
  ) );
#6601 = PCURVE('',#6403,#6602);
#6602 = DEFINITIONAL_REPRESENTATION('',(#6603),#6606);
#6603 = B_SPLINE_CURVE_WITH_KNOTS('',1,(#6604,#6605),.UNSPECIFIED.,.F.,
  .F.,(2,2),(20.65,24.25),.PIECEWISE_BEZIER_KNOTS.);
#6604 = CARTESIAN_POINT('',(151.7,18.6));
#6605 = CARTESIAN_POINT('',(151.7,22.2));
#6606 = ( GEOMETRIC_REPRESENTATION_CONTEXT(2) 
PARAMETRIC_REPRESENTATION_CONTEXT() REPRESENTATION_CONTEXT('2D SPACE',''
  ) );
#6607 = ORIENTED_EDGE('',*,*,#6608,.T.);
#6608 = EDGE_CURVE('',#6588,#6609,#6611,.T.);
#6609 = VERTEX_POINT('',#6610);
#6610 = CARTESIAN_POINT('',(7.5,44.5,51.7));
#6611 = SURFACE_CURVE('',#6612,(#6616,#6622),.PCURVE_S1.);
#6612 = LINE('',#6613,#6614);
#6613 = CARTESIAN_POINT('',(7.5,-17.75,51.7));
#6614 = VECTOR('',#6615,1.);
#6615 = DIRECTION('',(0.,-1.,0.));
#6616 = PCURVE('',#4990,#6617);
#6617 = DEFINITIONAL_REPRESENTATION('',(#6618),#6621);
#6618 = B_SPLINE_CURVE_WITH_KNOTS('',1,(#6619,#6620),.UNSPECIFIED.,.F.,
  .F.,(2,2),(-73.15,-62.25),.PIECEWISE_BEZIER_KNOTS.);
#6619 = CARTESIAN_POINT('',(22.7,135.4));
#6620 = CARTESIAN_POINT('',(22.7,124.5));
#6621 = ( GEOMETRIC_REPRESENTATION_CONTEXT(2) 
PARAMETRIC_REPRESENTATION_CONTEXT() REPRESENTATION_CONTEXT('2D SPACE',''
  ) );
#6622 = PCURVE('',#6377,#6623);
#6623 = DEFINITIONAL_REPRESENTATION('',(#6624),#6627);
#6624 = B_SPLINE_CURVE_WITH_KNOTS('',1,(#6625,#6626),.UNSPECIFIED.,.F.,
  .F.,(2,2),(-73.15,-62.25),.PIECEWISE_BEZIER_KNOTS.);
#6625 = CARTESIAN_POINT('',(151.7,-10.9));
#6626 = CARTESIAN_POINT('',(151.7,0.));
#6627 = ( GEOMETRIC_REPRESENTATION_CONTEXT(2) 
PARAMETRIC_REPRESENTATION_CONTEXT() REPRESENTATION_CONTEXT('2D SPACE',''
  ) );
#6628 = ORIENTED_EDGE('',*,*,#6629,.F.);
#6629 = EDGE_CURVE('',#6630,#6609,#6632,.T.);
#6630 = VERTEX_POINT('',#6631);
#6631 = CARTESIAN_POINT('',(6.5,44.5,51.7));
#6632 = SURFACE_CURVE('',#6633,(#6637,#6643),.PCURVE_S1.);
#6633 = LINE('',#6634,#6635);
#6634 = CARTESIAN_POINT('',(-11.35,44.5,51.7));
#6635 = VECTOR('',#6636,1.);
#6636 = DIRECTION('',(1.,0.,-0.));
#6637 = PCURVE('',#4990,#6638);
#6638 = DEFINITIONAL_REPRESENTATION('',(#6639),#6642);
#6639 = B_SPLINE_CURVE_WITH_KNOTS('',1,(#6640,#6641),.UNSPECIFIED.,.F.,
  .F.,(2,2),(3.85,18.85),.PIECEWISE_BEZIER_KNOTS.);
#6640 = CARTESIAN_POINT('',(7.7,124.5));
#6641 = CARTESIAN_POINT('',(22.7,124.5));
#6642 = ( GEOMETRIC_REPRESENTATION_CONTEXT(2) 
PARAMETRIC_REPRESENTATION_CONTEXT() REPRESENTATION_CONTEXT('2D SPACE',''
  ) );
#6643 = PCURVE('',#6351,#6644);
#6644 = DEFINITIONAL_REPRESENTATION('',(#6645),#6648);
#6645 = B_SPLINE_CURVE_WITH_KNOTS('',1,(#6646,#6647),.UNSPECIFIED.,.F.,
  .F.,(2,2),(3.85,18.85),.PIECEWISE_BEZIER_KNOTS.);
#6646 = CARTESIAN_POINT('',(151.7,0.));
#6647 = CARTESIAN_POINT('',(151.7,15.));
#6648 = ( GEOMETRIC_REPRESENTATION_CONTEXT(2) 
PARAMETRIC_REPRESENTATION_CONTEXT() REPRESENTATION_CONTEXT('2D SPACE',''
  ) );
#6649 = ORIENTED_EDGE('',*,*,#6650,.F.);
#6650 = EDGE_CURVE('',#6651,#6630,#6653,.T.);
#6651 = VERTEX_POINT('',#6652);
#6652 = CARTESIAN_POINT('',(6.5,-44.5,51.7));
#6653 = SURFACE_CURVE('',#6654,(#6658,#6665),.PCURVE_S1.);
#6654 = LINE('',#6655,#6656);
#6655 = CARTESIAN_POINT('',(6.5,-80.,51.7));
#6656 = VECTOR('',#6657,1.);
#6657 = DIRECTION('',(-0.,1.,0.));
#6658 = PCURVE('',#4990,#6659);
#6659 = DEFINITIONAL_REPRESENTATION('',(#6660),#6664);
#6660 = LINE('',#6661,#6662);
#6661 = CARTESIAN_POINT('',(21.7,0.));
#6662 = VECTOR('',#6663,1.);
#6663 = DIRECTION('',(0.,1.));
#6664 = ( GEOMETRIC_REPRESENTATION_CONTEXT(2) 
PARAMETRIC_REPRESENTATION_CONTEXT() REPRESENTATION_CONTEXT('2D SPACE',''
  ) );
#6665 = PCURVE('',#6325,#6666);
#6666 = DEFINITIONAL_REPRESENTATION('',(#6667),#6671);
#6667 = LINE('',#6668,#6669);
#6668 = CARTESIAN_POINT('',(0.,0.));
#6669 = VECTOR('',#6670,1.);
#6670 = DIRECTION('',(0.,-1.));
#6671 = ( GEOMETRIC_REPRESENTATION_CONTEXT(2) 
PARAMETRIC_REPRESENTATION_CONTEXT() REPRESENTATION_CONTEXT('2D SPACE',''
  ) );
#6672 = ORIENTED_EDGE('',*,*,#6673,.T.);
#6673 = EDGE_CURVE('',#6651,#6674,#6676,.T.);
#6674 = VERTEX_POINT('',#6675);
#6675 = CARTESIAN_POINT('',(7.5,-44.5,51.7));
#6676 = SURFACE_CURVE('',#6677,(#6681,#6687),.PCURVE_S1.);
#6677 = LINE('',#6678,#6679);
#6678 = CARTESIAN_POINT('',(-11.35,-44.5,51.7));
#6679 = VECTOR('',#6680,1.);
#6680 = DIRECTION('',(1.,0.,-0.));
#6681 = PCURVE('',#4990,#6682);
#6682 = DEFINITIONAL_REPRESENTATION('',(#6683),#6686);
#6683 = B_SPLINE_CURVE_WITH_KNOTS('',1,(#6684,#6685),.UNSPECIFIED.,.F.,
  .F.,(2,2),(3.85,18.85),.PIECEWISE_BEZIER_KNOTS.);
#6684 = CARTESIAN_POINT('',(7.7,35.5));
#6685 = CARTESIAN_POINT('',(22.7,35.5));
#6686 = ( GEOMETRIC_REPRESENTATION_CONTEXT(2) 
PARAMETRIC_REPRESENTATION_CONTEXT() REPRESENTATION_CONTEXT('2D SPACE',''
  ) );
#6687 = PCURVE('',#6522,#6688);
#6688 = DEFINITIONAL_REPRESENTATION('',(#6689),#6692);
#6689 = B_SPLINE_CURVE_WITH_KNOTS('',1,(#6690,#6691),.UNSPECIFIED.,.F.,
  .F.,(2,2),(3.85,18.85),.PIECEWISE_BEZIER_KNOTS.);
#6690 = CARTESIAN_POINT('',(151.7,0.));
#6691 = CARTESIAN_POINT('',(151.7,15.));
#6692 = ( GEOMETRIC_REPRESENTATION_CONTEXT(2) 
PARAMETRIC_REPRESENTATION_CONTEXT() REPRESENTATION_CONTEXT('2D SPACE',''
  ) );
#6693 = ORIENTED_EDGE('',*,*,#6694,.T.);
#6694 = EDGE_CURVE('',#6674,#6695,#6697,.T.);
#6695 = VERTEX_POINT('',#6696);
#6696 = CARTESIAN_POINT('',(7.5,-55.4,51.7));
#6697 = SURFACE_CURVE('',#6698,(#6702,#6708),.PCURVE_S1.);
#6698 = LINE('',#6699,#6700);
#6699 = CARTESIAN_POINT('',(7.5,-80.,51.7));
#6700 = VECTOR('',#6701,1.);
#6701 = DIRECTION('',(0.,-1.,0.));
#6702 = PCURVE('',#4990,#6703);
#6703 = DEFINITIONAL_REPRESENTATION('',(#6704),#6707);
#6704 = B_SPLINE_CURVE_WITH_KNOTS('',1,(#6705,#6706),.UNSPECIFIED.,.F.,
  .F.,(2,2),(-35.5,-24.6),.PIECEWISE_BEZIER_KNOTS.);
#6705 = CARTESIAN_POINT('',(22.7,35.5));
#6706 = CARTESIAN_POINT('',(22.7,24.6));
#6707 = ( GEOMETRIC_REPRESENTATION_CONTEXT(2) 
PARAMETRIC_REPRESENTATION_CONTEXT() REPRESENTATION_CONTEXT('2D SPACE',''
  ) );
#6708 = PCURVE('',#6498,#6709);
#6709 = DEFINITIONAL_REPRESENTATION('',(#6710),#6713);
#6710 = B_SPLINE_CURVE_WITH_KNOTS('',1,(#6711,#6712),.UNSPECIFIED.,.F.,
  .F.,(2,2),(-35.5,-24.6),.PIECEWISE_BEZIER_KNOTS.);
#6711 = CARTESIAN_POINT('',(151.7,-35.5));
#6712 = CARTESIAN_POINT('',(151.7,-24.6));
#6713 = ( GEOMETRIC_REPRESENTATION_CONTEXT(2) 
PARAMETRIC_REPRESENTATION_CONTEXT() REPRESENTATION_CONTEXT('2D SPACE',''
  ) );
#6714 = ORIENTED_EDGE('',*,*,#6715,.T.);
#6715 = EDGE_CURVE('',#6695,#6716,#6718,.T.);
#6716 = VERTEX_POINT('',#6717);
#6717 = CARTESIAN_POINT('',(11.1,-55.4,51.7));
#6718 = SURFACE_CURVE('',#6719,(#6723,#6729),.PCURVE_S1.);
#6719 = LINE('',#6720,#6721);
#6720 = CARTESIAN_POINT('',(-13.15,-55.4,51.7));
#6721 = VECTOR('',#6722,1.);
#6722 = DIRECTION('',(1.,0.,-0.));
#6723 = PCURVE('',#4990,#6724);
#6724 = DEFINITIONAL_REPRESENTATION('',(#6725),#6728);
#6725 = B_SPLINE_CURVE_WITH_KNOTS('',1,(#6726,#6727),.UNSPECIFIED.,.F.,
  .F.,(2,2),(20.65,24.25),.PIECEWISE_BEZIER_KNOTS.);
#6726 = CARTESIAN_POINT('',(22.7,24.6));
#6727 = CARTESIAN_POINT('',(26.3,24.6));
#6728 = ( GEOMETRIC_REPRESENTATION_CONTEXT(2) 
PARAMETRIC_REPRESENTATION_CONTEXT() REPRESENTATION_CONTEXT('2D SPACE',''
  ) );
#6729 = PCURVE('',#6472,#6730);
#6730 = DEFINITIONAL_REPRESENTATION('',(#6731),#6734);
#6731 = B_SPLINE_CURVE_WITH_KNOTS('',1,(#6732,#6733),.UNSPECIFIED.,.F.,
  .F.,(2,2),(20.65,24.25),.PIECEWISE_BEZIER_KNOTS.);
#6732 = CARTESIAN_POINT('',(151.7,18.6));
#6733 = CARTESIAN_POINT('',(151.7,22.2));
#6734 = ( GEOMETRIC_REPRESENTATION_CONTEXT(2) 
PARAMETRIC_REPRESENTATION_CONTEXT() REPRESENTATION_CONTEXT('2D SPACE',''
  ) );
#6735 = ORIENTED_EDGE('',*,*,#6736,.T.);
#6736 = EDGE_CURVE('',#6716,#5674,#6737,.T.);
#6737 = SURFACE_CURVE('',#6738,(#6742,#6748),.PCURVE_S1.);
#6738 = LINE('',#6739,#6740);
#6739 = CARTESIAN_POINT('',(11.1,-80.,51.7));
#6740 = VECTOR('',#6741,1.);
#6741 = DIRECTION('',(0.,-1.,0.));
#6742 = PCURVE('',#4990,#6743);
#6743 = DEFINITIONAL_REPRESENTATION('',(#6744),#6747);
#6744 = B_SPLINE_CURVE_WITH_KNOTS('',1,(#6745,#6746),.UNSPECIFIED.,.F.,
  .F.,(2,2),(-24.6,-22.56272985866),.PIECEWISE_BEZIER_KNOTS.);
#6745 = CARTESIAN_POINT('',(26.3,24.6));
#6746 = CARTESIAN_POINT('',(26.3,22.562729858669));
#6747 = ( GEOMETRIC_REPRESENTATION_CONTEXT(2) 
PARAMETRIC_REPRESENTATION_CONTEXT() REPRESENTATION_CONTEXT('2D SPACE',''
  ) );
#6748 = PCURVE('',#5688,#6749);
#6749 = DEFINITIONAL_REPRESENTATION('',(#6750),#6753);
#6750 = B_SPLINE_CURVE_WITH_KNOTS('',1,(#6751,#6752),.UNSPECIFIED.,.F.,
  .F.,(2,2),(-24.6,-22.56272985866),.PIECEWISE_BEZIER_KNOTS.);
#6751 = CARTESIAN_POINT('',(151.7,-24.6));
#6752 = CARTESIAN_POINT('',(151.7,-22.56272985866));
#6753 = ( GEOMETRIC_REPRESENTATION_CONTEXT(2) 
PARAMETRIC_REPRESENTATION_CONTEXT() REPRESENTATION_CONTEXT('2D SPACE',''
  ) );
#6754 = ADVANCED_FACE('',(#6755),#5688,.F.);
#6755 = FACE_BOUND('',#6756,.F.);
#6756 = EDGE_LOOP('',(#6757,#6758,#6779,#6780));
#6757 = ORIENTED_EDGE('',*,*,#6736,.F.);
#6758 = ORIENTED_EDGE('',*,*,#6759,.T.);
#6759 = EDGE_CURVE('',#6716,#6437,#6760,.T.);
#6760 = SURFACE_CURVE('',#6761,(#6765,#6772),.PCURVE_S1.);
#6761 = LINE('',#6762,#6763);
#6762 = CARTESIAN_POINT('',(11.1,-55.4,-100.));
#6763 = VECTOR('',#6764,1.);
#6764 = DIRECTION('',(0.,0.,1.));
#6765 = PCURVE('',#5688,#6766);
#6766 = DEFINITIONAL_REPRESENTATION('',(#6767),#6771);
#6767 = LINE('',#6768,#6769);
#6768 = CARTESIAN_POINT('',(0.,-24.6));
#6769 = VECTOR('',#6770,1.);
#6770 = DIRECTION('',(1.,0.));
#6771 = ( GEOMETRIC_REPRESENTATION_CONTEXT(2) 
PARAMETRIC_REPRESENTATION_CONTEXT() REPRESENTATION_CONTEXT('2D SPACE',''
  ) );
#6772 = PCURVE('',#6472,#6773);
#6773 = DEFINITIONAL_REPRESENTATION('',(#6774),#6778);
#6774 = LINE('',#6775,#6776);
#6775 = CARTESIAN_POINT('',(0.,22.2));
#6776 = VECTOR('',#6777,1.);
#6777 = DIRECTION('',(1.,0.));
#6778 = ( GEOMETRIC_REPRESENTATION_CONTEXT(2) 
PARAMETRIC_REPRESENTATION_CONTEXT() REPRESENTATION_CONTEXT('2D SPACE',''
  ) );
#6779 = ORIENTED_EDGE('',*,*,#6436,.T.);
#6780 = ORIENTED_EDGE('',*,*,#5673,.F.);
#6781 = ADVANCED_FACE('',(#6782),#5947,.F.);
#6782 = FACE_BOUND('',#6783,.F.);
#6783 = EDGE_LOOP('',(#6784,#6806,#6807,#6830,#6857,#6858));
#6784 = ORIENTED_EDGE('',*,*,#6785,.F.);
#6785 = EDGE_CURVE('',#5925,#5973,#6786,.T.);
#6786 = SURFACE_CURVE('',#6787,(#6792,#6799),.PCURVE_S1.);
#6787 = CIRCLE('',#6788,30.129229421791);
#6788 = AXIS2_PLACEMENT_3D('',#6789,#6790,#6791);
#6789 = CARTESIAN_POINT('',(-26.02922942179,0.,0.));
#6790 = DIRECTION('',(-1.,0.,0.));
#6791 = DIRECTION('',(0.,0.,-1.));
#6792 = PCURVE('',#5947,#6793);
#6793 = DEFINITIONAL_REPRESENTATION('',(#6794),#6798);
#6794 = LINE('',#6795,#6796);
#6795 = CARTESIAN_POINT('',(0.,12.629229421792));
#6796 = VECTOR('',#6797,1.);
#6797 = DIRECTION('',(1.,0.));
#6798 = ( GEOMETRIC_REPRESENTATION_CONTEXT(2) 
PARAMETRIC_REPRESENTATION_CONTEXT() REPRESENTATION_CONTEXT('2D SPACE',''
  ) );
#6799 = PCURVE('',#5987,#6800);
#6800 = DEFINITIONAL_REPRESENTATION('',(#6801),#6805);
#6801 = CIRCLE('',#6802,30.129229421791);
#6802 = AXIS2_PLACEMENT_2D('',#6803,#6804);
#6803 = CARTESIAN_POINT('',(0.,0.));
#6804 = DIRECTION('',(1.,0.));
#6805 = ( GEOMETRIC_REPRESENTATION_CONTEXT(2) 
PARAMETRIC_REPRESENTATION_CONTEXT() REPRESENTATION_CONTEXT('2D SPACE',''
  ) );
#6806 = ORIENTED_EDGE('',*,*,#5924,.T.);
#6807 = ORIENTED_EDGE('',*,*,#6808,.F.);
#6808 = EDGE_CURVE('',#6809,#5927,#6811,.T.);
#6809 = VERTEX_POINT('',#6810);
#6810 = CARTESIAN_POINT('',(-13.4,4.286263797016E-15,-17.5));
#6811 = SEAM_CURVE('',#6812,(#6816,#6823),.PCURVE_S1.);
#6812 = LINE('',#6813,#6814);
#6813 = CARTESIAN_POINT('',(-13.4,4.286263797016E-15,-17.5));
#6814 = VECTOR('',#6815,1.);
#6815 = DIRECTION('',(-0.707106781187,1.731912112471E-16,-0.707106781187
    ));
#6816 = PCURVE('',#5947,#6817);
#6817 = DEFINITIONAL_REPRESENTATION('',(#6818),#6822);
#6818 = LINE('',#6819,#6820);
#6819 = CARTESIAN_POINT('',(6.28318530718,-0.));
#6820 = VECTOR('',#6821,1.);
#6821 = DIRECTION('',(0.,1.));
#6822 = ( GEOMETRIC_REPRESENTATION_CONTEXT(2) 
PARAMETRIC_REPRESENTATION_CONTEXT() REPRESENTATION_CONTEXT('2D SPACE',''
  ) );
#6823 = PCURVE('',#5947,#6824);
#6824 = DEFINITIONAL_REPRESENTATION('',(#6825),#6829);
#6825 = LINE('',#6826,#6827);
#6826 = CARTESIAN_POINT('',(0.,-0.));
#6827 = VECTOR('',#6828,1.);
#6828 = DIRECTION('',(0.,1.));
#6829 = ( GEOMETRIC_REPRESENTATION_CONTEXT(2) 
PARAMETRIC_REPRESENTATION_CONTEXT() REPRESENTATION_CONTEXT('2D SPACE',''
  ) );
#6830 = ORIENTED_EDGE('',*,*,#6831,.T.);
#6831 = EDGE_CURVE('',#6809,#6809,#6832,.T.);
#6832 = SURFACE_CURVE('',#6833,(#6838,#6845),.PCURVE_S1.);
#6833 = CIRCLE('',#6834,17.5);
#6834 = AXIS2_PLACEMENT_3D('',#6835,#6836,#6837);
#6835 = CARTESIAN_POINT('',(-13.4,0.,0.));
#6836 = DIRECTION('',(-1.,0.,0.));
#6837 = DIRECTION('',(0.,0.,-1.));
#6838 = PCURVE('',#5947,#6839);
#6839 = DEFINITIONAL_REPRESENTATION('',(#6840),#6844);
#6840 = LINE('',#6841,#6842);
#6841 = CARTESIAN_POINT('',(0.,0.));
#6842 = VECTOR('',#6843,1.);
#6843 = DIRECTION('',(1.,0.));
#6844 = ( GEOMETRIC_REPRESENTATION_CONTEXT(2) 
PARAMETRIC_REPRESENTATION_CONTEXT() REPRESENTATION_CONTEXT('2D SPACE',''
  ) );
#6845 = PCURVE('',#6846,#6851);
#6846 = PLANE('',#6847);
#6847 = AXIS2_PLACEMENT_3D('',#6848,#6849,#6850);
#6848 = CARTESIAN_POINT('',(-13.4,0.,0.));
#6849 = DIRECTION('',(-1.,0.,0.));
#6850 = DIRECTION('',(0.,0.,-1.));
#6851 = DEFINITIONAL_REPRESENTATION('',(#6852),#6856);
#6852 = CIRCLE('',#6853,17.5);
#6853 = AXIS2_PLACEMENT_2D('',#6854,#6855);
#6854 = CARTESIAN_POINT('',(0.,0.));
#6855 = DIRECTION('',(1.,0.));
#6856 = ( GEOMETRIC_REPRESENTATION_CONTEXT(2) 
PARAMETRIC_REPRESENTATION_CONTEXT() REPRESENTATION_CONTEXT('2D SPACE',''
  ) );
#6857 = ORIENTED_EDGE('',*,*,#6808,.T.);
#6858 = ORIENTED_EDGE('',*,*,#5998,.T.);
#6859 = ADVANCED_FACE('',(#6860),#5987,.F.);
#6860 = FACE_BOUND('',#6861,.F.);
#6861 = EDGE_LOOP('',(#6862,#6863));
#6862 = ORIENTED_EDGE('',*,*,#5972,.T.);
#6863 = ORIENTED_EDGE('',*,*,#6785,.T.);
#6864 = ADVANCED_FACE('',(#6865),#6175,.T.);
#6865 = FACE_BOUND('',#6866,.T.);
#6866 = EDGE_LOOP('',(#6867,#6923,#6944,#6945));
#6867 = ORIENTED_EDGE('',*,*,#6868,.F.);
#6868 = EDGE_CURVE('',#6869,#6869,#6871,.T.);
#6869 = VERTEX_POINT('',#6870);
#6870 = CARTESIAN_POINT('',(28.084769174125,1.151167991199E-14,47.));
#6871 = SURFACE_CURVE('',#6872,(#6877,#6911),.PCURVE_S1.);
#6872 = ELLIPSE('',#6873,47.276522080915,47.);
#6873 = AXIS2_PLACEMENT_3D('',#6874,#6875,#6876);
#6874 = CARTESIAN_POINT('',(22.978935249365,0.,0.));
#6875 = DIRECTION('',(0.994150963972,0.,-0.107999355706));
#6876 = DIRECTION('',(0.107999355706,0.,0.994150963972));
#6877 = PCURVE('',#6175,#6878);
#6878 = DEFINITIONAL_REPRESENTATION('',(#6879),#6910);
#6879 = B_SPLINE_CURVE_WITH_KNOTS('',8,(#6880,#6881,#6882,#6883,#6884,
    #6885,#6886,#6887,#6888,#6889,#6890,#6891,#6892,#6893,#6894,#6895,
    #6896,#6897,#6898,#6899,#6900,#6901,#6902,#6903,#6904,#6905,#6906,
    #6907,#6908,#6909),.UNSPECIFIED.,.F.,.F.,(9,7,7,7,9),(0.,
    1.570796326795,2.748893571891,4.516039439535,6.28318530718),
  .UNSPECIFIED.);
#6880 = CARTESIAN_POINT('',(0.,128.08476917412));
#6881 = CARTESIAN_POINT('',(0.196349540849,128.08476917412));
#6882 = CARTESIAN_POINT('',(0.392699081699,127.85980216933));
#6883 = CARTESIAN_POINT('',(0.589048622547,127.40987007052));
#6884 = CARTESIAN_POINT('',(0.785398163397,126.75346765702));
#6885 = CARTESIAN_POINT('',(0.981747704246,125.92762205033));
#6886 = CARTESIAN_POINT('',(1.178097245096,124.98399178091));
#6887 = CARTESIAN_POINT('',(1.374446785946,123.98146339614));
#6888 = CARTESIAN_POINT('',(1.718058482432,122.22703913928));
#6889 = CARTESIAN_POINT('',(1.865320638069,121.47514330437));
#6890 = CARTESIAN_POINT('',(2.012582793706,120.7480927442));
#6891 = CARTESIAN_POINT('',(2.159844949343,120.07073936735));
#6892 = CARTESIAN_POINT('',(2.30710710498,119.46619837129));
#6893 = CARTESIAN_POINT('',(2.454369260617,118.95414771777));
#6894 = CARTESIAN_POINT('',(2.601631416254,118.54949797406));
#6895 = CARTESIAN_POINT('',(2.969786805347,117.83015251359));
#6896 = CARTESIAN_POINT('',(3.190680038802,117.66159592426));
#6897 = CARTESIAN_POINT('',(3.411573272258,117.78817773028));
#6898 = CARTESIAN_POINT('',(3.632466505696,118.21462076017));
#6899 = CARTESIAN_POINT('',(3.853359739169,118.9132077925));
#6900 = CARTESIAN_POINT('',(4.074252972622,119.82603689076));
#6901 = CARTESIAN_POINT('',(4.29514620608,120.87666350907));
#6902 = CARTESIAN_POINT('',(4.736932672991,123.08900942056));
#6903 = CARTESIAN_POINT('',(4.957825906445,124.25072993808));
#6904 = CARTESIAN_POINT('',(5.17871913988,125.38574448251));
#6905 = CARTESIAN_POINT('',(5.399612373378,126.40605424251));
#6906 = CARTESIAN_POINT('',(5.620505606799,127.23060239129));
#6907 = CARTESIAN_POINT('',(5.841398840269,127.80004490376));
#6908 = CARTESIAN_POINT('',(6.062292073724,128.08476917412));
#6909 = CARTESIAN_POINT('',(6.28318530718,128.08476917412));
#6910 = ( GEOMETRIC_REPRESENTATION_CONTEXT(2) 
PARAMETRIC_REPRESENTATION_CONTEXT() REPRESENTATION_CONTEXT('2D SPACE',''
  ) );
#6911 = PCURVE('',#6912,#6917);
#6912 = PLANE('',#6913);
#6913 = AXIS2_PLACEMENT_3D('',#6914,#6915,#6916);
#6914 = CARTESIAN_POINT('',(-4.649578689403,-200.,-254.3247928266));
#6915 = DIRECTION('',(0.994150963972,0.,-0.107999355706));
#6916 = DIRECTION('',(0.107999355706,0.,0.994150963972));
#6917 = DEFINITIONAL_REPRESENTATION('',(#6918),#6922);
#6918 = ELLIPSE('',#6919,47.276522080915,47.);
#6919 = AXIS2_PLACEMENT_2D('',#6920,#6921);
#6920 = CARTESIAN_POINT('',(255.8210996552,-200.));
#6921 = DIRECTION('',(1.,0.));
#6922 = ( GEOMETRIC_REPRESENTATION_CONTEXT(2) 
PARAMETRIC_REPRESENTATION_CONTEXT() REPRESENTATION_CONTEXT('2D SPACE',''
  ) );
#6923 = ORIENTED_EDGE('',*,*,#6924,.F.);
#6924 = EDGE_CURVE('',#6159,#6869,#6925,.T.);
#6925 = SEAM_CURVE('',#6926,(#6930,#6937),.PCURVE_S1.);
#6926 = LINE('',#6927,#6928);
#6927 = CARTESIAN_POINT('',(-100.,1.151167991199E-14,47.));
#6928 = VECTOR('',#6929,1.);
#6929 = DIRECTION('',(1.,0.,0.));
#6930 = PCURVE('',#6175,#6931);
#6931 = DEFINITIONAL_REPRESENTATION('',(#6932),#6936);
#6932 = LINE('',#6933,#6934);
#6933 = CARTESIAN_POINT('',(6.28318530718,-0.));
#6934 = VECTOR('',#6935,1.);
#6935 = DIRECTION('',(0.,1.));
#6936 = ( GEOMETRIC_REPRESENTATION_CONTEXT(2) 
PARAMETRIC_REPRESENTATION_CONTEXT() REPRESENTATION_CONTEXT('2D SPACE',''
  ) );
#6937 = PCURVE('',#6175,#6938);
#6938 = DEFINITIONAL_REPRESENTATION('',(#6939),#6943);
#6939 = LINE('',#6940,#6941);
#6940 = CARTESIAN_POINT('',(0.,-0.));
#6941 = VECTOR('',#6942,1.);
#6942 = DIRECTION('',(0.,1.));
#6943 = ( GEOMETRIC_REPRESENTATION_CONTEXT(2) 
PARAMETRIC_REPRESENTATION_CONTEXT() REPRESENTATION_CONTEXT('2D SPACE',''
  ) );
#6944 = ORIENTED_EDGE('',*,*,#6158,.T.);
#6945 = ORIENTED_EDGE('',*,*,#6924,.T.);
#6946 = ADVANCED_FACE('',(#6947),#6325,.F.);
#6947 = FACE_BOUND('',#6948,.F.);
#6948 = EDGE_LOOP('',(#6949,#6968,#6969,#6988));
#6949 = ORIENTED_EDGE('',*,*,#6950,.T.);
#6950 = EDGE_CURVE('',#6311,#6651,#6951,.T.);
#6951 = SURFACE_CURVE('',#6952,(#6956,#6962),.PCURVE_S1.);
#6952 = LINE('',#6953,#6954);
#6953 = CARTESIAN_POINT('',(6.5,-44.5,-24.15));
#6954 = VECTOR('',#6955,1.);
#6955 = DIRECTION('',(-0.,0.,-1.));
#6956 = PCURVE('',#6325,#6957);
#6957 = DEFINITIONAL_REPRESENTATION('',(#6958),#6961);
#6958 = B_SPLINE_CURVE_WITH_KNOTS('',1,(#6959,#6960),.UNSPECIFIED.,.F.,
  .F.,(2,2),(-88.35,-75.85),.PIECEWISE_BEZIER_KNOTS.);
#6959 = CARTESIAN_POINT('',(12.5,-35.5));
#6960 = CARTESIAN_POINT('',(0.,-35.5));
#6961 = ( GEOMETRIC_REPRESENTATION_CONTEXT(2) 
PARAMETRIC_REPRESENTATION_CONTEXT() REPRESENTATION_CONTEXT('2D SPACE',''
  ) );
#6962 = PCURVE('',#6522,#6963);
#6963 = DEFINITIONAL_REPRESENTATION('',(#6964),#6967);
#6964 = B_SPLINE_CURVE_WITH_KNOTS('',1,(#6965,#6966),.UNSPECIFIED.,.F.,
  .F.,(2,2),(-88.35,-75.85),.PIECEWISE_BEZIER_KNOTS.);
#6965 = CARTESIAN_POINT('',(164.2,14.));
#6966 = CARTESIAN_POINT('',(151.7,14.));
#6967 = ( GEOMETRIC_REPRESENTATION_CONTEXT(2) 
PARAMETRIC_REPRESENTATION_CONTEXT() REPRESENTATION_CONTEXT('2D SPACE',''
  ) );
#6968 = ORIENTED_EDGE('',*,*,#6650,.T.);
#6969 = ORIENTED_EDGE('',*,*,#6970,.F.);
#6970 = EDGE_CURVE('',#6309,#6630,#6971,.T.);
#6971 = SURFACE_CURVE('',#6972,(#6976,#6982),.PCURVE_S1.);
#6972 = LINE('',#6973,#6974);
#6973 = CARTESIAN_POINT('',(6.5,44.5,-24.15));
#6974 = VECTOR('',#6975,1.);
#6975 = DIRECTION('',(-0.,0.,-1.));
#6976 = PCURVE('',#6325,#6977);
#6977 = DEFINITIONAL_REPRESENTATION('',(#6978),#6981);
#6978 = B_SPLINE_CURVE_WITH_KNOTS('',1,(#6979,#6980),.UNSPECIFIED.,.F.,
  .F.,(2,2),(-88.35,-75.85),.PIECEWISE_BEZIER_KNOTS.);
#6979 = CARTESIAN_POINT('',(12.5,-124.5));
#6980 = CARTESIAN_POINT('',(0.,-124.5));
#6981 = ( GEOMETRIC_REPRESENTATION_CONTEXT(2) 
PARAMETRIC_REPRESENTATION_CONTEXT() REPRESENTATION_CONTEXT('2D SPACE',''
  ) );
#6982 = PCURVE('',#6351,#6983);
#6983 = DEFINITIONAL_REPRESENTATION('',(#6984),#6987);
#6984 = B_SPLINE_CURVE_WITH_KNOTS('',1,(#6985,#6986),.UNSPECIFIED.,.F.,
  .F.,(2,2),(-88.35,-75.85),.PIECEWISE_BEZIER_KNOTS.);
#6985 = CARTESIAN_POINT('',(164.2,14.));
#6986 = CARTESIAN_POINT('',(151.7,14.));
#6987 = ( GEOMETRIC_REPRESENTATION_CONTEXT(2) 
PARAMETRIC_REPRESENTATION_CONTEXT() REPRESENTATION_CONTEXT('2D SPACE',''
  ) );
#6988 = ORIENTED_EDGE('',*,*,#6308,.T.);
#6989 = ADVANCED_FACE('',(#6990),#6522,.F.);
#6990 = FACE_BOUND('',#6991,.F.);
#6991 = EDGE_LOOP('',(#6992,#7013,#7014,#7015));
#6992 = ORIENTED_EDGE('',*,*,#6993,.F.);
#6993 = EDGE_CURVE('',#6674,#6484,#6994,.T.);
#6994 = SURFACE_CURVE('',#6995,(#6999,#7006),.PCURVE_S1.);
#6995 = LINE('',#6996,#6997);
#6996 = CARTESIAN_POINT('',(7.5,-44.5,-100.));
#6997 = VECTOR('',#6998,1.);
#6998 = DIRECTION('',(0.,0.,1.));
#6999 = PCURVE('',#6522,#7000);
#7000 = DEFINITIONAL_REPRESENTATION('',(#7001),#7005);
#7001 = LINE('',#7002,#7003);
#7002 = CARTESIAN_POINT('',(0.,15.));
#7003 = VECTOR('',#7004,1.);
#7004 = DIRECTION('',(1.,0.));
#7005 = ( GEOMETRIC_REPRESENTATION_CONTEXT(2) 
PARAMETRIC_REPRESENTATION_CONTEXT() REPRESENTATION_CONTEXT('2D SPACE',''
  ) );
#7006 = PCURVE('',#6498,#7007);
#7007 = DEFINITIONAL_REPRESENTATION('',(#7008),#7012);
#7008 = LINE('',#7009,#7010);
#7009 = CARTESIAN_POINT('',(0.,-35.5));
#7010 = VECTOR('',#7011,1.);
#7011 = DIRECTION('',(1.,0.));
#7012 = ( GEOMETRIC_REPRESENTATION_CONTEXT(2) 
PARAMETRIC_REPRESENTATION_CONTEXT() REPRESENTATION_CONTEXT('2D SPACE',''
  ) );
#7013 = ORIENTED_EDGE('',*,*,#6673,.F.);
#7014 = ORIENTED_EDGE('',*,*,#6950,.F.);
#7015 = ORIENTED_EDGE('',*,*,#6509,.T.);
#7016 = ADVANCED_FACE('',(#7017),#6498,.F.);
#7017 = FACE_BOUND('',#7018,.F.);
#7018 = EDGE_LOOP('',(#7019,#7020,#7021,#7022));
#7019 = ORIENTED_EDGE('',*,*,#6694,.F.);
#7020 = ORIENTED_EDGE('',*,*,#6993,.T.);
#7021 = ORIENTED_EDGE('',*,*,#6483,.T.);
#7022 = ORIENTED_EDGE('',*,*,#7023,.F.);
#7023 = EDGE_CURVE('',#6695,#6458,#7024,.T.);
#7024 = SURFACE_CURVE('',#7025,(#7029,#7035),.PCURVE_S1.);
#7025 = LINE('',#7026,#7027);
#7026 = CARTESIAN_POINT('',(7.5,-55.4,-100.));
#7027 = VECTOR('',#7028,1.);
#7028 = DIRECTION('',(0.,0.,1.));
#7029 = PCURVE('',#6498,#7030);
#7030 = DEFINITIONAL_REPRESENTATION('',(#7031),#7034);
#7031 = B_SPLINE_CURVE_WITH_KNOTS('',1,(#7032,#7033),.UNSPECIFIED.,.F.,
  .F.,(2,2),(45.222844919101,164.2),.PIECEWISE_BEZIER_KNOTS.);
#7032 = CARTESIAN_POINT('',(45.222844919101,-24.6));
#7033 = CARTESIAN_POINT('',(164.2,-24.6));
#7034 = ( GEOMETRIC_REPRESENTATION_CONTEXT(2) 
PARAMETRIC_REPRESENTATION_CONTEXT() REPRESENTATION_CONTEXT('2D SPACE',''
  ) );
#7035 = PCURVE('',#6472,#7036);
#7036 = DEFINITIONAL_REPRESENTATION('',(#7037),#7040);
#7037 = B_SPLINE_CURVE_WITH_KNOTS('',1,(#7038,#7039),.UNSPECIFIED.,.F.,
  .F.,(2,2),(45.222844919101,164.2),.PIECEWISE_BEZIER_KNOTS.);
#7038 = CARTESIAN_POINT('',(45.222844919101,18.6));
#7039 = CARTESIAN_POINT('',(164.2,18.6));
#7040 = ( GEOMETRIC_REPRESENTATION_CONTEXT(2) 
PARAMETRIC_REPRESENTATION_CONTEXT() REPRESENTATION_CONTEXT('2D SPACE',''
  ) );
#7041 = ADVANCED_FACE('',(#7042),#6472,.F.);
#7042 = FACE_BOUND('',#7043,.F.);
#7043 = EDGE_LOOP('',(#7044,#7045,#7046,#7047));
#7044 = ORIENTED_EDGE('',*,*,#6759,.F.);
#7045 = ORIENTED_EDGE('',*,*,#6715,.F.);
#7046 = ORIENTED_EDGE('',*,*,#7023,.T.);
#7047 = ORIENTED_EDGE('',*,*,#6457,.T.);
#7048 = ADVANCED_FACE('',(#7049),#6403,.T.);
#7049 = FACE_BOUND('',#7050,.T.);
#7050 = EDGE_LOOP('',(#7051,#7052,#7053,#7072));
#7051 = ORIENTED_EDGE('',*,*,#6536,.F.);
#7052 = ORIENTED_EDGE('',*,*,#6587,.F.);
#7053 = ORIENTED_EDGE('',*,*,#7054,.T.);
#7054 = EDGE_CURVE('',#6588,#6363,#7055,.T.);
#7055 = SURFACE_CURVE('',#7056,(#7060,#7066),.PCURVE_S1.);
#7056 = LINE('',#7057,#7058);
#7057 = CARTESIAN_POINT('',(7.5,55.4,-100.));
#7058 = VECTOR('',#7059,1.);
#7059 = DIRECTION('',(0.,0.,1.));
#7060 = PCURVE('',#6403,#7061);
#7061 = DEFINITIONAL_REPRESENTATION('',(#7062),#7065);
#7062 = B_SPLINE_CURVE_WITH_KNOTS('',1,(#7063,#7064),.UNSPECIFIED.,.F.,
  .F.,(2,2),(45.222844919101,164.2),.PIECEWISE_BEZIER_KNOTS.);
#7063 = CARTESIAN_POINT('',(45.222844919101,18.6));
#7064 = CARTESIAN_POINT('',(164.2,18.6));
#7065 = ( GEOMETRIC_REPRESENTATION_CONTEXT(2) 
PARAMETRIC_REPRESENTATION_CONTEXT() REPRESENTATION_CONTEXT('2D SPACE',''
  ) );
#7066 = PCURVE('',#6377,#7067);
#7067 = DEFINITIONAL_REPRESENTATION('',(#7068),#7071);
#7068 = B_SPLINE_CURVE_WITH_KNOTS('',1,(#7069,#7070),.UNSPECIFIED.,.F.,
  .F.,(2,2),(45.222844919101,164.2),.PIECEWISE_BEZIER_KNOTS.);
#7069 = CARTESIAN_POINT('',(45.222844919101,-10.9));
#7070 = CARTESIAN_POINT('',(164.2,-10.9));
#7071 = ( GEOMETRIC_REPRESENTATION_CONTEXT(2) 
PARAMETRIC_REPRESENTATION_CONTEXT() REPRESENTATION_CONTEXT('2D SPACE',''
  ) );
#7072 = ORIENTED_EDGE('',*,*,#6388,.T.);
#7073 = ADVANCED_FACE('',(#7074),#6377,.F.);
#7074 = FACE_BOUND('',#7075,.F.);
#7075 = EDGE_LOOP('',(#7076,#7097,#7098,#7099));
#7076 = ORIENTED_EDGE('',*,*,#7077,.F.);
#7077 = EDGE_CURVE('',#6609,#6337,#7078,.T.);
#7078 = SURFACE_CURVE('',#7079,(#7083,#7090),.PCURVE_S1.);
#7079 = LINE('',#7080,#7081);
#7080 = CARTESIAN_POINT('',(7.5,44.5,-100.));
#7081 = VECTOR('',#7082,1.);
#7082 = DIRECTION('',(0.,0.,1.));
#7083 = PCURVE('',#6377,#7084);
#7084 = DEFINITIONAL_REPRESENTATION('',(#7085),#7089);
#7085 = LINE('',#7086,#7087);
#7086 = CARTESIAN_POINT('',(0.,0.));
#7087 = VECTOR('',#7088,1.);
#7088 = DIRECTION('',(1.,0.));
#7089 = ( GEOMETRIC_REPRESENTATION_CONTEXT(2) 
PARAMETRIC_REPRESENTATION_CONTEXT() REPRESENTATION_CONTEXT('2D SPACE',''
  ) );
#7090 = PCURVE('',#6351,#7091);
#7091 = DEFINITIONAL_REPRESENTATION('',(#7092),#7096);
#7092 = LINE('',#7093,#7094);
#7093 = CARTESIAN_POINT('',(0.,15.));
#7094 = VECTOR('',#7095,1.);
#7095 = DIRECTION('',(1.,0.));
#7096 = ( GEOMETRIC_REPRESENTATION_CONTEXT(2) 
PARAMETRIC_REPRESENTATION_CONTEXT() REPRESENTATION_CONTEXT('2D SPACE',''
  ) );
#7097 = ORIENTED_EDGE('',*,*,#6608,.F.);
#7098 = ORIENTED_EDGE('',*,*,#7054,.T.);
#7099 = ORIENTED_EDGE('',*,*,#6362,.T.);
#7100 = ADVANCED_FACE('',(#7101),#6351,.T.);
#7101 = FACE_BOUND('',#7102,.T.);
#7102 = EDGE_LOOP('',(#7103,#7104,#7105,#7106));
#7103 = ORIENTED_EDGE('',*,*,#7077,.F.);
#7104 = ORIENTED_EDGE('',*,*,#6629,.F.);
#7105 = ORIENTED_EDGE('',*,*,#6970,.F.);
#7106 = ORIENTED_EDGE('',*,*,#6336,.T.);
#7107 = ADVANCED_FACE('',(#7108),#6846,.T.);
#7108 = FACE_BOUND('',#7109,.F.);
#7109 = EDGE_LOOP('',(#7110));
#7110 = ORIENTED_EDGE('',*,*,#6831,.F.);
#7111 = ADVANCED_FACE('',(#7112,#7115),#6912,.T.);
#7112 = FACE_BOUND('',#7113,.T.);
#7113 = EDGE_LOOP('',(#7114));
#7114 = ORIENTED_EDGE('',*,*,#6868,.T.);
#7115 = FACE_BOUND('',#7116,.T.);
#7116 = EDGE_LOOP('',(#7117,#7175));
#7117 = ORIENTED_EDGE('',*,*,#7118,.F.);
#7118 = EDGE_CURVE('',#7119,#7121,#7123,.T.);
#7119 = VERTEX_POINT('',#7120);
#7120 = CARTESIAN_POINT('',(26.029229421792,-10.92574721043,
    28.078435024848));
#7121 = VERTEX_POINT('',#7122);
#7122 = CARTESIAN_POINT('',(26.029229421792,10.925747210436,
    28.078435024848));
#7123 = SURFACE_CURVE('',#7124,(#7129,#7136),.PCURVE_S1.);
#7124 = ELLIPSE('',#7125,27.563544270363,27.240149782484);
#7125 = AXIS2_PLACEMENT_3D('',#7126,#7127,#7128);
#7126 = CARTESIAN_POINT('',(23.302324106875,0.,2.976845022174));
#7127 = DIRECTION('',(0.994150963972,0.,-0.107999355706));
#7128 = DIRECTION('',(0.107999355706,0.,0.994150963972));
#7129 = PCURVE('',#6912,#7130);
#7130 = DEFINITIONAL_REPRESENTATION('',(#7131),#7135);
#7131 = ELLIPSE('',#7132,27.563544270363,27.240149782484);
#7132 = AXIS2_PLACEMENT_2D('',#7133,#7134);
#7133 = CARTESIAN_POINT('',(258.81545879184,-200.));
#7134 = DIRECTION('',(1.,0.));
#7135 = ( GEOMETRIC_REPRESENTATION_CONTEXT(2) 
PARAMETRIC_REPRESENTATION_CONTEXT() REPRESENTATION_CONTEXT('2D SPACE',''
  ) );
#7136 = PCURVE('',#7137,#7142);
#7137 = CONICAL_SURFACE('',#7138,17.5,0.785398163397);
#7138 = AXIS2_PLACEMENT_3D('',#7139,#7140,#7141);
#7139 = CARTESIAN_POINT('',(13.4,0.,0.));
#7140 = DIRECTION('',(1.,0.,0.));
#7141 = DIRECTION('',(-0.,0.,1.));
#7142 = DEFINITIONAL_REPRESENTATION('',(#7143),#7174);
#7143 = B_SPLINE_CURVE_WITH_KNOTS('',8,(#7144,#7145,#7146,#7147,#7148,
    #7149,#7150,#7151,#7152,#7153,#7154,#7155,#7156,#7157,#7158,#7159,
    #7160,#7161,#7162,#7163,#7164,#7165,#7166,#7167,#7168,#7169,#7170,
    #7171,#7172,#7173),.UNSPECIFIED.,.F.,.F.,(9,7,7,7,9),(0.41270626369,
    1.77714945864,2.800481854852,4.335480449171,5.87047904349),
  .UNSPECIFIED.);
#7144 = CARTESIAN_POINT('',(0.371087896775,12.629229421792));
#7145 = CARTESIAN_POINT('',(0.52528880779,12.425589296861));
#7146 = CARTESIAN_POINT('',(0.680680708666,12.131293420679));
#7147 = CARTESIAN_POINT('',(0.837904534355,11.755371931243));
#7148 = CARTESIAN_POINT('',(0.997564964874,11.312466318531));
#7149 = CARTESIAN_POINT('',(1.160208315315,10.822034498176));
#7150 = CARTESIAN_POINT('',(1.326268549587,10.306560822858));
#7151 = CARTESIAN_POINT('',(1.495998622962,9.789338646467));
#7152 = CARTESIAN_POINT('',(1.799458660173,8.91968386333));
#7153 = CARTESIAN_POINT('',(1.931580634987,8.558380544603));
#7154 = CARTESIAN_POINT('',(2.06577295861,8.217775641401));
#7155 = CARTESIAN_POINT('',(2.201962151596,7.906765178099));
#7156 = CARTESIAN_POINT('',(2.339983803354,7.633357422148));
#7157 = CARTESIAN_POINT('',(2.479578059481,7.404227208372));
#7158 = CARTESIAN_POINT('',(2.620401818888,7.224380522438));
#7159 = CARTESIAN_POINT('',(2.974557489628,6.905914312577));
#7160 = CARTESIAN_POINT('',(3.188937546034,6.832869941325));
#7161 = CARTESIAN_POINT('',(3.403882771941,6.88858010511));
#7162 = CARTESIAN_POINT('',(3.617829189436,7.074495856983));
#7163 = CARTESIAN_POINT('',(3.829186323848,7.381527923832));
#7164 = CARTESIAN_POINT('',(4.03682008784,7.790624350735));
#7165 = CARTESIAN_POINT('',(4.240087379485,8.275614354557));
#7166 = CARTESIAN_POINT('',(4.637453705657,9.337791552151));
#7167 = CARTESIAN_POINT('',(4.831552793405,9.914978958968));
#7168 = CARTESIAN_POINT('',(5.020850213896,10.508469537239));
#7169 = CARTESIAN_POINT('',(5.205555225722,11.084854001038));
#7170 = CARTESIAN_POINT('',(5.386235582475,11.610590528903));
#7171 = CARTESIAN_POINT('',(5.563637828748,12.056303454872));
#7172 = CARTESIAN_POINT('',(5.738621385513,12.400134281244));
#7173 = CARTESIAN_POINT('',(5.912097410405,12.629229421792));
#7174 = ( GEOMETRIC_REPRESENTATION_CONTEXT(2) 
PARAMETRIC_REPRESENTATION_CONTEXT() REPRESENTATION_CONTEXT('2D SPACE',''
  ) );
#7175 = ORIENTED_EDGE('',*,*,#7176,.F.);
#7176 = EDGE_CURVE('',#7121,#7119,#7177,.T.);
#7177 = SURFACE_CURVE('',#7178,(#7182,#7188),.PCURVE_S1.);
#7178 = LINE('',#7179,#7180);
#7179 = CARTESIAN_POINT('',(26.029229421792,-100.,28.078435024848));
#7180 = VECTOR('',#7181,1.);
#7181 = DIRECTION('',(0.,-1.,0.));
#7182 = PCURVE('',#6912,#7183);
#7183 = DEFINITIONAL_REPRESENTATION('',(#7184),#7187);
#7184 = B_SPLINE_CURVE_WITH_KNOTS('',1,(#7185,#7186),.UNSPECIFIED.,.F.,
  .F.,(2,2),(-130.1292294217,-69.8707705782),.PIECEWISE_BEZIER_KNOTS.);
#7185 = CARTESIAN_POINT('',(284.06473270732,-230.1292294217));
#7186 = CARTESIAN_POINT('',(284.06473270732,-169.8707705782));
#7187 = ( GEOMETRIC_REPRESENTATION_CONTEXT(2) 
PARAMETRIC_REPRESENTATION_CONTEXT() REPRESENTATION_CONTEXT('2D SPACE',''
  ) );
#7188 = PCURVE('',#7189,#7194);
#7189 = PLANE('',#7190);
#7190 = AXIS2_PLACEMENT_3D('',#7191,#7192,#7193);
#7191 = CARTESIAN_POINT('',(26.029229421792,0.,0.));
#7192 = DIRECTION('',(1.,0.,0.));
#7193 = DIRECTION('',(-0.,0.,1.));
#7194 = DEFINITIONAL_REPRESENTATION('',(#7195),#7198);
#7195 = B_SPLINE_CURVE_WITH_KNOTS('',1,(#7196,#7197),.UNSPECIFIED.,.F.,
  .F.,(2,2),(-130.1292294217,-69.8707705782),.PIECEWISE_BEZIER_KNOTS.);
#7196 = CARTESIAN_POINT('',(28.078435024848,-30.12922942179));
#7197 = CARTESIAN_POINT('',(28.078435024848,30.129229421792));
#7198 = ( GEOMETRIC_REPRESENTATION_CONTEXT(2) 
PARAMETRIC_REPRESENTATION_CONTEXT() REPRESENTATION_CONTEXT('2D SPACE',''
  ) );
#7199 = ADVANCED_FACE('',(#7200),#7137,.F.);
#7200 = FACE_BOUND('',#7201,.F.);
#7201 = EDGE_LOOP('',(#7202,#7227,#7249,#7250,#7272,#7273));
#7202 = ORIENTED_EDGE('',*,*,#7203,.T.);
#7203 = EDGE_CURVE('',#7204,#7206,#7208,.T.);
#7204 = VERTEX_POINT('',#7205);
#7205 = CARTESIAN_POINT('',(13.4,4.286263797016E-15,17.5));
#7206 = VERTEX_POINT('',#7207);
#7207 = CARTESIAN_POINT('',(26.029229421792,7.379532874435E-15,
    30.129229421791));
#7208 = SEAM_CURVE('',#7209,(#7213,#7220),.PCURVE_S1.);
#7209 = LINE('',#7210,#7211);
#7210 = CARTESIAN_POINT('',(13.4,4.286263797016E-15,17.5));
#7211 = VECTOR('',#7212,1.);
#7212 = DIRECTION('',(0.707106781187,1.731912112471E-16,0.707106781187)
  );
#7213 = PCURVE('',#7137,#7214);
#7214 = DEFINITIONAL_REPRESENTATION('',(#7215),#7219);
#7215 = LINE('',#7216,#7217);
#7216 = CARTESIAN_POINT('',(6.28318530718,-0.));
#7217 = VECTOR('',#7218,1.);
#7218 = DIRECTION('',(0.,1.));
#7219 = ( GEOMETRIC_REPRESENTATION_CONTEXT(2) 
PARAMETRIC_REPRESENTATION_CONTEXT() REPRESENTATION_CONTEXT('2D SPACE',''
  ) );
#7220 = PCURVE('',#7137,#7221);
#7221 = DEFINITIONAL_REPRESENTATION('',(#7222),#7226);
#7222 = LINE('',#7223,#7224);
#7223 = CARTESIAN_POINT('',(0.,-0.));
#7224 = VECTOR('',#7225,1.);
#7225 = DIRECTION('',(0.,1.));
#7226 = ( GEOMETRIC_REPRESENTATION_CONTEXT(2) 
PARAMETRIC_REPRESENTATION_CONTEXT() REPRESENTATION_CONTEXT('2D SPACE',''
  ) );
#7227 = ORIENTED_EDGE('',*,*,#7228,.F.);
#7228 = EDGE_CURVE('',#7121,#7206,#7229,.T.);
#7229 = SURFACE_CURVE('',#7230,(#7235,#7242),.PCURVE_S1.);
#7230 = CIRCLE('',#7231,30.129229421791);
#7231 = AXIS2_PLACEMENT_3D('',#7232,#7233,#7234);
#7232 = CARTESIAN_POINT('',(26.029229421792,0.,0.));
#7233 = DIRECTION('',(1.,0.,0.));
#7234 = DIRECTION('',(-0.,0.,1.));
#7235 = PCURVE('',#7137,#7236);
#7236 = DEFINITIONAL_REPRESENTATION('',(#7237),#7241);
#7237 = LINE('',#7238,#7239);
#7238 = CARTESIAN_POINT('',(0.,12.629229421792));
#7239 = VECTOR('',#7240,1.);
#7240 = DIRECTION('',(1.,0.));
#7241 = ( GEOMETRIC_REPRESENTATION_CONTEXT(2) 
PARAMETRIC_REPRESENTATION_CONTEXT() REPRESENTATION_CONTEXT('2D SPACE',''
  ) );
#7242 = PCURVE('',#7189,#7243);
#7243 = DEFINITIONAL_REPRESENTATION('',(#7244),#7248);
#7244 = CIRCLE('',#7245,30.129229421791);
#7245 = AXIS2_PLACEMENT_2D('',#7246,#7247);
#7246 = CARTESIAN_POINT('',(0.,0.));
#7247 = DIRECTION('',(1.,0.));
#7248 = ( GEOMETRIC_REPRESENTATION_CONTEXT(2) 
PARAMETRIC_REPRESENTATION_CONTEXT() REPRESENTATION_CONTEXT('2D SPACE',''
  ) );
#7249 = ORIENTED_EDGE('',*,*,#7118,.F.);
#7250 = ORIENTED_EDGE('',*,*,#7251,.F.);
#7251 = EDGE_CURVE('',#7206,#7119,#7252,.T.);
#7252 = SURFACE_CURVE('',#7253,(#7258,#7265),.PCURVE_S1.);
#7253 = CIRCLE('',#7254,30.129229421791);
#7254 = AXIS2_PLACEMENT_3D('',#7255,#7256,#7257);
#7255 = CARTESIAN_POINT('',(26.029229421792,0.,0.));
#7256 = DIRECTION('',(1.,0.,0.));
#7257 = DIRECTION('',(-0.,0.,1.));
#7258 = PCURVE('',#7137,#7259);
#7259 = DEFINITIONAL_REPRESENTATION('',(#7260),#7264);
#7260 = LINE('',#7261,#7262);
#7261 = CARTESIAN_POINT('',(0.,12.629229421792));
#7262 = VECTOR('',#7263,1.);
#7263 = DIRECTION('',(1.,0.));
#7264 = ( GEOMETRIC_REPRESENTATION_CONTEXT(2) 
PARAMETRIC_REPRESENTATION_CONTEXT() REPRESENTATION_CONTEXT('2D SPACE',''
  ) );
#7265 = PCURVE('',#7189,#7266);
#7266 = DEFINITIONAL_REPRESENTATION('',(#7267),#7271);
#7267 = CIRCLE('',#7268,30.129229421791);
#7268 = AXIS2_PLACEMENT_2D('',#7269,#7270);
#7269 = CARTESIAN_POINT('',(0.,0.));
#7270 = DIRECTION('',(1.,0.));
#7271 = ( GEOMETRIC_REPRESENTATION_CONTEXT(2) 
PARAMETRIC_REPRESENTATION_CONTEXT() REPRESENTATION_CONTEXT('2D SPACE',''
  ) );
#7272 = ORIENTED_EDGE('',*,*,#7203,.F.);
#7273 = ORIENTED_EDGE('',*,*,#7274,.T.);
#7274 = EDGE_CURVE('',#7204,#7204,#7275,.T.);
#7275 = SURFACE_CURVE('',#7276,(#7281,#7288),.PCURVE_S1.);
#7276 = CIRCLE('',#7277,17.5);
#7277 = AXIS2_PLACEMENT_3D('',#7278,#7279,#7280);
#7278 = CARTESIAN_POINT('',(13.4,0.,0.));
#7279 = DIRECTION('',(1.,0.,0.));
#7280 = DIRECTION('',(-0.,0.,1.));
#7281 = PCURVE('',#7137,#7282);
#7282 = DEFINITIONAL_REPRESENTATION('',(#7283),#7287);
#7283 = LINE('',#7284,#7285);
#7284 = CARTESIAN_POINT('',(0.,0.));
#7285 = VECTOR('',#7286,1.);
#7286 = DIRECTION('',(1.,0.));
#7287 = ( GEOMETRIC_REPRESENTATION_CONTEXT(2) 
PARAMETRIC_REPRESENTATION_CONTEXT() REPRESENTATION_CONTEXT('2D SPACE',''
  ) );
#7288 = PCURVE('',#7289,#7294);
#7289 = PLANE('',#7290);
#7290 = AXIS2_PLACEMENT_3D('',#7291,#7292,#7293);
#7291 = CARTESIAN_POINT('',(13.4,0.,0.));
#7292 = DIRECTION('',(1.,0.,0.));
#7293 = DIRECTION('',(-0.,0.,1.));
#7294 = DEFINITIONAL_REPRESENTATION('',(#7295),#7299);
#7295 = CIRCLE('',#7296,17.5);
#7296 = AXIS2_PLACEMENT_2D('',#7297,#7298);
#7297 = CARTESIAN_POINT('',(0.,0.));
#7298 = DIRECTION('',(1.,0.));
#7299 = ( GEOMETRIC_REPRESENTATION_CONTEXT(2) 
PARAMETRIC_REPRESENTATION_CONTEXT() REPRESENTATION_CONTEXT('2D SPACE',''
  ) );
#7300 = ADVANCED_FACE('',(#7301),#7189,.F.);
#7301 = FACE_BOUND('',#7302,.F.);
#7302 = EDGE_LOOP('',(#7303,#7304,#7305));
#7303 = ORIENTED_EDGE('',*,*,#7228,.T.);
#7304 = ORIENTED_EDGE('',*,*,#7251,.T.);
#7305 = ORIENTED_EDGE('',*,*,#7176,.F.);
#7306 = ADVANCED_FACE('',(#7307),#7289,.T.);
#7307 = FACE_BOUND('',#7308,.F.);
#7308 = EDGE_LOOP('',(#7309));
#7309 = ORIENTED_EDGE('',*,*,#7274,.F.);
#7310 = ( GEOMETRIC_REPRESENTATION_CONTEXT(3) 
GLOBAL_UNCERTAINTY_ASSIGNED_CONTEXT((#7314)) 
GLOBAL_UNIT_ASSIGNED_CONTEXT((#7311,#7312,#7313)) REPRESENTATION_CONTEXT
('Context #1','3D Context with UNIT and UNCERTAINTY') );
#7311 = ( LENGTH_UNIT() NAMED_UNIT(*) SI_UNIT(.MILLI.,.METRE.) );
#7312 = ( NAMED_UNIT(*) PLANE_ANGLE_UNIT() SI_UNIT($,.RADIAN.) );
#7313 = ( NAMED_UNIT(*) SI_UNIT($,.STERADIAN.) SOLID_ANGLE_UNIT() );
#7314 = UNCERTAINTY_MEASURE_WITH_UNIT(LENGTH_MEASURE(2.E-07),#7311,
  'distance_accuracy_value','confusion accuracy');
#7315 = PRODUCT_RELATED_PRODUCT_CATEGORY('part',$,(#7));
ENDSEC;
END-ISO-10303-21;
