ISO-10303-21;
HEADER;
FILE_DESCRIPTION(('Open CASCADE Model'),'2;1');
FILE_NAME('Open CASCADE Shape Model','2026-09-23T09:53:12',('Author'),(
    'Open CASCADE'),'Open CASCADE STEP processor 7.9','Open CASCADE 7.9'
  ,'Unknown');
FILE_SCHEMA(('AUTOMOTIVE_DESIGN { 1 0 10303 214 1 1 1 1 }'));
ENDSEC;
DATA;
#1 = APPLICATION_PROTOCOL_DEFINITION('international standard',
  'automotive_design',2000,#2);
#2 = APPLICATION_CONTEXT(
  'core data for automotive mechanical design processes');
#3 = SHAPE_DEFINITION_REPRESENTATION(#4,#10);
#4 = PRODUCT_DEFINITION_SHAPE('','',#5);
#5 = PRODUCT_DEFINITION('design','',#6,#9);
#6 = PRODUCT_DEFINITION_FORMATION('','',#7);
#7 = PRODUCT('Open CASCADE STEP translator 7.9 2',
  'Open CASCADE STEP translator 7.9 2','',(#8));
#8 = PRODUCT_CONTEXT('',#2,'mechanical');
#9 = PRODUCT_DEFINITION_CONTEXT('part definition',#2,'design');
#10 = ADVANCED_BREP_SHAPE_REPRESENTATION('',(#11,#15),#2759);
#11 = AXIS2_PLACEMENT_3D('',#12,#13,#14);
#12 = CARTESIAN_POINT('',(0.,0.,0.));
#13 = DIRECTION('',(0.,0.,1.));
#14 = DIRECTION('',(1.,0.,-0.));
#15 = MANIFOLD_SOLID_BREP('',#16);
#16 = CLOSED_SHELL('',(#17,#1353,#1388,#1944,#1974,#2704));
#17 = ADVANCED_FACE('',(#18,#696),#31,.T.);
#18 = FACE_BOUND('',#19,.T.);
#19 = EDGE_LOOP('',(#20,#54,#77,#354,#377,#404,#405,#533,#695));
#20 = ORIENTED_EDGE('',*,*,#21,.T.);
#21 = EDGE_CURVE('',#22,#22,#24,.T.);
#22 = VERTEX_POINT('',#23);
#23 = CARTESIAN_POINT('',(-1.628780242866E-14,-70.,333.7));
#24 = SURFACE_CURVE('',#25,(#30,#42),.PCURVE_S1.);
#25 = CIRCLE('',#26,66.5);
#26 = AXIS2_PLACEMENT_3D('',#27,#28,#29);
#27 = CARTESIAN_POINT('',(0.,-70.,267.2));
#28 = DIRECTION('',(0.,1.,0.));
#29 = DIRECTION('',(0.,-0.,1.));
#30 = PCURVE('',#31,#36);
#31 = CYLINDRICAL_SURFACE('',#32,66.5);
#32 = AXIS2_PLACEMENT_3D('',#33,#34,#35);
#33 = CARTESIAN_POINT('',(0.,-70.,267.2));
#34 = DIRECTION('',(0.,1.,0.));
#35 = DIRECTION('',(0.,-0.,1.));
#36 = DEFINITIONAL_REPRESENTATION('',(#37),#41);
#37 = LINE('',#38,#39);
#38 = CARTESIAN_POINT('',(0.,0.));
#39 = VECTOR('',#40,1.);
#40 = DIRECTION('',(1.,0.));
#41 = ( GEOMETRIC_REPRESENTATION_CONTEXT(2) 
PARAMETRIC_REPRESENTATION_CONTEXT() REPRESENTATION_CONTEXT('2D SPACE',''
  ) );
#42 = PCURVE('',#43,#48);
#43 = PLANE('',#44);
#44 = AXIS2_PLACEMENT_3D('',#45,#46,#47);
#45 = CARTESIAN_POINT('',(0.,-70.,267.2));
#46 = DIRECTION('',(0.,1.,0.));
#47 = DIRECTION('',(0.,-0.,1.));
#48 = DEFINITIONAL_REPRESENTATION('',(#49),#53);
#49 = CIRCLE('',#50,66.5);
#50 = AXIS2_PLACEMENT_2D('',#51,#52);
#51 = CARTESIAN_POINT('',(0.,0.));
#52 = DIRECTION('',(1.,0.));
#53 = ( GEOMETRIC_REPRESENTATION_CONTEXT(2) 
PARAMETRIC_REPRESENTATION_CONTEXT() REPRESENTATION_CONTEXT('2D SPACE',''
  ) );
#54 = ORIENTED_EDGE('',*,*,#55,.T.);
#55 = EDGE_CURVE('',#22,#56,#58,.T.);
#56 = VERTEX_POINT('',#57);
#57 = CARTESIAN_POINT('',(-1.628780242866E-14,-50.,333.7));
#58 = SEAM_CURVE('',#59,(#63,#70),.PCURVE_S1.);
#59 = LINE('',#60,#61);
#60 = CARTESIAN_POINT('',(-1.628780242866E-14,-70.,333.7));
#61 = VECTOR('',#62,1.);
#62 = DIRECTION('',(0.,1.,0.));
#63 = PCURVE('',#31,#64);
#64 = DEFINITIONAL_REPRESENTATION('',(#65),#69);
#65 = LINE('',#66,#67);
#66 = CARTESIAN_POINT('',(0.,-0.));
#67 = VECTOR('',#68,1.);
#68 = DIRECTION('',(0.,1.));
#69 = ( GEOMETRIC_REPRESENTATION_CONTEXT(2) 
PARAMETRIC_REPRESENTATION_CONTEXT() REPRESENTATION_CONTEXT('2D SPACE',''
  ) );
#70 = PCURVE('',#31,#71);
#71 = DEFINITIONAL_REPRESENTATION('',(#72),#76);
#72 = LINE('',#73,#74);
#73 = CARTESIAN_POINT('',(6.28318530718,-0.));
#74 = VECTOR('',#75,1.);
#75 = DIRECTION('',(0.,1.));
#76 = ( GEOMETRIC_REPRESENTATION_CONTEXT(2) 
PARAMETRIC_REPRESENTATION_CONTEXT() REPRESENTATION_CONTEXT('2D SPACE',''
  ) );
#77 = ORIENTED_EDGE('',*,*,#78,.F.);
#78 = EDGE_CURVE('',#79,#56,#81,.T.);
#79 = VERTEX_POINT('',#80);
#80 = CARTESIAN_POINT('',(-1.628780242866E-14,50.,333.7));
#81 = SURFACE_CURVE('',#82,(#169,#259),.PCURVE_S1.);
#82 = B_SPLINE_CURVE_WITH_KNOTS('',7,(#83,#84,#85,#86,#87,#88,#89,#90,
    #91,#92,#93,#94,#95,#96,#97,#98,#99,#100,#101,#102,#103,#104,#105,
    #106,#107,#108,#109,#110,#111,#112,#113,#114,#115,#116,#117,#118,
    #119,#120,#121,#122,#123,#124,#125,#126,#127,#128,#129,#130,#131,
    #132,#133,#134,#135,#136,#137,#138,#139,#140,#141,#142,#143,#144,
    #145,#146,#147,#148,#149,#150,#151,#152,#153,#154,#155,#156,#157,
    #158,#159,#160,#161,#162,#163,#164,#165,#166,#167,#168),
  .UNSPECIFIED.,.F.,.F.,(8,6,6,6,6,6,6,6,6,6,6,6,6,6,8),(0.,
    6.144356853887E-02,0.100471898026,0.149529049373,0.284997688092,
    0.403367890141,0.49930133155,0.499603985118,0.499917447496,
    0.596564187227,0.715228199452,0.850272380585,0.89996435249,
    0.938553011644,1.),.UNSPECIFIED.);
#83 = CARTESIAN_POINT('',(0.,50.,333.7));
#84 = CARTESIAN_POINT('',(-1.788069342428,50.,333.7));
#85 = CARTESIAN_POINT('',(-3.572950368491,49.92539858132,333.64390866537
    ));
#86 = CARTESIAN_POINT('',(-5.345422618147,49.776676069839,
    333.53208737277));
#87 = CARTESIAN_POINT('',(-7.096314207727,49.555913854822,
    333.36632974648));
#88 = CARTESIAN_POINT('',(-8.816572347933,49.266789273422,
    333.14985137472));
#89 = CARTESIAN_POINT('',(-10.49732898139,48.914601697751,
    332.88723857089));
#90 = CARTESIAN_POINT('',(-13.16699312721,48.246999685187,
    332.39196836706));
#91 = CARTESIAN_POINT('',(-14.18583707273,47.964734050614,
    332.18310509973));
#92 = CARTESIAN_POINT('',(-15.18592755201,47.660792346799,
    331.95887911736));
#93 = CARTESIAN_POINT('',(-16.16674209269,47.336444121812,
    331.72042322499));
#94 = CARTESIAN_POINT('',(-17.12780153326,46.992971555791,
    331.46888668577));
#95 = CARTESIAN_POINT('',(-18.06866998206,46.631671970976,
    331.20543161368));
#96 = CARTESIAN_POINT('',(-20.14571836335,45.778965245768,
    330.58656739009));
#97 = CARTESIAN_POINT('',(-21.27026183366,45.277858279191,
    330.22483539405));
#98 = CARTESIAN_POINT('',(-22.36296624906,44.752636546955,
    329.84798894526));
#99 = CARTESIAN_POINT('',(-23.42429797861,44.205212362208,
    329.45785107539));
#100 = CARTESIAN_POINT('',(-24.45479384816,43.637320869604,
    329.05611727696));
#101 = CARTESIAN_POINT('',(-25.4550462901,43.050527668633,
    328.64436049969));
#102 = CARTESIAN_POINT('',(-29.10606381716,40.777519271375,
    327.06333344961));
#103 = CARTESIAN_POINT('',(-31.56499344857,38.972662297898,
    325.83541638275));
#104 = CARTESIAN_POINT('',(-33.81684078133,37.05896598401,
    324.56954297237));
#105 = CARTESIAN_POINT('',(-35.87696929747,35.054291200611,
    323.2885093317));
#106 = CARTESIAN_POINT('',(-37.75993928111,32.968606626966,
    322.01035437112));
#107 = CARTESIAN_POINT('',(-39.47788448906,30.80528669595,
    320.75075281736));
#108 = CARTESIAN_POINT('',(-42.40319920244,26.602091931257,
    318.45645516292));
#109 = CARTESIAN_POINT('',(-43.64702449443,24.58198876537,
    317.41392390992));
#110 = CARTESIAN_POINT('',(-44.77318140775,22.504840550691,
    316.41218889371));
#111 = CARTESIAN_POINT('',(-45.7826382178,20.372671707248,
    315.46562591839));
#112 = CARTESIAN_POINT('',(-46.67499112423,18.186751950916,
    314.5899791209));
#113 = CARTESIAN_POINT('',(-47.44850079264,15.947508336866,
    313.80234545368));
#114 = CARTESIAN_POINT('',(-48.62713942072,11.795518652886,
    312.56777627958));
#115 = CARTESIAN_POINT('',(-49.07528988589,9.897863354324,
    312.08352820811));
#116 = CARTESIAN_POINT('',(-49.43866254827,7.970482369987,
    311.68053561639));
#117 = CARTESIAN_POINT('',(-49.71430738705,6.021055187833,
    311.36919989925));
#118 = CARTESIAN_POINT('',(-49.90048231082,4.055851340071,
    311.15696119705));
#119 = CARTESIAN_POINT('',(-49.99597568126,2.080179251723,
    311.04806097354));
#120 = CARTESIAN_POINT('',(-49.99991419789,9.284000200486E-02,
    311.04356942818));
#121 = CARTESIAN_POINT('',(-49.9999256727,8.659000165369E-02,
    311.04355634211));
#122 = CARTESIAN_POINT('',(-49.99993623605,8.03399983372E-02,
    311.04354429548));
#123 = CARTESIAN_POINT('',(-49.99994588795,7.408999234249E-02,
    311.04353328829));
#124 = CARTESIAN_POINT('',(-49.99995462839,6.783998395673E-02,
    311.04352332054));
#125 = CARTESIAN_POINT('',(-49.99996245736,6.158997346725E-02,
    311.04351439223));
#126 = CARTESIAN_POINT('',(-49.99997653943,4.886673919129E-02,
    311.04349833277));
#127 = CARTESIAN_POINT('',(-49.99998272627,4.23935152723E-02,
    311.04349127718));
#128 = CARTESIAN_POINT('',(-49.99998793538,3.592028972383E-02,
    311.04348533661));
#129 = CARTESIAN_POINT('',(-49.99999216675,2.94470628651E-02,
    311.04348051106));
#130 = CARTESIAN_POINT('',(-49.9999954204,2.297383501522E-02,
    311.04347680053));
#131 = CARTESIAN_POINT('',(-49.99999769632,1.650060649316E-02,
    311.04347420503));
#132 = CARTESIAN_POINT('',(-50.0003992526,-1.985798943956,
    311.04301626198));
#133 = CARTESIAN_POINT('',(-49.90785419636,-3.976465563089,
    311.14855670857));
#134 = CARTESIAN_POINT('',(-49.72323153543,-5.956769218865,
    311.35911144474));
#135 = CARTESIAN_POINT('',(-49.44775786867,-7.921259537638,
    311.67043863518));
#136 = CARTESIAN_POINT('',(-49.08318403475,-9.863506930506,
    312.07497243486));
#137 = CARTESIAN_POINT('',(-48.63252978203,-11.77562642975,
    312.56208813218));
#138 = CARTESIAN_POINT('',(-47.4489326431,-15.94709324097,
    313.80194451985));
#139 = CARTESIAN_POINT('',(-46.67352864953,-18.19173859956,
    314.59153091908));
#140 = CARTESIAN_POINT('',(-45.77871261886,-20.38280188867,
    315.46954458806));
#141 = CARTESIAN_POINT('',(-44.76623283459,-22.51985545055,
    316.41876569526));
#142 = CARTESIAN_POINT('',(-43.63648920065,-24.60162087575,
    317.42334238401));
#143 = CARTESIAN_POINT('',(-42.38849501852,-26.62605812336,
    318.46880501184));
#144 = CARTESIAN_POINT('',(-39.46168300797,-30.82529145019,
    320.76251661821));
#145 = CARTESIAN_POINT('',(-37.74796555515,-32.98113471747,
    322.01821805669));
#146 = CARTESIAN_POINT('',(-35.87020923716,-35.05979926189,
    323.2922597259));
#147 = CARTESIAN_POINT('',(-33.81638667159,-37.05792237102,
    324.56910612989));
#148 = CARTESIAN_POINT('',(-31.57207737966,-38.96562553344,
    325.83088340484));
#149 = CARTESIAN_POINT('',(-29.12206593942,-40.76523726971,
    327.05502355441));
#150 = CARTESIAN_POINT('',(-25.46966186717,-43.04226637999,
    328.6385300447));
#151 = CARTESIAN_POINT('',(-24.45683586488,-43.6368401915,
    329.05571650176));
#152 = CARTESIAN_POINT('',(-23.41298376625,-44.21203418453,
    329.4626318647));
#153 = CARTESIAN_POINT('',(-22.33749202635,-44.76622053012,
    329.85764091437));
#154 = CARTESIAN_POINT('',(-21.22980555936,-45.29759348918,
    330.23897979645));
#155 = CARTESIAN_POINT('',(-20.08944354794,-45.80416122369,
    330.60475070014));
#156 = CARTESIAN_POINT('',(-18.00478104742,-46.65615610774,
    331.22328722833));
#157 = CARTESIAN_POINT('',(-17.07343303062,-47.01236858222,
    331.4830929682));
#158 = CARTESIAN_POINT('',(-16.12235770843,-47.35110138946,
    331.73119960635));
#159 = CARTESIAN_POINT('',(-15.1519829411,-47.67109850945,
    331.96648247923));
#160 = CARTESIAN_POINT('',(-14.16277797428,-47.97111916077,
    332.18782983896));
#161 = CARTESIAN_POINT('',(-13.15525347036,-48.24993541721,
    332.3941462823));
#162 = CARTESIAN_POINT('',(-10.49732898139,-48.91460169775,
    332.88723857089));
#163 = CARTESIAN_POINT('',(-8.816572347934,-49.26678927342,
    333.14985137472));
#164 = CARTESIAN_POINT('',(-7.09631420773,-49.55591385482,
    333.36632974648));
#165 = CARTESIAN_POINT('',(-5.345422618148,-49.77667606983,
    333.53208737277));
#166 = CARTESIAN_POINT('',(-3.57295036849,-49.92539858131,
    333.64390866537));
#167 = CARTESIAN_POINT('',(-1.78806934243,-50.,333.7));
#168 = CARTESIAN_POINT('',(-1.42108547152E-14,-50.,333.7));
#169 = PCURVE('',#31,#170);
#170 = DEFINITIONAL_REPRESENTATION('',(#171),#258);
#171 = B_SPLINE_CURVE_WITH_KNOTS('',7,(#172,#173,#174,#175,#176,#177,
    #178,#179,#180,#181,#182,#183,#184,#185,#186,#187,#188,#189,#190,
    #191,#192,#193,#194,#195,#196,#197,#198,#199,#200,#201,#202,#203,
    #204,#205,#206,#207,#208,#209,#210,#211,#212,#213,#214,#215,#216,
    #217,#218,#219,#220,#221,#222,#223,#224,#225,#226,#227,#228,#229,
    #230,#231,#232,#233,#234,#235,#236,#237,#238,#239,#240,#241,#242,
    #243,#244,#245,#246,#247,#248,#249,#250,#251,#252,#253,#254,#255,
    #256,#257),.UNSPECIFIED.,.F.,.F.,(8,6,6,6,6,6,6,6,6,6,6,6,6,6,8),(0.
    ,6.144356853887E-02,0.100471898026,0.149529049373,0.284997688092,
    0.403367890141,0.49930133155,0.499603985118,0.499917447496,
    0.596564187227,0.715228199452,0.850272380585,0.89996435249,
    0.938553011644,1.),.UNSPECIFIED.);
#172 = CARTESIAN_POINT('',(6.28318530718,120.));
#173 = CARTESIAN_POINT('',(6.256297046391,120.));
#174 = CARTESIAN_POINT('',(6.229456726011,119.92539858132));
#175 = CARTESIAN_POINT('',(6.202771271028,119.77667606983));
#176 = CARTESIAN_POINT('',(6.176347310091,119.55591385482));
#177 = CARTESIAN_POINT('',(6.150293551356,119.26678927342));
#178 = CARTESIAN_POINT('',(6.124722701533,118.91460169775));
#179 = CARTESIAN_POINT('',(6.083892382145,118.24699968518));
#180 = CARTESIAN_POINT('',(6.068255555687,117.96473405061));
#181 = CARTESIAN_POINT('',(6.052847347501,117.66079234679));
#182 = CARTESIAN_POINT('',(6.037672903321,117.33644412181));
#183 = CARTESIAN_POINT('',(6.022737596945,116.99297155579));
#184 = CARTESIAN_POINT('',(6.008047011329,116.63167197097));
#185 = CARTESIAN_POINT('',(5.975456264187,115.77896524576));
#186 = CARTESIAN_POINT('',(5.957696647903,115.27785827919));
#187 = CARTESIAN_POINT('',(5.940321220527,114.75263654695));
#188 = CARTESIAN_POINT('',(5.923323202464,114.2052123622));
#189 = CARTESIAN_POINT('',(5.906695875543,113.6373208696));
#190 = CARTESIAN_POINT('',(5.890432573753,113.05052766863));
#191 = CARTESIAN_POINT('',(5.830603402207,110.77751927137));
#192 = CARTESIAN_POINT('',(5.789334281274,108.97266229789));
#193 = CARTESIAN_POINT('',(5.750557544485,107.05896598401));
#194 = CARTESIAN_POINT('',(5.714134220647,105.05429120061));
#195 = CARTESIAN_POINT('',(5.679949119104,102.96860662696));
#196 = CARTESIAN_POINT('',(5.647932241802,100.80528669595));
#197 = CARTESIAN_POINT('',(5.592027029995,96.602091931257));
#198 = CARTESIAN_POINT('',(5.567634620793,94.58198876537));
#199 = CARTESIAN_POINT('',(5.544984189608,92.504840550691));
#200 = CARTESIAN_POINT('',(5.524185466272,90.372671707248));
#201 = CARTESIAN_POINT('',(5.505390496787,88.186751950916));
#202 = CARTESIAN_POINT('',(5.488791550193,85.947508336866));
#203 = CARTESIAN_POINT('',(5.463124575022,81.795518652886));
#204 = CARTESIAN_POINT('',(5.45320400319,79.897863354324));
#205 = CARTESIAN_POINT('',(5.445044955499,77.970482369987));
#206 = CARTESIAN_POINT('',(5.438792119539,76.021055187833));
#207 = CARTESIAN_POINT('',(5.434546583941,74.055851340071));
#208 = CARTESIAN_POINT('',(5.432368580793,72.080179251723));
#209 = CARTESIAN_POINT('',(5.432278749709,70.092840002005));
#210 = CARTESIAN_POINT('',(5.432278487988,70.086590001654));
#211 = CARTESIAN_POINT('',(5.432278247055,70.080339998337));
#212 = CARTESIAN_POINT('',(5.432278026911,70.074089992342));
#213 = CARTESIAN_POINT('',(5.432277827556,70.067839983957));
#214 = CARTESIAN_POINT('',(5.432277648989,70.061589973467));
#215 = CARTESIAN_POINT('',(5.4322773278,70.048866739191));
#216 = CARTESIAN_POINT('',(5.432277186688,70.042393515272));
#217 = CARTESIAN_POINT('',(5.432277067877,70.035920289724));
#218 = CARTESIAN_POINT('',(5.432276971366,70.029447062865));
#219 = CARTESIAN_POINT('',(5.432276897155,70.022973835015));
#220 = CARTESIAN_POINT('',(5.432276845245,70.016500606493));
#221 = CARTESIAN_POINT('',(5.432267686384,68.014201056044));
#222 = CARTESIAN_POINT('',(5.434378495716,66.023534436911));
#223 = CARTESIAN_POINT('',(5.438589517715,64.043230781135));
#224 = CARTESIAN_POINT('',(5.444840682096,62.078740462362));
#225 = CARTESIAN_POINT('',(5.453028941844,60.136493069494));
#226 = CARTESIAN_POINT('',(5.463006733444,58.224373570241));
#227 = CARTESIAN_POINT('',(5.488782705048,54.052906759024));
#228 = CARTESIAN_POINT('',(5.505422552632,51.808261400435));
#229 = CARTESIAN_POINT('',(5.524268848311,49.617198111329));
#230 = CARTESIAN_POINT('',(5.545127979847,47.480144549442));
#231 = CARTESIAN_POINT('',(5.567846978215,45.398379124247));
#232 = CARTESIAN_POINT('',(5.592315623876,43.373941876631));
#233 = CARTESIAN_POINT('',(5.648233117748,39.174708549808));
#234 = CARTESIAN_POINT('',(5.680164163736,37.018865282528));
#235 = CARTESIAN_POINT('',(5.714249964068,34.940200738105));
#236 = CARTESIAN_POINT('',(5.750560027433,32.942077628971));
#237 = CARTESIAN_POINT('',(5.789208464856,31.034374466551));
#238 = CARTESIAN_POINT('',(5.830332922926,29.234762730283));
#239 = CARTESIAN_POINT('',(5.89019604966,26.957733620008));
#240 = CARTESIAN_POINT('',(5.906665174066,26.363159808492));
#241 = CARTESIAN_POINT('',(5.923507746817,25.787965815469));
#242 = CARTESIAN_POINT('',(5.940730655826,25.233779469877));
#243 = CARTESIAN_POINT('',(5.958340847153,24.702406510815));
#244 = CARTESIAN_POINT('',(5.976345334917,24.195838776306));
#245 = CARTESIAN_POINT('',(6.009044427191,23.343843892254));
#246 = CARTESIAN_POINT('',(6.023582421303,22.987631417775));
#247 = CARTESIAN_POINT('',(6.03835953724,22.648898610537));
#248 = CARTESIAN_POINT('',(6.053370303644,22.328901490543));
#249 = CARTESIAN_POINT('',(6.06860945134,22.028880839227));
#250 = CARTESIAN_POINT('',(6.08407193055,21.750064582784));
#251 = CARTESIAN_POINT('',(6.124722701533,21.08539830225));
#252 = CARTESIAN_POINT('',(6.150293551356,20.733210726579));
#253 = CARTESIAN_POINT('',(6.176347310091,20.444086145178));
#254 = CARTESIAN_POINT('',(6.202771271028,20.223323930161));
#255 = CARTESIAN_POINT('',(6.229456726011,20.074601418681));
#256 = CARTESIAN_POINT('',(6.256297046391,20.));
#257 = CARTESIAN_POINT('',(6.28318530718,20.));
#258 = ( GEOMETRIC_REPRESENTATION_CONTEXT(2) 
PARAMETRIC_REPRESENTATION_CONTEXT() REPRESENTATION_CONTEXT('2D SPACE',''
  ) );
#259 = PCURVE('',#260,#265);
#260 = CYLINDRICAL_SURFACE('',#261,50.);
#261 = AXIS2_PLACEMENT_3D('',#262,#263,#264);
#262 = CARTESIAN_POINT('',(0.,0.,267.2));
#263 = DIRECTION('',(0.,0.,1.));
#264 = DIRECTION('',(1.,0.,-0.));
#265 = DEFINITIONAL_REPRESENTATION('',(#266),#353);
#266 = B_SPLINE_CURVE_WITH_KNOTS('',7,(#267,#268,#269,#270,#271,#272,
    #273,#274,#275,#276,#277,#278,#279,#280,#281,#282,#283,#284,#285,
    #286,#287,#288,#289,#290,#291,#292,#293,#294,#295,#296,#297,#298,
    #299,#300,#301,#302,#303,#304,#305,#306,#307,#308,#309,#310,#311,
    #312,#313,#314,#315,#316,#317,#318,#319,#320,#321,#322,#323,#324,
    #325,#326,#327,#328,#329,#330,#331,#332,#333,#334,#335,#336,#337,
    #338,#339,#340,#341,#342,#343,#344,#345,#346,#347,#348,#349,#350,
    #351,#352),.UNSPECIFIED.,.F.,.F.,(8,6,6,6,6,6,6,6,6,6,6,6,6,6,8),(0.
    ,6.144356853887E-02,0.100471898026,0.149529049373,0.284997688092,
    0.403367890141,0.49930133155,0.499603985118,0.499917447496,
    0.596564187227,0.715228199452,0.850272380585,0.89996435249,
    0.938553011644,1.),.UNSPECIFIED.);
#267 = CARTESIAN_POINT('',(1.570796326795,66.5));
#268 = CARTESIAN_POINT('',(1.606557713643,66.5));
#269 = CARTESIAN_POINT('',(1.642255334471,66.443908665371));
#270 = CARTESIAN_POINT('',(1.677779478954,66.332087372776));
#271 = CARTESIAN_POINT('',(1.713020206721,66.166329746486));
#272 = CARTESIAN_POINT('',(1.747862676683,65.94985137472));
#273 = CARTESIAN_POINT('',(1.782182419583,65.687238570897));
#274 = CARTESIAN_POINT('',(1.837219858109,65.19196836706));
#275 = CARTESIAN_POINT('',(1.858357560474,64.983105099739));
#276 = CARTESIAN_POINT('',(1.879252526036,64.758879117367));
#277 = CARTESIAN_POINT('',(1.899902803648,64.52042322499));
#278 = CARTESIAN_POINT('',(1.920305628858,64.268886685779));
#279 = CARTESIAN_POINT('',(1.940457426928,64.005431613685));
#280 = CARTESIAN_POINT('',(1.985362833006,63.386567390093));
#281 = CARTESIAN_POINT('',(2.009974830105,63.024835394058));
#282 = CARTESIAN_POINT('',(2.034206448052,62.647988945262));
#283 = CARTESIAN_POINT('',(2.058073726057,62.257851075398));
#284 = CARTESIAN_POINT('',(2.081592307737,61.856117276968));
#285 = CARTESIAN_POINT('',(2.10477764724,61.444360499695));
#286 = CARTESIAN_POINT('',(2.190792753255,59.863333449619));
#287 = CARTESIAN_POINT('',(2.251619518923,58.635416382757));
#288 = CARTESIAN_POINT('',(2.310492035527,57.369542972374));
#289 = CARTESIAN_POINT('',(2.367757865133,56.0885093317));
#290 = CARTESIAN_POINT('',(2.423775102153,54.810354371124));
#291 = CARTESIAN_POINT('',(2.478914612382,53.55075281736));
#292 = CARTESIAN_POINT('',(2.581333970713,51.256455162924));
#293 = CARTESIAN_POINT('',(2.62870574524,50.213923909927));
#294 = CARTESIAN_POINT('',(2.675847560036,49.212188893717));
#295 = CARTESIAN_POINT('',(2.722902111464,48.26562591839));
#296 = CARTESIAN_POINT('',(2.77000954614,47.389979120904));
#297 = CARTESIAN_POINT('',(2.817316815946,46.602345453683));
#298 = CARTESIAN_POINT('',(2.903637630009,45.367776279582));
#299 = CARTESIAN_POINT('',(2.942595756758,44.883528208115));
#300 = CARTESIAN_POINT('',(2.981757212876,44.480535616391));
#301 = CARTESIAN_POINT('',(3.021058756476,44.169199899252));
#302 = CARTESIAN_POINT('',(3.060471882474,43.956961197054));
#303 = CARTESIAN_POINT('',(3.09998898945,43.848060973545));
#304 = CARTESIAN_POINT('',(3.139735852498,43.843569428181));
#305 = CARTESIAN_POINT('',(3.139860852714,43.843556342118));
#306 = CARTESIAN_POINT('',(3.139985852957,43.843544295489));
#307 = CARTESIAN_POINT('',(3.140110853224,43.843533288297));
#308 = CARTESIAN_POINT('',(3.140235853511,43.843523320545));
#309 = CARTESIAN_POINT('',(3.140360853818,43.843514392236));
#310 = CARTESIAN_POINT('',(3.140615318659,43.843498332771));
#311 = CARTESIAN_POINT('',(3.140744783195,43.843491277184));
#312 = CARTESIAN_POINT('',(3.140874247746,43.843485336615));
#313 = CARTESIAN_POINT('',(3.141003712308,43.843480511066));
#314 = CARTESIAN_POINT('',(3.141133176879,43.843476800538));
#315 = CARTESIAN_POINT('',(3.141262641456,43.843474205032));
#316 = CARTESIAN_POINT('',(3.18130863327,43.843016261981));
#317 = CARTESIAN_POINT('',(3.221121592868,43.948556708573));
#318 = CARTESIAN_POINT('',(3.260830809338,44.159111444748));
#319 = CARTESIAN_POINT('',(3.300428711815,44.470438635181));
#320 = CARTESIAN_POINT('',(3.339885154075,44.874972434863));
#321 = CARTESIAN_POINT('',(3.379135513955,45.362088132186));
#322 = CARTESIAN_POINT('',(3.465858146628,46.60194451985));
#323 = CARTESIAN_POINT('',(3.513279354195,47.39153091909));
#324 = CARTESIAN_POINT('',(3.560499835149,48.269544588067));
#325 = CARTESIAN_POINT('',(3.607667645958,49.21876569527));
#326 = CARTESIAN_POINT('',(3.654924002054,50.223342384019));
#327 = CARTESIAN_POINT('',(3.702412738536,51.268805011849));
#328 = CARTESIAN_POINT('',(3.804784197602,53.562516618213));
#329 = CARTESIAN_POINT('',(3.859755048381,54.818218056696));
#330 = CARTESIAN_POINT('',(3.915599833377,56.092259725907));
#331 = CARTESIAN_POINT('',(3.972685970026,57.369106129889));
#332 = CARTESIAN_POINT('',(4.031368232417,58.630883404844));
#333 = CARTESIAN_POINT('',(4.091991025595,59.855023554418));
#334 = CARTESIAN_POINT('',(4.178072189797,61.438530044707));
#335 = CARTESIAN_POINT('',(4.201552867124,61.855716501763));
#336 = CARTESIAN_POINT('',(4.22537535914,62.262631864701));
#337 = CARTESIAN_POINT('',(4.249555667522,62.657640914371));
#338 = CARTESIAN_POINT('',(4.274110000652,63.038979796451));
#339 = CARTESIAN_POINT('',(4.299054992419,63.404750700146));
#340 = CARTESIAN_POINT('',(4.344095920578,64.023287228337));
#341 = CARTESIAN_POINT('',(4.364033674171,64.283092968206));
#342 = CARTESIAN_POINT('',(4.384216859753,64.531199606353));
#343 = CARTESIAN_POINT('',(4.404641933717,64.766482479239));
#344 = CARTESIAN_POINT('',(4.425306132177,64.987829838962));
#345 = CARTESIAN_POINT('',(4.446207472264,65.194146282305));
#346 = CARTESIAN_POINT('',(4.501002887596,65.687238570897));
#347 = CARTESIAN_POINT('',(4.535322630497,65.94985137472));
#348 = CARTESIAN_POINT('',(4.570165100458,66.166329746486));
#349 = CARTESIAN_POINT('',(4.605405828226,66.332087372776));
#350 = CARTESIAN_POINT('',(4.640929972709,66.44390866537));
#351 = CARTESIAN_POINT('',(4.676627593536,66.5));
#352 = CARTESIAN_POINT('',(4.712388980385,66.5));
#353 = ( GEOMETRIC_REPRESENTATION_CONTEXT(2) 
PARAMETRIC_REPRESENTATION_CONTEXT() REPRESENTATION_CONTEXT('2D SPACE',''
  ) );
#354 = ORIENTED_EDGE('',*,*,#355,.T.);
#355 = EDGE_CURVE('',#79,#356,#358,.T.);
#356 = VERTEX_POINT('',#357);
#357 = CARTESIAN_POINT('',(-1.628780242866E-14,140.,333.7));
#358 = SEAM_CURVE('',#359,(#363,#370),.PCURVE_S1.);
#359 = LINE('',#360,#361);
#360 = CARTESIAN_POINT('',(-1.628780242866E-14,-70.,333.7));
#361 = VECTOR('',#362,1.);
#362 = DIRECTION('',(0.,1.,0.));
#363 = PCURVE('',#31,#364);
#364 = DEFINITIONAL_REPRESENTATION('',(#365),#369);
#365 = LINE('',#366,#367);
#366 = CARTESIAN_POINT('',(0.,-0.));
#367 = VECTOR('',#368,1.);
#368 = DIRECTION('',(0.,1.));
#369 = ( GEOMETRIC_REPRESENTATION_CONTEXT(2) 
PARAMETRIC_REPRESENTATION_CONTEXT() REPRESENTATION_CONTEXT('2D SPACE',''
  ) );
#370 = PCURVE('',#31,#371);
#371 = DEFINITIONAL_REPRESENTATION('',(#372),#376);
#372 = LINE('',#373,#374);
#373 = CARTESIAN_POINT('',(6.28318530718,-0.));
#374 = VECTOR('',#375,1.);
#375 = DIRECTION('',(0.,1.));
#376 = ( GEOMETRIC_REPRESENTATION_CONTEXT(2) 
PARAMETRIC_REPRESENTATION_CONTEXT() REPRESENTATION_CONTEXT('2D SPACE',''
  ) );
#377 = ORIENTED_EDGE('',*,*,#378,.F.);
#378 = EDGE_CURVE('',#356,#356,#379,.T.);
#379 = SURFACE_CURVE('',#380,(#385,#392),.PCURVE_S1.);
#380 = CIRCLE('',#381,66.5);
#381 = AXIS2_PLACEMENT_3D('',#382,#383,#384);
#382 = CARTESIAN_POINT('',(0.,140.,267.2));
#383 = DIRECTION('',(0.,1.,0.));
#384 = DIRECTION('',(0.,-0.,1.));
#385 = PCURVE('',#31,#386);
#386 = DEFINITIONAL_REPRESENTATION('',(#387),#391);
#387 = LINE('',#388,#389);
#388 = CARTESIAN_POINT('',(0.,210.));
#389 = VECTOR('',#390,1.);
#390 = DIRECTION('',(1.,0.));
#391 = ( GEOMETRIC_REPRESENTATION_CONTEXT(2) 
PARAMETRIC_REPRESENTATION_CONTEXT() REPRESENTATION_CONTEXT('2D SPACE',''
  ) );
#392 = PCURVE('',#393,#398);
#393 = PLANE('',#394);
#394 = AXIS2_PLACEMENT_3D('',#395,#396,#397);
#395 = CARTESIAN_POINT('',(0.,140.,267.2));
#396 = DIRECTION('',(0.,1.,0.));
#397 = DIRECTION('',(0.,-0.,1.));
#398 = DEFINITIONAL_REPRESENTATION('',(#399),#403);
#399 = CIRCLE('',#400,66.5);
#400 = AXIS2_PLACEMENT_2D('',#401,#402);
#401 = CARTESIAN_POINT('',(0.,0.));
#402 = DIRECTION('',(1.,0.));
#403 = ( GEOMETRIC_REPRESENTATION_CONTEXT(2) 
PARAMETRIC_REPRESENTATION_CONTEXT() REPRESENTATION_CONTEXT('2D SPACE',''
  ) );
#404 = ORIENTED_EDGE('',*,*,#355,.F.);
#405 = ORIENTED_EDGE('',*,*,#406,.F.);
#406 = EDGE_CURVE('',#407,#79,#409,.T.);
#407 = VERTEX_POINT('',#408);
#408 = CARTESIAN_POINT('',(50.,-1.224646799147E-14,311.04347157787));
#409 = SURFACE_CURVE('',#410,(#449,#491),.PCURVE_S1.);
#410 = B_SPLINE_CURVE_WITH_KNOTS('',7,(#411,#412,#413,#414,#415,#416,
    #417,#418,#419,#420,#421,#422,#423,#424,#425,#426,#427,#428,#429,
    #430,#431,#432,#433,#434,#435,#436,#437,#438,#439,#440,#441,#442,
    #443,#444,#445,#446,#447,#448),.UNSPECIFIED.,.F.,.F.,(8,6,6,6,6,6,8)
  ,(0.,0.1931500303,0.43047168507,0.700552798397,0.799934074825,
    0.877109321737,1.),.UNSPECIFIED.);
#411 = CARTESIAN_POINT('',(50.,-1.322866135334E-14,311.04347157787));
#412 = CARTESIAN_POINT('',(50.,1.994387302927,311.04347157787));
#413 = CARTESIAN_POINT('',(49.907189706389,3.983591728942,
    311.14931452024));
#414 = CARTESIAN_POINT('',(49.722438001781,5.962424616471,
    311.36000825706));
#415 = CARTESIAN_POINT('',(49.446970782625,7.92544911409,311.67131194284
    ));
#416 = CARTESIAN_POINT('',(49.082536783131,9.866251223272,
    312.07567196104));
#417 = CARTESIAN_POINT('',(48.63214974968,11.776965814853,312.5624862284
    ));
#418 = CARTESIAN_POINT('',(47.448932643099,15.947093241006,
    313.80194451985));
#419 = CARTESIAN_POINT('',(46.673528649541,18.191738599532,
    314.59153091908));
#420 = CARTESIAN_POINT('',(45.778712618856,20.382801888696,
    315.46954458807));
#421 = CARTESIAN_POINT('',(44.766232834618,22.519855450526,
    316.41876569525));
#422 = CARTESIAN_POINT('',(43.636489200639,24.601620875781,
    317.42334238403));
#423 = CARTESIAN_POINT('',(42.38849501853,26.626058123362,
    318.46880501184));
#424 = CARTESIAN_POINT('',(39.461683007971,30.825291450197,
    320.76251661821));
#425 = CARTESIAN_POINT('',(37.747965555164,32.981134717462,
    322.01821805669));
#426 = CARTESIAN_POINT('',(35.870209237158,35.059799261901,
    323.29225972591));
#427 = CARTESIAN_POINT('',(33.816386671608,37.05792237102,
    324.56910612988));
#428 = CARTESIAN_POINT('',(31.572077379654,38.965625533457,
    325.83088340485));
#429 = CARTESIAN_POINT('',(29.122065939433,40.765237269712,
    327.05502355441));
#430 = CARTESIAN_POINT('',(25.469661867182,43.042266379989,
    328.6385300447));
#431 = CARTESIAN_POINT('',(24.456835864887,43.636840191507,
    329.05571650176));
#432 = CARTESIAN_POINT('',(23.412983766254,44.21203418453,329.4626318647
    ));
#433 = CARTESIAN_POINT('',(22.337492026361,44.766220530121,
    329.85764091437));
#434 = CARTESIAN_POINT('',(21.22980555937,45.297593489184,
    330.23897979645));
#435 = CARTESIAN_POINT('',(20.08944354795,45.804161223693,
    330.60475070014));
#436 = CARTESIAN_POINT('',(18.004781047714,46.656156107626,
    331.22328722825));
#437 = CARTESIAN_POINT('',(17.073433030669,47.012368582224,
    331.4830929682));
#438 = CARTESIAN_POINT('',(16.122357708203,47.351101389553,
    331.73119960641));
#439 = CARTESIAN_POINT('',(15.151982940852,47.671098509527,
    331.96648247929));
#440 = CARTESIAN_POINT('',(14.162777974313,47.97111916075,
    332.18782983894));
#441 = CARTESIAN_POINT('',(13.155253470696,48.249935417133,
    332.39414628224));
#442 = CARTESIAN_POINT('',(10.4973289814,48.914601697749,332.88723857089
    ));
#443 = CARTESIAN_POINT('',(8.816572347932,49.266789273421,
    333.14985137472));
#444 = CARTESIAN_POINT('',(7.096314207733,49.555913854822,
    333.36632974648));
#445 = CARTESIAN_POINT('',(5.34542261815,49.776676069839,333.53208737277
    ));
#446 = CARTESIAN_POINT('',(3.572950368486,49.92539858132,333.64390866537
    ));
#447 = CARTESIAN_POINT('',(1.788069342433,50.,333.7));
#448 = CARTESIAN_POINT('',(7.654042494671E-15,50.,333.7));
#449 = PCURVE('',#31,#450);
#450 = DEFINITIONAL_REPRESENTATION('',(#451),#490);
#451 = B_SPLINE_CURVE_WITH_KNOTS('',7,(#452,#453,#454,#455,#456,#457,
    #458,#459,#460,#461,#462,#463,#464,#465,#466,#467,#468,#469,#470,
    #471,#472,#473,#474,#475,#476,#477,#478,#479,#480,#481,#482,#483,
    #484,#485,#486,#487,#488,#489),.UNSPECIFIED.,.F.,.F.,(8,6,6,6,6,6,8)
  ,(0.,0.1931500303,0.43047168507,0.700552798397,0.799934074825,
    0.877109321737,1.),.UNSPECIFIED.);
#452 = CARTESIAN_POINT('',(0.850908514478,70.));
#453 = CARTESIAN_POINT('',(0.850908514478,71.994387302927));
#454 = CARTESIAN_POINT('',(0.848791655361,73.983591728942));
#455 = CARTESIAN_POINT('',(0.84457778231,75.962424616471));
#456 = CARTESIAN_POINT('',(0.838326947817,77.92544911409));
#457 = CARTESIAN_POINT('',(0.830142035766,79.866251223272));
#458 = CARTESIAN_POINT('',(0.820170297522,81.776965814853));
#459 = CARTESIAN_POINT('',(0.794402602131,85.947093241006));
#460 = CARTESIAN_POINT('',(0.777762754548,88.191738599531));
#461 = CARTESIAN_POINT('',(0.758916458869,90.382801888697));
#462 = CARTESIAN_POINT('',(0.738057327333,92.519855450524));
#463 = CARTESIAN_POINT('',(0.715338328964,94.601620875781));
#464 = CARTESIAN_POINT('',(0.690869683303,96.626058123362));
#465 = CARTESIAN_POINT('',(0.634952189431,100.82529145019));
#466 = CARTESIAN_POINT('',(0.603021143444,102.98113471746));
#467 = CARTESIAN_POINT('',(0.568935343111,105.0597992619));
#468 = CARTESIAN_POINT('',(0.532625279747,107.05792237102));
#469 = CARTESIAN_POINT('',(0.493976842324,108.96562553345));
#470 = CARTESIAN_POINT('',(0.452852384254,110.76523726971));
#471 = CARTESIAN_POINT('',(0.39298925752,113.04226637998));
#472 = CARTESIAN_POINT('',(0.376520133114,113.6368401915));
#473 = CARTESIAN_POINT('',(0.359677560363,114.21203418453));
#474 = CARTESIAN_POINT('',(0.342454651353,114.76622053012));
#475 = CARTESIAN_POINT('',(0.324844460026,115.29759348918));
#476 = CARTESIAN_POINT('',(0.306839972262,115.80416122369));
#477 = CARTESIAN_POINT('',(0.274140879994,116.65615610762));
#478 = CARTESIAN_POINT('',(0.259602885877,117.01236858222));
#479 = CARTESIAN_POINT('',(0.244825769936,117.35110138955));
#480 = CARTESIAN_POINT('',(0.229815003531,117.67109850952));
#481 = CARTESIAN_POINT('',(0.214575855841,117.97111916075));
#482 = CARTESIAN_POINT('',(0.199113376635,118.24993541713));
#483 = CARTESIAN_POINT('',(0.158462605647,118.91460169774));
#484 = CARTESIAN_POINT('',(0.132891755824,119.26678927342));
#485 = CARTESIAN_POINT('',(0.106837997089,119.55591385482));
#486 = CARTESIAN_POINT('',(8.041403615144E-02,119.77667606983));
#487 = CARTESIAN_POINT('',(5.372858116837E-02,119.92539858132));
#488 = CARTESIAN_POINT('',(2.688826078846E-02,120.));
#489 = CARTESIAN_POINT('',(0.,120.));
#490 = ( GEOMETRIC_REPRESENTATION_CONTEXT(2) 
PARAMETRIC_REPRESENTATION_CONTEXT() REPRESENTATION_CONTEXT('2D SPACE',''
  ) );
#491 = PCURVE('',#260,#492);
#492 = DEFINITIONAL_REPRESENTATION('',(#493),#532);
#493 = B_SPLINE_CURVE_WITH_KNOTS('',7,(#494,#495,#496,#497,#498,#499,
    #500,#501,#502,#503,#504,#505,#506,#507,#508,#509,#510,#511,#512,
    #513,#514,#515,#516,#517,#518,#519,#520,#521,#522,#523,#524,#525,
    #526,#527,#528,#529,#530,#531),.UNSPECIFIED.,.F.,.F.,(8,6,6,6,6,6,8)
  ,(0.,0.1931500303,0.43047168507,0.700552798397,0.799934074825,
    0.877109321737,1.),.UNSPECIFIED.);
#494 = CARTESIAN_POINT('',(0.,43.843471577876));
#495 = CARTESIAN_POINT('',(3.988774605855E-02,43.843471577876));
#496 = CARTESIAN_POINT('',(7.967183379302E-02,43.949314520243));
#497 = CARTESIAN_POINT('',(0.119352151639,44.160008257069));
#498 = CARTESIAN_POINT('',(0.158921171226,44.471311942844));
#499 = CARTESIAN_POINT('',(0.19834883555,44.875671961044));
#500 = CARTESIAN_POINT('',(0.237570705487,45.362486228405));
#501 = CARTESIAN_POINT('',(0.324265493039,46.601944519858));
#502 = CARTESIAN_POINT('',(0.371686700604,47.391530919081));
#503 = CARTESIAN_POINT('',(0.41890718156,48.269544588074));
#504 = CARTESIAN_POINT('',(0.466074992367,49.218765695255));
#505 = CARTESIAN_POINT('',(0.513331348465,50.223342384033));
#506 = CARTESIAN_POINT('',(0.560820084946,51.268805011845));
#507 = CARTESIAN_POINT('',(0.663191544013,53.562516618215));
#508 = CARTESIAN_POINT('',(0.718162394791,54.81821805669));
#509 = CARTESIAN_POINT('',(0.774007179787,56.092259725913));
#510 = CARTESIAN_POINT('',(0.831093316436,57.36910612988));
#511 = CARTESIAN_POINT('',(0.889775578827,58.630883404851));
#512 = CARTESIAN_POINT('',(0.950398372005,59.855023554414));
#513 = CARTESIAN_POINT('',(1.036479536208,61.438530044705));
#514 = CARTESIAN_POINT('',(1.059960213534,61.855716501762));
#515 = CARTESIAN_POINT('',(1.08378270555,62.2626318647));
#516 = CARTESIAN_POINT('',(1.107963013933,62.65764091437));
#517 = CARTESIAN_POINT('',(1.132517347062,63.03897979645));
#518 = CARTESIAN_POINT('',(1.157462338829,63.404750700146));
#519 = CARTESIAN_POINT('',(1.202503266982,64.02328722825));
#520 = CARTESIAN_POINT('',(1.22244102058,64.283092968204));
#521 = CARTESIAN_POINT('',(1.242624206169,64.531199606419));
#522 = CARTESIAN_POINT('',(1.263049280132,64.766482479291));
#523 = CARTESIAN_POINT('',(1.283713478587,64.987829838946));
#524 = CARTESIAN_POINT('',(1.304614818668,65.194146282243));
#525 = CARTESIAN_POINT('',(1.359410234006,65.687238570896));
#526 = CARTESIAN_POINT('',(1.393729976907,65.949851374721));
#527 = CARTESIAN_POINT('',(1.428572446869,66.166329746486));
#528 = CARTESIAN_POINT('',(1.463813174636,66.332087372776));
#529 = CARTESIAN_POINT('',(1.499337319119,66.443908665371));
#530 = CARTESIAN_POINT('',(1.535034939946,66.5));
#531 = CARTESIAN_POINT('',(1.570796326795,66.5));
#532 = ( GEOMETRIC_REPRESENTATION_CONTEXT(2) 
PARAMETRIC_REPRESENTATION_CONTEXT() REPRESENTATION_CONTEXT('2D SPACE',''
  ) );
#533 = ORIENTED_EDGE('',*,*,#534,.F.);
#534 = EDGE_CURVE('',#56,#407,#535,.T.);
#535 = SURFACE_CURVE('',#536,(#587,#641),.PCURVE_S1.);
#536 = B_SPLINE_CURVE_WITH_KNOTS('',7,(#537,#538,#539,#540,#541,#542,
    #543,#544,#545,#546,#547,#548,#549,#550,#551,#552,#553,#554,#555,
    #556,#557,#558,#559,#560,#561,#562,#563,#564,#565,#566,#567,#568,
    #569,#570,#571,#572,#573,#574,#575,#576,#577,#578,#579,#580,#581,
    #582,#583,#584,#585,#586),.UNSPECIFIED.,.F.,.F.,(8,6,6,6,6,6,6,6,8),
  (0.,0.1228903777,0.200949095085,0.299065985124,0.570010407369,
    0.806757054481,0.998628997666,0.999255939439,1.),.UNSPECIFIED.);
#537 = CARTESIAN_POINT('',(-4.592425496803E-15,-50.,333.7));
#538 = CARTESIAN_POINT('',(1.788069342431,-50.,333.7));
#539 = CARTESIAN_POINT('',(3.572950368485,-49.92539858132,
    333.64390866537));
#540 = CARTESIAN_POINT('',(5.345422618148,-49.77667606983,
    333.53208737277));
#541 = CARTESIAN_POINT('',(7.09631420773,-49.55591385482,333.36632974648
    ));
#542 = CARTESIAN_POINT('',(8.816572347929,-49.26678927342,
    333.14985137472));
#543 = CARTESIAN_POINT('',(10.497328981394,-48.91460169775,
    332.88723857089));
#544 = CARTESIAN_POINT('',(13.166993127212,-48.24699968518,
    332.39196836706));
#545 = CARTESIAN_POINT('',(14.185837072737,-47.96473405061,
    332.18310509973));
#546 = CARTESIAN_POINT('',(15.185927552019,-47.66079234679,
    331.95887911736));
#547 = CARTESIAN_POINT('',(16.166742092691,-47.33644412181,
    331.72042322499));
#548 = CARTESIAN_POINT('',(17.127801533269,-46.99297155579,
    331.46888668577));
#549 = CARTESIAN_POINT('',(18.068669982061,-46.63167197097,
    331.20543161368));
#550 = CARTESIAN_POINT('',(20.145718363354,-45.77896524577,
    330.58656739009));
#551 = CARTESIAN_POINT('',(21.27026183367,-45.27785827918,
    330.22483539405));
#552 = CARTESIAN_POINT('',(22.362966249072,-44.75263654695,
    329.84798894526));
#553 = CARTESIAN_POINT('',(23.424297978618,-44.2052123622,
    329.45785107539));
#554 = CARTESIAN_POINT('',(24.454793848157,-43.6373208696,
    329.05611727697));
#555 = CARTESIAN_POINT('',(25.4550462901,-43.05052766863,328.64436049969
    ));
#556 = CARTESIAN_POINT('',(29.106063817136,-40.77751927139,
    327.06333344963));
#557 = CARTESIAN_POINT('',(31.564993448594,-38.97266229789,
    325.83541638275));
#558 = CARTESIAN_POINT('',(33.81684078134,-37.05896598398,
    324.56954297235));
#559 = CARTESIAN_POINT('',(35.876969297464,-35.05429120063,
    323.28850933171));
#560 = CARTESIAN_POINT('',(37.759939281105,-32.96860662698,
    322.01035437113));
#561 = CARTESIAN_POINT('',(39.477884489073,-30.80528669593,
    320.75075281735));
#562 = CARTESIAN_POINT('',(42.403199202446,-26.60209193125,
    318.45645516292));
#563 = CARTESIAN_POINT('',(43.647024494403,-24.58198876542,
    317.41392390995));
#564 = CARTESIAN_POINT('',(44.773181407783,-22.50484055065,
    316.41218889369));
#565 = CARTESIAN_POINT('',(45.782638217828,-20.37267170721,
    315.46562591837));
#566 = CARTESIAN_POINT('',(46.674991124238,-18.18675195086,
    314.58997912089));
#567 = CARTESIAN_POINT('',(47.448500792618,-15.94750833695,
    313.8023454537));
#568 = CARTESIAN_POINT('',(48.627139422673,-11.79551864603,
    312.56777627754));
#569 = CARTESIAN_POINT('',(49.075289882732,-9.897863370897,
    312.08352821145));
#570 = CARTESIAN_POINT('',(49.438662548961,-7.97048235963,
    311.68053561564));
#571 = CARTESIAN_POINT('',(49.714307389153,-6.02105517791,
    311.36919989703));
#572 = CARTESIAN_POINT('',(49.900482309374,-4.055851357171,
    311.1569611986));
#573 = CARTESIAN_POINT('',(49.995975681284,-2.080179244278,
    311.04806097352));
#574 = CARTESIAN_POINT('',(49.999914640259,-9.261678793523E-02,
    311.04356892369));
#575 = CARTESIAN_POINT('',(49.999926491171,-8.61435732777E-02,
    311.04355540872));
#576 = CARTESIAN_POINT('',(49.999937364359,-7.967035545021E-02,
    311.04354300875));
#577 = CARTESIAN_POINT('',(49.999947259821,-7.319713477198E-02,
    311.04353172379));
#578 = CARTESIAN_POINT('',(49.999956177556,-6.672391156212E-02,
    311.04352155384));
#579 = CARTESIAN_POINT('',(49.999964117563,-6.025068613963E-02,
    311.04351249891));
#580 = CARTESIAN_POINT('',(49.99997934274,-4.609497004023E-02,
    311.04349513583));
#581 = CARTESIAN_POINT('',(49.999986228492,-3.841247858956E-02,
    311.04348728318));
#582 = CARTESIAN_POINT('',(49.999991737094,-3.072998500521E-02,
    311.04348100106));
#583 = CARTESIAN_POINT('',(49.999995868547,-2.304748982078E-02,
    311.04347628947));
#584 = CARTESIAN_POINT('',(49.999998622849,-1.536499356969E-02,
    311.0434731484));
#585 = CARTESIAN_POINT('',(50.,-7.682496785112E-03,311.04347157787));
#586 = CARTESIAN_POINT('',(50.,-1.42108547152E-14,311.04347157787));
#587 = PCURVE('',#31,#588);
#588 = DEFINITIONAL_REPRESENTATION('',(#589),#640);
#589 = B_SPLINE_CURVE_WITH_KNOTS('',7,(#590,#591,#592,#593,#594,#595,
    #596,#597,#598,#599,#600,#601,#602,#603,#604,#605,#606,#607,#608,
    #609,#610,#611,#612,#613,#614,#615,#616,#617,#618,#619,#620,#621,
    #622,#623,#624,#625,#626,#627,#628,#629,#630,#631,#632,#633,#634,
    #635,#636,#637,#638,#639),.UNSPECIFIED.,.F.,.F.,(8,6,6,6,6,6,6,6,8),
  (0.,0.1228903777,0.200949095085,0.299065985124,0.570010407369,
    0.806757054481,0.998628997666,0.999255939439,1.),.UNSPECIFIED.);
#590 = CARTESIAN_POINT('',(0.,20.));
#591 = CARTESIAN_POINT('',(2.688826078844E-02,20.));
#592 = CARTESIAN_POINT('',(5.372858116836E-02,20.07460141868));
#593 = CARTESIAN_POINT('',(8.041403615141E-02,20.223323930161));
#594 = CARTESIAN_POINT('',(0.106837997089,20.444086145178));
#595 = CARTESIAN_POINT('',(0.132891755824,20.733210726578));
#596 = CARTESIAN_POINT('',(0.158462605646,21.08539830225));
#597 = CARTESIAN_POINT('',(0.199292925035,21.753000314813));
#598 = CARTESIAN_POINT('',(0.214929751492,22.035265949386));
#599 = CARTESIAN_POINT('',(0.230337959678,22.339207653201));
#600 = CARTESIAN_POINT('',(0.245512403859,22.663555878188));
#601 = CARTESIAN_POINT('',(0.260447710234,23.007028444209));
#602 = CARTESIAN_POINT('',(0.275138295851,23.368328029024));
#603 = CARTESIAN_POINT('',(0.307729042992,24.22103475423));
#604 = CARTESIAN_POINT('',(0.325488659276,24.722141720811));
#605 = CARTESIAN_POINT('',(0.342864086653,25.247363453048));
#606 = CARTESIAN_POINT('',(0.359862104716,25.794787637793));
#607 = CARTESIAN_POINT('',(0.376489431636,26.362679130394));
#608 = CARTESIAN_POINT('',(0.392752733427,26.949472331364));
#609 = CARTESIAN_POINT('',(0.452581904972,29.222480728609));
#610 = CARTESIAN_POINT('',(0.493851025906,31.027337702105));
#611 = CARTESIAN_POINT('',(0.532627762695,32.941034016019));
#612 = CARTESIAN_POINT('',(0.569051086533,34.945708799367));
#613 = CARTESIAN_POINT('',(0.603236188075,37.031393373019));
#614 = CARTESIAN_POINT('',(0.635253065378,39.194713304066));
#615 = CARTESIAN_POINT('',(0.691158277185,43.397908068745));
#616 = CARTESIAN_POINT('',(0.715550686386,45.418011234572));
#617 = CARTESIAN_POINT('',(0.738201117572,47.495159449345));
#618 = CARTESIAN_POINT('',(0.758999840908,49.627328292783));
#619 = CARTESIAN_POINT('',(0.777794810393,51.813248049133));
#620 = CARTESIAN_POINT('',(0.794393756986,54.052491663047));
#621 = CARTESIAN_POINT('',(0.8200607322,58.204481353968));
#622 = CARTESIAN_POINT('',(0.829981303921,60.102136629103));
#623 = CARTESIAN_POINT('',(0.838140351696,62.02951764037));
#624 = CARTESIAN_POINT('',(0.844393187687,63.97894482209));
#625 = CARTESIAN_POINT('',(0.848638723207,65.944148642829));
#626 = CARTESIAN_POINT('',(0.850816726387,67.919820755722));
#627 = CARTESIAN_POINT('',(0.85090656756,69.907383212065));
#628 = CARTESIAN_POINT('',(0.85090683786,69.913856426722));
#629 = CARTESIAN_POINT('',(0.850907085859,69.92032964455));
#630 = CARTESIAN_POINT('',(0.850907311559,69.926802865228));
#631 = CARTESIAN_POINT('',(0.850907514958,69.933276088438));
#632 = CARTESIAN_POINT('',(0.850907696057,69.93974931386));
#633 = CARTESIAN_POINT('',(0.850908043319,69.95390502996));
#634 = CARTESIAN_POINT('',(0.850908200372,69.96158752141));
#635 = CARTESIAN_POINT('',(0.850908326014,69.969270014995));
#636 = CARTESIAN_POINT('',(0.850908420246,69.976952510179));
#637 = CARTESIAN_POINT('',(0.850908483067,69.98463500643));
#638 = CARTESIAN_POINT('',(0.850908514478,69.992317503215));
#639 = CARTESIAN_POINT('',(0.850908514478,70.));
#640 = ( GEOMETRIC_REPRESENTATION_CONTEXT(2) 
PARAMETRIC_REPRESENTATION_CONTEXT() REPRESENTATION_CONTEXT('2D SPACE',''
  ) );
#641 = PCURVE('',#260,#642);
#642 = DEFINITIONAL_REPRESENTATION('',(#643),#694);
#643 = B_SPLINE_CURVE_WITH_KNOTS('',7,(#644,#645,#646,#647,#648,#649,
    #650,#651,#652,#653,#654,#655,#656,#657,#658,#659,#660,#661,#662,
    #663,#664,#665,#666,#667,#668,#669,#670,#671,#672,#673,#674,#675,
    #676,#677,#678,#679,#680,#681,#682,#683,#684,#685,#686,#687,#688,
    #689,#690,#691,#692,#693),.UNSPECIFIED.,.F.,.F.,(8,6,6,6,6,6,6,6,8),
  (0.,0.1228903777,0.200949095085,0.299065985124,0.570010407369,
    0.806757054481,0.998628997666,0.999255939439,1.),.UNSPECIFIED.);
#644 = CARTESIAN_POINT('',(4.712388980385,66.5));
#645 = CARTESIAN_POINT('',(4.748150367233,66.5));
#646 = CARTESIAN_POINT('',(4.78384798806,66.44390866537));
#647 = CARTESIAN_POINT('',(4.819372132544,66.332087372776));
#648 = CARTESIAN_POINT('',(4.854612860311,66.166329746486));
#649 = CARTESIAN_POINT('',(4.889455330272,65.94985137472));
#650 = CARTESIAN_POINT('',(4.923775073173,65.687238570897));
#651 = CARTESIAN_POINT('',(4.978812511699,65.19196836706));
#652 = CARTESIAN_POINT('',(4.999950214064,64.983105099739));
#653 = CARTESIAN_POINT('',(5.020845179626,64.758879117367));
#654 = CARTESIAN_POINT('',(5.041495457238,64.52042322499));
#655 = CARTESIAN_POINT('',(5.061898282448,64.268886685779));
#656 = CARTESIAN_POINT('',(5.082050080518,64.005431613685));
#657 = CARTESIAN_POINT('',(5.126955486595,63.386567390094));
#658 = CARTESIAN_POINT('',(5.151567483694,63.024835394057));
#659 = CARTESIAN_POINT('',(5.175799101642,62.64798894526));
#660 = CARTESIAN_POINT('',(5.199666379647,62.257851075397));
#661 = CARTESIAN_POINT('',(5.223184961327,61.85611727697));
#662 = CARTESIAN_POINT('',(5.24637030083,61.444360499698));
#663 = CARTESIAN_POINT('',(5.332385406844,59.86333344963));
#664 = CARTESIAN_POINT('',(5.393212172513,58.635416382755));
#665 = CARTESIAN_POINT('',(5.452084689118,57.369542972353));
#666 = CARTESIAN_POINT('',(5.509350518722,56.088509331716));
#667 = CARTESIAN_POINT('',(5.565367755742,54.810354371131));
#668 = CARTESIAN_POINT('',(5.620507265973,53.550752817351));
#669 = CARTESIAN_POINT('',(5.722926624303,51.256455162922));
#670 = CARTESIAN_POINT('',(5.770298398828,50.213923909958));
#671 = CARTESIAN_POINT('',(5.817440213627,49.212188893696));
#672 = CARTESIAN_POINT('',(5.864494765055,48.265625918373));
#673 = CARTESIAN_POINT('',(5.911602199731,47.389979120897));
#674 = CARTESIAN_POINT('',(5.958909469534,46.602345453709));
#675 = CARTESIAN_POINT('',(6.045230283741,45.367776277544));
#676 = CARTESIAN_POINT('',(6.084188410008,44.883528211459));
#677 = CARTESIAN_POINT('',(6.123349866675,44.480535615649));
#678 = CARTESIAN_POINT('',(6.16265141027,44.16919989703));
#679 = CARTESIAN_POINT('',(6.202064535718,43.956961198604));
#680 = CARTESIAN_POINT('',(6.241581643189,43.848060973528));
#681 = CARTESIAN_POINT('',(6.281332970378,43.843568923699));
#682 = CARTESIAN_POINT('',(6.281462434886,43.843555408725));
#683 = CARTESIAN_POINT('',(6.281591899423,43.843543008757));
#684 = CARTESIAN_POINT('',(6.281721363985,43.843531723796));
#685 = CARTESIAN_POINT('',(6.28185082857,43.843521553849));
#686 = CARTESIAN_POINT('',(6.281980293175,43.843512498916));
#687 = CARTESIAN_POINT('',(6.28226340766,43.843495135832));
#688 = CARTESIAN_POINT('',(6.282417057549,43.843487283185));
#689 = CARTESIAN_POINT('',(6.282570707456,43.843481001063));
#690 = CARTESIAN_POINT('',(6.282724357377,43.84347628947));
#691 = CARTESIAN_POINT('',(6.282878007308,43.843473148407));
#692 = CARTESIAN_POINT('',(6.283031657244,43.843471577876));
#693 = CARTESIAN_POINT('',(6.28318530718,43.843471577876));
#694 = ( GEOMETRIC_REPRESENTATION_CONTEXT(2) 
PARAMETRIC_REPRESENTATION_CONTEXT() REPRESENTATION_CONTEXT('2D SPACE',''
  ) );
#695 = ORIENTED_EDGE('',*,*,#55,.F.);
#696 = FACE_BOUND('',#697,.T.);
#697 = EDGE_LOOP('',(#698));
#698 = ORIENTED_EDGE('',*,*,#699,.T.);
#699 = EDGE_CURVE('',#700,#700,#702,.T.);
#700 = VERTEX_POINT('',#701);
#701 = CARTESIAN_POINT('',(56.,-1.371604415045E-14,231.33567231914));
#702 = SURFACE_CURVE('',#703,(#916,#1132),.PCURVE_S1.);
#703 = B_SPLINE_CURVE_WITH_KNOTS('',8,(#704,#705,#706,#707,#708,#709,
    #710,#711,#712,#713,#714,#715,#716,#717,#718,#719,#720,#721,#722,
    #723,#724,#725,#726,#727,#728,#729,#730,#731,#732,#733,#734,#735,
    #736,#737,#738,#739,#740,#741,#742,#743,#744,#745,#746,#747,#748,
    #749,#750,#751,#752,#753,#754,#755,#756,#757,#758,#759,#760,#761,
    #762,#763,#764,#765,#766,#767,#768,#769,#770,#771,#772,#773,#774,
    #775,#776,#777,#778,#779,#780,#781,#782,#783,#784,#785,#786,#787,
    #788,#789,#790,#791,#792,#793,#794,#795,#796,#797,#798,#799,#800,
    #801,#802,#803,#804,#805,#806,#807,#808,#809,#810,#811,#812,#813,
    #814,#815,#816,#817,#818,#819,#820,#821,#822,#823,#824,#825,#826,
    #827,#828,#829,#830,#831,#832,#833,#834,#835,#836,#837,#838,#839,
    #840,#841,#842,#843,#844,#845,#846,#847,#848,#849,#850,#851,#852,
    #853,#854,#855,#856,#857,#858,#859,#860,#861,#862,#863,#864,#865,
    #866,#867,#868,#869,#870,#871,#872,#873,#874,#875,#876,#877,#878,
    #879,#880,#881,#882,#883,#884,#885,#886,#887,#888,#889,#890,#891,
    #892,#893,#894,#895,#896,#897,#898,#899,#900,#901,#902,#903,#904,
    #905,#906,#907,#908,#909,#910,#911,#912,#913,#914,#915),
  .UNSPECIFIED.,.T.,.F.,(9,7,7,7,7,7,7,7,7,7,7,7,7,7,7,7,7,7,7,7,7,7,7,7
    ,7,7,7,7,7,7,9),(0.,4.169448346494E-02,0.10558817355,0.176097505255,
    0.201221764842,0.220175129214,0.230142024457,0.249926917042,
    0.269711809544,0.279548232046,0.298592275219,0.323923989107,
    0.394323292237,0.458240837931,0.473558851683,0.499975315627,
    0.526467352067,0.541782138429,0.605682040197,0.676198226753,
    0.701324928898,0.720280135897,0.730248001285,0.750034821893,
    0.769821642502,0.779659024156,0.798704925396,0.824039111089,
    0.89444528294,0.958369064945,1.),.UNSPECIFIED.);
#704 = CARTESIAN_POINT('',(56.,-1.42108547152E-14,231.33567231914));
#705 = CARTESIAN_POINT('',(56.,1.735847914651,231.33567231914));
#706 = CARTESIAN_POINT('',(55.93850683237,3.464413104905,231.23965400819
    ));
#707 = CARTESIAN_POINT('',(55.816423177945,5.183173371586,231.0490294198
    ));
#708 = CARTESIAN_POINT('',(55.634769482725,6.889290056713,
    230.76741493993));
#709 = CARTESIAN_POINT('',(55.394799288619,8.579109481081,
    230.40068974071));
#710 = CARTESIAN_POINT('',(55.098359676136,10.247762919649,
    229.9569471876));
#711 = CARTESIAN_POINT('',(54.748435911646,11.888868328528,
    229.44636027052));
#712 = CARTESIAN_POINT('',(53.738969268165,15.954598242016,
    228.01458219332));
#713 = CARTESIAN_POINT('',(53.009575899409,18.348078010114,
    227.01356172576));
#714 = CARTESIAN_POINT('',(52.167426024105,20.678682467872,
    225.90587014195));
#715 = CARTESIAN_POINT('',(51.216131937024,22.948610006662,
    224.71641386168));
#716 = CARTESIAN_POINT('',(50.157745988535,25.159657483364,
    223.46577394205));
#717 = CARTESIAN_POINT('',(48.992382394036,27.313922832186,
    222.17014562273));
#718 = CARTESIAN_POINT('',(47.717427207134,29.413823860204,
    220.84211134739));
#719 = CARTESIAN_POINT('',(44.792432082962,33.720886155175,
    218.00179931745));
#720 = CARTESIAN_POINT('',(43.121239978512,35.910725659467,
    216.48858381229));
#721 = CARTESIAN_POINT('',(41.305452270268,38.035837319939,
    214.96503362773));
#722 = CARTESIAN_POINT('',(39.334164652626,40.096696372022,
    213.44235639208));
#723 = CARTESIAN_POINT('',(37.194495443435,42.088840284164,
    211.93310080916));
#724 = CARTESIAN_POINT('',(34.872438814458,44.00232940108,
    210.45278584947));
#725 = CARTESIAN_POINT('',(32.353700178605,45.821156640055,
    209.02115242141));
#726 = CARTESIAN_POINT('',(28.652522865716,48.128430467144,
    207.17948274417));
#727 = CARTESIAN_POINT('',(27.652791831458,48.72007862796,
    206.70466913911));
#728 = CARTESIAN_POINT('',(26.62500017911,49.296144953835,206.2400306452
    ));
#729 = CARTESIAN_POINT('',(25.568494247966,49.855421914681,
    205.78682712209));
#730 = CARTESIAN_POINT('',(24.482655627719,50.396567709935,
    205.34642579095));
#731 = CARTESIAN_POINT('',(23.366910306973,50.918102096459,
    204.92030550165));
#732 = CARTESIAN_POINT('',(22.220737821756,51.418402216448,
    204.51006099993));
#733 = CARTESIAN_POINT('',(20.155725953224,52.255763522115,
    203.82119505674));
#734 = CARTESIAN_POINT('',(19.250029210952,52.602804384246,
    203.53493827599));
#735 = CARTESIAN_POINT('',(18.32680135371,52.935882305707,
    203.25951948382));
#736 = CARTESIAN_POINT('',(17.386279447814,53.25406101403,
    202.99582077374));
#737 = CARTESIAN_POINT('',(16.428726455182,53.556405913122,
    202.74472275173));
#738 = CARTESIAN_POINT('',(15.454431239114,53.841983326089,
    202.50710358671));
#739 = CARTESIAN_POINT('',(14.463708570074,54.109859738052,
    202.28383806103));
#740 = CARTESIAN_POINT('',(12.927454120685,54.490168109063,
    201.96639508141));
#741 = CARTESIAN_POINT('',(12.393639907165,54.616062237339,
    201.86121985226));
#742 = CARTESIAN_POINT('',(11.855609297859,54.736625383948,
    201.76041631745));
#743 = CARTESIAN_POINT('',(11.313516852474,54.851706193015,
    201.66412376193));
#744 = CARTESIAN_POINT('',(10.767518883477,54.961159992643,
    201.57247537154));
#745 = CARTESIAN_POINT('',(10.217773456099,55.064848794918,
    201.48559823303));
#746 = CARTESIAN_POINT('',(9.664440388328,55.162641295902,
    201.40361333405));
#747 = CARTESIAN_POINT('',(8.002480537835,55.436585036906,
    201.17383001116));
#748 = CARTESIAN_POINT('',(6.883300229816,55.595110617891,
    201.04068814637));
#749 = CARTESIAN_POINT('',(5.752358123537,55.72881783659,200.92827305622
    ));
#750 = CARTESIAN_POINT('',(4.611891882434,55.836763179419,
    200.83744474714));
#751 = CARTESIAN_POINT('',(3.464154855002,55.918230599159,
    200.76885850859));
#752 = CARTESIAN_POINT('',(2.311411893103,55.972730712903,
    200.72296327704));
#753 = CARTESIAN_POINT('',(1.155935170269,56.,200.7));
#754 = CARTESIAN_POINT('',(-1.155935165387,56.,200.7));
#755 = CARTESIAN_POINT('',(-2.311411895844,55.972730712518,
    200.72296327737));
#756 = CARTESIAN_POINT('',(-3.464154859871,55.918230598946,
    200.76885850877));
#757 = CARTESIAN_POINT('',(-4.611891882501,55.836763179742,
    200.83744474687));
#758 = CARTESIAN_POINT('',(-5.752358118738,55.728817837158,
    200.92827305574));
#759 = CARTESIAN_POINT('',(-6.883300226997,55.595110617955,
    201.04068814632));
#760 = CARTESIAN_POINT('',(-8.002480542539,55.436585036131,
    201.17383001181));
#761 = CARTESIAN_POINT('',(-9.657152071447,55.163842641886,
    201.40260564805));
#762 = CARTESIAN_POINT('',(-10.20328717683,55.067407880177,
    201.48345279863));
#763 = CARTESIAN_POINT('',(-10.7459306947,54.965228431294,
    201.56906654126));
#764 = CARTESIAN_POINT('',(-11.284928445,54.857430501366,201.65933059349
    ));
#765 = CARTESIAN_POINT('',(-11.82012793992,54.744146661872,
    201.75412286406));
#766 = CARTESIAN_POINT('',(-12.35137838397,54.625515849635,
    201.85331545288));
#767 = CARTESIAN_POINT('',(-12.87853067395,54.501683366831,
    201.95677465105));
#768 = CARTESIAN_POINT('',(-14.41382358343,54.12327483385,
    202.27265597367));
#769 = CARTESIAN_POINT('',(-15.40999939733,53.854892755864,
    202.4963601141));
#770 = CARTESIAN_POINT('',(-16.38961327454,53.568602216907,
    202.73459053156));
#771 = CARTESIAN_POINT('',(-17.35234007496,53.265350776195,
    202.98645942457));
#772 = CARTESIAN_POINT('',(-18.29788108386,52.946086762761,
    203.25107500269));
#773 = CARTESIAN_POINT('',(-19.22596401109,52.611760055934,
    203.52754246832));
#774 = CARTESIAN_POINT('',(-20.13634299045,52.263322865823,
    203.81496499853));
#775 = CARTESIAN_POINT('',(-22.21591149495,51.420753132997,
    204.50814175935));
#776 = CARTESIAN_POINT('',(-23.37162279938,50.916373859405,
    204.92173729032));
#777 = CARTESIAN_POINT('',(-24.49640166879,50.390407543487,
    205.35147275645));
#778 = CARTESIAN_POINT('',(-25.59078210578,49.844517253073,
    205.79571386354));
#779 = CARTESIAN_POINT('',(-26.65535341185,49.280218614535,
    206.25294613368));
#780 = CARTESIAN_POINT('',(-27.69075066016,48.698884153974,
    206.72177045235));
#781 = CARTESIAN_POINT('',(-28.69764516834,48.10174763839,
    207.20089861546));
#782 = CARTESIAN_POINT('',(-32.39772101029,45.789547556397,
    209.04604396395));
#783 = CARTESIAN_POINT('',(-34.90950402967,43.97216719457,
    210.47615548524));
#784 = CARTESIAN_POINT('',(-37.22543083039,42.060613949628,
    211.95455544308));
#785 = CARTESIAN_POINT('',(-39.35971665882,40.070755218145,
    213.46164042398));
#786 = CARTESIAN_POINT('',(-41.32628106341,38.012439787277,
    214.98198760357));
#787 = CARTESIAN_POINT('',(-43.13792008138,35.890084651165,
    216.50311084866));
#788 = CARTESIAN_POINT('',(-44.80546098696,33.703211151627,
    218.01384055791));
#789 = CARTESIAN_POINT('',(-47.7270221932,29.398314904007,
    220.85198654042));
#790 = CARTESIAN_POINT('',(-49.00153266606,27.29757202356,
    222.18012387461));
#791 = CARTESIAN_POINT('',(-50.16637299888,25.14253873097,
    223.47570587393));
#792 = CARTESIAN_POINT('',(-51.22421770669,22.930688470564,
    224.72620494784));
#793 = CARTESIAN_POINT('',(-52.17495753484,20.65985567301,
    225.91543145856));
#794 = CARTESIAN_POINT('',(-53.01651509311,18.328221838706,
    227.02276178432));
#795 = CARTESIAN_POINT('',(-53.74524377575,15.933605731829,
    228.02321871142));
#796 = CARTESIAN_POINT('',(-54.50153401051,12.882241498437,
    229.09623118993));
#797 = CARTESIAN_POINT('',(-54.64090129667,12.288610778972,
    229.29588459792));
#798 = CARTESIAN_POINT('',(-54.77330438217,11.691388441052,
    229.48730558615));
#799 = CARTESIAN_POINT('',(-54.89862967738,11.090698802773,
    229.67005715465));
#800 = CARTESIAN_POINT('',(-55.01677133684,10.486648685558,
    229.84371459586));
#801 = CARTESIAN_POINT('',(-55.1276289994,9.879327441962,230.00786637773
    ));
#802 = CARTESIAN_POINT('',(-55.23110552851,9.268806983464,
    230.16211502676));
#803 = CARTESIAN_POINT('',(-55.49265885595,7.596854210597,
    230.55434733945));
#804 = CARTESIAN_POINT('',(-55.63611945838,6.528292591101,
    230.77224288734));
#805 = CARTESIAN_POINT('',(-55.75664396905,5.451508681456,
    230.95728760884));
#806 = CARTESIAN_POINT('',(-55.85364029196,4.368277490618,
    231.10746146279));
#807 = CARTESIAN_POINT('',(-55.92669835158,3.280156205564,
    231.22121604094));
#808 = CARTESIAN_POINT('',(-55.97554181353,2.188543333433,
    231.29748243159));
#809 = CARTESIAN_POINT('',(-56.,1.094738085073,231.33567231914));
#810 = CARTESIAN_POINT('',(-56.,-1.097869923213,231.33567231914));
#811 = CARTESIAN_POINT('',(-55.97540167306,-2.194794512508,
    231.29726361288));
#812 = CARTESIAN_POINT('',(-55.92627911788,-3.289506430229,
    231.22056142955));
#813 = CARTESIAN_POINT('',(-55.85280494209,-4.380698069053,
    231.10616080311));
#814 = CARTESIAN_POINT('',(-55.7552582946,-5.46696118484,230.955142314)
  );
#815 = CARTESIAN_POINT('',(-55.63405340353,-6.546726776733,
    230.76907096052));
#816 = CARTESIAN_POINT('',(-55.48978861985,-7.618205214516,
    230.54998815996));
#817 = CARTESIAN_POINT('',(-55.22707975897,-9.292750483489,
    230.15611060874));
#818 = CARTESIAN_POINT('',(-55.12337279221,-9.903026400874,
    230.00155513575));
#819 = CARTESIAN_POINT('',(-55.01229119084,-10.51010040017,
    229.83711308187));
#820 = CARTESIAN_POINT('',(-54.89393201223,-11.11390116972,
    229.66318186238));
#821 = CARTESIAN_POINT('',(-54.76839549785,-11.71434002366,
    229.48017280587));
#822 = CARTESIAN_POINT('',(-54.63578732447,-12.31131087416,
    229.28851027377));
#823 = CARTESIAN_POINT('',(-54.49622085542,-12.9046902037,
    229.08863077983));
#824 = CARTESIAN_POINT('',(-53.73896926815,-15.95459824206,
    228.0145821933));
#825 = CARTESIAN_POINT('',(-53.00957589937,-18.3480780102,
    227.01356172573));
#826 = CARTESIAN_POINT('',(-52.16742602408,-20.67868246793,
    225.90587014191));
#827 = CARTESIAN_POINT('',(-51.21613193701,-22.94861000665,
    224.71641386168));
#828 = CARTESIAN_POINT('',(-50.15774598854,-25.1596574833,
    223.46577394208));
#829 = CARTESIAN_POINT('',(-48.99238239408,-27.3139228321,
    222.17014562278));
#830 = CARTESIAN_POINT('',(-47.71742720717,-29.41382386014,
    220.84211134743));
#831 = CARTESIAN_POINT('',(-44.79243208289,-33.72088615527,
    218.00179931739));
#832 = CARTESIAN_POINT('',(-43.12123997873,-35.91072565913,
    216.48858381249));
#833 = CARTESIAN_POINT('',(-41.30545226983,-38.03583732054,
    214.96503362739));
#834 = CARTESIAN_POINT('',(-39.33416465318,-40.09669637134,
    213.44235639245));
#835 = CARTESIAN_POINT('',(-37.19449544293,-42.08884028466,
    211.93310080887));
#836 = CARTESIAN_POINT('',(-34.87243881475,-44.00232940084,
    210.45278584962));
#837 = CARTESIAN_POINT('',(-32.35370017849,-45.82115664012,
    209.02115242136));
#838 = CARTESIAN_POINT('',(-28.65252286571,-48.12843046714,
    207.17948274417));
#839 = CARTESIAN_POINT('',(-27.65279183145,-48.72007862796,
    206.70466913911));
#840 = CARTESIAN_POINT('',(-26.6250001791,-49.29614495383,
    206.24003064519));
#841 = CARTESIAN_POINT('',(-25.56849424795,-49.85542191468,
    205.78682712208));
#842 = CARTESIAN_POINT('',(-24.48265562771,-50.39656770993,
    205.34642579095));
#843 = CARTESIAN_POINT('',(-23.36691030696,-50.91810209646,
    204.92030550165));
#844 = CARTESIAN_POINT('',(-22.22073782175,-51.41840221644,
    204.51006099993));
#845 = CARTESIAN_POINT('',(-20.15572595329,-52.25576352208,
    203.82119505676));
#846 = CARTESIAN_POINT('',(-19.25002921097,-52.60280438424,
    203.53493827599));
#847 = CARTESIAN_POINT('',(-18.32680135366,-52.93588230572,
    203.25951948381));
#848 = CARTESIAN_POINT('',(-17.38627944773,-53.25406101405,
    202.99582077372));
#849 = CARTESIAN_POINT('',(-16.42872645513,-53.55640591313,
    202.74472275172));
#850 = CARTESIAN_POINT('',(-15.45443123914,-53.84198332607,
    202.50710358672));
#851 = CARTESIAN_POINT('',(-14.46370857016,-54.10985973803,
    202.28383806105));
#852 = CARTESIAN_POINT('',(-12.92745405831,-54.4901681245,
    201.96639506852));
#853 = CARTESIAN_POINT('',(-12.39363988437,-54.61606224503,
    201.86121984585));
#854 = CARTESIAN_POINT('',(-11.85560933208,-54.73662537881,
    201.76041632176));
#855 = CARTESIAN_POINT('',(-11.3135169106,-54.85170618109,201.6641237719
    ));
#856 = CARTESIAN_POINT('',(-10.76751891581,-54.96115998413,
    201.57247537864));
#857 = CARTESIAN_POINT('',(-10.21777343028,-55.06484879721,
    201.48559823108));
#858 = CARTESIAN_POINT('',(-9.664440323315,-55.16264130661,
    201.40361332506));
#859 = CARTESIAN_POINT('',(-8.002480542506,-55.43658503613,
    201.17383001181));
#860 = CARTESIAN_POINT('',(-6.883300226985,-55.59511061795,
    201.04068814632));
#861 = CARTESIAN_POINT('',(-5.752358118758,-55.72881783715,
    200.92827305574));
#862 = CARTESIAN_POINT('',(-4.611891882535,-55.83676317974,
    200.83744474687));
#863 = CARTESIAN_POINT('',(-3.464154859891,-55.91823059894,
    200.76885850877));
#864 = CARTESIAN_POINT('',(-2.311411895831,-55.97273071252,
    200.72296327736));
#865 = CARTESIAN_POINT('',(-1.15593516535,-56.,200.7));
#866 = CARTESIAN_POINT('',(1.155935165353,-56.,200.7));
#867 = CARTESIAN_POINT('',(2.311411895831,-55.97273071251,
    200.72296327736));
#868 = CARTESIAN_POINT('',(3.464154859888,-55.91823059894,
    200.76885850877));
#869 = CARTESIAN_POINT('',(4.611891882531,-55.83676317974,
    200.83744474687));
#870 = CARTESIAN_POINT('',(5.752358118755,-55.72881783715,
    200.92827305574));
#871 = CARTESIAN_POINT('',(6.883300226984,-55.59511061795,
    201.04068814632));
#872 = CARTESIAN_POINT('',(8.002480542505,-55.43658503613,
    201.17383001181));
#873 = CARTESIAN_POINT('',(9.657152102655,-55.16384263674,
    201.40260565237));
#874 = CARTESIAN_POINT('',(10.203287189338,-55.06740787903,
    201.4834527996));
#875 = CARTESIAN_POINT('',(10.745930679353,-54.96522843532,
    201.5690665379));
#876 = CARTESIAN_POINT('',(11.284928417173,-54.85743050705,
    201.65933058873));
#877 = CARTESIAN_POINT('',(11.820127923356,-54.74414666437,
    201.75412286195));
#878 = CARTESIAN_POINT('',(12.351378394545,-54.62551584605,
    201.85331545586));
#879 = CARTESIAN_POINT('',(12.878530703464,-54.50168335955,
    201.95677465713));
#880 = CARTESIAN_POINT('',(14.4138235835,-54.12327483383,202.27265597368
    ));
#881 = CARTESIAN_POINT('',(15.409999397365,-53.85489275585,
    202.49636011411));
#882 = CARTESIAN_POINT('',(16.389613274512,-53.56860221691,
    202.73459053155));
#883 = CARTESIAN_POINT('',(17.352340074914,-53.26535077621,
    202.98645942456));
#884 = CARTESIAN_POINT('',(18.297881083833,-52.94608676277,
    203.25107500268));
#885 = CARTESIAN_POINT('',(19.225964011118,-52.61176005592,
    203.52754246832));
#886 = CARTESIAN_POINT('',(20.136342990507,-52.2633228658,
    203.81496499855));
#887 = CARTESIAN_POINT('',(22.215911507624,-51.42075312786,
    204.50814176357));
#888 = CARTESIAN_POINT('',(23.371622793872,-50.91637386271,
    204.92173728767));
#889 = CARTESIAN_POINT('',(24.496401657044,-50.39040754887,
    205.35147275205));
#890 = CARTESIAN_POINT('',(25.590782104251,-49.84451725285,
    205.79571386366));
#891 = CARTESIAN_POINT('',(26.655353421861,-49.28021860894,
    206.25294613818));
#892 = CARTESIAN_POINT('',(27.690750667003,-48.69888415098,
    206.7217704548));
#893 = CARTESIAN_POINT('',(28.697645159086,-48.10174764417,
    207.20089861085));
#894 = CARTESIAN_POINT('',(32.397721010182,-45.78954755646,
    209.0460439639));
#895 = CARTESIAN_POINT('',(34.90950402986,-43.97216719446,
    210.47615548532));
#896 = CARTESIAN_POINT('',(37.225430830277,-42.06061394969,
    211.95455544305));
#897 = CARTESIAN_POINT('',(39.359716658922,-40.07075521803,
    213.46164042402));
#898 = CARTESIAN_POINT('',(41.326281063297,-38.01243978745,
    214.98198760347));
#899 = CARTESIAN_POINT('',(43.1379200815,-35.89008465098,216.50311084877
    ));
#900 = CARTESIAN_POINT('',(44.805460986909,-33.70321115171,
    218.01384055786));
#901 = CARTESIAN_POINT('',(47.727022193312,-29.39831490385,
    220.85198654052));
#902 = CARTESIAN_POINT('',(49.00153266608,-27.29757202351,
    222.18012387464));
#903 = CARTESIAN_POINT('',(50.1663729989,-25.14253873092,223.47570587394
    ));
#904 = CARTESIAN_POINT('',(51.224217706677,-22.93068847059,
    224.72620494782));
#905 = CARTESIAN_POINT('',(52.174957534806,-20.65985567309,
    225.91543145852));
#906 = CARTESIAN_POINT('',(53.016515093111,-18.32822183871,
    227.02276178431));
#907 = CARTESIAN_POINT('',(53.745243775734,-15.93360573189,
    228.02321871139));
#908 = CARTESIAN_POINT('',(54.75264770155,-11.86908636287,
    229.45250727498));
#909 = CARTESIAN_POINT('',(55.101412702321,-10.23055415402,
    229.96151775166));
#910 = CARTESIAN_POINT('',(55.396859472519,-8.564591554883,
    230.4038380632));
#911 = CARTESIAN_POINT('',(55.636019708663,-6.877551625724,
    230.76935303524));
#912 = CARTESIAN_POINT('',(55.817055731184,-5.174284108859,
    231.0500170997));
#913 = CARTESIAN_POINT('',(55.938720415396,-3.458432326122,
    231.2399875097));
#914 = CARTESIAN_POINT('',(56.,-1.732830741119,231.33567231914));
#915 = CARTESIAN_POINT('',(56.,-1.42108547152E-14,231.33567231914));
#916 = PCURVE('',#31,#917);
#917 = DEFINITIONAL_REPRESENTATION('',(#918),#1131);
#918 = B_SPLINE_CURVE_WITH_KNOTS('',8,(#919,#920,#921,#922,#923,#924,
    #925,#926,#927,#928,#929,#930,#931,#932,#933,#934,#935,#936,#937,
    #938,#939,#940,#941,#942,#943,#944,#945,#946,#947,#948,#949,#950,
    #951,#952,#953,#954,#955,#956,#957,#958,#959,#960,#961,#962,#963,
    #964,#965,#966,#967,#968,#969,#970,#971,#972,#973,#974,#975,#976,
    #977,#978,#979,#980,#981,#982,#983,#984,#985,#986,#987,#988,#989,
    #990,#991,#992,#993,#994,#995,#996,#997,#998,#999,#1000,#1001,#1002,
    #1003,#1004,#1005,#1006,#1007,#1008,#1009,#1010,#1011,#1012,#1013,
    #1014,#1015,#1016,#1017,#1018,#1019,#1020,#1021,#1022,#1023,#1024,
    #1025,#1026,#1027,#1028,#1029,#1030,#1031,#1032,#1033,#1034,#1035,
    #1036,#1037,#1038,#1039,#1040,#1041,#1042,#1043,#1044,#1045,#1046,
    #1047,#1048,#1049,#1050,#1051,#1052,#1053,#1054,#1055,#1056,#1057,
    #1058,#1059,#1060,#1061,#1062,#1063,#1064,#1065,#1066,#1067,#1068,
    #1069,#1070,#1071,#1072,#1073,#1074,#1075,#1076,#1077,#1078,#1079,
    #1080,#1081,#1082,#1083,#1084,#1085,#1086,#1087,#1088,#1089,#1090,
    #1091,#1092,#1093,#1094,#1095,#1096,#1097,#1098,#1099,#1100,#1101,
    #1102,#1103,#1104,#1105,#1106,#1107,#1108,#1109,#1110,#1111,#1112,
    #1113,#1114,#1115,#1116,#1117,#1118,#1119,#1120,#1121,#1122,#1123,
    #1124,#1125,#1126,#1127,#1128,#1129,#1130),.UNSPECIFIED.,.T.,.F.,(9,
    7,7,7,7,7,7,7,7,7,7,7,7,7,7,7,7,7,7,7,7,7,7,7,7,7,7,7,7,7,9),(0.,
    4.169448346494E-02,0.10558817355,0.176097505255,0.201221764842,
    0.220175129214,0.230142024457,0.249926917042,0.269711809544,
    0.279548232046,0.298592275219,0.323923989107,0.394323292237,
    0.458240837931,0.473558851683,0.499975315627,0.526467352067,
    0.541782138429,0.605682040197,0.676198226753,0.701324928898,
    0.720280135897,0.730248001285,0.750034821893,0.769821642502,
    0.779659024156,0.798704925396,0.824039111089,0.89444528294,
    0.958369064945,1.),.UNSPECIFIED.);
#919 = CARTESIAN_POINT('',(2.140417645868,70.));
#920 = CARTESIAN_POINT('',(2.140417645868,71.735847914651));
#921 = CARTESIAN_POINT('',(2.142132257941,73.464413104906));
#922 = CARTESIAN_POINT('',(2.145536270595,75.183173371586));
#923 = CARTESIAN_POINT('',(2.150575642309,76.889290056713));
#924 = CARTESIAN_POINT('',(2.15716570291,78.579109481081));
#925 = CARTESIAN_POINT('',(2.165189719356,80.247762919649));
#926 = CARTESIAN_POINT('',(2.174496980746,81.888868328528));
#927 = CARTESIAN_POINT('',(2.200840731161,85.954598242016));
#928 = CARTESIAN_POINT('',(2.219463586891,88.348078010114));
#929 = CARTESIAN_POINT('',(2.24038065018,90.678682467872));
#930 = CARTESIAN_POINT('',(2.263269410901,92.948610006662));
#931 = CARTESIAN_POINT('',(2.287886094008,95.159657483364));
#932 = CARTESIAN_POINT('',(2.314068862309,97.313922832186));
#933 = CARTESIAN_POINT('',(2.341735650092,99.413823860204));
#934 = CARTESIAN_POINT('',(2.403045838528,103.72088615517));
#935 = CARTESIAN_POINT('',(2.436927251619,105.91072565946));
#936 = CARTESIAN_POINT('',(2.472527559313,108.03583731993));
#937 = CARTESIAN_POINT('',(2.509920441169,110.09669637202));
#938 = CARTESIAN_POINT('',(2.549214770008,112.08884028416));
#939 = CARTESIAN_POINT('',(2.590540011191,114.00232940108));
#940 = CARTESIAN_POINT('',(2.634040335466,115.82115664005));
#941 = CARTESIAN_POINT('',(2.696206666929,118.12843046714));
#942 = CARTESIAN_POINT('',(2.712846826266,118.72007862796));
#943 = CARTESIAN_POINT('',(2.729803249828,119.29614495383));
#944 = CARTESIAN_POINT('',(2.747083977277,119.85542191468));
#945 = CARTESIAN_POINT('',(2.764697060224,120.39656770993));
#946 = CARTESIAN_POINT('',(2.782650589608,120.91810209645));
#947 = CARTESIAN_POINT('',(2.800952723055,121.41840221644));
#948 = CARTESIAN_POINT('',(2.833687773672,122.25576352211));
#949 = CARTESIAN_POINT('',(2.847969552306,122.60280438424));
#950 = CARTESIAN_POINT('',(2.862454085075,122.9358823057));
#951 = CARTESIAN_POINT('',(2.877138564838,123.25406101403));
#952 = CARTESIAN_POINT('',(2.892020355243,123.55640591312));
#953 = CARTESIAN_POINT('',(2.907097005591,123.84198332608));
#954 = CARTESIAN_POINT('',(2.922366265682,124.10985973805));
#955 = CARTESIAN_POINT('',(2.945955873995,124.49016810906));
#956 = CARTESIAN_POINT('',(2.954137126503,124.61606223733));
#957 = CARTESIAN_POINT('',(2.962367990526,124.73662538394));
#958 = CARTESIAN_POINT('',(2.970646628532,124.85170619301));
#959 = CARTESIAN_POINT('',(2.97897123313,124.96115999264));
#960 = CARTESIAN_POINT('',(2.987340027073,125.06484879491));
#961 = CARTESIAN_POINT('',(2.995751263254,125.1626412959));
#962 = CARTESIAN_POINT('',(3.0209808817,125.4365850369));
#963 = CARTESIAN_POINT('',(3.037926282034,125.59511061789));
#964 = CARTESIAN_POINT('',(3.05501138867,125.72881783659));
#965 = CARTESIAN_POINT('',(3.072208906829,125.83676317941));
#966 = CARTESIAN_POINT('',(3.089492096054,125.91823059915));
#967 = CARTESIAN_POINT('',(3.106834582266,125.9727307129));
#968 = CARTESIAN_POINT('',(3.124210169826,126.));
#969 = CARTESIAN_POINT('',(3.15897513728,126.));
#970 = CARTESIAN_POINT('',(3.176350724955,125.97273071251));
#971 = CARTESIAN_POINT('',(3.193693211199,125.91823059894));
#972 = CARTESIAN_POINT('',(3.210976400351,125.83676317974));
#973 = CARTESIAN_POINT('',(3.228173918437,125.72881783715));
#974 = CARTESIAN_POINT('',(3.245259025104,125.59511061795));
#975 = CARTESIAN_POINT('',(3.262204425551,125.43658503613));
#976 = CARTESIAN_POINT('',(3.287323402592,125.16384264188));
#977 = CARTESIAN_POINT('',(3.295625075667,125.06740788017));
#978 = CARTESIAN_POINT('',(3.303885442676,124.96522843129));
#979 = CARTESIAN_POINT('',(3.312102816463,124.85743050136));
#980 = CARTESIAN_POINT('',(3.320275481726,124.74414666187));
#981 = CARTESIAN_POINT('',(3.32840169502,124.62551584963));
#982 = CARTESIAN_POINT('',(3.336479684757,124.50168336683));
#983 = CARTESIAN_POINT('',(3.360050389392,124.12327483385));
#984 = CARTESIAN_POINT('',(3.375401060298,123.85489275586));
#985 = CARTESIAN_POINT('',(3.390557532418,123.5686022169));
#986 = CARTESIAN_POINT('',(3.40551745366,123.26535077619));
#987 = CARTESIAN_POINT('',(3.420278266108,122.94608676276));
#988 = CARTESIAN_POINT('',(3.434837220777,122.61176005593));
#989 = CARTESIAN_POINT('',(3.449191392369,122.26332286582));
#990 = CARTESIAN_POINT('',(3.48215460509,121.42075313299));
#991 = CARTESIAN_POINT('',(3.50060865952,120.9163738594));
#992 = CARTESIAN_POINT('',(3.518708323153,120.39040754348));
#993 = CARTESIAN_POINT('',(3.536461964583,119.84451725307));
#994 = CARTESIAN_POINT('',(3.553877883642,119.28021861453));
#995 = CARTESIAN_POINT('',(3.57096433987,118.69888415397));
#996 = CARTESIAN_POINT('',(3.587729580987,118.10174763839));
#997 = CARTESIAN_POINT('',(3.649904390658,115.78954755639));
#998 = CARTESIAN_POINT('',(3.693302974384,113.97216719457));
#999 = CARTESIAN_POINT('',(3.734535598008,112.06061394962));
#1000 = CARTESIAN_POINT('',(3.77374547754,110.07075521814));
#1001 = CARTESIAN_POINT('',(3.811061118606,108.01243978727));
#1002 = CARTESIAN_POINT('',(3.84659042829,105.89008465116));
#1003 = CARTESIAN_POINT('',(3.880406168938,103.70321115162));
#1004 = CARTESIAN_POINT('',(3.941656621627,99.398314904007));
#1005 = CARTESIAN_POINT('',(3.969319891921,97.29757202356));
#1006 = CARTESIAN_POINT('',(3.995496898461,95.14253873097));
#1007 = CARTESIAN_POINT('',(4.020106724675,92.930688470564));
#1008 = CARTESIAN_POINT('',(4.042987595249,90.65985567301));
#1009 = CARTESIAN_POINT('',(4.063894959673,88.328221838706));
#1010 = CARTESIAN_POINT('',(4.082505088301,85.933605731829));
#1011 = CARTESIAN_POINT('',(4.102245793677,82.882241498437));
#1012 = CARTESIAN_POINT('',(4.105907177337,82.288610778972));
#1013 = CARTESIAN_POINT('',(4.109407126017,81.691388441052));
#1014 = CARTESIAN_POINT('',(4.112739339498,81.090698802773));
#1015 = CARTESIAN_POINT('',(4.115897709322,80.486648685558));
#1016 = CARTESIAN_POINT('',(4.118876313986,79.879327441962));
#1017 = CARTESIAN_POINT('',(4.121669414125,79.268806983464));
#1018 = CARTESIAN_POINT('',(4.128758747905,77.596854210597));
#1019 = CARTESIAN_POINT('',(4.132681716647,76.528292591101));
#1020 = CARTESIAN_POINT('',(4.136002477445,75.451508681456));
#1021 = CARTESIAN_POINT('',(4.138690799427,74.368277490618));
#1022 = CARTESIAN_POINT('',(4.140723798417,73.280156205564));
#1023 = CARTESIAN_POINT('',(4.142085699535,72.188543333433));
#1024 = CARTESIAN_POINT('',(4.142767661312,71.094738085073));
#1025 = CARTESIAN_POINT('',(4.142767661312,68.902130076787));
#1026 = CARTESIAN_POINT('',(4.142081792069,67.805205487492));
#1027 = CARTESIAN_POINT('',(4.140712108911,66.710493569771));
#1028 = CARTESIAN_POINT('',(4.138667554191,65.619301930947));
#1029 = CARTESIAN_POINT('',(4.135964073334,64.53303881516));
#1030 = CARTESIAN_POINT('',(4.132624793389,63.453273223267));
#1031 = CARTESIAN_POINT('',(4.128680264114,62.381794785484));
#1032 = CARTESIAN_POINT('',(4.121560706215,60.707249516511));
#1033 = CARTESIAN_POINT('',(4.118761844071,60.096973599126));
#1034 = CARTESIAN_POINT('',(4.115777737514,59.489899599828));
#1035 = CARTESIAN_POINT('',(4.112614124061,58.886098830274));
#1036 = CARTESIAN_POINT('',(4.109276921161,58.285659976334));
#1037 = CARTESIAN_POINT('',(4.105772230986,57.688689125833));
#1038 = CARTESIAN_POINT('',(4.102106345211,57.095309796295));
#1039 = CARTESIAN_POINT('',(4.082344576018,54.045401757931));
#1040 = CARTESIAN_POINT('',(4.063721720288,51.651921989792));
#1041 = CARTESIAN_POINT('',(4.042804656999,49.32131753207));
#1042 = CARTESIAN_POINT('',(4.019915896278,47.051389993342));
#1043 = CARTESIAN_POINT('',(3.995299213173,44.840342516692));
#1044 = CARTESIAN_POINT('',(3.969116444872,42.686077167894));
#1045 = CARTESIAN_POINT('',(3.941449657088,40.586176139851));
#1046 = CARTESIAN_POINT('',(3.88013946865,36.279113844728));
#1047 = CARTESIAN_POINT('',(3.846258055566,34.089274340867));
#1048 = CARTESIAN_POINT('',(3.810657747857,31.964162679453));
#1049 = CARTESIAN_POINT('',(3.773264866023,29.903303628656));
#1050 = CARTESIAN_POINT('',(3.733970537162,27.911159715338));
#1051 = CARTESIAN_POINT('',(3.692645295994,25.997670599151));
#1052 = CARTESIAN_POINT('',(3.649144971712,24.178843359878));
#1053 = CARTESIAN_POINT('',(3.58697864025,21.871569532853));
#1054 = CARTESIAN_POINT('',(3.570338480913,21.279921372036));
#1055 = CARTESIAN_POINT('',(3.553382057351,20.703855046161));
#1056 = CARTESIAN_POINT('',(3.536101329903,20.144578085315));
#1057 = CARTESIAN_POINT('',(3.518488246955,19.603432290063));
#1058 = CARTESIAN_POINT('',(3.500534717572,19.08189790354));
#1059 = CARTESIAN_POINT('',(3.482232584125,18.581597783551));
#1060 = CARTESIAN_POINT('',(3.449497533509,17.744236477914));
#1061 = CARTESIAN_POINT('',(3.435215754874,17.39719561576));
#1062 = CARTESIAN_POINT('',(3.420731222104,17.064117694274));
#1063 = CARTESIAN_POINT('',(3.406046742341,16.745938985945));
#1064 = CARTESIAN_POINT('',(3.391164951936,16.443594086867));
#1065 = CARTESIAN_POINT('',(3.376088301589,16.158016673923));
#1066 = CARTESIAN_POINT('',(3.360819041499,15.89014026197));
#1067 = CARTESIAN_POINT('',(3.337229432227,15.509831875497));
#1068 = CARTESIAN_POINT('',(3.329048180323,15.383937754965));
#1069 = CARTESIAN_POINT('',(3.320817317172,15.263374621187));
#1070 = CARTESIAN_POINT('',(3.312538679535,15.148293818908));
#1071 = CARTESIAN_POINT('',(3.304214074547,15.038840015866));
#1072 = CARTESIAN_POINT('',(3.295845279719,14.935151202785));
#1073 = CARTESIAN_POINT('',(3.287434042938,14.837358693381));
#1074 = CARTESIAN_POINT('',(3.26220442555,14.563414963864));
#1075 = CARTESIAN_POINT('',(3.245259025103,14.404889382045));
#1076 = CARTESIAN_POINT('',(3.228173918438,14.271182162845));
#1077 = CARTESIAN_POINT('',(3.210976400352,14.16323682026));
#1078 = CARTESIAN_POINT('',(3.1936932112,14.081769401054));
#1079 = CARTESIAN_POINT('',(3.176350724955,14.02726928748));
#1080 = CARTESIAN_POINT('',(3.158975137279,14.));
#1081 = CARTESIAN_POINT('',(3.1242101699,14.));
#1082 = CARTESIAN_POINT('',(3.106834582225,14.02726928748));
#1083 = CARTESIAN_POINT('',(3.08949209598,14.081769401054));
#1084 = CARTESIAN_POINT('',(3.072208906828,14.16323682026));
#1085 = CARTESIAN_POINT('',(3.055011388742,14.271182162845));
#1086 = CARTESIAN_POINT('',(3.037926282076,14.404889382045));
#1087 = CARTESIAN_POINT('',(3.020980881629,14.563414963864));
#1088 = CARTESIAN_POINT('',(2.995861904114,14.836157363258));
#1089 = CARTESIAN_POINT('',(2.987560231325,14.932592120965));
#1090 = CARTESIAN_POINT('',(2.97929986474,15.03477156468));
#1091 = CARTESIAN_POINT('',(2.971082491141,15.142569492941));
#1092 = CARTESIAN_POINT('',(2.962909825705,15.255853335624));
#1093 = CARTESIAN_POINT('',(2.954783611995,15.374484153941));
#1094 = CARTESIAN_POINT('',(2.946705621969,15.498316640443));
#1095 = CARTESIAN_POINT('',(2.923134917786,15.876725166167));
#1096 = CARTESIAN_POINT('',(2.907784246881,16.145107244145));
#1097 = CARTESIAN_POINT('',(2.892627774763,16.431397783086));
#1098 = CARTESIAN_POINT('',(2.87766785352,16.734649223788));
#1099 = CARTESIAN_POINT('',(2.862907041072,17.053913237226));
#1100 = CARTESIAN_POINT('',(2.848348086403,17.388239944071));
#1101 = CARTESIAN_POINT('',(2.83399391481,17.736677134199));
#1102 = CARTESIAN_POINT('',(2.801030701889,18.579246872137));
#1103 = CARTESIAN_POINT('',(2.782576647752,19.083626137286));
#1104 = CARTESIAN_POINT('',(2.764476984216,19.609592451124));
#1105 = CARTESIAN_POINT('',(2.746723342618,20.155482747142));
#1106 = CARTESIAN_POINT('',(2.729307423373,20.719781391056));
#1107 = CARTESIAN_POINT('',(2.7122209672,21.301115849019));
#1108 = CARTESIAN_POINT('',(2.695455726348,21.898252355828));
#1109 = CARTESIAN_POINT('',(2.633280916524,24.210452443535));
#1110 = CARTESIAN_POINT('',(2.589882332793,26.027832805537));
#1111 = CARTESIAN_POINT('',(2.548649709172,27.939386050301));
#1112 = CARTESIAN_POINT('',(2.50943982964,29.929244781966));
#1113 = CARTESIAN_POINT('',(2.472124188575,31.98756021255));
#1114 = CARTESIAN_POINT('',(2.436594878887,34.109915349012));
#1115 = CARTESIAN_POINT('',(2.402779138243,36.296788848288));
#1116 = CARTESIAN_POINT('',(2.34152868555,40.601685096145));
#1117 = CARTESIAN_POINT('',(2.313865415258,42.702427976483));
#1118 = CARTESIAN_POINT('',(2.287688408718,44.857461269078));
#1119 = CARTESIAN_POINT('',(2.263078582505,47.069311529401));
#1120 = CARTESIAN_POINT('',(2.240197711931,49.340144326903));
#1121 = CARTESIAN_POINT('',(2.219290347506,51.671778161285));
#1122 = CARTESIAN_POINT('',(2.200680218879,54.066394268105));
#1123 = CARTESIAN_POINT('',(2.174384938073,58.13091363713));
#1124 = CARTESIAN_POINT('',(2.165107074243,59.76944584598));
#1125 = CARTESIAN_POINT('',(2.157109127037,61.435408445117));
#1126 = CARTESIAN_POINT('',(2.150540960365,63.122448374276));
#1127 = CARTESIAN_POINT('',(2.145518633426,64.825715891141));
#1128 = CARTESIAN_POINT('',(2.142126302567,66.541567673878));
#1129 = CARTESIAN_POINT('',(2.140417645868,68.267169258881));
#1130 = CARTESIAN_POINT('',(2.140417645868,70.));
#1131 = ( GEOMETRIC_REPRESENTATION_CONTEXT(2) 
PARAMETRIC_REPRESENTATION_CONTEXT() REPRESENTATION_CONTEXT('2D SPACE',''
  ) );
#1132 = PCURVE('',#1133,#1138);
#1133 = CYLINDRICAL_SURFACE('',#1134,56.);
#1134 = AXIS2_PLACEMENT_3D('',#1135,#1136,#1137);
#1135 = CARTESIAN_POINT('',(0.,0.,187.2));
#1136 = DIRECTION('',(0.,0.,1.));
#1137 = DIRECTION('',(1.,0.,-0.));
#1138 = DEFINITIONAL_REPRESENTATION('',(#1139),#1352);
#1139 = B_SPLINE_CURVE_WITH_KNOTS('',8,(#1140,#1141,#1142,#1143,#1144,
    #1145,#1146,#1147,#1148,#1149,#1150,#1151,#1152,#1153,#1154,#1155,
    #1156,#1157,#1158,#1159,#1160,#1161,#1162,#1163,#1164,#1165,#1166,
    #1167,#1168,#1169,#1170,#1171,#1172,#1173,#1174,#1175,#1176,#1177,
    #1178,#1179,#1180,#1181,#1182,#1183,#1184,#1185,#1186,#1187,#1188,
    #1189,#1190,#1191,#1192,#1193,#1194,#1195,#1196,#1197,#1198,#1199,
    #1200,#1201,#1202,#1203,#1204,#1205,#1206,#1207,#1208,#1209,#1210,
    #1211,#1212,#1213,#1214,#1215,#1216,#1217,#1218,#1219,#1220,#1221,
    #1222,#1223,#1224,#1225,#1226,#1227,#1228,#1229,#1230,#1231,#1232,
    #1233,#1234,#1235,#1236,#1237,#1238,#1239,#1240,#1241,#1242,#1243,
    #1244,#1245,#1246,#1247,#1248,#1249,#1250,#1251,#1252,#1253,#1254,
    #1255,#1256,#1257,#1258,#1259,#1260,#1261,#1262,#1263,#1264,#1265,
    #1266,#1267,#1268,#1269,#1270,#1271,#1272,#1273,#1274,#1275,#1276,
    #1277,#1278,#1279,#1280,#1281,#1282,#1283,#1284,#1285,#1286,#1287,
    #1288,#1289,#1290,#1291,#1292,#1293,#1294,#1295,#1296,#1297,#1298,
    #1299,#1300,#1301,#1302,#1303,#1304,#1305,#1306,#1307,#1308,#1309,
    #1310,#1311,#1312,#1313,#1314,#1315,#1316,#1317,#1318,#1319,#1320,
    #1321,#1322,#1323,#1324,#1325,#1326,#1327,#1328,#1329,#1330,#1331,
    #1332,#1333,#1334,#1335,#1336,#1337,#1338,#1339,#1340,#1341,#1342,
    #1343,#1344,#1345,#1346,#1347,#1348,#1349,#1350,#1351),
  .UNSPECIFIED.,.F.,.F.,(9,7,7,7,7,7,7,7,7,7,7,7,7,7,7,7,7,7,7,7,7,7,7,7
    ,7,7,7,7,7,7,9),(0.,4.169448346494E-02,0.10558817355,0.176097505255,
    0.201221764842,0.220175129214,0.230142024457,0.249926917042,
    0.269711809544,0.279548232046,0.298592275219,0.323923989107,
    0.394323292237,0.458240837931,0.473558851683,0.499975315627,
    0.526467352067,0.541782138429,0.605682040197,0.676198226753,
    0.701324928898,0.720280135897,0.730248001285,0.750034821893,
    0.769821642502,0.779659024156,0.798704925396,0.824039111089,
    0.89444528294,0.958369064945,1.),.UNSPECIFIED.);
#1140 = CARTESIAN_POINT('',(0.,44.135672319141));
#1141 = CARTESIAN_POINT('',(3.09972841902E-02,44.135672319141));
#1142 = CARTESIAN_POINT('',(6.186451758881E-02,44.039654008194));
#1143 = CARTESIAN_POINT('',(9.260205779992E-02,43.849029419809));
#1144 = CARTESIAN_POINT('',(0.123202964503,43.56741493993));
#1145 = CARTESIAN_POINT('',(0.153644129896,43.20068974071));
#1146 = CARTESIAN_POINT('',(0.183878317642,42.756947187609));
#1147 = CARTESIAN_POINT('',(0.213825951144,42.246360270526));
#1148 = CARTESIAN_POINT('',(0.288632637882,40.814582193323));
#1149 = CARTESIAN_POINT('',(0.333252511529,39.813561725768));
#1150 = CARTESIAN_POINT('',(0.377409148985,38.705870141957));
#1151 = CARTESIAN_POINT('',(0.421249789189,37.516413861687));
#1152 = CARTESIAN_POINT('',(0.464915736981,36.265773942053));
#1153 = CARTESIAN_POINT('',(0.508562792239,34.970145622737));
#1154 = CARTESIAN_POINT('',(0.552374560026,33.642111347399));
#1155 = CARTESIAN_POINT('',(0.645345613251,30.801799317455));
#1156 = CARTESIAN_POINT('',(0.69446120118,29.2885838123));
#1157 = CARTESIAN_POINT('',(0.744248008629,27.765033627724));
#1158 = CARTESIAN_POINT('',(0.795009719797,26.242356392095));
#1159 = CARTESIAN_POINT('',(0.847031158775,24.733100809158));
#1160 = CARTESIAN_POINT('',(0.900583783558,23.252785849473));
#1161 = CARTESIAN_POINT('',(0.95593414401,21.821152421417));
#1162 = CARTESIAN_POINT('',(1.033817138601,19.979482744178));
#1163 = CARTESIAN_POINT('',(1.054555969736,19.504669139116));
#1164 = CARTESIAN_POINT('',(1.075585897371,19.040030645203));
#1165 = CARTESIAN_POINT('',(1.096919944973,18.586827122092));
#1166 = CARTESIAN_POINT('',(1.118571073636,18.146425790954));
#1167 = CARTESIAN_POINT('',(1.140552295342,17.720305501653));
#1168 = CARTESIAN_POINT('',(1.162876786207,17.310060999932));
#1169 = CARTESIAN_POINT('',(1.202668366843,16.62119505674));
#1170 = CARTESIAN_POINT('',(1.21998494156,16.334938275991));
#1171 = CARTESIAN_POINT('',(1.237505567166,16.059519483826));
#1172 = CARTESIAN_POINT('',(1.255228441203,15.795820773745));
#1173 = CARTESIAN_POINT('',(1.273152130417,15.544722751732));
#1174 = CARTESIAN_POINT('',(1.291275585687,15.307103586716));
#1175 = CARTESIAN_POINT('',(1.309598156962,15.083838061031));
#1176 = CARTESIAN_POINT('',(1.337859375783,14.766395081416));
#1177 = CARTESIAN_POINT('',(1.347652676328,14.66121985226));
#1178 = CARTESIAN_POINT('',(1.357497600282,14.560416317452));
#1179 = CARTESIAN_POINT('',(1.367392291985,14.464123761932));
#1180 = CARTESIAN_POINT('',(1.377334949654,14.372475371547));
#1181 = CARTESIAN_POINT('',(1.387323825385,14.285598233038));
#1182 = CARTESIAN_POINT('',(1.397357225152,14.203613334053));
#1183 = CARTESIAN_POINT('',(1.427435544041,13.973830011165));
#1184 = CARTESIAN_POINT('',(1.44761521761,13.840688146376));
#1185 = CARTESIAN_POINT('',(1.46794223907,13.72827305622));
#1186 = CARTESIAN_POINT('',(1.488387550495,13.637444747142));
#1187 = CARTESIAN_POINT('',(1.50892301668,13.568858508594));
#1188 = CARTESIAN_POINT('',(1.529521115343,13.522963277046));
#1189 = CARTESIAN_POINT('',(1.550154627326,13.5));
#1190 = CARTESIAN_POINT('',(1.591438026177,13.5));
#1191 = CARTESIAN_POINT('',(1.612071538296,13.52296327737));
#1192 = CARTESIAN_POINT('',(1.632669636997,13.568858508773));
#1193 = CARTESIAN_POINT('',(1.653205103095,13.637444746871));
#1194 = CARTESIAN_POINT('',(1.673650414434,13.728273055743));
#1195 = CARTESIAN_POINT('',(1.69397743593,13.840688146322));
#1196 = CARTESIAN_POINT('',(1.714157109634,13.973830011816));
#1197 = CARTESIAN_POINT('',(1.744103523736,14.202605648055));
#1198 = CARTESIAN_POINT('',(1.754006156865,14.283452798639));
#1199 = CARTESIAN_POINT('',(1.763865457324,14.369066541267));
#1200 = CARTESIAN_POINT('',(1.773679787694,14.459330593496));
#1201 = CARTESIAN_POINT('',(1.783447459984,14.554122864063));
#1202 = CARTESIAN_POINT('',(1.793166735626,14.653315452884));
#1203 = CARTESIAN_POINT('',(1.80283582548,14.756774651058));
#1204 = CARTESIAN_POINT('',(1.83107223936,15.072655973673));
#1205 = CARTESIAN_POINT('',(1.84949111014,15.296360114108));
#1206 = CARTESIAN_POINT('',(1.867709189257,15.534590531561));
#1207 = CARTESIAN_POINT('',(1.885725740043,15.786459424576));
#1208 = CARTESIAN_POINT('',(1.903539616561,16.051075002699));
#1209 = CARTESIAN_POINT('',(1.921149278095,16.327542468321));
#1210 = CARTESIAN_POINT('',(1.938552803637,16.614964998534));
#1211 = CARTESIAN_POINT('',(1.978620224972,17.308141759355));
#1212 = CARTESIAN_POINT('',(2.001129770187,17.72173729032));
#1213 = CARTESIAN_POINT('',(2.023290342493,18.151472756452));
#1214 = CARTESIAN_POINT('',(2.045115455231,18.595713863544));
#1215 = CARTESIAN_POINT('',(2.066618452666,19.052946133687));
#1216 = CARTESIAN_POINT('',(2.087812628031,19.52177045235));
#1217 = CARTESIAN_POINT('',(2.108711341574,20.000898615465));
#1218 = CARTESIAN_POINT('',(2.186624228023,21.846043963957));
#1219 = CARTESIAN_POINT('',(2.24185964501,23.276155485239));
#1220 = CARTESIAN_POINT('',(2.295306905418,24.754555443093));
#1221 = CARTESIAN_POINT('',(2.34723121782,26.26164042397));
#1222 = CARTESIAN_POINT('',(2.397902664757,27.781987603578));
#1223 = CARTESIAN_POINT('',(2.447604555244,29.303110848662));
#1224 = CARTESIAN_POINT('',(2.4966388541,30.813840557917));
#1225 = CARTESIAN_POINT('',(2.589543463508,33.651986540427));
#1226 = CARTESIAN_POINT('',(2.633363905539,34.980123874616));
#1227 = CARTESIAN_POINT('',(2.677018548878,36.275705873936));
#1228 = CARTESIAN_POINT('',(2.720693208143,37.526204947848));
#1229 = CARTESIAN_POINT('',(2.7645448463,38.715431458563));
#1230 = CARTESIAN_POINT('',(2.80871507754,39.82276178432));
#1231 = CARTESIAN_POINT('',(2.853350831285,40.82321871142));
#1232 = CARTESIAN_POINT('',(2.909488186193,41.896231189932));
#1233 = CARTESIAN_POINT('',(2.920376121224,42.095884597923));
#1234 = CARTESIAN_POINT('',(2.931298340238,42.287305586151));
#1235 = CARTESIAN_POINT('',(2.942254199521,42.470057154651));
#1236 = CARTESIAN_POINT('',(2.953243441971,42.643714595867));
#1237 = CARTESIAN_POINT('',(2.964266188267,42.807866377737));
#1238 = CARTESIAN_POINT('',(2.975322928043,42.962115026768));
#1239 = CARTESIAN_POINT('',(3.00554234365,43.354347339458));
#1240 = CARTESIAN_POINT('',(3.024790457359,43.572242887347));
#1241 = CARTESIAN_POINT('',(3.044131004619,43.757287608842));
#1242 = CARTESIAN_POINT('',(3.063542243714,43.907461462799));
#1243 = CARTESIAN_POINT('',(3.08300704741,44.021216040941));
#1244 = CARTESIAN_POINT('',(3.10251152521,44.097482431596));
#1245 = CARTESIAN_POINT('',(3.122043759213,44.135672319141));
#1246 = CARTESIAN_POINT('',(3.161197473647,44.135672319141));
#1247 = CARTESIAN_POINT('',(3.18078541012,44.097263612887));
#1248 = CARTESIAN_POINT('',(3.200345326125,44.020561429557));
#1249 = CARTESIAN_POINT('',(3.219865249873,43.906160803118));
#1250 = CARTESIAN_POINT('',(3.239331210572,43.755142314008));
#1251 = CARTESIAN_POINT('',(3.258725958604,43.569070960529));
#1252 = CARTESIAN_POINT('',(3.27802756998,43.34998815996));
#1253 = CARTESIAN_POINT('',(3.308295915969,42.956110608743));
#1254 = CARTESIAN_POINT('',(3.319349039877,42.801555135753));
#1255 = CARTESIAN_POINT('',(3.3303681634,42.637113081877));
#1256 = CARTESIAN_POINT('',(3.341353784293,42.463181862386));
#1257 = CARTESIAN_POINT('',(3.352306032685,42.280172805875));
#1258 = CARTESIAN_POINT('',(3.363224662311,42.08851027377));
#1259 = CARTESIAN_POINT('',(3.374109041732,41.888630779839));
#1260 = CARTESIAN_POINT('',(3.430225291472,40.814582193304));
#1261 = CARTESIAN_POINT('',(3.474845165121,39.81356172573));
#1262 = CARTESIAN_POINT('',(3.519001802576,38.705870141917));
#1263 = CARTESIAN_POINT('',(3.562842442778,37.516413861682));
#1264 = CARTESIAN_POINT('',(3.606508390569,36.265773942089));
#1265 = CARTESIAN_POINT('',(3.650155445827,34.970145622783));
#1266 = CARTESIAN_POINT('',(3.693967213615,33.642111347434));
#1267 = CARTESIAN_POINT('',(3.786938266842,30.801799317391));
#1268 = CARTESIAN_POINT('',(3.836053854762,29.288583812494));
#1269 = CARTESIAN_POINT('',(3.885840662235,27.765033627396));
#1270 = CARTESIAN_POINT('',(3.936602373366,26.242356392457));
#1271 = CARTESIAN_POINT('',(3.988623812381,24.733100808872));
#1272 = CARTESIAN_POINT('',(4.04217643714,23.252785849627));
#1273 = CARTESIAN_POINT('',(4.097526797602,21.821152421363));
#1274 = CARTESIAN_POINT('',(4.175409792191,19.979482744175));
#1275 = CARTESIAN_POINT('',(4.196148623326,19.504669139113));
#1276 = CARTESIAN_POINT('',(4.217178550961,19.040030645199));
#1277 = CARTESIAN_POINT('',(4.238512598563,18.586827122089));
#1278 = CARTESIAN_POINT('',(4.260163727226,18.146425790952));
#1279 = CARTESIAN_POINT('',(4.282144948932,17.720305501652));
#1280 = CARTESIAN_POINT('',(4.304469439797,17.310060999931));
#1281 = CARTESIAN_POINT('',(4.344261020431,16.621195056763));
#1282 = CARTESIAN_POINT('',(4.361577595149,16.334938275996));
#1283 = CARTESIAN_POINT('',(4.379098220757,16.05951948381));
#1284 = CARTESIAN_POINT('',(4.396821094795,15.795820773724));
#1285 = CARTESIAN_POINT('',(4.414744784007,15.544722751723));
#1286 = CARTESIAN_POINT('',(4.432868239276,15.307103586726));
#1287 = CARTESIAN_POINT('',(4.45119081055,15.08383806105));
#1288 = CARTESIAN_POINT('',(4.47945203052,14.766395068528));
#1289 = CARTESIAN_POINT('',(4.489245330345,14.661219845854));
#1290 = CARTESIAN_POINT('',(4.499090253255,14.560416321766));
#1291 = CARTESIAN_POINT('',(4.508984944515,14.464123771906));
#1292 = CARTESIAN_POINT('',(4.518927602647,14.372475378646));
#1293 = CARTESIAN_POINT('',(4.528916479435,14.285598231088));
#1294 = CARTESIAN_POINT('',(4.538949879918,14.203613325065));
#1295 = CARTESIAN_POINT('',(4.569028197546,13.973830011811));
#1296 = CARTESIAN_POINT('',(4.58920787125,13.840688146322));
#1297 = CARTESIAN_POINT('',(4.609534892746,13.728273055746));
#1298 = CARTESIAN_POINT('',(4.629980204084,13.637444746873));
#1299 = CARTESIAN_POINT('',(4.650515670183,13.568858508773));
#1300 = CARTESIAN_POINT('',(4.671113768884,13.522963277368));
#1301 = CARTESIAN_POINT('',(4.691747281003,13.5));
#1302 = CARTESIAN_POINT('',(4.733030679766,13.5));
#1303 = CARTESIAN_POINT('',(4.753664191885,13.522963277368));
#1304 = CARTESIAN_POINT('',(4.774262290587,13.568858508773));
#1305 = CARTESIAN_POINT('',(4.794797756686,13.637444746873));
#1306 = CARTESIAN_POINT('',(4.815243068024,13.728273055746));
#1307 = CARTESIAN_POINT('',(4.835570089519,13.840688146322));
#1308 = CARTESIAN_POINT('',(4.855749763224,13.973830011811));
#1309 = CARTESIAN_POINT('',(4.88569617789,14.20260565237));
#1310 = CARTESIAN_POINT('',(4.895598810677,14.283452799608));
#1311 = CARTESIAN_POINT('',(4.90545811063,14.369066537908));
#1312 = CARTESIAN_POINT('',(4.915272440776,14.459330588734));
#1313 = CARTESIAN_POINT('',(4.925040113275,14.554122861959));
#1314 = CARTESIAN_POINT('',(4.934759389414,14.653315455862));
#1315 = CARTESIAN_POINT('',(4.944428479613,14.75677465713));
#1316 = CARTESIAN_POINT('',(4.972664892951,15.072655973687));
#1317 = CARTESIAN_POINT('',(4.99108376373,15.296360114116));
#1318 = CARTESIAN_POINT('',(5.009301842846,15.534590531555));
#1319 = CARTESIAN_POINT('',(5.027318393632,15.786459424562));
#1320 = CARTESIAN_POINT('',(5.04513227015,16.051075002688));
#1321 = CARTESIAN_POINT('',(5.062741931685,16.327542468326));
#1322 = CARTESIAN_POINT('',(5.080145457228,16.614964998552));
#1323 = CARTESIAN_POINT('',(5.120212878806,17.308141763578));
#1324 = CARTESIAN_POINT('',(5.142722423662,17.72173728767));
#1325 = CARTESIAN_POINT('',(5.164882995851,18.151472752059));
#1326 = CARTESIAN_POINT('',(5.186708108798,18.595713863662));
#1327 = CARTESIAN_POINT('',(5.208211106461,19.052946138182));
#1328 = CARTESIAN_POINT('',(5.229405281754,19.5217704548));
#1329 = CARTESIAN_POINT('',(5.250303994969,20.00089861085));
#1330 = CARTESIAN_POINT('',(5.328216881611,21.846043963903));
#1331 = CARTESIAN_POINT('',(5.383452298604,23.276155485322));
#1332 = CARTESIAN_POINT('',(5.436899559002,24.754555443049));
#1333 = CARTESIAN_POINT('',(5.488823871417,26.261640424033));
#1334 = CARTESIAN_POINT('',(5.53949531834,27.781987603471));
#1335 = CARTESIAN_POINT('',(5.589197208839,29.303110848776));
#1336 = CARTESIAN_POINT('',(5.638231507688,30.813840557862));
#1337 = CARTESIAN_POINT('',(5.731136117101,33.651986540527));
#1338 = CARTESIAN_POINT('',(5.77495655913,34.980123874644));
#1339 = CARTESIAN_POINT('',(5.818611202469,36.275705873948));
#1340 = CARTESIAN_POINT('',(5.862285861732,37.52620494783));
#1341 = CARTESIAN_POINT('',(5.906137499888,38.715431458525));
#1342 = CARTESIAN_POINT('',(5.950307731129,39.822761784309));
#1343 = CARTESIAN_POINT('',(5.994943484874,40.823218711397));
#1344 = CARTESIAN_POINT('',(6.069720322018,42.252507274981));
#1345 = CARTESIAN_POINT('',(6.099618781789,42.761517751665));
#1346 = CARTESIAN_POINT('',(6.129802707731,43.203838063206));
#1347 = CARTESIAN_POINT('',(6.160192885105,43.569353035247));
#1348 = CARTESIAN_POINT('',(6.190742222534,43.85001709971));
#1349 = CARTESIAN_POINT('',(6.221427589186,44.039987509706));
#1350 = CARTESIAN_POINT('',(6.252241901088,44.135672319141));
#1351 = CARTESIAN_POINT('',(6.28318530718,44.135672319141));
#1352 = ( GEOMETRIC_REPRESENTATION_CONTEXT(2) 
PARAMETRIC_REPRESENTATION_CONTEXT() REPRESENTATION_CONTEXT('2D SPACE',''
  ) );
#1353 = ADVANCED_FACE('',(#1354,#1357),#43,.F.);
#1354 = FACE_BOUND('',#1355,.F.);
#1355 = EDGE_LOOP('',(#1356));
#1356 = ORIENTED_EDGE('',*,*,#21,.T.);
#1357 = FACE_BOUND('',#1358,.F.);
#1358 = EDGE_LOOP('',(#1359));
#1359 = ORIENTED_EDGE('',*,*,#1360,.F.);
#1360 = EDGE_CURVE('',#1361,#1361,#1363,.T.);
#1361 = VERTEX_POINT('',#1362);
#1362 = CARTESIAN_POINT('',(-1.506315562951E-14,-70.,328.7));
#1363 = SURFACE_CURVE('',#1364,(#1369,#1376),.PCURVE_S1.);
#1364 = CIRCLE('',#1365,61.5);
#1365 = AXIS2_PLACEMENT_3D('',#1366,#1367,#1368);
#1366 = CARTESIAN_POINT('',(0.,-70.,267.2));
#1367 = DIRECTION('',(0.,1.,0.));
#1368 = DIRECTION('',(0.,-0.,1.));
#1369 = PCURVE('',#43,#1370);
#1370 = DEFINITIONAL_REPRESENTATION('',(#1371),#1375);
#1371 = CIRCLE('',#1372,61.5);
#1372 = AXIS2_PLACEMENT_2D('',#1373,#1374);
#1373 = CARTESIAN_POINT('',(0.,0.));
#1374 = DIRECTION('',(1.,0.));
#1375 = ( GEOMETRIC_REPRESENTATION_CONTEXT(2) 
PARAMETRIC_REPRESENTATION_CONTEXT() REPRESENTATION_CONTEXT('2D SPACE',''
  ) );
#1376 = PCURVE('',#1377,#1382);
#1377 = CYLINDRICAL_SURFACE('',#1378,61.5);
#1378 = AXIS2_PLACEMENT_3D('',#1379,#1380,#1381);
#1379 = CARTESIAN_POINT('',(0.,-71.,267.2));
#1380 = DIRECTION('',(0.,1.,0.));
#1381 = DIRECTION('',(0.,-0.,1.));
#1382 = DEFINITIONAL_REPRESENTATION('',(#1383),#1387);
#1383 = LINE('',#1384,#1385);
#1384 = CARTESIAN_POINT('',(0.,1.));
#1385 = VECTOR('',#1386,1.);
#1386 = DIRECTION('',(1.,0.));
#1387 = ( GEOMETRIC_REPRESENTATION_CONTEXT(2) 
PARAMETRIC_REPRESENTATION_CONTEXT() REPRESENTATION_CONTEXT('2D SPACE',''
  ) );
#1388 = ADVANCED_FACE('',(#1389),#260,.F.);
#1389 = FACE_BOUND('',#1390,.F.);
#1390 = EDGE_LOOP('',(#1391,#1392,#1415,#1543,#1815,#1941,#1942,#1943));
#1391 = ORIENTED_EDGE('',*,*,#406,.F.);
#1392 = ORIENTED_EDGE('',*,*,#1393,.F.);
#1393 = EDGE_CURVE('',#1394,#407,#1396,.T.);
#1394 = VERTEX_POINT('',#1395);
#1395 = CARTESIAN_POINT('',(50.,-1.224646799147E-14,303.00851853958));
#1396 = SEAM_CURVE('',#1397,(#1401,#1408),.PCURVE_S1.);
#1397 = LINE('',#1398,#1399);
#1398 = CARTESIAN_POINT('',(50.,-1.224646799147E-14,267.2));
#1399 = VECTOR('',#1400,1.);
#1400 = DIRECTION('',(0.,0.,1.));
#1401 = PCURVE('',#260,#1402);
#1402 = DEFINITIONAL_REPRESENTATION('',(#1403),#1407);
#1403 = LINE('',#1404,#1405);
#1404 = CARTESIAN_POINT('',(6.28318530718,-0.));
#1405 = VECTOR('',#1406,1.);
#1406 = DIRECTION('',(0.,1.));
#1407 = ( GEOMETRIC_REPRESENTATION_CONTEXT(2) 
PARAMETRIC_REPRESENTATION_CONTEXT() REPRESENTATION_CONTEXT('2D SPACE',''
  ) );
#1408 = PCURVE('',#260,#1409);
#1409 = DEFINITIONAL_REPRESENTATION('',(#1410),#1414);
#1410 = LINE('',#1411,#1412);
#1411 = CARTESIAN_POINT('',(0.,-0.));
#1412 = VECTOR('',#1413,1.);
#1413 = DIRECTION('',(0.,1.));
#1414 = ( GEOMETRIC_REPRESENTATION_CONTEXT(2) 
PARAMETRIC_REPRESENTATION_CONTEXT() REPRESENTATION_CONTEXT('2D SPACE',''
  ) );
#1415 = ORIENTED_EDGE('',*,*,#1416,.T.);
#1416 = EDGE_CURVE('',#1394,#1417,#1419,.T.);
#1417 = VERTEX_POINT('',#1418);
#1418 = CARTESIAN_POINT('',(-1.506315562951E-14,50.,328.7));
#1419 = SURFACE_CURVE('',#1420,(#1459,#1501),.PCURVE_S1.);
#1420 = B_SPLINE_CURVE_WITH_KNOTS('',7,(#1421,#1422,#1423,#1424,#1425,
    #1426,#1427,#1428,#1429,#1430,#1431,#1432,#1433,#1434,#1435,#1436,
    #1437,#1438,#1439,#1440,#1441,#1442,#1443,#1444,#1445,#1446,#1447,
    #1448,#1449,#1450,#1451,#1452,#1453,#1454,#1455,#1456,#1457,#1458),
  .UNSPECIFIED.,.F.,.F.,(8,6,6,6,6,6,8),(0.,0.17725725729,0.427205539728
    ,0.703322321622,0.80362972742,0.880400304398,1.),.UNSPECIFIED.);
#1421 = CARTESIAN_POINT('',(50.,-1.322866135334E-14,303.00851853958));
#1422 = CARTESIAN_POINT('',(50.,1.862940854345,303.00851853958));
#1423 = CARTESIAN_POINT('',(49.919020536449,3.718375575204,
    303.12159180332));
#1424 = CARTESIAN_POINT('',(49.758236249118,5.562032613541,
    303.34609548437));
#1425 = CARTESIAN_POINT('',(49.51910197344,7.389195642938,
    303.67660488862));
#1426 = CARTESIAN_POINT('',(49.203594309307,9.193662426533,
    304.10380221579));
#1427 = CARTESIAN_POINT('',(48.815246680685,10.967031250209,
    304.61474552839));
#1428 = CARTESIAN_POINT('',(47.719622528152,15.13963195442,
    306.00933262609));
#1429 = CARTESIAN_POINT('',(46.943373242,17.510597475627,306.96433605549
    ));
#1430 = CARTESIAN_POINT('',(46.038348714721,19.814767579149,
    308.02806362149));
#1431 = CARTESIAN_POINT('',(45.007891603159,22.053617526416,
    309.17322889736));
#1432 = CARTESIAN_POINT('',(43.853223040542,24.228221393378,
    310.37762005948));
#1433 = CARTESIAN_POINT('',(42.572433153473,26.3397358316,
    311.62357931447));
#1434 = CARTESIAN_POINT('',(39.598457792481,30.65160186055,
    314.3022876405));
#1435 = CARTESIAN_POINT('',(37.879205175309,32.833657306648,
    315.73816918274));
#1436 = CARTESIAN_POINT('',(35.991654051979,34.939697334033,
    317.18639114417));
#1437 = CARTESIAN_POINT('',(33.921054267832,36.967993170993,
    318.63146620793));
#1438 = CARTESIAN_POINT('',(31.650033157341,38.90876557946,
    320.0546640849));
#1439 = CARTESIAN_POINT('',(29.160139724928,40.743088473318,
    321.43145357439));
#1440 = CARTESIAN_POINT('',(25.444000561221,43.057680606438,
    323.20049700384));
#1441 = CARTESIAN_POINT('',(24.421861222877,43.656905316732,
    323.66180801174));
#1442 = CARTESIAN_POINT('',(23.366975848938,44.237059158509,
    324.11140855037));
#1443 = CARTESIAN_POINT('',(22.278527288363,44.796415092207,
    324.54751995359));
#1444 = CARTESIAN_POINT('',(21.155763578203,45.333025779947,
    324.96819304046));
#1445 = CARTESIAN_POINT('',(19.998017668659,45.844714274758,
    325.37129955807));
#1446 = CARTESIAN_POINT('',(17.891438632388,46.699763782907,
    326.04782532484));
#1447 = CARTESIAN_POINT('',(16.957130671121,47.054529781441,
    326.32954454597));
#1448 = CARTESIAN_POINT('',(16.002147150243,47.392017996978,
    326.59843730929));
#1449 = CARTESIAN_POINT('',(15.026877433705,47.710894019542,
    326.85326481252));
#1450 = CARTESIAN_POINT('',(14.031756385199,48.009831634454,
    327.09279618022));
#1451 = CARTESIAN_POINT('',(13.017264389827,48.287510719187,
    327.31581121441));
#1452 = CARTESIAN_POINT('',(10.374107608898,48.940038375844,
    327.84092427193));
#1453 = CARTESIAN_POINT('',(8.715300778435,49.283475406215,
    328.11837726613));
#1454 = CARTESIAN_POINT('',(7.016261121579,49.565795890327,
    328.34717341496));
#1455 = CARTESIAN_POINT('',(5.285982265223,49.781569897429,
    328.52241465713));
#1456 = CARTESIAN_POINT('',(3.533640206301,49.927020013733,
    328.64066663364));
#1457 = CARTESIAN_POINT('',(1.768530549163,50.,328.7));
#1458 = CARTESIAN_POINT('',(7.654042494671E-15,50.,328.7));
#1459 = PCURVE('',#260,#1460);
#1460 = DEFINITIONAL_REPRESENTATION('',(#1461),#1500);
#1461 = B_SPLINE_CURVE_WITH_KNOTS('',7,(#1462,#1463,#1464,#1465,#1466,
    #1467,#1468,#1469,#1470,#1471,#1472,#1473,#1474,#1475,#1476,#1477,
    #1478,#1479,#1480,#1481,#1482,#1483,#1484,#1485,#1486,#1487,#1488,
    #1489,#1490,#1491,#1492,#1493,#1494,#1495,#1496,#1497,#1498,#1499),
  .UNSPECIFIED.,.F.,.F.,(8,6,6,6,6,6,8),(0.,0.17725725729,0.427205539728
    ,0.703322321622,0.80362972742,0.880400304398,1.),.UNSPECIFIED.);
#1462 = CARTESIAN_POINT('',(0.,35.808518539588));
#1463 = CARTESIAN_POINT('',(3.725881708691E-02,35.808518539588));
#1464 = CARTESIAN_POINT('',(7.436750937549E-02,35.921591803328));
#1465 = CARTESIAN_POINT('',(0.111325143048,36.146095484379));
#1466 = CARTESIAN_POINT('',(0.148118753438,36.476604888626));
#1467 = CARTESIAN_POINT('',(0.184702323593,36.903802215796));
#1468 = CARTESIAN_POINT('',(0.220979379409,37.414745528394));
#1469 = CARTESIAN_POINT('',(0.307260290207,38.80933262609));
#1470 = CARTESIAN_POINT('',(0.357067700804,39.764336055494));
#1471 = CARTESIAN_POINT('',(0.406447147429,40.828063621495));
#1472 = CARTESIAN_POINT('',(0.455595375833,41.973228897361));
#1473 = CARTESIAN_POINT('',(0.5047107026,43.177620059488));
#1474 = CARTESIAN_POINT('',(0.554018013436,44.423579314472));
#1475 = CARTESIAN_POINT('',(0.658778154901,47.102287640501));
#1476 = CARTESIAN_POINT('',(0.714225747601,48.538169182741));
#1477 = CARTESIAN_POINT('',(0.770604499495,49.98639114417));
#1478 = CARTESIAN_POINT('',(0.828345381495,51.431466207937));
#1479 = CARTESIAN_POINT('',(0.88785290628,52.854664084901));
#1480 = CARTESIAN_POINT('',(0.949517828501,54.231453574398));
#1481 = CARTESIAN_POINT('',(1.037078155194,56.000497003843));
#1482 = CARTESIAN_POINT('',(1.060766375928,56.461808011747));
#1483 = CARTESIAN_POINT('',(1.084829627926,56.911408550371));
#1484 = CARTESIAN_POINT('',(1.109287076448,57.347519953591));
#1485 = CARTESIAN_POINT('',(1.134157931115,57.768193040461));
#1486 = CARTESIAN_POINT('',(1.159461720175,58.171299558075));
#1487 = CARTESIAN_POINT('',(1.20493164385,58.847825324849));
#1488 = CARTESIAN_POINT('',(1.224914398972,59.12954454597));
#1489 = CARTESIAN_POINT('',(1.245162861024,59.398437309291));
#1490 = CARTESIAN_POINT('',(1.265673823116,59.653264812528));
#1491 = CARTESIAN_POINT('',(1.286444865275,59.892796180229));
#1492 = CARTESIAN_POINT('',(1.307474379146,60.115811214412));
#1493 = CARTESIAN_POINT('',(1.361924613714,60.64092427193));
#1494 = CARTESIAN_POINT('',(1.395780032812,60.918377266136));
#1495 = CARTESIAN_POINT('',(1.430183254912,61.14717341496));
#1496 = CARTESIAN_POINT('',(1.465004405841,61.322414657131));
#1497 = CARTESIAN_POINT('',(1.50012352153,61.440666633644));
#1498 = CARTESIAN_POINT('',(1.535425715812,61.5));
#1499 = CARTESIAN_POINT('',(1.570796326795,61.5));
#1500 = ( GEOMETRIC_REPRESENTATION_CONTEXT(2) 
PARAMETRIC_REPRESENTATION_CONTEXT() REPRESENTATION_CONTEXT('2D SPACE',''
  ) );
#1501 = PCURVE('',#1377,#1502);
#1502 = DEFINITIONAL_REPRESENTATION('',(#1503),#1542);
#1503 = B_SPLINE_CURVE_WITH_KNOTS('',7,(#1504,#1505,#1506,#1507,#1508,
    #1509,#1510,#1511,#1512,#1513,#1514,#1515,#1516,#1517,#1518,#1519,
    #1520,#1521,#1522,#1523,#1524,#1525,#1526,#1527,#1528,#1529,#1530,
    #1531,#1532,#1533,#1534,#1535,#1536,#1537,#1538,#1539,#1540,#1541),
  .UNSPECIFIED.,.F.,.F.,(8,6,6,6,6,6,8),(0.,0.17725725729,0.427205539728
    ,0.703322321622,0.80362972742,0.880400304398,1.),.UNSPECIFIED.);
#1504 = CARTESIAN_POINT('',(0.949300004651,71.));
#1505 = CARTESIAN_POINT('',(0.949300004651,72.862940854345));
#1506 = CARTESIAN_POINT('',(0.947038539731,74.718375575204));
#1507 = CARTESIAN_POINT('',(0.942548464742,76.562032613542));
#1508 = CARTESIAN_POINT('',(0.935915202916,78.389195642938));
#1509 = CARTESIAN_POINT('',(0.927280829255,80.193662426533));
#1510 = CARTESIAN_POINT('',(0.916846779041,81.967031250209));
#1511 = CARTESIAN_POINT('',(0.888009549335,86.13963195442));
#1512 = CARTESIAN_POINT('',(0.868001110525,88.510597475626));
#1513 = CARTESIAN_POINT('',(0.845301068569,90.81476757915));
#1514 = CARTESIAN_POINT('',(0.820271011792,93.053617526415));
#1515 = CARTESIAN_POINT('',(0.793165774911,95.228221393378));
#1516 = CARTESIAN_POINT('',(0.764132706504,97.3397358316));
#1517 = CARTESIAN_POINT('',(0.699051402657,101.65160186055));
#1518 = CARTESIAN_POINT('',(0.662654147083,103.83365730664));
#1519 = CARTESIAN_POINT('',(0.624024115362,105.93969733403));
#1520 = CARTESIAN_POINT('',(0.583048293631,107.96799317099));
#1521 = CARTESIAN_POINT('',(0.539566368197,109.90876557946));
#1522 = CARTESIAN_POINT('',(0.49338857409,111.74308847331));
#1523 = CARTESIAN_POINT('',(0.426466191351,114.05768060643));
#1524 = CARTESIAN_POINT('',(0.408235544214,114.65690531673));
#1525 = CARTESIAN_POINT('',(0.389596704417,115.2370591585));
#1526 = CARTESIAN_POINT('',(0.370539006746,115.7964150922));
#1527 = CARTESIAN_POINT('',(0.351051721656,116.33302577994));
#1528 = CARTESIAN_POINT('',(0.331124009522,116.84471427475));
#1529 = CARTESIAN_POINT('',(0.29514764244,117.6997637829));
#1530 = CARTESIAN_POINT('',(0.279282585367,118.05452978144));
#1531 = CARTESIAN_POINT('',(0.263155016383,118.39201799697));
#1532 = CARTESIAN_POINT('',(0.2467699651,118.71089401954));
#1533 = CARTESIAN_POINT('',(0.230132147772,119.00983163445));
#1534 = CARTESIAN_POINT('',(0.213245937034,119.28751071918));
#1535 = CARTESIAN_POINT('',(0.169427826238,119.94003837584));
#1536 = CARTESIAN_POINT('',(0.14209328997,120.28347540621));
#1537 = CARTESIAN_POINT('',(0.114240242509,120.56579589032));
#1538 = CARTESIAN_POINT('',(8.598976102054E-02,120.78156989742));
#1539 = CARTESIAN_POINT('',(5.745756882565E-02,120.92702001373));
#1540 = CARTESIAN_POINT('',(2.875659429533E-02,121.));
#1541 = CARTESIAN_POINT('',(0.,121.));
#1542 = ( GEOMETRIC_REPRESENTATION_CONTEXT(2) 
PARAMETRIC_REPRESENTATION_CONTEXT() REPRESENTATION_CONTEXT('2D SPACE',''
  ) );
#1543 = ORIENTED_EDGE('',*,*,#1544,.T.);
#1544 = EDGE_CURVE('',#1417,#1545,#1547,.T.);
#1545 = VERTEX_POINT('',#1546);
#1546 = CARTESIAN_POINT('',(-1.506315562951E-14,-50.,328.7));
#1547 = SURFACE_CURVE('',#1548,(#1635,#1725),.PCURVE_S1.);
#1548 = B_SPLINE_CURVE_WITH_KNOTS('',7,(#1549,#1550,#1551,#1552,#1553,
    #1554,#1555,#1556,#1557,#1558,#1559,#1560,#1561,#1562,#1563,#1564,
    #1565,#1566,#1567,#1568,#1569,#1570,#1571,#1572,#1573,#1574,#1575,
    #1576,#1577,#1578,#1579,#1580,#1581,#1582,#1583,#1584,#1585,#1586,
    #1587,#1588,#1589,#1590,#1591,#1592,#1593,#1594,#1595,#1596,#1597,
    #1598,#1599,#1600,#1601,#1602,#1603,#1604,#1605,#1606,#1607,#1608,
    #1609,#1610,#1611,#1612,#1613,#1614,#1615,#1616,#1617,#1618,#1619,
    #1620,#1621,#1622,#1623,#1624,#1625,#1626,#1627,#1628,#1629,#1630,
    #1631,#1632,#1633,#1634),.UNSPECIFIED.,.F.,.F.,(8,6,6,6,6,6,6,6,6,6,
    6,6,6,6,8),(0.,5.974446481724E-02,9.808714158622E-02,0.147990640303,
    0.286224050101,0.411271873545,0.443182591772,0.50000522095,
    0.556540061601,0.588790514422,0.713715474906,0.851719536111,
    0.901853502169,0.940223685025,1.),.UNSPECIFIED.);
#1549 = CARTESIAN_POINT('',(0.,50.,328.7));
#1550 = CARTESIAN_POINT('',(-1.767521784826,50.,328.7));
#1551 = CARTESIAN_POINT('',(-3.531631378794,49.927103245878,
    328.64073430225));
#1552 = CARTESIAN_POINT('',(-5.282995663588,49.781818006105,
    328.52261637101));
#1553 = CARTESIAN_POINT('',(-7.012332455394,49.5662858061,
    328.34757129919));
#1554 = CARTESIAN_POINT('',(-8.710478826657,49.284276235459,
    328.11902626932));
#1555 = CARTESIAN_POINT('',(-10.36845371254,48.941208224617,
    327.84186937028));
#1556 = CARTESIAN_POINT('',(-13.0101746384,48.289405271177,
    327.31733348183));
#1557 = CARTESIAN_POINT('',(-14.0240229708,48.012065509904,
    327.0945878377));
#1558 = CARTESIAN_POINT('',(-15.01853384334,47.713491653015,
    326.85534383794));
#1559 = CARTESIAN_POINT('',(-15.99322671991,47.395000973552,
    326.60081900606));
#1560 = CARTESIAN_POINT('',(-16.94766645776,47.057916970896,
    326.3322416465));
#1561 = CARTESIAN_POINT('',(-17.88146328101,46.703571469951,
    326.05084810234));
#1562 = CARTESIAN_POINT('',(-19.98230630356,45.851402273009,
    325.37657818733));
#1563 = CARTESIAN_POINT('',(-21.13512457427,45.342395384597,
    324.97556170279));
#1564 = CARTESIAN_POINT('',(-22.25327938474,44.808670086782,
    324.55711564465));
#1565 = CARTESIAN_POINT('',(-23.33742545671,44.252376259216,
    324.12334125905));
#1566 = CARTESIAN_POINT('',(-24.38830119027,43.675438677247,
    323.67616421728));
#1567 = CARTESIAN_POINT('',(-25.40670943903,43.079566059649,
    323.21734287997));
#1568 = CARTESIAN_POINT('',(-29.12691759374,40.767393824963,
    321.44971010891));
#1569 = CARTESIAN_POINT('',(-31.62336479188,38.93125418246,
    320.07118842522));
#1570 = CARTESIAN_POINT('',(-33.90003441297,36.988151533132,
    318.64588996869));
#1571 = CARTESIAN_POINT('',(-35.97548352971,34.957170801838,
    317.19850839515));
#1572 = CARTESIAN_POINT('',(-37.86719435969,32.84817688118,
    315.7478800533));
#1573 = CARTESIAN_POINT('',(-39.59001700133,30.662917017379,
    314.30955555989));
#1574 = CARTESIAN_POINT('',(-42.56884063325,26.345776311069,
    311.62711695897));
#1575 = CARTESIAN_POINT('',(-43.85115947634,24.232362129827,
    310.37984870254));
#1576 = CARTESIAN_POINT('',(-45.00711106898,22.055738074856,
    309.17419652283));
#1577 = CARTESIAN_POINT('',(-46.03861335448,19.814745127856,
    308.02786425714));
#1578 = CARTESIAN_POINT('',(-46.94444128728,17.508307764212,
    306.96312705491));
#1579 = CARTESIAN_POINT('',(-47.72124187861,15.134947709947,
    306.00735510194));
#1580 = CARTESIAN_POINT('',(-48.52619478348,12.067482091917,
    304.98264949791));
#1581 = CARTESIAN_POINT('',(-48.68096628524,11.439473424081,
    304.78346998095));
#1582 = CARTESIAN_POINT('',(-48.82669244378,10.80729815852,
    304.59402141815));
#1583 = CARTESIAN_POINT('',(-48.96322506915,10.171136285008,
    304.41486404339));
#1584 = CARTESIAN_POINT('',(-49.09042761141,9.531141993845,
    304.24653528664));
#1585 = CARTESIAN_POINT('',(-49.20817043906,8.887443740627,
    304.0895477245));
#1586 = CARTESIAN_POINT('',(-49.50891626765,7.08751417611,303.6859029624
    ));
#1587 = CARTESIAN_POINT('',(-49.67127409276,5.922468069226,
    303.46469613026));
#1588 = CARTESIAN_POINT('',(-49.80219204533,4.747907414527,
    303.28415344015));
#1589 = CARTESIAN_POINT('',(-49.90090549049,3.566301404735,
    303.14688597356));
#1590 = CARTESIAN_POINT('',(-49.96693517965,2.379809613176,
    303.05468737792));
#1591 = CARTESIAN_POINT('',(-50.,1.190405383916,303.00851853958));
#1592 = CARTESIAN_POINT('',(-50.,-1.184376359624,303.00851853958));
#1593 = CARTESIAN_POINT('',(-49.96726925618,-2.367775057586,
    303.05422090497));
#1594 = CARTESIAN_POINT('',(-49.90190488227,-3.548306888294,
    303.14549049944));
#1595 = CARTESIAN_POINT('',(-49.80418263368,-4.724022220683,
    303.28138536122));
#1596 = CARTESIAN_POINT('',(-49.67457335185,-5.89278955065,
    303.46014600403));
#1597 = CARTESIAN_POINT('',(-49.51382778134,-7.052174799199,
    303.67921027726));
#1598 = CARTESIAN_POINT('',(-49.21434555732,-8.853714213763,
    304.08131449797));
#1599 = CARTESIAN_POINT('',(-49.09576243816,-9.50443659245,
    304.23947847044));
#1600 = CARTESIAN_POINT('',(-48.96751184811,-10.15138240633,
    304.40924535392));
#1601 = CARTESIAN_POINT('',(-48.82972748947,-10.79441873963,
    304.59008653826));
#1602 = CARTESIAN_POINT('',(-48.68255030792,-11.4333857785,
    304.7814473157));
#1603 = CARTESIAN_POINT('',(-48.52613347941,-12.06809674279,
    304.98274904431));
#1604 = CARTESIAN_POINT('',(-47.71962252815,-15.13963195442,
    306.00933262609));
#1605 = CARTESIAN_POINT('',(-46.943373242,-17.51059747561,
    306.96433605549));
#1606 = CARTESIAN_POINT('',(-46.03834871473,-19.81476757914,
    308.02806362149));
#1607 = CARTESIAN_POINT('',(-45.00789160314,-22.05361752642,
    309.17322889736));
#1608 = CARTESIAN_POINT('',(-43.85322304054,-24.22822139338,
    310.37762005949));
#1609 = CARTESIAN_POINT('',(-42.57243315347,-26.33973583159,
    311.62357931446));
#1610 = CARTESIAN_POINT('',(-39.59845779246,-30.65160186057,
    314.30228764051));
#1611 = CARTESIAN_POINT('',(-37.87920517532,-32.83365730662,
    315.73816918272));
#1612 = CARTESIAN_POINT('',(-35.99165405201,-34.93969733402,
    317.18639114415));
#1613 = CARTESIAN_POINT('',(-33.92105426778,-36.96799317102,
    318.63146620796));
#1614 = CARTESIAN_POINT('',(-31.65003315737,-38.90876557944,
    320.05466408488));
#1615 = CARTESIAN_POINT('',(-29.16013972492,-40.74308847331,
    321.43145357439));
#1616 = CARTESIAN_POINT('',(-25.44400056105,-43.05768060654,
    323.20049700392));
#1617 = CARTESIAN_POINT('',(-24.42186122286,-43.65690531672,
    323.66180801174));
#1618 = CARTESIAN_POINT('',(-23.36697584908,-44.23705915842,
    324.1114085503));
#1619 = CARTESIAN_POINT('',(-22.2785272885,-44.79641509214,
    324.54751995354));
#1620 = CARTESIAN_POINT('',(-21.15576357817,-45.33302577997,
    324.96819304048));
#1621 = CARTESIAN_POINT('',(-19.99801766846,-45.84471427483,
    325.37129955813));
#1622 = CARTESIAN_POINT('',(-17.89143863209,-46.69976378302,
    326.04782532494));
#1623 = CARTESIAN_POINT('',(-16.95713067108,-47.05452978143,
    326.32954454596));
#1624 = CARTESIAN_POINT('',(-16.00214715049,-47.39201799688,
    326.59843730921));
#1625 = CARTESIAN_POINT('',(-15.02687743396,-47.71089401947,
    326.85326481247));
#1626 = CARTESIAN_POINT('',(-14.03175638515,-48.00983163448,
    327.09279618025));
#1627 = CARTESIAN_POINT('',(-13.01726438946,-48.28751071927,
    327.31581121448));
#1628 = CARTESIAN_POINT('',(-10.37410760927,-48.94003837575,
    327.84092427185));
#1629 = CARTESIAN_POINT('',(-8.715300778477,-49.28347540623,
    328.11837726615));
#1630 = CARTESIAN_POINT('',(-7.016261121256,-49.56579589039,
    328.34717341501));
#1631 = CARTESIAN_POINT('',(-5.285982264906,-49.78156989744,
    328.52241465714));
#1632 = CARTESIAN_POINT('',(-3.533640206357,-49.92702001369,
    328.64066663361));
#1633 = CARTESIAN_POINT('',(-1.768530549556,-50.,328.7));
#1634 = CARTESIAN_POINT('',(-1.42108547152E-14,-50.,328.7));
#1635 = PCURVE('',#260,#1636);
#1636 = DEFINITIONAL_REPRESENTATION('',(#1637),#1724);
#1637 = B_SPLINE_CURVE_WITH_KNOTS('',7,(#1638,#1639,#1640,#1641,#1642,
    #1643,#1644,#1645,#1646,#1647,#1648,#1649,#1650,#1651,#1652,#1653,
    #1654,#1655,#1656,#1657,#1658,#1659,#1660,#1661,#1662,#1663,#1664,
    #1665,#1666,#1667,#1668,#1669,#1670,#1671,#1672,#1673,#1674,#1675,
    #1676,#1677,#1678,#1679,#1680,#1681,#1682,#1683,#1684,#1685,#1686,
    #1687,#1688,#1689,#1690,#1691,#1692,#1693,#1694,#1695,#1696,#1697,
    #1698,#1699,#1700,#1701,#1702,#1703,#1704,#1705,#1706,#1707,#1708,
    #1709,#1710,#1711,#1712,#1713,#1714,#1715,#1716,#1717,#1718,#1719,
    #1720,#1721,#1722,#1723),.UNSPECIFIED.,.F.,.F.,(8,6,6,6,6,6,6,6,6,6,
    6,6,6,6,8),(0.,5.974446481724E-02,9.808714158622E-02,0.147990640303,
    0.286224050101,0.411271873545,0.443182591772,0.50000522095,
    0.556540061601,0.588790514422,0.713715474906,0.851719536111,
    0.901853502169,0.940223685025,1.),.UNSPECIFIED.);
#1638 = CARTESIAN_POINT('',(1.570796326795,61.5));
#1639 = CARTESIAN_POINT('',(1.606146762491,61.5));
#1640 = CARTESIAN_POINT('',(1.641428955507,61.440734302257));
#1641 = CARTESIAN_POINT('',(1.676528392111,61.32261637101));
#1642 = CARTESIAN_POINT('',(1.711330335558,61.147571299191));
#1643 = CARTESIAN_POINT('',(1.74571498398,60.919026269327));
#1644 = CARTESIAN_POINT('',(1.779552649867,60.641869370284));
#1645 = CARTESIAN_POINT('',(1.83397153093,60.117333481832));
#1646 = CARTESIAN_POINT('',(1.854986850631,59.894587837704));
#1647 = CARTESIAN_POINT('',(1.875744132527,59.65534383794));
#1648 = CARTESIAN_POINT('',(1.896241754884,59.400819006069));
#1649 = CARTESIAN_POINT('',(1.916477286078,59.132241646503));
#1650 = CARTESIAN_POINT('',(1.93644750875,58.850848102345));
#1651 = CARTESIAN_POINT('',(1.981789470532,58.176578187337));
#1652 = CARTESIAN_POINT('',(2.006981598891,57.77556170279));
#1653 = CARTESIAN_POINT('',(2.031744630739,57.357115644653));
#1654 = CARTESIAN_POINT('',(2.056097783101,56.923341259051));
#1655 = CARTESIAN_POINT('',(2.080059957596,56.476164217285));
#1656 = CARTESIAN_POINT('',(2.103650009735,56.017342879973));
#1657 = CARTESIAN_POINT('',(2.191253866173,54.249710108914));
#1658 = CARTESIAN_POINT('',(2.253044645282,52.871188425228));
#1659 = CARTESIAN_POINT('',(2.312666932316,51.445889968691));
#1660 = CARTESIAN_POINT('',(2.370513444207,49.99850839515));
#1661 = CARTESIAN_POINT('',(2.426990797719,48.547880053302));
#1662 = CARTESIAN_POINT('',(2.4825323593,47.109555559898));
#1663 = CARTESIAN_POINT('',(2.587434397618,44.42711695897));
#1664 = CARTESIAN_POINT('',(2.636789797953,43.17984870254));
#1665 = CARTESIAN_POINT('',(2.685952477505,41.974196522837));
#1666 = CARTESIAN_POINT('',(2.73514796556,40.827864257146));
#1667 = CARTESIAN_POINT('',(2.784575114039,39.763127054919));
#1668 = CARTESIAN_POINT('',(2.834431201282,38.807355101945));
#1669 = CARTESIAN_POINT('',(2.897857676817,37.782649497912));
#1670 = CARTESIAN_POINT('',(2.910792203575,37.583469980957));
#1671 = CARTESIAN_POINT('',(2.923764919987,37.394021418152));
#1672 = CARTESIAN_POINT('',(2.936775186085,37.214864043391));
#1673 = CARTESIAN_POINT('',(2.949823011393,37.046535286641));
#1674 = CARTESIAN_POINT('',(2.962909032727,36.889547724501));
#1675 = CARTESIAN_POINT('',(2.999406673695,36.485902962408));
#1676 = CARTESIAN_POINT('',(3.022924128411,36.264696130269));
#1677 = CARTESIAN_POINT('',(3.046546513685,36.084153440151));
#1678 = CARTESIAN_POINT('',(3.070244574366,35.94688597356));
#1679 = CARTESIAN_POINT('',(3.093996464971,35.854687377925));
#1680 = CARTESIAN_POINT('',(3.117784545911,35.808518539588));
#1681 = CARTESIAN_POINT('',(3.165280180782,35.808518539588));
#1682 = CARTESIAN_POINT('',(3.188948151213,35.854220904978));
#1683 = CARTESIAN_POINT('',(3.212580508978,35.945490499441));
#1684 = CARTESIAN_POINT('',(3.236159762622,36.081385361228));
#1685 = CARTESIAN_POINT('',(3.259664311473,36.260146004032));
#1686 = CARTESIAN_POINT('',(3.283065313495,36.479210277269));
#1687 = CARTESIAN_POINT('',(3.319590558818,36.881314497978));
#1688 = CARTESIAN_POINT('',(3.33281774604,37.039478470445));
#1689 = CARTESIAN_POINT('',(3.346005942661,37.209245353927));
#1690 = CARTESIAN_POINT('',(3.35915580306,37.390086538261));
#1691 = CARTESIAN_POINT('',(3.372267326144,37.581447315707));
#1692 = CARTESIAN_POINT('',(3.385339831857,37.782749044315));
#1693 = CARTESIAN_POINT('',(3.448852943797,38.80933262609));
#1694 = CARTESIAN_POINT('',(3.498660354394,39.764336055491));
#1695 = CARTESIAN_POINT('',(3.548039801019,40.828063621491));
#1696 = CARTESIAN_POINT('',(3.597188029422,41.973228897365));
#1697 = CARTESIAN_POINT('',(3.64630335619,43.177620059492));
#1698 = CARTESIAN_POINT('',(3.695610667025,44.423579314469));
#1699 = CARTESIAN_POINT('',(3.800370808491,47.102287640517));
#1700 = CARTESIAN_POINT('',(3.855818401191,48.538169182725));
#1701 = CARTESIAN_POINT('',(3.912197153083,49.986391144158));
#1702 = CARTESIAN_POINT('',(3.969938035086,51.431466207965));
#1703 = CARTESIAN_POINT('',(4.029445559869,52.854664084885));
#1704 = CARTESIAN_POINT('',(4.09111048209,54.231453574399));
#1705 = CARTESIAN_POINT('',(4.178670808788,56.000497003923));
#1706 = CARTESIAN_POINT('',(4.202359029518,56.461808011743));
#1707 = CARTESIAN_POINT('',(4.226422281512,56.911408550304));
#1708 = CARTESIAN_POINT('',(4.250879730035,57.347519953542));
#1709 = CARTESIAN_POINT('',(4.275750584705,57.768193040482));
#1710 = CARTESIAN_POINT('',(4.301054373769,58.171299558139));
#1711 = CARTESIAN_POINT('',(4.346524297446,58.847825324943));
#1712 = CARTESIAN_POINT('',(4.366507052562,59.129544545967));
#1713 = CARTESIAN_POINT('',(4.386755514609,59.398437309217));
#1714 = CARTESIAN_POINT('',(4.4072664767,59.653264812471));
#1715 = CARTESIAN_POINT('',(4.428037518865,59.89279618025));
#1716 = CARTESIAN_POINT('',(4.449067032743,60.115811214483));
#1717 = CARTESIAN_POINT('',(4.503517267296,60.640924271855));
#1718 = CARTESIAN_POINT('',(4.537372686401,60.918377266153));
#1719 = CARTESIAN_POINT('',(4.571775908509,61.147173415012));
#1720 = CARTESIAN_POINT('',(4.606597059437,61.322414657142));
#1721 = CARTESIAN_POINT('',(4.641716175118,61.440666633617));
#1722 = CARTESIAN_POINT('',(4.677018369394,61.5));
#1723 = CARTESIAN_POINT('',(4.712388980385,61.5));
#1724 = ( GEOMETRIC_REPRESENTATION_CONTEXT(2) 
PARAMETRIC_REPRESENTATION_CONTEXT() REPRESENTATION_CONTEXT('2D SPACE',''
  ) );
#1725 = PCURVE('',#1377,#1726);
#1726 = DEFINITIONAL_REPRESENTATION('',(#1727),#1814);
#1727 = B_SPLINE_CURVE_WITH_KNOTS('',7,(#1728,#1729,#1730,#1731,#1732,
    #1733,#1734,#1735,#1736,#1737,#1738,#1739,#1740,#1741,#1742,#1743,
    #1744,#1745,#1746,#1747,#1748,#1749,#1750,#1751,#1752,#1753,#1754,
    #1755,#1756,#1757,#1758,#1759,#1760,#1761,#1762,#1763,#1764,#1765,
    #1766,#1767,#1768,#1769,#1770,#1771,#1772,#1773,#1774,#1775,#1776,
    #1777,#1778,#1779,#1780,#1781,#1782,#1783,#1784,#1785,#1786,#1787,
    #1788,#1789,#1790,#1791,#1792,#1793,#1794,#1795,#1796,#1797,#1798,
    #1799,#1800,#1801,#1802,#1803,#1804,#1805,#1806,#1807,#1808,#1809,
    #1810,#1811,#1812,#1813),.UNSPECIFIED.,.F.,.F.,(8,6,6,6,6,6,6,6,6,6,
    6,6,6,6,8),(0.,5.974446481724E-02,9.808714158622E-02,0.147990640303,
    0.286224050101,0.411271873545,0.443182591772,0.50000522095,
    0.556540061601,0.588790514422,0.713715474906,0.851719536111,
    0.901853502169,0.940223685025,1.),.UNSPECIFIED.);
#1728 = CARTESIAN_POINT('',(6.28318530718,121.));
#1729 = CARTESIAN_POINT('',(6.254445115556,121.));
#1730 = CARTESIAN_POINT('',(6.225760402231,120.92710324587));
#1731 = CARTESIAN_POINT('',(6.197244175177,120.7818180061));
#1732 = CARTESIAN_POINT('',(6.169009208666,120.5662858061));
#1733 = CARTESIAN_POINT('',(6.141171064846,120.28427623545));
#1734 = CARTESIAN_POINT('',(6.113850646604,119.94120822461));
#1735 = CARTESIAN_POINT('',(6.070057263993,119.28940527117));
#1736 = CARTESIAN_POINT('',(6.0531822085,119.0120655099));
#1737 = CARTESIAN_POINT('',(6.036555120442,118.71349165301));
#1738 = CARTESIAN_POINT('',(6.020180377858,118.39500097355));
#1739 = CARTESIAN_POINT('',(6.004062701736,118.05791697089));
#1740 = CARTESIAN_POINT('',(5.988207126144,117.70357146995));
#1741 = CARTESIAN_POINT('',(5.952330775736,116.851402273));
#1742 = CARTESIAN_POINT('',(5.932489827284,116.34239538459));
#1743 = CARTESIAN_POINT('',(5.913085315083,115.80867008678));
#1744 = CARTESIAN_POINT('',(5.894106584967,115.25237625921));
#1745 = CARTESIAN_POINT('',(5.875543090426,114.67543867724));
#1746 = CARTESIAN_POINT('',(5.857384346503,114.07956605964));
#1747 = CARTESIAN_POINT('',(5.790412065983,111.76739382496));
#1748 = CARTESIAN_POINT('',(5.744128006967,109.93125418246));
#1749 = CARTESIAN_POINT('',(5.700550760943,107.98815153313));
#1750 = CARTESIAN_POINT('',(5.659489307732,105.95717080183));
#1751 = CARTESIAN_POINT('',(5.620782109944,103.84817688118));
#1752 = CARTESIAN_POINT('',(5.584314975896,101.66291701737));
#1753 = CARTESIAN_POINT('',(5.51913450205,97.345776311069));
#1754 = CARTESIAN_POINT('',(5.490068847989,95.232362129827));
#1755 = CARTESIAN_POINT('',(5.462934452417,93.055738074856));
#1756 = CARTESIAN_POINT('',(5.437878982088,90.814745127856));
#1757 = CARTESIAN_POINT('',(5.415157992851,88.508307764212));
#1758 = CARTESIAN_POINT('',(5.395134206153,86.134947709947));
#1759 = CARTESIAN_POINT('',(5.373946205041,83.067482091917));
#1760 = CARTESIAN_POINT('',(5.369844744851,82.439473424081));
#1761 = CARTESIAN_POINT('',(5.365958436652,81.80729815852));
#1762 = CARTESIAN_POINT('',(5.362295859459,81.171136285008));
#1763 = CARTESIAN_POINT('',(5.358865231797,80.531141993845));
#1764 = CARTESIAN_POINT('',(5.355674422451,79.887443740627));
#1765 = CARTESIAN_POINT('',(5.347489612392,78.08751417611));
#1766 = CARTESIAN_POINT('',(5.343028024463,76.922468069226));
#1767 = CARTESIAN_POINT('',(5.339401845918,75.747907414527));
#1768 = CARTESIAN_POINT('',(5.336652652968,74.566301404735));
#1769 = CARTESIAN_POINT('',(5.334808678577,73.379809613176));
#1770 = CARTESIAN_POINT('',(5.333885302529,72.190405383916));
#1771 = CARTESIAN_POINT('',(5.333885302529,69.815623640376));
#1772 = CARTESIAN_POINT('',(5.334799349145,68.632224942414));
#1773 = CARTESIAN_POINT('',(5.336624743419,67.451693111706));
#1774 = CARTESIAN_POINT('',(5.339346407055,66.275977779317));
#1775 = CARTESIAN_POINT('',(5.342936637686,65.10721044935));
#1776 = CARTESIAN_POINT('',(5.347354632012,63.947825200801));
#1777 = CARTESIAN_POINT('',(5.355507079406,62.146285786237));
#1778 = CARTESIAN_POINT('',(5.358721389399,61.49556340755));
#1779 = CARTESIAN_POINT('',(5.362180946796,60.848617593664));
#1780 = CARTESIAN_POINT('',(5.3658776355,60.205581260367));
#1781 = CARTESIAN_POINT('',(5.369802971935,59.566614221491));
#1782 = CARTESIAN_POINT('',(5.373948093679,58.931903257203));
#1783 = CARTESIAN_POINT('',(5.395175757844,55.860368045579));
#1784 = CARTESIAN_POINT('',(5.415184196655,53.489402524382));
#1785 = CARTESIAN_POINT('',(5.43788423861,51.185232420855));
#1786 = CARTESIAN_POINT('',(5.462914295388,48.946382473575));
#1787 = CARTESIAN_POINT('',(5.490019532269,46.771778606616));
#1788 = CARTESIAN_POINT('',(5.519052600675,44.660264168404));
#1789 = CARTESIAN_POINT('',(5.584133904523,40.348398139425));
#1790 = CARTESIAN_POINT('',(5.620531160096,38.16634269338));
#1791 = CARTESIAN_POINT('',(5.659161191817,36.060302665976));
#1792 = CARTESIAN_POINT('',(5.70013701355,34.032006828973));
#1793 = CARTESIAN_POINT('',(5.743618938982,32.09123442056));
#1794 = CARTESIAN_POINT('',(5.78979673309,30.256911526681));
#1795 = CARTESIAN_POINT('',(5.856719115832,27.942319393457));
#1796 = CARTESIAN_POINT('',(5.874949762966,27.343094683274));
#1797 = CARTESIAN_POINT('',(5.89358860276,26.762940841578));
#1798 = CARTESIAN_POINT('',(5.912646300431,26.203584907855));
#1799 = CARTESIAN_POINT('',(5.932133585524,25.666974220026));
#1800 = CARTESIAN_POINT('',(5.95206129766,25.155285725161));
#1801 = CARTESIAN_POINT('',(5.988037664745,24.300236216975));
#1802 = CARTESIAN_POINT('',(6.003902721813,23.945470218563));
#1803 = CARTESIAN_POINT('',(6.020030290792,23.607982003117));
#1804 = CARTESIAN_POINT('',(6.036415342075,23.289105980528));
#1805 = CARTESIAN_POINT('',(6.053053159409,22.990168365518));
#1806 = CARTESIAN_POINT('',(6.069939370152,22.712489280725));
#1807 = CARTESIAN_POINT('',(6.113757480935,22.05996162425));
#1808 = CARTESIAN_POINT('',(6.141092017209,21.716524593764));
#1809 = CARTESIAN_POINT('',(6.168945064676,21.434204109607));
#1810 = CARTESIAN_POINT('',(6.197195546164,21.218430102557));
#1811 = CARTESIAN_POINT('',(6.225727738353,21.072979986301));
#1812 = CARTESIAN_POINT('',(6.254428712878,21.));
#1813 = CARTESIAN_POINT('',(6.28318530718,21.));
#1814 = ( GEOMETRIC_REPRESENTATION_CONTEXT(2) 
PARAMETRIC_REPRESENTATION_CONTEXT() REPRESENTATION_CONTEXT('2D SPACE',''
  ) );
#1815 = ORIENTED_EDGE('',*,*,#1816,.T.);
#1816 = EDGE_CURVE('',#1545,#1394,#1817,.T.);
#1817 = SURFACE_CURVE('',#1818,(#1857,#1899),.PCURVE_S1.);
#1818 = B_SPLINE_CURVE_WITH_KNOTS('',7,(#1819,#1820,#1821,#1822,#1823,
    #1824,#1825,#1826,#1827,#1828,#1829,#1830,#1831,#1832,#1833,#1834,
    #1835,#1836,#1837,#1838,#1839,#1840,#1841,#1842,#1843,#1844,#1845,
    #1846,#1847,#1848,#1849,#1850,#1851,#1852,#1853,#1854,#1855,#1856),
  .UNSPECIFIED.,.F.,.F.,(8,6,6,6,6,6,8),(0.,0.119533270289,
    0.196247080703,0.296091114204,0.572660526586,0.822848980304,1.),
  .UNSPECIFIED.);
#1819 = CARTESIAN_POINT('',(-4.592425496803E-15,-50.,328.7));
#1820 = CARTESIAN_POINT('',(1.767521784828,-50.,328.7));
#1821 = CARTESIAN_POINT('',(3.53163137879,-49.92710324587,
    328.64073430225));
#1822 = CARTESIAN_POINT('',(5.28299566359,-49.7818180061,328.522616371)
  );
#1823 = CARTESIAN_POINT('',(7.012332455397,-49.56628580609,
    328.34757129919));
#1824 = CARTESIAN_POINT('',(8.710478826653,-49.28427623546,
    328.11902626932));
#1825 = CARTESIAN_POINT('',(10.368453712541,-48.94120822461,
    327.84186937028));
#1826 = CARTESIAN_POINT('',(13.010174638737,-48.28940527109,
    327.31733348176));
#1827 = CARTESIAN_POINT('',(14.024022970837,-48.01206550988,
    327.09458783768));
#1828 = CARTESIAN_POINT('',(15.01853384309,-47.71349165308,
    326.85534383799));
#1829 = CARTESIAN_POINT('',(15.993226719667,-47.39500097364,
    326.60081900614));
#1830 = CARTESIAN_POINT('',(16.947666457785,-47.0579169709,
    326.3322416465));
#1831 = CARTESIAN_POINT('',(17.881463281285,-46.70357146984,
    326.05084810225));
#1832 = CARTESIAN_POINT('',(19.982306292126,-45.85140227764,
    325.376578191));
#1833 = CARTESIAN_POINT('',(21.135124584077,-45.34239537949,
    324.97556169883));
#1834 = CARTESIAN_POINT('',(22.253279393887,-44.80867008295,
    324.55711564163));
#1835 = CARTESIAN_POINT('',(23.337425449866,-44.25237626341,
    324.12334126226));
#1836 = CARTESIAN_POINT('',(24.388301180048,-43.67543868223,
    323.67616422117));
#1837 = CARTESIAN_POINT('',(25.406709447428,-43.07956605443,
    323.21734287598));
#1838 = CARTESIAN_POINT('',(29.126917593665,-40.76739382501,
    321.44971010895));
#1839 = CARTESIAN_POINT('',(31.623364792029,-38.93125418237,
    320.07118842516));
#1840 = CARTESIAN_POINT('',(33.900034412862,-36.98815153316,
    318.64588996871));
#1841 = CARTESIAN_POINT('',(35.97548352973,-34.95717080187,
    317.19850839517));
#1842 = CARTESIAN_POINT('',(37.867194359718,-32.84817688113,
    315.74788005327));
#1843 = CARTESIAN_POINT('',(39.590017001329,-30.66291701739,
    314.3095555599));
#1844 = CARTESIAN_POINT('',(42.568840633252,-26.34577631106,
    311.62711695896));
#1845 = CARTESIAN_POINT('',(43.851159476366,-24.23236212977,
    310.37984870251));
#1846 = CARTESIAN_POINT('',(45.007111068928,-22.05573807498,
    309.17419652289));
#1847 = CARTESIAN_POINT('',(46.038613354519,-19.81474512776,
    308.02786425711));
#1848 = CARTESIAN_POINT('',(46.944441287268,-17.50830776426,
    306.96312705493));
#1849 = CARTESIAN_POINT('',(47.721241878621,-15.13494770991,
    306.00735510193));
#1850 = CARTESIAN_POINT('',(48.816628422138,-10.96071522952,
    304.61292727524));
#1851 = CARTESIAN_POINT('',(49.204528728031,-9.188314637821,
    304.10253701531));
#1852 = CARTESIAN_POINT('',(49.519669282354,-7.384862483061,
    303.67582087381));
#1853 = CARTESIAN_POINT('',(49.75852331009,-5.558747524305,
    303.34569466269));
#1854 = CARTESIAN_POINT('',(49.919117475034,-3.716164337068,
    303.12145644507));
#1855 = CARTESIAN_POINT('',(50.,-1.861825478722,303.00851853958));
#1856 = CARTESIAN_POINT('',(50.,-1.42108547152E-14,303.00851853958));
#1857 = PCURVE('',#260,#1858);
#1858 = DEFINITIONAL_REPRESENTATION('',(#1859),#1898);
#1859 = B_SPLINE_CURVE_WITH_KNOTS('',7,(#1860,#1861,#1862,#1863,#1864,
    #1865,#1866,#1867,#1868,#1869,#1870,#1871,#1872,#1873,#1874,#1875,
    #1876,#1877,#1878,#1879,#1880,#1881,#1882,#1883,#1884,#1885,#1886,
    #1887,#1888,#1889,#1890,#1891,#1892,#1893,#1894,#1895,#1896,#1897),
  .UNSPECIFIED.,.F.,.F.,(8,6,6,6,6,6,8),(0.,0.119533270289,
    0.196247080703,0.296091114204,0.572660526586,0.822848980304,1.),
  .UNSPECIFIED.);
#1860 = CARTESIAN_POINT('',(4.712388980385,61.5));
#1861 = CARTESIAN_POINT('',(4.747739416081,61.5));
#1862 = CARTESIAN_POINT('',(4.783021609096,61.440734302257));
#1863 = CARTESIAN_POINT('',(4.818121045701,61.322616371009));
#1864 = CARTESIAN_POINT('',(4.852922989147,61.147571299191));
#1865 = CARTESIAN_POINT('',(4.88730763757,60.919026269328));
#1866 = CARTESIAN_POINT('',(4.921145303457,60.641869370284));
#1867 = CARTESIAN_POINT('',(4.975564184527,60.117333481765));
#1868 = CARTESIAN_POINT('',(4.996579504222,59.894587837685));
#1869 = CARTESIAN_POINT('',(5.017336786112,59.655343837994));
#1870 = CARTESIAN_POINT('',(5.037834408468,59.400819006142));
#1871 = CARTESIAN_POINT('',(5.058069939669,59.132241646507));
#1872 = CARTESIAN_POINT('',(5.078040162346,58.850848102258));
#1873 = CARTESIAN_POINT('',(5.123382123875,58.176578191008));
#1874 = CARTESIAN_POINT('',(5.148574252702,57.775561698833));
#1875 = CARTESIAN_POINT('',(5.173337284527,57.35711564163));
#1876 = CARTESIAN_POINT('',(5.19769043653,56.923341262266));
#1877 = CARTESIAN_POINT('',(5.221652610957,56.476164221172));
#1878 = CARTESIAN_POINT('',(5.245242663522,56.017342875983));
#1879 = CARTESIAN_POINT('',(5.332846519761,54.249710108951));
#1880 = CARTESIAN_POINT('',(5.394637298875,52.871188425166));
#1881 = CARTESIAN_POINT('',(5.454259585905,51.445889968714));
#1882 = CARTESIAN_POINT('',(5.512106097796,49.998508395175));
#1883 = CARTESIAN_POINT('',(5.56858345131,48.547880053272));
#1884 = CARTESIAN_POINT('',(5.62412501289,47.109555559906));
#1885 = CARTESIAN_POINT('',(5.729027051208,44.427116958968));
#1886 = CARTESIAN_POINT('',(5.778382451544,43.179848702515));
#1887 = CARTESIAN_POINT('',(5.827545131092,41.974196522894));
#1888 = CARTESIAN_POINT('',(5.876740619152,40.827864257113));
#1889 = CARTESIAN_POINT('',(5.926167767628,39.763127054933));
#1890 = CARTESIAN_POINT('',(5.976023854872,38.807355101935));
#1891 = CARTESIAN_POINT('',(6.062335125237,37.412927275246));
#1892 = CARTESIAN_POINT('',(6.098591402578,36.902537015311));
#1893 = CARTESIAN_POINT('',(6.135153811829,36.475820873812));
#1894 = CARTESIAN_POINT('',(6.171926017606,36.145694662695));
#1895 = CARTESIAN_POINT('',(6.208862022558,35.921456445076));
#1896 = CARTESIAN_POINT('',(6.245948797605,35.808518539588));
#1897 = CARTESIAN_POINT('',(6.28318530718,35.808518539588));
#1898 = ( GEOMETRIC_REPRESENTATION_CONTEXT(2) 
PARAMETRIC_REPRESENTATION_CONTEXT() REPRESENTATION_CONTEXT('2D SPACE',''
  ) );
#1899 = PCURVE('',#1377,#1900);
#1900 = DEFINITIONAL_REPRESENTATION('',(#1901),#1940);
#1901 = B_SPLINE_CURVE_WITH_KNOTS('',7,(#1902,#1903,#1904,#1905,#1906,
    #1907,#1908,#1909,#1910,#1911,#1912,#1913,#1914,#1915,#1916,#1917,
    #1918,#1919,#1920,#1921,#1922,#1923,#1924,#1925,#1926,#1927,#1928,
    #1929,#1930,#1931,#1932,#1933,#1934,#1935,#1936,#1937,#1938,#1939),
  .UNSPECIFIED.,.F.,.F.,(8,6,6,6,6,6,8),(0.,0.119533270289,
    0.196247080703,0.296091114204,0.572660526586,0.822848980304,1.),
  .UNSPECIFIED.);
#1902 = CARTESIAN_POINT('',(0.,21.));
#1903 = CARTESIAN_POINT('',(2.874019162322E-02,21.));
#1904 = CARTESIAN_POINT('',(5.742490494835E-02,21.072896754121));
#1905 = CARTESIAN_POINT('',(8.594113200296E-02,21.218181993896));
#1906 = CARTESIAN_POINT('',(0.114176098514,21.433714193901));
#1907 = CARTESIAN_POINT('',(0.142014242333,21.715723764539));
#1908 = CARTESIAN_POINT('',(0.169334660576,22.058791775384));
#1909 = CARTESIAN_POINT('',(0.213128043192,22.710594728906));
#1910 = CARTESIAN_POINT('',(0.23000309868,22.98793449012));
#1911 = CARTESIAN_POINT('',(0.246630186733,23.286508346918));
#1912 = CARTESIAN_POINT('',(0.263004929317,23.604999026356));
#1913 = CARTESIAN_POINT('',(0.279122605444,23.942083029098));
#1914 = CARTESIAN_POINT('',(0.29497818104,24.296428530158));
#1915 = CARTESIAN_POINT('',(0.330854531249,25.148597722351));
#1916 = CARTESIAN_POINT('',(0.350695480068,25.657604620508));
#1917 = CARTESIAN_POINT('',(0.370099992253,26.191329917047));
#1918 = CARTESIAN_POINT('',(0.38907872209,26.747623736585));
#1919 = CARTESIAN_POINT('',(0.407642216575,27.324561317764));
#1920 = CARTESIAN_POINT('',(0.425800960828,27.92043394557));
#1921 = CARTESIAN_POINT('',(0.492773241195,30.232606174988));
#1922 = CARTESIAN_POINT('',(0.539057300215,32.068745817624));
#1923 = CARTESIAN_POINT('',(0.582634546235,34.011848466832));
#1924 = CARTESIAN_POINT('',(0.623695999447,36.04282919813));
#1925 = CARTESIAN_POINT('',(0.662403197236,38.151823118864));
#1926 = CARTESIAN_POINT('',(0.698870331283,40.337082982608));
#1927 = CARTESIAN_POINT('',(0.76405080513,44.654223688934));
#1928 = CARTESIAN_POINT('',(0.793116459191,46.76763787023));
#1929 = CARTESIAN_POINT('',(0.820250854762,48.944261925011));
#1930 = CARTESIAN_POINT('',(0.845306325092,51.185254872239));
#1931 = CARTESIAN_POINT('',(0.868027314328,53.491692235738));
#1932 = CARTESIAN_POINT('',(0.888051101027,55.865052290083));
#1933 = CARTESIAN_POINT('',(0.91688390747,60.039284770477));
#1934 = CARTESIAN_POINT('',(0.927306401128,61.811685362179));
#1935 = CARTESIAN_POINT('',(0.935930938412,63.615137516939));
#1936 = CARTESIAN_POINT('',(0.942556481185,65.441252475695));
#1937 = CARTESIAN_POINT('',(0.947041246893,67.283835662932));
#1938 = CARTESIAN_POINT('',(0.949300004651,69.138174521278));
#1939 = CARTESIAN_POINT('',(0.949300004651,71.));
#1940 = ( GEOMETRIC_REPRESENTATION_CONTEXT(2) 
PARAMETRIC_REPRESENTATION_CONTEXT() REPRESENTATION_CONTEXT('2D SPACE',''
  ) );
#1941 = ORIENTED_EDGE('',*,*,#1393,.T.);
#1942 = ORIENTED_EDGE('',*,*,#534,.F.);
#1943 = ORIENTED_EDGE('',*,*,#78,.F.);
#1944 = ADVANCED_FACE('',(#1945,#1948),#393,.T.);
#1945 = FACE_BOUND('',#1946,.T.);
#1946 = EDGE_LOOP('',(#1947));
#1947 = ORIENTED_EDGE('',*,*,#378,.T.);
#1948 = FACE_BOUND('',#1949,.T.);
#1949 = EDGE_LOOP('',(#1950));
#1950 = ORIENTED_EDGE('',*,*,#1951,.F.);
#1951 = EDGE_CURVE('',#1952,#1952,#1954,.T.);
#1952 = VERTEX_POINT('',#1953);
#1953 = CARTESIAN_POINT('',(-1.506315562951E-14,140.,328.7));
#1954 = SURFACE_CURVE('',#1955,(#1960,#1967),.PCURVE_S1.);
#1955 = CIRCLE('',#1956,61.5);
#1956 = AXIS2_PLACEMENT_3D('',#1957,#1958,#1959);
#1957 = CARTESIAN_POINT('',(0.,140.,267.2));
#1958 = DIRECTION('',(0.,1.,0.));
#1959 = DIRECTION('',(0.,-0.,1.));
#1960 = PCURVE('',#393,#1961);
#1961 = DEFINITIONAL_REPRESENTATION('',(#1962),#1966);
#1962 = CIRCLE('',#1963,61.5);
#1963 = AXIS2_PLACEMENT_2D('',#1964,#1965);
#1964 = CARTESIAN_POINT('',(0.,0.));
#1965 = DIRECTION('',(1.,0.));
#1966 = ( GEOMETRIC_REPRESENTATION_CONTEXT(2) 
PARAMETRIC_REPRESENTATION_CONTEXT() REPRESENTATION_CONTEXT('2D SPACE',''
  ) );
#1967 = PCURVE('',#1377,#1968);
#1968 = DEFINITIONAL_REPRESENTATION('',(#1969),#1973);
#1969 = LINE('',#1970,#1971);
#1970 = CARTESIAN_POINT('',(0.,211.));
#1971 = VECTOR('',#1972,1.);
#1972 = DIRECTION('',(1.,0.));
#1973 = ( GEOMETRIC_REPRESENTATION_CONTEXT(2) 
PARAMETRIC_REPRESENTATION_CONTEXT() REPRESENTATION_CONTEXT('2D SPACE',''
  ) );
#1974 = ADVANCED_FACE('',(#1975),#1133,.F.);
#1975 = FACE_BOUND('',#1976,.F.);
#1976 = EDGE_LOOP('',(#1977,#2681,#2702,#2703));
#1977 = ORIENTED_EDGE('',*,*,#1978,.F.);
#1978 = EDGE_CURVE('',#1979,#1979,#1981,.T.);
#1979 = VERTEX_POINT('',#1980);
#1980 = CARTESIAN_POINT('',(56.,-1.371604415045E-14,241.77855236222));
#1981 = SURFACE_CURVE('',#1982,(#2213,#2447),.PCURVE_S1.);
#1982 = B_SPLINE_CURVE_WITH_KNOTS('',7,(#1983,#1984,#1985,#1986,#1987,
    #1988,#1989,#1990,#1991,#1992,#1993,#1994,#1995,#1996,#1997,#1998,
    #1999,#2000,#2001,#2002,#2003,#2004,#2005,#2006,#2007,#2008,#2009,
    #2010,#2011,#2012,#2013,#2014,#2015,#2016,#2017,#2018,#2019,#2020,
    #2021,#2022,#2023,#2024,#2025,#2026,#2027,#2028,#2029,#2030,#2031,
    #2032,#2033,#2034,#2035,#2036,#2037,#2038,#2039,#2040,#2041,#2042,
    #2043,#2044,#2045,#2046,#2047,#2048,#2049,#2050,#2051,#2052,#2053,
    #2054,#2055,#2056,#2057,#2058,#2059,#2060,#2061,#2062,#2063,#2064,
    #2065,#2066,#2067,#2068,#2069,#2070,#2071,#2072,#2073,#2074,#2075,
    #2076,#2077,#2078,#2079,#2080,#2081,#2082,#2083,#2084,#2085,#2086,
    #2087,#2088,#2089,#2090,#2091,#2092,#2093,#2094,#2095,#2096,#2097,
    #2098,#2099,#2100,#2101,#2102,#2103,#2104,#2105,#2106,#2107,#2108,
    #2109,#2110,#2111,#2112,#2113,#2114,#2115,#2116,#2117,#2118,#2119,
    #2120,#2121,#2122,#2123,#2124,#2125,#2126,#2127,#2128,#2129,#2130,
    #2131,#2132,#2133,#2134,#2135,#2136,#2137,#2138,#2139,#2140,#2141,
    #2142,#2143,#2144,#2145,#2146,#2147,#2148,#2149,#2150,#2151,#2152,
    #2153,#2154,#2155,#2156,#2157,#2158,#2159,#2160,#2161,#2162,#2163,
    #2164,#2165,#2166,#2167,#2168,#2169,#2170,#2171,#2172,#2173,#2174,
    #2175,#2176,#2177,#2178,#2179,#2180,#2181,#2182,#2183,#2184,#2185,
    #2186,#2187,#2188,#2189,#2190,#2191,#2192,#2193,#2194,#2195,#2196,
    #2197,#2198,#2199,#2200,#2201,#2202,#2203,#2204,#2205,#2206,#2207,
    #2208,#2209,#2210,#2211,#2212),.UNSPECIFIED.,.T.,.F.,(8,6,6,6,6,6,6,
    6,6,6,6,6,6,6,6,6,6,6,6,6,6,6,6,6,6,6,6,6,6,6,6,6,6,6,6,6,6,6,8),(0.
    ,3.290995515975E-02,6.786354649062E-02,9.914332404502E-02,
    0.13674875007,0.176197827334,0.202478084208,0.22133910258,
    0.231102432434,0.249938786302,0.268775140091,0.278571526302,
    0.297343526351,0.323576459715,0.363272872562,0.400739475709,
    0.431991017574,0.466908964943,0.479473629854,0.499956341148,
    0.520480306319,0.533038553169,0.56799194557,0.599271545105,
    0.636876757109,0.67632560986,0.702605717166,0.721466628194,
    0.731229903661,0.750066154749,0.768902405838,0.778698739807,
    0.797470641986,0.823703438979,0.863399644923,0.900866052787,
    0.932117431763,0.967035197134,1.),.UNSPECIFIED.);
#1983 = CARTESIAN_POINT('',(56.,-1.42108547152E-14,241.77855236222));
#1984 = CARTESIAN_POINT('',(56.,1.613819468778,241.77855236222));
#1985 = CARTESIAN_POINT('',(55.945741630049,3.215593641529,
    241.65902758887));
#1986 = CARTESIAN_POINT('',(55.838681125355,4.803585462856,
    241.4231929413));
#1987 = CARTESIAN_POINT('',(55.680284860384,6.375090734144,
    241.07852299143));
#1988 = CARTESIAN_POINT('',(55.472366545523,7.92486522316,
    240.63698196269));
#1989 = CARTESIAN_POINT('',(55.218414538356,9.443951406778,
    240.11492078928));
#1990 = CARTESIAN_POINT('',(54.613768064577,12.485489658109,
    238.91456988633));
#1991 = CARTESIAN_POINT('',(54.255065627132,14.017280457774,
    238.22267740701));
#1992 = CARTESIAN_POINT('',(53.851677218329,15.516560013763,
    237.47142844606));
#1993 = CARTESIAN_POINT('',(53.405598003072,16.98485629889,
    236.67323461111));
#1994 = CARTESIAN_POINT('',(52.918351871158,18.42394098138,
    235.83795853032));
#1995 = CARTESIAN_POINT('',(52.390558087534,19.836440631238,
    234.97273504532));
#1996 = CARTESIAN_POINT('',(51.312021680171,22.46958565767,
    233.2850901248));
#1997 = CARTESIAN_POINT('',(50.769568032257,23.694678146482,
    232.46780034885));
#1998 = CARTESIAN_POINT('',(50.194308326613,24.901813737703,
    231.63488367026));
#1999 = CARTESIAN_POINT('',(49.586190233637,26.091738534462,
    230.78991167809));
#2000 = CARTESIAN_POINT('',(48.944761522531,27.265371100346,
    229.93557281811));
#2001 = CARTESIAN_POINT('',(48.269107781106,28.423726220796,
    229.07386907953));
#2002 = CARTESIAN_POINT('',(46.702610738023,30.943326150109,
    227.16332547898));
#2003 = CARTESIAN_POINT('',(45.7966263652,32.297031088855,
    226.11278975636));
#2004 = CARTESIAN_POINT('',(44.838172223138,33.629702809303,
    225.05821546869));
#2005 = CARTESIAN_POINT('',(43.825152469964,34.941573719846,
    224.00260036523));
#2006 = CARTESIAN_POINT('',(42.755073291447,36.232317753087,
    222.94880092136));
#2007 = CARTESIAN_POINT('',(41.625115625484,37.500962863152,
    221.89982435192));
#2008 = CARTESIAN_POINT('',(39.180885212461,40.051583020945,
    219.7672459396));
#2009 = CARTESIAN_POINT('',(37.860915264693,41.330512738184,
    218.68501213756));
#2010 = CARTESIAN_POINT('',(36.467693008107,42.581887583855,
    217.61513170553));
#2011 = CARTESIAN_POINT('',(34.996260807911,43.803607515435,
    216.5611896629));
#2012 = CARTESIAN_POINT('',(33.441509117572,44.992089185016,
    215.52783723429));
#2013 = CARTESIAN_POINT('',(31.798351969651,46.142179476106,
    214.52100348121));
#2014 = CARTESIAN_POINT('',(28.905125393445,47.983055522216,
    212.89988956536));
#2015 = CARTESIAN_POINT('',(27.706384351669,48.699359782009,
    212.2664527378));
#2016 = CARTESIAN_POINT('',(26.464059836347,49.393950835865,
    211.64988048636));
#2017 = CARTESIAN_POINT('',(25.176583625722,50.06445419354,
    211.05264481955));
#2018 = CARTESIAN_POINT('',(23.842485948465,50.708092002667,
    210.47757096448));
#2019 = CARTESIAN_POINT('',(22.460434270329,51.321665700322,
    209.92785747173));
#2020 = CARTESIAN_POINT('',(20.002144512016,52.317706386421,
    209.03335242199));
#2021 = CARTESIAN_POINT('',(18.949433056722,52.716632499748,
    208.67441604782));
#2022 = CARTESIAN_POINT('',(17.87141160927,53.096659627846,
    208.33189489322));
#2023 = CARTESIAN_POINT('',(16.768415731379,53.456122103317,
    208.00740634491));
#2024 = CARTESIAN_POINT('',(15.640842732313,53.793344542379,
    207.70257590542));
#2025 = CARTESIAN_POINT('',(14.489151749031,54.106640419183,
    207.41903561753));
#2026 = CARTESIAN_POINT('',(12.705480788078,54.543221966144,
    207.02351715733));
#2027 = CARTESIAN_POINT('',(12.090891469658,54.685238051403,
    206.89478118623));
#2028 = CARTESIAN_POINT('',(11.470354693215,54.820083411899,
    206.77247799894));
#2029 = CARTESIAN_POINT('',(10.844133289006,54.947496988135,
    206.65685728457));
#2030 = CARTESIAN_POINT('',(10.21249409542,55.067232145106,
    206.54815499803));
#2031 = CARTESIAN_POINT('',(9.575707958975,55.179056672303,
    206.44659336006));
#2032 = CARTESIAN_POINT('',(7.696101046408,55.482813283403,
    206.17061704621));
#2033 = CARTESIAN_POINT('',(6.439360494767,55.6527242454,206.01611120249
    ));
#2034 = CARTESIAN_POINT('',(5.167401716006,55.790599326492,
    205.89065254954));
#2035 = CARTESIAN_POINT('',(3.883837548887,55.895009526029,
    205.79560130625));
#2036 = CARTESIAN_POINT('',(2.592309123023,55.964982187479,
    205.73188587003));
#2037 = CARTESIAN_POINT('',(1.296474947586,56.,205.7));
#2038 = CARTESIAN_POINT('',(-1.296474942126,56.,205.7));
#2039 = CARTESIAN_POINT('',(-2.592309128427,55.964982186985,
    205.73188587048));
#2040 = CARTESIAN_POINT('',(-3.883837553276,55.895009525996,
    205.79560130628));
#2041 = CARTESIAN_POINT('',(-5.167401711743,55.790599327146,
    205.89065254895));
#2042 = CARTESIAN_POINT('',(-6.439360489326,55.652724245766,
    206.01611120216));
#2043 = CARTESIAN_POINT('',(-7.696101051675,55.482813282551,
    206.17061704698));
#2044 = CARTESIAN_POINT('',(-9.577880464061,55.178705581456,
    206.44691234162));
#2045 = CARTESIAN_POINT('',(-10.21680520715,55.066474961646,
    206.54884269055));
#2046 = CARTESIAN_POINT('',(-10.8505465978,54.946280936704,
    206.65796128478));
#2047 = CARTESIAN_POINT('',(-11.47883140615,54.818358089245,
    206.77404363094));
#2048 = CARTESIAN_POINT('',(-12.1013905383,54.682955572075,
    206.89685136152));
#2049 = CARTESIAN_POINT('',(-12.71795903628,54.540337108192,
    207.02613223488));
#2050 = CARTESIAN_POINT('',(-14.4977758599,54.104199042852,
    207.42124432896));
#2051 = CARTESIAN_POINT('',(-15.64390339117,53.792245483168,
    207.70356739543));
#2052 = CARTESIAN_POINT('',(-16.76614197739,53.456595544979,
    208.00697526949));
#2053 = CARTESIAN_POINT('',(-17.86403561708,53.098912695867,
    208.32985825508));
#2054 = CARTESIAN_POINT('',(-18.93718897279,52.720850019817,
    208.67061258409));
#2055 = CARTESIAN_POINT('',(-19.98526734216,52.324051599281,
    209.02764197536));
#2056 = CARTESIAN_POINT('',(-22.43720977421,51.331752511725,
    209.91881545766));
#2057 = CARTESIAN_POINT('',(-23.81748053042,50.719731420835,
    210.46715944185));
#2058 = CARTESIAN_POINT('',(-25.14995591193,50.077711590322,
    211.04081500985));
#2059 = CARTESIAN_POINT('',(-26.43595807063,49.408879254943,
    211.63659644259));
#2060 = CARTESIAN_POINT('',(-27.6769458373,48.716003117413,
    212.25168855424));
#2061 = CARTESIAN_POINT('',(-28.87447626288,48.001451547366,
    212.88362680818));
#2062 = CARTESIAN_POINT('',(-31.77898862785,46.15613448003,
    214.50880735247));
#2063 = CARTESIAN_POINT('',(-33.43328774435,44.999154274458,
    215.5217447613));
#2064 = CARTESIAN_POINT('',(-34.99803077796,43.803269848341,
    216.56157031906));
#2065 = CARTESIAN_POINT('',(-36.47839935886,42.573739436917,
    217.622236598));
#2066 = CARTESIAN_POINT('',(-37.87959974297,41.314212110594,
    218.69900671404));
#2067 = CARTESIAN_POINT('',(-39.20668178916,40.026816903475,
    219.78823596681));
#2068 = CARTESIAN_POINT('',(-41.65140538113,37.471442321627,
    221.9242322936));
#2069 = CARTESIAN_POINT('',(-42.77604922897,36.207034814411,
    222.9694447715));
#2070 = CARTESIAN_POINT('',(-43.84129908583,34.920704172502,
    224.01939951845));
#2071 = CARTESIAN_POINT('',(-44.84993877444,33.613404369003,
    225.07112391952));
#2072 = CARTESIAN_POINT('',(-45.80443082986,32.28545400052,
    226.12179127213));
#2073 = CARTESIAN_POINT('',(-46.70684521343,30.936622410531,
    227.16843364059));
#2074 = CARTESIAN_POINT('',(-48.26946866672,28.423056295448,
    229.07435626863));
#2075 = CARTESIAN_POINT('',(-48.94451166388,27.265722545401,
    229.93529189398));
#2076 = CARTESIAN_POINT('',(-49.58539014963,26.093138161406,
    230.78887516411));
#2077 = CARTESIAN_POINT('',(-50.19301593929,24.904291542447,
    231.63310897483));
#2078 = CARTESIAN_POINT('',(-50.76784042514,23.698266842612,
    232.46531239007));
#2079 = CARTESIAN_POINT('',(-51.30991652607,22.474319895011,
    233.28192480344));
#2080 = CARTESIAN_POINT('',(-52.38771266082,19.843838281725,
    234.968139467));
#2081 = CARTESIAN_POINT('',(-52.91516538037,18.432877454347,
    235.83262435205));
#2082 = CARTESIAN_POINT('',(-53.40215239094,16.995396687021,
    236.6672471158));
#2083 = CARTESIAN_POINT('',(-53.84806028708,15.528773809105,
    237.46490362587));
#2084 = CARTESIAN_POINT('',(-54.25137307089,14.031239572733,
    238.21577261494));
#2085 = CARTESIAN_POINT('',(-54.61010395457,12.501270599083,
    238.90749275283));
#2086 = CARTESIAN_POINT('',(-55.03378940059,10.373600178728,
    239.74833156633));
#2087 = CARTESIAN_POINT('',(-55.13981612171,9.805997975955,
    239.96136724487));
#2088 = CARTESIAN_POINT('',(-55.23957416949,9.233990752563,
    240.16415616759));
#2089 = CARTESIAN_POINT('',(-55.33290015048,8.657714486636,
    240.35593026602));
#2090 = CARTESIAN_POINT('',(-55.41964259096,8.077259889049,
    240.53593805096));
#2091 = CARTESIAN_POINT('',(-55.4996558569,7.492672436445,
    240.70344633537));
#2092 = CARTESIAN_POINT('',(-55.69202279985,5.944230633697,
    241.10927215673));
#2093 = CARTESIAN_POINT('',(-55.79316558394,4.972041897769,
    241.32607874023));
#2094 = CARTESIAN_POINT('',(-55.87508387068,3.990580629698,
    241.50402533615));
#2095 = CARTESIAN_POINT('',(-55.93707631222,3.002339927605,
    241.63994505153));
#2096 = CARTESIAN_POINT('',(-55.97870948226,2.009309502379,
    241.73165253789));
#2097 = CARTESIAN_POINT('',(-55.99972139792,1.013174853313,
    241.7779386398));
#2098 = CARTESIAN_POINT('',(-56.0002748589,-0.98414887459,
    241.77915783896));
#2099 = CARTESIAN_POINT('',(-55.97973196486,-1.982352999435,
    241.73390493091));
#2100 = CARTESIAN_POINT('',(-55.93847908376,-2.977492735186,
    241.64302404112));
#2101 = CARTESIAN_POINT('',(-55.87677638541,-3.967865312157,
    241.50771442766));
#2102 = CARTESIAN_POINT('',(-55.79505726924,-4.951463829219,
    241.33016255121));
#2103 = CARTESIAN_POINT('',(-55.69402538983,-5.925775150053,
    241.11354745772));
#2104 = CARTESIAN_POINT('',(-55.50188959578,-7.47608959761,
    240.70812848855));
#2105 = CARTESIAN_POINT('',(-55.42208220155,-8.060475972758,
    240.54101446535));
#2106 = CARTESIAN_POINT('',(-55.33554919663,-8.640737145512,
    240.36139812979));
#2107 = CARTESIAN_POINT('',(-55.24243604594,-9.216826831498,
    240.17001152659));
#2108 = CARTESIAN_POINT('',(-55.14289411788,-9.788653434,239.9676052832)
  );
#2109 = CARTESIAN_POINT('',(-55.03708676983,-10.35608001069,
    239.75494688699));
#2110 = CARTESIAN_POINT('',(-54.61376806458,-12.48548965806,
    238.91456988635));
#2111 = CARTESIAN_POINT('',(-54.25506562712,-14.01728045783,
    238.22267740699));
#2112 = CARTESIAN_POINT('',(-53.85167721832,-15.51656001372,
    237.47142844609));
#2113 = CARTESIAN_POINT('',(-53.40559800305,-16.98485629896,
    236.67323461106));
#2114 = CARTESIAN_POINT('',(-52.91835187117,-18.42394098131,
    235.83795853036));
#2115 = CARTESIAN_POINT('',(-52.39055808752,-19.83644063125,
    234.97273504531));
#2116 = CARTESIAN_POINT('',(-51.31202168014,-22.46958565773,
    233.28509012476));
#2117 = CARTESIAN_POINT('',(-50.76956803225,-23.69467814646,
    232.46780034886));
#2118 = CARTESIAN_POINT('',(-50.19430832663,-24.90181373766,
    231.63488367028));
#2119 = CARTESIAN_POINT('',(-49.58619023363,-26.09173853447,
    230.78991167808));
#2120 = CARTESIAN_POINT('',(-48.9447615225,-27.26537110038,
    229.93557281808));
#2121 = CARTESIAN_POINT('',(-48.26910778112,-28.42372622077,
    229.07386907955));
#2122 = CARTESIAN_POINT('',(-46.70261073802,-30.94332615011,
    227.16332547898));
#2123 = CARTESIAN_POINT('',(-45.79662636519,-32.29703108885,
    226.11278975636));
#2124 = CARTESIAN_POINT('',(-44.83817222313,-33.6297028093,
    225.05821546869));
#2125 = CARTESIAN_POINT('',(-43.82515246996,-34.94157371984,
    224.00260036522));
#2126 = CARTESIAN_POINT('',(-42.75507329144,-36.23231775309,
    222.94880092135));
#2127 = CARTESIAN_POINT('',(-41.62511562547,-37.50096286316,
    221.89982435191));
#2128 = CARTESIAN_POINT('',(-39.18088521245,-40.05158302095,
    219.7672459396));
#2129 = CARTESIAN_POINT('',(-37.86091526468,-41.33051273818,
    218.68501213756));
#2130 = CARTESIAN_POINT('',(-36.46769300809,-42.58188758386,
    217.61513170552));
#2131 = CARTESIAN_POINT('',(-34.9962608079,-43.80360751544,
    216.56118966289));
#2132 = CARTESIAN_POINT('',(-33.44150911756,-44.99208918501,
    215.52783723429));
#2133 = CARTESIAN_POINT('',(-31.79835196964,-46.14217947611,
    214.52100348121));
#2134 = CARTESIAN_POINT('',(-28.90512539348,-47.98305552219,
    212.89988956539));
#2135 = CARTESIAN_POINT('',(-27.70638435165,-48.69935978201,
    212.26645273779));
#2136 = CARTESIAN_POINT('',(-26.46405983628,-49.3939508359,
    211.64988048633));
#2137 = CARTESIAN_POINT('',(-25.17658362566,-50.06445419356,
    211.05264481953));
#2138 = CARTESIAN_POINT('',(-23.84248594845,-50.70809200266,
    210.47757096448));
#2139 = CARTESIAN_POINT('',(-22.46043427037,-51.3216657003,
    209.92785747175));
#2140 = CARTESIAN_POINT('',(-20.00214451196,-52.31770638644,
    209.03335242197));
#2141 = CARTESIAN_POINT('',(-18.9494330567,-52.71663249975,
    208.67441604782));
#2142 = CARTESIAN_POINT('',(-17.87141160928,-53.09665962784,
    208.33189489322));
#2143 = CARTESIAN_POINT('',(-16.76841573139,-53.45612210331,
    208.00740634492));
#2144 = CARTESIAN_POINT('',(-15.64084273229,-53.79334454238,
    207.70257590541));
#2145 = CARTESIAN_POINT('',(-14.48915174898,-54.10664041919,
    207.41903561752));
#2146 = CARTESIAN_POINT('',(-12.70548071463,-54.54322198412,
    207.02351714104));
#2147 = CARTESIAN_POINT('',(-12.09089146265,-54.68523805593,
    206.89478118214));
#2148 = CARTESIAN_POINT('',(-11.47035475355,-54.82008340094,
    206.77247800889));
#2149 = CARTESIAN_POINT('',(-10.84413334835,-54.94749697489,
    206.65685729657));
#2150 = CARTESIAN_POINT('',(-10.21249408593,-55.06723214393,
    206.54815499907));
#2151 = CARTESIAN_POINT('',(-9.575707883053,-55.17905668457,
    206.44659334891));
#2152 = CARTESIAN_POINT('',(-7.696101051675,-55.48281328255,
    206.17061704698));
#2153 = CARTESIAN_POINT('',(-6.439360489328,-55.65272424576,
    206.01611120216));
#2154 = CARTESIAN_POINT('',(-5.167401711746,-55.79059932714,
    205.89065254895));
#2155 = CARTESIAN_POINT('',(-3.883837553279,-55.89500952599,
    205.79560130628));
#2156 = CARTESIAN_POINT('',(-2.592309128428,-55.96498218698,
    205.73188587048));
#2157 = CARTESIAN_POINT('',(-1.296474942124,-56.,205.7));
#2158 = CARTESIAN_POINT('',(1.296474942127,-56.,205.7));
#2159 = CARTESIAN_POINT('',(2.592309128427,-55.96498218698,
    205.73188587048));
#2160 = CARTESIAN_POINT('',(3.883837553274,-55.89500952599,
    205.79560130628));
#2161 = CARTESIAN_POINT('',(5.167401711742,-55.79059932714,
    205.89065254895));
#2162 = CARTESIAN_POINT('',(6.439360489328,-55.65272424576,
    206.01611120216));
#2163 = CARTESIAN_POINT('',(7.696101051678,-55.48281328255,
    206.17061704698));
#2164 = CARTESIAN_POINT('',(9.577880540922,-55.17870556903,
    206.44691235291));
#2165 = CARTESIAN_POINT('',(10.216805217509,-55.06647496269,
    206.54884268962));
#2166 = CARTESIAN_POINT('',(10.850546538779,-54.94628094991,
    206.6579612728));
#2167 = CARTESIAN_POINT('',(11.478831345529,-54.81835810028,
    206.77404362091));
#2168 = CARTESIAN_POINT('',(12.101390544651,-54.68295556768,
    206.89685136548));
#2169 = CARTESIAN_POINT('',(12.717959109131,-54.54033709034,
    207.02613225105));
#2170 = CARTESIAN_POINT('',(14.497775859809,-54.10419904287,
    207.42124432894));
#2171 = CARTESIAN_POINT('',(15.643903391165,-53.79224548317,
    207.70356739542));
#2172 = CARTESIAN_POINT('',(16.766141977473,-53.45659554495,
    208.00697526951));
#2173 = CARTESIAN_POINT('',(17.864035617161,-53.09891269583,
    208.32985825511));
#2174 = CARTESIAN_POINT('',(18.937188972784,-52.72085001981,
    208.67061258409));
#2175 = CARTESIAN_POINT('',(19.985267342078,-52.32405159931,
    209.02764197533));
#2176 = CARTESIAN_POINT('',(22.437209795997,-51.33175250291,
    209.91881546558));
#2177 = CARTESIAN_POINT('',(23.817480512165,-50.71973143047,
    210.46715943329));
#2178 = CARTESIAN_POINT('',(25.149955894754,-50.0777115975,
    211.0408150034));
#2179 = CARTESIAN_POINT('',(26.435958083394,-49.40887924691,
    211.63659644967));
#2180 = CARTESIAN_POINT('',(27.676945856396,-48.716003108,
    212.25168856262));
#2181 = CARTESIAN_POINT('',(28.874476247025,-48.00145155744,
    212.88362679931));
#2182 = CARTESIAN_POINT('',(31.778988627867,-46.15613448002,
    214.50880735248));
#2183 = CARTESIAN_POINT('',(33.43328774436,-44.99915427445,
    215.5217447613));
#2184 = CARTESIAN_POINT('',(34.998030777959,-43.80326984834,
    216.56157031906));
#2185 = CARTESIAN_POINT('',(36.478399358862,-42.57373943692,
    217.622236598));
#2186 = CARTESIAN_POINT('',(37.879599742974,-41.31421211059,
    218.69900671404));
#2187 = CARTESIAN_POINT('',(39.206681789171,-40.02681690346,
    219.78823596682));
#2188 = CARTESIAN_POINT('',(41.651405381099,-37.47144232166,
    221.92423229356));
#2189 = CARTESIAN_POINT('',(42.776049228977,-36.20703481441,
    222.9694447715));
#2190 = CARTESIAN_POINT('',(43.841299085859,-34.92070417247,
    224.01939951848));
#2191 = CARTESIAN_POINT('',(44.849938774469,-33.61340436896,
    225.07112391955));
#2192 = CARTESIAN_POINT('',(45.804430829866,-32.2854540005,
    226.12179127214));
#2193 = CARTESIAN_POINT('',(46.706845213408,-30.93662241057,
    227.16843364055));
#2194 = CARTESIAN_POINT('',(48.269468666731,-28.42305629543,
    229.07435626864));
#2195 = CARTESIAN_POINT('',(48.944511663891,-27.26572254538,
    229.93529189399));
#2196 = CARTESIAN_POINT('',(49.58539014964,-26.0931381614,
    230.78887516411));
#2197 = CARTESIAN_POINT('',(50.193015939291,-24.90429154244,
    231.63310897483));
#2198 = CARTESIAN_POINT('',(50.767840425144,-23.6982668426,
    232.46531239007));
#2199 = CARTESIAN_POINT('',(51.309916526076,-22.474319895,
    233.28192480344));
#2200 = CARTESIAN_POINT('',(52.387712660856,-19.84383828164,
    234.96813946705));
#2201 = CARTESIAN_POINT('',(52.915165380348,-18.43287745443,
    235.83262435199));
#2202 = CARTESIAN_POINT('',(53.402152390936,-16.99539668699,
    236.66724711581));
#2203 = CARTESIAN_POINT('',(53.848060287095,-15.52877380913,
    237.46490362587));
#2204 = CARTESIAN_POINT('',(54.25137307091,-14.03123957264,
    238.21577261498));
#2205 = CARTESIAN_POINT('',(54.61010395457,-12.50127059911,
    238.90749275282));
#2206 = CARTESIAN_POINT('',(55.215820546974,-9.459473225897,
    240.10958743334));
#2207 = CARTESIAN_POINT('',(55.470600050623,-7.938029242994,
    240.63323092675));
#2208 = CARTESIAN_POINT('',(55.67920597797,-6.385774526054,
    241.07617581774));
#2209 = CARTESIAN_POINT('',(55.838131187725,-4.811705966299,
    241.42198154694));
#2210 = CARTESIAN_POINT('',(55.94555410998,-3.221082837506,
    241.65861449774));
#2211 = CARTESIAN_POINT('',(56.,-1.616605818215,241.77855236222));
#2212 = CARTESIAN_POINT('',(56.,-1.42108547152E-14,241.77855236222));
#2213 = PCURVE('',#1133,#2214);
#2214 = DEFINITIONAL_REPRESENTATION('',(#2215),#2446);
#2215 = B_SPLINE_CURVE_WITH_KNOTS('',7,(#2216,#2217,#2218,#2219,#2220,
    #2221,#2222,#2223,#2224,#2225,#2226,#2227,#2228,#2229,#2230,#2231,
    #2232,#2233,#2234,#2235,#2236,#2237,#2238,#2239,#2240,#2241,#2242,
    #2243,#2244,#2245,#2246,#2247,#2248,#2249,#2250,#2251,#2252,#2253,
    #2254,#2255,#2256,#2257,#2258,#2259,#2260,#2261,#2262,#2263,#2264,
    #2265,#2266,#2267,#2268,#2269,#2270,#2271,#2272,#2273,#2274,#2275,
    #2276,#2277,#2278,#2279,#2280,#2281,#2282,#2283,#2284,#2285,#2286,
    #2287,#2288,#2289,#2290,#2291,#2292,#2293,#2294,#2295,#2296,#2297,
    #2298,#2299,#2300,#2301,#2302,#2303,#2304,#2305,#2306,#2307,#2308,
    #2309,#2310,#2311,#2312,#2313,#2314,#2315,#2316,#2317,#2318,#2319,
    #2320,#2321,#2322,#2323,#2324,#2325,#2326,#2327,#2328,#2329,#2330,
    #2331,#2332,#2333,#2334,#2335,#2336,#2337,#2338,#2339,#2340,#2341,
    #2342,#2343,#2344,#2345,#2346,#2347,#2348,#2349,#2350,#2351,#2352,
    #2353,#2354,#2355,#2356,#2357,#2358,#2359,#2360,#2361,#2362,#2363,
    #2364,#2365,#2366,#2367,#2368,#2369,#2370,#2371,#2372,#2373,#2374,
    #2375,#2376,#2377,#2378,#2379,#2380,#2381,#2382,#2383,#2384,#2385,
    #2386,#2387,#2388,#2389,#2390,#2391,#2392,#2393,#2394,#2395,#2396,
    #2397,#2398,#2399,#2400,#2401,#2402,#2403,#2404,#2405,#2406,#2407,
    #2408,#2409,#2410,#2411,#2412,#2413,#2414,#2415,#2416,#2417,#2418,
    #2419,#2420,#2421,#2422,#2423,#2424,#2425,#2426,#2427,#2428,#2429,
    #2430,#2431,#2432,#2433,#2434,#2435,#2436,#2437,#2438,#2439,#2440,
    #2441,#2442,#2443,#2444,#2445),.UNSPECIFIED.,.F.,.F.,(8,6,6,6,6,6,6,
    6,6,6,6,6,6,6,6,6,6,6,6,6,6,6,6,6,6,6,6,6,6,6,6,6,6,6,6,6,6,6,8),(0.
    ,3.290995515975E-02,6.786354649062E-02,9.914332404502E-02,
    0.13674875007,0.176197827334,0.202478084208,0.22133910258,
    0.231102432434,0.249938786302,0.268775140091,0.278571526302,
    0.297343526351,0.323576459715,0.363272872562,0.400739475709,
    0.431991017574,0.466908964943,0.479473629854,0.499956341148,
    0.520480306319,0.533038553169,0.56799194557,0.599271545105,
    0.636876757109,0.67632560986,0.702605717166,0.721466628194,
    0.731229903661,0.750066154749,0.768902405838,0.778698739807,
    0.797470641986,0.823703438979,0.863399644923,0.900866052787,
    0.932117431763,0.967035197134,1.),.UNSPECIFIED.);
#2216 = CARTESIAN_POINT('',(0.,54.578552362228));
#2217 = CARTESIAN_POINT('',(2.88182047996E-02,54.578552362228));
#2218 = CARTESIAN_POINT('',(5.74213113902E-02,54.45902758887));
#2219 = CARTESIAN_POINT('',(8.581741816809E-02,54.223192941303));
#2220 = CARTESIAN_POINT('',(0.113994608005,53.878522991438));
#2221 = CARTESIAN_POINT('',(0.141893537874,53.436981962696));
#2222 = CARTESIAN_POINT('',(0.16938365238,52.914920789289));
#2223 = CARTESIAN_POINT('',(0.224759663832,51.714569886338));
#2224 = CARTESIAN_POINT('',(0.252837010225,51.022677407013));
#2225 = CARTESIAN_POINT('',(0.280538416384,50.271428446071));
#2226 = CARTESIAN_POINT('',(0.307916322152,49.473234611113));
#2227 = CARTESIAN_POINT('',(0.335026157859,48.637958530324));
#2228 = CARTESIAN_POINT('',(0.361939629041,47.772735045326));
#2229 = CARTESIAN_POINT('',(0.412751574472,46.085090124806));
#2230 = CARTESIAN_POINT('',(0.436667431232,45.267800348853));
#2231 = CARTESIAN_POINT('',(0.460531170346,44.43488367026));
#2232 = CARTESIAN_POINT('',(0.484377370171,43.589911678096));
#2233 = CARTESIAN_POINT('',(0.508246099137,42.735572818112));
#2234 = CARTESIAN_POINT('',(0.532183097472,41.873869079538));
#2235 = CARTESIAN_POINT('',(0.585162856284,39.963325478987));
#2236 = CARTESIAN_POINT('',(0.6142340342,38.912789756364));
#2237 = CARTESIAN_POINT('',(0.643520461355,37.858215468695));
#2238 = CARTESIAN_POINT('',(0.673086795182,36.80260036523));
#2239 = CARTESIAN_POINT('',(0.702996919453,35.748800921363));
#2240 = CARTESIAN_POINT('',(0.733314279527,34.699824351921));
#2241 = CARTESIAN_POINT('',(0.796398097427,32.567245939607));
#2242 = CARTESIAN_POINT('',(0.82919569213,31.485012137566));
#2243 = CARTESIAN_POINT('',(0.862598055561,30.415131705535));
#2244 = CARTESIAN_POINT('',(0.896702168912,29.3611896629));
#2245 = CARTESIAN_POINT('',(0.93160000257,28.327837234298));
#2246 = CARTESIAN_POINT('',(0.96738068753,27.321003481217));
#2247 = CARTESIAN_POINT('',(1.028616849644,25.699889565367));
#2248 = CARTESIAN_POINT('',(1.05354362673,25.066452737805));
#2249 = CARTESIAN_POINT('',(1.078942906933,24.449880486369));
#2250 = CARTESIAN_POINT('',(1.104843359822,23.852644819555));
#2251 = CARTESIAN_POINT('',(1.131273283511,23.277570964488));
#2252 = CARTESIAN_POINT('',(1.158261062273,22.727857471735));
#2253 = CARTESIAN_POINT('',(1.205625549368,21.83335242199));
#2254 = CARTESIAN_POINT('',(1.225723273958,21.474416047828));
#2255 = CARTESIAN_POINT('',(1.246125817063,21.131894893221));
#2256 = CARTESIAN_POINT('',(1.266830879121,20.807406344919));
#2257 = CARTESIAN_POINT('',(1.287836920705,20.50257590542));
#2258 = CARTESIAN_POINT('',(1.309143241371,20.219035617535));
#2259 = CARTESIAN_POINT('',(1.341934739966,19.823517157335));
#2260 = CARTESIAN_POINT('',(1.353197789621,19.694781186234));
#2261 = CARTESIAN_POINT('',(1.364535850237,19.572477998945));
#2262 = CARTESIAN_POINT('',(1.375945680123,19.456857284572));
#2263 = CARTESIAN_POINT('',(1.387424153119,19.348154998033));
#2264 = CARTESIAN_POINT('',(1.398968258598,19.246593360064));
#2265 = CARTESIAN_POINT('',(1.432968137727,18.97061704621));
#2266 = CARTESIAN_POINT('',(1.455606555692,18.816111202496));
#2267 = CARTESIAN_POINT('',(1.478440313604,18.690652549546));
#2268 = CARTESIAN_POINT('',(1.50142181595,18.59560130625));
#2269 = CARTESIAN_POINT('',(1.52450509435,18.531885870039));
#2270 = CARTESIAN_POINT('',(1.547644988445,18.5));
#2271 = CARTESIAN_POINT('',(1.593947665047,18.5));
#2272 = CARTESIAN_POINT('',(1.617087559337,18.531885870488));
#2273 = CARTESIAN_POINT('',(1.640170837718,18.59560130628));
#2274 = CARTESIAN_POINT('',(1.663152339909,18.690652548952));
#2275 = CARTESIAN_POINT('',(1.6859860978,18.816111202163));
#2276 = CARTESIAN_POINT('',(1.708624515958,18.970617046983));
#2277 = CARTESIAN_POINT('',(1.742663693055,19.246912341624));
#2278 = CARTESIAN_POINT('',(1.754246655589,19.348842690554));
#2279 = CARTESIAN_POINT('',(1.765763520318,19.457961284783));
#2280 = CARTESIAN_POINT('',(1.777211252101,19.574043630942));
#2281 = CARTESIAN_POINT('',(1.788586700073,19.696851361524));
#2282 = CARTESIAN_POINT('',(1.799886597644,19.826132234881));
#2283 = CARTESIAN_POINT('',(1.832609364098,20.221244328962));
#2284 = CARTESIAN_POINT('',(1.853813630776,20.503567395431));
#2285 = CARTESIAN_POINT('',(1.874720510782,20.806975269499));
#2286 = CARTESIAN_POINT('',(1.895329249534,21.129858255086));
#2287 = CARTESIAN_POINT('',(1.915638266472,21.470612584098));
#2288 = CARTESIAN_POINT('',(1.935645231926,21.827641975361));
#2289 = CARTESIAN_POINT('',(1.982879582973,22.718815457669));
#2290 = CARTESIAN_POINT('',(2.009827115252,23.267159441856));
#2291 = CARTESIAN_POINT('',(2.036218488362,23.840815009851));
#2292 = CARTESIAN_POINT('',(2.062081906012,24.436596442597));
#2293 = CARTESIAN_POINT('',(2.087445481731,25.051688554249));
#2294 = CARTESIAN_POINT('',(2.112337692526,25.683626808188));
#2295 = CARTESIAN_POINT('',(2.173786472314,27.308807352471));
#2296 = CARTESIAN_POINT('',(2.209800005246,28.321744761301));
#2297 = CARTESIAN_POINT('',(2.244918936511,29.361570319067));
#2298 = CARTESIAN_POINT('',(2.279234034081,30.422236598008));
#2299 = CARTESIAN_POINT('',(2.312838972609,31.499006714045));
#2300 = CARTESIAN_POINT('',(2.345832573649,32.588235966815));
#2301 = CARTESIAN_POINT('',(2.408983805052,34.7242322936));
#2302 = CARTESIAN_POINT('',(2.439181797169,35.769444771504));
#2303 = CARTESIAN_POINT('',(2.468976559573,36.819399518458));
#2304 = CARTESIAN_POINT('',(2.498430838395,37.871123919528));
#2305 = CARTESIAN_POINT('',(2.527607805748,38.921791272137));
#2306 = CARTESIAN_POINT('',(2.556571385073,39.968433640593));
#2307 = CARTESIAN_POINT('',(2.609423118241,41.874356268636));
#2308 = CARTESIAN_POINT('',(2.633338892614,42.735291893987));
#2309 = CARTESIAN_POINT('',(2.657186523923,43.588875164115));
#2310 = CARTESIAN_POINT('',(2.681011622678,44.43310897483));
#2311 = CARTESIAN_POINT('',(2.704854150147,45.265312390073));
#2312 = CARTESIAN_POINT('',(2.72874859848,46.081924803446));
#2313 = CARTESIAN_POINT('',(2.779511521667,47.768139467009));
#2314 = CARTESIAN_POINT('',(2.806397160439,48.632624352052));
#2315 = CARTESIAN_POINT('',(2.833478449546,49.467247115802));
#2316 = CARTESIAN_POINT('',(2.860826955201,50.264903625878));
#2317 = CARTESIAN_POINT('',(2.888497993001,51.015772614945));
#2318 = CARTESIAN_POINT('',(2.916543836678,51.707492752839));
#2319 = CARTESIAN_POINT('',(2.955283922535,52.548331566338));
#2320 = CARTESIAN_POINT('',(2.965594265217,52.761367244874));
#2321 = CARTESIAN_POINT('',(2.975961654778,52.964156167596));
#2322 = CARTESIAN_POINT('',(2.98638498668,53.15593026602));
#2323 = CARTESIAN_POINT('',(2.996864079108,53.335938050968));
#2324 = CARTESIAN_POINT('',(3.007399655873,53.503446335375));
#2325 = CARTESIAN_POINT('',(3.035262962525,53.909272156739));
#2326 = CARTESIAN_POINT('',(3.052713702984,54.126078740238));
#2327 = CARTESIAN_POINT('',(3.070294861033,54.304025336156));
#2328 = CARTESIAN_POINT('',(3.087969889934,54.439945051536));
#2329 = CARTESIAN_POINT('',(3.105712025104,54.531652537892));
#2330 = CARTESIAN_POINT('',(3.123500244807,54.577938639802));
#2331 = CARTESIAN_POINT('',(3.159166741318,54.57915783896));
#2332 = CARTESIAN_POINT('',(3.176991710275,54.533904930916));
#2333 = CARTESIAN_POINT('',(3.194771157643,54.443024041124));
#2334 = CARTESIAN_POINT('',(3.212483814721,54.307714427666));
#2335 = CARTESIAN_POINT('',(3.230102672968,54.130162551212));
#2336 = CARTESIAN_POINT('',(3.247590887083,53.913547457721));
#2337 = CARTESIAN_POINT('',(3.275486871049,53.508128488551));
#2338 = CARTESIAN_POINT('',(3.28601839322,53.341014465351));
#2339 = CARTESIAN_POINT('',(3.296493518747,53.161398129791));
#2340 = CARTESIAN_POINT('',(3.306912956187,52.970011526593));
#2341 = CARTESIAN_POINT('',(3.317276507115,52.767605283207));
#2342 = CARTESIAN_POINT('',(3.327583048954,52.55494688699));
#2343 = CARTESIAN_POINT('',(3.366352317421,51.714569886356));
#2344 = CARTESIAN_POINT('',(3.394429663816,51.02267740699));
#2345 = CARTESIAN_POINT('',(3.422131069973,50.271428446091));
#2346 = CARTESIAN_POINT('',(3.449508975743,49.473234611066));
#2347 = CARTESIAN_POINT('',(3.476618811448,48.637958530368));
#2348 = CARTESIAN_POINT('',(3.503532282631,47.772735045316));
#2349 = CARTESIAN_POINT('',(3.554344228063,46.085090124763));
#2350 = CARTESIAN_POINT('',(3.578260084822,45.267800348862));
#2351 = CARTESIAN_POINT('',(3.602123823935,44.434883670287));
#2352 = CARTESIAN_POINT('',(3.625970023761,43.589911678087));
#2353 = CARTESIAN_POINT('',(3.649838752727,42.735572818081));
#2354 = CARTESIAN_POINT('',(3.673775751062,41.873869079556));
#2355 = CARTESIAN_POINT('',(3.726755509873,39.963325478984));
#2356 = CARTESIAN_POINT('',(3.75582668779,38.912789756363));
#2357 = CARTESIAN_POINT('',(3.785113114944,37.858215468696));
#2358 = CARTESIAN_POINT('',(3.814679448771,36.802600365228));
#2359 = CARTESIAN_POINT('',(3.844589573043,35.748800921355));
#2360 = CARTESIAN_POINT('',(3.874906933117,34.699824351912));
#2361 = CARTESIAN_POINT('',(3.937990751017,32.5672459396));
#2362 = CARTESIAN_POINT('',(3.97078834572,31.485012137564));
#2363 = CARTESIAN_POINT('',(4.004190709151,30.415131705529));
#2364 = CARTESIAN_POINT('',(4.038294822502,29.361189662893));
#2365 = CARTESIAN_POINT('',(4.07319265616,28.327837234294));
#2366 = CARTESIAN_POINT('',(4.10897334112,27.32100348121));
#2367 = CARTESIAN_POINT('',(4.170209503233,25.69988956539));
#2368 = CARTESIAN_POINT('',(4.19513628032,25.066452737797));
#2369 = CARTESIAN_POINT('',(4.220535560524,24.449880486338));
#2370 = CARTESIAN_POINT('',(4.246436013413,23.852644819532));
#2371 = CARTESIAN_POINT('',(4.272865937101,23.277570964489));
#2372 = CARTESIAN_POINT('',(4.299853715862,22.72785747175));
#2373 = CARTESIAN_POINT('',(4.347218202959,21.833352421973));
#2374 = CARTESIAN_POINT('',(4.367315927548,21.474416047824));
#2375 = CARTESIAN_POINT('',(4.387718470653,21.131894893226));
#2376 = CARTESIAN_POINT('',(4.40842353271,20.807406344923));
#2377 = CARTESIAN_POINT('',(4.429429574295,20.502575905415));
#2378 = CARTESIAN_POINT('',(4.450735894962,20.219035617525));
#2379 = CARTESIAN_POINT('',(4.483527394907,19.823517141049));
#2380 = CARTESIAN_POINT('',(4.49479044335,19.694781182141));
#2381 = CARTESIAN_POINT('',(4.506128502731,19.572478008893));
#2382 = CARTESIAN_POINT('',(4.517538332626,19.456857296575));
#2383 = CARTESIAN_POINT('',(4.529016806871,19.348154999079));
#2384 = CARTESIAN_POINT('',(4.540560913561,19.246593348917));
#2385 = CARTESIAN_POINT('',(4.574560791221,18.970617046983));
#2386 = CARTESIAN_POINT('',(4.597199209379,18.816111202163));
#2387 = CARTESIAN_POINT('',(4.620032967271,18.690652548952));
#2388 = CARTESIAN_POINT('',(4.643014469462,18.59560130628));
#2389 = CARTESIAN_POINT('',(4.666097747842,18.531885870487));
#2390 = CARTESIAN_POINT('',(4.689237642132,18.5));
#2391 = CARTESIAN_POINT('',(4.735540318637,18.5));
#2392 = CARTESIAN_POINT('',(4.758680212927,18.531885870488));
#2393 = CARTESIAN_POINT('',(4.781763491308,18.59560130628));
#2394 = CARTESIAN_POINT('',(4.804744993498,18.690652548952));
#2395 = CARTESIAN_POINT('',(4.82757875139,18.816111202163));
#2396 = CARTESIAN_POINT('',(4.850217169548,18.970617046984));
#2397 = CARTESIAN_POINT('',(4.884256348035,19.24691235291));
#2398 = CARTESIAN_POINT('',(4.895839309357,19.348842689626));
#2399 = CARTESIAN_POINT('',(4.907356172827,19.457961272804));
#2400 = CARTESIAN_POINT('',(4.91880390459,19.574043620918));
#2401 = CARTESIAN_POINT('',(4.93017935379,19.696851365483));
#2402 = CARTESIAN_POINT('',(4.941479252573,19.826132251053));
#2403 = CARTESIAN_POINT('',(4.974202017686,20.22124432894));
#2404 = CARTESIAN_POINT('',(4.995406284365,20.503567395424));
#2405 = CARTESIAN_POINT('',(5.016313164374,20.806975269517));
#2406 = CARTESIAN_POINT('',(5.036921903125,21.129858255111));
#2407 = CARTESIAN_POINT('',(5.057230920062,21.4706125841));
#2408 = CARTESIAN_POINT('',(5.077237885515,21.82764197533));
#2409 = CARTESIAN_POINT('',(5.124472236982,22.718815465585));
#2410 = CARTESIAN_POINT('',(5.151419768472,23.267159433297));
#2411 = CARTESIAN_POINT('',(5.177811141619,23.840815003408));
#2412 = CARTESIAN_POINT('',(5.203674559871,24.436596449673));
#2413 = CARTESIAN_POINT('',(5.229038135702,25.051688562625));
#2414 = CARTESIAN_POINT('',(5.25393034578,25.683626799311));
#2415 = CARTESIAN_POINT('',(5.315379125904,27.30880735248));
#2416 = CARTESIAN_POINT('',(5.351392658836,28.321744761307));
#2417 = CARTESIAN_POINT('',(5.386511590101,29.361570319066));
#2418 = CARTESIAN_POINT('',(5.42082668767,30.422236598003));
#2419 = CARTESIAN_POINT('',(5.454431626199,31.499006714045));
#2420 = CARTESIAN_POINT('',(5.487425227239,32.588235966824));
#2421 = CARTESIAN_POINT('',(5.550576458641,34.724232293566));
#2422 = CARTESIAN_POINT('',(5.580774450759,35.769444771501));
#2423 = CARTESIAN_POINT('',(5.610569213164,36.819399518482));
#2424 = CARTESIAN_POINT('',(5.640023491986,37.871123919559));
#2425 = CARTESIAN_POINT('',(5.669200459338,38.921791272144));
#2426 = CARTESIAN_POINT('',(5.698164038662,39.968433640558));
#2427 = CARTESIAN_POINT('',(5.751015771831,41.874356268648));
#2428 = CARTESIAN_POINT('',(5.774931546204,42.735291893995));
#2429 = CARTESIAN_POINT('',(5.798779177513,43.588875164117));
#2430 = CARTESIAN_POINT('',(5.822604276268,44.43310897483));
#2431 = CARTESIAN_POINT('',(5.846446803736,45.265312390076));
#2432 = CARTESIAN_POINT('',(5.87034125207,46.081924803449));
#2433 = CARTESIAN_POINT('',(5.921104175259,47.768139467058));
#2434 = CARTESIAN_POINT('',(5.947989814027,48.632624351997));
#2435 = CARTESIAN_POINT('',(5.975071103137,49.46724711582));
#2436 = CARTESIAN_POINT('',(6.002419608789,50.26490362587));
#2437 = CARTESIAN_POINT('',(6.030090646593,51.015772614982));
#2438 = CARTESIAN_POINT('',(6.058136490267,51.707492752829));
#2439 = CARTESIAN_POINT('',(6.113520768899,52.909587433342));
#2440 = CARTESIAN_POINT('',(6.141054789676,53.433230926756));
#2441 = CARTESIAN_POINT('',(6.168999133616,53.876175817747));
#2442 = CARTESIAN_POINT('',(6.197222677014,54.221981546946));
#2443 = CARTESIAN_POINT('',(6.225665974475,54.458614497748));
#2444 = CARTESIAN_POINT('',(6.25431734614,54.578552362228));
#2445 = CARTESIAN_POINT('',(6.28318530718,54.578552362228));
#2446 = ( GEOMETRIC_REPRESENTATION_CONTEXT(2) 
PARAMETRIC_REPRESENTATION_CONTEXT() REPRESENTATION_CONTEXT('2D SPACE',''
  ) );
#2447 = PCURVE('',#1377,#2448);
#2448 = DEFINITIONAL_REPRESENTATION('',(#2449),#2680);
#2449 = B_SPLINE_CURVE_WITH_KNOTS('',7,(#2450,#2451,#2452,#2453,#2454,
    #2455,#2456,#2457,#2458,#2459,#2460,#2461,#2462,#2463,#2464,#2465,
    #2466,#2467,#2468,#2469,#2470,#2471,#2472,#2473,#2474,#2475,#2476,
    #2477,#2478,#2479,#2480,#2481,#2482,#2483,#2484,#2485,#2486,#2487,
    #2488,#2489,#2490,#2491,#2492,#2493,#2494,#2495,#2496,#2497,#2498,
    #2499,#2500,#2501,#2502,#2503,#2504,#2505,#2506,#2507,#2508,#2509,
    #2510,#2511,#2512,#2513,#2514,#2515,#2516,#2517,#2518,#2519,#2520,
    #2521,#2522,#2523,#2524,#2525,#2526,#2527,#2528,#2529,#2530,#2531,
    #2532,#2533,#2534,#2535,#2536,#2537,#2538,#2539,#2540,#2541,#2542,
    #2543,#2544,#2545,#2546,#2547,#2548,#2549,#2550,#2551,#2552,#2553,
    #2554,#2555,#2556,#2557,#2558,#2559,#2560,#2561,#2562,#2563,#2564,
    #2565,#2566,#2567,#2568,#2569,#2570,#2571,#2572,#2573,#2574,#2575,
    #2576,#2577,#2578,#2579,#2580,#2581,#2582,#2583,#2584,#2585,#2586,
    #2587,#2588,#2589,#2590,#2591,#2592,#2593,#2594,#2595,#2596,#2597,
    #2598,#2599,#2600,#2601,#2602,#2603,#2604,#2605,#2606,#2607,#2608,
    #2609,#2610,#2611,#2612,#2613,#2614,#2615,#2616,#2617,#2618,#2619,
    #2620,#2621,#2622,#2623,#2624,#2625,#2626,#2627,#2628,#2629,#2630,
    #2631,#2632,#2633,#2634,#2635,#2636,#2637,#2638,#2639,#2640,#2641,
    #2642,#2643,#2644,#2645,#2646,#2647,#2648,#2649,#2650,#2651,#2652,
    #2653,#2654,#2655,#2656,#2657,#2658,#2659,#2660,#2661,#2662,#2663,
    #2664,#2665,#2666,#2667,#2668,#2669,#2670,#2671,#2672,#2673,#2674,
    #2675,#2676,#2677,#2678,#2679),.UNSPECIFIED.,.T.,.F.,(8,6,6,6,6,6,6,
    6,6,6,6,6,6,6,6,6,6,6,6,6,6,6,6,6,6,6,6,6,6,6,6,6,6,6,6,6,6,6,8),(0.
    ,3.290995515975E-02,6.786354649062E-02,9.914332404502E-02,
    0.13674875007,0.176197827334,0.202478084208,0.22133910258,
    0.231102432434,0.249938786302,0.268775140091,0.278571526302,
    0.297343526351,0.323576459715,0.363272872562,0.400739475709,
    0.431991017574,0.466908964943,0.479473629854,0.499956341148,
    0.520480306319,0.533038553169,0.56799194557,0.599271545105,
    0.636876757109,0.67632560986,0.702605717166,0.721466628194,
    0.731229903661,0.750066154749,0.768902405838,0.778698739807,
    0.797470641986,0.823703438979,0.863399644923,0.900866052787,
    0.932117431763,0.967035197134,1.),.UNSPECIFIED.);
#2450 = CARTESIAN_POINT('',(1.99693388262,71.));
#2451 = CARTESIAN_POINT('',(1.99693388262,72.613819468778));
#2452 = CARTESIAN_POINT('',(1.999068251787,74.215593641529));
#2453 = CARTESIAN_POINT('',(2.003279593537,75.803585462856));
#2454 = CARTESIAN_POINT('',(2.009447422484,77.375090734144));
#2455 = CARTESIAN_POINT('',(2.01738227622,78.92486522316));
#2456 = CARTESIAN_POINT('',(2.026821220314,80.443951406778));
#2457 = CARTESIAN_POINT('',(2.048675505829,83.485489658109));
#2458 = CARTESIAN_POINT('',(2.061346961987,85.017280457774));
#2459 = CARTESIAN_POINT('',(2.075209590526,86.516560013763));
#2460 = CARTESIAN_POINT('',(2.090073521338,87.98485629889));
#2461 = CARTESIAN_POINT('',(2.105792495314,89.42394098138));
#2462 = CARTESIAN_POINT('',(2.122268532023,90.836440631238));
#2463 = CARTESIAN_POINT('',(2.154835109537,93.46958565767));
#2464 = CARTESIAN_POINT('',(2.170782762405,94.694678146482));
#2465 = CARTESIAN_POINT('',(2.187237711566,95.901813737703));
#2466 = CARTESIAN_POINT('',(2.204159419036,97.091738534462));
#2467 = CARTESIAN_POINT('',(2.221524640252,98.265371100346));
#2468 = CARTESIAN_POINT('',(2.23932540795,99.423726220796));
#2469 = CARTESIAN_POINT('',(2.279498507646,101.9433261501));
#2470 = CARTESIAN_POINT('',(2.302048263236,103.29703108885));
#2471 = CARTESIAN_POINT('',(2.325206977875,104.6297028093));
#2472 = CARTESIAN_POINT('',(2.348980155389,105.94157371984));
#2473 = CARTESIAN_POINT('',(2.373383975096,107.23231775308));
#2474 = CARTESIAN_POINT('',(2.398442018183,108.50096286315));
#2475 = CARTESIAN_POINT('',(2.451186519479,111.05158302094));
#2476 = CARTESIAN_POINT('',(2.478928157685,112.33051273818));
#2477 = CARTESIAN_POINT('',(2.507467392719,113.58188758385));
#2478 = CARTESIAN_POINT('',(2.536866742391,114.80360751543));
#2479 = CARTESIAN_POINT('',(2.567189807475,115.99208918501));
#2480 = CARTESIAN_POINT('',(2.59850078246,117.1421794761));
#2481 = CARTESIAN_POINT('',(2.652426626499,118.98305552221));
#2482 = CARTESIAN_POINT('',(2.674465641096,119.699359782));
#2483 = CARTESIAN_POINT('',(2.697005262024,120.39395083586));
#2484 = CARTESIAN_POINT('',(2.720067664912,121.06445419354));
#2485 = CARTESIAN_POINT('',(2.743674901375,121.70809200266));
#2486 = CARTESIAN_POINT('',(2.767849112898,122.32166570032));
#2487 = CARTESIAN_POINT('',(2.8103852999,123.31770638642));
#2488 = CARTESIAN_POINT('',(2.828466447525,123.71663249974));
#2489 = CARTESIAN_POINT('',(2.846852234477,124.09665962784));
#2490 = CARTESIAN_POINT('',(2.86553914109,124.45612210331));
#2491 = CARTESIAN_POINT('',(2.884524153526,124.79334454237));
#2492 = CARTESIAN_POINT('',(2.903804836136,125.10664041918));
#2493 = CARTESIAN_POINT('',(2.933512099584,125.54322196614));
#2494 = CARTESIAN_POINT('',(2.943721595164,125.6852380514));
#2495 = CARTESIAN_POINT('',(2.954004566877,125.82008341189));
#2496 = CARTESIAN_POINT('',(2.964357775571,125.94749698813));
#2497 = CARTESIAN_POINT('',(2.974778066623,126.0672321451));
#2498 = CARTESIAN_POINT('',(2.98526236994,126.1790566723));
#2499 = CARTESIAN_POINT('',(3.016152763665,126.4828132834));
#2500 = CARTESIAN_POINT('',(3.036735762192,126.6527242454));
#2501 = CARTESIAN_POINT('',(3.057508718783,126.79059932649));
#2502 = CARTESIAN_POINT('',(3.078425519808,126.89500952602));
#2503 = CARTESIAN_POINT('',(3.099441288741,126.96498218747));
#2504 = CARTESIAN_POINT('',(3.120511760133,127.));
#2505 = CARTESIAN_POINT('',(3.162673546958,127.));
#2506 = CARTESIAN_POINT('',(3.183744018527,126.96498218698));
#2507 = CARTESIAN_POINT('',(3.204759787443,126.89500952599));
#2508 = CARTESIAN_POINT('',(3.225676588327,126.79059932714));
#2509 = CARTESIAN_POINT('',(3.246449544899,126.65272424576));
#2510 = CARTESIAN_POINT('',(3.267032543601,126.48281328255));
#2511 = CARTESIAN_POINT('',(3.297958641268,126.17870558145));
#2512 = CARTESIAN_POINT('',(3.308478220633,126.06647496164));
#2513 = CARTESIAN_POINT('',(3.31893333405,125.9462809367));
#2514 = CARTESIAN_POINT('',(3.329320885815,125.81835808924));
#2515 = CARTESIAN_POINT('',(3.339637695788,125.68295557207));
#2516 = CARTESIAN_POINT('',(3.349880499391,125.54033710819));
#2517 = CARTESIAN_POINT('',(3.37952515049,125.10419904285));
#2518 = CARTESIAN_POINT('',(3.39871333777,124.79224548316));
#2519 = CARTESIAN_POINT('',(3.417608690385,124.45659554497));
#2520 = CARTESIAN_POINT('',(3.436208749156,124.09891269586));
#2521 = CARTESIAN_POINT('',(3.454510485535,123.72085001981));
#2522 = CARTESIAN_POINT('',(3.472510372339,123.32405159928));
#2523 = CARTESIAN_POINT('',(3.514931051381,122.33175251172));
#2524 = CARTESIAN_POINT('',(3.539070174811,121.71973142083));
#2525 = CARTESIAN_POINT('',(3.562644124968,121.07771159032));
#2526 = CARTESIAN_POINT('',(3.585674898143,120.40887925494));
#2527 = CARTESIAN_POINT('',(3.608184399213,119.71600311741));
#2528 = CARTESIAN_POINT('',(3.630194654111,119.00145154736));
#2529 = CARTESIAN_POINT('',(3.684312920911,117.15613448003));
#2530 = CARTESIAN_POINT('',(3.715829732462,115.99915427445));
#2531 = CARTESIAN_POINT('',(3.746345738739,114.80326984834));
#2532 = CARTESIAN_POINT('',(3.775926321556,113.57373943691));
#2533 = CARTESIAN_POINT('',(3.804636261127,112.31421211059));
#2534 = CARTESIAN_POINT('',(3.832539229842,111.02681690347));
#2535 = CARTESIAN_POINT('',(3.885326323862,108.47144232162));
#2536 = CARTESIAN_POINT('',(3.910279560269,107.20703481441));
#2537 = CARTESIAN_POINT('',(3.934583771438,105.9207041725));
#2538 = CARTESIAN_POINT('',(3.958262185288,104.613404369));
#2539 = CARTESIAN_POINT('',(3.981330704548,103.28545400052));
#2540 = CARTESIAN_POINT('',(4.003794685211,101.93662241053));
#2541 = CARTESIAN_POINT('',(4.043869745728,99.423056295448));
#2542 = CARTESIAN_POINT('',(4.061654568955,98.265722545401));
#2543 = CARTESIAN_POINT('',(4.079004609279,97.093138161406));
#2544 = CARTESIAN_POINT('',(4.095911913674,95.904291542447));
#2545 = CARTESIAN_POINT('',(4.112353309349,94.698266842612));
#2546 = CARTESIAN_POINT('',(4.128288395875,93.474319895011));
#2547 = CARTESIAN_POINT('',(4.160828895307,90.843838281725));
#2548 = CARTESIAN_POINT('',(4.177291800777,89.432877454347));
#2549 = CARTESIAN_POINT('',(4.192999486789,87.995396687021));
#2550 = CARTESIAN_POINT('',(4.207854439765,86.528773809105));
#2551 = CARTESIAN_POINT('',(4.221711044889,85.031239572733));
#2552 = CARTESIAN_POINT('',(4.234380225336,83.501270599083));
#2553 = CARTESIAN_POINT('',(4.249690006172,81.373600178728));
#2554 = CARTESIAN_POINT('',(4.253559257605,80.805997975955));
#2555 = CARTESIAN_POINT('',(4.257233959658,80.233990752563));
#2556 = CARTESIAN_POINT('',(4.260701826571,79.657714486636));
#2557 = CARTESIAN_POINT('',(4.263950860153,79.077259889049));
#2558 = CARTESIAN_POINT('',(4.266969337191,78.492672436445));
#2559 = CARTESIAN_POINT('',(4.274271936028,76.944230633697));
#2560 = CARTESIAN_POINT('',(4.278161914588,75.972041897769));
#2561 = CARTESIAN_POINT('',(4.281347186573,74.990580629698));
#2562 = CARTESIAN_POINT('',(4.283776275739,74.002339927605));
#2563 = CARTESIAN_POINT('',(4.28541392802,73.009309502379));
#2564 = CARTESIAN_POINT('',(4.28624046523,72.013174853313));
#2565 = CARTESIAN_POINT('',(4.286262236645,70.01585112541));
#2566 = CARTESIAN_POINT('',(4.285454149329,69.017647000565));
#2567 = CARTESIAN_POINT('',(4.283831291616,68.022507264814));
#2568 = CARTESIAN_POINT('',(4.281413183091,67.032134687843));
#2569 = CARTESIAN_POINT('',(4.278235095115,66.048536170781));
#2570 = CARTESIAN_POINT('',(4.274348700709,65.074224849947));
#2571 = CARTESIAN_POINT('',(4.267053689635,63.52391040239));
#2572 = CARTESIAN_POINT('',(4.264042440015,62.939524027242));
#2573 = CARTESIAN_POINT('',(4.260800618533,62.359262854488));
#2574 = CARTESIAN_POINT('',(4.25733993109,61.783173168502));
#2575 = CARTESIAN_POINT('',(4.253672363277,61.211346566));
#2576 = CARTESIAN_POINT('',(4.249810192984,60.643919989301));
#2577 = CARTESIAN_POINT('',(4.234509801351,58.514510341936));
#2578 = CARTESIAN_POINT('',(4.221838345192,56.982719542169));
#2579 = CARTESIAN_POINT('',(4.207975716653,55.483439986272));
#2580 = CARTESIAN_POINT('',(4.193111785842,54.015143701039));
#2581 = CARTESIAN_POINT('',(4.177392811866,52.576059018689));
#2582 = CARTESIAN_POINT('',(4.160916775156,51.163559368747));
#2583 = CARTESIAN_POINT('',(4.128350197642,48.530414342263));
#2584 = CARTESIAN_POINT('',(4.112402544775,47.305321853535));
#2585 = CARTESIAN_POINT('',(4.095947595614,46.098186262334));
#2586 = CARTESIAN_POINT('',(4.079025888143,44.908261465522));
#2587 = CARTESIAN_POINT('',(4.061660666927,43.734628899614));
#2588 = CARTESIAN_POINT('',(4.04385989923,42.576273779228));
#2589 = CARTESIAN_POINT('',(4.003686799534,40.056673849888));
#2590 = CARTESIAN_POINT('',(3.981137043943,38.702968911145));
#2591 = CARTESIAN_POINT('',(3.957978329305,37.370297190699));
#2592 = CARTESIAN_POINT('',(3.934205151791,36.058426280151));
#2593 = CARTESIAN_POINT('',(3.909801332084,34.767682246904));
#2594 = CARTESIAN_POINT('',(3.884743288996,33.499037136837));
#2595 = CARTESIAN_POINT('',(3.8319987877,30.948416979047));
#2596 = CARTESIAN_POINT('',(3.804257149495,29.669487261814));
#2597 = CARTESIAN_POINT('',(3.77571791446,28.418112416137));
#2598 = CARTESIAN_POINT('',(3.746318564788,27.196392484556));
#2599 = CARTESIAN_POINT('',(3.715995499705,26.007910814981));
#2600 = CARTESIAN_POINT('',(3.684684524719,24.857820523886));
#2601 = CARTESIAN_POINT('',(3.630758680682,23.01694447781));
#2602 = CARTESIAN_POINT('',(3.608719666084,22.300640217981));
#2603 = CARTESIAN_POINT('',(3.586180045155,21.6060491641));
#2604 = CARTESIAN_POINT('',(3.563117642266,20.935545806434));
#2605 = CARTESIAN_POINT('',(3.539510405805,20.291907997334));
#2606 = CARTESIAN_POINT('',(3.515336194282,19.678334299695));
#2607 = CARTESIAN_POINT('',(3.472800007279,18.68229361356));
#2608 = CARTESIAN_POINT('',(3.454718859654,18.283367500248));
#2609 = CARTESIAN_POINT('',(3.436333072703,17.90334037216));
#2610 = CARTESIAN_POINT('',(3.41764616609,17.543877896687));
#2611 = CARTESIAN_POINT('',(3.398661153653,17.206655457616));
#2612 = CARTESIAN_POINT('',(3.379380471043,16.893359580806));
#2613 = CARTESIAN_POINT('',(3.349673206372,16.456778015879));
#2614 = CARTESIAN_POINT('',(3.339463711891,16.314761944064));
#2615 = CARTESIAN_POINT('',(3.329180741297,16.179916599059));
#2616 = CARTESIAN_POINT('',(3.318827532594,16.052503025106));
#2617 = CARTESIAN_POINT('',(3.308407240408,15.932767856067));
#2618 = CARTESIAN_POINT('',(3.297922935992,15.820943315428));
#2619 = CARTESIAN_POINT('',(3.267032543601,15.517186717449));
#2620 = CARTESIAN_POINT('',(3.246449544899,15.347275754235));
#2621 = CARTESIAN_POINT('',(3.225676588327,15.209400672854));
#2622 = CARTESIAN_POINT('',(3.204759787443,15.104990474004));
#2623 = CARTESIAN_POINT('',(3.183744018527,15.035017813014));
#2624 = CARTESIAN_POINT('',(3.162673546958,15.));
#2625 = CARTESIAN_POINT('',(3.120511760222,15.));
#2626 = CARTESIAN_POINT('',(3.099441288653,15.035017813015));
#2627 = CARTESIAN_POINT('',(3.078425519737,15.104990474003));
#2628 = CARTESIAN_POINT('',(3.057508718853,15.209400672854));
#2629 = CARTESIAN_POINT('',(3.036735762281,15.347275754235));
#2630 = CARTESIAN_POINT('',(3.016152763578,15.517186717449));
#2631 = CARTESIAN_POINT('',(2.985226664649,15.821294430965));
#2632 = CARTESIAN_POINT('',(2.974707086384,15.93352503731));
#2633 = CARTESIAN_POINT('',(2.964251974109,16.053719050082));
#2634 = CARTESIAN_POINT('',(2.953864422364,16.181641899713));
#2635 = CARTESIAN_POINT('',(2.943547611279,16.317044432312));
#2636 = CARTESIAN_POINT('',(2.933304806575,16.45966290966));
#2637 = CARTESIAN_POINT('',(2.903660156692,16.895800957124));
#2638 = CARTESIAN_POINT('',(2.884471969409,17.207754516824));
#2639 = CARTESIAN_POINT('',(2.865576616793,17.543404455041));
#2640 = CARTESIAN_POINT('',(2.846976558022,17.901087304161));
#2641 = CARTESIAN_POINT('',(2.828674821645,18.279149980184));
#2642 = CARTESIAN_POINT('',(2.810674934842,18.675948400685));
#2643 = CARTESIAN_POINT('',(2.768254255422,19.668247497089));
#2644 = CARTESIAN_POINT('',(2.744115132697,20.280268569522));
#2645 = CARTESIAN_POINT('',(2.72054118251,20.922288402495));
#2646 = CARTESIAN_POINT('',(2.697510408799,21.591120753086));
#2647 = CARTESIAN_POINT('',(2.675000907627,22.283996891998));
#2648 = CARTESIAN_POINT('',(2.652990653365,22.998548442555));
#2649 = CARTESIAN_POINT('',(2.598872386269,24.84386551998));
#2650 = CARTESIAN_POINT('',(2.567355574717,26.000845725549));
#2651 = CARTESIAN_POINT('',(2.536839568441,27.196730151659));
#2652 = CARTESIAN_POINT('',(2.507258985624,28.426260563077));
#2653 = CARTESIAN_POINT('',(2.478549046052,29.685787889403));
#2654 = CARTESIAN_POINT('',(2.450646077337,30.973183096536));
#2655 = CARTESIAN_POINT('',(2.397858983319,33.528557678332));
#2656 = CARTESIAN_POINT('',(2.372905746911,34.792965185586));
#2657 = CARTESIAN_POINT('',(2.348601535741,36.079295827526));
#2658 = CARTESIAN_POINT('',(2.324923121891,37.386595631035));
#2659 = CARTESIAN_POINT('',(2.301854602631,38.714545999491));
#2660 = CARTESIAN_POINT('',(2.27939062197,40.063377589422));
#2661 = CARTESIAN_POINT('',(2.239315561451,42.576943704568));
#2662 = CARTESIAN_POINT('',(2.221530738225,43.734277454613));
#2663 = CARTESIAN_POINT('',(2.204180697901,44.906861838595));
#2664 = CARTESIAN_POINT('',(2.187273393505,46.095708457553));
#2665 = CARTESIAN_POINT('',(2.17083199783,47.301733157394));
#2666 = CARTESIAN_POINT('',(2.154896911305,48.525680104993));
#2667 = CARTESIAN_POINT('',(2.122356411872,51.156161718351));
#2668 = CARTESIAN_POINT('',(2.105893506403,52.56712254557));
#2669 = CARTESIAN_POINT('',(2.09018582039,54.004603313006));
#2670 = CARTESIAN_POINT('',(2.075330867415,55.471226190864));
#2671 = CARTESIAN_POINT('',(2.06147426229,56.968760427358));
#2672 = CARTESIAN_POINT('',(2.048805081843,58.49872940089));
#2673 = CARTESIAN_POINT('',(2.026917645385,61.540526774103));
#2674 = CARTESIAN_POINT('',(2.01744968665,63.061970757006));
#2675 = CARTESIAN_POINT('',(2.009489426301,64.614225473946));
#2676 = CARTESIAN_POINT('',(2.003301225685,66.188294033701));
#2677 = CARTESIAN_POINT('',(1.999075628387,67.778917162494));
#2678 = CARTESIAN_POINT('',(1.99693388262,69.383394181785));
#2679 = CARTESIAN_POINT('',(1.99693388262,71.));
#2680 = ( GEOMETRIC_REPRESENTATION_CONTEXT(2) 
PARAMETRIC_REPRESENTATION_CONTEXT() REPRESENTATION_CONTEXT('2D SPACE',''
  ) );
#2681 = ORIENTED_EDGE('',*,*,#2682,.F.);
#2682 = EDGE_CURVE('',#700,#1979,#2683,.T.);
#2683 = SEAM_CURVE('',#2684,(#2688,#2695),.PCURVE_S1.);
#2684 = LINE('',#2685,#2686);
#2685 = CARTESIAN_POINT('',(56.,-1.371604415045E-14,187.2));
#2686 = VECTOR('',#2687,1.);
#2687 = DIRECTION('',(0.,0.,1.));
#2688 = PCURVE('',#1133,#2689);
#2689 = DEFINITIONAL_REPRESENTATION('',(#2690),#2694);
#2690 = LINE('',#2691,#2692);
#2691 = CARTESIAN_POINT('',(6.28318530718,-0.));
#2692 = VECTOR('',#2693,1.);
#2693 = DIRECTION('',(0.,1.));
#2694 = ( GEOMETRIC_REPRESENTATION_CONTEXT(2) 
PARAMETRIC_REPRESENTATION_CONTEXT() REPRESENTATION_CONTEXT('2D SPACE',''
  ) );
#2695 = PCURVE('',#1133,#2696);
#2696 = DEFINITIONAL_REPRESENTATION('',(#2697),#2701);
#2697 = LINE('',#2698,#2699);
#2698 = CARTESIAN_POINT('',(0.,-0.));
#2699 = VECTOR('',#2700,1.);
#2700 = DIRECTION('',(0.,1.));
#2701 = ( GEOMETRIC_REPRESENTATION_CONTEXT(2) 
PARAMETRIC_REPRESENTATION_CONTEXT() REPRESENTATION_CONTEXT('2D SPACE',''
  ) );
#2702 = ORIENTED_EDGE('',*,*,#699,.T.);
#2703 = ORIENTED_EDGE('',*,*,#2682,.T.);
#2704 = ADVANCED_FACE('',(#2705,#2756),#1377,.F.);
#2705 = FACE_BOUND('',#2706,.F.);
#2706 = EDGE_LOOP('',(#2707,#2708,#2729,#2730,#2751,#2752,#2753,#2754,
    #2755));
#2707 = ORIENTED_EDGE('',*,*,#1360,.T.);
#2708 = ORIENTED_EDGE('',*,*,#2709,.T.);
#2709 = EDGE_CURVE('',#1361,#1545,#2710,.T.);
#2710 = SEAM_CURVE('',#2711,(#2715,#2722),.PCURVE_S1.);
#2711 = LINE('',#2712,#2713);
#2712 = CARTESIAN_POINT('',(-1.506315562951E-14,-71.,328.7));
#2713 = VECTOR('',#2714,1.);
#2714 = DIRECTION('',(0.,1.,0.));
#2715 = PCURVE('',#1377,#2716);
#2716 = DEFINITIONAL_REPRESENTATION('',(#2717),#2721);
#2717 = LINE('',#2718,#2719);
#2718 = CARTESIAN_POINT('',(0.,-0.));
#2719 = VECTOR('',#2720,1.);
#2720 = DIRECTION('',(0.,1.));
#2721 = ( GEOMETRIC_REPRESENTATION_CONTEXT(2) 
PARAMETRIC_REPRESENTATION_CONTEXT() REPRESENTATION_CONTEXT('2D SPACE',''
  ) );
#2722 = PCURVE('',#1377,#2723);
#2723 = DEFINITIONAL_REPRESENTATION('',(#2724),#2728);
#2724 = LINE('',#2725,#2726);
#2725 = CARTESIAN_POINT('',(6.28318530718,-0.));
#2726 = VECTOR('',#2727,1.);
#2727 = DIRECTION('',(0.,1.));
#2728 = ( GEOMETRIC_REPRESENTATION_CONTEXT(2) 
PARAMETRIC_REPRESENTATION_CONTEXT() REPRESENTATION_CONTEXT('2D SPACE',''
  ) );
#2729 = ORIENTED_EDGE('',*,*,#1544,.F.);
#2730 = ORIENTED_EDGE('',*,*,#2731,.T.);
#2731 = EDGE_CURVE('',#1417,#1952,#2732,.T.);
#2732 = SEAM_CURVE('',#2733,(#2737,#2744),.PCURVE_S1.);
#2733 = LINE('',#2734,#2735);
#2734 = CARTESIAN_POINT('',(-1.506315562951E-14,-71.,328.7));
#2735 = VECTOR('',#2736,1.);
#2736 = DIRECTION('',(0.,1.,0.));
#2737 = PCURVE('',#1377,#2738);
#2738 = DEFINITIONAL_REPRESENTATION('',(#2739),#2743);
#2739 = LINE('',#2740,#2741);
#2740 = CARTESIAN_POINT('',(0.,-0.));
#2741 = VECTOR('',#2742,1.);
#2742 = DIRECTION('',(0.,1.));
#2743 = ( GEOMETRIC_REPRESENTATION_CONTEXT(2) 
PARAMETRIC_REPRESENTATION_CONTEXT() REPRESENTATION_CONTEXT('2D SPACE',''
  ) );
#2744 = PCURVE('',#1377,#2745);
#2745 = DEFINITIONAL_REPRESENTATION('',(#2746),#2750);
#2746 = LINE('',#2747,#2748);
#2747 = CARTESIAN_POINT('',(6.28318530718,-0.));
#2748 = VECTOR('',#2749,1.);
#2749 = DIRECTION('',(0.,1.));
#2750 = ( GEOMETRIC_REPRESENTATION_CONTEXT(2) 
PARAMETRIC_REPRESENTATION_CONTEXT() REPRESENTATION_CONTEXT('2D SPACE',''
  ) );
#2751 = ORIENTED_EDGE('',*,*,#1951,.F.);
#2752 = ORIENTED_EDGE('',*,*,#2731,.F.);
#2753 = ORIENTED_EDGE('',*,*,#1416,.F.);
#2754 = ORIENTED_EDGE('',*,*,#1816,.F.);
#2755 = ORIENTED_EDGE('',*,*,#2709,.F.);
#2756 = FACE_BOUND('',#2757,.F.);
#2757 = EDGE_LOOP('',(#2758));
#2758 = ORIENTED_EDGE('',*,*,#1978,.T.);
#2759 = ( GEOMETRIC_REPRESENTATION_CONTEXT(3) 
GLOBAL_UNCERTAINTY_ASSIGNED_CONTEXT((#2763)) 
GLOBAL_UNIT_ASSIGNED_CONTEXT((#2760,#2761,#2762)) REPRESENTATION_CONTEXT
('Context #1','3D Context with UNIT and UNCERTAINTY') );
#2760 = ( LENGTH_UNIT() NAMED_UNIT(*) SI_UNIT(.MILLI.,.METRE.) );
#2761 = ( NAMED_UNIT(*) PLANE_ANGLE_UNIT() SI_UNIT($,.RADIAN.) );
#2762 = ( NAMED_UNIT(*) SI_UNIT($,.STERADIAN.) SOLID_ANGLE_UNIT() );
#2763 = UNCERTAINTY_MEASURE_WITH_UNIT(LENGTH_MEASURE(2.E-07),#2760,
  'distance_accuracy_value','confusion accuracy');
#2764 = PRODUCT_RELATED_PRODUCT_CATEGORY('part',$,(#7));
ENDSEC;
END-ISO-10303-21;
