ISO-10303-21;
HEADER;
FILE_DESCRIPTION(('Open CASCADE Model'),'2;1');
FILE_NAME('Open CASCADE Shape Model','2026-09-23T09:53:13',('Author'),(
    'Open CASCADE'),'Open CASCADE STEP processor 7.9','Open CASCADE 7.9'
  ,'Unknown');
FILE_SCHEMA(('AUTOMOTIVE_DESIGN { 1 0 10303 214 1 1 1 1 }'));
ENDSEC;
DATA;
#1 = APPLICATION_PROTOCOL_DEFINITION('international standard',
  'automotive_design',2000,#2);
#2 = APPLICATION_CONTEXT(
  'core data for automotive mechanical design processes');
#3 = SHAPE_DEFINITION_REPRESENTATION(#4,#10);
#4 = PRODUCT_DEFINITION_SHAPE('','',#5);
#5 = PRODUCT_DEFINITION('design','',#6,#9);
#6 = PRODUCT_DEFINITION_FORMATION('','',#7);
#7 = PRODUCT('Open CASCADE STEP translator 7.9 55',
  'Open CASCADE STEP translator 7.9 55','',(#8));
#8 = PRODUCT_CONTEXT('',#2,'mechanical');
#9 = PRODUCT_DEFINITION_CONTEXT('part definition',#2,'design');
#10 = ADVANCED_BREP_SHAPE_REPRESENTATION('',(#11,#15),#6160);
#11 = AXIS2_PLACEMENT_3D('',#12,#13,#14);
#12 = CARTESIAN_POINT('',(0.,0.,0.));
#13 = DIRECTION('',(0.,0.,1.));
#14 = DIRECTION('',(1.,0.,-0.));
#15 = MANIFOLD_SOLID_BREP('',#16);
#16 = CLOSED_SHELL('',(#17,#85,#140,#268,#323,#358,#413,#536,#591,#621,
    #1922,#1977,#1981,#2109,#2233,#2303,#2373,#2447,#2512,#2562,#2592,
    #2665,#2671,#2695,#2722,#2778,#2782,#3071,#3252,#3323,#3392,#3532,
    #3603,#3677,#3704,#3755,#3762,#3838,#3914,#3990,#4041,#4068,#4099,
    #4229,#4381,#4446,#4584,#4629,#4656,#4681,#4709,#4736,#4742,#4766,
    #4775,#4830,#4860,#4887,#4914,#4941,#5924,#5979,#5983,#6038,#6042,
    #6097,#6101,#6156));
#17 = ADVANCED_FACE('',(#18,#54),#31,.F.);
#18 = FACE_BOUND('',#19,.T.);
#19 = EDGE_LOOP('',(#20));
#20 = ORIENTED_EDGE('',*,*,#21,.T.);
#21 = EDGE_CURVE('',#22,#22,#24,.T.);
#22 = VERTEX_POINT('',#23);
#23 = CARTESIAN_POINT('',(44.,0.,173.2));
#24 = SURFACE_CURVE('',#25,(#30,#42),.PCURVE_S1.);
#25 = CIRCLE('',#26,44.);
#26 = AXIS2_PLACEMENT_3D('',#27,#28,#29);
#27 = CARTESIAN_POINT('',(0.,0.,173.2));
#28 = DIRECTION('',(0.,0.,1.));
#29 = DIRECTION('',(1.,0.,-0.));
#30 = PCURVE('',#31,#36);
#31 = PLANE('',#32);
#32 = AXIS2_PLACEMENT_3D('',#33,#34,#35);
#33 = CARTESIAN_POINT('',(0.,0.,173.2));
#34 = DIRECTION('',(0.,0.,1.));
#35 = DIRECTION('',(1.,0.,-0.));
#36 = DEFINITIONAL_REPRESENTATION('',(#37),#41);
#37 = CIRCLE('',#38,44.);
#38 = AXIS2_PLACEMENT_2D('',#39,#40);
#39 = CARTESIAN_POINT('',(0.,0.));
#40 = DIRECTION('',(1.,-0.));
#41 = ( GEOMETRIC_REPRESENTATION_CONTEXT(2) 
PARAMETRIC_REPRESENTATION_CONTEXT() REPRESENTATION_CONTEXT('2D SPACE',''
  ) );
#42 = PCURVE('',#43,#48);
#43 = CYLINDRICAL_SURFACE('',#44,44.);
#44 = AXIS2_PLACEMENT_3D('',#45,#46,#47);
#45 = CARTESIAN_POINT('',(0.,0.,226.2));
#46 = DIRECTION('',(-0.,-0.,-1.));
#47 = DIRECTION('',(1.,0.,0.));
#48 = DEFINITIONAL_REPRESENTATION('',(#49),#53);
#49 = LINE('',#50,#51);
#50 = CARTESIAN_POINT('',(-0.,53.));
#51 = VECTOR('',#52,1.);
#52 = DIRECTION('',(-1.,0.));
#53 = ( GEOMETRIC_REPRESENTATION_CONTEXT(2) 
PARAMETRIC_REPRESENTATION_CONTEXT() REPRESENTATION_CONTEXT('2D SPACE',''
  ) );
#54 = FACE_BOUND('',#55,.T.);
#55 = EDGE_LOOP('',(#56));
#56 = ORIENTED_EDGE('',*,*,#57,.F.);
#57 = EDGE_CURVE('',#58,#58,#60,.T.);
#58 = VERTEX_POINT('',#59);
#59 = CARTESIAN_POINT('',(49.,0.,173.2));
#60 = SURFACE_CURVE('',#61,(#66,#73),.PCURVE_S1.);
#61 = CIRCLE('',#62,49.);
#62 = AXIS2_PLACEMENT_3D('',#63,#64,#65);
#63 = CARTESIAN_POINT('',(0.,0.,173.2));
#64 = DIRECTION('',(0.,0.,1.));
#65 = DIRECTION('',(1.,0.,-0.));
#66 = PCURVE('',#31,#67);
#67 = DEFINITIONAL_REPRESENTATION('',(#68),#72);
#68 = CIRCLE('',#69,49.);
#69 = AXIS2_PLACEMENT_2D('',#70,#71);
#70 = CARTESIAN_POINT('',(0.,0.));
#71 = DIRECTION('',(1.,-0.));
#72 = ( GEOMETRIC_REPRESENTATION_CONTEXT(2) 
PARAMETRIC_REPRESENTATION_CONTEXT() REPRESENTATION_CONTEXT('2D SPACE',''
  ) );
#73 = PCURVE('',#74,#79);
#74 = CYLINDRICAL_SURFACE('',#75,49.);
#75 = AXIS2_PLACEMENT_3D('',#76,#77,#78);
#76 = CARTESIAN_POINT('',(0.,0.,173.2));
#77 = DIRECTION('',(0.,0.,1.));
#78 = DIRECTION('',(1.,0.,-0.));
#79 = DEFINITIONAL_REPRESENTATION('',(#80),#84);
#80 = LINE('',#81,#82);
#81 = CARTESIAN_POINT('',(0.,0.));
#82 = VECTOR('',#83,1.);
#83 = DIRECTION('',(1.,0.));
#84 = ( GEOMETRIC_REPRESENTATION_CONTEXT(2) 
PARAMETRIC_REPRESENTATION_CONTEXT() REPRESENTATION_CONTEXT('2D SPACE',''
  ) );
#85 = ADVANCED_FACE('',(#86),#74,.T.);
#86 = FACE_BOUND('',#87,.T.);
#87 = EDGE_LOOP('',(#88,#89,#112,#139));
#88 = ORIENTED_EDGE('',*,*,#57,.T.);
#89 = ORIENTED_EDGE('',*,*,#90,.T.);
#90 = EDGE_CURVE('',#58,#91,#93,.T.);
#91 = VERTEX_POINT('',#92);
#92 = CARTESIAN_POINT('',(49.,0.,178.));
#93 = SEAM_CURVE('',#94,(#98,#105),.PCURVE_S1.);
#94 = LINE('',#95,#96);
#95 = CARTESIAN_POINT('',(49.,0.,173.2));
#96 = VECTOR('',#97,1.);
#97 = DIRECTION('',(0.,0.,1.));
#98 = PCURVE('',#74,#99);
#99 = DEFINITIONAL_REPRESENTATION('',(#100),#104);
#100 = LINE('',#101,#102);
#101 = CARTESIAN_POINT('',(0.,0.));
#102 = VECTOR('',#103,1.);
#103 = DIRECTION('',(0.,1.));
#104 = ( GEOMETRIC_REPRESENTATION_CONTEXT(2) 
PARAMETRIC_REPRESENTATION_CONTEXT() REPRESENTATION_CONTEXT('2D SPACE',''
  ) );
#105 = PCURVE('',#74,#106);
#106 = DEFINITIONAL_REPRESENTATION('',(#107),#111);
#107 = LINE('',#108,#109);
#108 = CARTESIAN_POINT('',(6.28318530718,0.));
#109 = VECTOR('',#110,1.);
#110 = DIRECTION('',(0.,1.));
#111 = ( GEOMETRIC_REPRESENTATION_CONTEXT(2) 
PARAMETRIC_REPRESENTATION_CONTEXT() REPRESENTATION_CONTEXT('2D SPACE',''
  ) );
#112 = ORIENTED_EDGE('',*,*,#113,.F.);
#113 = EDGE_CURVE('',#91,#91,#114,.T.);
#114 = SURFACE_CURVE('',#115,(#120,#127),.PCURVE_S1.);
#115 = CIRCLE('',#116,49.);
#116 = AXIS2_PLACEMENT_3D('',#117,#118,#119);
#117 = CARTESIAN_POINT('',(0.,0.,178.));
#118 = DIRECTION('',(0.,0.,1.));
#119 = DIRECTION('',(1.,0.,-0.));
#120 = PCURVE('',#74,#121);
#121 = DEFINITIONAL_REPRESENTATION('',(#122),#126);
#122 = LINE('',#123,#124);
#123 = CARTESIAN_POINT('',(0.,4.8));
#124 = VECTOR('',#125,1.);
#125 = DIRECTION('',(1.,0.));
#126 = ( GEOMETRIC_REPRESENTATION_CONTEXT(2) 
PARAMETRIC_REPRESENTATION_CONTEXT() REPRESENTATION_CONTEXT('2D SPACE',''
  ) );
#127 = PCURVE('',#128,#133);
#128 = PLANE('',#129);
#129 = AXIS2_PLACEMENT_3D('',#130,#131,#132);
#130 = CARTESIAN_POINT('',(0.,0.,178.));
#131 = DIRECTION('',(0.,0.,1.));
#132 = DIRECTION('',(1.,0.,-0.));
#133 = DEFINITIONAL_REPRESENTATION('',(#134),#138);
#134 = CIRCLE('',#135,49.);
#135 = AXIS2_PLACEMENT_2D('',#136,#137);
#136 = CARTESIAN_POINT('',(0.,0.));
#137 = DIRECTION('',(1.,-0.));
#138 = ( GEOMETRIC_REPRESENTATION_CONTEXT(2) 
PARAMETRIC_REPRESENTATION_CONTEXT() REPRESENTATION_CONTEXT('2D SPACE',''
  ) );
#139 = ORIENTED_EDGE('',*,*,#90,.F.);
#140 = ADVANCED_FACE('',(#141,#172,#203,#234,#237),#128,.F.);
#141 = FACE_BOUND('',#142,.T.);
#142 = EDGE_LOOP('',(#143));
#143 = ORIENTED_EDGE('',*,*,#144,.F.);
#144 = EDGE_CURVE('',#145,#145,#147,.T.);
#145 = VERTEX_POINT('',#146);
#146 = CARTESIAN_POINT('',(74.,0.,178.));
#147 = SURFACE_CURVE('',#148,(#153,#160),.PCURVE_S1.);
#148 = CIRCLE('',#149,74.);
#149 = AXIS2_PLACEMENT_3D('',#150,#151,#152);
#150 = CARTESIAN_POINT('',(0.,0.,178.));
#151 = DIRECTION('',(0.,0.,1.));
#152 = DIRECTION('',(1.,0.,-0.));
#153 = PCURVE('',#128,#154);
#154 = DEFINITIONAL_REPRESENTATION('',(#155),#159);
#155 = CIRCLE('',#156,74.);
#156 = AXIS2_PLACEMENT_2D('',#157,#158);
#157 = CARTESIAN_POINT('',(0.,0.));
#158 = DIRECTION('',(1.,-0.));
#159 = ( GEOMETRIC_REPRESENTATION_CONTEXT(2) 
PARAMETRIC_REPRESENTATION_CONTEXT() REPRESENTATION_CONTEXT('2D SPACE',''
  ) );
#160 = PCURVE('',#161,#166);
#161 = CYLINDRICAL_SURFACE('',#162,74.);
#162 = AXIS2_PLACEMENT_3D('',#163,#164,#165);
#163 = CARTESIAN_POINT('',(0.,0.,178.));
#164 = DIRECTION('',(0.,0.,1.));
#165 = DIRECTION('',(1.,0.,-0.));
#166 = DEFINITIONAL_REPRESENTATION('',(#167),#171);
#167 = LINE('',#168,#169);
#168 = CARTESIAN_POINT('',(0.,0.));
#169 = VECTOR('',#170,1.);
#170 = DIRECTION('',(1.,0.));
#171 = ( GEOMETRIC_REPRESENTATION_CONTEXT(2) 
PARAMETRIC_REPRESENTATION_CONTEXT() REPRESENTATION_CONTEXT('2D SPACE',''
  ) );
#172 = FACE_BOUND('',#173,.T.);
#173 = EDGE_LOOP('',(#174));
#174 = ORIENTED_EDGE('',*,*,#175,.T.);
#175 = EDGE_CURVE('',#176,#176,#178,.T.);
#176 = VERTEX_POINT('',#177);
#177 = CARTESIAN_POINT('',(66.3,-8.082668874373E-16,178.));
#178 = SURFACE_CURVE('',#179,(#184,#191),.PCURVE_S1.);
#179 = CIRCLE('',#180,3.3);
#180 = AXIS2_PLACEMENT_3D('',#181,#182,#183);
#181 = CARTESIAN_POINT('',(63.,0.,178.));
#182 = DIRECTION('',(0.,0.,1.));
#183 = DIRECTION('',(1.,0.,-0.));
#184 = PCURVE('',#128,#185);
#185 = DEFINITIONAL_REPRESENTATION('',(#186),#190);
#186 = CIRCLE('',#187,3.3);
#187 = AXIS2_PLACEMENT_2D('',#188,#189);
#188 = CARTESIAN_POINT('',(63.,0.));
#189 = DIRECTION('',(1.,-0.));
#190 = ( GEOMETRIC_REPRESENTATION_CONTEXT(2) 
PARAMETRIC_REPRESENTATION_CONTEXT() REPRESENTATION_CONTEXT('2D SPACE',''
  ) );
#191 = PCURVE('',#192,#197);
#192 = CYLINDRICAL_SURFACE('',#193,3.3);
#193 = AXIS2_PLACEMENT_3D('',#194,#195,#196);
#194 = CARTESIAN_POINT('',(63.,0.,177.));
#195 = DIRECTION('',(0.,0.,1.));
#196 = DIRECTION('',(1.,0.,-0.));
#197 = DEFINITIONAL_REPRESENTATION('',(#198),#202);
#198 = LINE('',#199,#200);
#199 = CARTESIAN_POINT('',(0.,1.));
#200 = VECTOR('',#201,1.);
#201 = DIRECTION('',(1.,0.));
#202 = ( GEOMETRIC_REPRESENTATION_CONTEXT(2) 
PARAMETRIC_REPRESENTATION_CONTEXT() REPRESENTATION_CONTEXT('2D SPACE',''
  ) );
#203 = FACE_BOUND('',#204,.T.);
#204 = EDGE_LOOP('',(#205));
#205 = ORIENTED_EDGE('',*,*,#206,.T.);
#206 = EDGE_CURVE('',#207,#207,#209,.T.);
#207 = VERTEX_POINT('',#208);
#208 = CARTESIAN_POINT('',(-28.2,-54.55960043842,178.));
#209 = SURFACE_CURVE('',#210,(#215,#222),.PCURVE_S1.);
#210 = CIRCLE('',#211,3.3);
#211 = AXIS2_PLACEMENT_3D('',#212,#213,#214);
#212 = CARTESIAN_POINT('',(-31.5,-54.55960043842,178.));
#213 = DIRECTION('',(0.,0.,1.));
#214 = DIRECTION('',(1.,0.,-0.));
#215 = PCURVE('',#128,#216);
#216 = DEFINITIONAL_REPRESENTATION('',(#217),#221);
#217 = CIRCLE('',#218,3.3);
#218 = AXIS2_PLACEMENT_2D('',#219,#220);
#219 = CARTESIAN_POINT('',(-31.5,-54.55960043842));
#220 = DIRECTION('',(1.,-0.));
#221 = ( GEOMETRIC_REPRESENTATION_CONTEXT(2) 
PARAMETRIC_REPRESENTATION_CONTEXT() REPRESENTATION_CONTEXT('2D SPACE',''
  ) );
#222 = PCURVE('',#223,#228);
#223 = CYLINDRICAL_SURFACE('',#224,3.3);
#224 = AXIS2_PLACEMENT_3D('',#225,#226,#227);
#225 = CARTESIAN_POINT('',(-31.5,-54.55960043842,177.));
#226 = DIRECTION('',(0.,0.,1.));
#227 = DIRECTION('',(1.,0.,-0.));
#228 = DEFINITIONAL_REPRESENTATION('',(#229),#233);
#229 = LINE('',#230,#231);
#230 = CARTESIAN_POINT('',(0.,1.));
#231 = VECTOR('',#232,1.);
#232 = DIRECTION('',(1.,0.));
#233 = ( GEOMETRIC_REPRESENTATION_CONTEXT(2) 
PARAMETRIC_REPRESENTATION_CONTEXT() REPRESENTATION_CONTEXT('2D SPACE',''
  ) );
#234 = FACE_BOUND('',#235,.T.);
#235 = EDGE_LOOP('',(#236));
#236 = ORIENTED_EDGE('',*,*,#113,.T.);
#237 = FACE_BOUND('',#238,.T.);
#238 = EDGE_LOOP('',(#239));
#239 = ORIENTED_EDGE('',*,*,#240,.T.);
#240 = EDGE_CURVE('',#241,#241,#243,.T.);
#241 = VERTEX_POINT('',#242);
#242 = CARTESIAN_POINT('',(-28.2,54.55960043842,178.));
#243 = SURFACE_CURVE('',#244,(#249,#256),.PCURVE_S1.);
#244 = CIRCLE('',#245,3.3);
#245 = AXIS2_PLACEMENT_3D('',#246,#247,#248);
#246 = CARTESIAN_POINT('',(-31.5,54.55960043842,178.));
#247 = DIRECTION('',(0.,0.,1.));
#248 = DIRECTION('',(1.,0.,-0.));
#249 = PCURVE('',#128,#250);
#250 = DEFINITIONAL_REPRESENTATION('',(#251),#255);
#251 = CIRCLE('',#252,3.3);
#252 = AXIS2_PLACEMENT_2D('',#253,#254);
#253 = CARTESIAN_POINT('',(-31.5,54.55960043842));
#254 = DIRECTION('',(1.,-0.));
#255 = ( GEOMETRIC_REPRESENTATION_CONTEXT(2) 
PARAMETRIC_REPRESENTATION_CONTEXT() REPRESENTATION_CONTEXT('2D SPACE',''
  ) );
#256 = PCURVE('',#257,#262);
#257 = CYLINDRICAL_SURFACE('',#258,3.3);
#258 = AXIS2_PLACEMENT_3D('',#259,#260,#261);
#259 = CARTESIAN_POINT('',(-31.5,54.55960043842,177.));
#260 = DIRECTION('',(0.,0.,1.));
#261 = DIRECTION('',(1.,0.,-0.));
#262 = DEFINITIONAL_REPRESENTATION('',(#263),#267);
#263 = LINE('',#264,#265);
#264 = CARTESIAN_POINT('',(0.,1.));
#265 = VECTOR('',#266,1.);
#266 = DIRECTION('',(1.,0.));
#267 = ( GEOMETRIC_REPRESENTATION_CONTEXT(2) 
PARAMETRIC_REPRESENTATION_CONTEXT() REPRESENTATION_CONTEXT('2D SPACE',''
  ) );
#268 = ADVANCED_FACE('',(#269),#257,.F.);
#269 = FACE_BOUND('',#270,.F.);
#270 = EDGE_LOOP('',(#271,#300,#321,#322));
#271 = ORIENTED_EDGE('',*,*,#272,.F.);
#272 = EDGE_CURVE('',#273,#273,#275,.T.);
#273 = VERTEX_POINT('',#274);
#274 = CARTESIAN_POINT('',(-28.2,54.55960043842,187.9));
#275 = SURFACE_CURVE('',#276,(#281,#288),.PCURVE_S1.);
#276 = CIRCLE('',#277,3.3);
#277 = AXIS2_PLACEMENT_3D('',#278,#279,#280);
#278 = CARTESIAN_POINT('',(-31.5,54.55960043842,187.9));
#279 = DIRECTION('',(0.,0.,1.));
#280 = DIRECTION('',(1.,0.,-0.));
#281 = PCURVE('',#257,#282);
#282 = DEFINITIONAL_REPRESENTATION('',(#283),#287);
#283 = LINE('',#284,#285);
#284 = CARTESIAN_POINT('',(0.,10.9));
#285 = VECTOR('',#286,1.);
#286 = DIRECTION('',(1.,0.));
#287 = ( GEOMETRIC_REPRESENTATION_CONTEXT(2) 
PARAMETRIC_REPRESENTATION_CONTEXT() REPRESENTATION_CONTEXT('2D SPACE',''
  ) );
#288 = PCURVE('',#289,#294);
#289 = PLANE('',#290);
#290 = AXIS2_PLACEMENT_3D('',#291,#292,#293);
#291 = CARTESIAN_POINT('',(-31.5,54.55960043842,187.9));
#292 = DIRECTION('',(0.,0.,1.));
#293 = DIRECTION('',(1.,0.,-0.));
#294 = DEFINITIONAL_REPRESENTATION('',(#295),#299);
#295 = CIRCLE('',#296,3.3);
#296 = AXIS2_PLACEMENT_2D('',#297,#298);
#297 = CARTESIAN_POINT('',(0.,0.));
#298 = DIRECTION('',(1.,0.));
#299 = ( GEOMETRIC_REPRESENTATION_CONTEXT(2) 
PARAMETRIC_REPRESENTATION_CONTEXT() REPRESENTATION_CONTEXT('2D SPACE',''
  ) );
#300 = ORIENTED_EDGE('',*,*,#301,.F.);
#301 = EDGE_CURVE('',#241,#273,#302,.T.);
#302 = SEAM_CURVE('',#303,(#307,#314),.PCURVE_S1.);
#303 = LINE('',#304,#305);
#304 = CARTESIAN_POINT('',(-28.2,54.55960043842,177.));
#305 = VECTOR('',#306,1.);
#306 = DIRECTION('',(0.,0.,1.));
#307 = PCURVE('',#257,#308);
#308 = DEFINITIONAL_REPRESENTATION('',(#309),#313);
#309 = LINE('',#310,#311);
#310 = CARTESIAN_POINT('',(6.28318530718,-0.));
#311 = VECTOR('',#312,1.);
#312 = DIRECTION('',(0.,1.));
#313 = ( GEOMETRIC_REPRESENTATION_CONTEXT(2) 
PARAMETRIC_REPRESENTATION_CONTEXT() REPRESENTATION_CONTEXT('2D SPACE',''
  ) );
#314 = PCURVE('',#257,#315);
#315 = DEFINITIONAL_REPRESENTATION('',(#316),#320);
#316 = LINE('',#317,#318);
#317 = CARTESIAN_POINT('',(0.,-0.));
#318 = VECTOR('',#319,1.);
#319 = DIRECTION('',(0.,1.));
#320 = ( GEOMETRIC_REPRESENTATION_CONTEXT(2) 
PARAMETRIC_REPRESENTATION_CONTEXT() REPRESENTATION_CONTEXT('2D SPACE',''
  ) );
#321 = ORIENTED_EDGE('',*,*,#240,.T.);
#322 = ORIENTED_EDGE('',*,*,#301,.T.);
#323 = ADVANCED_FACE('',(#324,#355),#289,.T.);
#324 = FACE_BOUND('',#325,.T.);
#325 = EDGE_LOOP('',(#326));
#326 = ORIENTED_EDGE('',*,*,#327,.T.);
#327 = EDGE_CURVE('',#328,#328,#330,.T.);
#328 = VERTEX_POINT('',#329);
#329 = CARTESIAN_POINT('',(-25.5,54.55960043842,187.9));
#330 = SURFACE_CURVE('',#331,(#336,#343),.PCURVE_S1.);
#331 = CIRCLE('',#332,6.);
#332 = AXIS2_PLACEMENT_3D('',#333,#334,#335);
#333 = CARTESIAN_POINT('',(-31.5,54.55960043842,187.9));
#334 = DIRECTION('',(0.,0.,1.));
#335 = DIRECTION('',(1.,0.,-0.));
#336 = PCURVE('',#289,#337);
#337 = DEFINITIONAL_REPRESENTATION('',(#338),#342);
#338 = CIRCLE('',#339,6.);
#339 = AXIS2_PLACEMENT_2D('',#340,#341);
#340 = CARTESIAN_POINT('',(0.,0.));
#341 = DIRECTION('',(1.,0.));
#342 = ( GEOMETRIC_REPRESENTATION_CONTEXT(2) 
PARAMETRIC_REPRESENTATION_CONTEXT() REPRESENTATION_CONTEXT('2D SPACE',''
  ) );
#343 = PCURVE('',#344,#349);
#344 = CYLINDRICAL_SURFACE('',#345,6.);
#345 = AXIS2_PLACEMENT_3D('',#346,#347,#348);
#346 = CARTESIAN_POINT('',(-31.5,54.55960043842,187.9));
#347 = DIRECTION('',(0.,0.,1.));
#348 = DIRECTION('',(1.,0.,-0.));
#349 = DEFINITIONAL_REPRESENTATION('',(#350),#354);
#350 = LINE('',#351,#352);
#351 = CARTESIAN_POINT('',(0.,0.));
#352 = VECTOR('',#353,1.);
#353 = DIRECTION('',(1.,0.));
#354 = ( GEOMETRIC_REPRESENTATION_CONTEXT(2) 
PARAMETRIC_REPRESENTATION_CONTEXT() REPRESENTATION_CONTEXT('2D SPACE',''
  ) );
#355 = FACE_BOUND('',#356,.T.);
#356 = EDGE_LOOP('',(#357));
#357 = ORIENTED_EDGE('',*,*,#272,.F.);
#358 = ADVANCED_FACE('',(#359),#344,.F.);
#359 = FACE_BOUND('',#360,.F.);
#360 = EDGE_LOOP('',(#361,#390,#411,#412));
#361 = ORIENTED_EDGE('',*,*,#362,.F.);
#362 = EDGE_CURVE('',#363,#363,#365,.T.);
#363 = VERTEX_POINT('',#364);
#364 = CARTESIAN_POINT('',(-25.5,54.55960043842,192.));
#365 = SURFACE_CURVE('',#366,(#371,#378),.PCURVE_S1.);
#366 = CIRCLE('',#367,6.);
#367 = AXIS2_PLACEMENT_3D('',#368,#369,#370);
#368 = CARTESIAN_POINT('',(-31.5,54.55960043842,192.));
#369 = DIRECTION('',(0.,0.,1.));
#370 = DIRECTION('',(1.,0.,-0.));
#371 = PCURVE('',#344,#372);
#372 = DEFINITIONAL_REPRESENTATION('',(#373),#377);
#373 = LINE('',#374,#375);
#374 = CARTESIAN_POINT('',(0.,4.1));
#375 = VECTOR('',#376,1.);
#376 = DIRECTION('',(1.,0.));
#377 = ( GEOMETRIC_REPRESENTATION_CONTEXT(2) 
PARAMETRIC_REPRESENTATION_CONTEXT() REPRESENTATION_CONTEXT('2D SPACE',''
  ) );
#378 = PCURVE('',#379,#384);
#379 = PLANE('',#380);
#380 = AXIS2_PLACEMENT_3D('',#381,#382,#383);
#381 = CARTESIAN_POINT('',(0.,0.,192.));
#382 = DIRECTION('',(0.,0.,1.));
#383 = DIRECTION('',(1.,0.,-0.));
#384 = DEFINITIONAL_REPRESENTATION('',(#385),#389);
#385 = CIRCLE('',#386,6.);
#386 = AXIS2_PLACEMENT_2D('',#387,#388);
#387 = CARTESIAN_POINT('',(-31.5,54.55960043842));
#388 = DIRECTION('',(1.,0.));
#389 = ( GEOMETRIC_REPRESENTATION_CONTEXT(2) 
PARAMETRIC_REPRESENTATION_CONTEXT() REPRESENTATION_CONTEXT('2D SPACE',''
  ) );
#390 = ORIENTED_EDGE('',*,*,#391,.F.);
#391 = EDGE_CURVE('',#328,#363,#392,.T.);
#392 = SEAM_CURVE('',#393,(#397,#404),.PCURVE_S1.);
#393 = LINE('',#394,#395);
#394 = CARTESIAN_POINT('',(-25.5,54.55960043842,187.9));
#395 = VECTOR('',#396,1.);
#396 = DIRECTION('',(0.,0.,1.));
#397 = PCURVE('',#344,#398);
#398 = DEFINITIONAL_REPRESENTATION('',(#399),#403);
#399 = LINE('',#400,#401);
#400 = CARTESIAN_POINT('',(6.28318530718,-0.));
#401 = VECTOR('',#402,1.);
#402 = DIRECTION('',(0.,1.));
#403 = ( GEOMETRIC_REPRESENTATION_CONTEXT(2) 
PARAMETRIC_REPRESENTATION_CONTEXT() REPRESENTATION_CONTEXT('2D SPACE',''
  ) );
#404 = PCURVE('',#344,#405);
#405 = DEFINITIONAL_REPRESENTATION('',(#406),#410);
#406 = LINE('',#407,#408);
#407 = CARTESIAN_POINT('',(0.,-0.));
#408 = VECTOR('',#409,1.);
#409 = DIRECTION('',(0.,1.));
#410 = ( GEOMETRIC_REPRESENTATION_CONTEXT(2) 
PARAMETRIC_REPRESENTATION_CONTEXT() REPRESENTATION_CONTEXT('2D SPACE',''
  ) );
#411 = ORIENTED_EDGE('',*,*,#327,.T.);
#412 = ORIENTED_EDGE('',*,*,#391,.T.);
#413 = ADVANCED_FACE('',(#414,#440,#471,#502,#533),#379,.T.);
#414 = FACE_BOUND('',#415,.T.);
#415 = EDGE_LOOP('',(#416));
#416 = ORIENTED_EDGE('',*,*,#417,.T.);
#417 = EDGE_CURVE('',#418,#418,#420,.T.);
#418 = VERTEX_POINT('',#419);
#419 = CARTESIAN_POINT('',(74.,0.,192.));
#420 = SURFACE_CURVE('',#421,(#426,#433),.PCURVE_S1.);
#421 = CIRCLE('',#422,74.);
#422 = AXIS2_PLACEMENT_3D('',#423,#424,#425);
#423 = CARTESIAN_POINT('',(0.,0.,192.));
#424 = DIRECTION('',(0.,0.,1.));
#425 = DIRECTION('',(1.,0.,-0.));
#426 = PCURVE('',#379,#427);
#427 = DEFINITIONAL_REPRESENTATION('',(#428),#432);
#428 = CIRCLE('',#429,74.);
#429 = AXIS2_PLACEMENT_2D('',#430,#431);
#430 = CARTESIAN_POINT('',(0.,0.));
#431 = DIRECTION('',(1.,0.));
#432 = ( GEOMETRIC_REPRESENTATION_CONTEXT(2) 
PARAMETRIC_REPRESENTATION_CONTEXT() REPRESENTATION_CONTEXT('2D SPACE',''
  ) );
#433 = PCURVE('',#161,#434);
#434 = DEFINITIONAL_REPRESENTATION('',(#435),#439);
#435 = LINE('',#436,#437);
#436 = CARTESIAN_POINT('',(0.,14.));
#437 = VECTOR('',#438,1.);
#438 = DIRECTION('',(1.,0.));
#439 = ( GEOMETRIC_REPRESENTATION_CONTEXT(2) 
PARAMETRIC_REPRESENTATION_CONTEXT() REPRESENTATION_CONTEXT('2D SPACE',''
  ) );
#440 = FACE_BOUND('',#441,.T.);
#441 = EDGE_LOOP('',(#442));
#442 = ORIENTED_EDGE('',*,*,#443,.F.);
#443 = EDGE_CURVE('',#444,#444,#446,.T.);
#444 = VERTEX_POINT('',#445);
#445 = CARTESIAN_POINT('',(-25.5,-54.55960043842,192.));
#446 = SURFACE_CURVE('',#447,(#452,#459),.PCURVE_S1.);
#447 = CIRCLE('',#448,6.);
#448 = AXIS2_PLACEMENT_3D('',#449,#450,#451);
#449 = CARTESIAN_POINT('',(-31.5,-54.55960043842,192.));
#450 = DIRECTION('',(0.,0.,1.));
#451 = DIRECTION('',(1.,0.,-0.));
#452 = PCURVE('',#379,#453);
#453 = DEFINITIONAL_REPRESENTATION('',(#454),#458);
#454 = CIRCLE('',#455,6.);
#455 = AXIS2_PLACEMENT_2D('',#456,#457);
#456 = CARTESIAN_POINT('',(-31.5,-54.55960043842));
#457 = DIRECTION('',(1.,0.));
#458 = ( GEOMETRIC_REPRESENTATION_CONTEXT(2) 
PARAMETRIC_REPRESENTATION_CONTEXT() REPRESENTATION_CONTEXT('2D SPACE',''
  ) );
#459 = PCURVE('',#460,#465);
#460 = CYLINDRICAL_SURFACE('',#461,6.);
#461 = AXIS2_PLACEMENT_3D('',#462,#463,#464);
#462 = CARTESIAN_POINT('',(-31.5,-54.55960043842,187.9));
#463 = DIRECTION('',(0.,0.,1.));
#464 = DIRECTION('',(1.,0.,-0.));
#465 = DEFINITIONAL_REPRESENTATION('',(#466),#470);
#466 = LINE('',#467,#468);
#467 = CARTESIAN_POINT('',(0.,4.1));
#468 = VECTOR('',#469,1.);
#469 = DIRECTION('',(1.,0.));
#470 = ( GEOMETRIC_REPRESENTATION_CONTEXT(2) 
PARAMETRIC_REPRESENTATION_CONTEXT() REPRESENTATION_CONTEXT('2D SPACE',''
  ) );
#471 = FACE_BOUND('',#472,.T.);
#472 = EDGE_LOOP('',(#473));
#473 = ORIENTED_EDGE('',*,*,#474,.F.);
#474 = EDGE_CURVE('',#475,#475,#477,.T.);
#475 = VERTEX_POINT('',#476);
#476 = CARTESIAN_POINT('',(56.,0.,192.));
#477 = SURFACE_CURVE('',#478,(#483,#490),.PCURVE_S1.);
#478 = CIRCLE('',#479,56.);
#479 = AXIS2_PLACEMENT_3D('',#480,#481,#482);
#480 = CARTESIAN_POINT('',(0.,0.,192.));
#481 = DIRECTION('',(0.,0.,1.));
#482 = DIRECTION('',(1.,0.,-0.));
#483 = PCURVE('',#379,#484);
#484 = DEFINITIONAL_REPRESENTATION('',(#485),#489);
#485 = CIRCLE('',#486,56.);
#486 = AXIS2_PLACEMENT_2D('',#487,#488);
#487 = CARTESIAN_POINT('',(0.,0.));
#488 = DIRECTION('',(1.,0.));
#489 = ( GEOMETRIC_REPRESENTATION_CONTEXT(2) 
PARAMETRIC_REPRESENTATION_CONTEXT() REPRESENTATION_CONTEXT('2D SPACE',''
  ) );
#490 = PCURVE('',#491,#496);
#491 = CYLINDRICAL_SURFACE('',#492,56.);
#492 = AXIS2_PLACEMENT_3D('',#493,#494,#495);
#493 = CARTESIAN_POINT('',(0.,0.,225.2));
#494 = DIRECTION('',(0.,0.,1.));
#495 = DIRECTION('',(1.,0.,-0.));
#496 = DEFINITIONAL_REPRESENTATION('',(#497),#501);
#497 = LINE('',#498,#499);
#498 = CARTESIAN_POINT('',(0.,-33.2));
#499 = VECTOR('',#500,1.);
#500 = DIRECTION('',(1.,0.));
#501 = ( GEOMETRIC_REPRESENTATION_CONTEXT(2) 
PARAMETRIC_REPRESENTATION_CONTEXT() REPRESENTATION_CONTEXT('2D SPACE',''
  ) );
#502 = FACE_BOUND('',#503,.T.);
#503 = EDGE_LOOP('',(#504));
#504 = ORIENTED_EDGE('',*,*,#505,.F.);
#505 = EDGE_CURVE('',#506,#506,#508,.T.);
#506 = VERTEX_POINT('',#507);
#507 = CARTESIAN_POINT('',(69.,-1.469576158977E-15,192.));
#508 = SURFACE_CURVE('',#509,(#514,#521),.PCURVE_S1.);
#509 = CIRCLE('',#510,6.);
#510 = AXIS2_PLACEMENT_3D('',#511,#512,#513);
#511 = CARTESIAN_POINT('',(63.,0.,192.));
#512 = DIRECTION('',(0.,0.,1.));
#513 = DIRECTION('',(1.,0.,-0.));
#514 = PCURVE('',#379,#515);
#515 = DEFINITIONAL_REPRESENTATION('',(#516),#520);
#516 = CIRCLE('',#517,6.);
#517 = AXIS2_PLACEMENT_2D('',#518,#519);
#518 = CARTESIAN_POINT('',(63.,0.));
#519 = DIRECTION('',(1.,0.));
#520 = ( GEOMETRIC_REPRESENTATION_CONTEXT(2) 
PARAMETRIC_REPRESENTATION_CONTEXT() REPRESENTATION_CONTEXT('2D SPACE',''
  ) );
#521 = PCURVE('',#522,#527);
#522 = CYLINDRICAL_SURFACE('',#523,6.);
#523 = AXIS2_PLACEMENT_3D('',#524,#525,#526);
#524 = CARTESIAN_POINT('',(63.,0.,187.9));
#525 = DIRECTION('',(0.,0.,1.));
#526 = DIRECTION('',(1.,0.,-0.));
#527 = DEFINITIONAL_REPRESENTATION('',(#528),#532);
#528 = LINE('',#529,#530);
#529 = CARTESIAN_POINT('',(0.,4.1));
#530 = VECTOR('',#531,1.);
#531 = DIRECTION('',(1.,0.));
#532 = ( GEOMETRIC_REPRESENTATION_CONTEXT(2) 
PARAMETRIC_REPRESENTATION_CONTEXT() REPRESENTATION_CONTEXT('2D SPACE',''
  ) );
#533 = FACE_BOUND('',#534,.T.);
#534 = EDGE_LOOP('',(#535));
#535 = ORIENTED_EDGE('',*,*,#362,.F.);
#536 = ADVANCED_FACE('',(#537),#522,.F.);
#537 = FACE_BOUND('',#538,.F.);
#538 = EDGE_LOOP('',(#539,#540,#563,#590));
#539 = ORIENTED_EDGE('',*,*,#505,.F.);
#540 = ORIENTED_EDGE('',*,*,#541,.F.);
#541 = EDGE_CURVE('',#542,#506,#544,.T.);
#542 = VERTEX_POINT('',#543);
#543 = CARTESIAN_POINT('',(69.,-1.469576158977E-15,187.9));
#544 = SEAM_CURVE('',#545,(#549,#556),.PCURVE_S1.);
#545 = LINE('',#546,#547);
#546 = CARTESIAN_POINT('',(69.,-1.469576158977E-15,187.9));
#547 = VECTOR('',#548,1.);
#548 = DIRECTION('',(0.,0.,1.));
#549 = PCURVE('',#522,#550);
#550 = DEFINITIONAL_REPRESENTATION('',(#551),#555);
#551 = LINE('',#552,#553);
#552 = CARTESIAN_POINT('',(6.28318530718,-0.));
#553 = VECTOR('',#554,1.);
#554 = DIRECTION('',(0.,1.));
#555 = ( GEOMETRIC_REPRESENTATION_CONTEXT(2) 
PARAMETRIC_REPRESENTATION_CONTEXT() REPRESENTATION_CONTEXT('2D SPACE',''
  ) );
#556 = PCURVE('',#522,#557);
#557 = DEFINITIONAL_REPRESENTATION('',(#558),#562);
#558 = LINE('',#559,#560);
#559 = CARTESIAN_POINT('',(0.,-0.));
#560 = VECTOR('',#561,1.);
#561 = DIRECTION('',(0.,1.));
#562 = ( GEOMETRIC_REPRESENTATION_CONTEXT(2) 
PARAMETRIC_REPRESENTATION_CONTEXT() REPRESENTATION_CONTEXT('2D SPACE',''
  ) );
#563 = ORIENTED_EDGE('',*,*,#564,.T.);
#564 = EDGE_CURVE('',#542,#542,#565,.T.);
#565 = SURFACE_CURVE('',#566,(#571,#578),.PCURVE_S1.);
#566 = CIRCLE('',#567,6.);
#567 = AXIS2_PLACEMENT_3D('',#568,#569,#570);
#568 = CARTESIAN_POINT('',(63.,0.,187.9));
#569 = DIRECTION('',(0.,0.,1.));
#570 = DIRECTION('',(1.,0.,-0.));
#571 = PCURVE('',#522,#572);
#572 = DEFINITIONAL_REPRESENTATION('',(#573),#577);
#573 = LINE('',#574,#575);
#574 = CARTESIAN_POINT('',(0.,0.));
#575 = VECTOR('',#576,1.);
#576 = DIRECTION('',(1.,0.));
#577 = ( GEOMETRIC_REPRESENTATION_CONTEXT(2) 
PARAMETRIC_REPRESENTATION_CONTEXT() REPRESENTATION_CONTEXT('2D SPACE',''
  ) );
#578 = PCURVE('',#579,#584);
#579 = PLANE('',#580);
#580 = AXIS2_PLACEMENT_3D('',#581,#582,#583);
#581 = CARTESIAN_POINT('',(63.,0.,187.9));
#582 = DIRECTION('',(0.,0.,1.));
#583 = DIRECTION('',(1.,0.,-0.));
#584 = DEFINITIONAL_REPRESENTATION('',(#585),#589);
#585 = CIRCLE('',#586,6.);
#586 = AXIS2_PLACEMENT_2D('',#587,#588);
#587 = CARTESIAN_POINT('',(0.,0.));
#588 = DIRECTION('',(1.,0.));
#589 = ( GEOMETRIC_REPRESENTATION_CONTEXT(2) 
PARAMETRIC_REPRESENTATION_CONTEXT() REPRESENTATION_CONTEXT('2D SPACE',''
  ) );
#590 = ORIENTED_EDGE('',*,*,#541,.T.);
#591 = ADVANCED_FACE('',(#592,#595),#579,.T.);
#592 = FACE_BOUND('',#593,.T.);
#593 = EDGE_LOOP('',(#594));
#594 = ORIENTED_EDGE('',*,*,#564,.T.);
#595 = FACE_BOUND('',#596,.T.);
#596 = EDGE_LOOP('',(#597));
#597 = ORIENTED_EDGE('',*,*,#598,.F.);
#598 = EDGE_CURVE('',#599,#599,#601,.T.);
#599 = VERTEX_POINT('',#600);
#600 = CARTESIAN_POINT('',(66.3,-8.082668874373E-16,187.9));
#601 = SURFACE_CURVE('',#602,(#607,#614),.PCURVE_S1.);
#602 = CIRCLE('',#603,3.3);
#603 = AXIS2_PLACEMENT_3D('',#604,#605,#606);
#604 = CARTESIAN_POINT('',(63.,0.,187.9));
#605 = DIRECTION('',(0.,0.,1.));
#606 = DIRECTION('',(1.,0.,-0.));
#607 = PCURVE('',#579,#608);
#608 = DEFINITIONAL_REPRESENTATION('',(#609),#613);
#609 = CIRCLE('',#610,3.3);
#610 = AXIS2_PLACEMENT_2D('',#611,#612);
#611 = CARTESIAN_POINT('',(0.,0.));
#612 = DIRECTION('',(1.,0.));
#613 = ( GEOMETRIC_REPRESENTATION_CONTEXT(2) 
PARAMETRIC_REPRESENTATION_CONTEXT() REPRESENTATION_CONTEXT('2D SPACE',''
  ) );
#614 = PCURVE('',#192,#615);
#615 = DEFINITIONAL_REPRESENTATION('',(#616),#620);
#616 = LINE('',#617,#618);
#617 = CARTESIAN_POINT('',(0.,10.9));
#618 = VECTOR('',#619,1.);
#619 = DIRECTION('',(1.,0.));
#620 = ( GEOMETRIC_REPRESENTATION_CONTEXT(2) 
PARAMETRIC_REPRESENTATION_CONTEXT() REPRESENTATION_CONTEXT('2D SPACE',''
  ) );
#621 = ADVANCED_FACE('',(#622,#1685),#491,.T.);
#622 = FACE_BOUND('',#623,.T.);
#623 = EDGE_LOOP('',(#624,#765,#794,#823,#968,#997,#1020,#1150,#1171,
    #1172,#1173,#1296,#1297,#1321,#1460,#1489,#1518,#1663));
#624 = ORIENTED_EDGE('',*,*,#625,.F.);
#625 = EDGE_CURVE('',#626,#628,#630,.T.);
#626 = VERTEX_POINT('',#627);
#627 = CARTESIAN_POINT('',(-44.43410846916,34.082400211563,225.7));
#628 = VERTEX_POINT('',#629);
#629 = CARTESIAN_POINT('',(-55.28607419377,8.913472958144,241.9));
#630 = SURFACE_CURVE('',#631,(#658,#709),.PCURVE_S1.);
#631 = B_SPLINE_CURVE_WITH_KNOTS('',7,(#632,#633,#634,#635,#636,#637,
    #638,#639,#640,#641,#642,#643,#644,#645,#646,#647,#648,#649,#650,
    #651,#652,#653,#654,#655,#656,#657),.UNSPECIFIED.,.F.,.F.,(8,6,6,6,8
    ),(1.038200088102E-02,9.364444354949E-02,0.219383052332,
    0.369490719447,0.38900435734),.UNSPECIFIED.);
#632 = CARTESIAN_POINT('',(-44.43410846916,34.082400211563,225.7));
#633 = CARTESIAN_POINT('',(-44.96927420661,33.38469076314,
    226.27300277682));
#634 = CARTESIAN_POINT('',(-45.48859706459,32.6811688401,226.8463241598)
  );
#635 = CARTESIAN_POINT('',(-45.99245212236,31.971890542668,
    227.41952583084));
#636 = CARTESIAN_POINT('',(-46.48118227745,31.256867960387,
    227.99216600191));
#637 = CARTESIAN_POINT('',(-46.95509596102,30.536074223786,
    228.56378369535));
#638 = CARTESIAN_POINT('',(-47.41446486472,29.809448550978,
    229.1338830418));
#639 = CARTESIAN_POINT('',(-48.53162318606,27.970646595151,
    230.55973362644));
#640 = CARTESIAN_POINT('',(-49.17065727037,26.851592298106,
    231.41229386021));
#641 = CARTESIAN_POINT('',(-49.77797173932,25.718683382646,
    232.2583227688));
#642 = CARTESIAN_POINT('',(-50.35442609643,24.570902210156,
    233.09607912621));
#643 = CARTESIAN_POINT('',(-50.90044932163,23.407345380154,
    233.92315881719));
#644 = CARTESIAN_POINT('',(-51.41609770978,22.227300563339,
    234.73629772878));
#645 = CARTESIAN_POINT('',(-52.48012714835,19.601363199569,
    236.48010449118));
#646 = CARTESIAN_POINT('',(-53.01502236956,18.14941076228,
    237.40225203813));
#647 = CARTESIAN_POINT('',(-53.50741847489,16.669004344333,
    238.29351581418));
#648 = CARTESIAN_POINT('',(-53.95677096514,15.156389912143,
    239.14611432781));
#649 = CARTESIAN_POINT('',(-54.36122922608,13.609295235518,
    239.94832809408));
#650 = CARTESIAN_POINT('',(-54.7183820009,12.025992873106,
    240.68474738603));
#651 = CARTESIAN_POINT('',(-55.06498157174,10.192834217865,
    241.42216860683));
#652 = CARTESIAN_POINT('',(-55.10400756995,9.981260763923,
    241.50559623083));
#653 = CARTESIAN_POINT('',(-55.14217560033,9.769014933188,
    241.58756995922));
#654 = CARTESIAN_POINT('',(-55.17947573035,9.556105793345,
    241.66804325844));
#655 = CARTESIAN_POINT('',(-55.21589836907,9.342541329484,
    241.74696990621));
#656 = CARTESIAN_POINT('',(-55.2514342133,9.128328444274,241.82430400572
    ));
#657 = CARTESIAN_POINT('',(-55.28607419377,8.913472958144,241.9));
#658 = PCURVE('',#491,#659);
#659 = DEFINITIONAL_REPRESENTATION('',(#660),#708);
#660 = B_SPLINE_CURVE_WITH_KNOTS('',3,(#661,#662,#663,#664,#665,#666,
    #667,#668,#669,#670,#671,#672,#673,#674,#675,#676,#677,#678,#679,
    #680,#681,#682,#683,#684,#685,#686,#687,#688,#689,#690,#691,#692,
    #693,#694,#695,#696,#697,#698,#699,#700,#701,#702,#703,#704,#705,
    #706,#707),.UNSPECIFIED.,.F.,.F.,(4,1,1,1,1,1,1,1,1,1,1,1,1,1,1,1,1,
    1,1,1,1,1,1,1,1,1,1,1,1,1,1,1,1,1,1,1,1,1,1,1,1,1,1,1,4),(
    1.038200088102E-02,1.898705443691E-02,2.759210799279E-02,
    3.619716154867E-02,4.480221510456E-02,5.340726866044E-02,
    6.201232221633E-02,7.061737577221E-02,7.92224293281E-02,
    8.782748288398E-02,9.643253643987E-02,0.105037589996,0.113642643552,
    0.122247697108,0.130852750663,0.139457804219,0.148062857775,
    0.156667911331,0.165272964887,0.173878018443,0.182483071999,
    0.191088125555,0.19969317911,0.208298232666,0.216903286222,
    0.225508339778,0.234113393334,0.24271844689,0.251323500446,
    0.259928554002,0.268533607558,0.277138661113,0.285743714669,
    0.294348768225,0.302953821781,0.311558875337,0.320163928893,
    0.328768982449,0.337374036005,0.345979089561,0.354584143116,
    0.363189196672,0.371794250228,0.380399303784,0.38900435734),
  .QUASI_UNIFORM_KNOTS.);
#661 = CARTESIAN_POINT('',(2.487279636154,0.5));
#662 = CARTESIAN_POINT('',(2.491066147831,0.638177619997));
#663 = CARTESIAN_POINT('',(2.498625740933,0.914580772028));
#664 = CARTESIAN_POINT('',(2.509927058523,1.329226433183));
#665 = CARTESIAN_POINT('',(2.521192524584,1.743810679859));
#666 = CARTESIAN_POINT('',(2.532424353204,2.158229570519));
#667 = CARTESIAN_POINT('',(2.543624753083,2.572377485143));
#668 = CARTESIAN_POINT('',(2.554795931304,2.986146711022));
#669 = CARTESIAN_POINT('',(2.565940076559,3.399426382181));
#670 = CARTESIAN_POINT('',(2.577059421565,3.812104333388));
#671 = CARTESIAN_POINT('',(2.588156008965,4.224057941335));
#672 = CARTESIAN_POINT('',(2.599232563844,4.635186101395));
#673 = CARTESIAN_POINT('',(2.610288361261,5.045255175078));
#674 = CARTESIAN_POINT('',(2.621326515558,5.454169084176));
#675 = CARTESIAN_POINT('',(2.63235013186,5.861825902451));
#676 = CARTESIAN_POINT('',(2.643362181627,6.268112391468));
#677 = CARTESIAN_POINT('',(2.654365537174,6.672904519192));
#678 = CARTESIAN_POINT('',(2.665362963352,7.076066375852));
#679 = CARTESIAN_POINT('',(2.676357120403,7.477449517996));
#680 = CARTESIAN_POINT('',(2.687350563703,7.876892202494));
#681 = CARTESIAN_POINT('',(2.698345743588,8.274218632597));
#682 = CARTESIAN_POINT('',(2.709345006778,8.669238265817));
#683 = CARTESIAN_POINT('',(2.720350590145,9.061744862469));
#684 = CARTESIAN_POINT('',(2.731364642372,9.451516509753));
#685 = CARTESIAN_POINT('',(2.742389140578,9.838312003037));
#686 = CARTESIAN_POINT('',(2.753426198116,10.22188082277));
#687 = CARTESIAN_POINT('',(2.764476911626,10.601922371695));
#688 = CARTESIAN_POINT('',(2.775542344936,10.978121508769));
#689 = CARTESIAN_POINT('',(2.786628309951,11.35030654014));
#690 = CARTESIAN_POINT('',(2.797739133129,11.718232176735));
#691 = CARTESIAN_POINT('',(2.808879130345,12.081629623939));
#692 = CARTESIAN_POINT('',(2.820052243606,12.440193012487));
#693 = CARTESIAN_POINT('',(2.831262171986,12.793583015414));
#694 = CARTESIAN_POINT('',(2.84251237181,13.141425992697));
#695 = CARTESIAN_POINT('',(2.853806093588,13.483314471141));
#696 = CARTESIAN_POINT('',(2.86514641079,13.818807406679));
#697 = CARTESIAN_POINT('',(2.876536252662,14.147430651773));
#698 = CARTESIAN_POINT('',(2.887978437376,14.468677508985));
#699 = CARTESIAN_POINT('',(2.899475708302,14.782009442694));
#700 = CARTESIAN_POINT('',(2.911030766217,15.086856798975));
#701 = CARTESIAN_POINT('',(2.922646323641,15.382620080551));
#702 = CARTESIAN_POINT('',(2.934325084079,15.668669758091));
#703 = CARTESIAN_POINT('',(2.946070009177,15.944352164874));
#704 = CARTESIAN_POINT('',(2.957883519405,16.208973324378));
#705 = CARTESIAN_POINT('',(2.969771348638,16.461880294055));
#706 = CARTESIAN_POINT('',(2.977744802455,16.622110494324));
#707 = CARTESIAN_POINT('',(2.981743626758,16.7));
#708 = ( GEOMETRIC_REPRESENTATION_CONTEXT(2) 
PARAMETRIC_REPRESENTATION_CONTEXT() REPRESENTATION_CONTEXT('2D SPACE',''
  ) );
#709 = PCURVE('',#710,#715);
#710 = CYLINDRICAL_SURFACE('',#711,60.8);
#711 = AXIS2_PLACEMENT_3D('',#712,#713,#714);
#712 = CARTESIAN_POINT('',(0.,-70.,267.2));
#713 = DIRECTION('',(0.,1.,0.));
#714 = DIRECTION('',(0.,-0.,1.));
#715 = DEFINITIONAL_REPRESENTATION('',(#716),#764);
#716 = B_SPLINE_CURVE_WITH_KNOTS('',3,(#717,#718,#719,#720,#721,#722,
    #723,#724,#725,#726,#727,#728,#729,#730,#731,#732,#733,#734,#735,
    #736,#737,#738,#739,#740,#741,#742,#743,#744,#745,#746,#747,#748,
    #749,#750,#751,#752,#753,#754,#755,#756,#757,#758,#759,#760,#761,
    #762,#763),.UNSPECIFIED.,.F.,.F.,(4,1,1,1,1,1,1,1,1,1,1,1,1,1,1,1,1,
    1,1,1,1,1,1,1,1,1,1,1,1,1,1,1,1,1,1,1,1,1,1,1,1,1,1,1,4),(
    1.038200088102E-02,1.898705443691E-02,2.759210799279E-02,
    3.619716154867E-02,4.480221510456E-02,5.340726866044E-02,
    6.201232221633E-02,7.061737577221E-02,7.92224293281E-02,
    8.782748288398E-02,9.643253643987E-02,0.105037589996,0.113642643552,
    0.122247697108,0.130852750663,0.139457804219,0.148062857775,
    0.156667911331,0.165272964887,0.173878018443,0.182483071999,
    0.191088125555,0.19969317911,0.208298232666,0.216903286222,
    0.225508339778,0.234113393334,0.24271844689,0.251323500446,
    0.259928554002,0.268533607558,0.277138661113,0.285743714669,
    0.294348768225,0.302953821781,0.311558875337,0.320163928893,
    0.328768982449,0.337374036005,0.345979089561,0.354584143116,
    0.363189196672,0.371794250228,0.380399303784,0.38900435734),
  .QUASI_UNIFORM_KNOTS.);
#717 = CARTESIAN_POINT('',(3.961121258686,104.08240021156));
#718 = CARTESIAN_POINT('',(3.964230972701,103.91414958585));
#719 = CARTESIAN_POINT('',(3.970424404612,103.57678045974));
#720 = CARTESIAN_POINT('',(3.979636996612,103.06812962432));
#721 = CARTESIAN_POINT('',(3.988772499971,102.55688967315));
#722 = CARTESIAN_POINT('',(3.997831260318,102.04306320207));
#723 = CARTESIAN_POINT('',(4.006813535862,101.52664948879));
#724 = CARTESIAN_POINT('',(4.015719484404,101.00764391457));
#725 = CARTESIAN_POINT('',(4.024549147602,100.4860390613));
#726 = CARTESIAN_POINT('',(4.0333024926,99.961821802422));
#727 = CARTESIAN_POINT('',(4.041979226203,99.434984743243));
#728 = CARTESIAN_POINT('',(4.050579460792,98.905484270078));
#729 = CARTESIAN_POINT('',(4.059100522961,98.373439780803));
#730 = CARTESIAN_POINT('',(4.067542601588,97.838784995214));
#731 = CARTESIAN_POINT('',(4.075905709599,97.301449534758));
#732 = CARTESIAN_POINT('',(4.084189588133,96.761365771451));
#733 = CARTESIAN_POINT('',(4.092393723275,96.21846736136));
#734 = CARTESIAN_POINT('',(4.100517332298,95.672690005699));
#735 = CARTESIAN_POINT('',(4.108559357728,95.123971616901));
#736 = CARTESIAN_POINT('',(4.116518459092,94.572252637163));
#737 = CARTESIAN_POINT('',(4.12439300466,94.017476342113));
#738 = CARTESIAN_POINT('',(4.132181064157,93.459589051527));
#739 = CARTESIAN_POINT('',(4.139880396259,92.898540726724));
#740 = CARTESIAN_POINT('',(4.147488454726,92.334284114172));
#741 = CARTESIAN_POINT('',(4.155002323992,91.766779317591));
#742 = CARTESIAN_POINT('',(4.162418917122,91.195978109847));
#743 = CARTESIAN_POINT('',(4.169734193772,90.621883857201));
#744 = CARTESIAN_POINT('',(4.176943862445,90.044501827824));
#745 = CARTESIAN_POINT('',(4.184046384894,89.463587717272));
#746 = CARTESIAN_POINT('',(4.191038798198,88.878971174505));
#747 = CARTESIAN_POINT('',(4.197917693445,88.290480042432));
#748 = CARTESIAN_POINT('',(4.20467896397,87.697959731305));
#749 = CARTESIAN_POINT('',(4.211317884224,87.101266943348));
#750 = CARTESIAN_POINT('',(4.217829101034,86.500270113049));
#751 = CARTESIAN_POINT('',(4.224206649396,85.89484789154));
#752 = CARTESIAN_POINT('',(4.230443962783,85.284888001418));
#753 = CARTESIAN_POINT('',(4.236533886141,84.670285832703));
#754 = CARTESIAN_POINT('',(4.242468689277,84.050942975267));
#755 = CARTESIAN_POINT('',(4.248240081964,83.426765540216));
#756 = CARTESIAN_POINT('',(4.25383922807,82.797662669454));
#757 = CARTESIAN_POINT('',(4.259256768576,82.163543788546));
#758 = CARTESIAN_POINT('',(4.264482816985,81.524319987688));
#759 = CARTESIAN_POINT('',(4.269507063676,80.879889440901));
#760 = CARTESIAN_POINT('',(4.274318479749,80.230181842727));
#761 = CARTESIAN_POINT('',(4.278906785532,79.574945402515));
#762 = CARTESIAN_POINT('',(4.281807712373,79.13455255591));
#763 = CARTESIAN_POINT('',(4.283216556886,78.913472958144));
#764 = ( GEOMETRIC_REPRESENTATION_CONTEXT(2) 
PARAMETRIC_REPRESENTATION_CONTEXT() REPRESENTATION_CONTEXT('2D SPACE',''
  ) );
#765 = ORIENTED_EDGE('',*,*,#766,.F.);
#766 = EDGE_CURVE('',#767,#626,#769,.T.);
#767 = VERTEX_POINT('',#768);
#768 = CARTESIAN_POINT('',(0.,56.,225.7));
#769 = SURFACE_CURVE('',#770,(#775,#782),.PCURVE_S1.);
#770 = CIRCLE('',#771,56.);
#771 = AXIS2_PLACEMENT_3D('',#772,#773,#774);
#772 = CARTESIAN_POINT('',(0.,0.,225.7));
#773 = DIRECTION('',(0.,0.,1.));
#774 = DIRECTION('',(1.,0.,-0.));
#775 = PCURVE('',#491,#776);
#776 = DEFINITIONAL_REPRESENTATION('',(#777),#781);
#777 = LINE('',#778,#779);
#778 = CARTESIAN_POINT('',(0.,0.5));
#779 = VECTOR('',#780,1.);
#780 = DIRECTION('',(1.,0.));
#781 = ( GEOMETRIC_REPRESENTATION_CONTEXT(2) 
PARAMETRIC_REPRESENTATION_CONTEXT() REPRESENTATION_CONTEXT('2D SPACE',''
  ) );
#782 = PCURVE('',#783,#788);
#783 = PLANE('',#784);
#784 = AXIS2_PLACEMENT_3D('',#785,#786,#787);
#785 = CARTESIAN_POINT('',(-56.,-56.,225.7));
#786 = DIRECTION('',(0.,0.,1.));
#787 = DIRECTION('',(1.,0.,-0.));
#788 = DEFINITIONAL_REPRESENTATION('',(#789),#793);
#789 = CIRCLE('',#790,56.);
#790 = AXIS2_PLACEMENT_2D('',#791,#792);
#791 = CARTESIAN_POINT('',(56.,56.));
#792 = DIRECTION('',(1.,0.));
#793 = ( GEOMETRIC_REPRESENTATION_CONTEXT(2) 
PARAMETRIC_REPRESENTATION_CONTEXT() REPRESENTATION_CONTEXT('2D SPACE',''
  ) );
#794 = ORIENTED_EDGE('',*,*,#795,.F.);
#795 = EDGE_CURVE('',#796,#767,#798,.T.);
#796 = VERTEX_POINT('',#797);
#797 = CARTESIAN_POINT('',(44.4341085291,34.082400201145,225.7));
#798 = SURFACE_CURVE('',#799,(#804,#811),.PCURVE_S1.);
#799 = CIRCLE('',#800,56.);
#800 = AXIS2_PLACEMENT_3D('',#801,#802,#803);
#801 = CARTESIAN_POINT('',(0.,0.,225.7));
#802 = DIRECTION('',(0.,0.,1.));
#803 = DIRECTION('',(1.,0.,-0.));
#804 = PCURVE('',#491,#805);
#805 = DEFINITIONAL_REPRESENTATION('',(#806),#810);
#806 = LINE('',#807,#808);
#807 = CARTESIAN_POINT('',(0.,0.5));
#808 = VECTOR('',#809,1.);
#809 = DIRECTION('',(1.,0.));
#810 = ( GEOMETRIC_REPRESENTATION_CONTEXT(2) 
PARAMETRIC_REPRESENTATION_CONTEXT() REPRESENTATION_CONTEXT('2D SPACE',''
  ) );
#811 = PCURVE('',#812,#817);
#812 = PLANE('',#813);
#813 = AXIS2_PLACEMENT_3D('',#814,#815,#816);
#814 = CARTESIAN_POINT('',(-56.,-56.,225.7));
#815 = DIRECTION('',(0.,0.,1.));
#816 = DIRECTION('',(1.,0.,-0.));
#817 = DEFINITIONAL_REPRESENTATION('',(#818),#822);
#818 = CIRCLE('',#819,56.);
#819 = AXIS2_PLACEMENT_2D('',#820,#821);
#820 = CARTESIAN_POINT('',(56.,56.));
#821 = DIRECTION('',(1.,0.));
#822 = ( GEOMETRIC_REPRESENTATION_CONTEXT(2) 
PARAMETRIC_REPRESENTATION_CONTEXT() REPRESENTATION_CONTEXT('2D SPACE',''
  ) );
#823 = ORIENTED_EDGE('',*,*,#824,.F.);
#824 = EDGE_CURVE('',#825,#796,#827,.T.);
#825 = VERTEX_POINT('',#826);
#826 = CARTESIAN_POINT('',(55.286074211342,8.913472919911,241.9));
#827 = SURFACE_CURVE('',#828,(#861,#912),.PCURVE_S1.);
#828 = B_SPLINE_CURVE_WITH_KNOTS('',7,(#829,#830,#831,#832,#833,#834,
    #835,#836,#837,#838,#839,#840,#841,#842,#843,#844,#845,#846,#847,
    #848,#849,#850,#851,#852,#853,#854,#855,#856,#857,#858,#859,#860),
  .UNSPECIFIED.,.F.,.F.,(8,6,6,6,6,8),(0.221068952982,0.255165504439,
    0.476145109917,0.658924569523,0.831291396242,0.97919962769),
  .UNSPECIFIED.);
#829 = CARTESIAN_POINT('',(55.286074211342,8.913472919911,241.9));
#830 = CARTESIAN_POINT('',(55.255679446932,9.101997342901,241.8335807362
    ));
#831 = CARTESIAN_POINT('',(55.224611077951,9.289926939767,
    241.76593553299));
#832 = CARTESIAN_POINT('',(55.192880059527,9.477236949158,
    241.69710524778));
#833 = CARTESIAN_POINT('',(55.16049809181,9.663901346645,241.6271320096)
  );
#834 = CARTESIAN_POINT('',(55.127477676674,9.849892808603,
    241.55605921272));
#835 = CARTESIAN_POINT('',(55.093832176196,10.035182678213,
    241.48393150939));
#836 = CARTESIAN_POINT('',(54.837560912798,11.4158622045,240.93679611058
    ));
#837 = CARTESIAN_POINT('',(54.58818216892,12.590456532121,
    240.41676885751));
#838 = CARTESIAN_POINT('',(54.312707867745,13.744763020183,
    239.85796917537));
#839 = CARTESIAN_POINT('',(54.012181866616,14.879706709688,
    239.26684490367));
#840 = CARTESIAN_POINT('',(53.687444248787,15.996240972574,
    238.64882612909));
#841 = CARTESIAN_POINT('',(53.339044618445,17.095596070207,
    238.00821416444));
#842 = CARTESIAN_POINT('',(52.659357603422,19.0759115772,236.8022239934)
  );
#843 = CARTESIAN_POINT('',(52.335447116407,19.961995817054,
    236.2428478996));
#844 = CARTESIAN_POINT('',(51.995564536979,20.837964682689,
    235.67221487125));
#845 = CARTESIAN_POINT('',(51.63984883063,21.704215923951,
    235.09210144597));
#846 = CARTESIAN_POINT('',(51.268305633593,22.561267374508,
    234.50390713653));
#847 = CARTESIAN_POINT('',(50.880773111427,23.4097594019,233.90868146191
    ));
#848 = CARTESIAN_POINT('',(50.095992234013,25.043266133746,
    232.73990110584));
#849 = CARTESIAN_POINT('',(49.700661625703,25.828921281808,
    232.16720250406));
#850 = CARTESIAN_POINT('',(49.290817283793,26.607598123219,
    231.59002227351));
#851 = CARTESIAN_POINT('',(48.866323507983,27.379492609084,
    231.00916086847));
#852 = CARTESIAN_POINT('',(48.426974857739,28.14481170018,
    230.42528702422));
#853 = CARTESIAN_POINT('',(47.972493152946,28.903761717315,
    229.83896627723));
#854 = CARTESIAN_POINT('',(47.099243649678,30.302494021514,
    228.7458882914));
#855 = CARTESIAN_POINT('',(46.684606558048,30.943829035745,
    228.2397058496));
#856 = CARTESIAN_POINT('',(46.258432780812,31.580603574207,
    227.73250055349));
#857 = CARTESIAN_POINT('',(45.820524650832,32.212851293189,
    227.22461060535));
#858 = CARTESIAN_POINT('',(45.370664861266,32.840580182495,
    226.71635820652));
#859 = CARTESIAN_POINT('',(44.908614074172,33.46377508249,
    226.20805374783));
#860 = CARTESIAN_POINT('',(44.4341085291,34.082400201145,225.7));
#861 = PCURVE('',#491,#862);
#862 = DEFINITIONAL_REPRESENTATION('',(#863),#911);
#863 = B_SPLINE_CURVE_WITH_KNOTS('',3,(#864,#865,#866,#867,#868,#869,
    #870,#871,#872,#873,#874,#875,#876,#877,#878,#879,#880,#881,#882,
    #883,#884,#885,#886,#887,#888,#889,#890,#891,#892,#893,#894,#895,
    #896,#897,#898,#899,#900,#901,#902,#903,#904,#905,#906,#907,#908,
    #909,#910),.UNSPECIFIED.,.F.,.F.,(4,1,1,1,1,1,1,1,1,1,1,1,1,1,1,1,1,
    1,1,1,1,1,1,1,1,1,1,1,1,1,1,1,1,1,1,1,1,1,1,1,1,1,1,1,4),(
    0.221068952982,0.238299195589,0.255529438196,0.272759680803,
    0.28998992341,0.307220166017,0.324450408624,0.341680651231,
    0.358910893838,0.376141136445,0.393371379052,0.410601621659,
    0.427831864266,0.445062106873,0.46229234948,0.479522592087,
    0.496752834694,0.513983077301,0.531213319908,0.548443562515,
    0.565673805122,0.582904047729,0.600134290336,0.617364532943,
    0.63459477555,0.651825018157,0.669055260764,0.686285503371,
    0.703515745978,0.720745988585,0.737976231192,0.755206473799,
    0.772436716406,0.789666959013,0.80689720162,0.824127444227,
    0.841357686834,0.858587929441,0.875818172048,0.893048414655,
    0.910278657262,0.927508899869,0.944739142476,0.961969385083,
    0.97919962769),.QUASI_UNIFORM_KNOTS.);
#864 = CARTESIAN_POINT('',(0.159849026108,16.7));
#865 = CARTESIAN_POINT('',(0.163872489073,16.62162491903));
#866 = CARTESIAN_POINT('',(0.171880590862,16.460669891707));
#867 = CARTESIAN_POINT('',(0.183790188672,16.207204586971));
#868 = CARTESIAN_POINT('',(0.195604328727,15.94247823335));
#869 = CARTESIAN_POINT('',(0.207353979661,15.666597957059));
#870 = CARTESIAN_POINT('',(0.219034886088,15.380407590186));
#871 = CARTESIAN_POINT('',(0.230652071167,15.084518496968));
#872 = CARTESIAN_POINT('',(0.242207968407,14.779567661133));
#873 = CARTESIAN_POINT('',(0.253705655952,14.466147069293));
#874 = CARTESIAN_POINT('',(0.265148042025,14.144821317999));
#875 = CARTESIAN_POINT('',(0.276538134153,13.81612169903));
#876 = CARTESIAN_POINT('',(0.287879013607,13.480546817026));
#877 = CARTESIAN_POINT('',(0.299173897301,13.138561268422));
#878 = CARTESIAN_POINT('',(0.31042613744,12.790596211788));
#879 = CARTESIAN_POINT('',(0.321639376154,12.437044980164));
#880 = CARTESIAN_POINT('',(0.3328171366,12.078277302944));
#881 = CARTESIAN_POINT('',(0.343964672433,11.714579384348));
#882 = CARTESIAN_POINT('',(0.355084280012,11.346307808405));
#883 = CARTESIAN_POINT('',(0.36617813393,10.973802914782));
#884 = CARTESIAN_POINT('',(0.377248650271,10.597376984165));
#885 = CARTESIAN_POINT('',(0.388298397902,10.217317960275));
#886 = CARTESIAN_POINT('',(0.399330130919,9.833889064368));
#887 = CARTESIAN_POINT('',(0.410346792182,9.447329439118));
#888 = CARTESIAN_POINT('',(0.421351515237,9.057854918471));
#889 = CARTESIAN_POINT('',(0.432347665607,8.665657400158));
#890 = CARTESIAN_POINT('',(0.443338730411,8.270909817589));
#891 = CARTESIAN_POINT('',(0.454328779567,7.873750247528));
#892 = CARTESIAN_POINT('',(0.465318473979,7.474428151738));
#893 = CARTESIAN_POINT('',(0.476310068365,7.073125407637));
#894 = CARTESIAN_POINT('',(0.487305694748,6.670018457597));
#895 = CARTESIAN_POINT('',(0.498307605338,6.265270319501));
#896 = CARTESIAN_POINT('',(0.509318105397,5.859033643436));
#897 = CARTESIAN_POINT('',(0.520339570148,5.451450778562));
#898 = CARTESIAN_POINT('',(0.53137443627,5.042654753133));
#899 = CARTESIAN_POINT('',(0.542425211773,4.63276959173));
#900 = CARTESIAN_POINT('',(0.553494438578,4.221912370515));
#901 = CARTESIAN_POINT('',(0.564584826769,3.810188983168));
#902 = CARTESIAN_POINT('',(0.575697731826,3.39775107926));
#903 = CARTESIAN_POINT('',(0.586835489707,2.984709926042));
#904 = CARTESIAN_POINT('',(0.598000269794,2.571179669925));
#905 = CARTESIAN_POINT('',(0.609194272155,2.157270404427));
#906 = CARTESIAN_POINT('',(0.620419682101,1.743090327149));
#907 = CARTESIAN_POINT('',(0.631678690645,1.328745403176));
#908 = CARTESIAN_POINT('',(0.642973494474,0.914339913781));
#909 = CARTESIAN_POINT('',(0.650528706324,0.638097276236));
#910 = CARTESIAN_POINT('',(0.654313016637,0.5));
#911 = ( GEOMETRIC_REPRESENTATION_CONTEXT(2) 
PARAMETRIC_REPRESENTATION_CONTEXT() REPRESENTATION_CONTEXT('2D SPACE',''
  ) );
#912 = PCURVE('',#913,#918);
#913 = CYLINDRICAL_SURFACE('',#914,60.8);
#914 = AXIS2_PLACEMENT_3D('',#915,#916,#917);
#915 = CARTESIAN_POINT('',(0.,-70.,267.2));
#916 = DIRECTION('',(0.,1.,0.));
#917 = DIRECTION('',(0.,-0.,1.));
#918 = DEFINITIONAL_REPRESENTATION('',(#919),#967);
#919 = B_SPLINE_CURVE_WITH_KNOTS('',3,(#920,#921,#922,#923,#924,#925,
    #926,#927,#928,#929,#930,#931,#932,#933,#934,#935,#936,#937,#938,
    #939,#940,#941,#942,#943,#944,#945,#946,#947,#948,#949,#950,#951,
    #952,#953,#954,#955,#956,#957,#958,#959,#960,#961,#962,#963,#964,
    #965,#966),.UNSPECIFIED.,.F.,.F.,(4,1,1,1,1,1,1,1,1,1,1,1,1,1,1,1,1,
    1,1,1,1,1,1,1,1,1,1,1,1,1,1,1,1,1,1,1,1,1,1,1,1,1,1,1,4),(
    0.221068952982,0.238299195589,0.255529438196,0.272759680803,
    0.28998992341,0.307220166017,0.324450408624,0.341680651231,
    0.358910893838,0.376141136445,0.393371379052,0.410601621659,
    0.427831864266,0.445062106873,0.46229234948,0.479522592087,
    0.496752834694,0.513983077301,0.531213319908,0.548443562515,
    0.565673805122,0.582904047729,0.600134290336,0.617364532943,
    0.63459477555,0.651825018157,0.669055260764,0.686285503371,
    0.703515745978,0.720745988585,0.737976231192,0.755206473799,
    0.772436716406,0.789666959013,0.80689720162,0.824127444227,
    0.841357686834,0.858587929441,0.875818172048,0.893048414655,
    0.910278657262,0.927508899869,0.944739142476,0.961969385083,
    0.97919962769),.QUASI_UNIFORM_KNOTS.);
#920 = CARTESIAN_POINT('',(1.999968750173,78.913472919911));
#921 = CARTESIAN_POINT('',(2.001386379227,79.135914311325));
#922 = CARTESIAN_POINT('',(2.004300447417,79.578218140396));
#923 = CARTESIAN_POINT('',(2.008898948771,80.234644848786));
#924 = CARTESIAN_POINT('',(2.013712354053,80.884376735153));
#925 = CARTESIAN_POINT('',(2.018740292004,81.529055657703));
#926 = CARTESIAN_POINT('',(2.023969010999,82.168384671462));
#927 = CARTESIAN_POINT('',(2.029388967073,82.802579442842));
#928 = CARTESIAN_POINT('',(2.034990136451,83.431714236257));
#929 = CARTESIAN_POINT('',(2.040763295474,84.055899865641));
#930 = CARTESIAN_POINT('',(2.046699700165,84.675238576701));
#931 = CARTESIAN_POINT('',(2.052791193858,85.289838603633));
#932 = CARTESIAN_POINT('',(2.059030197329,85.89981245963));
#933 = CARTESIAN_POINT('',(2.065409735632,86.505279980097));
#934 = CARTESIAN_POINT('',(2.071923430879,87.106367983602));
#935 = CARTESIAN_POINT('',(2.078565590226,87.703218071506));
#936 = CARTESIAN_POINT('',(2.085330943354,88.295964617527));
#937 = CARTESIAN_POINT('',(2.092215784193,88.884831921581));
#938 = CARTESIAN_POINT('',(2.099215066461,89.469886050556));
#939 = CARTESIAN_POINT('',(2.106324026157,90.051186290721));
#940 = CARTESIAN_POINT('',(2.113538412094,90.628803846761));
#941 = CARTESIAN_POINT('',(2.120854420799,91.202816871695));
#942 = CARTESIAN_POINT('',(2.128268710273,91.773311811596));
#943 = CARTESIAN_POINT('',(2.135778394859,92.340383203309));
#944 = CARTESIAN_POINT('',(2.143381037944,92.904133388447));
#945 = CARTESIAN_POINT('',(2.151074673551,93.464674152332));
#946 = CARTESIAN_POINT('',(2.158857716077,94.022120789965));
#947 = CARTESIAN_POINT('',(2.166729290311,94.576614582006));
#948 = CARTESIAN_POINT('',(2.174686322235,95.128122344957));
#949 = CARTESIAN_POINT('',(2.182727069683,95.676690132536));
#950 = CARTESIAN_POINT('',(2.190849908936,96.222355547492));
#951 = CARTESIAN_POINT('',(2.199053494979,96.765159985476));
#952 = CARTESIAN_POINT('',(2.207336706926,97.305144974757));
#953 = CARTESIAN_POINT('',(2.215698651881,97.842352815335));
#954 = CARTESIAN_POINT('',(2.224138650945,98.376825924637));
#955 = CARTESIAN_POINT('',(2.232656239328,98.908607057482));
#956 = CARTESIAN_POINT('',(2.241251129087,99.437737322394));
#957 = CARTESIAN_POINT('',(2.249923308531,99.964262138249));
#958 = CARTESIAN_POINT('',(2.258671834184,100.48815951351));
#959 = CARTESIAN_POINT('',(2.267496645372,101.00945102884));
#960 = CARTESIAN_POINT('',(2.27639766447,101.52814689003));
#961 = CARTESIAN_POINT('',(2.285374945112,102.04425522613));
#962 = CARTESIAN_POINT('',(2.294428630712,102.55777979892));
#963 = CARTESIAN_POINT('',(2.303558967861,103.06872068333));
#964 = CARTESIAN_POINT('',(2.312766290663,103.57707465275));
#965 = CARTESIAN_POINT('',(2.318956141704,103.9142474002));
#966 = CARTESIAN_POINT('',(2.322064047821,104.08240020114));
#967 = ( GEOMETRIC_REPRESENTATION_CONTEXT(2) 
PARAMETRIC_REPRESENTATION_CONTEXT() REPRESENTATION_CONTEXT('2D SPACE',''
  ) );
#968 = ORIENTED_EDGE('',*,*,#969,.F.);
#969 = EDGE_CURVE('',#970,#825,#972,.T.);
#970 = VERTEX_POINT('',#971);
#971 = CARTESIAN_POINT('',(56.,-1.371604415045E-14,241.9));
#972 = SURFACE_CURVE('',#973,(#978,#985),.PCURVE_S1.);
#973 = CIRCLE('',#974,56.);
#974 = AXIS2_PLACEMENT_3D('',#975,#976,#977);
#975 = CARTESIAN_POINT('',(0.,0.,241.9));
#976 = DIRECTION('',(0.,0.,1.));
#977 = DIRECTION('',(1.,0.,-0.));
#978 = PCURVE('',#491,#979);
#979 = DEFINITIONAL_REPRESENTATION('',(#980),#984);
#980 = LINE('',#981,#982);
#981 = CARTESIAN_POINT('',(0.,16.7));
#982 = VECTOR('',#983,1.);
#983 = DIRECTION('',(1.,0.));
#984 = ( GEOMETRIC_REPRESENTATION_CONTEXT(2) 
PARAMETRIC_REPRESENTATION_CONTEXT() REPRESENTATION_CONTEXT('2D SPACE',''
  ) );
#985 = PCURVE('',#986,#991);
#986 = PLANE('',#987);
#987 = AXIS2_PLACEMENT_3D('',#988,#989,#990);
#988 = CARTESIAN_POINT('',(-80.,-27.1,241.9));
#989 = DIRECTION('',(0.,0.,1.));
#990 = DIRECTION('',(1.,0.,-0.));
#991 = DEFINITIONAL_REPRESENTATION('',(#992),#996);
#992 = CIRCLE('',#993,56.);
#993 = AXIS2_PLACEMENT_2D('',#994,#995);
#994 = CARTESIAN_POINT('',(80.,27.1));
#995 = DIRECTION('',(1.,0.));
#996 = ( GEOMETRIC_REPRESENTATION_CONTEXT(2) 
PARAMETRIC_REPRESENTATION_CONTEXT() REPRESENTATION_CONTEXT('2D SPACE',''
  ) );
#997 = ORIENTED_EDGE('',*,*,#998,.T.);
#998 = EDGE_CURVE('',#970,#999,#1001,.T.);
#999 = VERTEX_POINT('',#1000);
#1000 = CARTESIAN_POINT('',(56.,4.898587196589E-16,211.7));
#1001 = SEAM_CURVE('',#1002,(#1006,#1013),.PCURVE_S1.);
#1002 = LINE('',#1003,#1004);
#1003 = CARTESIAN_POINT('',(56.,-1.371604415045E-14,241.9));
#1004 = VECTOR('',#1005,1.);
#1005 = DIRECTION('',(0.,4.703941347718E-16,-1.));
#1006 = PCURVE('',#491,#1007);
#1007 = DEFINITIONAL_REPRESENTATION('',(#1008),#1012);
#1008 = LINE('',#1009,#1010);
#1009 = CARTESIAN_POINT('',(0.,16.7));
#1010 = VECTOR('',#1011,1.);
#1011 = DIRECTION('',(-0.,-1.));
#1012 = ( GEOMETRIC_REPRESENTATION_CONTEXT(2) 
PARAMETRIC_REPRESENTATION_CONTEXT() REPRESENTATION_CONTEXT('2D SPACE',''
  ) );
#1013 = PCURVE('',#491,#1014);
#1014 = DEFINITIONAL_REPRESENTATION('',(#1015),#1019);
#1015 = LINE('',#1016,#1017);
#1016 = CARTESIAN_POINT('',(6.28318530718,16.7));
#1017 = VECTOR('',#1018,1.);
#1018 = DIRECTION('',(-0.,-1.));
#1019 = ( GEOMETRIC_REPRESENTATION_CONTEXT(2) 
PARAMETRIC_REPRESENTATION_CONTEXT() REPRESENTATION_CONTEXT('2D SPACE',''
  ) );
#1020 = ORIENTED_EDGE('',*,*,#1021,.F.);
#1021 = EDGE_CURVE('',#1022,#999,#1024,.T.);
#1022 = VERTEX_POINT('',#1023);
#1023 = CARTESIAN_POINT('',(56.,0.,203.7));
#1024 = SURFACE_CURVE('',#1025,(#1063,#1104),.PCURVE_S1.);
#1025 = B_SPLINE_CURVE_WITH_KNOTS('',6,(#1026,#1027,#1028,#1029,#1030,
    #1031,#1032,#1033,#1034,#1035,#1036,#1037,#1038,#1039,#1040,#1041,
    #1042,#1043,#1044,#1045,#1046,#1047,#1048,#1049,#1050,#1051,#1052,
    #1053,#1054,#1055,#1056,#1057,#1058,#1059,#1060,#1061,#1062),
  .UNSPECIFIED.,.F.,.F.,(7,5,5,5,5,5,5,7),(0.,0.100296693002,
    0.242966475828,0.36420677193,0.500228026122,0.691446544561,
    0.837650549327,1.),.UNSPECIFIED.);
#1026 = CARTESIAN_POINT('',(56.,3.307784318971E-15,203.7));
#1027 = CARTESIAN_POINT('',(56.,0.254241011077,203.7));
#1028 = CARTESIAN_POINT('',(55.998614921283,0.507864866108,
    203.71939164274));
#1029 = CARTESIAN_POINT('',(55.995857158353,0.757857042226,
    203.75799776992));
#1030 = CARTESIAN_POINT('',(55.991849208445,1.001265180004,
    203.81481691237));
#1031 = CARTESIAN_POINT('',(55.986814426531,1.235375658766,
    203.8880529579));
#1032 = CARTESIAN_POINT('',(55.972777122697,1.774392248878,
    204.09901998464));
#1033 = CARTESIAN_POINT('',(55.962994119574,2.067532333369,
    204.25096953041));
#1034 = CARTESIAN_POINT('',(55.952300576639,2.335925694372,
    204.4257203489));
#1035 = CARTESIAN_POINT('',(55.941292614978,2.579027283563,
    204.6186513229));
#1036 = CARTESIAN_POINT('',(55.930445818462,2.796898002897,
    204.82564780424));
#1037 = CARTESIAN_POINT('',(55.91134316994,3.154159032239,
    205.22768711799));
#1038 = CARTESIAN_POINT('',(55.902919059167,3.300866379837,
    205.42035470749));
#1039 = CARTESIAN_POINT('',(55.895045616219,3.430741191977,
    205.6193050243));
#1040 = CARTESIAN_POINT('',(55.887867492234,3.544367984099,
    205.82322921149));
#1041 = CARTESIAN_POINT('',(55.881488058394,3.642271745424,
    206.03110730659));
#1042 = CARTESIAN_POINT('',(55.869805725949,3.81751641205,
    206.47885397155));
#1043 = CARTESIAN_POINT('',(55.864729100777,3.890894852166,
    206.71953124063));
#1044 = CARTESIAN_POINT('',(55.860859554406,3.945542934082,
    206.96291768513));
#1045 = CARTESIAN_POINT('',(55.858260487417,3.981844975493,
    207.20802553021));
#1046 = CARTESIAN_POINT('',(55.856960175076,4.,207.45399867189));
#1047 = CARTESIAN_POINT('',(55.856960175076,4.,208.0458283764));
#1048 = CARTESIAN_POINT('',(55.859529629383,3.964120205607,
    208.39150238317));
#1049 = CARTESIAN_POINT('',(55.86466362559,3.892424436191,
    208.73479215214));
#1050 = CARTESIAN_POINT('',(55.872248474181,3.784091265319,
    209.07336656418));
#1051 = CARTESIAN_POINT('',(55.882043813426,3.637603067507,
    209.40414750479));
#1052 = CARTESIAN_POINT('',(55.90238065437,3.308214719134,
    209.96613803325));
#1053 = CARTESIAN_POINT('',(55.912211555263,3.141878138639,
    210.20266950602));
#1054 = CARTESIAN_POINT('',(55.92284540676,2.951013117468,
    210.43007323167));
#1055 = CARTESIAN_POINT('',(55.933979898074,2.734624114368,
    210.64561476504));
#1056 = CARTESIAN_POINT('',(55.945182257146,2.491860777242,
    210.84575095545));
#1057 = CARTESIAN_POINT('',(55.96777722502,1.922931130786,
    211.22589759169));
#1058 = CARTESIAN_POINT('',(55.979213021388,1.586495629382,
    211.40392998616));
#1059 = CARTESIAN_POINT('',(55.989127606308,1.217568000417,
    211.54783178844));
#1060 = CARTESIAN_POINT('',(55.996321499813,0.823667392448,
    211.64848909862));
#1061 = CARTESIAN_POINT('',(56.,0.414371149016,211.7));
#1062 = CARTESIAN_POINT('',(56.,4.042572398459E-15,211.7));
#1063 = PCURVE('',#491,#1064);
#1064 = DEFINITIONAL_REPRESENTATION('',(#1065),#1103);
#1065 = B_SPLINE_CURVE_WITH_KNOTS('',6,(#1066,#1067,#1068,#1069,#1070,
    #1071,#1072,#1073,#1074,#1075,#1076,#1077,#1078,#1079,#1080,#1081,
    #1082,#1083,#1084,#1085,#1086,#1087,#1088,#1089,#1090,#1091,#1092,
    #1093,#1094,#1095,#1096,#1097,#1098,#1099,#1100,#1101,#1102),
  .UNSPECIFIED.,.F.,.F.,(7,5,5,5,5,5,5,7),(0.,0.100296693002,
    0.242966475828,0.36420677193,0.500228026122,0.691446544561,
    0.837650549327,1.),.UNSPECIFIED.);
#1066 = CARTESIAN_POINT('',(0.,-21.5));
#1067 = CARTESIAN_POINT('',(4.54001805494E-03,-21.5));
#1068 = CARTESIAN_POINT('',(9.069015559917E-03,-21.48060835725));
#1069 = CARTESIAN_POINT('',(1.353332952333E-02,-21.44200223007));
#1070 = CARTESIAN_POINT('',(1.788040604418E-02,-21.38518308762));
#1071 = CARTESIAN_POINT('',(2.20618740817E-02,-21.31194704209));
#1072 = CARTESIAN_POINT('',(3.169043375866E-02,-21.10098001535));
#1073 = CARTESIAN_POINT('',(3.692785165868E-02,-20.94903046958));
#1074 = CARTESIAN_POINT('',(4.172426375362E-02,-20.77427965109));
#1075 = CARTESIAN_POINT('',(4.606974215327E-02,-20.58134867709));
#1076 = CARTESIAN_POINT('',(4.996508272092E-02,-20.37435219576));
#1077 = CARTESIAN_POINT('',(5.635385721205E-02,-19.972312882));
#1078 = CARTESIAN_POINT('',(5.897792671862E-02,-19.7796452925));
#1079 = CARTESIAN_POINT('',(6.13013628867E-02,-19.58069497569));
#1080 = CARTESIAN_POINT('',(6.333445205284E-02,-19.3767707885));
#1081 = CARTESIAN_POINT('',(6.508643870839E-02,-19.1688926934));
#1082 = CARTESIAN_POINT('',(6.822275343247E-02,-18.72114602844));
#1083 = CARTESIAN_POINT('',(6.953621111212E-02,-18.48046875936));
#1084 = CARTESIAN_POINT('',(7.051451188655E-02,-18.23708231487));
#1085 = CARTESIAN_POINT('',(7.116442289709E-02,-17.99197446978));
#1086 = CARTESIAN_POINT('',(7.148944988552E-02,-17.7460013281));
#1087 = CARTESIAN_POINT('',(7.148944988552E-02,-17.15417162359));
#1088 = CARTESIAN_POINT('',(7.08470982488E-02,-16.80849761682));
#1089 = CARTESIAN_POINT('',(6.95635393766E-02,-16.46520784785));
#1090 = CARTESIAN_POINT('',(6.762428286383E-02,-16.12663343582));
#1091 = CARTESIAN_POINT('',(6.500261446893E-02,-15.7958524952));
#1092 = CARTESIAN_POINT('',(5.910947943371E-02,-15.23386196674));
#1093 = CARTESIAN_POINT('',(5.613401042041E-02,-14.99733049398));
#1094 = CARTESIAN_POINT('',(5.272045227883E-02,-14.76992676832));
#1095 = CARTESIAN_POINT('',(4.885131494816E-02,-14.55438523495));
#1096 = CARTESIAN_POINT('',(4.451173173846E-02,-14.35424904454));
#1097 = CARTESIAN_POINT('',(3.434426481351E-02,-13.9741024083));
#1098 = CARTESIAN_POINT('',(2.833311600818E-02,-13.79607001383));
#1099 = CARTESIAN_POINT('',(2.174301253878E-02,-13.65216821155));
#1100 = CARTESIAN_POINT('',(1.470834673951E-02,-13.55151090137));
#1101 = CARTESIAN_POINT('',(7.399484803862E-03,-13.5));
#1102 = CARTESIAN_POINT('',(0.,-13.5));
#1103 = ( GEOMETRIC_REPRESENTATION_CONTEXT(2) 
PARAMETRIC_REPRESENTATION_CONTEXT() REPRESENTATION_CONTEXT('2D SPACE',''
  ) );
#1104 = PCURVE('',#1105,#1110);
#1105 = CYLINDRICAL_SURFACE('',#1106,4.);
#1106 = AXIS2_PLACEMENT_3D('',#1107,#1108,#1109);
#1107 = CARTESIAN_POINT('',(45.3,0.,207.7));
#1108 = DIRECTION('',(1.,0.,0.));
#1109 = DIRECTION('',(-0.,0.,1.));
#1110 = DEFINITIONAL_REPRESENTATION('',(#1111),#1149);
#1111 = B_SPLINE_CURVE_WITH_KNOTS('',6,(#1112,#1113,#1114,#1115,#1116,
    #1117,#1118,#1119,#1120,#1121,#1122,#1123,#1124,#1125,#1126,#1127,
    #1128,#1129,#1130,#1131,#1132,#1133,#1134,#1135,#1136,#1137,#1138,
    #1139,#1140,#1141,#1142,#1143,#1144,#1145,#1146,#1147,#1148),
  .UNSPECIFIED.,.F.,.F.,(7,5,5,5,5,5,5,7),(0.,0.100296693002,
    0.242966475828,0.36420677193,0.500228026122,0.691446544561,
    0.837650549327,1.),.UNSPECIFIED.);
#1112 = CARTESIAN_POINT('',(3.14159265359,10.7));
#1113 = CARTESIAN_POINT('',(3.205152906359,10.7));
#1114 = CARTESIAN_POINT('',(3.268558863856,10.698614921283));
#1115 = CARTESIAN_POINT('',(3.331519146731,10.695857158353));
#1116 = CARTESIAN_POINT('',(3.393746406276,10.691849208445));
#1117 = CARTESIAN_POINT('',(3.454921286087,10.686814426531));
#1118 = CARTESIAN_POINT('',(3.599629175209,10.672777122697));
#1119 = CARTESIAN_POINT('',(3.681718698216,10.662994119574));
#1120 = CARTESIAN_POINT('',(3.761228163042,10.652300576639));
#1121 = CARTESIAN_POINT('',(3.838343363787,10.641292614978));
#1122 = CARTESIAN_POINT('',(3.913206708329,10.630445818462));
#1123 = CARTESIAN_POINT('',(4.047666519446,10.61134316994));
#1124 = CARTESIAN_POINT('',(4.108034681145,10.602919059167));
#1125 = CARTESIAN_POINT('',(4.167204618659,10.595045616219));
#1126 = CARTESIAN_POINT('',(4.225360270801,10.587867492234));
#1127 = CARTESIAN_POINT('',(4.282675553556,10.581488058394));
#1128 = CARTESIAN_POINT('',(4.402880526718,10.569805725949));
#1129 = CARTESIAN_POINT('',(4.465597338779,10.564729100777));
#1130 = CARTESIAN_POINT('',(4.52769955294,10.560859554406));
#1131 = CARTESIAN_POINT('',(4.589395479628,10.558260487417));
#1132 = CARTESIAN_POINT('',(4.650888648359,10.556960175076));
#1133 = CARTESIAN_POINT('',(4.798846074486,10.556960175076));
#1134 = CARTESIAN_POINT('',(4.885264972031,10.559529629383));
#1135 = CARTESIAN_POINT('',(4.972248818119,10.56466362559));
#1136 = CARTESIAN_POINT('',(5.060381604764,10.572248474181));
#1137 = CARTESIAN_POINT('',(5.150244200342,10.582043813426));
#1138 = CARTESIAN_POINT('',(5.31309575048,10.60238065437));
#1139 = CARTESIAN_POINT('',(5.385139205282,10.612211555263));
#1140 = CARTESIAN_POINT('',(5.458946201278,10.62284540676));
#1141 = CARTESIAN_POINT('',(5.534821295063,10.633979898074));
#1142 = CARTESIAN_POINT('',(5.613081453877,10.645182257146));
#1143 = CARTESIAN_POINT('',(5.784142920838,10.66777722502));
#1144 = CARTESIAN_POINT('',(5.878804241816,10.679213021388));
#1145 = CARTESIAN_POINT('',(5.976791607889,10.689127606308));
#1146 = CARTESIAN_POINT('',(6.077268590728,10.696321499813));
#1147 = CARTESIAN_POINT('',(6.179592519926,10.7));
#1148 = CARTESIAN_POINT('',(6.28318530718,10.7));
#1149 = ( GEOMETRIC_REPRESENTATION_CONTEXT(2) 
PARAMETRIC_REPRESENTATION_CONTEXT() REPRESENTATION_CONTEXT('2D SPACE',''
  ) );
#1150 = ORIENTED_EDGE('',*,*,#1151,.F.);
#1151 = EDGE_CURVE('',#475,#1022,#1152,.T.);
#1152 = SEAM_CURVE('',#1153,(#1157,#1164),.PCURVE_S1.);
#1153 = LINE('',#1154,#1155);
#1154 = CARTESIAN_POINT('',(56.,0.,192.));
#1155 = VECTOR('',#1156,1.);
#1156 = DIRECTION('',(0.,0.,1.));
#1157 = PCURVE('',#491,#1158);
#1158 = DEFINITIONAL_REPRESENTATION('',(#1159),#1163);
#1159 = LINE('',#1160,#1161);
#1160 = CARTESIAN_POINT('',(0.,-33.2));
#1161 = VECTOR('',#1162,1.);
#1162 = DIRECTION('',(0.,1.));
#1163 = ( GEOMETRIC_REPRESENTATION_CONTEXT(2) 
PARAMETRIC_REPRESENTATION_CONTEXT() REPRESENTATION_CONTEXT('2D SPACE',''
  ) );
#1164 = PCURVE('',#491,#1165);
#1165 = DEFINITIONAL_REPRESENTATION('',(#1166),#1170);
#1166 = LINE('',#1167,#1168);
#1167 = CARTESIAN_POINT('',(6.28318530718,-33.2));
#1168 = VECTOR('',#1169,1.);
#1169 = DIRECTION('',(0.,1.));
#1170 = ( GEOMETRIC_REPRESENTATION_CONTEXT(2) 
PARAMETRIC_REPRESENTATION_CONTEXT() REPRESENTATION_CONTEXT('2D SPACE',''
  ) );
#1171 = ORIENTED_EDGE('',*,*,#474,.T.);
#1172 = ORIENTED_EDGE('',*,*,#1151,.T.);
#1173 = ORIENTED_EDGE('',*,*,#1174,.F.);
#1174 = EDGE_CURVE('',#999,#1022,#1175,.T.);
#1175 = SURFACE_CURVE('',#1176,(#1214,#1255),.PCURVE_S1.);
#1176 = B_SPLINE_CURVE_WITH_KNOTS('',6,(#1177,#1178,#1179,#1180,#1181,
    #1182,#1183,#1184,#1185,#1186,#1187,#1188,#1189,#1190,#1191,#1192,
    #1193,#1194,#1195,#1196,#1197,#1198,#1199,#1200,#1201,#1202,#1203,
    #1204,#1205,#1206,#1207,#1208,#1209,#1210,#1211,#1212,#1213),
  .UNSPECIFIED.,.F.,.F.,(7,5,5,5,5,5,5,7),(0.,0.100296691248,
    0.242966471565,0.364206773883,0.500228035414,0.691446550778,
    0.837650553192,1.),.UNSPECIFIED.);
#1177 = CARTESIAN_POINT('',(56.,-2.6645352591E-15,211.7));
#1178 = CARTESIAN_POINT('',(56.,-0.254241011103,211.7));
#1179 = CARTESIAN_POINT('',(55.998614921283,-0.507864866087,
    211.68060835725));
#1180 = CARTESIAN_POINT('',(55.995857158353,-0.757857042212,
    211.64200223007));
#1181 = CARTESIAN_POINT('',(55.991849208445,-1.001265180013,
    211.58518308762));
#1182 = CARTESIAN_POINT('',(55.986814426531,-1.235375658772,
    211.51194704209));
#1183 = CARTESIAN_POINT('',(55.972777122698,-1.774392248839,
    211.30098001537));
#1184 = CARTESIAN_POINT('',(55.962994119572,-2.067532333436,
    211.14903046956));
#1185 = CARTESIAN_POINT('',(55.952300576639,-2.335925694351,
    210.97427965107));
#1186 = CARTESIAN_POINT('',(55.94129261498,-2.579027283531,
    210.78134867714));
#1187 = CARTESIAN_POINT('',(55.930445818461,-2.796898002921,
    210.57435219573));
#1188 = CARTESIAN_POINT('',(55.911343169337,-3.154159043521,
    210.17231286931));
#1189 = CARTESIAN_POINT('',(55.902919059984,-3.30086636564,
    209.97964531407));
#1190 = CARTESIAN_POINT('',(55.895045616327,-3.430741189333,
    209.78069497495));
#1191 = CARTESIAN_POINT('',(55.887867491468,-3.544367997045,
    209.5767707666));
#1192 = CARTESIAN_POINT('',(55.881488058767,-3.642271739828,
    209.3688927077));
#1193 = CARTESIAN_POINT('',(55.869805725514,-3.817516418577,
    208.92114601176));
#1194 = CARTESIAN_POINT('',(55.864729101178,-3.890894846208,
    208.68046878658));
#1195 = CARTESIAN_POINT('',(55.860859554608,-3.945542931051,
    208.43708231461));
#1196 = CARTESIAN_POINT('',(55.858260487112,-3.981844980022,
    208.19197444244));
#1197 = CARTESIAN_POINT('',(55.856960175076,-4.,207.94600134533));
#1198 = CARTESIAN_POINT('',(55.856960175076,-4.,207.35417162359));
#1199 = CARTESIAN_POINT('',(55.859529629383,-3.964120205607,
    207.00849761682));
#1200 = CARTESIAN_POINT('',(55.86466362559,-3.892424436191,
    206.66520784785));
#1201 = CARTESIAN_POINT('',(55.872248474181,-3.784091265319,
    206.32663343582));
#1202 = CARTESIAN_POINT('',(55.882043813426,-3.637603067507,
    205.9958524952));
#1203 = CARTESIAN_POINT('',(55.90238065437,-3.308214719134,
    205.43386196674));
#1204 = CARTESIAN_POINT('',(55.912211555263,-3.141878138639,
    205.19733049398));
#1205 = CARTESIAN_POINT('',(55.92284540676,-2.951013117468,
    204.96992676832));
#1206 = CARTESIAN_POINT('',(55.933979898074,-2.734624114368,
    204.75438523495));
#1207 = CARTESIAN_POINT('',(55.945182257146,-2.491860777242,
    204.55424904454));
#1208 = CARTESIAN_POINT('',(55.967777224929,-1.922931133097,
    204.17410240984));
#1209 = CARTESIAN_POINT('',(55.979213021634,-1.586495619907,
    203.9960700098));
#1210 = CARTESIAN_POINT('',(55.989127606047,-1.217568015445,
    203.85216821576));
#1211 = CARTESIAN_POINT('',(55.996321499919,-0.823667381319,
    203.75151089968));
#1212 = CARTESIAN_POINT('',(56.,-0.414371152399,203.7));
#1213 = CARTESIAN_POINT('',(56.,-3.552713678801E-15,203.7));
#1214 = PCURVE('',#491,#1215);
#1215 = DEFINITIONAL_REPRESENTATION('',(#1216),#1254);
#1216 = B_SPLINE_CURVE_WITH_KNOTS('',6,(#1217,#1218,#1219,#1220,#1221,
    #1222,#1223,#1224,#1225,#1226,#1227,#1228,#1229,#1230,#1231,#1232,
    #1233,#1234,#1235,#1236,#1237,#1238,#1239,#1240,#1241,#1242,#1243,
    #1244,#1245,#1246,#1247,#1248,#1249,#1250,#1251,#1252,#1253),
  .UNSPECIFIED.,.F.,.F.,(7,5,5,5,5,5,5,7),(0.,0.100296691248,
    0.242966471565,0.364206773883,0.500228035414,0.691446550778,
    0.837650553192,1.),.UNSPECIFIED.);
#1217 = CARTESIAN_POINT('',(6.28318530718,-13.5));
#1218 = CARTESIAN_POINT('',(6.278645289124,-13.5));
#1219 = CARTESIAN_POINT('',(6.27411629162,-13.51939164274));
#1220 = CARTESIAN_POINT('',(6.269651977657,-13.55799776992));
#1221 = CARTESIAN_POINT('',(6.265304901135,-13.61481691237));
#1222 = CARTESIAN_POINT('',(6.261123433098,-13.6880529579));
#1223 = CARTESIAN_POINT('',(6.251494873422,-13.89901998462));
#1224 = CARTESIAN_POINT('',(6.24625745552,-14.05096953043));
#1225 = CARTESIAN_POINT('',(6.241461043426,-14.22572034892));
#1226 = CARTESIAN_POINT('',(6.237115565027,-14.41865132285));
#1227 = CARTESIAN_POINT('',(6.233220224458,-14.62564780426));
#1228 = CARTESIAN_POINT('',(6.226831449766,-15.02768713068));
#1229 = CARTESIAN_POINT('',(6.224207380715,-15.22035468592));
#1230 = CARTESIAN_POINT('',(6.22188394434,-15.41930502504));
#1231 = CARTESIAN_POINT('',(6.219850854895,-15.6232292334));
#1232 = CARTESIAN_POINT('',(6.218098868571,-15.83110729229));
#1233 = CARTESIAN_POINT('',(6.21496255363,-16.27885398823));
#1234 = CARTESIAN_POINT('',(6.213649096174,-16.51953121341));
#1235 = CARTESIAN_POINT('',(6.212670795347,-16.76291768538));
#1236 = CARTESIAN_POINT('',(6.212020884201,-17.00802555755));
#1237 = CARTESIAN_POINT('',(6.211695857294,-17.25399865466));
#1238 = CARTESIAN_POINT('',(6.211695857294,-17.8458283764));
#1239 = CARTESIAN_POINT('',(6.212338208931,-18.19150238317));
#1240 = CARTESIAN_POINT('',(6.213621767803,-18.53479215214));
#1241 = CARTESIAN_POINT('',(6.215561024316,-18.87336656417));
#1242 = CARTESIAN_POINT('',(6.218182692711,-19.20414750479));
#1243 = CARTESIAN_POINT('',(6.224075827746,-19.76613803325));
#1244 = CARTESIAN_POINT('',(6.227051296759,-20.00266950602));
#1245 = CARTESIAN_POINT('',(6.230464854901,-20.23007323167));
#1246 = CARTESIAN_POINT('',(6.234333992231,-20.44561476504));
#1247 = CARTESIAN_POINT('',(6.238673575441,-20.64575095545));
#1248 = CARTESIAN_POINT('',(6.248841042325,-21.02589759015));
#1249 = CARTESIAN_POINT('',(6.254852191341,-21.20392999019));
#1250 = CARTESIAN_POINT('',(6.261442294372,-21.34783178424));
#1251 = CARTESIAN_POINT('',(6.268476960639,-21.44848910032));
#1252 = CARTESIAN_POINT('',(6.275785822315,-21.5));
#1253 = CARTESIAN_POINT('',(6.28318530718,-21.5));
#1254 = ( GEOMETRIC_REPRESENTATION_CONTEXT(2) 
PARAMETRIC_REPRESENTATION_CONTEXT() REPRESENTATION_CONTEXT('2D SPACE',''
  ) );
#1255 = PCURVE('',#1105,#1256);
#1256 = DEFINITIONAL_REPRESENTATION('',(#1257),#1295);
#1257 = B_SPLINE_CURVE_WITH_KNOTS('',6,(#1258,#1259,#1260,#1261,#1262,
    #1263,#1264,#1265,#1266,#1267,#1268,#1269,#1270,#1271,#1272,#1273,
    #1274,#1275,#1276,#1277,#1278,#1279,#1280,#1281,#1282,#1283,#1284,
    #1285,#1286,#1287,#1288,#1289,#1290,#1291,#1292,#1293,#1294),
  .UNSPECIFIED.,.F.,.F.,(7,5,5,5,5,5,5,7),(0.,0.100296691248,
    0.242966471565,0.364206773883,0.500228035414,0.691446550778,
    0.837650553192,1.),.UNSPECIFIED.);
#1258 = CARTESIAN_POINT('',(-1.7763568394E-15,10.7));
#1259 = CARTESIAN_POINT('',(6.35602527757E-02,10.7));
#1260 = CARTESIAN_POINT('',(0.126966210261,10.698614921283));
#1261 = CARTESIAN_POINT('',(0.189926493138,10.695857158353));
#1262 = CARTESIAN_POINT('',(0.252153752689,10.691849208445));
#1263 = CARTESIAN_POINT('',(0.313328632499,10.686814426531));
#1264 = CARTESIAN_POINT('',(0.458036521609,10.672777122698));
#1265 = CARTESIAN_POINT('',(0.540126044643,10.662994119572));
#1266 = CARTESIAN_POINT('',(0.619635509451,10.652300576639));
#1267 = CARTESIAN_POINT('',(0.696750710183,10.64129261498));
#1268 = CARTESIAN_POINT('',(0.771614054748,10.630445818461));
#1269 = CARTESIAN_POINT('',(0.906073870102,10.611343169337));
#1270 = CARTESIAN_POINT('',(0.966442021018,10.602919059984));
#1271 = CARTESIAN_POINT('',(1.025611964879,10.595045616327));
#1272 = CARTESIAN_POINT('',(1.083767623656,10.587867491468));
#1273 = CARTESIAN_POINT('',(1.141082896127,10.581488058767));
#1274 = CARTESIAN_POINT('',(1.261287877606,10.569805725514));
#1275 = CARTESIAN_POINT('',(1.324004678123,10.564729101178));
#1276 = CARTESIAN_POINT('',(1.38610689927,10.560859554608));
#1277 = CARTESIAN_POINT('',(1.447802833066,10.558260487112));
#1278 = CARTESIAN_POINT('',(1.509295990462,10.556960175076));
#1279 = CARTESIAN_POINT('',(1.657253420897,10.556960175076));
#1280 = CARTESIAN_POINT('',(1.743672318442,10.559529629383));
#1281 = CARTESIAN_POINT('',(1.83065616453,10.56466362559));
#1282 = CARTESIAN_POINT('',(1.918788951174,10.572248474181));
#1283 = CARTESIAN_POINT('',(2.008651546753,10.582043813426));
#1284 = CARTESIAN_POINT('',(2.171503096891,10.60238065437));
#1285 = CARTESIAN_POINT('',(2.243546551692,10.612211555263));
#1286 = CARTESIAN_POINT('',(2.317353547688,10.62284540676));
#1287 = CARTESIAN_POINT('',(2.393228641473,10.633979898074));
#1288 = CARTESIAN_POINT('',(2.471488800287,10.645182257146));
#1289 = CARTESIAN_POINT('',(2.642550266553,10.667777224929));
#1290 = CARTESIAN_POINT('',(2.737211590876,10.679213021634));
#1291 = CARTESIAN_POINT('',(2.835198950271,10.689127606047));
#1292 = CARTESIAN_POINT('',(2.935675940023,10.696321499919));
#1293 = CARTESIAN_POINT('',(3.03799986549,10.7));
#1294 = CARTESIAN_POINT('',(3.14159265359,10.7));
#1295 = ( GEOMETRIC_REPRESENTATION_CONTEXT(2) 
PARAMETRIC_REPRESENTATION_CONTEXT() REPRESENTATION_CONTEXT('2D SPACE',''
  ) );
#1296 = ORIENTED_EDGE('',*,*,#998,.F.);
#1297 = ORIENTED_EDGE('',*,*,#1298,.F.);
#1298 = EDGE_CURVE('',#1299,#970,#1301,.T.);
#1299 = VERTEX_POINT('',#1300);
#1300 = CARTESIAN_POINT('',(55.286074209419,-8.913472922769,241.9));
#1301 = SURFACE_CURVE('',#1302,(#1307,#1314),.PCURVE_S1.);
#1302 = CIRCLE('',#1303,56.);
#1303 = AXIS2_PLACEMENT_3D('',#1304,#1305,#1306);
#1304 = CARTESIAN_POINT('',(0.,0.,241.9));
#1305 = DIRECTION('',(0.,0.,1.));
#1306 = DIRECTION('',(1.,0.,-0.));
#1307 = PCURVE('',#491,#1308);
#1308 = DEFINITIONAL_REPRESENTATION('',(#1309),#1313);
#1309 = LINE('',#1310,#1311);
#1310 = CARTESIAN_POINT('',(0.,16.7));
#1311 = VECTOR('',#1312,1.);
#1312 = DIRECTION('',(1.,0.));
#1313 = ( GEOMETRIC_REPRESENTATION_CONTEXT(2) 
PARAMETRIC_REPRESENTATION_CONTEXT() REPRESENTATION_CONTEXT('2D SPACE',''
  ) );
#1314 = PCURVE('',#986,#1315);
#1315 = DEFINITIONAL_REPRESENTATION('',(#1316),#1320);
#1316 = CIRCLE('',#1317,56.);
#1317 = AXIS2_PLACEMENT_2D('',#1318,#1319);
#1318 = CARTESIAN_POINT('',(80.,27.1));
#1319 = DIRECTION('',(1.,0.));
#1320 = ( GEOMETRIC_REPRESENTATION_CONTEXT(2) 
PARAMETRIC_REPRESENTATION_CONTEXT() REPRESENTATION_CONTEXT('2D SPACE',''
  ) );
#1321 = ORIENTED_EDGE('',*,*,#1322,.T.);
#1322 = EDGE_CURVE('',#1299,#1323,#1325,.T.);
#1323 = VERTEX_POINT('',#1324);
#1324 = CARTESIAN_POINT('',(44.43410846916,-34.08240021156,225.7));
#1325 = SURFACE_CURVE('',#1326,(#1353,#1404),.PCURVE_S1.);
#1326 = B_SPLINE_CURVE_WITH_KNOTS('',7,(#1327,#1328,#1329,#1330,#1331,
    #1332,#1333,#1334,#1335,#1336,#1337,#1338,#1339,#1340,#1341,#1342,
    #1343,#1344,#1345,#1346,#1347,#1348,#1349,#1350,#1351,#1352),
  .UNSPECIFIED.,.F.,.F.,(8,6,6,6,8),(4.157059161284E-02,
    8.052191271451E-02,0.381107793726,0.632895402066,0.799625824058),
  .UNSPECIFIED.);
#1327 = CARTESIAN_POINT('',(55.286074209419,-8.913472922769,241.9));
#1328 = CARTESIAN_POINT('',(55.25135201107,-9.128838390192,
    241.82412433495));
#1329 = CARTESIAN_POINT('',(55.215748304027,-9.343442746449,
    241.74664345825));
#1330 = CARTESIAN_POINT('',(55.179278962101,-9.557250341389,
    241.6676173612));
#1331 = CARTESIAN_POINT('',(55.141961085492,-9.770223422329,
    241.58710813787));
#1332 = CARTESIAN_POINT('',(55.103813108567,-9.982322067169,
    241.50517997259));
#1333 = CARTESIAN_POINT('',(55.064854911382,-10.19350412218,
    241.42189912571));
#1334 = CARTESIAN_POINT('',(54.718382000897,-12.02599287315,
    240.68474738602));
#1335 = CARTESIAN_POINT('',(54.361229226096,-13.60929523543,
    239.94832809411));
#1336 = CARTESIAN_POINT('',(53.956770965156,-15.15638991211,
    239.14611432783));
#1337 = CARTESIAN_POINT('',(53.507418474908,-16.66900434432,
    238.29351581418));
#1338 = CARTESIAN_POINT('',(53.015022369538,-18.14941076233,
    237.40225203809));
#1339 = CARTESIAN_POINT('',(52.480127148379,-19.60136319949,
    236.48010449123));
#1340 = CARTESIAN_POINT('',(51.416097709798,-22.22730056331,
    234.7362977288));
#1341 = CARTESIAN_POINT('',(50.900449321643,-23.40734538014,
    233.92315881719));
#1342 = CARTESIAN_POINT('',(50.354426096429,-24.57090221016,
    233.09607912621));
#1343 = CARTESIAN_POINT('',(49.777971739324,-25.71868338265,
    232.25832276879));
#1344 = CARTESIAN_POINT('',(49.170657270382,-26.85159229809,
    231.41229386021));
#1345 = CARTESIAN_POINT('',(48.531623186075,-27.97064659512,
    230.55973362646));
#1346 = CARTESIAN_POINT('',(47.41446485915,-29.80944855402,
    229.13388303478));
#1347 = CARTESIAN_POINT('',(46.955095961799,-30.53607422348,
    228.56378369668));
#1348 = CARTESIAN_POINT('',(46.481182277368,-31.25686796041,
    227.99216600174));
#1349 = CARTESIAN_POINT('',(45.992452122358,-31.97189054269,
    227.41952583083));
#1350 = CARTESIAN_POINT('',(45.488597064591,-32.6811688401,
    226.84632415979));
#1351 = CARTESIAN_POINT('',(44.969274206622,-33.38469076313,
    226.27300277683));
#1352 = CARTESIAN_POINT('',(44.43410846916,-34.08240021156,225.7));
#1353 = PCURVE('',#491,#1354);
#1354 = DEFINITIONAL_REPRESENTATION('',(#1355),#1403);
#1355 = B_SPLINE_CURVE_WITH_KNOTS('',3,(#1356,#1357,#1358,#1359,#1360,
    #1361,#1362,#1363,#1364,#1365,#1366,#1367,#1368,#1369,#1370,#1371,
    #1372,#1373,#1374,#1375,#1376,#1377,#1378,#1379,#1380,#1381,#1382,
    #1383,#1384,#1385,#1386,#1387,#1388,#1389,#1390,#1391,#1392,#1393,
    #1394,#1395,#1396,#1397,#1398,#1399,#1400,#1401,#1402),
  .UNSPECIFIED.,.F.,.F.,(4,1,1,1,1,1,1,1,1,1,1,1,1,1,1,1,1,1,1,1,1,1,1,1
    ,1,1,1,1,1,1,1,1,1,1,1,1,1,1,1,1,1,1,1,1,4),(4.157059161284E-02,
    5.879911962295E-02,7.602764763306E-02,9.325617564317E-02,
    0.110484703653,0.127713231663,0.144941759673,0.162170287684,
    0.179398815694,0.196627343704,0.213855871714,0.231084399724,
    0.248312927734,0.265541455744,0.282769983754,0.299998511764,
    0.317227039775,0.334455567785,0.351684095795,0.368912623805,
    0.386141151815,0.403369679825,0.420598207835,0.437826735845,
    0.455055263855,0.472283791866,0.489512319876,0.506740847886,
    0.523969375896,0.541197903906,0.558426431916,0.575654959926,
    0.592883487936,0.610112015946,0.627340543957,0.644569071967,
    0.661797599977,0.679026127987,0.696254655997,0.713483184007,
    0.730711712017,0.747940240027,0.765168768037,0.782397296047,
    0.799625824058),.QUASI_UNIFORM_KNOTS.);
#1356 = CARTESIAN_POINT('',(6.123336281016,16.7));
#1357 = CARTESIAN_POINT('',(6.119314542222,16.621662886895));
#1358 = CARTESIAN_POINT('',(6.111305546041,16.460687753451));
#1359 = CARTESIAN_POINT('',(6.099390123734,16.20709535357));
#1360 = CARTESIAN_POINT('',(6.087584831981,15.942563192494));
#1361 = CARTESIAN_POINT('',(6.075840721408,15.666822000909));
#1362 = CARTESIAN_POINT('',(6.064164707451,15.380763137662));
#1363 = CARTESIAN_POINT('',(6.0525513296,15.084986747135));
#1364 = CARTESIAN_POINT('',(6.040998556182,14.780136078325));
#1365 = CARTESIAN_POINT('',(6.029503496559,14.466806345403));
#1366 = CARTESIAN_POINT('',(6.018063499271,14.145567759869));
#1367 = CARTESIAN_POINT('',(6.006675809067,13.816958136702));
#1368 = CARTESIAN_POINT('',(5.995337612085,13.481483815838));
#1369 = CARTESIAN_POINT('',(5.984045978889,13.139618512286));
#1370 = CARTESIAN_POINT('',(5.972797836912,12.791802881412));
#1371 = CARTESIAN_POINT('',(5.961589936181,12.438444020974));
#1372 = CARTESIAN_POINT('',(5.950418820977,12.079915218155));
#1373 = CARTESIAN_POINT('',(5.939280792821,11.716555468025));
#1374 = CARTESIAN_POINT('',(5.928171910357,11.348670330571));
#1375 = CARTESIAN_POINT('',(5.917087858404,10.97652831234));
#1376 = CARTESIAN_POINT('',(5.906024311401,10.60037444246));
#1377 = CARTESIAN_POINT('',(5.89497545807,10.220380158947));
#1378 = CARTESIAN_POINT('',(5.88394026118,9.83686128427));
#1379 = CARTESIAN_POINT('',(5.872917609301,9.450117685741));
#1380 = CARTESIAN_POINT('',(5.861905393716,9.060399829681));
#1381 = CARTESIAN_POINT('',(5.850901636833,8.667948704482));
#1382 = CARTESIAN_POINT('',(5.839904190953,8.272986067931));
#1383 = CARTESIAN_POINT('',(5.82891081989,7.875718005057));
#1384 = CARTESIAN_POINT('',(5.817919177781,7.476334919599));
#1385 = CARTESIAN_POINT('',(5.806926815186,7.075012480487));
#1386 = CARTESIAN_POINT('',(5.795931177703,6.67191231464));
#1387 = CARTESIAN_POINT('',(5.784929606122,6.26718275948));
#1388 = CARTESIAN_POINT('',(5.773919336731,5.86095963027));
#1389 = CARTESIAN_POINT('',(5.762897498271,5.45336686844));
#1390 = CARTESIAN_POINT('',(5.751861120962,5.044517651128));
#1391 = CARTESIAN_POINT('',(5.740807099365,4.634513774901));
#1392 = CARTESIAN_POINT('',(5.729732326568,4.223451481502));
#1393 = CARTESIAN_POINT('',(5.718637526072,3.811564248459));
#1394 = CARTESIAN_POINT('',(5.707519972177,3.398953050889));
#1395 = CARTESIAN_POINT('',(5.696377623739,2.985740465756));
#1396 = CARTESIAN_POINT('',(5.685208248993,2.572038594446));
#1397 = CARTESIAN_POINT('',(5.674009660357,2.157958247473));
#1398 = CARTESIAN_POINT('',(5.66277965182,1.743607082698));
#1399 = CARTESIAN_POINT('',(5.651516015769,1.329090667376));
#1400 = CARTESIAN_POINT('',(5.640216539201,0.914512891386));
#1401 = CARTESIAN_POINT('',(5.632658181515,0.638154998383));
#1402 = CARTESIAN_POINT('',(5.628872289744,0.5));
#1403 = ( GEOMETRIC_REPRESENTATION_CONTEXT(2) 
PARAMETRIC_REPRESENTATION_CONTEXT() REPRESENTATION_CONTEXT('2D SPACE',''
  ) );
#1404 = PCURVE('',#1405,#1410);
#1405 = CYLINDRICAL_SURFACE('',#1406,60.8);
#1406 = AXIS2_PLACEMENT_3D('',#1407,#1408,#1409);
#1407 = CARTESIAN_POINT('',(0.,-70.,267.2));
#1408 = DIRECTION('',(0.,1.,0.));
#1409 = DIRECTION('',(0.,-0.,1.));
#1410 = DEFINITIONAL_REPRESENTATION('',(#1411),#1459);
#1411 = B_SPLINE_CURVE_WITH_KNOTS('',3,(#1412,#1413,#1414,#1415,#1416,
    #1417,#1418,#1419,#1420,#1421,#1422,#1423,#1424,#1425,#1426,#1427,
    #1428,#1429,#1430,#1431,#1432,#1433,#1434,#1435,#1436,#1437,#1438,
    #1439,#1440,#1441,#1442,#1443,#1444,#1445,#1446,#1447,#1448,#1449,
    #1450,#1451,#1452,#1453,#1454,#1455,#1456,#1457,#1458),
  .UNSPECIFIED.,.F.,.F.,(4,1,1,1,1,1,1,1,1,1,1,1,1,1,1,1,1,1,1,1,1,1,1,1
    ,1,1,1,1,1,1,1,1,1,1,1,1,1,1,1,1,1,1,1,1,4),(4.157059161284E-02,
    5.879911962295E-02,7.602764763306E-02,9.325617564317E-02,
    0.110484703653,0.127713231663,0.144941759673,0.162170287684,
    0.179398815694,0.196627343704,0.213855871714,0.231084399724,
    0.248312927734,0.265541455744,0.282769983754,0.299998511764,
    0.317227039775,0.334455567785,0.351684095795,0.368912623805,
    0.386141151815,0.403369679825,0.420598207835,0.437826735845,
    0.455055263855,0.472283791866,0.489512319876,0.506740847886,
    0.523969375896,0.541197903906,0.558426431916,0.575654959926,
    0.592883487936,0.610112015946,0.627340543957,0.644569071967,
    0.661797599977,0.679026127987,0.696254655997,0.713483184007,
    0.730711712017,0.747940240027,0.765168768037,0.782397296047,
    0.799625824058),.QUASI_UNIFORM_KNOTS.);
#1412 = CARTESIAN_POINT('',(1.999968750186,61.086527077231));
#1413 = CARTESIAN_POINT('',(2.001385689339,60.864180577348));
#1414 = CARTESIAN_POINT('',(2.00430012318,60.421827570269));
#1415 = CARTESIAN_POINT('',(2.008900932749,59.765080162563));
#1416 = CARTESIAN_POINT('',(2.013710810774,59.115835363612));
#1417 = CARTESIAN_POINT('',(2.018736205832,58.471459345796));
#1418 = CARTESIAN_POINT('',(2.023962508793,57.83239648719));
#1419 = CARTESIAN_POINT('',(2.029380379786,57.198407150058));
#1420 = CARTESIAN_POINT('',(2.034979682663,56.569439427874));
#1421 = CARTESIAN_POINT('',(2.040751135226,55.945392890503));
#1422 = CARTESIAN_POINT('',(2.046685890385,55.32617936553));
#1423 = CARTESIAN_POINT('',(2.052775670154,54.711704277682));
#1424 = CARTESIAN_POINT('',(2.059012750011,54.101869425086));
#1425 = CARTESIAN_POINT('',(2.065389981965,53.496570159955));
#1426 = CARTESIAN_POINT('',(2.071900805783,52.895694229083));
#1427 = CARTESIAN_POINT('',(2.078539262545,52.299120289514));
#1428 = CARTESIAN_POINT('',(2.085300004787,51.70671678703));
#1429 = CARTESIAN_POINT('',(2.09217831232,51.118340436063));
#1430 = CARTESIAN_POINT('',(2.09917008346,50.533836663397));
#1431 = CARTESIAN_POINT('',(2.106271913927,49.953033332121));
#1432 = CARTESIAN_POINT('',(2.113480844929,49.375760122123));
#1433 = CARTESIAN_POINT('',(2.120795342361,48.801772749967));
#1434 = CARTESIAN_POINT('',(2.128211100659,48.231077838264));
#1435 = CARTESIAN_POINT('',(2.135724092597,47.663677957266));
#1436 = CARTESIAN_POINT('',(2.14333123138,47.099525095265));
#1437 = CARTESIAN_POINT('',(2.151029604738,46.538579305333));
#1438 = CARTESIAN_POINT('',(2.158816668571,45.980793359216));
#1439 = CARTESIAN_POINT('',(2.166690183701,45.426117227498));
#1440 = CARTESIAN_POINT('',(2.174648221707,44.874497247545));
#1441 = CARTESIAN_POINT('',(2.182689152508,44.32587671404));
#1442 = CARTESIAN_POINT('',(2.190811637065,43.780196091389));
#1443 = CARTESIAN_POINT('',(2.199014619136,43.237393316038));
#1444 = CARTESIAN_POINT('',(2.207297316999,42.697404117301));
#1445 = CARTESIAN_POINT('',(2.215659217667,42.160162174203));
#1446 = CARTESIAN_POINT('',(2.224100062592,41.625599909761));
#1447 = CARTESIAN_POINT('',(2.232619866437,41.093646899515));
#1448 = CARTESIAN_POINT('',(2.241218813674,40.564237185594));
#1449 = CARTESIAN_POINT('',(2.249894233152,40.037490054922));
#1450 = CARTESIAN_POINT('',(2.258646238929,39.513361827885));
#1451 = CARTESIAN_POINT('',(2.267474537713,38.991845141214));
#1452 = CARTESIAN_POINT('',(2.276379096896,38.47292687169));
#1453 = CARTESIAN_POINT('',(2.285359958182,37.956599609717));
#1454 = CARTESIAN_POINT('',(2.294417279373,37.44285874107));
#1455 = CARTESIAN_POINT('',(2.303551318603,36.931703546077));
#1456 = CARTESIAN_POINT('',(2.312762421369,36.423136620912));
#1457 = CARTESIAN_POINT('',(2.31895484358,36.085822868948));
#1458 = CARTESIAN_POINT('',(2.322064048494,35.917599788437));
#1459 = ( GEOMETRIC_REPRESENTATION_CONTEXT(2) 
PARAMETRIC_REPRESENTATION_CONTEXT() REPRESENTATION_CONTEXT('2D SPACE',''
  ) );
#1460 = ORIENTED_EDGE('',*,*,#1461,.F.);
#1461 = EDGE_CURVE('',#1462,#1323,#1464,.T.);
#1462 = VERTEX_POINT('',#1463);
#1463 = CARTESIAN_POINT('',(0.,-56.,225.7));
#1464 = SURFACE_CURVE('',#1465,(#1470,#1477),.PCURVE_S1.);
#1465 = CIRCLE('',#1466,56.);
#1466 = AXIS2_PLACEMENT_3D('',#1467,#1468,#1469);
#1467 = CARTESIAN_POINT('',(0.,0.,225.7));
#1468 = DIRECTION('',(0.,0.,1.));
#1469 = DIRECTION('',(1.,0.,-0.));
#1470 = PCURVE('',#491,#1471);
#1471 = DEFINITIONAL_REPRESENTATION('',(#1472),#1476);
#1472 = LINE('',#1473,#1474);
#1473 = CARTESIAN_POINT('',(0.,0.5));
#1474 = VECTOR('',#1475,1.);
#1475 = DIRECTION('',(1.,0.));
#1476 = ( GEOMETRIC_REPRESENTATION_CONTEXT(2) 
PARAMETRIC_REPRESENTATION_CONTEXT() REPRESENTATION_CONTEXT('2D SPACE',''
  ) );
#1477 = PCURVE('',#1478,#1483);
#1478 = PLANE('',#1479);
#1479 = AXIS2_PLACEMENT_3D('',#1480,#1481,#1482);
#1480 = CARTESIAN_POINT('',(-56.,-56.,225.7));
#1481 = DIRECTION('',(0.,0.,1.));
#1482 = DIRECTION('',(1.,0.,-0.));
#1483 = DEFINITIONAL_REPRESENTATION('',(#1484),#1488);
#1484 = CIRCLE('',#1485,56.);
#1485 = AXIS2_PLACEMENT_2D('',#1486,#1487);
#1486 = CARTESIAN_POINT('',(56.,56.));
#1487 = DIRECTION('',(1.,0.));
#1488 = ( GEOMETRIC_REPRESENTATION_CONTEXT(2) 
PARAMETRIC_REPRESENTATION_CONTEXT() REPRESENTATION_CONTEXT('2D SPACE',''
  ) );
#1489 = ORIENTED_EDGE('',*,*,#1490,.F.);
#1490 = EDGE_CURVE('',#1491,#1462,#1493,.T.);
#1491 = VERTEX_POINT('',#1492);
#1492 = CARTESIAN_POINT('',(-44.4341085291,-34.08240020114,225.7));
#1493 = SURFACE_CURVE('',#1494,(#1499,#1506),.PCURVE_S1.);
#1494 = CIRCLE('',#1495,56.);
#1495 = AXIS2_PLACEMENT_3D('',#1496,#1497,#1498);
#1496 = CARTESIAN_POINT('',(0.,0.,225.7));
#1497 = DIRECTION('',(0.,0.,1.));
#1498 = DIRECTION('',(1.,0.,-0.));
#1499 = PCURVE('',#491,#1500);
#1500 = DEFINITIONAL_REPRESENTATION('',(#1501),#1505);
#1501 = LINE('',#1502,#1503);
#1502 = CARTESIAN_POINT('',(0.,0.5));
#1503 = VECTOR('',#1504,1.);
#1504 = DIRECTION('',(1.,0.));
#1505 = ( GEOMETRIC_REPRESENTATION_CONTEXT(2) 
PARAMETRIC_REPRESENTATION_CONTEXT() REPRESENTATION_CONTEXT('2D SPACE',''
  ) );
#1506 = PCURVE('',#1507,#1512);
#1507 = PLANE('',#1508);
#1508 = AXIS2_PLACEMENT_3D('',#1509,#1510,#1511);
#1509 = CARTESIAN_POINT('',(-56.,-56.,225.7));
#1510 = DIRECTION('',(0.,0.,1.));
#1511 = DIRECTION('',(1.,0.,-0.));
#1512 = DEFINITIONAL_REPRESENTATION('',(#1513),#1517);
#1513 = CIRCLE('',#1514,56.);
#1514 = AXIS2_PLACEMENT_2D('',#1515,#1516);
#1515 = CARTESIAN_POINT('',(56.,56.));
#1516 = DIRECTION('',(1.,0.));
#1517 = ( GEOMETRIC_REPRESENTATION_CONTEXT(2) 
PARAMETRIC_REPRESENTATION_CONTEXT() REPRESENTATION_CONTEXT('2D SPACE',''
  ) );
#1518 = ORIENTED_EDGE('',*,*,#1519,.T.);
#1519 = EDGE_CURVE('',#1491,#1520,#1522,.T.);
#1520 = VERTEX_POINT('',#1521);
#1521 = CARTESIAN_POINT('',(-55.28607419568,-8.913472949557,241.9));
#1522 = SURFACE_CURVE('',#1523,(#1556,#1607),.PCURVE_S1.);
#1523 = B_SPLINE_CURVE_WITH_KNOTS('',7,(#1524,#1525,#1526,#1527,#1528,
    #1529,#1530,#1531,#1532,#1533,#1534,#1535,#1536,#1537,#1538,#1539,
    #1540,#1541,#1542,#1543,#1544,#1545,#1546,#1547,#1548,#1549,#1550,
    #1551,#1552,#1553,#1554,#1555),.UNSPECIFIED.,.F.,.F.,(8,6,6,6,6,8),(
    0.979219594652,1.053118129685,1.139236771354,1.23055781663,
    1.340964580059,1.358047454876),.UNSPECIFIED.);
#1524 = CARTESIAN_POINT('',(-44.4341085291,-34.08240020114,225.7));
#1525 = CARTESIAN_POINT('',(-44.90861407416,-33.46377508249,
    226.20805374782));
#1526 = CARTESIAN_POINT('',(-45.37066486125,-32.84058018251,
    226.71635820651));
#1527 = CARTESIAN_POINT('',(-45.82052465082,-32.2128512932,
    227.22461060533));
#1528 = CARTESIAN_POINT('',(-46.25843278078,-31.58060357417,
    227.73250055359));
#1529 = CARTESIAN_POINT('',(-46.68460655828,-30.94382903599,
    228.23970584905));
#1530 = CARTESIAN_POINT('',(-47.09924364834,-30.30249402029,
    228.74588829243));
#1531 = CARTESIAN_POINT('',(-47.97249315295,-28.9037617173,
    229.83896627725));
#1532 = CARTESIAN_POINT('',(-48.42697485773,-28.14481170018,
    230.42528702422));
#1533 = CARTESIAN_POINT('',(-48.86632350796,-27.37949260911,
    231.00916086844));
#1534 = CARTESIAN_POINT('',(-49.29081728377,-26.60759812324,
    231.59002227349));
#1535 = CARTESIAN_POINT('',(-49.7006616257,-25.8289212818,
    232.16720250406));
#1536 = CARTESIAN_POINT('',(-50.09599223402,-25.04326613372,
    232.73990110586));
#1537 = CARTESIAN_POINT('',(-50.88077311142,-23.40975940191,
    233.90868146191));
#1538 = CARTESIAN_POINT('',(-51.26830563358,-22.56126737452,
    234.50390713652));
#1539 = CARTESIAN_POINT('',(-51.63984883062,-21.70421592395,
    235.09210144597));
#1540 = CARTESIAN_POINT('',(-51.99556453697,-20.83796468269,
    235.67221487124));
#1541 = CARTESIAN_POINT('',(-52.3354471164,-19.96199581705,
    236.2428478996));
#1542 = CARTESIAN_POINT('',(-52.65935760342,-19.0759115772,
    236.8022239934));
#1543 = CARTESIAN_POINT('',(-53.33904461843,-17.09559607023,
    238.00821416442));
#1544 = CARTESIAN_POINT('',(-53.68744424878,-15.99624097257,
    238.64882612909));
#1545 = CARTESIAN_POINT('',(-54.01218186662,-14.87970670967,
    239.26684490368));
#1546 = CARTESIAN_POINT('',(-54.31270786774,-13.74476302017,
    239.85796917538));
#1547 = CARTESIAN_POINT('',(-54.58818216891,-12.59045653213,
    240.4167688575));
#1548 = CARTESIAN_POINT('',(-54.83756091279,-11.41586220452,
    240.93679611057));
#1549 = CARTESIAN_POINT('',(-55.09392751578,-10.03466902947,
    241.48413505801));
#1550 = CARTESIAN_POINT('',(-55.12762557483,-9.849073551162,
    241.55637662657));
#1551 = CARTESIAN_POINT('',(-55.16066302516,-9.662961740982,
    241.62748774034));
#1552 = CARTESIAN_POINT('',(-55.19303308653,-9.476340181799,
    241.69743684748));
#1553 = CARTESIAN_POINT('',(-55.22472919422,-9.289214797147,
    241.76619261909));
#1554 = CARTESIAN_POINT('',(-55.25574497045,-9.101590851334,
    241.83372395674));
#1555 = CARTESIAN_POINT('',(-55.28607419568,-8.913472949557,241.9));
#1556 = PCURVE('',#491,#1557);
#1557 = DEFINITIONAL_REPRESENTATION('',(#1558),#1606);
#1558 = B_SPLINE_CURVE_WITH_KNOTS('',3,(#1559,#1560,#1561,#1562,#1563,
    #1564,#1565,#1566,#1567,#1568,#1569,#1570,#1571,#1572,#1573,#1574,
    #1575,#1576,#1577,#1578,#1579,#1580,#1581,#1582,#1583,#1584,#1585,
    #1586,#1587,#1588,#1589,#1590,#1591,#1592,#1593,#1594,#1595,#1596,
    #1597,#1598,#1599,#1600,#1601,#1602,#1603,#1604,#1605),
  .UNSPECIFIED.,.F.,.F.,(4,1,1,1,1,1,1,1,1,1,1,1,1,1,1,1,1,1,1,1,1,1,1,1
    ,1,1,1,1,1,1,1,1,1,1,1,1,1,1,1,1,1,1,1,1,4),(0.979219594652,
    0.987829318748,0.996439042844,1.00504876694,1.013658491036,
    1.022268215132,1.030877939228,1.039487663324,1.04809738742,
    1.056707111516,1.065316835612,1.073926559708,1.082536283804,
    1.0911460079,1.099755731996,1.108365456092,1.116975180188,
    1.125584904284,1.13419462838,1.142804352476,1.151414076572,
    1.160023800668,1.168633524764,1.17724324886,1.185852972956,
    1.194462697052,1.203072421148,1.211682145244,1.22029186934,
    1.228901593436,1.237511317532,1.246121041628,1.254730765724,
    1.26334048982,1.271950213916,1.280559938012,1.289169662108,
    1.297779386204,1.3063891103,1.314998834396,1.323608558492,
    1.332218282588,1.340828006684,1.34943773078,1.358047454876),
  .QUASI_UNIFORM_KNOTS.);
#1559 = CARTESIAN_POINT('',(3.795905670226,0.5));
#1560 = CARTESIAN_POINT('',(3.792120886233,0.638114561788));
#1561 = CARTESIAN_POINT('',(3.784564730377,0.914391782602));
#1562 = CARTESIAN_POINT('',(3.773268519779,1.328849144494));
#1563 = CARTESIAN_POINT('',(3.762008112875,1.743245899983));
#1564 = CARTESIAN_POINT('',(3.750781312155,2.157477728105));
#1565 = CARTESIAN_POINT('',(3.739585925791,2.571438623027));
#1566 = CARTESIAN_POINT('',(3.728419767636,2.98502034581));
#1567 = CARTESIAN_POINT('',(3.717280636839,3.398112758222));
#1568 = CARTESIAN_POINT('',(3.706166363018,3.810601675275));
#1569 = CARTESIAN_POINT('',(3.695074609975,4.222375760298));
#1570 = CARTESIAN_POINT('',(3.684004021401,4.633283314677));
#1571 = CARTESIAN_POINT('',(3.672951885287,5.043218433057));
#1572 = CARTESIAN_POINT('',(3.661915659103,5.452063975489));
#1573 = CARTESIAN_POINT('',(3.650892833918,5.859695861334));
#1574 = CARTESIAN_POINT('',(3.639880972253,6.26598099763));
#1575 = CARTESIAN_POINT('',(3.628877698114,6.670776964793));
#1576 = CARTESIAN_POINT('',(3.617880705432,7.073931038528));
#1577 = CARTESIAN_POINT('',(3.606887741515,7.475280109574));
#1578 = CARTESIAN_POINT('',(3.595896672819,7.87464767591));
#1579 = CARTESIAN_POINT('',(3.584905247162,8.271851647296));
#1580 = CARTESIAN_POINT('',(3.573912799702,8.666642577903));
#1581 = CARTESIAN_POINT('',(3.562915255289,9.05888244051));
#1582 = CARTESIAN_POINT('',(3.551909127208,9.448398138623));
#1583 = CARTESIAN_POINT('',(3.540891048937,9.834997652276));
#1584 = CARTESIAN_POINT('',(3.529857886399,10.218464998054));
#1585 = CARTESIAN_POINT('',(3.51880669619,10.598560873702));
#1586 = CARTESIAN_POINT('',(3.50773472369,10.975021886234));
#1587 = CARTESIAN_POINT('',(3.496639399852,11.347559897514));
#1588 = CARTESIAN_POINT('',(3.485518307419,11.715862452522));
#1589 = CARTESIAN_POINT('',(3.474369274637,12.079588895475));
#1590 = CARTESIAN_POINT('',(3.46318999329,12.438382787888));
#1591 = CARTESIAN_POINT('',(3.4519752088,12.791957679886));
#1592 = CARTESIAN_POINT('',(3.44072139917,13.139943520442));
#1593 = CARTESIAN_POINT('',(3.429424921374,13.481946702899));
#1594 = CARTESIAN_POINT('',(3.418082422602,13.81753576687));
#1595 = CARTESIAN_POINT('',(3.406690686008,14.146245784306));
#1596 = CARTESIAN_POINT('',(3.395246627002,14.467577876207));
#1597 = CARTESIAN_POINT('',(3.383747247062,14.781000192033));
#1598 = CARTESIAN_POINT('',(3.372189600344,15.085948577104));
#1599 = CARTESIAN_POINT('',(3.360570744354,15.381827694771));
#1600 = CARTESIAN_POINT('',(3.348887733703,15.668011310967));
#1601 = CARTESIAN_POINT('',(3.337137448909,15.943846143879));
#1602 = CARTESIAN_POINT('',(3.325317032856,16.208642960211));
#1603 = CARTESIAN_POINT('',(3.313422051872,16.461715789388));
#1604 = CARTESIAN_POINT('',(3.30544329463,16.622056070885));
#1605 = CARTESIAN_POINT('',(3.301441680265,16.7));
#1606 = ( GEOMETRIC_REPRESENTATION_CONTEXT(2) 
PARAMETRIC_REPRESENTATION_CONTEXT() REPRESENTATION_CONTEXT('2D SPACE',''
  ) );
#1607 = PCURVE('',#1608,#1613);
#1608 = CYLINDRICAL_SURFACE('',#1609,60.8);
#1609 = AXIS2_PLACEMENT_3D('',#1610,#1611,#1612);
#1610 = CARTESIAN_POINT('',(0.,-70.,267.2));
#1611 = DIRECTION('',(0.,1.,0.));
#1612 = DIRECTION('',(0.,-0.,1.));
#1613 = DEFINITIONAL_REPRESENTATION('',(#1614),#1662);
#1614 = B_SPLINE_CURVE_WITH_KNOTS('',3,(#1615,#1616,#1617,#1618,#1619,
    #1620,#1621,#1622,#1623,#1624,#1625,#1626,#1627,#1628,#1629,#1630,
    #1631,#1632,#1633,#1634,#1635,#1636,#1637,#1638,#1639,#1640,#1641,
    #1642,#1643,#1644,#1645,#1646,#1647,#1648,#1649,#1650,#1651,#1652,
    #1653,#1654,#1655,#1656,#1657,#1658,#1659,#1660,#1661),
  .UNSPECIFIED.,.F.,.F.,(4,1,1,1,1,1,1,1,1,1,1,1,1,1,1,1,1,1,1,1,1,1,1,1
    ,1,1,1,1,1,1,1,1,1,1,1,1,1,1,1,1,1,1,1,1,4),(0.979219594652,
    0.987829318748,0.996439042844,1.00504876694,1.013658491036,
    1.022268215132,1.030877939228,1.039487663324,1.04809738742,
    1.056707111516,1.065316835612,1.073926559708,1.082536283804,
    1.0911460079,1.099755731996,1.108365456092,1.116975180188,
    1.125584904284,1.13419462838,1.142804352476,1.151414076572,
    1.160023800668,1.168633524764,1.17724324886,1.185852972956,
    1.194462697052,1.203072421148,1.211682145244,1.22029186934,
    1.228901593436,1.237511317532,1.246121041628,1.254730765724,
    1.26334048982,1.271950213916,1.280559938012,1.289169662108,
    1.297779386204,1.3063891103,1.314998834396,1.323608558492,
    1.332218282588,1.340828006684,1.34943773078,1.358047454876),
  .QUASI_UNIFORM_KNOTS.);
#1615 = CARTESIAN_POINT('',(3.961121259359,35.917599798855));
#1616 = CARTESIAN_POINT('',(3.964229554488,36.085773647543));
#1617 = CARTESIAN_POINT('',(3.970420177063,36.422988707319));
#1618 = CARTESIAN_POINT('',(3.979628637832,36.931406793913));
#1619 = CARTESIAN_POINT('',(3.988760093776,37.442412441712));
#1620 = CARTESIAN_POINT('',(3.997814879093,37.95600242407));
#1621 = CARTESIAN_POINT('',(4.00679324042,38.472176817427));
#1622 = CARTESIAN_POINT('',(4.015695321182,38.990939387773));
#1623 = CARTESIAN_POINT('',(4.024521174926,39.512298267702));
#1624 = CARTESIAN_POINT('',(4.033270724055,40.036263678358));
#1625 = CARTESIAN_POINT('',(4.041943907266,40.562857180856));
#1626 = CARTESIAN_POINT('',(4.050539780853,41.092056794159));
#1627 = CARTESIAN_POINT('',(4.059058333661,41.623908001532));
#1628 = CARTESIAN_POINT('',(4.067499277178,42.15845191506));
#1629 = CARTESIAN_POINT('',(4.075862146201,42.695731309126));
#1630 = CARTESIAN_POINT('',(4.084146261231,43.235788616221));
#1631 = CARTESIAN_POINT('',(4.092350728657,43.778666150933));
#1632 = CARTESIAN_POINT('',(4.1004744268,44.324405458917));
#1633 = CARTESIAN_POINT('',(4.108516009509,44.873047937757));
#1634 = CARTESIAN_POINT('',(4.116473852567,45.424631245298));
#1635 = CARTESIAN_POINT('',(4.124346210274,45.979201286197));
#1636 = CARTESIAN_POINT('',(4.132130009659,46.536725052849));
#1637 = CARTESIAN_POINT('',(4.139824377129,47.09734407508));
#1638 = CARTESIAN_POINT('',(4.147427724515,47.661173611946));
#1639 = CARTESIAN_POINT('',(4.154938084105,48.228325484128));
#1640 = CARTESIAN_POINT('',(4.162353017041,48.798902044771));
#1641 = CARTESIAN_POINT('',(4.169669635248,49.372997842661));
#1642 = CARTESIAN_POINT('',(4.176884594103,49.950699334487));
#1643 = CARTESIAN_POINT('',(4.183994087102,50.532084665324));
#1644 = CARTESIAN_POINT('',(4.190993860433,51.117225084052));
#1645 = CARTESIAN_POINT('',(4.197879144822,51.706179707681));
#1646 = CARTESIAN_POINT('',(4.204644897448,52.299015212057));
#1647 = CARTESIAN_POINT('',(4.211287408261,52.895955934161));
#1648 = CARTESIAN_POINT('',(4.217801401587,53.497136171114));
#1649 = CARTESIAN_POINT('',(4.224181180171,54.102697555226));
#1650 = CARTESIAN_POINT('',(4.230420361217,54.712766920089));
#1651 = CARTESIAN_POINT('',(4.236511964353,55.327464077033));
#1652 = CARTESIAN_POINT('',(4.242448405994,55.94690170036));
#1653 = CARTESIAN_POINT('',(4.248221519963,56.571187505213));
#1654 = CARTESIAN_POINT('',(4.25382257095,57.200425784287));
#1655 = CARTESIAN_POINT('',(4.259242275133,57.834719854651));
#1656 = CARTESIAN_POINT('',(4.264470804544,58.474172143413));
#1657 = CARTESIAN_POINT('',(4.269497854886,59.118893446037));
#1658 = CARTESIAN_POINT('',(4.274312481806,59.768978493326));
#1659 = CARTESIAN_POINT('',(4.278903806162,60.424607749236));
#1660 = CARTESIAN_POINT('',(4.281806727998,60.865293204011));
#1661 = CARTESIAN_POINT('',(4.283216556899,61.086527050443));
#1662 = ( GEOMETRIC_REPRESENTATION_CONTEXT(2) 
PARAMETRIC_REPRESENTATION_CONTEXT() REPRESENTATION_CONTEXT('2D SPACE',''
  ) );
#1663 = ORIENTED_EDGE('',*,*,#1664,.F.);
#1664 = EDGE_CURVE('',#628,#1520,#1665,.T.);
#1665 = SURFACE_CURVE('',#1666,(#1671,#1678),.PCURVE_S1.);
#1666 = CIRCLE('',#1667,56.);
#1667 = AXIS2_PLACEMENT_3D('',#1668,#1669,#1670);
#1668 = CARTESIAN_POINT('',(0.,0.,241.9));
#1669 = DIRECTION('',(-3.944304526105E-31,-3.188623510036E-15,1.));
#1670 = DIRECTION('',(-0.987251324899,0.159169159968,5.075305255481E-16)
  );
#1671 = PCURVE('',#491,#1672);
#1672 = DEFINITIONAL_REPRESENTATION('',(#1673),#1677);
#1673 = LINE('',#1674,#1675);
#1674 = CARTESIAN_POINT('',(2.981743626758,16.7));
#1675 = VECTOR('',#1676,1.);
#1676 = DIRECTION('',(1.,0.));
#1677 = ( GEOMETRIC_REPRESENTATION_CONTEXT(2) 
PARAMETRIC_REPRESENTATION_CONTEXT() REPRESENTATION_CONTEXT('2D SPACE',''
  ) );
#1678 = PCURVE('',#986,#1679);
#1679 = DEFINITIONAL_REPRESENTATION('',(#1680),#1684);
#1680 = CIRCLE('',#1681,56.);
#1681 = AXIS2_PLACEMENT_2D('',#1682,#1683);
#1682 = CARTESIAN_POINT('',(80.,27.1));
#1683 = DIRECTION('',(-0.987251324899,0.159169159968));
#1684 = ( GEOMETRIC_REPRESENTATION_CONTEXT(2) 
PARAMETRIC_REPRESENTATION_CONTEXT() REPRESENTATION_CONTEXT('2D SPACE',''
  ) );
#1685 = FACE_BOUND('',#1686,.T.);
#1686 = EDGE_LOOP('',(#1687));
#1687 = ORIENTED_EDGE('',*,*,#1688,.T.);
#1688 = EDGE_CURVE('',#1689,#1689,#1691,.T.);
#1689 = VERTEX_POINT('',#1690);
#1690 = CARTESIAN_POINT('',(-56.,9.797174393179E-16,211.7));
#1691 = SURFACE_CURVE('',#1692,(#1765,#1841),.PCURVE_S1.);
#1692 = B_SPLINE_CURVE_WITH_KNOTS('',6,(#1693,#1694,#1695,#1696,#1697,
    #1698,#1699,#1700,#1701,#1702,#1703,#1704,#1705,#1706,#1707,#1708,
    #1709,#1710,#1711,#1712,#1713,#1714,#1715,#1716,#1717,#1718,#1719,
    #1720,#1721,#1722,#1723,#1724,#1725,#1726,#1727,#1728,#1729,#1730,
    #1731,#1732,#1733,#1734,#1735,#1736,#1737,#1738,#1739,#1740,#1741,
    #1742,#1743,#1744,#1745,#1746,#1747,#1748,#1749,#1750,#1751,#1752,
    #1753,#1754,#1755,#1756,#1757,#1758,#1759,#1760,#1761,#1762,#1763,
    #1764),.UNSPECIFIED.,.T.,.F.,(7,5,5,5,5,5,5,5,5,5,5,5,5,5,7),(0.,
    5.005006444447E-02,0.121245151825,0.181746494892,0.249623837727,
    0.345045719408,0.418004454565,0.475995430778,0.549483723725,
    0.620924006483,0.68163371992,0.749744827111,0.845495341131,
    0.918705345698,1.),.UNSPECIFIED.);
#1693 = CARTESIAN_POINT('',(-56.,7.105427357601E-15,211.7));
#1694 = CARTESIAN_POINT('',(-56.,-0.254241010985,211.7));
#1695 = CARTESIAN_POINT('',(-55.99861492128,-0.507864866161,
    211.68060835727));
#1696 = CARTESIAN_POINT('',(-55.99585715835,-0.757857042292,
    211.64200223004));
#1697 = CARTESIAN_POINT('',(-55.99184920844,-1.001265179994,
    211.58518308762));
#1698 = CARTESIAN_POINT('',(-55.98681442653,-1.235375658717,
    211.51194704211));
#1699 = CARTESIAN_POINT('',(-55.97277712269,-1.774392248839,
    211.30098001537));
#1700 = CARTESIAN_POINT('',(-55.96299411957,-2.067532333436,
    211.14903046956));
#1701 = CARTESIAN_POINT('',(-55.95230057663,-2.335925694351,
    210.97427965107));
#1702 = CARTESIAN_POINT('',(-55.94129261498,-2.579027283531,
    210.78134867714));
#1703 = CARTESIAN_POINT('',(-55.93044581846,-2.796898002921,
    210.57435219573));
#1704 = CARTESIAN_POINT('',(-55.91134316994,-3.154159032239,
    210.172312882));
#1705 = CARTESIAN_POINT('',(-55.90291905916,-3.300866379837,
    209.9796452925));
#1706 = CARTESIAN_POINT('',(-55.89504561621,-3.430741191977,
    209.78069497569));
#1707 = CARTESIAN_POINT('',(-55.88786749223,-3.544367984099,
    209.5767707885));
#1708 = CARTESIAN_POINT('',(-55.88148805839,-3.642271745424,
    209.3688926934));
#1709 = CARTESIAN_POINT('',(-55.86980572551,-3.817516418577,
    208.92114601176));
#1710 = CARTESIAN_POINT('',(-55.86472910117,-3.890894846208,
    208.68046878658));
#1711 = CARTESIAN_POINT('',(-55.8608595546,-3.945542931051,
    208.43708231461));
#1712 = CARTESIAN_POINT('',(-55.85826048711,-3.981844980022,
    208.19197444244));
#1713 = CARTESIAN_POINT('',(-55.85696017507,-4.,207.94600134533));
#1714 = CARTESIAN_POINT('',(-55.85696017507,-4.,207.35417162359));
#1715 = CARTESIAN_POINT('',(-55.85952962938,-3.964120205607,
    207.00849761682));
#1716 = CARTESIAN_POINT('',(-55.86466362559,-3.892424436191,
    206.66520784785));
#1717 = CARTESIAN_POINT('',(-55.87224847418,-3.784091265319,
    206.32663343582));
#1718 = CARTESIAN_POINT('',(-55.88204381342,-3.637603067507,
    205.9958524952));
#1719 = CARTESIAN_POINT('',(-55.90238065437,-3.308214719134,
    205.43386196674));
#1720 = CARTESIAN_POINT('',(-55.91221155526,-3.141878138639,
    205.19733049398));
#1721 = CARTESIAN_POINT('',(-55.92284540676,-2.951013117468,
    204.96992676832));
#1722 = CARTESIAN_POINT('',(-55.93397989807,-2.734624114368,
    204.75438523495));
#1723 = CARTESIAN_POINT('',(-55.94518225714,-2.491860777242,
    204.55424904454));
#1724 = CARTESIAN_POINT('',(-55.96439847138,-2.008006406151,
    204.23094788991));
#1725 = CARTESIAN_POINT('',(-55.97262442225,-1.776048057894,
    204.0999202716));
#1726 = CARTESIAN_POINT('',(-55.98021570655,-1.52757807179,
    203.98459606881));
#1727 = CARTESIAN_POINT('',(-55.98679096345,-1.264360641582,
    203.88813562331));
#1728 = CARTESIAN_POINT('',(-55.99199988898,-0.988666111876,
    203.81327416441));
#1729 = CARTESIAN_POINT('',(-56.00012800597,-0.341413131203,
    203.69768944751));
#1730 = CARTESIAN_POINT('',(-56.00202805268,3.324738763872E-02,
    203.6719400753));
#1731 = CARTESIAN_POINT('',(-56.00078442825,0.41085497001,
    203.68928317013));
#1732 = CARTESIAN_POINT('',(-55.99638418487,0.780576682743,
    203.74942960826));
#1733 = CARTESIAN_POINT('',(-55.98949881413,1.132298210855,
    203.84770922246));
#1734 = CARTESIAN_POINT('',(-55.97277712269,1.774392248839,
    204.09901998462));
#1735 = CARTESIAN_POINT('',(-55.96299411957,2.067532333436,
    204.25096953043));
#1736 = CARTESIAN_POINT('',(-55.95230057663,2.335925694351,
    204.42572034892));
#1737 = CARTESIAN_POINT('',(-55.94129261498,2.579027283531,
    204.61865132285));
#1738 = CARTESIAN_POINT('',(-55.93044581846,2.796898002921,
    204.82564780426));
#1739 = CARTESIAN_POINT('',(-55.91134316933,3.154159043521,
    205.22768713068));
#1740 = CARTESIAN_POINT('',(-55.90291905998,3.30086636564,
    205.42035468592));
#1741 = CARTESIAN_POINT('',(-55.89504561632,3.430741189333,
    205.61930502504));
#1742 = CARTESIAN_POINT('',(-55.88786749146,3.544367997045,
    205.8232292334));
#1743 = CARTESIAN_POINT('',(-55.88148805876,3.642271739828,
    206.03110729229));
#1744 = CARTESIAN_POINT('',(-55.86980572594,3.81751641205,
    206.47885397155));
#1745 = CARTESIAN_POINT('',(-55.86472910077,3.890894852166,
    206.71953124063));
#1746 = CARTESIAN_POINT('',(-55.8608595544,3.945542934082,
    206.96291768512));
#1747 = CARTESIAN_POINT('',(-55.85826048741,3.981844975493,
    207.20802553021));
#1748 = CARTESIAN_POINT('',(-55.85696017507,4.,207.45399867189));
#1749 = CARTESIAN_POINT('',(-55.85696017507,4.,208.0458283764));
#1750 = CARTESIAN_POINT('',(-55.85952962938,3.964120205607,
    208.39150238317));
#1751 = CARTESIAN_POINT('',(-55.86466362559,3.892424436191,
    208.73479215214));
#1752 = CARTESIAN_POINT('',(-55.87224847418,3.784091265319,
    209.07336656418));
#1753 = CARTESIAN_POINT('',(-55.88204381342,3.637603067507,
    209.40414750479));
#1754 = CARTESIAN_POINT('',(-55.90238065437,3.308214719134,
    209.96613803325));
#1755 = CARTESIAN_POINT('',(-55.91221155526,3.141878138639,
    210.20266950602));
#1756 = CARTESIAN_POINT('',(-55.92284540676,2.951013117468,
    210.43007323167));
#1757 = CARTESIAN_POINT('',(-55.93397989807,2.734624114368,
    210.64561476504));
#1758 = CARTESIAN_POINT('',(-55.94518225714,2.491860777242,
    210.84575095545));
#1759 = CARTESIAN_POINT('',(-55.96777722502,1.922931130787,
    211.22589759169));
#1760 = CARTESIAN_POINT('',(-55.97921302138,1.586495629381,
    211.40392998616));
#1761 = CARTESIAN_POINT('',(-55.9891276063,1.217568000417,
    211.54783178844));
#1762 = CARTESIAN_POINT('',(-55.99632149981,0.823667392448,
    211.64848909862));
#1763 = CARTESIAN_POINT('',(-56.,0.414371149016,211.7));
#1764 = CARTESIAN_POINT('',(-56.,7.105427357601E-15,211.7));
#1765 = PCURVE('',#491,#1766);
#1766 = DEFINITIONAL_REPRESENTATION('',(#1767),#1840);
#1767 = B_SPLINE_CURVE_WITH_KNOTS('',6,(#1768,#1769,#1770,#1771,#1772,
    #1773,#1774,#1775,#1776,#1777,#1778,#1779,#1780,#1781,#1782,#1783,
    #1784,#1785,#1786,#1787,#1788,#1789,#1790,#1791,#1792,#1793,#1794,
    #1795,#1796,#1797,#1798,#1799,#1800,#1801,#1802,#1803,#1804,#1805,
    #1806,#1807,#1808,#1809,#1810,#1811,#1812,#1813,#1814,#1815,#1816,
    #1817,#1818,#1819,#1820,#1821,#1822,#1823,#1824,#1825,#1826,#1827,
    #1828,#1829,#1830,#1831,#1832,#1833,#1834,#1835,#1836,#1837,#1838,
    #1839),.UNSPECIFIED.,.T.,.F.,(7,5,5,5,5,5,5,5,5,5,5,5,5,5,7),(0.,
    5.005006444447E-02,0.121245151825,0.181746494892,0.249623837727,
    0.345045719408,0.418004454565,0.475995430778,0.549483723725,
    0.620924006483,0.68163371992,0.749744827111,0.845495341131,
    0.918705345698,1.),.UNSPECIFIED.);
#1768 = CARTESIAN_POINT('',(3.14159265359,-13.5));
#1769 = CARTESIAN_POINT('',(3.146132671643,-13.5));
#1770 = CARTESIAN_POINT('',(3.150661669151,-13.51939164272));
#1771 = CARTESIAN_POINT('',(3.155125983114,-13.55799776995));
#1772 = CARTESIAN_POINT('',(3.159473059634,-13.61481691237));
#1773 = CARTESIAN_POINT('',(3.163654527671,-13.68805295788));
#1774 = CARTESIAN_POINT('',(3.173283087348,-13.89901998462));
#1775 = CARTESIAN_POINT('',(3.17852050525,-14.05096953043));
#1776 = CARTESIAN_POINT('',(3.183316917343,-14.22572034892));
#1777 = CARTESIAN_POINT('',(3.187662395742,-14.41865132285));
#1778 = CARTESIAN_POINT('',(3.191557736311,-14.62564780426));
#1779 = CARTESIAN_POINT('',(3.197946510802,-15.02768711799));
#1780 = CARTESIAN_POINT('',(3.200570580308,-15.22035470749));
#1781 = CARTESIAN_POINT('',(3.202894016476,-15.4193050243));
#1782 = CARTESIAN_POINT('',(3.204927105643,-15.62322921149));
#1783 = CARTESIAN_POINT('',(3.206679092298,-15.83110730659));
#1784 = CARTESIAN_POINT('',(3.209815407139,-16.27885398823));
#1785 = CARTESIAN_POINT('',(3.211128864595,-16.51953121341));
#1786 = CARTESIAN_POINT('',(3.212107165422,-16.76291768538));
#1787 = CARTESIAN_POINT('',(3.212757076568,-17.00802555755));
#1788 = CARTESIAN_POINT('',(3.213082103475,-17.25399865466));
#1789 = CARTESIAN_POINT('',(3.213082103475,-17.8458283764));
#1790 = CARTESIAN_POINT('',(3.212439751839,-18.19150238317));
#1791 = CARTESIAN_POINT('',(3.211156192966,-18.53479215214));
#1792 = CARTESIAN_POINT('',(3.209216936454,-18.87336656417));
#1793 = CARTESIAN_POINT('',(3.206595268059,-19.20414750479));
#1794 = CARTESIAN_POINT('',(3.200702133024,-19.76613803325));
#1795 = CARTESIAN_POINT('',(3.19772666401,-20.00266950602));
#1796 = CARTESIAN_POINT('',(3.194313105869,-20.23007323167));
#1797 = CARTESIAN_POINT('',(3.190443968538,-20.44561476504));
#1798 = CARTESIAN_POINT('',(3.186104385328,-20.64575095545));
#1799 = CARTESIAN_POINT('',(3.177457317373,-20.96905211008));
#1800 = CARTESIAN_POINT('',(3.173312635885,-21.10007972839));
#1801 = CARTESIAN_POINT('',(3.168873690884,-21.21540393118));
#1802 = CARTESIAN_POINT('',(3.164172032241,-21.31186437669));
#1803 = CARTESIAN_POINT('',(3.159248137547,-21.38672583558));
#1804 = CARTESIAN_POINT('',(3.147689137287,-21.50231055248));
#1805 = CARTESIAN_POINT('',(3.140998870164,-21.52805992469));
#1806 = CARTESIAN_POINT('',(3.134256213423,-21.51071682986));
#1807 = CARTESIAN_POINT('',(3.127653888213,-21.45057039174));
#1808 = CARTESIAN_POINT('',(3.121372072293,-21.35229077753));
#1809 = CARTESIAN_POINT('',(3.109902219832,-21.10098001537));
#1810 = CARTESIAN_POINT('',(3.10466480193,-20.94903046956));
#1811 = CARTESIAN_POINT('',(3.099868389837,-20.77427965107));
#1812 = CARTESIAN_POINT('',(3.095522911437,-20.58134867714));
#1813 = CARTESIAN_POINT('',(3.091627570868,-20.37435219573));
#1814 = CARTESIAN_POINT('',(3.085238796176,-19.97231286931));
#1815 = CARTESIAN_POINT('',(3.082614727125,-19.77964531407));
#1816 = CARTESIAN_POINT('',(3.08029129075,-19.58069497495));
#1817 = CARTESIAN_POINT('',(3.078258201305,-19.3767707666));
#1818 = CARTESIAN_POINT('',(3.076506214982,-19.1688927077));
#1819 = CARTESIAN_POINT('',(3.073369900157,-18.72114602844));
#1820 = CARTESIAN_POINT('',(3.072056442478,-18.48046875936));
#1821 = CARTESIAN_POINT('',(3.071078141703,-18.23708231487));
#1822 = CARTESIAN_POINT('',(3.070428230693,-17.99197446978));
#1823 = CARTESIAN_POINT('',(3.070103203704,-17.7460013281));
#1824 = CARTESIAN_POINT('',(3.070103203704,-17.15417162359));
#1825 = CARTESIAN_POINT('',(3.070745555341,-16.80849761682));
#1826 = CARTESIAN_POINT('',(3.072029114213,-16.46520784785));
#1827 = CARTESIAN_POINT('',(3.073968370726,-16.12663343582));
#1828 = CARTESIAN_POINT('',(3.076590039121,-15.7958524952));
#1829 = CARTESIAN_POINT('',(3.082483174156,-15.23386196674));
#1830 = CARTESIAN_POINT('',(3.085458643169,-14.99733049398));
#1831 = CARTESIAN_POINT('',(3.088872201311,-14.76992676832));
#1832 = CARTESIAN_POINT('',(3.092741338642,-14.55438523495));
#1833 = CARTESIAN_POINT('',(3.097080921851,-14.35424904454));
#1834 = CARTESIAN_POINT('',(3.107248388776,-13.9741024083));
#1835 = CARTESIAN_POINT('',(3.113259537582,-13.79607001383));
#1836 = CARTESIAN_POINT('',(3.119849641051,-13.65216821155));
#1837 = CARTESIAN_POINT('',(3.12688430685,-13.55151090137));
#1838 = CARTESIAN_POINT('',(3.134193168786,-13.5));
#1839 = CARTESIAN_POINT('',(3.14159265359,-13.5));
#1840 = ( GEOMETRIC_REPRESENTATION_CONTEXT(2) 
PARAMETRIC_REPRESENTATION_CONTEXT() REPRESENTATION_CONTEXT('2D SPACE',''
  ) );
#1841 = PCURVE('',#1842,#1847);
#1842 = CYLINDRICAL_SURFACE('',#1843,4.);
#1843 = AXIS2_PLACEMENT_3D('',#1844,#1845,#1846);
#1844 = CARTESIAN_POINT('',(-60.,0.,207.7));
#1845 = DIRECTION('',(1.,0.,0.));
#1846 = DIRECTION('',(-0.,0.,1.));
#1847 = DEFINITIONAL_REPRESENTATION('',(#1848),#1921);
#1848 = B_SPLINE_CURVE_WITH_KNOTS('',6,(#1849,#1850,#1851,#1852,#1853,
    #1854,#1855,#1856,#1857,#1858,#1859,#1860,#1861,#1862,#1863,#1864,
    #1865,#1866,#1867,#1868,#1869,#1870,#1871,#1872,#1873,#1874,#1875,
    #1876,#1877,#1878,#1879,#1880,#1881,#1882,#1883,#1884,#1885,#1886,
    #1887,#1888,#1889,#1890,#1891,#1892,#1893,#1894,#1895,#1896,#1897,
    #1898,#1899,#1900,#1901,#1902,#1903,#1904,#1905,#1906,#1907,#1908,
    #1909,#1910,#1911,#1912,#1913,#1914,#1915,#1916,#1917,#1918,#1919,
    #1920),.UNSPECIFIED.,.F.,.F.,(7,5,5,5,5,5,5,5,5,5,5,5,5,5,7),(0.,
    5.005006444447E-02,0.121245151825,0.181746494892,0.249623837727,
    0.345045719408,0.418004454565,0.475995430778,0.549483723725,
    0.620924006483,0.68163371992,0.749744827111,0.845495341131,
    0.918705345698,1.),.UNSPECIFIED.);
#1849 = CARTESIAN_POINT('',(-1.7763568394E-15,4.));
#1850 = CARTESIAN_POINT('',(6.356025274619E-02,4.));
#1851 = CARTESIAN_POINT('',(0.126966210279,4.001385078716));
#1852 = CARTESIAN_POINT('',(0.189926493158,4.004142841649));
#1853 = CARTESIAN_POINT('',(0.252153752685,4.008150791555));
#1854 = CARTESIAN_POINT('',(0.313328632484,4.013185573467));
#1855 = CARTESIAN_POINT('',(0.458036521609,4.027222877302));
#1856 = CARTESIAN_POINT('',(0.540126044643,4.037005880428));
#1857 = CARTESIAN_POINT('',(0.619635509451,4.047699423361));
#1858 = CARTESIAN_POINT('',(0.696750710183,4.05870738502));
#1859 = CARTESIAN_POINT('',(0.771614054748,4.069554181539));
#1860 = CARTESIAN_POINT('',(0.906073865856,4.08865683006));
#1861 = CARTESIAN_POINT('',(0.966442027555,4.097080940833));
#1862 = CARTESIAN_POINT('',(1.02561196507,4.104954383781));
#1863 = CARTESIAN_POINT('',(1.083767617211,4.112132507766));
#1864 = CARTESIAN_POINT('',(1.141082899966,4.118511941606));
#1865 = CARTESIAN_POINT('',(1.261287877606,4.130194274486));
#1866 = CARTESIAN_POINT('',(1.324004678123,4.135270898822));
#1867 = CARTESIAN_POINT('',(1.38610689927,4.139140445392));
#1868 = CARTESIAN_POINT('',(1.447802833066,4.141739512888));
#1869 = CARTESIAN_POINT('',(1.509295990462,4.143039824924));
#1870 = CARTESIAN_POINT('',(1.657253420897,4.143039824924));
#1871 = CARTESIAN_POINT('',(1.743672318442,4.140470370617));
#1872 = CARTESIAN_POINT('',(1.83065616453,4.13533637441));
#1873 = CARTESIAN_POINT('',(1.918788951174,4.127751525819));
#1874 = CARTESIAN_POINT('',(2.008651546753,4.117956186574));
#1875 = CARTESIAN_POINT('',(2.171503096891,4.09761934563));
#1876 = CARTESIAN_POINT('',(2.243546551692,4.087788444737));
#1877 = CARTESIAN_POINT('',(2.317353547688,4.07715459324));
#1878 = CARTESIAN_POINT('',(2.393228641473,4.066020101926));
#1879 = CARTESIAN_POINT('',(2.471488800287,4.054817742854));
#1880 = CARTESIAN_POINT('',(2.616970476325,4.035601528619));
#1881 = CARTESIAN_POINT('',(2.683385554331,4.027375577741));
#1882 = CARTESIAN_POINT('',(2.751534100375,4.019784293449));
#1883 = CARTESIAN_POINT('',(2.821238132456,4.013209036542));
#1884 = CARTESIAN_POINT('',(2.892378755705,4.008000111011));
#1885 = CARTESIAN_POINT('',(3.05675185413,3.999871994029));
#1886 = CARTESIAN_POINT('',(3.150089802008,3.997971947318));
#1887 = CARTESIAN_POINT('',(3.243656002338,3.999215571746));
#1888 = CARTESIAN_POINT('',(3.336411456329,4.003615815123));
#1889 = CARTESIAN_POINT('',(3.427248445998,4.010501185861));
#1890 = CARTESIAN_POINT('',(3.599629175199,4.027222877302));
#1891 = CARTESIAN_POINT('',(3.681718698233,4.037005880428));
#1892 = CARTESIAN_POINT('',(3.761228163041,4.047699423361));
#1893 = CARTESIAN_POINT('',(3.838343363773,4.05870738502));
#1894 = CARTESIAN_POINT('',(3.913206708338,4.069554181539));
#1895 = CARTESIAN_POINT('',(4.047666523692,4.088656830663));
#1896 = CARTESIAN_POINT('',(4.108034674608,4.097080940016));
#1897 = CARTESIAN_POINT('',(4.167204618468,4.104954383673));
#1898 = CARTESIAN_POINT('',(4.225360277246,4.112132508532));
#1899 = CARTESIAN_POINT('',(4.282675549717,4.118511941233));
#1900 = CARTESIAN_POINT('',(4.402880526718,4.130194274051));
#1901 = CARTESIAN_POINT('',(4.465597338779,4.135270899223));
#1902 = CARTESIAN_POINT('',(4.52769955294,4.139140445594));
#1903 = CARTESIAN_POINT('',(4.589395479628,4.141739512583));
#1904 = CARTESIAN_POINT('',(4.650888648359,4.143039824924));
#1905 = CARTESIAN_POINT('',(4.798846074486,4.143039824924));
#1906 = CARTESIAN_POINT('',(4.885264972031,4.140470370617));
#1907 = CARTESIAN_POINT('',(4.972248818119,4.13533637441));
#1908 = CARTESIAN_POINT('',(5.060381604764,4.127751525819));
#1909 = CARTESIAN_POINT('',(5.150244200342,4.117956186574));
#1910 = CARTESIAN_POINT('',(5.313095750481,4.09761934563));
#1911 = CARTESIAN_POINT('',(5.385139205282,4.087788444737));
#1912 = CARTESIAN_POINT('',(5.458946201278,4.07715459324));
#1913 = CARTESIAN_POINT('',(5.534821295063,4.066020101926));
#1914 = CARTESIAN_POINT('',(5.613081453877,4.054817742854));
#1915 = CARTESIAN_POINT('',(5.784142920837,4.03222277498));
#1916 = CARTESIAN_POINT('',(5.878804241816,4.020786978612));
#1917 = CARTESIAN_POINT('',(5.976791607889,4.010872393692));
#1918 = CARTESIAN_POINT('',(6.077268590728,4.003678500187));
#1919 = CARTESIAN_POINT('',(6.179592519925,4.));
#1920 = CARTESIAN_POINT('',(6.28318530718,4.));
#1921 = ( GEOMETRIC_REPRESENTATION_CONTEXT(2) 
PARAMETRIC_REPRESENTATION_CONTEXT() REPRESENTATION_CONTEXT('2D SPACE',''
  ) );
#1922 = ADVANCED_FACE('',(#1923),#1842,.F.);
#1923 = FACE_BOUND('',#1924,.F.);
#1924 = EDGE_LOOP('',(#1925,#1948,#1975,#1976));
#1925 = ORIENTED_EDGE('',*,*,#1926,.T.);
#1926 = EDGE_CURVE('',#1689,#1927,#1929,.T.);
#1927 = VERTEX_POINT('',#1928);
#1928 = CARTESIAN_POINT('',(-45.3,9.797174393179E-16,211.7));
#1929 = SEAM_CURVE('',#1930,(#1934,#1941),.PCURVE_S1.);
#1930 = LINE('',#1931,#1932);
#1931 = CARTESIAN_POINT('',(-60.,9.797174393179E-16,211.7));
#1932 = VECTOR('',#1933,1.);
#1933 = DIRECTION('',(1.,0.,0.));
#1934 = PCURVE('',#1842,#1935);
#1935 = DEFINITIONAL_REPRESENTATION('',(#1936),#1940);
#1936 = LINE('',#1937,#1938);
#1937 = CARTESIAN_POINT('',(6.28318530718,-0.));
#1938 = VECTOR('',#1939,1.);
#1939 = DIRECTION('',(0.,1.));
#1940 = ( GEOMETRIC_REPRESENTATION_CONTEXT(2) 
PARAMETRIC_REPRESENTATION_CONTEXT() REPRESENTATION_CONTEXT('2D SPACE',''
  ) );
#1941 = PCURVE('',#1842,#1942);
#1942 = DEFINITIONAL_REPRESENTATION('',(#1943),#1947);
#1943 = LINE('',#1944,#1945);
#1944 = CARTESIAN_POINT('',(0.,-0.));
#1945 = VECTOR('',#1946,1.);
#1946 = DIRECTION('',(0.,1.));
#1947 = ( GEOMETRIC_REPRESENTATION_CONTEXT(2) 
PARAMETRIC_REPRESENTATION_CONTEXT() REPRESENTATION_CONTEXT('2D SPACE',''
  ) );
#1948 = ORIENTED_EDGE('',*,*,#1949,.F.);
#1949 = EDGE_CURVE('',#1927,#1927,#1950,.T.);
#1950 = SURFACE_CURVE('',#1951,(#1956,#1963),.PCURVE_S1.);
#1951 = CIRCLE('',#1952,4.);
#1952 = AXIS2_PLACEMENT_3D('',#1953,#1954,#1955);
#1953 = CARTESIAN_POINT('',(-45.3,0.,207.7));
#1954 = DIRECTION('',(1.,0.,0.));
#1955 = DIRECTION('',(-0.,0.,1.));
#1956 = PCURVE('',#1842,#1957);
#1957 = DEFINITIONAL_REPRESENTATION('',(#1958),#1962);
#1958 = LINE('',#1959,#1960);
#1959 = CARTESIAN_POINT('',(0.,14.7));
#1960 = VECTOR('',#1961,1.);
#1961 = DIRECTION('',(1.,0.));
#1962 = ( GEOMETRIC_REPRESENTATION_CONTEXT(2) 
PARAMETRIC_REPRESENTATION_CONTEXT() REPRESENTATION_CONTEXT('2D SPACE',''
  ) );
#1963 = PCURVE('',#1964,#1969);
#1964 = PLANE('',#1965);
#1965 = AXIS2_PLACEMENT_3D('',#1966,#1967,#1968);
#1966 = CARTESIAN_POINT('',(-45.3,0.,207.7));
#1967 = DIRECTION('',(1.,0.,0.));
#1968 = DIRECTION('',(-0.,0.,1.));
#1969 = DEFINITIONAL_REPRESENTATION('',(#1970),#1974);
#1970 = CIRCLE('',#1971,4.);
#1971 = AXIS2_PLACEMENT_2D('',#1972,#1973);
#1972 = CARTESIAN_POINT('',(0.,0.));
#1973 = DIRECTION('',(1.,0.));
#1974 = ( GEOMETRIC_REPRESENTATION_CONTEXT(2) 
PARAMETRIC_REPRESENTATION_CONTEXT() REPRESENTATION_CONTEXT('2D SPACE',''
  ) );
#1975 = ORIENTED_EDGE('',*,*,#1926,.F.);
#1976 = ORIENTED_EDGE('',*,*,#1688,.T.);
#1977 = ADVANCED_FACE('',(#1978),#1964,.F.);
#1978 = FACE_BOUND('',#1979,.F.);
#1979 = EDGE_LOOP('',(#1980));
#1980 = ORIENTED_EDGE('',*,*,#1949,.T.);
#1981 = ADVANCED_FACE('',(#1982),#1608,.T.);
#1982 = FACE_BOUND('',#1983,.T.);
#1983 = EDGE_LOOP('',(#1984,#2005,#2006,#2027,#2056,#2082));
#1984 = ORIENTED_EDGE('',*,*,#1985,.T.);
#1985 = EDGE_CURVE('',#1986,#1520,#1988,.T.);
#1986 = VERTEX_POINT('',#1987);
#1987 = CARTESIAN_POINT('',(-55.28607419594,-27.1,241.9));
#1988 = SURFACE_CURVE('',#1989,(#1993,#1999),.PCURVE_S1.);
#1989 = LINE('',#1990,#1991);
#1990 = CARTESIAN_POINT('',(-55.28607419594,-70.,241.9));
#1991 = VECTOR('',#1992,1.);
#1992 = DIRECTION('',(0.,1.,0.));
#1993 = PCURVE('',#1608,#1994);
#1994 = DEFINITIONAL_REPRESENTATION('',(#1995),#1998);
#1995 = B_SPLINE_CURVE_WITH_KNOTS('',1,(#1996,#1997),.UNSPECIFIED.,.F.,
  .F.,(2,2),(37.48,70.0000006),.PIECEWISE_BEZIER_KNOTS.);
#1996 = CARTESIAN_POINT('',(4.283216556901,37.48));
#1997 = CARTESIAN_POINT('',(4.283216556901,70.0000006));
#1998 = ( GEOMETRIC_REPRESENTATION_CONTEXT(2) 
PARAMETRIC_REPRESENTATION_CONTEXT() REPRESENTATION_CONTEXT('2D SPACE',''
  ) );
#1999 = PCURVE('',#986,#2000);
#2000 = DEFINITIONAL_REPRESENTATION('',(#2001),#2004);
#2001 = B_SPLINE_CURVE_WITH_KNOTS('',1,(#2002,#2003),.UNSPECIFIED.,.F.,
  .F.,(2,2),(37.48,70.0000006),.PIECEWISE_BEZIER_KNOTS.);
#2002 = CARTESIAN_POINT('',(24.713925804051,-5.42));
#2003 = CARTESIAN_POINT('',(24.713925804051,27.1000006));
#2004 = ( GEOMETRIC_REPRESENTATION_CONTEXT(2) 
PARAMETRIC_REPRESENTATION_CONTEXT() REPRESENTATION_CONTEXT('2D SPACE',''
  ) );
#2005 = ORIENTED_EDGE('',*,*,#1519,.F.);
#2006 = ORIENTED_EDGE('',*,*,#2007,.F.);
#2007 = EDGE_CURVE('',#2008,#1491,#2010,.T.);
#2008 = VERTEX_POINT('',#2009);
#2009 = CARTESIAN_POINT('',(-44.43410852037,-56.,225.7));
#2010 = SURFACE_CURVE('',#2011,(#2015,#2021),.PCURVE_S1.);
#2011 = LINE('',#2012,#2013);
#2012 = CARTESIAN_POINT('',(-44.43410852037,-70.,225.7));
#2013 = VECTOR('',#2014,1.);
#2014 = DIRECTION('',(0.,1.,0.));
#2015 = PCURVE('',#1608,#2016);
#2016 = DEFINITIONAL_REPRESENTATION('',(#2017),#2020);
#2017 = B_SPLINE_CURVE_WITH_KNOTS('',1,(#2018,#2019),.UNSPECIFIED.,.F.,
  .F.,(2,2),(2.8,137.2),.PIECEWISE_BEZIER_KNOTS.);
#2018 = CARTESIAN_POINT('',(3.961121259261,2.8));
#2019 = CARTESIAN_POINT('',(3.961121259261,137.2));
#2020 = ( GEOMETRIC_REPRESENTATION_CONTEXT(2) 
PARAMETRIC_REPRESENTATION_CONTEXT() REPRESENTATION_CONTEXT('2D SPACE',''
  ) );
#2021 = PCURVE('',#1507,#2022);
#2022 = DEFINITIONAL_REPRESENTATION('',(#2023),#2026);
#2023 = B_SPLINE_CURVE_WITH_KNOTS('',1,(#2024,#2025),.UNSPECIFIED.,.F.,
  .F.,(2,2),(2.8,137.2),.PIECEWISE_BEZIER_KNOTS.);
#2024 = CARTESIAN_POINT('',(11.56589147963,-11.2));
#2025 = CARTESIAN_POINT('',(11.56589147963,123.2));
#2026 = ( GEOMETRIC_REPRESENTATION_CONTEXT(2) 
PARAMETRIC_REPRESENTATION_CONTEXT() REPRESENTATION_CONTEXT('2D SPACE',''
  ) );
#2027 = ORIENTED_EDGE('',*,*,#2028,.T.);
#2028 = EDGE_CURVE('',#2008,#2029,#2031,.T.);
#2029 = VERTEX_POINT('',#2030);
#2030 = CARTESIAN_POINT('',(-56.,-56.,243.52216226088));
#2031 = SURFACE_CURVE('',#2032,(#2037,#2044),.PCURVE_S1.);
#2032 = CIRCLE('',#2033,60.8);
#2033 = AXIS2_PLACEMENT_3D('',#2034,#2035,#2036);
#2034 = CARTESIAN_POINT('',(0.,-56.,267.2));
#2035 = DIRECTION('',(0.,1.,0.));
#2036 = DIRECTION('',(0.,-0.,1.));
#2037 = PCURVE('',#1608,#2038);
#2038 = DEFINITIONAL_REPRESENTATION('',(#2039),#2043);
#2039 = LINE('',#2040,#2041);
#2040 = CARTESIAN_POINT('',(0.,14.));
#2041 = VECTOR('',#2042,1.);
#2042 = DIRECTION('',(1.,0.));
#2043 = ( GEOMETRIC_REPRESENTATION_CONTEXT(2) 
PARAMETRIC_REPRESENTATION_CONTEXT() REPRESENTATION_CONTEXT('2D SPACE',''
  ) );
#2044 = PCURVE('',#2045,#2050);
#2045 = PLANE('',#2046);
#2046 = AXIS2_PLACEMENT_3D('',#2047,#2048,#2049);
#2047 = CARTESIAN_POINT('',(-56.,-56.,225.7));
#2048 = DIRECTION('',(-0.,1.,0.));
#2049 = DIRECTION('',(0.,0.,1.));
#2050 = DEFINITIONAL_REPRESENTATION('',(#2051),#2055);
#2051 = CIRCLE('',#2052,60.8);
#2052 = AXIS2_PLACEMENT_2D('',#2053,#2054);
#2053 = CARTESIAN_POINT('',(41.5,56.));
#2054 = DIRECTION('',(1.,0.));
#2055 = ( GEOMETRIC_REPRESENTATION_CONTEXT(2) 
PARAMETRIC_REPRESENTATION_CONTEXT() REPRESENTATION_CONTEXT('2D SPACE',''
  ) );
#2056 = ORIENTED_EDGE('',*,*,#2057,.T.);
#2057 = EDGE_CURVE('',#2029,#2058,#2060,.T.);
#2058 = VERTEX_POINT('',#2059);
#2059 = CARTESIAN_POINT('',(-56.,-27.1,243.52216226088));
#2060 = SURFACE_CURVE('',#2061,(#2065,#2071),.PCURVE_S1.);
#2061 = LINE('',#2062,#2063);
#2062 = CARTESIAN_POINT('',(-56.,-70.,243.52216226088));
#2063 = VECTOR('',#2064,1.);
#2064 = DIRECTION('',(0.,1.,0.));
#2065 = PCURVE('',#1608,#2066);
#2066 = DEFINITIONAL_REPRESENTATION('',(#2067),#2070);
#2067 = B_SPLINE_CURVE_WITH_KNOTS('',1,(#2068,#2069),.UNSPECIFIED.,.F.,
  .F.,(2,2),(2.8,137.2),.PIECEWISE_BEZIER_KNOTS.);
#2068 = CARTESIAN_POINT('',(4.31236750679,2.8));
#2069 = CARTESIAN_POINT('',(4.31236750679,137.2));
#2070 = ( GEOMETRIC_REPRESENTATION_CONTEXT(2) 
PARAMETRIC_REPRESENTATION_CONTEXT() REPRESENTATION_CONTEXT('2D SPACE',''
  ) );
#2071 = PCURVE('',#2072,#2077);
#2072 = PLANE('',#2073);
#2073 = AXIS2_PLACEMENT_3D('',#2074,#2075,#2076);
#2074 = CARTESIAN_POINT('',(-56.,-56.,225.7));
#2075 = DIRECTION('',(1.,0.,-0.));
#2076 = DIRECTION('',(0.,0.,1.));
#2077 = DEFINITIONAL_REPRESENTATION('',(#2078),#2081);
#2078 = B_SPLINE_CURVE_WITH_KNOTS('',1,(#2079,#2080),.UNSPECIFIED.,.F.,
  .F.,(2,2),(2.8,137.2),.PIECEWISE_BEZIER_KNOTS.);
#2079 = CARTESIAN_POINT('',(17.822162260882,11.2));
#2080 = CARTESIAN_POINT('',(17.822162260882,-123.2));
#2081 = ( GEOMETRIC_REPRESENTATION_CONTEXT(2) 
PARAMETRIC_REPRESENTATION_CONTEXT() REPRESENTATION_CONTEXT('2D SPACE',''
  ) );
#2082 = ORIENTED_EDGE('',*,*,#2083,.F.);
#2083 = EDGE_CURVE('',#1986,#2058,#2084,.T.);
#2084 = SURFACE_CURVE('',#2085,(#2090,#2097),.PCURVE_S1.);
#2085 = CIRCLE('',#2086,60.8);
#2086 = AXIS2_PLACEMENT_3D('',#2087,#2088,#2089);
#2087 = CARTESIAN_POINT('',(0.,-27.1,267.2));
#2088 = DIRECTION('',(0.,1.,0.));
#2089 = DIRECTION('',(0.,-0.,1.));
#2090 = PCURVE('',#1608,#2091);
#2091 = DEFINITIONAL_REPRESENTATION('',(#2092),#2096);
#2092 = LINE('',#2093,#2094);
#2093 = CARTESIAN_POINT('',(0.,42.9));
#2094 = VECTOR('',#2095,1.);
#2095 = DIRECTION('',(1.,0.));
#2096 = ( GEOMETRIC_REPRESENTATION_CONTEXT(2) 
PARAMETRIC_REPRESENTATION_CONTEXT() REPRESENTATION_CONTEXT('2D SPACE',''
  ) );
#2097 = PCURVE('',#2098,#2103);
#2098 = PLANE('',#2099);
#2099 = AXIS2_PLACEMENT_3D('',#2100,#2101,#2102);
#2100 = CARTESIAN_POINT('',(-80.,-27.1,241.9));
#2101 = DIRECTION('',(-0.,1.,0.));
#2102 = DIRECTION('',(0.,0.,1.));
#2103 = DEFINITIONAL_REPRESENTATION('',(#2104),#2108);
#2104 = CIRCLE('',#2105,60.8);
#2105 = AXIS2_PLACEMENT_2D('',#2106,#2107);
#2106 = CARTESIAN_POINT('',(25.3,80.));
#2107 = DIRECTION('',(1.,0.));
#2108 = ( GEOMETRIC_REPRESENTATION_CONTEXT(2) 
PARAMETRIC_REPRESENTATION_CONTEXT() REPRESENTATION_CONTEXT('2D SPACE',''
  ) );
#2109 = ADVANCED_FACE('',(#2110),#2098,.T.);
#2110 = FACE_BOUND('',#2111,.T.);
#2111 = EDGE_LOOP('',(#2112,#2135,#2136,#2157,#2185,#2211));
#2112 = ORIENTED_EDGE('',*,*,#2113,.F.);
#2113 = EDGE_CURVE('',#1986,#2114,#2116,.T.);
#2114 = VERTEX_POINT('',#2115);
#2115 = CARTESIAN_POINT('',(55.286074195949,-27.1,241.9));
#2116 = SURFACE_CURVE('',#2117,(#2121,#2128),.PCURVE_S1.);
#2117 = LINE('',#2118,#2119);
#2118 = CARTESIAN_POINT('',(-80.,-27.1,241.9));
#2119 = VECTOR('',#2120,1.);
#2120 = DIRECTION('',(1.,0.,-0.));
#2121 = PCURVE('',#2098,#2122);
#2122 = DEFINITIONAL_REPRESENTATION('',(#2123),#2127);
#2123 = LINE('',#2124,#2125);
#2124 = CARTESIAN_POINT('',(0.,0.));
#2125 = VECTOR('',#2126,1.);
#2126 = DIRECTION('',(0.,1.));
#2127 = ( GEOMETRIC_REPRESENTATION_CONTEXT(2) 
PARAMETRIC_REPRESENTATION_CONTEXT() REPRESENTATION_CONTEXT('2D SPACE',''
  ) );
#2128 = PCURVE('',#986,#2129);
#2129 = DEFINITIONAL_REPRESENTATION('',(#2130),#2134);
#2130 = LINE('',#2131,#2132);
#2131 = CARTESIAN_POINT('',(0.,0.));
#2132 = VECTOR('',#2133,1.);
#2133 = DIRECTION('',(1.,0.));
#2134 = ( GEOMETRIC_REPRESENTATION_CONTEXT(2) 
PARAMETRIC_REPRESENTATION_CONTEXT() REPRESENTATION_CONTEXT('2D SPACE',''
  ) );
#2135 = ORIENTED_EDGE('',*,*,#2083,.T.);
#2136 = ORIENTED_EDGE('',*,*,#2137,.T.);
#2137 = EDGE_CURVE('',#2058,#2138,#2140,.T.);
#2138 = VERTEX_POINT('',#2139);
#2139 = CARTESIAN_POINT('',(-56.,-27.1,250.6));
#2140 = SURFACE_CURVE('',#2141,(#2145,#2151),.PCURVE_S1.);
#2141 = LINE('',#2142,#2143);
#2142 = CARTESIAN_POINT('',(-56.,-27.1,233.8));
#2143 = VECTOR('',#2144,1.);
#2144 = DIRECTION('',(0.,0.,1.));
#2145 = PCURVE('',#2098,#2146);
#2146 = DEFINITIONAL_REPRESENTATION('',(#2147),#2150);
#2147 = B_SPLINE_CURVE_WITH_KNOTS('',1,(#2148,#2149),.UNSPECIFIED.,.F.,
  .F.,(2,2),(9.722162260882,16.8),.PIECEWISE_BEZIER_KNOTS.);
#2148 = CARTESIAN_POINT('',(1.622162260882,24.));
#2149 = CARTESIAN_POINT('',(8.7,24.));
#2150 = ( GEOMETRIC_REPRESENTATION_CONTEXT(2) 
PARAMETRIC_REPRESENTATION_CONTEXT() REPRESENTATION_CONTEXT('2D SPACE',''
  ) );
#2151 = PCURVE('',#2072,#2152);
#2152 = DEFINITIONAL_REPRESENTATION('',(#2153),#2156);
#2153 = B_SPLINE_CURVE_WITH_KNOTS('',1,(#2154,#2155),.UNSPECIFIED.,.F.,
  .F.,(2,2),(9.722162260882,16.8),.PIECEWISE_BEZIER_KNOTS.);
#2154 = CARTESIAN_POINT('',(17.822162260882,-28.9));
#2155 = CARTESIAN_POINT('',(24.9,-28.9));
#2156 = ( GEOMETRIC_REPRESENTATION_CONTEXT(2) 
PARAMETRIC_REPRESENTATION_CONTEXT() REPRESENTATION_CONTEXT('2D SPACE',''
  ) );
#2157 = ORIENTED_EDGE('',*,*,#2158,.T.);
#2158 = EDGE_CURVE('',#2138,#2159,#2161,.T.);
#2159 = VERTEX_POINT('',#2160);
#2160 = CARTESIAN_POINT('',(56.,-27.1,250.6));
#2161 = SURFACE_CURVE('',#2162,(#2166,#2173),.PCURVE_S1.);
#2162 = LINE('',#2163,#2164);
#2163 = CARTESIAN_POINT('',(-80.,-27.1,250.6));
#2164 = VECTOR('',#2165,1.);
#2165 = DIRECTION('',(1.,0.,-0.));
#2166 = PCURVE('',#2098,#2167);
#2167 = DEFINITIONAL_REPRESENTATION('',(#2168),#2172);
#2168 = LINE('',#2169,#2170);
#2169 = CARTESIAN_POINT('',(8.7,0.));
#2170 = VECTOR('',#2171,1.);
#2171 = DIRECTION('',(0.,1.));
#2172 = ( GEOMETRIC_REPRESENTATION_CONTEXT(2) 
PARAMETRIC_REPRESENTATION_CONTEXT() REPRESENTATION_CONTEXT('2D SPACE',''
  ) );
#2173 = PCURVE('',#2174,#2179);
#2174 = PLANE('',#2175);
#2175 = AXIS2_PLACEMENT_3D('',#2176,#2177,#2178);
#2176 = CARTESIAN_POINT('',(-80.,-27.1,250.6));
#2177 = DIRECTION('',(0.,0.,1.));
#2178 = DIRECTION('',(1.,0.,-0.));
#2179 = DEFINITIONAL_REPRESENTATION('',(#2180),#2184);
#2180 = LINE('',#2181,#2182);
#2181 = CARTESIAN_POINT('',(0.,0.));
#2182 = VECTOR('',#2183,1.);
#2183 = DIRECTION('',(1.,0.));
#2184 = ( GEOMETRIC_REPRESENTATION_CONTEXT(2) 
PARAMETRIC_REPRESENTATION_CONTEXT() REPRESENTATION_CONTEXT('2D SPACE',''
  ) );
#2185 = ORIENTED_EDGE('',*,*,#2186,.F.);
#2186 = EDGE_CURVE('',#2187,#2159,#2189,.T.);
#2187 = VERTEX_POINT('',#2188);
#2188 = CARTESIAN_POINT('',(56.,-27.1,243.52216226088));
#2189 = SURFACE_CURVE('',#2190,(#2194,#2200),.PCURVE_S1.);
#2190 = LINE('',#2191,#2192);
#2191 = CARTESIAN_POINT('',(56.,-27.1,233.8));
#2192 = VECTOR('',#2193,1.);
#2193 = DIRECTION('',(0.,0.,1.));
#2194 = PCURVE('',#2098,#2195);
#2195 = DEFINITIONAL_REPRESENTATION('',(#2196),#2199);
#2196 = B_SPLINE_CURVE_WITH_KNOTS('',1,(#2197,#2198),.UNSPECIFIED.,.F.,
  .F.,(2,2),(9.722162260882,16.8),.PIECEWISE_BEZIER_KNOTS.);
#2197 = CARTESIAN_POINT('',(1.622162260882,136.));
#2198 = CARTESIAN_POINT('',(8.7,136.));
#2199 = ( GEOMETRIC_REPRESENTATION_CONTEXT(2) 
PARAMETRIC_REPRESENTATION_CONTEXT() REPRESENTATION_CONTEXT('2D SPACE',''
  ) );
#2200 = PCURVE('',#2201,#2206);
#2201 = PLANE('',#2202);
#2202 = AXIS2_PLACEMENT_3D('',#2203,#2204,#2205);
#2203 = CARTESIAN_POINT('',(56.,-56.,225.7));
#2204 = DIRECTION('',(1.,0.,-0.));
#2205 = DIRECTION('',(0.,0.,1.));
#2206 = DEFINITIONAL_REPRESENTATION('',(#2207),#2210);
#2207 = B_SPLINE_CURVE_WITH_KNOTS('',1,(#2208,#2209),.UNSPECIFIED.,.F.,
  .F.,(2,2),(9.722162260882,16.8),.PIECEWISE_BEZIER_KNOTS.);
#2208 = CARTESIAN_POINT('',(17.822162260882,-28.9));
#2209 = CARTESIAN_POINT('',(24.9,-28.9));
#2210 = ( GEOMETRIC_REPRESENTATION_CONTEXT(2) 
PARAMETRIC_REPRESENTATION_CONTEXT() REPRESENTATION_CONTEXT('2D SPACE',''
  ) );
#2211 = ORIENTED_EDGE('',*,*,#2212,.T.);
#2212 = EDGE_CURVE('',#2187,#2114,#2213,.T.);
#2213 = SURFACE_CURVE('',#2214,(#2219,#2226),.PCURVE_S1.);
#2214 = CIRCLE('',#2215,60.8);
#2215 = AXIS2_PLACEMENT_3D('',#2216,#2217,#2218);
#2216 = CARTESIAN_POINT('',(0.,-27.1,267.2));
#2217 = DIRECTION('',(0.,1.,0.));
#2218 = DIRECTION('',(0.,-0.,1.));
#2219 = PCURVE('',#2098,#2220);
#2220 = DEFINITIONAL_REPRESENTATION('',(#2221),#2225);
#2221 = CIRCLE('',#2222,60.8);
#2222 = AXIS2_PLACEMENT_2D('',#2223,#2224);
#2223 = CARTESIAN_POINT('',(25.3,80.));
#2224 = DIRECTION('',(1.,0.));
#2225 = ( GEOMETRIC_REPRESENTATION_CONTEXT(2) 
PARAMETRIC_REPRESENTATION_CONTEXT() REPRESENTATION_CONTEXT('2D SPACE',''
  ) );
#2226 = PCURVE('',#1405,#2227);
#2227 = DEFINITIONAL_REPRESENTATION('',(#2228),#2232);
#2228 = LINE('',#2229,#2230);
#2229 = CARTESIAN_POINT('',(0.,42.9));
#2230 = VECTOR('',#2231,1.);
#2231 = DIRECTION('',(1.,0.));
#2232 = ( GEOMETRIC_REPRESENTATION_CONTEXT(2) 
PARAMETRIC_REPRESENTATION_CONTEXT() REPRESENTATION_CONTEXT('2D SPACE',''
  ) );
#2233 = ADVANCED_FACE('',(#2234),#2174,.F.);
#2234 = FACE_BOUND('',#2235,.F.);
#2235 = EDGE_LOOP('',(#2236,#2264,#2283,#2284));
#2236 = ORIENTED_EDGE('',*,*,#2237,.T.);
#2237 = EDGE_CURVE('',#2238,#2240,#2242,.T.);
#2238 = VERTEX_POINT('',#2239);
#2239 = CARTESIAN_POINT('',(56.,-19.1,250.6));
#2240 = VERTEX_POINT('',#2241);
#2241 = CARTESIAN_POINT('',(-56.,-19.1,250.6));
#2242 = SURFACE_CURVE('',#2243,(#2247,#2253),.PCURVE_S1.);
#2243 = LINE('',#2244,#2245);
#2244 = CARTESIAN_POINT('',(-80.,-19.1,250.6));
#2245 = VECTOR('',#2246,1.);
#2246 = DIRECTION('',(-1.,-0.,0.));
#2247 = PCURVE('',#2174,#2248);
#2248 = DEFINITIONAL_REPRESENTATION('',(#2249),#2252);
#2249 = B_SPLINE_CURVE_WITH_KNOTS('',1,(#2250,#2251),.UNSPECIFIED.,.F.,
  .F.,(2,2),(-136.,-24.),.PIECEWISE_BEZIER_KNOTS.);
#2250 = CARTESIAN_POINT('',(136.,8.));
#2251 = CARTESIAN_POINT('',(24.,8.));
#2252 = ( GEOMETRIC_REPRESENTATION_CONTEXT(2) 
PARAMETRIC_REPRESENTATION_CONTEXT() REPRESENTATION_CONTEXT('2D SPACE',''
  ) );
#2253 = PCURVE('',#2254,#2259);
#2254 = PLANE('',#2255);
#2255 = AXIS2_PLACEMENT_3D('',#2256,#2257,#2258);
#2256 = CARTESIAN_POINT('',(-80.,-19.1,250.5));
#2257 = DIRECTION('',(-0.,1.,0.));
#2258 = DIRECTION('',(0.,0.,1.));
#2259 = DEFINITIONAL_REPRESENTATION('',(#2260),#2263);
#2260 = B_SPLINE_CURVE_WITH_KNOTS('',1,(#2261,#2262),.UNSPECIFIED.,.F.,
  .F.,(2,2),(-136.,-24.),.PIECEWISE_BEZIER_KNOTS.);
#2261 = CARTESIAN_POINT('',(9.999999999999E-02,136.));
#2262 = CARTESIAN_POINT('',(9.999999999999E-02,24.));
#2263 = ( GEOMETRIC_REPRESENTATION_CONTEXT(2) 
PARAMETRIC_REPRESENTATION_CONTEXT() REPRESENTATION_CONTEXT('2D SPACE',''
  ) );
#2264 = ORIENTED_EDGE('',*,*,#2265,.T.);
#2265 = EDGE_CURVE('',#2240,#2138,#2266,.T.);
#2266 = SURFACE_CURVE('',#2267,(#2271,#2277),.PCURVE_S1.);
#2267 = LINE('',#2268,#2269);
#2268 = CARTESIAN_POINT('',(-56.,-41.55,250.6));
#2269 = VECTOR('',#2270,1.);
#2270 = DIRECTION('',(0.,-1.,0.));
#2271 = PCURVE('',#2174,#2272);
#2272 = DEFINITIONAL_REPRESENTATION('',(#2273),#2276);
#2273 = B_SPLINE_CURVE_WITH_KNOTS('',1,(#2274,#2275),.UNSPECIFIED.,.F.,
  .F.,(2,2),(-68.65,-14.45),.PIECEWISE_BEZIER_KNOTS.);
#2274 = CARTESIAN_POINT('',(24.,54.2));
#2275 = CARTESIAN_POINT('',(24.,0.));
#2276 = ( GEOMETRIC_REPRESENTATION_CONTEXT(2) 
PARAMETRIC_REPRESENTATION_CONTEXT() REPRESENTATION_CONTEXT('2D SPACE',''
  ) );
#2277 = PCURVE('',#2072,#2278);
#2278 = DEFINITIONAL_REPRESENTATION('',(#2279),#2282);
#2279 = B_SPLINE_CURVE_WITH_KNOTS('',1,(#2280,#2281),.UNSPECIFIED.,.F.,
  .F.,(2,2),(-68.65,-14.45),.PIECEWISE_BEZIER_KNOTS.);
#2280 = CARTESIAN_POINT('',(24.9,-83.1));
#2281 = CARTESIAN_POINT('',(24.9,-28.9));
#2282 = ( GEOMETRIC_REPRESENTATION_CONTEXT(2) 
PARAMETRIC_REPRESENTATION_CONTEXT() REPRESENTATION_CONTEXT('2D SPACE',''
  ) );
#2283 = ORIENTED_EDGE('',*,*,#2158,.T.);
#2284 = ORIENTED_EDGE('',*,*,#2285,.F.);
#2285 = EDGE_CURVE('',#2238,#2159,#2286,.T.);
#2286 = SURFACE_CURVE('',#2287,(#2291,#2297),.PCURVE_S1.);
#2287 = LINE('',#2288,#2289);
#2288 = CARTESIAN_POINT('',(56.,-41.55,250.6));
#2289 = VECTOR('',#2290,1.);
#2290 = DIRECTION('',(0.,-1.,0.));
#2291 = PCURVE('',#2174,#2292);
#2292 = DEFINITIONAL_REPRESENTATION('',(#2293),#2296);
#2293 = B_SPLINE_CURVE_WITH_KNOTS('',1,(#2294,#2295),.UNSPECIFIED.,.F.,
  .F.,(2,2),(-68.65,-14.45),.PIECEWISE_BEZIER_KNOTS.);
#2294 = CARTESIAN_POINT('',(136.,54.2));
#2295 = CARTESIAN_POINT('',(136.,0.));
#2296 = ( GEOMETRIC_REPRESENTATION_CONTEXT(2) 
PARAMETRIC_REPRESENTATION_CONTEXT() REPRESENTATION_CONTEXT('2D SPACE',''
  ) );
#2297 = PCURVE('',#2201,#2298);
#2298 = DEFINITIONAL_REPRESENTATION('',(#2299),#2302);
#2299 = B_SPLINE_CURVE_WITH_KNOTS('',1,(#2300,#2301),.UNSPECIFIED.,.F.,
  .F.,(2,2),(-68.65,-14.45),.PIECEWISE_BEZIER_KNOTS.);
#2300 = CARTESIAN_POINT('',(24.9,-83.1));
#2301 = CARTESIAN_POINT('',(24.9,-28.9));
#2302 = ( GEOMETRIC_REPRESENTATION_CONTEXT(2) 
PARAMETRIC_REPRESENTATION_CONTEXT() REPRESENTATION_CONTEXT('2D SPACE',''
  ) );
#2303 = ADVANCED_FACE('',(#2304),#2254,.T.);
#2304 = FACE_BOUND('',#2305,.T.);
#2305 = EDGE_LOOP('',(#2306,#2327,#2328,#2349));
#2306 = ORIENTED_EDGE('',*,*,#2307,.F.);
#2307 = EDGE_CURVE('',#2238,#2308,#2310,.T.);
#2308 = VERTEX_POINT('',#2309);
#2309 = CARTESIAN_POINT('',(56.,-19.1,258.));
#2310 = SURFACE_CURVE('',#2311,(#2315,#2321),.PCURVE_S1.);
#2311 = LINE('',#2312,#2313);
#2312 = CARTESIAN_POINT('',(56.,-19.1,238.1));
#2313 = VECTOR('',#2314,1.);
#2314 = DIRECTION('',(0.,0.,1.));
#2315 = PCURVE('',#2254,#2316);
#2316 = DEFINITIONAL_REPRESENTATION('',(#2317),#2320);
#2317 = B_SPLINE_CURVE_WITH_KNOTS('',1,(#2318,#2319),.UNSPECIFIED.,.F.,
  .F.,(2,2),(12.4,19.9),.PIECEWISE_BEZIER_KNOTS.);
#2318 = CARTESIAN_POINT('',(0.,136.));
#2319 = CARTESIAN_POINT('',(7.5,136.));
#2320 = ( GEOMETRIC_REPRESENTATION_CONTEXT(2) 
PARAMETRIC_REPRESENTATION_CONTEXT() REPRESENTATION_CONTEXT('2D SPACE',''
  ) );
#2321 = PCURVE('',#2201,#2322);
#2322 = DEFINITIONAL_REPRESENTATION('',(#2323),#2326);
#2323 = B_SPLINE_CURVE_WITH_KNOTS('',1,(#2324,#2325),.UNSPECIFIED.,.F.,
  .F.,(2,2),(12.4,19.9),.PIECEWISE_BEZIER_KNOTS.);
#2324 = CARTESIAN_POINT('',(24.8,-36.9));
#2325 = CARTESIAN_POINT('',(32.3,-36.9));
#2326 = ( GEOMETRIC_REPRESENTATION_CONTEXT(2) 
PARAMETRIC_REPRESENTATION_CONTEXT() REPRESENTATION_CONTEXT('2D SPACE',''
  ) );
#2327 = ORIENTED_EDGE('',*,*,#2237,.T.);
#2328 = ORIENTED_EDGE('',*,*,#2329,.T.);
#2329 = EDGE_CURVE('',#2240,#2330,#2332,.T.);
#2330 = VERTEX_POINT('',#2331);
#2331 = CARTESIAN_POINT('',(-56.,-19.1,258.));
#2332 = SURFACE_CURVE('',#2333,(#2337,#2343),.PCURVE_S1.);
#2333 = LINE('',#2334,#2335);
#2334 = CARTESIAN_POINT('',(-56.,-19.1,238.1));
#2335 = VECTOR('',#2336,1.);
#2336 = DIRECTION('',(0.,0.,1.));
#2337 = PCURVE('',#2254,#2338);
#2338 = DEFINITIONAL_REPRESENTATION('',(#2339),#2342);
#2339 = B_SPLINE_CURVE_WITH_KNOTS('',1,(#2340,#2341),.UNSPECIFIED.,.F.,
  .F.,(2,2),(12.4,19.9),.PIECEWISE_BEZIER_KNOTS.);
#2340 = CARTESIAN_POINT('',(0.,24.));
#2341 = CARTESIAN_POINT('',(7.5,24.));
#2342 = ( GEOMETRIC_REPRESENTATION_CONTEXT(2) 
PARAMETRIC_REPRESENTATION_CONTEXT() REPRESENTATION_CONTEXT('2D SPACE',''
  ) );
#2343 = PCURVE('',#2072,#2344);
#2344 = DEFINITIONAL_REPRESENTATION('',(#2345),#2348);
#2345 = B_SPLINE_CURVE_WITH_KNOTS('',1,(#2346,#2347),.UNSPECIFIED.,.F.,
  .F.,(2,2),(12.4,19.9),.PIECEWISE_BEZIER_KNOTS.);
#2346 = CARTESIAN_POINT('',(24.8,-36.9));
#2347 = CARTESIAN_POINT('',(32.3,-36.9));
#2348 = ( GEOMETRIC_REPRESENTATION_CONTEXT(2) 
PARAMETRIC_REPRESENTATION_CONTEXT() REPRESENTATION_CONTEXT('2D SPACE',''
  ) );
#2349 = ORIENTED_EDGE('',*,*,#2350,.F.);
#2350 = EDGE_CURVE('',#2308,#2330,#2351,.T.);
#2351 = SURFACE_CURVE('',#2352,(#2356,#2362),.PCURVE_S1.);
#2352 = LINE('',#2353,#2354);
#2353 = CARTESIAN_POINT('',(-68.,-19.1,258.));
#2354 = VECTOR('',#2355,1.);
#2355 = DIRECTION('',(-1.,-0.,0.));
#2356 = PCURVE('',#2254,#2357);
#2357 = DEFINITIONAL_REPRESENTATION('',(#2358),#2361);
#2358 = B_SPLINE_CURVE_WITH_KNOTS('',1,(#2359,#2360),.UNSPECIFIED.,.F.,
  .F.,(2,2),(-124.,-12.),.PIECEWISE_BEZIER_KNOTS.);
#2359 = CARTESIAN_POINT('',(7.5,136.));
#2360 = CARTESIAN_POINT('',(7.5,24.));
#2361 = ( GEOMETRIC_REPRESENTATION_CONTEXT(2) 
PARAMETRIC_REPRESENTATION_CONTEXT() REPRESENTATION_CONTEXT('2D SPACE',''
  ) );
#2362 = PCURVE('',#2363,#2368);
#2363 = PLANE('',#2364);
#2364 = AXIS2_PLACEMENT_3D('',#2365,#2366,#2367);
#2365 = CARTESIAN_POINT('',(-56.,-56.,258.));
#2366 = DIRECTION('',(0.,0.,1.));
#2367 = DIRECTION('',(1.,0.,-0.));
#2368 = DEFINITIONAL_REPRESENTATION('',(#2369),#2372);
#2369 = B_SPLINE_CURVE_WITH_KNOTS('',1,(#2370,#2371),.UNSPECIFIED.,.F.,
  .F.,(2,2),(-124.,-12.),.PIECEWISE_BEZIER_KNOTS.);
#2370 = CARTESIAN_POINT('',(112.,36.9));
#2371 = CARTESIAN_POINT('',(0.,36.9));
#2372 = ( GEOMETRIC_REPRESENTATION_CONTEXT(2) 
PARAMETRIC_REPRESENTATION_CONTEXT() REPRESENTATION_CONTEXT('2D SPACE',''
  ) );
#2373 = ADVANCED_FACE('',(#2374),#2363,.T.);
#2374 = FACE_BOUND('',#2375,.T.);
#2375 = EDGE_LOOP('',(#2376,#2399,#2425,#2446));
#2376 = ORIENTED_EDGE('',*,*,#2377,.F.);
#2377 = EDGE_CURVE('',#2378,#2330,#2380,.T.);
#2378 = VERTEX_POINT('',#2379);
#2379 = CARTESIAN_POINT('',(-56.,-52.21197007481,258.));
#2380 = SURFACE_CURVE('',#2381,(#2385,#2392),.PCURVE_S1.);
#2381 = LINE('',#2382,#2383);
#2382 = CARTESIAN_POINT('',(-56.,-56.,258.));
#2383 = VECTOR('',#2384,1.);
#2384 = DIRECTION('',(-0.,1.,0.));
#2385 = PCURVE('',#2363,#2386);
#2386 = DEFINITIONAL_REPRESENTATION('',(#2387),#2391);
#2387 = LINE('',#2388,#2389);
#2388 = CARTESIAN_POINT('',(0.,0.));
#2389 = VECTOR('',#2390,1.);
#2390 = DIRECTION('',(0.,1.));
#2391 = ( GEOMETRIC_REPRESENTATION_CONTEXT(2) 
PARAMETRIC_REPRESENTATION_CONTEXT() REPRESENTATION_CONTEXT('2D SPACE',''
  ) );
#2392 = PCURVE('',#2072,#2393);
#2393 = DEFINITIONAL_REPRESENTATION('',(#2394),#2398);
#2394 = LINE('',#2395,#2396);
#2395 = CARTESIAN_POINT('',(32.3,0.));
#2396 = VECTOR('',#2397,1.);
#2397 = DIRECTION('',(0.,-1.));
#2398 = ( GEOMETRIC_REPRESENTATION_CONTEXT(2) 
PARAMETRIC_REPRESENTATION_CONTEXT() REPRESENTATION_CONTEXT('2D SPACE',''
  ) );
#2399 = ORIENTED_EDGE('',*,*,#2400,.T.);
#2400 = EDGE_CURVE('',#2378,#2401,#2403,.T.);
#2401 = VERTEX_POINT('',#2402);
#2402 = CARTESIAN_POINT('',(56.,-52.21197007481,258.));
#2403 = SURFACE_CURVE('',#2404,(#2408,#2414),.PCURVE_S1.);
#2404 = LINE('',#2405,#2406);
#2405 = CARTESIAN_POINT('',(-68.,-52.21197007481,258.));
#2406 = VECTOR('',#2407,1.);
#2407 = DIRECTION('',(1.,0.,-0.));
#2408 = PCURVE('',#2363,#2409);
#2409 = DEFINITIONAL_REPRESENTATION('',(#2410),#2413);
#2410 = B_SPLINE_CURVE_WITH_KNOTS('',1,(#2411,#2412),.UNSPECIFIED.,.F.,
  .F.,(2,2),(12.,124.),.PIECEWISE_BEZIER_KNOTS.);
#2411 = CARTESIAN_POINT('',(0.,3.788029925187));
#2412 = CARTESIAN_POINT('',(112.,3.788029925187));
#2413 = ( GEOMETRIC_REPRESENTATION_CONTEXT(2) 
PARAMETRIC_REPRESENTATION_CONTEXT() REPRESENTATION_CONTEXT('2D SPACE',''
  ) );
#2414 = PCURVE('',#2415,#2420);
#2415 = PLANE('',#2416);
#2416 = AXIS2_PLACEMENT_3D('',#2417,#2418,#2419);
#2417 = CARTESIAN_POINT('',(-80.,-57.,254.));
#2418 = DIRECTION('',(0.,-0.641127483653,0.767434394398));
#2419 = DIRECTION('',(0.,0.767434394398,0.641127483653));
#2420 = DEFINITIONAL_REPRESENTATION('',(#2421),#2424);
#2421 = B_SPLINE_CURVE_WITH_KNOTS('',1,(#2422,#2423),.UNSPECIFIED.,.F.,
  .F.,(2,2),(12.,124.),.PIECEWISE_BEZIER_KNOTS.);
#2422 = CARTESIAN_POINT('',(6.239008780607,-24.));
#2423 = CARTESIAN_POINT('',(6.239008780607,-136.));
#2424 = ( GEOMETRIC_REPRESENTATION_CONTEXT(2) 
PARAMETRIC_REPRESENTATION_CONTEXT() REPRESENTATION_CONTEXT('2D SPACE',''
  ) );
#2425 = ORIENTED_EDGE('',*,*,#2426,.T.);
#2426 = EDGE_CURVE('',#2401,#2308,#2427,.T.);
#2427 = SURFACE_CURVE('',#2428,(#2432,#2439),.PCURVE_S1.);
#2428 = LINE('',#2429,#2430);
#2429 = CARTESIAN_POINT('',(56.,-56.,258.));
#2430 = VECTOR('',#2431,1.);
#2431 = DIRECTION('',(-0.,1.,0.));
#2432 = PCURVE('',#2363,#2433);
#2433 = DEFINITIONAL_REPRESENTATION('',(#2434),#2438);
#2434 = LINE('',#2435,#2436);
#2435 = CARTESIAN_POINT('',(112.,0.));
#2436 = VECTOR('',#2437,1.);
#2437 = DIRECTION('',(0.,1.));
#2438 = ( GEOMETRIC_REPRESENTATION_CONTEXT(2) 
PARAMETRIC_REPRESENTATION_CONTEXT() REPRESENTATION_CONTEXT('2D SPACE',''
  ) );
#2439 = PCURVE('',#2201,#2440);
#2440 = DEFINITIONAL_REPRESENTATION('',(#2441),#2445);
#2441 = LINE('',#2442,#2443);
#2442 = CARTESIAN_POINT('',(32.3,0.));
#2443 = VECTOR('',#2444,1.);
#2444 = DIRECTION('',(0.,-1.));
#2445 = ( GEOMETRIC_REPRESENTATION_CONTEXT(2) 
PARAMETRIC_REPRESENTATION_CONTEXT() REPRESENTATION_CONTEXT('2D SPACE',''
  ) );
#2446 = ORIENTED_EDGE('',*,*,#2350,.T.);
#2447 = ADVANCED_FACE('',(#2448),#2415,.T.);
#2448 = FACE_BOUND('',#2449,.T.);
#2449 = EDGE_LOOP('',(#2450,#2451,#2472,#2493));
#2450 = ORIENTED_EDGE('',*,*,#2400,.F.);
#2451 = ORIENTED_EDGE('',*,*,#2452,.T.);
#2452 = EDGE_CURVE('',#2378,#2453,#2455,.T.);
#2453 = VERTEX_POINT('',#2454);
#2454 = CARTESIAN_POINT('',(-56.,-56.,254.83541666666));
#2455 = SURFACE_CURVE('',#2456,(#2460,#2466),.PCURVE_S1.);
#2456 = LINE('',#2457,#2458);
#2457 = CARTESIAN_POINT('',(-56.,-63.66765166755,248.42973266939));
#2458 = VECTOR('',#2459,1.);
#2459 = DIRECTION('',(0.,-0.767434394398,-0.641127483653));
#2460 = PCURVE('',#2415,#2461);
#2461 = DEFINITIONAL_REPRESENTATION('',(#2462),#2465);
#2462 = B_SPLINE_CURVE_WITH_KNOTS('',1,(#2463,#2464),.UNSPECIFIED.,.F.,
  .F.,(2,2),(-14.92724547709,-9.991279676192),.PIECEWISE_BEZIER_KNOTS.);
#2463 = CARTESIAN_POINT('',(6.239008780607,-24.));
#2464 = CARTESIAN_POINT('',(1.3030429797,-24.));
#2465 = ( GEOMETRIC_REPRESENTATION_CONTEXT(2) 
PARAMETRIC_REPRESENTATION_CONTEXT() REPRESENTATION_CONTEXT('2D SPACE',''
  ) );
#2466 = PCURVE('',#2072,#2467);
#2467 = DEFINITIONAL_REPRESENTATION('',(#2468),#2471);
#2468 = B_SPLINE_CURVE_WITH_KNOTS('',1,(#2469,#2470),.UNSPECIFIED.,.F.,
  .F.,(2,2),(-14.92724547709,-9.991279676192),.PIECEWISE_BEZIER_KNOTS.);
#2469 = CARTESIAN_POINT('',(32.3,-3.788029925187));
#2470 = CARTESIAN_POINT('',(29.135416666667,-8.881784197001E-16));
#2471 = ( GEOMETRIC_REPRESENTATION_CONTEXT(2) 
PARAMETRIC_REPRESENTATION_CONTEXT() REPRESENTATION_CONTEXT('2D SPACE',''
  ) );
#2472 = ORIENTED_EDGE('',*,*,#2473,.T.);
#2473 = EDGE_CURVE('',#2453,#2474,#2476,.T.);
#2474 = VERTEX_POINT('',#2475);
#2475 = CARTESIAN_POINT('',(56.,-56.,254.83541666666));
#2476 = SURFACE_CURVE('',#2477,(#2481,#2487),.PCURVE_S1.);
#2477 = LINE('',#2478,#2479);
#2478 = CARTESIAN_POINT('',(-68.,-56.,254.83541666666));
#2479 = VECTOR('',#2480,1.);
#2480 = DIRECTION('',(1.,0.,0.));
#2481 = PCURVE('',#2415,#2482);
#2482 = DEFINITIONAL_REPRESENTATION('',(#2483),#2486);
#2483 = B_SPLINE_CURVE_WITH_KNOTS('',1,(#2484,#2485),.UNSPECIFIED.,.F.,
  .F.,(2,2),(12.,124.),.PIECEWISE_BEZIER_KNOTS.);
#2484 = CARTESIAN_POINT('',(1.3030429797,-24.));
#2485 = CARTESIAN_POINT('',(1.3030429797,-136.));
#2486 = ( GEOMETRIC_REPRESENTATION_CONTEXT(2) 
PARAMETRIC_REPRESENTATION_CONTEXT() REPRESENTATION_CONTEXT('2D SPACE',''
  ) );
#2487 = PCURVE('',#2045,#2488);
#2488 = DEFINITIONAL_REPRESENTATION('',(#2489),#2492);
#2489 = B_SPLINE_CURVE_WITH_KNOTS('',1,(#2490,#2491),.UNSPECIFIED.,.F.,
  .F.,(2,2),(12.,124.),.PIECEWISE_BEZIER_KNOTS.);
#2490 = CARTESIAN_POINT('',(29.135416666667,-1.207922650792E-13));
#2491 = CARTESIAN_POINT('',(29.135416666667,112.));
#2492 = ( GEOMETRIC_REPRESENTATION_CONTEXT(2) 
PARAMETRIC_REPRESENTATION_CONTEXT() REPRESENTATION_CONTEXT('2D SPACE',''
  ) );
#2493 = ORIENTED_EDGE('',*,*,#2494,.F.);
#2494 = EDGE_CURVE('',#2401,#2474,#2495,.T.);
#2495 = SURFACE_CURVE('',#2496,(#2500,#2506),.PCURVE_S1.);
#2496 = LINE('',#2497,#2498);
#2497 = CARTESIAN_POINT('',(56.,-63.66765166755,248.42973266939));
#2498 = VECTOR('',#2499,1.);
#2499 = DIRECTION('',(0.,-0.767434394398,-0.641127483653));
#2500 = PCURVE('',#2415,#2501);
#2501 = DEFINITIONAL_REPRESENTATION('',(#2502),#2505);
#2502 = B_SPLINE_CURVE_WITH_KNOTS('',1,(#2503,#2504),.UNSPECIFIED.,.F.,
  .F.,(2,2),(-14.92724547709,-9.991279676192),.PIECEWISE_BEZIER_KNOTS.);
#2503 = CARTESIAN_POINT('',(6.239008780607,-136.));
#2504 = CARTESIAN_POINT('',(1.3030429797,-136.));
#2505 = ( GEOMETRIC_REPRESENTATION_CONTEXT(2) 
PARAMETRIC_REPRESENTATION_CONTEXT() REPRESENTATION_CONTEXT('2D SPACE',''
  ) );
#2506 = PCURVE('',#2201,#2507);
#2507 = DEFINITIONAL_REPRESENTATION('',(#2508),#2511);
#2508 = B_SPLINE_CURVE_WITH_KNOTS('',1,(#2509,#2510),.UNSPECIFIED.,.F.,
  .F.,(2,2),(-14.92724547709,-9.991279676192),.PIECEWISE_BEZIER_KNOTS.);
#2509 = CARTESIAN_POINT('',(32.3,-3.788029925187));
#2510 = CARTESIAN_POINT('',(29.135416666667,-8.881784197001E-16));
#2511 = ( GEOMETRIC_REPRESENTATION_CONTEXT(2) 
PARAMETRIC_REPRESENTATION_CONTEXT() REPRESENTATION_CONTEXT('2D SPACE',''
  ) );
#2512 = ADVANCED_FACE('',(#2513),#2201,.T.);
#2513 = FACE_BOUND('',#2514,.T.);
#2514 = EDGE_LOOP('',(#2515,#2538,#2557,#2558,#2559,#2560,#2561));
#2515 = ORIENTED_EDGE('',*,*,#2516,.F.);
#2516 = EDGE_CURVE('',#2517,#2474,#2519,.T.);
#2517 = VERTEX_POINT('',#2518);
#2518 = CARTESIAN_POINT('',(56.,-56.,243.52216226088));
#2519 = SURFACE_CURVE('',#2520,(#2524,#2531),.PCURVE_S1.);
#2520 = LINE('',#2521,#2522);
#2521 = CARTESIAN_POINT('',(56.,-56.,225.7));
#2522 = VECTOR('',#2523,1.);
#2523 = DIRECTION('',(0.,0.,1.));
#2524 = PCURVE('',#2201,#2525);
#2525 = DEFINITIONAL_REPRESENTATION('',(#2526),#2530);
#2526 = LINE('',#2527,#2528);
#2527 = CARTESIAN_POINT('',(0.,0.));
#2528 = VECTOR('',#2529,1.);
#2529 = DIRECTION('',(1.,0.));
#2530 = ( GEOMETRIC_REPRESENTATION_CONTEXT(2) 
PARAMETRIC_REPRESENTATION_CONTEXT() REPRESENTATION_CONTEXT('2D SPACE',''
  ) );
#2531 = PCURVE('',#2045,#2532);
#2532 = DEFINITIONAL_REPRESENTATION('',(#2533),#2537);
#2533 = LINE('',#2534,#2535);
#2534 = CARTESIAN_POINT('',(0.,112.));
#2535 = VECTOR('',#2536,1.);
#2536 = DIRECTION('',(1.,0.));
#2537 = ( GEOMETRIC_REPRESENTATION_CONTEXT(2) 
PARAMETRIC_REPRESENTATION_CONTEXT() REPRESENTATION_CONTEXT('2D SPACE',''
  ) );
#2538 = ORIENTED_EDGE('',*,*,#2539,.T.);
#2539 = EDGE_CURVE('',#2517,#2187,#2540,.T.);
#2540 = SURFACE_CURVE('',#2541,(#2545,#2551),.PCURVE_S1.);
#2541 = LINE('',#2542,#2543);
#2542 = CARTESIAN_POINT('',(56.,-70.,243.52216226088));
#2543 = VECTOR('',#2544,1.);
#2544 = DIRECTION('',(0.,1.,0.));
#2545 = PCURVE('',#2201,#2546);
#2546 = DEFINITIONAL_REPRESENTATION('',(#2547),#2550);
#2547 = B_SPLINE_CURVE_WITH_KNOTS('',1,(#2548,#2549),.UNSPECIFIED.,.F.,
  .F.,(2,2),(2.8,137.2),.PIECEWISE_BEZIER_KNOTS.);
#2548 = CARTESIAN_POINT('',(17.822162260882,11.2));
#2549 = CARTESIAN_POINT('',(17.822162260882,-123.2));
#2550 = ( GEOMETRIC_REPRESENTATION_CONTEXT(2) 
PARAMETRIC_REPRESENTATION_CONTEXT() REPRESENTATION_CONTEXT('2D SPACE',''
  ) );
#2551 = PCURVE('',#1405,#2552);
#2552 = DEFINITIONAL_REPRESENTATION('',(#2553),#2556);
#2553 = B_SPLINE_CURVE_WITH_KNOTS('',1,(#2554,#2555),.UNSPECIFIED.,.F.,
  .F.,(2,2),(2.8,137.2),.PIECEWISE_BEZIER_KNOTS.);
#2554 = CARTESIAN_POINT('',(1.970817800389,2.8));
#2555 = CARTESIAN_POINT('',(1.970817800389,137.2));
#2556 = ( GEOMETRIC_REPRESENTATION_CONTEXT(2) 
PARAMETRIC_REPRESENTATION_CONTEXT() REPRESENTATION_CONTEXT('2D SPACE',''
  ) );
#2557 = ORIENTED_EDGE('',*,*,#2186,.T.);
#2558 = ORIENTED_EDGE('',*,*,#2285,.F.);
#2559 = ORIENTED_EDGE('',*,*,#2307,.T.);
#2560 = ORIENTED_EDGE('',*,*,#2426,.F.);
#2561 = ORIENTED_EDGE('',*,*,#2494,.T.);
#2562 = ADVANCED_FACE('',(#2563),#2072,.F.);
#2563 = FACE_BOUND('',#2564,.F.);
#2564 = EDGE_LOOP('',(#2565,#2586,#2587,#2588,#2589,#2590,#2591));
#2565 = ORIENTED_EDGE('',*,*,#2566,.F.);
#2566 = EDGE_CURVE('',#2029,#2453,#2567,.T.);
#2567 = SURFACE_CURVE('',#2568,(#2572,#2579),.PCURVE_S1.);
#2568 = LINE('',#2569,#2570);
#2569 = CARTESIAN_POINT('',(-56.,-56.,225.7));
#2570 = VECTOR('',#2571,1.);
#2571 = DIRECTION('',(0.,0.,1.));
#2572 = PCURVE('',#2072,#2573);
#2573 = DEFINITIONAL_REPRESENTATION('',(#2574),#2578);
#2574 = LINE('',#2575,#2576);
#2575 = CARTESIAN_POINT('',(0.,0.));
#2576 = VECTOR('',#2577,1.);
#2577 = DIRECTION('',(1.,0.));
#2578 = ( GEOMETRIC_REPRESENTATION_CONTEXT(2) 
PARAMETRIC_REPRESENTATION_CONTEXT() REPRESENTATION_CONTEXT('2D SPACE',''
  ) );
#2579 = PCURVE('',#2045,#2580);
#2580 = DEFINITIONAL_REPRESENTATION('',(#2581),#2585);
#2581 = LINE('',#2582,#2583);
#2582 = CARTESIAN_POINT('',(0.,0.));
#2583 = VECTOR('',#2584,1.);
#2584 = DIRECTION('',(1.,0.));
#2585 = ( GEOMETRIC_REPRESENTATION_CONTEXT(2) 
PARAMETRIC_REPRESENTATION_CONTEXT() REPRESENTATION_CONTEXT('2D SPACE',''
  ) );
#2586 = ORIENTED_EDGE('',*,*,#2057,.T.);
#2587 = ORIENTED_EDGE('',*,*,#2137,.T.);
#2588 = ORIENTED_EDGE('',*,*,#2265,.F.);
#2589 = ORIENTED_EDGE('',*,*,#2329,.T.);
#2590 = ORIENTED_EDGE('',*,*,#2377,.F.);
#2591 = ORIENTED_EDGE('',*,*,#2452,.T.);
#2592 = ADVANCED_FACE('',(#2593),#2045,.F.);
#2593 = FACE_BOUND('',#2594,.F.);
#2594 = EDGE_LOOP('',(#2595,#2616,#2617,#2618,#2619,#2620,#2644));
#2595 = ORIENTED_EDGE('',*,*,#2596,.F.);
#2596 = EDGE_CURVE('',#2008,#1462,#2597,.T.);
#2597 = SURFACE_CURVE('',#2598,(#2602,#2609),.PCURVE_S1.);
#2598 = LINE('',#2599,#2600);
#2599 = CARTESIAN_POINT('',(-56.,-56.,225.7));
#2600 = VECTOR('',#2601,1.);
#2601 = DIRECTION('',(1.,0.,-0.));
#2602 = PCURVE('',#2045,#2603);
#2603 = DEFINITIONAL_REPRESENTATION('',(#2604),#2608);
#2604 = LINE('',#2605,#2606);
#2605 = CARTESIAN_POINT('',(0.,0.));
#2606 = VECTOR('',#2607,1.);
#2607 = DIRECTION('',(0.,1.));
#2608 = ( GEOMETRIC_REPRESENTATION_CONTEXT(2) 
PARAMETRIC_REPRESENTATION_CONTEXT() REPRESENTATION_CONTEXT('2D SPACE',''
  ) );
#2609 = PCURVE('',#1507,#2610);
#2610 = DEFINITIONAL_REPRESENTATION('',(#2611),#2615);
#2611 = LINE('',#2612,#2613);
#2612 = CARTESIAN_POINT('',(0.,0.));
#2613 = VECTOR('',#2614,1.);
#2614 = DIRECTION('',(1.,0.));
#2615 = ( GEOMETRIC_REPRESENTATION_CONTEXT(2) 
PARAMETRIC_REPRESENTATION_CONTEXT() REPRESENTATION_CONTEXT('2D SPACE',''
  ) );
#2616 = ORIENTED_EDGE('',*,*,#2028,.T.);
#2617 = ORIENTED_EDGE('',*,*,#2566,.T.);
#2618 = ORIENTED_EDGE('',*,*,#2473,.T.);
#2619 = ORIENTED_EDGE('',*,*,#2516,.F.);
#2620 = ORIENTED_EDGE('',*,*,#2621,.T.);
#2621 = EDGE_CURVE('',#2517,#2622,#2624,.T.);
#2622 = VERTEX_POINT('',#2623);
#2623 = CARTESIAN_POINT('',(44.43410852037,-56.,225.7));
#2624 = SURFACE_CURVE('',#2625,(#2630,#2637),.PCURVE_S1.);
#2625 = CIRCLE('',#2626,60.8);
#2626 = AXIS2_PLACEMENT_3D('',#2627,#2628,#2629);
#2627 = CARTESIAN_POINT('',(0.,-56.,267.2));
#2628 = DIRECTION('',(0.,1.,0.));
#2629 = DIRECTION('',(0.,-0.,1.));
#2630 = PCURVE('',#2045,#2631);
#2631 = DEFINITIONAL_REPRESENTATION('',(#2632),#2636);
#2632 = CIRCLE('',#2633,60.8);
#2633 = AXIS2_PLACEMENT_2D('',#2634,#2635);
#2634 = CARTESIAN_POINT('',(41.5,56.));
#2635 = DIRECTION('',(1.,0.));
#2636 = ( GEOMETRIC_REPRESENTATION_CONTEXT(2) 
PARAMETRIC_REPRESENTATION_CONTEXT() REPRESENTATION_CONTEXT('2D SPACE',''
  ) );
#2637 = PCURVE('',#1405,#2638);
#2638 = DEFINITIONAL_REPRESENTATION('',(#2639),#2643);
#2639 = LINE('',#2640,#2641);
#2640 = CARTESIAN_POINT('',(0.,14.));
#2641 = VECTOR('',#2642,1.);
#2642 = DIRECTION('',(1.,0.));
#2643 = ( GEOMETRIC_REPRESENTATION_CONTEXT(2) 
PARAMETRIC_REPRESENTATION_CONTEXT() REPRESENTATION_CONTEXT('2D SPACE',''
  ) );
#2644 = ORIENTED_EDGE('',*,*,#2645,.F.);
#2645 = EDGE_CURVE('',#1462,#2622,#2646,.T.);
#2646 = SURFACE_CURVE('',#2647,(#2651,#2658),.PCURVE_S1.);
#2647 = LINE('',#2648,#2649);
#2648 = CARTESIAN_POINT('',(-56.,-56.,225.7));
#2649 = VECTOR('',#2650,1.);
#2650 = DIRECTION('',(1.,0.,-0.));
#2651 = PCURVE('',#2045,#2652);
#2652 = DEFINITIONAL_REPRESENTATION('',(#2653),#2657);
#2653 = LINE('',#2654,#2655);
#2654 = CARTESIAN_POINT('',(0.,0.));
#2655 = VECTOR('',#2656,1.);
#2656 = DIRECTION('',(0.,1.));
#2657 = ( GEOMETRIC_REPRESENTATION_CONTEXT(2) 
PARAMETRIC_REPRESENTATION_CONTEXT() REPRESENTATION_CONTEXT('2D SPACE',''
  ) );
#2658 = PCURVE('',#1478,#2659);
#2659 = DEFINITIONAL_REPRESENTATION('',(#2660),#2664);
#2660 = LINE('',#2661,#2662);
#2661 = CARTESIAN_POINT('',(0.,0.));
#2662 = VECTOR('',#2663,1.);
#2663 = DIRECTION('',(1.,0.));
#2664 = ( GEOMETRIC_REPRESENTATION_CONTEXT(2) 
PARAMETRIC_REPRESENTATION_CONTEXT() REPRESENTATION_CONTEXT('2D SPACE',''
  ) );
#2665 = ADVANCED_FACE('',(#2666),#1507,.F.);
#2666 = FACE_BOUND('',#2667,.F.);
#2667 = EDGE_LOOP('',(#2668,#2669,#2670));
#2668 = ORIENTED_EDGE('',*,*,#1490,.F.);
#2669 = ORIENTED_EDGE('',*,*,#2007,.F.);
#2670 = ORIENTED_EDGE('',*,*,#2596,.T.);
#2671 = ADVANCED_FACE('',(#2672),#1478,.F.);
#2672 = FACE_BOUND('',#2673,.F.);
#2673 = EDGE_LOOP('',(#2674,#2675,#2676));
#2674 = ORIENTED_EDGE('',*,*,#1461,.F.);
#2675 = ORIENTED_EDGE('',*,*,#2645,.T.);
#2676 = ORIENTED_EDGE('',*,*,#2677,.T.);
#2677 = EDGE_CURVE('',#2622,#1323,#2678,.T.);
#2678 = SURFACE_CURVE('',#2679,(#2683,#2689),.PCURVE_S1.);
#2679 = LINE('',#2680,#2681);
#2680 = CARTESIAN_POINT('',(44.43410852037,-70.,225.7));
#2681 = VECTOR('',#2682,1.);
#2682 = DIRECTION('',(0.,1.,0.));
#2683 = PCURVE('',#1478,#2684);
#2684 = DEFINITIONAL_REPRESENTATION('',(#2685),#2688);
#2685 = B_SPLINE_CURVE_WITH_KNOTS('',1,(#2686,#2687),.UNSPECIFIED.,.F.,
  .F.,(2,2),(2.8,137.2),.PIECEWISE_BEZIER_KNOTS.);
#2686 = CARTESIAN_POINT('',(100.43410852037,-11.2));
#2687 = CARTESIAN_POINT('',(100.43410852037,123.2));
#2688 = ( GEOMETRIC_REPRESENTATION_CONTEXT(2) 
PARAMETRIC_REPRESENTATION_CONTEXT() REPRESENTATION_CONTEXT('2D SPACE',''
  ) );
#2689 = PCURVE('',#1405,#2690);
#2690 = DEFINITIONAL_REPRESENTATION('',(#2691),#2694);
#2691 = B_SPLINE_CURVE_WITH_KNOTS('',1,(#2692,#2693),.UNSPECIFIED.,.F.,
  .F.,(2,2),(2.8,137.2),.PIECEWISE_BEZIER_KNOTS.);
#2692 = CARTESIAN_POINT('',(2.322064047919,2.8));
#2693 = CARTESIAN_POINT('',(2.322064047919,137.2));
#2694 = ( GEOMETRIC_REPRESENTATION_CONTEXT(2) 
PARAMETRIC_REPRESENTATION_CONTEXT() REPRESENTATION_CONTEXT('2D SPACE',''
  ) );
#2695 = ADVANCED_FACE('',(#2696),#1405,.T.);
#2696 = FACE_BOUND('',#2697,.T.);
#2697 = EDGE_LOOP('',(#2698,#2699,#2700,#2701,#2720,#2721));
#2698 = ORIENTED_EDGE('',*,*,#2621,.T.);
#2699 = ORIENTED_EDGE('',*,*,#2677,.T.);
#2700 = ORIENTED_EDGE('',*,*,#1322,.F.);
#2701 = ORIENTED_EDGE('',*,*,#2702,.F.);
#2702 = EDGE_CURVE('',#2114,#1299,#2703,.T.);
#2703 = SURFACE_CURVE('',#2704,(#2708,#2714),.PCURVE_S1.);
#2704 = LINE('',#2705,#2706);
#2705 = CARTESIAN_POINT('',(55.286074195949,-70.,241.9));
#2706 = VECTOR('',#2707,1.);
#2707 = DIRECTION('',(0.,1.,0.));
#2708 = PCURVE('',#1405,#2709);
#2709 = DEFINITIONAL_REPRESENTATION('',(#2710),#2713);
#2710 = B_SPLINE_CURVE_WITH_KNOTS('',1,(#2711,#2712),.UNSPECIFIED.,.F.,
  .F.,(2,2),(37.48,70.0000006),.PIECEWISE_BEZIER_KNOTS.);
#2711 = CARTESIAN_POINT('',(1.999968750279,37.48));
#2712 = CARTESIAN_POINT('',(1.999968750279,70.0000006));
#2713 = ( GEOMETRIC_REPRESENTATION_CONTEXT(2) 
PARAMETRIC_REPRESENTATION_CONTEXT() REPRESENTATION_CONTEXT('2D SPACE',''
  ) );
#2714 = PCURVE('',#986,#2715);
#2715 = DEFINITIONAL_REPRESENTATION('',(#2716),#2719);
#2716 = B_SPLINE_CURVE_WITH_KNOTS('',1,(#2717,#2718),.UNSPECIFIED.,.F.,
  .F.,(2,2),(37.48,70.0000006),.PIECEWISE_BEZIER_KNOTS.);
#2717 = CARTESIAN_POINT('',(135.28607419594,-5.42));
#2718 = CARTESIAN_POINT('',(135.28607419594,27.1000006));
#2719 = ( GEOMETRIC_REPRESENTATION_CONTEXT(2) 
PARAMETRIC_REPRESENTATION_CONTEXT() REPRESENTATION_CONTEXT('2D SPACE',''
  ) );
#2720 = ORIENTED_EDGE('',*,*,#2212,.F.);
#2721 = ORIENTED_EDGE('',*,*,#2539,.F.);
#2722 = ADVANCED_FACE('',(#2723),#1105,.F.);
#2723 = FACE_BOUND('',#2724,.F.);
#2724 = EDGE_LOOP('',(#2725,#2726,#2749,#2776,#2777));
#2725 = ORIENTED_EDGE('',*,*,#1174,.F.);
#2726 = ORIENTED_EDGE('',*,*,#2727,.F.);
#2727 = EDGE_CURVE('',#2728,#999,#2730,.T.);
#2728 = VERTEX_POINT('',#2729);
#2729 = CARTESIAN_POINT('',(45.3,9.797174393179E-16,211.7));
#2730 = SEAM_CURVE('',#2731,(#2735,#2742),.PCURVE_S1.);
#2731 = LINE('',#2732,#2733);
#2732 = CARTESIAN_POINT('',(45.3,9.797174393179E-16,211.7));
#2733 = VECTOR('',#2734,1.);
#2734 = DIRECTION('',(1.,0.,0.));
#2735 = PCURVE('',#1105,#2736);
#2736 = DEFINITIONAL_REPRESENTATION('',(#2737),#2741);
#2737 = LINE('',#2738,#2739);
#2738 = CARTESIAN_POINT('',(6.28318530718,-0.));
#2739 = VECTOR('',#2740,1.);
#2740 = DIRECTION('',(0.,1.));
#2741 = ( GEOMETRIC_REPRESENTATION_CONTEXT(2) 
PARAMETRIC_REPRESENTATION_CONTEXT() REPRESENTATION_CONTEXT('2D SPACE',''
  ) );
#2742 = PCURVE('',#1105,#2743);
#2743 = DEFINITIONAL_REPRESENTATION('',(#2744),#2748);
#2744 = LINE('',#2745,#2746);
#2745 = CARTESIAN_POINT('',(0.,-0.));
#2746 = VECTOR('',#2747,1.);
#2747 = DIRECTION('',(0.,1.));
#2748 = ( GEOMETRIC_REPRESENTATION_CONTEXT(2) 
PARAMETRIC_REPRESENTATION_CONTEXT() REPRESENTATION_CONTEXT('2D SPACE',''
  ) );
#2749 = ORIENTED_EDGE('',*,*,#2750,.T.);
#2750 = EDGE_CURVE('',#2728,#2728,#2751,.T.);
#2751 = SURFACE_CURVE('',#2752,(#2757,#2764),.PCURVE_S1.);
#2752 = CIRCLE('',#2753,4.);
#2753 = AXIS2_PLACEMENT_3D('',#2754,#2755,#2756);
#2754 = CARTESIAN_POINT('',(45.3,0.,207.7));
#2755 = DIRECTION('',(1.,0.,0.));
#2756 = DIRECTION('',(-0.,0.,1.));
#2757 = PCURVE('',#1105,#2758);
#2758 = DEFINITIONAL_REPRESENTATION('',(#2759),#2763);
#2759 = LINE('',#2760,#2761);
#2760 = CARTESIAN_POINT('',(0.,0.));
#2761 = VECTOR('',#2762,1.);
#2762 = DIRECTION('',(1.,0.));
#2763 = ( GEOMETRIC_REPRESENTATION_CONTEXT(2) 
PARAMETRIC_REPRESENTATION_CONTEXT() REPRESENTATION_CONTEXT('2D SPACE',''
  ) );
#2764 = PCURVE('',#2765,#2770);
#2765 = PLANE('',#2766);
#2766 = AXIS2_PLACEMENT_3D('',#2767,#2768,#2769);
#2767 = CARTESIAN_POINT('',(45.3,0.,207.7));
#2768 = DIRECTION('',(1.,0.,0.));
#2769 = DIRECTION('',(-0.,0.,1.));
#2770 = DEFINITIONAL_REPRESENTATION('',(#2771),#2775);
#2771 = CIRCLE('',#2772,4.);
#2772 = AXIS2_PLACEMENT_2D('',#2773,#2774);
#2773 = CARTESIAN_POINT('',(0.,0.));
#2774 = DIRECTION('',(1.,0.));
#2775 = ( GEOMETRIC_REPRESENTATION_CONTEXT(2) 
PARAMETRIC_REPRESENTATION_CONTEXT() REPRESENTATION_CONTEXT('2D SPACE',''
  ) );
#2776 = ORIENTED_EDGE('',*,*,#2727,.T.);
#2777 = ORIENTED_EDGE('',*,*,#1021,.F.);
#2778 = ADVANCED_FACE('',(#2779),#2765,.T.);
#2779 = FACE_BOUND('',#2780,.F.);
#2780 = EDGE_LOOP('',(#2781));
#2781 = ORIENTED_EDGE('',*,*,#2750,.F.);
#2782 = ADVANCED_FACE('',(#2783,#2859,#2965),#986,.T.);
#2783 = FACE_BOUND('',#2784,.T.);
#2784 = EDGE_LOOP('',(#2785,#2815,#2834,#2835,#2836,#2837,#2838,#2839,
    #2840));
#2785 = ORIENTED_EDGE('',*,*,#2786,.F.);
#2786 = EDGE_CURVE('',#2787,#2789,#2791,.T.);
#2787 = VERTEX_POINT('',#2788);
#2788 = CARTESIAN_POINT('',(-55.28607419594,27.1,241.9));
#2789 = VERTEX_POINT('',#2790);
#2790 = CARTESIAN_POINT('',(55.286074195949,27.1,241.9));
#2791 = SURFACE_CURVE('',#2792,(#2796,#2803),.PCURVE_S1.);
#2792 = LINE('',#2793,#2794);
#2793 = CARTESIAN_POINT('',(-80.,27.1,241.9));
#2794 = VECTOR('',#2795,1.);
#2795 = DIRECTION('',(1.,0.,-0.));
#2796 = PCURVE('',#986,#2797);
#2797 = DEFINITIONAL_REPRESENTATION('',(#2798),#2802);
#2798 = LINE('',#2799,#2800);
#2799 = CARTESIAN_POINT('',(0.,54.2));
#2800 = VECTOR('',#2801,1.);
#2801 = DIRECTION('',(1.,0.));
#2802 = ( GEOMETRIC_REPRESENTATION_CONTEXT(2) 
PARAMETRIC_REPRESENTATION_CONTEXT() REPRESENTATION_CONTEXT('2D SPACE',''
  ) );
#2803 = PCURVE('',#2804,#2809);
#2804 = PLANE('',#2805);
#2805 = AXIS2_PLACEMENT_3D('',#2806,#2807,#2808);
#2806 = CARTESIAN_POINT('',(-80.,27.1,241.9));
#2807 = DIRECTION('',(-0.,1.,0.));
#2808 = DIRECTION('',(0.,0.,1.));
#2809 = DEFINITIONAL_REPRESENTATION('',(#2810),#2814);
#2810 = LINE('',#2811,#2812);
#2811 = CARTESIAN_POINT('',(0.,0.));
#2812 = VECTOR('',#2813,1.);
#2813 = DIRECTION('',(0.,1.));
#2814 = ( GEOMETRIC_REPRESENTATION_CONTEXT(2) 
PARAMETRIC_REPRESENTATION_CONTEXT() REPRESENTATION_CONTEXT('2D SPACE',''
  ) );
#2815 = ORIENTED_EDGE('',*,*,#2816,.F.);
#2816 = EDGE_CURVE('',#628,#2787,#2817,.T.);
#2817 = SURFACE_CURVE('',#2818,(#2822,#2828),.PCURVE_S1.);
#2818 = LINE('',#2819,#2820);
#2819 = CARTESIAN_POINT('',(-55.28607419594,-70.,241.9));
#2820 = VECTOR('',#2821,1.);
#2821 = DIRECTION('',(0.,1.,0.));
#2822 = PCURVE('',#986,#2823);
#2823 = DEFINITIONAL_REPRESENTATION('',(#2824),#2827);
#2824 = B_SPLINE_CURVE_WITH_KNOTS('',1,(#2825,#2826),.UNSPECIFIED.,.F.,
  .F.,(2,2),(69.9999994,102.52),.PIECEWISE_BEZIER_KNOTS.);
#2825 = CARTESIAN_POINT('',(24.713925804051,27.0999994));
#2826 = CARTESIAN_POINT('',(24.713925804051,59.62));
#2827 = ( GEOMETRIC_REPRESENTATION_CONTEXT(2) 
PARAMETRIC_REPRESENTATION_CONTEXT() REPRESENTATION_CONTEXT('2D SPACE',''
  ) );
#2828 = PCURVE('',#710,#2829);
#2829 = DEFINITIONAL_REPRESENTATION('',(#2830),#2833);
#2830 = B_SPLINE_CURVE_WITH_KNOTS('',1,(#2831,#2832),.UNSPECIFIED.,.F.,
  .F.,(2,2),(69.9999994,102.52),.PIECEWISE_BEZIER_KNOTS.);
#2831 = CARTESIAN_POINT('',(4.283216556901,69.9999994));
#2832 = CARTESIAN_POINT('',(4.283216556901,102.52));
#2833 = ( GEOMETRIC_REPRESENTATION_CONTEXT(2) 
PARAMETRIC_REPRESENTATION_CONTEXT() REPRESENTATION_CONTEXT('2D SPACE',''
  ) );
#2834 = ORIENTED_EDGE('',*,*,#1664,.T.);
#2835 = ORIENTED_EDGE('',*,*,#1985,.F.);
#2836 = ORIENTED_EDGE('',*,*,#2113,.T.);
#2837 = ORIENTED_EDGE('',*,*,#2702,.T.);
#2838 = ORIENTED_EDGE('',*,*,#1298,.T.);
#2839 = ORIENTED_EDGE('',*,*,#969,.T.);
#2840 = ORIENTED_EDGE('',*,*,#2841,.T.);
#2841 = EDGE_CURVE('',#825,#2789,#2842,.T.);
#2842 = SURFACE_CURVE('',#2843,(#2847,#2853),.PCURVE_S1.);
#2843 = LINE('',#2844,#2845);
#2844 = CARTESIAN_POINT('',(55.286074195949,-70.,241.9));
#2845 = VECTOR('',#2846,1.);
#2846 = DIRECTION('',(0.,1.,0.));
#2847 = PCURVE('',#986,#2848);
#2848 = DEFINITIONAL_REPRESENTATION('',(#2849),#2852);
#2849 = B_SPLINE_CURVE_WITH_KNOTS('',1,(#2850,#2851),.UNSPECIFIED.,.F.,
  .F.,(2,2),(69.9999994,102.52),.PIECEWISE_BEZIER_KNOTS.);
#2850 = CARTESIAN_POINT('',(135.28607419594,27.0999994));
#2851 = CARTESIAN_POINT('',(135.28607419594,59.62));
#2852 = ( GEOMETRIC_REPRESENTATION_CONTEXT(2) 
PARAMETRIC_REPRESENTATION_CONTEXT() REPRESENTATION_CONTEXT('2D SPACE',''
  ) );
#2853 = PCURVE('',#913,#2854);
#2854 = DEFINITIONAL_REPRESENTATION('',(#2855),#2858);
#2855 = B_SPLINE_CURVE_WITH_KNOTS('',1,(#2856,#2857),.UNSPECIFIED.,.F.,
  .F.,(2,2),(69.9999994,102.52),.PIECEWISE_BEZIER_KNOTS.);
#2856 = CARTESIAN_POINT('',(1.999968750279,69.9999994));
#2857 = CARTESIAN_POINT('',(1.999968750279,102.52));
#2858 = ( GEOMETRIC_REPRESENTATION_CONTEXT(2) 
PARAMETRIC_REPRESENTATION_CONTEXT() REPRESENTATION_CONTEXT('2D SPACE',''
  ) );
#2859 = FACE_BOUND('',#2860,.T.);
#2860 = EDGE_LOOP('',(#2861,#2889,#2915,#2941));
#2861 = ORIENTED_EDGE('',*,*,#2862,.T.);
#2862 = EDGE_CURVE('',#2863,#2865,#2867,.T.);
#2863 = VERTEX_POINT('',#2864);
#2864 = CARTESIAN_POINT('',(-53.1132278481,7.,241.9));
#2865 = VERTEX_POINT('',#2866);
#2866 = CARTESIAN_POINT('',(-12.92481012658,7.,241.9));
#2867 = SURFACE_CURVE('',#2868,(#2872,#2878),.PCURVE_S1.);
#2868 = LINE('',#2869,#2870);
#2869 = CARTESIAN_POINT('',(-55.08056622515,7.,241.9));
#2870 = VECTOR('',#2871,1.);
#2871 = DIRECTION('',(1.,0.,0.));
#2872 = PCURVE('',#986,#2873);
#2873 = DEFINITIONAL_REPRESENTATION('',(#2874),#2877);
#2874 = B_SPLINE_CURVE_WITH_KNOTS('',1,(#2875,#2876),.UNSPECIFIED.,.F.,
  .F.,(2,2),(1.910566225152,46.110566225152),.PIECEWISE_BEZIER_KNOTS.);
#2875 = CARTESIAN_POINT('',(26.83,34.1));
#2876 = CARTESIAN_POINT('',(71.03,34.1));
#2877 = ( GEOMETRIC_REPRESENTATION_CONTEXT(2) 
PARAMETRIC_REPRESENTATION_CONTEXT() REPRESENTATION_CONTEXT('2D SPACE',''
  ) );
#2878 = PCURVE('',#2879,#2884);
#2879 = PLANE('',#2880);
#2880 = AXIS2_PLACEMENT_3D('',#2881,#2882,#2883);
#2881 = CARTESIAN_POINT('',(-30.1611324503,7.,233.51499706177));
#2882 = DIRECTION('',(-0.,-1.,-0.));
#2883 = DIRECTION('',(0.,0.,-1.));
#2884 = DEFINITIONAL_REPRESENTATION('',(#2885),#2888);
#2885 = B_SPLINE_CURVE_WITH_KNOTS('',1,(#2886,#2887),.UNSPECIFIED.,.F.,
  .F.,(2,2),(1.910566225152,46.110566225152),.PIECEWISE_BEZIER_KNOTS.);
#2886 = CARTESIAN_POINT('',(-8.385002938222,-23.00886754969));
#2887 = CARTESIAN_POINT('',(-8.385002938222,21.191132450304));
#2888 = ( GEOMETRIC_REPRESENTATION_CONTEXT(2) 
PARAMETRIC_REPRESENTATION_CONTEXT() REPRESENTATION_CONTEXT('2D SPACE',''
  ) );
#2889 = ORIENTED_EDGE('',*,*,#2890,.T.);
#2890 = EDGE_CURVE('',#2865,#2891,#2893,.T.);
#2891 = VERTEX_POINT('',#2892);
#2892 = CARTESIAN_POINT('',(-12.92481012658,-7.,241.9));
#2893 = SURFACE_CURVE('',#2894,(#2898,#2904),.PCURVE_S1.);
#2894 = LINE('',#2895,#2896);
#2895 = CARTESIAN_POINT('',(-12.92481012658,-10.05,241.9));
#2896 = VECTOR('',#2897,1.);
#2897 = DIRECTION('',(0.,-1.,0.));
#2898 = PCURVE('',#986,#2899);
#2899 = DEFINITIONAL_REPRESENTATION('',(#2900),#2903);
#2900 = B_SPLINE_CURVE_WITH_KNOTS('',1,(#2901,#2902),.UNSPECIFIED.,.F.,
  .F.,(2,2),(-17.05,-3.05),.PIECEWISE_BEZIER_KNOTS.);
#2901 = CARTESIAN_POINT('',(67.075189873418,34.1));
#2902 = CARTESIAN_POINT('',(67.075189873418,20.1));
#2903 = ( GEOMETRIC_REPRESENTATION_CONTEXT(2) 
PARAMETRIC_REPRESENTATION_CONTEXT() REPRESENTATION_CONTEXT('2D SPACE',''
  ) );
#2904 = PCURVE('',#2905,#2910);
#2905 = PLANE('',#2906);
#2906 = AXIS2_PLACEMENT_3D('',#2907,#2908,#2909);
#2907 = CARTESIAN_POINT('',(-8.97,7.,226.2));
#2908 = DIRECTION('',(-0.969707724868,-0.,-0.244268148416));
#2909 = DIRECTION('',(-0.244268148416,0.,0.969707724868));
#2910 = DEFINITIONAL_REPRESENTATION('',(#2911),#2914);
#2911 = B_SPLINE_CURVE_WITH_KNOTS('',1,(#2912,#2913),.UNSPECIFIED.,.F.,
  .F.,(2,2),(-17.05,-3.05),.PIECEWISE_BEZIER_KNOTS.);
#2912 = CARTESIAN_POINT('',(16.190445427391,0.));
#2913 = CARTESIAN_POINT('',(16.190445427391,-14.));
#2914 = ( GEOMETRIC_REPRESENTATION_CONTEXT(2) 
PARAMETRIC_REPRESENTATION_CONTEXT() REPRESENTATION_CONTEXT('2D SPACE',''
  ) );
#2915 = ORIENTED_EDGE('',*,*,#2916,.F.);
#2916 = EDGE_CURVE('',#2917,#2891,#2919,.T.);
#2917 = VERTEX_POINT('',#2918);
#2918 = CARTESIAN_POINT('',(-53.1132278481,-7.,241.9));
#2919 = SURFACE_CURVE('',#2920,(#2924,#2930),.PCURVE_S1.);
#2920 = LINE('',#2921,#2922);
#2921 = CARTESIAN_POINT('',(-55.08056622515,-7.,241.9));
#2922 = VECTOR('',#2923,1.);
#2923 = DIRECTION('',(1.,0.,0.));
#2924 = PCURVE('',#986,#2925);
#2925 = DEFINITIONAL_REPRESENTATION('',(#2926),#2929);
#2926 = B_SPLINE_CURVE_WITH_KNOTS('',1,(#2927,#2928),.UNSPECIFIED.,.F.,
  .F.,(2,2),(1.910566225152,46.110566225152),.PIECEWISE_BEZIER_KNOTS.);
#2927 = CARTESIAN_POINT('',(26.83,20.1));
#2928 = CARTESIAN_POINT('',(71.03,20.1));
#2929 = ( GEOMETRIC_REPRESENTATION_CONTEXT(2) 
PARAMETRIC_REPRESENTATION_CONTEXT() REPRESENTATION_CONTEXT('2D SPACE',''
  ) );
#2930 = PCURVE('',#2931,#2936);
#2931 = PLANE('',#2932);
#2932 = AXIS2_PLACEMENT_3D('',#2933,#2934,#2935);
#2933 = CARTESIAN_POINT('',(-30.1611324503,-7.,233.51499706177));
#2934 = DIRECTION('',(-0.,-1.,-0.));
#2935 = DIRECTION('',(0.,0.,-1.));
#2936 = DEFINITIONAL_REPRESENTATION('',(#2937),#2940);
#2937 = B_SPLINE_CURVE_WITH_KNOTS('',1,(#2938,#2939),.UNSPECIFIED.,.F.,
  .F.,(2,2),(1.910566225152,46.110566225152),.PIECEWISE_BEZIER_KNOTS.);
#2938 = CARTESIAN_POINT('',(-8.385002938222,-23.00886754969));
#2939 = CARTESIAN_POINT('',(-8.385002938222,21.191132450304));
#2940 = ( GEOMETRIC_REPRESENTATION_CONTEXT(2) 
PARAMETRIC_REPRESENTATION_CONTEXT() REPRESENTATION_CONTEXT('2D SPACE',''
  ) );
#2941 = ORIENTED_EDGE('',*,*,#2942,.T.);
#2942 = EDGE_CURVE('',#2917,#2863,#2943,.T.);
#2943 = SURFACE_CURVE('',#2944,(#2948,#2954),.PCURVE_S1.);
#2944 = LINE('',#2945,#2946);
#2945 = CARTESIAN_POINT('',(-53.1132278481,-10.05,241.9));
#2946 = VECTOR('',#2947,1.);
#2947 = DIRECTION('',(0.,1.,0.));
#2948 = PCURVE('',#986,#2949);
#2949 = DEFINITIONAL_REPRESENTATION('',(#2950),#2953);
#2950 = B_SPLINE_CURVE_WITH_KNOTS('',1,(#2951,#2952),.UNSPECIFIED.,.F.,
  .F.,(2,2),(3.05,17.05),.PIECEWISE_BEZIER_KNOTS.);
#2951 = CARTESIAN_POINT('',(26.886772151899,20.1));
#2952 = CARTESIAN_POINT('',(26.886772151899,34.1));
#2953 = ( GEOMETRIC_REPRESENTATION_CONTEXT(2) 
PARAMETRIC_REPRESENTATION_CONTEXT() REPRESENTATION_CONTEXT('2D SPACE',''
  ) );
#2954 = PCURVE('',#2955,#2960);
#2955 = PLANE('',#2956);
#2956 = AXIS2_PLACEMENT_3D('',#2957,#2958,#2959);
#2957 = CARTESIAN_POINT('',(-53.17,7.,242.));
#2958 = DIRECTION('',(0.869628436869,0.,0.493706777134));
#2959 = DIRECTION('',(0.493706777134,0.,-0.869628436869));
#2960 = DEFINITIONAL_REPRESENTATION('',(#2961),#2964);
#2961 = B_SPLINE_CURVE_WITH_KNOTS('',1,(#2962,#2963),.UNSPECIFIED.,.F.,
  .F.,(2,2),(3.05,17.05),.PIECEWISE_BEZIER_KNOTS.);
#2962 = CARTESIAN_POINT('',(0.114991639832,-14.));
#2963 = CARTESIAN_POINT('',(0.114991639832,0.));
#2964 = ( GEOMETRIC_REPRESENTATION_CONTEXT(2) 
PARAMETRIC_REPRESENTATION_CONTEXT() REPRESENTATION_CONTEXT('2D SPACE',''
  ) );
#2965 = FACE_BOUND('',#2966,.T.);
#2966 = EDGE_LOOP('',(#2967,#2995,#3021,#3047));
#2967 = ORIENTED_EDGE('',*,*,#2968,.F.);
#2968 = EDGE_CURVE('',#2969,#2971,#2973,.T.);
#2969 = VERTEX_POINT('',#2970);
#2970 = CARTESIAN_POINT('',(12.924810126582,7.,241.9));
#2971 = VERTEX_POINT('',#2972);
#2972 = CARTESIAN_POINT('',(12.924810126582,-7.,241.9));
#2973 = SURFACE_CURVE('',#2974,(#2978,#2984),.PCURVE_S1.);
#2974 = LINE('',#2975,#2976);
#2975 = CARTESIAN_POINT('',(12.924810126582,-10.05,241.9));
#2976 = VECTOR('',#2977,1.);
#2977 = DIRECTION('',(0.,-1.,0.));
#2978 = PCURVE('',#986,#2979);
#2979 = DEFINITIONAL_REPRESENTATION('',(#2980),#2983);
#2980 = B_SPLINE_CURVE_WITH_KNOTS('',1,(#2981,#2982),.UNSPECIFIED.,.F.,
  .F.,(2,2),(-17.05,-3.05),.PIECEWISE_BEZIER_KNOTS.);
#2981 = CARTESIAN_POINT('',(92.924810126582,34.1));
#2982 = CARTESIAN_POINT('',(92.924810126582,20.1));
#2983 = ( GEOMETRIC_REPRESENTATION_CONTEXT(2) 
PARAMETRIC_REPRESENTATION_CONTEXT() REPRESENTATION_CONTEXT('2D SPACE',''
  ) );
#2984 = PCURVE('',#2985,#2990);
#2985 = PLANE('',#2986);
#2986 = AXIS2_PLACEMENT_3D('',#2987,#2988,#2989);
#2987 = CARTESIAN_POINT('',(8.97,7.,226.2));
#2988 = DIRECTION('',(-0.969707724868,0.,0.244268148416));
#2989 = DIRECTION('',(0.244268148416,0.,0.969707724868));
#2990 = DEFINITIONAL_REPRESENTATION('',(#2991),#2994);
#2991 = B_SPLINE_CURVE_WITH_KNOTS('',1,(#2992,#2993),.UNSPECIFIED.,.F.,
  .F.,(2,2),(-17.05,-3.05),.PIECEWISE_BEZIER_KNOTS.);
#2992 = CARTESIAN_POINT('',(16.190445427391,0.));
#2993 = CARTESIAN_POINT('',(16.190445427391,-14.));
#2994 = ( GEOMETRIC_REPRESENTATION_CONTEXT(2) 
PARAMETRIC_REPRESENTATION_CONTEXT() REPRESENTATION_CONTEXT('2D SPACE',''
  ) );
#2995 = ORIENTED_EDGE('',*,*,#2996,.F.);
#2996 = EDGE_CURVE('',#2997,#2969,#2999,.T.);
#2997 = VERTEX_POINT('',#2998);
#2998 = CARTESIAN_POINT('',(53.113227848101,7.,241.9));
#2999 = SURFACE_CURVE('',#3000,(#3004,#3010),.PCURVE_S1.);
#3000 = LINE('',#3001,#3002);
#3001 = CARTESIAN_POINT('',(-24.91943377484,7.,241.9));
#3002 = VECTOR('',#3003,1.);
#3003 = DIRECTION('',(-1.,0.,0.));
#3004 = PCURVE('',#986,#3005);
#3005 = DEFINITIONAL_REPRESENTATION('',(#3006),#3009);
#3006 = B_SPLINE_CURVE_WITH_KNOTS('',1,(#3007,#3008),.UNSPECIFIED.,.F.,
  .F.,(2,2),(-78.08943377484,-33.88943377484),.PIECEWISE_BEZIER_KNOTS.);
#3007 = CARTESIAN_POINT('',(133.17,34.1));
#3008 = CARTESIAN_POINT('',(88.97,34.1));
#3009 = ( GEOMETRIC_REPRESENTATION_CONTEXT(2) 
PARAMETRIC_REPRESENTATION_CONTEXT() REPRESENTATION_CONTEXT('2D SPACE',''
  ) );
#3010 = PCURVE('',#3011,#3016);
#3011 = PLANE('',#3012);
#3012 = AXIS2_PLACEMENT_3D('',#3013,#3014,#3015);
#3013 = CARTESIAN_POINT('',(30.161132450304,7.,233.51499706177));
#3014 = DIRECTION('',(0.,1.,0.));
#3015 = DIRECTION('',(0.,-0.,1.));
#3016 = DEFINITIONAL_REPRESENTATION('',(#3017),#3020);
#3017 = B_SPLINE_CURVE_WITH_KNOTS('',1,(#3018,#3019),.UNSPECIFIED.,.F.,
  .F.,(2,2),(-78.08943377484,-33.88943377484),.PIECEWISE_BEZIER_KNOTS.);
#3018 = CARTESIAN_POINT('',(8.385002938222,23.008867549696));
#3019 = CARTESIAN_POINT('',(8.385002938222,-21.1911324503));
#3020 = ( GEOMETRIC_REPRESENTATION_CONTEXT(2) 
PARAMETRIC_REPRESENTATION_CONTEXT() REPRESENTATION_CONTEXT('2D SPACE',''
  ) );
#3021 = ORIENTED_EDGE('',*,*,#3022,.F.);
#3022 = EDGE_CURVE('',#3023,#2997,#3025,.T.);
#3023 = VERTEX_POINT('',#3024);
#3024 = CARTESIAN_POINT('',(53.113227848101,-7.,241.9));
#3025 = SURFACE_CURVE('',#3026,(#3030,#3036),.PCURVE_S1.);
#3026 = LINE('',#3027,#3028);
#3027 = CARTESIAN_POINT('',(53.113227848101,-10.05,241.9));
#3028 = VECTOR('',#3029,1.);
#3029 = DIRECTION('',(-0.,1.,0.));
#3030 = PCURVE('',#986,#3031);
#3031 = DEFINITIONAL_REPRESENTATION('',(#3032),#3035);
#3032 = B_SPLINE_CURVE_WITH_KNOTS('',1,(#3033,#3034),.UNSPECIFIED.,.F.,
  .F.,(2,2),(3.05,17.05),.PIECEWISE_BEZIER_KNOTS.);
#3033 = CARTESIAN_POINT('',(133.1132278481,20.1));
#3034 = CARTESIAN_POINT('',(133.1132278481,34.1));
#3035 = ( GEOMETRIC_REPRESENTATION_CONTEXT(2) 
PARAMETRIC_REPRESENTATION_CONTEXT() REPRESENTATION_CONTEXT('2D SPACE',''
  ) );
#3036 = PCURVE('',#3037,#3042);
#3037 = PLANE('',#3038);
#3038 = AXIS2_PLACEMENT_3D('',#3039,#3040,#3041);
#3039 = CARTESIAN_POINT('',(53.17,7.,242.));
#3040 = DIRECTION('',(0.869628436869,0.,-0.493706777134));
#3041 = DIRECTION('',(-0.493706777134,0.,-0.869628436869));
#3042 = DEFINITIONAL_REPRESENTATION('',(#3043),#3046);
#3043 = B_SPLINE_CURVE_WITH_KNOTS('',1,(#3044,#3045),.UNSPECIFIED.,.F.,
  .F.,(2,2),(3.05,17.05),.PIECEWISE_BEZIER_KNOTS.);
#3044 = CARTESIAN_POINT('',(0.114991639832,-14.));
#3045 = CARTESIAN_POINT('',(0.114991639832,0.));
#3046 = ( GEOMETRIC_REPRESENTATION_CONTEXT(2) 
PARAMETRIC_REPRESENTATION_CONTEXT() REPRESENTATION_CONTEXT('2D SPACE',''
  ) );
#3047 = ORIENTED_EDGE('',*,*,#3048,.T.);
#3048 = EDGE_CURVE('',#3023,#2971,#3049,.T.);
#3049 = SURFACE_CURVE('',#3050,(#3054,#3060),.PCURVE_S1.);
#3050 = LINE('',#3051,#3052);
#3051 = CARTESIAN_POINT('',(-24.91943377484,-7.,241.9));
#3052 = VECTOR('',#3053,1.);
#3053 = DIRECTION('',(-1.,0.,0.));
#3054 = PCURVE('',#986,#3055);
#3055 = DEFINITIONAL_REPRESENTATION('',(#3056),#3059);
#3056 = B_SPLINE_CURVE_WITH_KNOTS('',1,(#3057,#3058),.UNSPECIFIED.,.F.,
  .F.,(2,2),(-78.08943377484,-33.88943377484),.PIECEWISE_BEZIER_KNOTS.);
#3057 = CARTESIAN_POINT('',(133.17,20.1));
#3058 = CARTESIAN_POINT('',(88.97,20.1));
#3059 = ( GEOMETRIC_REPRESENTATION_CONTEXT(2) 
PARAMETRIC_REPRESENTATION_CONTEXT() REPRESENTATION_CONTEXT('2D SPACE',''
  ) );
#3060 = PCURVE('',#3061,#3066);
#3061 = PLANE('',#3062);
#3062 = AXIS2_PLACEMENT_3D('',#3063,#3064,#3065);
#3063 = CARTESIAN_POINT('',(30.161132450304,-7.,233.51499706177));
#3064 = DIRECTION('',(0.,1.,0.));
#3065 = DIRECTION('',(0.,-0.,1.));
#3066 = DEFINITIONAL_REPRESENTATION('',(#3067),#3070);
#3067 = B_SPLINE_CURVE_WITH_KNOTS('',1,(#3068,#3069),.UNSPECIFIED.,.F.,
  .F.,(2,2),(-78.08943377484,-33.88943377484),.PIECEWISE_BEZIER_KNOTS.);
#3068 = CARTESIAN_POINT('',(8.385002938222,23.008867549696));
#3069 = CARTESIAN_POINT('',(8.385002938222,-21.1911324503));
#3070 = ( GEOMETRIC_REPRESENTATION_CONTEXT(2) 
PARAMETRIC_REPRESENTATION_CONTEXT() REPRESENTATION_CONTEXT('2D SPACE',''
  ) );
#3071 = ADVANCED_FACE('',(#3072),#3061,.T.);
#3072 = FACE_BOUND('',#3073,.T.);
#3073 = EDGE_LOOP('',(#3074,#3104,#3127,#3153,#3181,#3202,#3203,#3226));
#3074 = ORIENTED_EDGE('',*,*,#3075,.T.);
#3075 = EDGE_CURVE('',#3076,#3078,#3080,.T.);
#3076 = VERTEX_POINT('',#3077);
#3077 = CARTESIAN_POINT('',(44.2,-7.,224.2));
#3078 = VERTEX_POINT('',#3079);
#3079 = CARTESIAN_POINT('',(43.439613257947,-7.,224.2));
#3080 = SURFACE_CURVE('',#3081,(#3085,#3092),.PCURVE_S1.);
#3081 = LINE('',#3082,#3083);
#3082 = CARTESIAN_POINT('',(44.2,-7.,224.2));
#3083 = VECTOR('',#3084,1.);
#3084 = DIRECTION('',(-1.,0.,0.));
#3085 = PCURVE('',#3061,#3086);
#3086 = DEFINITIONAL_REPRESENTATION('',(#3087),#3091);
#3087 = LINE('',#3088,#3089);
#3088 = CARTESIAN_POINT('',(-9.314997061778,14.038867549696));
#3089 = VECTOR('',#3090,1.);
#3090 = DIRECTION('',(0.,-1.));
#3091 = ( GEOMETRIC_REPRESENTATION_CONTEXT(2) 
PARAMETRIC_REPRESENTATION_CONTEXT() REPRESENTATION_CONTEXT('2D SPACE',''
  ) );
#3092 = PCURVE('',#3093,#3098);
#3093 = PLANE('',#3094);
#3094 = AXIS2_PLACEMENT_3D('',#3095,#3096,#3097);
#3095 = CARTESIAN_POINT('',(44.2,7.,224.2));
#3096 = DIRECTION('',(-0.,-0.,-1.));
#3097 = DIRECTION('',(-1.,0.,0.));
#3098 = DEFINITIONAL_REPRESENTATION('',(#3099),#3103);
#3099 = LINE('',#3100,#3101);
#3100 = CARTESIAN_POINT('',(0.,-14.));
#3101 = VECTOR('',#3102,1.);
#3102 = DIRECTION('',(1.,0.));
#3103 = ( GEOMETRIC_REPRESENTATION_CONTEXT(2) 
PARAMETRIC_REPRESENTATION_CONTEXT() REPRESENTATION_CONTEXT('2D SPACE',''
  ) );
#3104 = ORIENTED_EDGE('',*,*,#3105,.F.);
#3105 = EDGE_CURVE('',#3106,#3078,#3108,.T.);
#3106 = VERTEX_POINT('',#3107);
#3107 = CARTESIAN_POINT('',(43.439613257947,-7.,226.19));
#3108 = SURFACE_CURVE('',#3109,(#3113,#3120),.PCURVE_S1.);
#3109 = LINE('',#3110,#3111);
#3110 = CARTESIAN_POINT('',(43.439613257947,-7.,226.19));
#3111 = VECTOR('',#3112,1.);
#3112 = DIRECTION('',(3.570566511357E-15,1.294330360367E-14,-1.));
#3113 = PCURVE('',#3061,#3114);
#3114 = DEFINITIONAL_REPRESENTATION('',(#3115),#3119);
#3115 = LINE('',#3116,#3117);
#3116 = CARTESIAN_POINT('',(-7.324997061778,13.278480807643));
#3117 = VECTOR('',#3118,1.);
#3118 = DIRECTION('',(-1.,3.570566511357E-15));
#3119 = ( GEOMETRIC_REPRESENTATION_CONTEXT(2) 
PARAMETRIC_REPRESENTATION_CONTEXT() REPRESENTATION_CONTEXT('2D SPACE',''
  ) );
#3120 = PCURVE('',#43,#3121);
#3121 = DEFINITIONAL_REPRESENTATION('',(#3122),#3126);
#3122 = LINE('',#3123,#3124);
#3123 = CARTESIAN_POINT('',(-6.123415541196,9.999999999991E-03));
#3124 = VECTOR('',#3125,1.);
#3125 = DIRECTION('',(0.,1.));
#3126 = ( GEOMETRIC_REPRESENTATION_CONTEXT(2) 
PARAMETRIC_REPRESENTATION_CONTEXT() REPRESENTATION_CONTEXT('2D SPACE',''
  ) );
#3127 = ORIENTED_EDGE('',*,*,#3128,.F.);
#3128 = EDGE_CURVE('',#3129,#3106,#3131,.T.);
#3129 = VERTEX_POINT('',#3130);
#3130 = CARTESIAN_POINT('',(8.97,-7.,226.19));
#3131 = SURFACE_CURVE('',#3132,(#3136,#3142),.PCURVE_S1.);
#3132 = LINE('',#3133,#3134);
#3133 = CARTESIAN_POINT('',(15.080566225152,-7.,226.19));
#3134 = VECTOR('',#3135,1.);
#3135 = DIRECTION('',(1.,0.,0.));
#3136 = PCURVE('',#3061,#3137);
#3137 = DEFINITIONAL_REPRESENTATION('',(#3138),#3141);
#3138 = B_SPLINE_CURVE_WITH_KNOTS('',1,(#3139,#3140),.UNSPECIFIED.,.F.,
  .F.,(2,2),(-6.110566225152,28.919433774848),.PIECEWISE_BEZIER_KNOTS.);
#3139 = CARTESIAN_POINT('',(-7.324997061778,-21.1911324503));
#3140 = CARTESIAN_POINT('',(-7.324997061778,13.838867549696));
#3141 = ( GEOMETRIC_REPRESENTATION_CONTEXT(2) 
PARAMETRIC_REPRESENTATION_CONTEXT() REPRESENTATION_CONTEXT('2D SPACE',''
  ) );
#3142 = PCURVE('',#3143,#3148);
#3143 = PLANE('',#3144);
#3144 = AXIS2_PLACEMENT_3D('',#3145,#3146,#3147);
#3145 = CARTESIAN_POINT('',(0.,0.,226.19));
#3146 = DIRECTION('',(0.,0.,1.));
#3147 = DIRECTION('',(1.,0.,-0.));
#3148 = DEFINITIONAL_REPRESENTATION('',(#3149),#3152);
#3149 = B_SPLINE_CURVE_WITH_KNOTS('',1,(#3150,#3151),.UNSPECIFIED.,.F.,
  .F.,(2,2),(-6.110566225152,28.919433774848),.PIECEWISE_BEZIER_KNOTS.);
#3150 = CARTESIAN_POINT('',(8.97,-7.));
#3151 = CARTESIAN_POINT('',(44.,-7.));
#3152 = ( GEOMETRIC_REPRESENTATION_CONTEXT(2) 
PARAMETRIC_REPRESENTATION_CONTEXT() REPRESENTATION_CONTEXT('2D SPACE',''
  ) );
#3153 = ORIENTED_EDGE('',*,*,#3154,.T.);
#3154 = EDGE_CURVE('',#3129,#3155,#3157,.T.);
#3155 = VERTEX_POINT('',#3156);
#3156 = CARTESIAN_POINT('',(8.97,-7.,226.2));
#3157 = SURFACE_CURVE('',#3158,(#3162,#3169),.PCURVE_S1.);
#3158 = LINE('',#3159,#3160);
#3159 = CARTESIAN_POINT('',(8.97,-7.,224.2));
#3160 = VECTOR('',#3161,1.);
#3161 = DIRECTION('',(0.,0.,1.));
#3162 = PCURVE('',#3061,#3163);
#3163 = DEFINITIONAL_REPRESENTATION('',(#3164),#3168);
#3164 = LINE('',#3165,#3166);
#3165 = CARTESIAN_POINT('',(-9.314997061778,-21.1911324503));
#3166 = VECTOR('',#3167,1.);
#3167 = DIRECTION('',(1.,0.));
#3168 = ( GEOMETRIC_REPRESENTATION_CONTEXT(2) 
PARAMETRIC_REPRESENTATION_CONTEXT() REPRESENTATION_CONTEXT('2D SPACE',''
  ) );
#3169 = PCURVE('',#3170,#3175);
#3170 = PLANE('',#3171);
#3171 = AXIS2_PLACEMENT_3D('',#3172,#3173,#3174);
#3172 = CARTESIAN_POINT('',(8.97,7.,224.2));
#3173 = DIRECTION('',(-1.,0.,0.));
#3174 = DIRECTION('',(0.,0.,1.));
#3175 = DEFINITIONAL_REPRESENTATION('',(#3176),#3180);
#3176 = LINE('',#3177,#3178);
#3177 = CARTESIAN_POINT('',(0.,-14.));
#3178 = VECTOR('',#3179,1.);
#3179 = DIRECTION('',(1.,0.));
#3180 = ( GEOMETRIC_REPRESENTATION_CONTEXT(2) 
PARAMETRIC_REPRESENTATION_CONTEXT() REPRESENTATION_CONTEXT('2D SPACE',''
  ) );
#3181 = ORIENTED_EDGE('',*,*,#3182,.T.);
#3182 = EDGE_CURVE('',#3155,#2971,#3183,.T.);
#3183 = SURFACE_CURVE('',#3184,(#3188,#3195),.PCURVE_S1.);
#3184 = LINE('',#3185,#3186);
#3185 = CARTESIAN_POINT('',(8.97,-7.,226.2));
#3186 = VECTOR('',#3187,1.);
#3187 = DIRECTION('',(0.244268148416,0.,0.969707724868));
#3188 = PCURVE('',#3061,#3189);
#3189 = DEFINITIONAL_REPRESENTATION('',(#3190),#3194);
#3190 = LINE('',#3191,#3192);
#3191 = CARTESIAN_POINT('',(-7.314997061778,-21.1911324503));
#3192 = VECTOR('',#3193,1.);
#3193 = DIRECTION('',(0.969707724868,0.244268148416));
#3194 = ( GEOMETRIC_REPRESENTATION_CONTEXT(2) 
PARAMETRIC_REPRESENTATION_CONTEXT() REPRESENTATION_CONTEXT('2D SPACE',''
  ) );
#3195 = PCURVE('',#2985,#3196);
#3196 = DEFINITIONAL_REPRESENTATION('',(#3197),#3201);
#3197 = LINE('',#3198,#3199);
#3198 = CARTESIAN_POINT('',(0.,-14.));
#3199 = VECTOR('',#3200,1.);
#3200 = DIRECTION('',(1.,0.));
#3201 = ( GEOMETRIC_REPRESENTATION_CONTEXT(2) 
PARAMETRIC_REPRESENTATION_CONTEXT() REPRESENTATION_CONTEXT('2D SPACE',''
  ) );
#3202 = ORIENTED_EDGE('',*,*,#3048,.F.);
#3203 = ORIENTED_EDGE('',*,*,#3204,.T.);
#3204 = EDGE_CURVE('',#3023,#3205,#3207,.T.);
#3205 = VERTEX_POINT('',#3206);
#3206 = CARTESIAN_POINT('',(44.2,-7.,226.2));
#3207 = SURFACE_CURVE('',#3208,(#3212,#3219),.PCURVE_S1.);
#3208 = LINE('',#3209,#3210);
#3209 = CARTESIAN_POINT('',(53.17,-7.,242.));
#3210 = VECTOR('',#3211,1.);
#3211 = DIRECTION('',(-0.493706777134,0.,-0.869628436869));
#3212 = PCURVE('',#3061,#3213);
#3213 = DEFINITIONAL_REPRESENTATION('',(#3214),#3218);
#3214 = LINE('',#3215,#3216);
#3215 = CARTESIAN_POINT('',(8.485002938222,23.008867549696));
#3216 = VECTOR('',#3217,1.);
#3217 = DIRECTION('',(-0.869628436869,-0.493706777134));
#3218 = ( GEOMETRIC_REPRESENTATION_CONTEXT(2) 
PARAMETRIC_REPRESENTATION_CONTEXT() REPRESENTATION_CONTEXT('2D SPACE',''
  ) );
#3219 = PCURVE('',#3037,#3220);
#3220 = DEFINITIONAL_REPRESENTATION('',(#3221),#3225);
#3221 = LINE('',#3222,#3223);
#3222 = CARTESIAN_POINT('',(-0.,-14.));
#3223 = VECTOR('',#3224,1.);
#3224 = DIRECTION('',(1.,0.));
#3225 = ( GEOMETRIC_REPRESENTATION_CONTEXT(2) 
PARAMETRIC_REPRESENTATION_CONTEXT() REPRESENTATION_CONTEXT('2D SPACE',''
  ) );
#3226 = ORIENTED_EDGE('',*,*,#3227,.T.);
#3227 = EDGE_CURVE('',#3205,#3076,#3228,.T.);
#3228 = SURFACE_CURVE('',#3229,(#3233,#3240),.PCURVE_S1.);
#3229 = LINE('',#3230,#3231);
#3230 = CARTESIAN_POINT('',(44.2,-7.,226.2));
#3231 = VECTOR('',#3232,1.);
#3232 = DIRECTION('',(0.,0.,-1.));
#3233 = PCURVE('',#3061,#3234);
#3234 = DEFINITIONAL_REPRESENTATION('',(#3235),#3239);
#3235 = LINE('',#3236,#3237);
#3236 = CARTESIAN_POINT('',(-7.314997061778,14.038867549696));
#3237 = VECTOR('',#3238,1.);
#3238 = DIRECTION('',(-1.,0.));
#3239 = ( GEOMETRIC_REPRESENTATION_CONTEXT(2) 
PARAMETRIC_REPRESENTATION_CONTEXT() REPRESENTATION_CONTEXT('2D SPACE',''
  ) );
#3240 = PCURVE('',#3241,#3246);
#3241 = PLANE('',#3242);
#3242 = AXIS2_PLACEMENT_3D('',#3243,#3244,#3245);
#3243 = CARTESIAN_POINT('',(44.2,7.,226.2));
#3244 = DIRECTION('',(1.,0.,0.));
#3245 = DIRECTION('',(0.,0.,-1.));
#3246 = DEFINITIONAL_REPRESENTATION('',(#3247),#3251);
#3247 = LINE('',#3248,#3249);
#3248 = CARTESIAN_POINT('',(0.,-14.));
#3249 = VECTOR('',#3250,1.);
#3250 = DIRECTION('',(1.,0.));
#3251 = ( GEOMETRIC_REPRESENTATION_CONTEXT(2) 
PARAMETRIC_REPRESENTATION_CONTEXT() REPRESENTATION_CONTEXT('2D SPACE',''
  ) );
#3252 = ADVANCED_FACE('',(#3253),#3241,.F.);
#3253 = FACE_BOUND('',#3254,.F.);
#3254 = EDGE_LOOP('',(#3255,#3278,#3279,#3302));
#3255 = ORIENTED_EDGE('',*,*,#3256,.T.);
#3256 = EDGE_CURVE('',#3257,#3205,#3259,.T.);
#3257 = VERTEX_POINT('',#3258);
#3258 = CARTESIAN_POINT('',(44.2,7.,226.2));
#3259 = SURFACE_CURVE('',#3260,(#3264,#3271),.PCURVE_S1.);
#3260 = LINE('',#3261,#3262);
#3261 = CARTESIAN_POINT('',(44.2,7.,226.2));
#3262 = VECTOR('',#3263,1.);
#3263 = DIRECTION('',(0.,-1.,0.));
#3264 = PCURVE('',#3241,#3265);
#3265 = DEFINITIONAL_REPRESENTATION('',(#3266),#3270);
#3266 = LINE('',#3267,#3268);
#3267 = CARTESIAN_POINT('',(0.,0.));
#3268 = VECTOR('',#3269,1.);
#3269 = DIRECTION('',(0.,-1.));
#3270 = ( GEOMETRIC_REPRESENTATION_CONTEXT(2) 
PARAMETRIC_REPRESENTATION_CONTEXT() REPRESENTATION_CONTEXT('2D SPACE',''
  ) );
#3271 = PCURVE('',#3037,#3272);
#3272 = DEFINITIONAL_REPRESENTATION('',(#3273),#3277);
#3273 = LINE('',#3274,#3275);
#3274 = CARTESIAN_POINT('',(18.168679093429,0.));
#3275 = VECTOR('',#3276,1.);
#3276 = DIRECTION('',(-0.,-1.));
#3277 = ( GEOMETRIC_REPRESENTATION_CONTEXT(2) 
PARAMETRIC_REPRESENTATION_CONTEXT() REPRESENTATION_CONTEXT('2D SPACE',''
  ) );
#3278 = ORIENTED_EDGE('',*,*,#3227,.T.);
#3279 = ORIENTED_EDGE('',*,*,#3280,.F.);
#3280 = EDGE_CURVE('',#3281,#3076,#3283,.T.);
#3281 = VERTEX_POINT('',#3282);
#3282 = CARTESIAN_POINT('',(44.2,7.,224.2));
#3283 = SURFACE_CURVE('',#3284,(#3288,#3295),.PCURVE_S1.);
#3284 = LINE('',#3285,#3286);
#3285 = CARTESIAN_POINT('',(44.2,7.,224.2));
#3286 = VECTOR('',#3287,1.);
#3287 = DIRECTION('',(0.,-1.,0.));
#3288 = PCURVE('',#3241,#3289);
#3289 = DEFINITIONAL_REPRESENTATION('',(#3290),#3294);
#3290 = LINE('',#3291,#3292);
#3291 = CARTESIAN_POINT('',(2.,0.));
#3292 = VECTOR('',#3293,1.);
#3293 = DIRECTION('',(0.,-1.));
#3294 = ( GEOMETRIC_REPRESENTATION_CONTEXT(2) 
PARAMETRIC_REPRESENTATION_CONTEXT() REPRESENTATION_CONTEXT('2D SPACE',''
  ) );
#3295 = PCURVE('',#3093,#3296);
#3296 = DEFINITIONAL_REPRESENTATION('',(#3297),#3301);
#3297 = LINE('',#3298,#3299);
#3298 = CARTESIAN_POINT('',(0.,0.));
#3299 = VECTOR('',#3300,1.);
#3300 = DIRECTION('',(0.,-1.));
#3301 = ( GEOMETRIC_REPRESENTATION_CONTEXT(2) 
PARAMETRIC_REPRESENTATION_CONTEXT() REPRESENTATION_CONTEXT('2D SPACE',''
  ) );
#3302 = ORIENTED_EDGE('',*,*,#3303,.F.);
#3303 = EDGE_CURVE('',#3257,#3281,#3304,.T.);
#3304 = SURFACE_CURVE('',#3305,(#3309,#3316),.PCURVE_S1.);
#3305 = LINE('',#3306,#3307);
#3306 = CARTESIAN_POINT('',(44.2,7.,226.2));
#3307 = VECTOR('',#3308,1.);
#3308 = DIRECTION('',(0.,0.,-1.));
#3309 = PCURVE('',#3241,#3310);
#3310 = DEFINITIONAL_REPRESENTATION('',(#3311),#3315);
#3311 = LINE('',#3312,#3313);
#3312 = CARTESIAN_POINT('',(0.,0.));
#3313 = VECTOR('',#3314,1.);
#3314 = DIRECTION('',(1.,0.));
#3315 = ( GEOMETRIC_REPRESENTATION_CONTEXT(2) 
PARAMETRIC_REPRESENTATION_CONTEXT() REPRESENTATION_CONTEXT('2D SPACE',''
  ) );
#3316 = PCURVE('',#3011,#3317);
#3317 = DEFINITIONAL_REPRESENTATION('',(#3318),#3322);
#3318 = LINE('',#3319,#3320);
#3319 = CARTESIAN_POINT('',(-7.314997061778,14.038867549696));
#3320 = VECTOR('',#3321,1.);
#3321 = DIRECTION('',(-1.,0.));
#3322 = ( GEOMETRIC_REPRESENTATION_CONTEXT(2) 
PARAMETRIC_REPRESENTATION_CONTEXT() REPRESENTATION_CONTEXT('2D SPACE',''
  ) );
#3323 = ADVANCED_FACE('',(#3324),#3170,.F.);
#3324 = FACE_BOUND('',#3325,.F.);
#3325 = EDGE_LOOP('',(#3326,#3351,#3370,#3371));
#3326 = ORIENTED_EDGE('',*,*,#3327,.F.);
#3327 = EDGE_CURVE('',#3328,#3330,#3332,.T.);
#3328 = VERTEX_POINT('',#3329);
#3329 = CARTESIAN_POINT('',(8.97,7.,226.19));
#3330 = VERTEX_POINT('',#3331);
#3331 = CARTESIAN_POINT('',(8.97,7.,226.2));
#3332 = SURFACE_CURVE('',#3333,(#3337,#3344),.PCURVE_S1.);
#3333 = LINE('',#3334,#3335);
#3334 = CARTESIAN_POINT('',(8.97,7.,224.2));
#3335 = VECTOR('',#3336,1.);
#3336 = DIRECTION('',(0.,0.,1.));
#3337 = PCURVE('',#3170,#3338);
#3338 = DEFINITIONAL_REPRESENTATION('',(#3339),#3343);
#3339 = LINE('',#3340,#3341);
#3340 = CARTESIAN_POINT('',(0.,0.));
#3341 = VECTOR('',#3342,1.);
#3342 = DIRECTION('',(1.,0.));
#3343 = ( GEOMETRIC_REPRESENTATION_CONTEXT(2) 
PARAMETRIC_REPRESENTATION_CONTEXT() REPRESENTATION_CONTEXT('2D SPACE',''
  ) );
#3344 = PCURVE('',#3011,#3345);
#3345 = DEFINITIONAL_REPRESENTATION('',(#3346),#3350);
#3346 = LINE('',#3347,#3348);
#3347 = CARTESIAN_POINT('',(-9.314997061778,-21.1911324503));
#3348 = VECTOR('',#3349,1.);
#3349 = DIRECTION('',(1.,0.));
#3350 = ( GEOMETRIC_REPRESENTATION_CONTEXT(2) 
PARAMETRIC_REPRESENTATION_CONTEXT() REPRESENTATION_CONTEXT('2D SPACE',''
  ) );
#3351 = ORIENTED_EDGE('',*,*,#3352,.F.);
#3352 = EDGE_CURVE('',#3129,#3328,#3353,.T.);
#3353 = SURFACE_CURVE('',#3354,(#3358,#3364),.PCURVE_S1.);
#3354 = LINE('',#3355,#3356);
#3355 = CARTESIAN_POINT('',(8.97,3.5,226.19));
#3356 = VECTOR('',#3357,1.);
#3357 = DIRECTION('',(0.,1.,-0.));
#3358 = PCURVE('',#3170,#3359);
#3359 = DEFINITIONAL_REPRESENTATION('',(#3360),#3363);
#3360 = B_SPLINE_CURVE_WITH_KNOTS('',1,(#3361,#3362),.UNSPECIFIED.,.F.,
  .F.,(2,2),(-10.5,3.5),.PIECEWISE_BEZIER_KNOTS.);
#3361 = CARTESIAN_POINT('',(1.99,-14.));
#3362 = CARTESIAN_POINT('',(1.99,0.));
#3363 = ( GEOMETRIC_REPRESENTATION_CONTEXT(2) 
PARAMETRIC_REPRESENTATION_CONTEXT() REPRESENTATION_CONTEXT('2D SPACE',''
  ) );
#3364 = PCURVE('',#3143,#3365);
#3365 = DEFINITIONAL_REPRESENTATION('',(#3366),#3369);
#3366 = B_SPLINE_CURVE_WITH_KNOTS('',1,(#3367,#3368),.UNSPECIFIED.,.F.,
  .F.,(2,2),(-10.5,3.5),.PIECEWISE_BEZIER_KNOTS.);
#3367 = CARTESIAN_POINT('',(8.97,-7.));
#3368 = CARTESIAN_POINT('',(8.97,7.));
#3369 = ( GEOMETRIC_REPRESENTATION_CONTEXT(2) 
PARAMETRIC_REPRESENTATION_CONTEXT() REPRESENTATION_CONTEXT('2D SPACE',''
  ) );
#3370 = ORIENTED_EDGE('',*,*,#3154,.T.);
#3371 = ORIENTED_EDGE('',*,*,#3372,.F.);
#3372 = EDGE_CURVE('',#3330,#3155,#3373,.T.);
#3373 = SURFACE_CURVE('',#3374,(#3378,#3385),.PCURVE_S1.);
#3374 = LINE('',#3375,#3376);
#3375 = CARTESIAN_POINT('',(8.97,7.,226.2));
#3376 = VECTOR('',#3377,1.);
#3377 = DIRECTION('',(0.,-1.,0.));
#3378 = PCURVE('',#3170,#3379);
#3379 = DEFINITIONAL_REPRESENTATION('',(#3380),#3384);
#3380 = LINE('',#3381,#3382);
#3381 = CARTESIAN_POINT('',(2.,0.));
#3382 = VECTOR('',#3383,1.);
#3383 = DIRECTION('',(0.,-1.));
#3384 = ( GEOMETRIC_REPRESENTATION_CONTEXT(2) 
PARAMETRIC_REPRESENTATION_CONTEXT() REPRESENTATION_CONTEXT('2D SPACE',''
  ) );
#3385 = PCURVE('',#2985,#3386);
#3386 = DEFINITIONAL_REPRESENTATION('',(#3387),#3391);
#3387 = LINE('',#3388,#3389);
#3388 = CARTESIAN_POINT('',(0.,0.));
#3389 = VECTOR('',#3390,1.);
#3390 = DIRECTION('',(0.,-1.));
#3391 = ( GEOMETRIC_REPRESENTATION_CONTEXT(2) 
PARAMETRIC_REPRESENTATION_CONTEXT() REPRESENTATION_CONTEXT('2D SPACE',''
  ) );
#3392 = ADVANCED_FACE('',(#3393),#3143,.F.);
#3393 = FACE_BOUND('',#3394,.F.);
#3394 = EDGE_LOOP('',(#3395,#3416,#3440,#3461,#3487,#3508,#3530,#3531));
#3395 = ORIENTED_EDGE('',*,*,#3396,.T.);
#3396 = EDGE_CURVE('',#3328,#3397,#3399,.T.);
#3397 = VERTEX_POINT('',#3398);
#3398 = CARTESIAN_POINT('',(43.439613257947,7.,226.19));
#3399 = SURFACE_CURVE('',#3400,(#3404,#3410),.PCURVE_S1.);
#3400 = LINE('',#3401,#3402);
#3401 = CARTESIAN_POINT('',(15.080566225152,7.,226.19));
#3402 = VECTOR('',#3403,1.);
#3403 = DIRECTION('',(1.,0.,0.));
#3404 = PCURVE('',#3143,#3405);
#3405 = DEFINITIONAL_REPRESENTATION('',(#3406),#3409);
#3406 = B_SPLINE_CURVE_WITH_KNOTS('',1,(#3407,#3408),.UNSPECIFIED.,.F.,
  .F.,(2,2),(-6.110566225152,28.919433774848),.PIECEWISE_BEZIER_KNOTS.);
#3407 = CARTESIAN_POINT('',(8.97,7.));
#3408 = CARTESIAN_POINT('',(44.,7.));
#3409 = ( GEOMETRIC_REPRESENTATION_CONTEXT(2) 
PARAMETRIC_REPRESENTATION_CONTEXT() REPRESENTATION_CONTEXT('2D SPACE',''
  ) );
#3410 = PCURVE('',#3011,#3411);
#3411 = DEFINITIONAL_REPRESENTATION('',(#3412),#3415);
#3412 = B_SPLINE_CURVE_WITH_KNOTS('',1,(#3413,#3414),.UNSPECIFIED.,.F.,
  .F.,(2,2),(-6.110566225152,28.919433774848),.PIECEWISE_BEZIER_KNOTS.);
#3413 = CARTESIAN_POINT('',(-7.324997061778,-21.1911324503));
#3414 = CARTESIAN_POINT('',(-7.324997061778,13.838867549696));
#3415 = ( GEOMETRIC_REPRESENTATION_CONTEXT(2) 
PARAMETRIC_REPRESENTATION_CONTEXT() REPRESENTATION_CONTEXT('2D SPACE',''
  ) );
#3416 = ORIENTED_EDGE('',*,*,#3417,.T.);
#3417 = EDGE_CURVE('',#3397,#3418,#3420,.T.);
#3418 = VERTEX_POINT('',#3419);
#3419 = CARTESIAN_POINT('',(-43.43961325794,7.,226.19));
#3420 = SURFACE_CURVE('',#3421,(#3426,#3433),.PCURVE_S1.);
#3421 = CIRCLE('',#3422,44.);
#3422 = AXIS2_PLACEMENT_3D('',#3423,#3424,#3425);
#3423 = CARTESIAN_POINT('',(0.,0.,226.19));
#3424 = DIRECTION('',(0.,0.,1.));
#3425 = DIRECTION('',(1.,0.,-0.));
#3426 = PCURVE('',#3143,#3427);
#3427 = DEFINITIONAL_REPRESENTATION('',(#3428),#3432);
#3428 = CIRCLE('',#3429,44.);
#3429 = AXIS2_PLACEMENT_2D('',#3430,#3431);
#3430 = CARTESIAN_POINT('',(0.,0.));
#3431 = DIRECTION('',(1.,0.));
#3432 = ( GEOMETRIC_REPRESENTATION_CONTEXT(2) 
PARAMETRIC_REPRESENTATION_CONTEXT() REPRESENTATION_CONTEXT('2D SPACE',''
  ) );
#3433 = PCURVE('',#43,#3434);
#3434 = DEFINITIONAL_REPRESENTATION('',(#3435),#3439);
#3435 = LINE('',#3436,#3437);
#3436 = CARTESIAN_POINT('',(0.,9.999999999991E-03));
#3437 = VECTOR('',#3438,1.);
#3438 = DIRECTION('',(-1.,-0.));
#3439 = ( GEOMETRIC_REPRESENTATION_CONTEXT(2) 
PARAMETRIC_REPRESENTATION_CONTEXT() REPRESENTATION_CONTEXT('2D SPACE',''
  ) );
#3440 = ORIENTED_EDGE('',*,*,#3441,.F.);
#3441 = EDGE_CURVE('',#3442,#3418,#3444,.T.);
#3442 = VERTEX_POINT('',#3443);
#3443 = CARTESIAN_POINT('',(-8.97,7.,226.19));
#3444 = SURFACE_CURVE('',#3445,(#3449,#3455),.PCURVE_S1.);
#3445 = LINE('',#3446,#3447);
#3446 = CARTESIAN_POINT('',(-15.08056622515,7.,226.19));
#3447 = VECTOR('',#3448,1.);
#3448 = DIRECTION('',(-1.,0.,0.));
#3449 = PCURVE('',#3143,#3450);
#3450 = DEFINITIONAL_REPRESENTATION('',(#3451),#3454);
#3451 = B_SPLINE_CURVE_WITH_KNOTS('',1,(#3452,#3453),.UNSPECIFIED.,.F.,
  .F.,(2,2),(-6.110566225152,28.919433774848),.PIECEWISE_BEZIER_KNOTS.);
#3452 = CARTESIAN_POINT('',(-8.97,7.));
#3453 = CARTESIAN_POINT('',(-44.,7.));
#3454 = ( GEOMETRIC_REPRESENTATION_CONTEXT(2) 
PARAMETRIC_REPRESENTATION_CONTEXT() REPRESENTATION_CONTEXT('2D SPACE',''
  ) );
#3455 = PCURVE('',#2879,#3456);
#3456 = DEFINITIONAL_REPRESENTATION('',(#3457),#3460);
#3457 = B_SPLINE_CURVE_WITH_KNOTS('',1,(#3458,#3459),.UNSPECIFIED.,.F.,
  .F.,(2,2),(-6.110566225152,28.919433774848),.PIECEWISE_BEZIER_KNOTS.);
#3458 = CARTESIAN_POINT('',(7.324997061778,21.191132450304));
#3459 = CARTESIAN_POINT('',(7.324997061778,-13.83886754969));
#3460 = ( GEOMETRIC_REPRESENTATION_CONTEXT(2) 
PARAMETRIC_REPRESENTATION_CONTEXT() REPRESENTATION_CONTEXT('2D SPACE',''
  ) );
#3461 = ORIENTED_EDGE('',*,*,#3462,.F.);
#3462 = EDGE_CURVE('',#3463,#3442,#3465,.T.);
#3463 = VERTEX_POINT('',#3464);
#3464 = CARTESIAN_POINT('',(-8.97,-7.,226.19));
#3465 = SURFACE_CURVE('',#3466,(#3470,#3476),.PCURVE_S1.);
#3466 = LINE('',#3467,#3468);
#3467 = CARTESIAN_POINT('',(-8.97,3.5,226.19));
#3468 = VECTOR('',#3469,1.);
#3469 = DIRECTION('',(0.,1.,-0.));
#3470 = PCURVE('',#3143,#3471);
#3471 = DEFINITIONAL_REPRESENTATION('',(#3472),#3475);
#3472 = B_SPLINE_CURVE_WITH_KNOTS('',1,(#3473,#3474),.UNSPECIFIED.,.F.,
  .F.,(2,2),(-10.5,3.5),.PIECEWISE_BEZIER_KNOTS.);
#3473 = CARTESIAN_POINT('',(-8.97,-7.));
#3474 = CARTESIAN_POINT('',(-8.97,7.));
#3475 = ( GEOMETRIC_REPRESENTATION_CONTEXT(2) 
PARAMETRIC_REPRESENTATION_CONTEXT() REPRESENTATION_CONTEXT('2D SPACE',''
  ) );
#3476 = PCURVE('',#3477,#3482);
#3477 = PLANE('',#3478);
#3478 = AXIS2_PLACEMENT_3D('',#3479,#3480,#3481);
#3479 = CARTESIAN_POINT('',(-8.97,7.,224.2));
#3480 = DIRECTION('',(-1.,0.,0.));
#3481 = DIRECTION('',(0.,0.,1.));
#3482 = DEFINITIONAL_REPRESENTATION('',(#3483),#3486);
#3483 = B_SPLINE_CURVE_WITH_KNOTS('',1,(#3484,#3485),.UNSPECIFIED.,.F.,
  .F.,(2,2),(-10.5,3.5),.PIECEWISE_BEZIER_KNOTS.);
#3484 = CARTESIAN_POINT('',(1.99,-14.));
#3485 = CARTESIAN_POINT('',(1.99,0.));
#3486 = ( GEOMETRIC_REPRESENTATION_CONTEXT(2) 
PARAMETRIC_REPRESENTATION_CONTEXT() REPRESENTATION_CONTEXT('2D SPACE',''
  ) );
#3487 = ORIENTED_EDGE('',*,*,#3488,.T.);
#3488 = EDGE_CURVE('',#3463,#3489,#3491,.T.);
#3489 = VERTEX_POINT('',#3490);
#3490 = CARTESIAN_POINT('',(-43.43961325794,-7.,226.19));
#3491 = SURFACE_CURVE('',#3492,(#3496,#3502),.PCURVE_S1.);
#3492 = LINE('',#3493,#3494);
#3493 = CARTESIAN_POINT('',(-15.08056622515,-7.,226.19));
#3494 = VECTOR('',#3495,1.);
#3495 = DIRECTION('',(-1.,0.,0.));
#3496 = PCURVE('',#3143,#3497);
#3497 = DEFINITIONAL_REPRESENTATION('',(#3498),#3501);
#3498 = B_SPLINE_CURVE_WITH_KNOTS('',1,(#3499,#3500),.UNSPECIFIED.,.F.,
  .F.,(2,2),(-6.110566225152,28.919433774848),.PIECEWISE_BEZIER_KNOTS.);
#3499 = CARTESIAN_POINT('',(-8.97,-7.));
#3500 = CARTESIAN_POINT('',(-44.,-7.));
#3501 = ( GEOMETRIC_REPRESENTATION_CONTEXT(2) 
PARAMETRIC_REPRESENTATION_CONTEXT() REPRESENTATION_CONTEXT('2D SPACE',''
  ) );
#3502 = PCURVE('',#2931,#3503);
#3503 = DEFINITIONAL_REPRESENTATION('',(#3504),#3507);
#3504 = B_SPLINE_CURVE_WITH_KNOTS('',1,(#3505,#3506),.UNSPECIFIED.,.F.,
  .F.,(2,2),(-6.110566225152,28.919433774848),.PIECEWISE_BEZIER_KNOTS.);
#3505 = CARTESIAN_POINT('',(7.324997061778,21.191132450304));
#3506 = CARTESIAN_POINT('',(7.324997061778,-13.83886754969));
#3507 = ( GEOMETRIC_REPRESENTATION_CONTEXT(2) 
PARAMETRIC_REPRESENTATION_CONTEXT() REPRESENTATION_CONTEXT('2D SPACE',''
  ) );
#3508 = ORIENTED_EDGE('',*,*,#3509,.T.);
#3509 = EDGE_CURVE('',#3489,#3106,#3510,.T.);
#3510 = SURFACE_CURVE('',#3511,(#3516,#3523),.PCURVE_S1.);
#3511 = CIRCLE('',#3512,44.);
#3512 = AXIS2_PLACEMENT_3D('',#3513,#3514,#3515);
#3513 = CARTESIAN_POINT('',(0.,0.,226.19));
#3514 = DIRECTION('',(0.,0.,1.));
#3515 = DIRECTION('',(1.,0.,-0.));
#3516 = PCURVE('',#3143,#3517);
#3517 = DEFINITIONAL_REPRESENTATION('',(#3518),#3522);
#3518 = CIRCLE('',#3519,44.);
#3519 = AXIS2_PLACEMENT_2D('',#3520,#3521);
#3520 = CARTESIAN_POINT('',(0.,0.));
#3521 = DIRECTION('',(1.,0.));
#3522 = ( GEOMETRIC_REPRESENTATION_CONTEXT(2) 
PARAMETRIC_REPRESENTATION_CONTEXT() REPRESENTATION_CONTEXT('2D SPACE',''
  ) );
#3523 = PCURVE('',#43,#3524);
#3524 = DEFINITIONAL_REPRESENTATION('',(#3525),#3529);
#3525 = LINE('',#3526,#3527);
#3526 = CARTESIAN_POINT('',(0.,9.999999999991E-03));
#3527 = VECTOR('',#3528,1.);
#3528 = DIRECTION('',(-1.,-0.));
#3529 = ( GEOMETRIC_REPRESENTATION_CONTEXT(2) 
PARAMETRIC_REPRESENTATION_CONTEXT() REPRESENTATION_CONTEXT('2D SPACE',''
  ) );
#3530 = ORIENTED_EDGE('',*,*,#3128,.F.);
#3531 = ORIENTED_EDGE('',*,*,#3352,.T.);
#3532 = ADVANCED_FACE('',(#3533),#3477,.T.);
#3533 = FACE_BOUND('',#3534,.T.);
#3534 = EDGE_LOOP('',(#3535,#3558,#3559,#3582));
#3535 = ORIENTED_EDGE('',*,*,#3536,.F.);
#3536 = EDGE_CURVE('',#3442,#3537,#3539,.T.);
#3537 = VERTEX_POINT('',#3538);
#3538 = CARTESIAN_POINT('',(-8.97,7.,226.2));
#3539 = SURFACE_CURVE('',#3540,(#3544,#3551),.PCURVE_S1.);
#3540 = LINE('',#3541,#3542);
#3541 = CARTESIAN_POINT('',(-8.97,7.,224.2));
#3542 = VECTOR('',#3543,1.);
#3543 = DIRECTION('',(0.,0.,1.));
#3544 = PCURVE('',#3477,#3545);
#3545 = DEFINITIONAL_REPRESENTATION('',(#3546),#3550);
#3546 = LINE('',#3547,#3548);
#3547 = CARTESIAN_POINT('',(0.,0.));
#3548 = VECTOR('',#3549,1.);
#3549 = DIRECTION('',(1.,0.));
#3550 = ( GEOMETRIC_REPRESENTATION_CONTEXT(2) 
PARAMETRIC_REPRESENTATION_CONTEXT() REPRESENTATION_CONTEXT('2D SPACE',''
  ) );
#3551 = PCURVE('',#2879,#3552);
#3552 = DEFINITIONAL_REPRESENTATION('',(#3553),#3557);
#3553 = LINE('',#3554,#3555);
#3554 = CARTESIAN_POINT('',(9.314997061778,21.191132450304));
#3555 = VECTOR('',#3556,1.);
#3556 = DIRECTION('',(-1.,0.));
#3557 = ( GEOMETRIC_REPRESENTATION_CONTEXT(2) 
PARAMETRIC_REPRESENTATION_CONTEXT() REPRESENTATION_CONTEXT('2D SPACE',''
  ) );
#3558 = ORIENTED_EDGE('',*,*,#3462,.F.);
#3559 = ORIENTED_EDGE('',*,*,#3560,.T.);
#3560 = EDGE_CURVE('',#3463,#3561,#3563,.T.);
#3561 = VERTEX_POINT('',#3562);
#3562 = CARTESIAN_POINT('',(-8.97,-7.,226.2));
#3563 = SURFACE_CURVE('',#3564,(#3568,#3575),.PCURVE_S1.);
#3564 = LINE('',#3565,#3566);
#3565 = CARTESIAN_POINT('',(-8.97,-7.,224.2));
#3566 = VECTOR('',#3567,1.);
#3567 = DIRECTION('',(0.,0.,1.));
#3568 = PCURVE('',#3477,#3569);
#3569 = DEFINITIONAL_REPRESENTATION('',(#3570),#3574);
#3570 = LINE('',#3571,#3572);
#3571 = CARTESIAN_POINT('',(0.,-14.));
#3572 = VECTOR('',#3573,1.);
#3573 = DIRECTION('',(1.,0.));
#3574 = ( GEOMETRIC_REPRESENTATION_CONTEXT(2) 
PARAMETRIC_REPRESENTATION_CONTEXT() REPRESENTATION_CONTEXT('2D SPACE',''
  ) );
#3575 = PCURVE('',#2931,#3576);
#3576 = DEFINITIONAL_REPRESENTATION('',(#3577),#3581);
#3577 = LINE('',#3578,#3579);
#3578 = CARTESIAN_POINT('',(9.314997061778,21.191132450304));
#3579 = VECTOR('',#3580,1.);
#3580 = DIRECTION('',(-1.,0.));
#3581 = ( GEOMETRIC_REPRESENTATION_CONTEXT(2) 
PARAMETRIC_REPRESENTATION_CONTEXT() REPRESENTATION_CONTEXT('2D SPACE',''
  ) );
#3582 = ORIENTED_EDGE('',*,*,#3583,.F.);
#3583 = EDGE_CURVE('',#3537,#3561,#3584,.T.);
#3584 = SURFACE_CURVE('',#3585,(#3589,#3596),.PCURVE_S1.);
#3585 = LINE('',#3586,#3587);
#3586 = CARTESIAN_POINT('',(-8.97,7.,226.2));
#3587 = VECTOR('',#3588,1.);
#3588 = DIRECTION('',(0.,-1.,0.));
#3589 = PCURVE('',#3477,#3590);
#3590 = DEFINITIONAL_REPRESENTATION('',(#3591),#3595);
#3591 = LINE('',#3592,#3593);
#3592 = CARTESIAN_POINT('',(2.,0.));
#3593 = VECTOR('',#3594,1.);
#3594 = DIRECTION('',(0.,-1.));
#3595 = ( GEOMETRIC_REPRESENTATION_CONTEXT(2) 
PARAMETRIC_REPRESENTATION_CONTEXT() REPRESENTATION_CONTEXT('2D SPACE',''
  ) );
#3596 = PCURVE('',#2905,#3597);
#3597 = DEFINITIONAL_REPRESENTATION('',(#3598),#3602);
#3598 = LINE('',#3599,#3600);
#3599 = CARTESIAN_POINT('',(0.,0.));
#3600 = VECTOR('',#3601,1.);
#3601 = DIRECTION('',(0.,-1.));
#3602 = ( GEOMETRIC_REPRESENTATION_CONTEXT(2) 
PARAMETRIC_REPRESENTATION_CONTEXT() REPRESENTATION_CONTEXT('2D SPACE',''
  ) );
#3603 = ADVANCED_FACE('',(#3604),#3093,.F.);
#3604 = FACE_BOUND('',#3605,.F.);
#3605 = EDGE_LOOP('',(#3606,#3629,#3630,#3631,#3655));
#3606 = ORIENTED_EDGE('',*,*,#3607,.F.);
#3607 = EDGE_CURVE('',#3281,#3608,#3610,.T.);
#3608 = VERTEX_POINT('',#3609);
#3609 = CARTESIAN_POINT('',(43.439613257947,7.,224.2));
#3610 = SURFACE_CURVE('',#3611,(#3615,#3622),.PCURVE_S1.);
#3611 = LINE('',#3612,#3613);
#3612 = CARTESIAN_POINT('',(44.2,7.,224.2));
#3613 = VECTOR('',#3614,1.);
#3614 = DIRECTION('',(-1.,0.,0.));
#3615 = PCURVE('',#3093,#3616);
#3616 = DEFINITIONAL_REPRESENTATION('',(#3617),#3621);
#3617 = LINE('',#3618,#3619);
#3618 = CARTESIAN_POINT('',(0.,0.));
#3619 = VECTOR('',#3620,1.);
#3620 = DIRECTION('',(1.,0.));
#3621 = ( GEOMETRIC_REPRESENTATION_CONTEXT(2) 
PARAMETRIC_REPRESENTATION_CONTEXT() REPRESENTATION_CONTEXT('2D SPACE',''
  ) );
#3622 = PCURVE('',#3011,#3623);
#3623 = DEFINITIONAL_REPRESENTATION('',(#3624),#3628);
#3624 = LINE('',#3625,#3626);
#3625 = CARTESIAN_POINT('',(-9.314997061778,14.038867549696));
#3626 = VECTOR('',#3627,1.);
#3627 = DIRECTION('',(0.,-1.));
#3628 = ( GEOMETRIC_REPRESENTATION_CONTEXT(2) 
PARAMETRIC_REPRESENTATION_CONTEXT() REPRESENTATION_CONTEXT('2D SPACE',''
  ) );
#3629 = ORIENTED_EDGE('',*,*,#3280,.T.);
#3630 = ORIENTED_EDGE('',*,*,#3075,.T.);
#3631 = ORIENTED_EDGE('',*,*,#3632,.F.);
#3632 = EDGE_CURVE('',#3633,#3078,#3635,.T.);
#3633 = VERTEX_POINT('',#3634);
#3634 = CARTESIAN_POINT('',(44.,0.,224.2));
#3635 = SURFACE_CURVE('',#3636,(#3641,#3648),.PCURVE_S1.);
#3636 = CIRCLE('',#3637,44.);
#3637 = AXIS2_PLACEMENT_3D('',#3638,#3639,#3640);
#3638 = CARTESIAN_POINT('',(0.,0.,224.2));
#3639 = DIRECTION('',(0.,0.,-1.));
#3640 = DIRECTION('',(1.,0.,0.));
#3641 = PCURVE('',#3093,#3642);
#3642 = DEFINITIONAL_REPRESENTATION('',(#3643),#3647);
#3643 = CIRCLE('',#3644,44.);
#3644 = AXIS2_PLACEMENT_2D('',#3645,#3646);
#3645 = CARTESIAN_POINT('',(44.2,-7.));
#3646 = DIRECTION('',(-1.,0.));
#3647 = ( GEOMETRIC_REPRESENTATION_CONTEXT(2) 
PARAMETRIC_REPRESENTATION_CONTEXT() REPRESENTATION_CONTEXT('2D SPACE',''
  ) );
#3648 = PCURVE('',#43,#3649);
#3649 = DEFINITIONAL_REPRESENTATION('',(#3650),#3654);
#3650 = LINE('',#3651,#3652);
#3651 = CARTESIAN_POINT('',(-6.28318530718,2.));
#3652 = VECTOR('',#3653,1.);
#3653 = DIRECTION('',(1.,-0.));
#3654 = ( GEOMETRIC_REPRESENTATION_CONTEXT(2) 
PARAMETRIC_REPRESENTATION_CONTEXT() REPRESENTATION_CONTEXT('2D SPACE',''
  ) );
#3655 = ORIENTED_EDGE('',*,*,#3656,.F.);
#3656 = EDGE_CURVE('',#3608,#3633,#3657,.T.);
#3657 = SURFACE_CURVE('',#3658,(#3663,#3670),.PCURVE_S1.);
#3658 = CIRCLE('',#3659,44.);
#3659 = AXIS2_PLACEMENT_3D('',#3660,#3661,#3662);
#3660 = CARTESIAN_POINT('',(0.,0.,224.2));
#3661 = DIRECTION('',(0.,0.,-1.));
#3662 = DIRECTION('',(1.,0.,0.));
#3663 = PCURVE('',#3093,#3664);
#3664 = DEFINITIONAL_REPRESENTATION('',(#3665),#3669);
#3665 = CIRCLE('',#3666,44.);
#3666 = AXIS2_PLACEMENT_2D('',#3667,#3668);
#3667 = CARTESIAN_POINT('',(44.2,-7.));
#3668 = DIRECTION('',(-1.,0.));
#3669 = ( GEOMETRIC_REPRESENTATION_CONTEXT(2) 
PARAMETRIC_REPRESENTATION_CONTEXT() REPRESENTATION_CONTEXT('2D SPACE',''
  ) );
#3670 = PCURVE('',#43,#3671);
#3671 = DEFINITIONAL_REPRESENTATION('',(#3672),#3676);
#3672 = LINE('',#3673,#3674);
#3673 = CARTESIAN_POINT('',(-6.28318530718,2.));
#3674 = VECTOR('',#3675,1.);
#3675 = DIRECTION('',(1.,-0.));
#3676 = ( GEOMETRIC_REPRESENTATION_CONTEXT(2) 
PARAMETRIC_REPRESENTATION_CONTEXT() REPRESENTATION_CONTEXT('2D SPACE',''
  ) );
#3677 = ADVANCED_FACE('',(#3678),#3037,.F.);
#3678 = FACE_BOUND('',#3679,.F.);
#3679 = EDGE_LOOP('',(#3680,#3701,#3702,#3703));
#3680 = ORIENTED_EDGE('',*,*,#3681,.F.);
#3681 = EDGE_CURVE('',#2997,#3257,#3682,.T.);
#3682 = SURFACE_CURVE('',#3683,(#3687,#3694),.PCURVE_S1.);
#3683 = LINE('',#3684,#3685);
#3684 = CARTESIAN_POINT('',(53.17,7.,242.));
#3685 = VECTOR('',#3686,1.);
#3686 = DIRECTION('',(-0.493706777134,0.,-0.869628436869));
#3687 = PCURVE('',#3037,#3688);
#3688 = DEFINITIONAL_REPRESENTATION('',(#3689),#3693);
#3689 = LINE('',#3690,#3691);
#3690 = CARTESIAN_POINT('',(0.,0.));
#3691 = VECTOR('',#3692,1.);
#3692 = DIRECTION('',(1.,0.));
#3693 = ( GEOMETRIC_REPRESENTATION_CONTEXT(2) 
PARAMETRIC_REPRESENTATION_CONTEXT() REPRESENTATION_CONTEXT('2D SPACE',''
  ) );
#3694 = PCURVE('',#3011,#3695);
#3695 = DEFINITIONAL_REPRESENTATION('',(#3696),#3700);
#3696 = LINE('',#3697,#3698);
#3697 = CARTESIAN_POINT('',(8.485002938222,23.008867549696));
#3698 = VECTOR('',#3699,1.);
#3699 = DIRECTION('',(-0.869628436869,-0.493706777134));
#3700 = ( GEOMETRIC_REPRESENTATION_CONTEXT(2) 
PARAMETRIC_REPRESENTATION_CONTEXT() REPRESENTATION_CONTEXT('2D SPACE',''
  ) );
#3701 = ORIENTED_EDGE('',*,*,#3022,.F.);
#3702 = ORIENTED_EDGE('',*,*,#3204,.T.);
#3703 = ORIENTED_EDGE('',*,*,#3256,.F.);
#3704 = ADVANCED_FACE('',(#3705),#3011,.F.);
#3705 = FACE_BOUND('',#3706,.F.);
#3706 = EDGE_LOOP('',(#3707,#3728,#3729,#3730,#3751,#3752,#3753,#3754));
#3707 = ORIENTED_EDGE('',*,*,#3708,.T.);
#3708 = EDGE_CURVE('',#3608,#3397,#3709,.T.);
#3709 = SURFACE_CURVE('',#3710,(#3714,#3721),.PCURVE_S1.);
#3710 = LINE('',#3711,#3712);
#3711 = CARTESIAN_POINT('',(43.439613257947,7.,224.2));
#3712 = VECTOR('',#3713,1.);
#3713 = DIRECTION('',(0.,4.463208139197E-16,1.));
#3714 = PCURVE('',#3011,#3715);
#3715 = DEFINITIONAL_REPRESENTATION('',(#3716),#3720);
#3716 = LINE('',#3717,#3718);
#3717 = CARTESIAN_POINT('',(-9.314997061778,13.278480807643));
#3718 = VECTOR('',#3719,1.);
#3719 = DIRECTION('',(1.,0.));
#3720 = ( GEOMETRIC_REPRESENTATION_CONTEXT(2) 
PARAMETRIC_REPRESENTATION_CONTEXT() REPRESENTATION_CONTEXT('2D SPACE',''
  ) );
#3721 = PCURVE('',#43,#3722);
#3722 = DEFINITIONAL_REPRESENTATION('',(#3723),#3727);
#3723 = LINE('',#3724,#3725);
#3724 = CARTESIAN_POINT('',(-0.159769765983,2.));
#3725 = VECTOR('',#3726,1.);
#3726 = DIRECTION('',(-0.,-1.));
#3727 = ( GEOMETRIC_REPRESENTATION_CONTEXT(2) 
PARAMETRIC_REPRESENTATION_CONTEXT() REPRESENTATION_CONTEXT('2D SPACE',''
  ) );
#3728 = ORIENTED_EDGE('',*,*,#3396,.F.);
#3729 = ORIENTED_EDGE('',*,*,#3327,.T.);
#3730 = ORIENTED_EDGE('',*,*,#3731,.T.);
#3731 = EDGE_CURVE('',#3330,#2969,#3732,.T.);
#3732 = SURFACE_CURVE('',#3733,(#3737,#3744),.PCURVE_S1.);
#3733 = LINE('',#3734,#3735);
#3734 = CARTESIAN_POINT('',(8.97,7.,226.2));
#3735 = VECTOR('',#3736,1.);
#3736 = DIRECTION('',(0.244268148416,0.,0.969707724868));
#3737 = PCURVE('',#3011,#3738);
#3738 = DEFINITIONAL_REPRESENTATION('',(#3739),#3743);
#3739 = LINE('',#3740,#3741);
#3740 = CARTESIAN_POINT('',(-7.314997061778,-21.1911324503));
#3741 = VECTOR('',#3742,1.);
#3742 = DIRECTION('',(0.969707724868,0.244268148416));
#3743 = ( GEOMETRIC_REPRESENTATION_CONTEXT(2) 
PARAMETRIC_REPRESENTATION_CONTEXT() REPRESENTATION_CONTEXT('2D SPACE',''
  ) );
#3744 = PCURVE('',#2985,#3745);
#3745 = DEFINITIONAL_REPRESENTATION('',(#3746),#3750);
#3746 = LINE('',#3747,#3748);
#3747 = CARTESIAN_POINT('',(0.,0.));
#3748 = VECTOR('',#3749,1.);
#3749 = DIRECTION('',(1.,0.));
#3750 = ( GEOMETRIC_REPRESENTATION_CONTEXT(2) 
PARAMETRIC_REPRESENTATION_CONTEXT() REPRESENTATION_CONTEXT('2D SPACE',''
  ) );
#3751 = ORIENTED_EDGE('',*,*,#2996,.F.);
#3752 = ORIENTED_EDGE('',*,*,#3681,.T.);
#3753 = ORIENTED_EDGE('',*,*,#3303,.T.);
#3754 = ORIENTED_EDGE('',*,*,#3607,.T.);
#3755 = ADVANCED_FACE('',(#3756),#2985,.F.);
#3756 = FACE_BOUND('',#3757,.F.);
#3757 = EDGE_LOOP('',(#3758,#3759,#3760,#3761));
#3758 = ORIENTED_EDGE('',*,*,#3731,.F.);
#3759 = ORIENTED_EDGE('',*,*,#3372,.T.);
#3760 = ORIENTED_EDGE('',*,*,#3182,.T.);
#3761 = ORIENTED_EDGE('',*,*,#2968,.F.);
#3762 = ADVANCED_FACE('',(#3763),#2955,.T.);
#3763 = FACE_BOUND('',#3764,.T.);
#3764 = EDGE_LOOP('',(#3765,#3788,#3789,#3812));
#3765 = ORIENTED_EDGE('',*,*,#3766,.F.);
#3766 = EDGE_CURVE('',#2863,#3767,#3769,.T.);
#3767 = VERTEX_POINT('',#3768);
#3768 = CARTESIAN_POINT('',(-44.2,7.,226.2));
#3769 = SURFACE_CURVE('',#3770,(#3774,#3781),.PCURVE_S1.);
#3770 = LINE('',#3771,#3772);
#3771 = CARTESIAN_POINT('',(-53.17,7.,242.));
#3772 = VECTOR('',#3773,1.);
#3773 = DIRECTION('',(0.493706777134,0.,-0.869628436869));
#3774 = PCURVE('',#2955,#3775);
#3775 = DEFINITIONAL_REPRESENTATION('',(#3776),#3780);
#3776 = LINE('',#3777,#3778);
#3777 = CARTESIAN_POINT('',(0.,0.));
#3778 = VECTOR('',#3779,1.);
#3779 = DIRECTION('',(1.,0.));
#3780 = ( GEOMETRIC_REPRESENTATION_CONTEXT(2) 
PARAMETRIC_REPRESENTATION_CONTEXT() REPRESENTATION_CONTEXT('2D SPACE',''
  ) );
#3781 = PCURVE('',#2879,#3782);
#3782 = DEFINITIONAL_REPRESENTATION('',(#3783),#3787);
#3783 = LINE('',#3784,#3785);
#3784 = CARTESIAN_POINT('',(-8.485002938222,-23.00886754969));
#3785 = VECTOR('',#3786,1.);
#3786 = DIRECTION('',(0.869628436869,0.493706777134));
#3787 = ( GEOMETRIC_REPRESENTATION_CONTEXT(2) 
PARAMETRIC_REPRESENTATION_CONTEXT() REPRESENTATION_CONTEXT('2D SPACE',''
  ) );
#3788 = ORIENTED_EDGE('',*,*,#2942,.F.);
#3789 = ORIENTED_EDGE('',*,*,#3790,.T.);
#3790 = EDGE_CURVE('',#2917,#3791,#3793,.T.);
#3791 = VERTEX_POINT('',#3792);
#3792 = CARTESIAN_POINT('',(-44.2,-7.,226.2));
#3793 = SURFACE_CURVE('',#3794,(#3798,#3805),.PCURVE_S1.);
#3794 = LINE('',#3795,#3796);
#3795 = CARTESIAN_POINT('',(-53.17,-7.,242.));
#3796 = VECTOR('',#3797,1.);
#3797 = DIRECTION('',(0.493706777134,0.,-0.869628436869));
#3798 = PCURVE('',#2955,#3799);
#3799 = DEFINITIONAL_REPRESENTATION('',(#3800),#3804);
#3800 = LINE('',#3801,#3802);
#3801 = CARTESIAN_POINT('',(0.,-14.));
#3802 = VECTOR('',#3803,1.);
#3803 = DIRECTION('',(1.,0.));
#3804 = ( GEOMETRIC_REPRESENTATION_CONTEXT(2) 
PARAMETRIC_REPRESENTATION_CONTEXT() REPRESENTATION_CONTEXT('2D SPACE',''
  ) );
#3805 = PCURVE('',#2931,#3806);
#3806 = DEFINITIONAL_REPRESENTATION('',(#3807),#3811);
#3807 = LINE('',#3808,#3809);
#3808 = CARTESIAN_POINT('',(-8.485002938222,-23.00886754969));
#3809 = VECTOR('',#3810,1.);
#3810 = DIRECTION('',(0.869628436869,0.493706777134));
#3811 = ( GEOMETRIC_REPRESENTATION_CONTEXT(2) 
PARAMETRIC_REPRESENTATION_CONTEXT() REPRESENTATION_CONTEXT('2D SPACE',''
  ) );
#3812 = ORIENTED_EDGE('',*,*,#3813,.F.);
#3813 = EDGE_CURVE('',#3767,#3791,#3814,.T.);
#3814 = SURFACE_CURVE('',#3815,(#3819,#3826),.PCURVE_S1.);
#3815 = LINE('',#3816,#3817);
#3816 = CARTESIAN_POINT('',(-44.2,7.,226.2));
#3817 = VECTOR('',#3818,1.);
#3818 = DIRECTION('',(0.,-1.,0.));
#3819 = PCURVE('',#2955,#3820);
#3820 = DEFINITIONAL_REPRESENTATION('',(#3821),#3825);
#3821 = LINE('',#3822,#3823);
#3822 = CARTESIAN_POINT('',(18.168679093429,0.));
#3823 = VECTOR('',#3824,1.);
#3824 = DIRECTION('',(0.,-1.));
#3825 = ( GEOMETRIC_REPRESENTATION_CONTEXT(2) 
PARAMETRIC_REPRESENTATION_CONTEXT() REPRESENTATION_CONTEXT('2D SPACE',''
  ) );
#3826 = PCURVE('',#3827,#3832);
#3827 = PLANE('',#3828);
#3828 = AXIS2_PLACEMENT_3D('',#3829,#3830,#3831);
#3829 = CARTESIAN_POINT('',(-44.2,7.,226.2));
#3830 = DIRECTION('',(1.,0.,0.));
#3831 = DIRECTION('',(0.,0.,-1.));
#3832 = DEFINITIONAL_REPRESENTATION('',(#3833),#3837);
#3833 = LINE('',#3834,#3835);
#3834 = CARTESIAN_POINT('',(0.,0.));
#3835 = VECTOR('',#3836,1.);
#3836 = DIRECTION('',(0.,-1.));
#3837 = ( GEOMETRIC_REPRESENTATION_CONTEXT(2) 
PARAMETRIC_REPRESENTATION_CONTEXT() REPRESENTATION_CONTEXT('2D SPACE',''
  ) );
#3838 = ADVANCED_FACE('',(#3839),#3827,.T.);
#3839 = FACE_BOUND('',#3840,.T.);
#3840 = EDGE_LOOP('',(#3841,#3842,#3865,#3893));
#3841 = ORIENTED_EDGE('',*,*,#3813,.T.);
#3842 = ORIENTED_EDGE('',*,*,#3843,.T.);
#3843 = EDGE_CURVE('',#3791,#3844,#3846,.T.);
#3844 = VERTEX_POINT('',#3845);
#3845 = CARTESIAN_POINT('',(-44.2,-7.,224.2));
#3846 = SURFACE_CURVE('',#3847,(#3851,#3858),.PCURVE_S1.);
#3847 = LINE('',#3848,#3849);
#3848 = CARTESIAN_POINT('',(-44.2,-7.,226.2));
#3849 = VECTOR('',#3850,1.);
#3850 = DIRECTION('',(0.,0.,-1.));
#3851 = PCURVE('',#3827,#3852);
#3852 = DEFINITIONAL_REPRESENTATION('',(#3853),#3857);
#3853 = LINE('',#3854,#3855);
#3854 = CARTESIAN_POINT('',(0.,-14.));
#3855 = VECTOR('',#3856,1.);
#3856 = DIRECTION('',(1.,0.));
#3857 = ( GEOMETRIC_REPRESENTATION_CONTEXT(2) 
PARAMETRIC_REPRESENTATION_CONTEXT() REPRESENTATION_CONTEXT('2D SPACE',''
  ) );
#3858 = PCURVE('',#2931,#3859);
#3859 = DEFINITIONAL_REPRESENTATION('',(#3860),#3864);
#3860 = LINE('',#3861,#3862);
#3861 = CARTESIAN_POINT('',(7.314997061778,-14.03886754969));
#3862 = VECTOR('',#3863,1.);
#3863 = DIRECTION('',(1.,0.));
#3864 = ( GEOMETRIC_REPRESENTATION_CONTEXT(2) 
PARAMETRIC_REPRESENTATION_CONTEXT() REPRESENTATION_CONTEXT('2D SPACE',''
  ) );
#3865 = ORIENTED_EDGE('',*,*,#3866,.F.);
#3866 = EDGE_CURVE('',#3867,#3844,#3869,.T.);
#3867 = VERTEX_POINT('',#3868);
#3868 = CARTESIAN_POINT('',(-44.2,7.,224.2));
#3869 = SURFACE_CURVE('',#3870,(#3874,#3881),.PCURVE_S1.);
#3870 = LINE('',#3871,#3872);
#3871 = CARTESIAN_POINT('',(-44.2,7.,224.2));
#3872 = VECTOR('',#3873,1.);
#3873 = DIRECTION('',(0.,-1.,0.));
#3874 = PCURVE('',#3827,#3875);
#3875 = DEFINITIONAL_REPRESENTATION('',(#3876),#3880);
#3876 = LINE('',#3877,#3878);
#3877 = CARTESIAN_POINT('',(2.,0.));
#3878 = VECTOR('',#3879,1.);
#3879 = DIRECTION('',(0.,-1.));
#3880 = ( GEOMETRIC_REPRESENTATION_CONTEXT(2) 
PARAMETRIC_REPRESENTATION_CONTEXT() REPRESENTATION_CONTEXT('2D SPACE',''
  ) );
#3881 = PCURVE('',#3882,#3887);
#3882 = PLANE('',#3883);
#3883 = AXIS2_PLACEMENT_3D('',#3884,#3885,#3886);
#3884 = CARTESIAN_POINT('',(-44.2,7.,224.2));
#3885 = DIRECTION('',(-0.,0.,1.));
#3886 = DIRECTION('',(1.,0.,0.));
#3887 = DEFINITIONAL_REPRESENTATION('',(#3888),#3892);
#3888 = LINE('',#3889,#3890);
#3889 = CARTESIAN_POINT('',(0.,0.));
#3890 = VECTOR('',#3891,1.);
#3891 = DIRECTION('',(0.,-1.));
#3892 = ( GEOMETRIC_REPRESENTATION_CONTEXT(2) 
PARAMETRIC_REPRESENTATION_CONTEXT() REPRESENTATION_CONTEXT('2D SPACE',''
  ) );
#3893 = ORIENTED_EDGE('',*,*,#3894,.F.);
#3894 = EDGE_CURVE('',#3767,#3867,#3895,.T.);
#3895 = SURFACE_CURVE('',#3896,(#3900,#3907),.PCURVE_S1.);
#3896 = LINE('',#3897,#3898);
#3897 = CARTESIAN_POINT('',(-44.2,7.,226.2));
#3898 = VECTOR('',#3899,1.);
#3899 = DIRECTION('',(0.,0.,-1.));
#3900 = PCURVE('',#3827,#3901);
#3901 = DEFINITIONAL_REPRESENTATION('',(#3902),#3906);
#3902 = LINE('',#3903,#3904);
#3903 = CARTESIAN_POINT('',(0.,0.));
#3904 = VECTOR('',#3905,1.);
#3905 = DIRECTION('',(1.,0.));
#3906 = ( GEOMETRIC_REPRESENTATION_CONTEXT(2) 
PARAMETRIC_REPRESENTATION_CONTEXT() REPRESENTATION_CONTEXT('2D SPACE',''
  ) );
#3907 = PCURVE('',#2879,#3908);
#3908 = DEFINITIONAL_REPRESENTATION('',(#3909),#3913);
#3909 = LINE('',#3910,#3911);
#3910 = CARTESIAN_POINT('',(7.314997061778,-14.03886754969));
#3911 = VECTOR('',#3912,1.);
#3912 = DIRECTION('',(1.,0.));
#3913 = ( GEOMETRIC_REPRESENTATION_CONTEXT(2) 
PARAMETRIC_REPRESENTATION_CONTEXT() REPRESENTATION_CONTEXT('2D SPACE',''
  ) );
#3914 = ADVANCED_FACE('',(#3915),#3882,.T.);
#3915 = FACE_BOUND('',#3916,.T.);
#3916 = EDGE_LOOP('',(#3917,#3940,#3941,#3964));
#3917 = ORIENTED_EDGE('',*,*,#3918,.F.);
#3918 = EDGE_CURVE('',#3867,#3919,#3921,.T.);
#3919 = VERTEX_POINT('',#3920);
#3920 = CARTESIAN_POINT('',(-43.43961325794,7.,224.2));
#3921 = SURFACE_CURVE('',#3922,(#3926,#3933),.PCURVE_S1.);
#3922 = LINE('',#3923,#3924);
#3923 = CARTESIAN_POINT('',(-44.2,7.,224.2));
#3924 = VECTOR('',#3925,1.);
#3925 = DIRECTION('',(1.,0.,0.));
#3926 = PCURVE('',#3882,#3927);
#3927 = DEFINITIONAL_REPRESENTATION('',(#3928),#3932);
#3928 = LINE('',#3929,#3930);
#3929 = CARTESIAN_POINT('',(0.,0.));
#3930 = VECTOR('',#3931,1.);
#3931 = DIRECTION('',(1.,0.));
#3932 = ( GEOMETRIC_REPRESENTATION_CONTEXT(2) 
PARAMETRIC_REPRESENTATION_CONTEXT() REPRESENTATION_CONTEXT('2D SPACE',''
  ) );
#3933 = PCURVE('',#2879,#3934);
#3934 = DEFINITIONAL_REPRESENTATION('',(#3935),#3939);
#3935 = LINE('',#3936,#3937);
#3936 = CARTESIAN_POINT('',(9.314997061778,-14.03886754969));
#3937 = VECTOR('',#3938,1.);
#3938 = DIRECTION('',(0.,1.));
#3939 = ( GEOMETRIC_REPRESENTATION_CONTEXT(2) 
PARAMETRIC_REPRESENTATION_CONTEXT() REPRESENTATION_CONTEXT('2D SPACE',''
  ) );
#3940 = ORIENTED_EDGE('',*,*,#3866,.T.);
#3941 = ORIENTED_EDGE('',*,*,#3942,.T.);
#3942 = EDGE_CURVE('',#3844,#3943,#3945,.T.);
#3943 = VERTEX_POINT('',#3944);
#3944 = CARTESIAN_POINT('',(-43.43961325794,-7.,224.2));
#3945 = SURFACE_CURVE('',#3946,(#3950,#3957),.PCURVE_S1.);
#3946 = LINE('',#3947,#3948);
#3947 = CARTESIAN_POINT('',(-44.2,-7.,224.2));
#3948 = VECTOR('',#3949,1.);
#3949 = DIRECTION('',(1.,0.,0.));
#3950 = PCURVE('',#3882,#3951);
#3951 = DEFINITIONAL_REPRESENTATION('',(#3952),#3956);
#3952 = LINE('',#3953,#3954);
#3953 = CARTESIAN_POINT('',(0.,-14.));
#3954 = VECTOR('',#3955,1.);
#3955 = DIRECTION('',(1.,0.));
#3956 = ( GEOMETRIC_REPRESENTATION_CONTEXT(2) 
PARAMETRIC_REPRESENTATION_CONTEXT() REPRESENTATION_CONTEXT('2D SPACE',''
  ) );
#3957 = PCURVE('',#2931,#3958);
#3958 = DEFINITIONAL_REPRESENTATION('',(#3959),#3963);
#3959 = LINE('',#3960,#3961);
#3960 = CARTESIAN_POINT('',(9.314997061778,-14.03886754969));
#3961 = VECTOR('',#3962,1.);
#3962 = DIRECTION('',(0.,1.));
#3963 = ( GEOMETRIC_REPRESENTATION_CONTEXT(2) 
PARAMETRIC_REPRESENTATION_CONTEXT() REPRESENTATION_CONTEXT('2D SPACE',''
  ) );
#3964 = ORIENTED_EDGE('',*,*,#3965,.T.);
#3965 = EDGE_CURVE('',#3943,#3919,#3966,.T.);
#3966 = SURFACE_CURVE('',#3967,(#3972,#3983),.PCURVE_S1.);
#3967 = CIRCLE('',#3968,44.);
#3968 = AXIS2_PLACEMENT_3D('',#3969,#3970,#3971);
#3969 = CARTESIAN_POINT('',(0.,0.,224.2));
#3970 = DIRECTION('',(0.,0.,-1.));
#3971 = DIRECTION('',(1.,0.,0.));
#3972 = PCURVE('',#3882,#3973);
#3973 = DEFINITIONAL_REPRESENTATION('',(#3974),#3982);
#3974 = ( BOUNDED_CURVE() B_SPLINE_CURVE(2,(#3975,#3976,#3977,#3978,
#3979,#3980,#3981),.UNSPECIFIED.,.T.,.F.) B_SPLINE_CURVE_WITH_KNOTS((1,2
    ,2,2,2,1),(-2.094395102393,0.,2.094395102393,4.188790204786,
6.28318530718,8.377580409573),.UNSPECIFIED.) CURVE() 
GEOMETRIC_REPRESENTATION_ITEM() RATIONAL_B_SPLINE_CURVE((1.,0.5,1.,0.5,
1.,0.5,1.)) REPRESENTATION_ITEM('') );
#3975 = CARTESIAN_POINT('',(88.2,-7.));
#3976 = CARTESIAN_POINT('',(88.2,-83.21023553303));
#3977 = CARTESIAN_POINT('',(22.2,-45.10511776651));
#3978 = CARTESIAN_POINT('',(-43.8,-7.));
#3979 = CARTESIAN_POINT('',(22.2,31.105117766515));
#3980 = CARTESIAN_POINT('',(88.2,69.210235533031));
#3981 = CARTESIAN_POINT('',(88.2,-7.));
#3982 = ( GEOMETRIC_REPRESENTATION_CONTEXT(2) 
PARAMETRIC_REPRESENTATION_CONTEXT() REPRESENTATION_CONTEXT('2D SPACE',''
  ) );
#3983 = PCURVE('',#43,#3984);
#3984 = DEFINITIONAL_REPRESENTATION('',(#3985),#3989);
#3985 = LINE('',#3986,#3987);
#3986 = CARTESIAN_POINT('',(-6.28318530718,2.));
#3987 = VECTOR('',#3988,1.);
#3988 = DIRECTION('',(1.,-0.));
#3989 = ( GEOMETRIC_REPRESENTATION_CONTEXT(2) 
PARAMETRIC_REPRESENTATION_CONTEXT() REPRESENTATION_CONTEXT('2D SPACE',''
  ) );
#3990 = ADVANCED_FACE('',(#3991),#2931,.F.);
#3991 = FACE_BOUND('',#3992,.F.);
#3992 = EDGE_LOOP('',(#3993,#4014,#4015,#4016,#4037,#4038,#4039,#4040));
#3993 = ORIENTED_EDGE('',*,*,#3994,.T.);
#3994 = EDGE_CURVE('',#3943,#3489,#3995,.T.);
#3995 = SURFACE_CURVE('',#3996,(#4000,#4007),.PCURVE_S1.);
#3996 = LINE('',#3997,#3998);
#3997 = CARTESIAN_POINT('',(-43.43961325794,-7.,224.2));
#3998 = VECTOR('',#3999,1.);
#3999 = DIRECTION('',(0.,4.909528953116E-15,1.));
#4000 = PCURVE('',#2931,#4001);
#4001 = DEFINITIONAL_REPRESENTATION('',(#4002),#4006);
#4002 = LINE('',#4003,#4004);
#4003 = CARTESIAN_POINT('',(9.314997061778,-13.27848080764));
#4004 = VECTOR('',#4005,1.);
#4005 = DIRECTION('',(-1.,0.));
#4006 = ( GEOMETRIC_REPRESENTATION_CONTEXT(2) 
PARAMETRIC_REPRESENTATION_CONTEXT() REPRESENTATION_CONTEXT('2D SPACE',''
  ) );
#4007 = PCURVE('',#43,#4008);
#4008 = DEFINITIONAL_REPRESENTATION('',(#4009),#4013);
#4009 = LINE('',#4010,#4011);
#4010 = CARTESIAN_POINT('',(-3.301362419573,2.));
#4011 = VECTOR('',#4012,1.);
#4012 = DIRECTION('',(-0.,-1.));
#4013 = ( GEOMETRIC_REPRESENTATION_CONTEXT(2) 
PARAMETRIC_REPRESENTATION_CONTEXT() REPRESENTATION_CONTEXT('2D SPACE',''
  ) );
#4014 = ORIENTED_EDGE('',*,*,#3488,.F.);
#4015 = ORIENTED_EDGE('',*,*,#3560,.T.);
#4016 = ORIENTED_EDGE('',*,*,#4017,.T.);
#4017 = EDGE_CURVE('',#3561,#2891,#4018,.T.);
#4018 = SURFACE_CURVE('',#4019,(#4023,#4030),.PCURVE_S1.);
#4019 = LINE('',#4020,#4021);
#4020 = CARTESIAN_POINT('',(-8.97,-7.,226.2));
#4021 = VECTOR('',#4022,1.);
#4022 = DIRECTION('',(-0.244268148416,0.,0.969707724868));
#4023 = PCURVE('',#2931,#4024);
#4024 = DEFINITIONAL_REPRESENTATION('',(#4025),#4029);
#4025 = LINE('',#4026,#4027);
#4026 = CARTESIAN_POINT('',(7.314997061778,21.191132450304));
#4027 = VECTOR('',#4028,1.);
#4028 = DIRECTION('',(-0.969707724868,-0.244268148416));
#4029 = ( GEOMETRIC_REPRESENTATION_CONTEXT(2) 
PARAMETRIC_REPRESENTATION_CONTEXT() REPRESENTATION_CONTEXT('2D SPACE',''
  ) );
#4030 = PCURVE('',#2905,#4031);
#4031 = DEFINITIONAL_REPRESENTATION('',(#4032),#4036);
#4032 = LINE('',#4033,#4034);
#4033 = CARTESIAN_POINT('',(0.,-14.));
#4034 = VECTOR('',#4035,1.);
#4035 = DIRECTION('',(1.,0.));
#4036 = ( GEOMETRIC_REPRESENTATION_CONTEXT(2) 
PARAMETRIC_REPRESENTATION_CONTEXT() REPRESENTATION_CONTEXT('2D SPACE',''
  ) );
#4037 = ORIENTED_EDGE('',*,*,#2916,.F.);
#4038 = ORIENTED_EDGE('',*,*,#3790,.T.);
#4039 = ORIENTED_EDGE('',*,*,#3843,.T.);
#4040 = ORIENTED_EDGE('',*,*,#3942,.T.);
#4041 = ADVANCED_FACE('',(#4042),#2905,.T.);
#4042 = FACE_BOUND('',#4043,.T.);
#4043 = EDGE_LOOP('',(#4044,#4065,#4066,#4067));
#4044 = ORIENTED_EDGE('',*,*,#4045,.F.);
#4045 = EDGE_CURVE('',#3537,#2865,#4046,.T.);
#4046 = SURFACE_CURVE('',#4047,(#4051,#4058),.PCURVE_S1.);
#4047 = LINE('',#4048,#4049);
#4048 = CARTESIAN_POINT('',(-8.97,7.,226.2));
#4049 = VECTOR('',#4050,1.);
#4050 = DIRECTION('',(-0.244268148416,0.,0.969707724868));
#4051 = PCURVE('',#2905,#4052);
#4052 = DEFINITIONAL_REPRESENTATION('',(#4053),#4057);
#4053 = LINE('',#4054,#4055);
#4054 = CARTESIAN_POINT('',(0.,0.));
#4055 = VECTOR('',#4056,1.);
#4056 = DIRECTION('',(1.,0.));
#4057 = ( GEOMETRIC_REPRESENTATION_CONTEXT(2) 
PARAMETRIC_REPRESENTATION_CONTEXT() REPRESENTATION_CONTEXT('2D SPACE',''
  ) );
#4058 = PCURVE('',#2879,#4059);
#4059 = DEFINITIONAL_REPRESENTATION('',(#4060),#4064);
#4060 = LINE('',#4061,#4062);
#4061 = CARTESIAN_POINT('',(7.314997061778,21.191132450304));
#4062 = VECTOR('',#4063,1.);
#4063 = DIRECTION('',(-0.969707724868,-0.244268148416));
#4064 = ( GEOMETRIC_REPRESENTATION_CONTEXT(2) 
PARAMETRIC_REPRESENTATION_CONTEXT() REPRESENTATION_CONTEXT('2D SPACE',''
  ) );
#4065 = ORIENTED_EDGE('',*,*,#3583,.T.);
#4066 = ORIENTED_EDGE('',*,*,#4017,.T.);
#4067 = ORIENTED_EDGE('',*,*,#2890,.F.);
#4068 = ADVANCED_FACE('',(#4069),#2879,.T.);
#4069 = FACE_BOUND('',#4070,.T.);
#4070 = EDGE_LOOP('',(#4071,#4072,#4093,#4094,#4095,#4096,#4097,#4098));
#4071 = ORIENTED_EDGE('',*,*,#3918,.T.);
#4072 = ORIENTED_EDGE('',*,*,#4073,.F.);
#4073 = EDGE_CURVE('',#3418,#3919,#4074,.T.);
#4074 = SURFACE_CURVE('',#4075,(#4079,#4086),.PCURVE_S1.);
#4075 = LINE('',#4076,#4077);
#4076 = CARTESIAN_POINT('',(-43.43961325794,7.,226.19));
#4077 = VECTOR('',#4078,1.);
#4078 = DIRECTION('',(0.,-4.463208139197E-16,-1.));
#4079 = PCURVE('',#2879,#4080);
#4080 = DEFINITIONAL_REPRESENTATION('',(#4081),#4085);
#4081 = LINE('',#4082,#4083);
#4082 = CARTESIAN_POINT('',(7.324997061778,-13.27848080764));
#4083 = VECTOR('',#4084,1.);
#4084 = DIRECTION('',(1.,0.));
#4085 = ( GEOMETRIC_REPRESENTATION_CONTEXT(2) 
PARAMETRIC_REPRESENTATION_CONTEXT() REPRESENTATION_CONTEXT('2D SPACE',''
  ) );
#4086 = PCURVE('',#43,#4087);
#4087 = DEFINITIONAL_REPRESENTATION('',(#4088),#4092);
#4088 = LINE('',#4089,#4090);
#4089 = CARTESIAN_POINT('',(-2.981822887606,9.999999999991E-03));
#4090 = VECTOR('',#4091,1.);
#4091 = DIRECTION('',(0.,1.));
#4092 = ( GEOMETRIC_REPRESENTATION_CONTEXT(2) 
PARAMETRIC_REPRESENTATION_CONTEXT() REPRESENTATION_CONTEXT('2D SPACE',''
  ) );
#4093 = ORIENTED_EDGE('',*,*,#3441,.F.);
#4094 = ORIENTED_EDGE('',*,*,#3536,.T.);
#4095 = ORIENTED_EDGE('',*,*,#4045,.T.);
#4096 = ORIENTED_EDGE('',*,*,#2862,.F.);
#4097 = ORIENTED_EDGE('',*,*,#3766,.T.);
#4098 = ORIENTED_EDGE('',*,*,#3894,.T.);
#4099 = ADVANCED_FACE('',(#4100),#2804,.F.);
#4100 = FACE_BOUND('',#4101,.F.);
#4101 = EDGE_LOOP('',(#4102,#4103,#4127,#4153,#4181,#4207));
#4102 = ORIENTED_EDGE('',*,*,#2786,.F.);
#4103 = ORIENTED_EDGE('',*,*,#4104,.T.);
#4104 = EDGE_CURVE('',#2787,#4105,#4107,.T.);
#4105 = VERTEX_POINT('',#4106);
#4106 = CARTESIAN_POINT('',(-56.,27.1,243.52216226088));
#4107 = SURFACE_CURVE('',#4108,(#4113,#4120),.PCURVE_S1.);
#4108 = CIRCLE('',#4109,60.8);
#4109 = AXIS2_PLACEMENT_3D('',#4110,#4111,#4112);
#4110 = CARTESIAN_POINT('',(0.,27.1,267.2));
#4111 = DIRECTION('',(0.,1.,0.));
#4112 = DIRECTION('',(0.,-0.,1.));
#4113 = PCURVE('',#2804,#4114);
#4114 = DEFINITIONAL_REPRESENTATION('',(#4115),#4119);
#4115 = CIRCLE('',#4116,60.8);
#4116 = AXIS2_PLACEMENT_2D('',#4117,#4118);
#4117 = CARTESIAN_POINT('',(25.3,80.));
#4118 = DIRECTION('',(1.,0.));
#4119 = ( GEOMETRIC_REPRESENTATION_CONTEXT(2) 
PARAMETRIC_REPRESENTATION_CONTEXT() REPRESENTATION_CONTEXT('2D SPACE',''
  ) );
#4120 = PCURVE('',#710,#4121);
#4121 = DEFINITIONAL_REPRESENTATION('',(#4122),#4126);
#4122 = LINE('',#4123,#4124);
#4123 = CARTESIAN_POINT('',(0.,97.1));
#4124 = VECTOR('',#4125,1.);
#4125 = DIRECTION('',(1.,0.));
#4126 = ( GEOMETRIC_REPRESENTATION_CONTEXT(2) 
PARAMETRIC_REPRESENTATION_CONTEXT() REPRESENTATION_CONTEXT('2D SPACE',''
  ) );
#4127 = ORIENTED_EDGE('',*,*,#4128,.T.);
#4128 = EDGE_CURVE('',#4105,#4129,#4131,.T.);
#4129 = VERTEX_POINT('',#4130);
#4130 = CARTESIAN_POINT('',(-56.,27.1,250.6));
#4131 = SURFACE_CURVE('',#4132,(#4136,#4142),.PCURVE_S1.);
#4132 = LINE('',#4133,#4134);
#4133 = CARTESIAN_POINT('',(-56.,27.1,233.8));
#4134 = VECTOR('',#4135,1.);
#4135 = DIRECTION('',(0.,0.,1.));
#4136 = PCURVE('',#2804,#4137);
#4137 = DEFINITIONAL_REPRESENTATION('',(#4138),#4141);
#4138 = B_SPLINE_CURVE_WITH_KNOTS('',1,(#4139,#4140),.UNSPECIFIED.,.F.,
  .F.,(2,2),(9.722162260882,16.8),.PIECEWISE_BEZIER_KNOTS.);
#4139 = CARTESIAN_POINT('',(1.622162260882,24.));
#4140 = CARTESIAN_POINT('',(8.7,24.));
#4141 = ( GEOMETRIC_REPRESENTATION_CONTEXT(2) 
PARAMETRIC_REPRESENTATION_CONTEXT() REPRESENTATION_CONTEXT('2D SPACE',''
  ) );
#4142 = PCURVE('',#4143,#4148);
#4143 = PLANE('',#4144);
#4144 = AXIS2_PLACEMENT_3D('',#4145,#4146,#4147);
#4145 = CARTESIAN_POINT('',(-56.,-56.,225.7));
#4146 = DIRECTION('',(1.,0.,-0.));
#4147 = DIRECTION('',(0.,0.,1.));
#4148 = DEFINITIONAL_REPRESENTATION('',(#4149),#4152);
#4149 = B_SPLINE_CURVE_WITH_KNOTS('',1,(#4150,#4151),.UNSPECIFIED.,.F.,
  .F.,(2,2),(9.722162260882,16.8),.PIECEWISE_BEZIER_KNOTS.);
#4150 = CARTESIAN_POINT('',(17.822162260882,-83.1));
#4151 = CARTESIAN_POINT('',(24.9,-83.1));
#4152 = ( GEOMETRIC_REPRESENTATION_CONTEXT(2) 
PARAMETRIC_REPRESENTATION_CONTEXT() REPRESENTATION_CONTEXT('2D SPACE',''
  ) );
#4153 = ORIENTED_EDGE('',*,*,#4154,.T.);
#4154 = EDGE_CURVE('',#4129,#4155,#4157,.T.);
#4155 = VERTEX_POINT('',#4156);
#4156 = CARTESIAN_POINT('',(56.,27.1,250.6));
#4157 = SURFACE_CURVE('',#4158,(#4162,#4169),.PCURVE_S1.);
#4158 = LINE('',#4159,#4160);
#4159 = CARTESIAN_POINT('',(-80.,27.1,250.6));
#4160 = VECTOR('',#4161,1.);
#4161 = DIRECTION('',(1.,0.,-0.));
#4162 = PCURVE('',#2804,#4163);
#4163 = DEFINITIONAL_REPRESENTATION('',(#4164),#4168);
#4164 = LINE('',#4165,#4166);
#4165 = CARTESIAN_POINT('',(8.7,0.));
#4166 = VECTOR('',#4167,1.);
#4167 = DIRECTION('',(0.,1.));
#4168 = ( GEOMETRIC_REPRESENTATION_CONTEXT(2) 
PARAMETRIC_REPRESENTATION_CONTEXT() REPRESENTATION_CONTEXT('2D SPACE',''
  ) );
#4169 = PCURVE('',#4170,#4175);
#4170 = PLANE('',#4171);
#4171 = AXIS2_PLACEMENT_3D('',#4172,#4173,#4174);
#4172 = CARTESIAN_POINT('',(-80.,-27.1,250.6));
#4173 = DIRECTION('',(0.,0.,1.));
#4174 = DIRECTION('',(1.,0.,-0.));
#4175 = DEFINITIONAL_REPRESENTATION('',(#4176),#4180);
#4176 = LINE('',#4177,#4178);
#4177 = CARTESIAN_POINT('',(0.,54.2));
#4178 = VECTOR('',#4179,1.);
#4179 = DIRECTION('',(1.,0.));
#4180 = ( GEOMETRIC_REPRESENTATION_CONTEXT(2) 
PARAMETRIC_REPRESENTATION_CONTEXT() REPRESENTATION_CONTEXT('2D SPACE',''
  ) );
#4181 = ORIENTED_EDGE('',*,*,#4182,.F.);
#4182 = EDGE_CURVE('',#4183,#4155,#4185,.T.);
#4183 = VERTEX_POINT('',#4184);
#4184 = CARTESIAN_POINT('',(56.,27.1,243.52216226088));
#4185 = SURFACE_CURVE('',#4186,(#4190,#4196),.PCURVE_S1.);
#4186 = LINE('',#4187,#4188);
#4187 = CARTESIAN_POINT('',(56.,27.1,233.8));
#4188 = VECTOR('',#4189,1.);
#4189 = DIRECTION('',(0.,0.,1.));
#4190 = PCURVE('',#2804,#4191);
#4191 = DEFINITIONAL_REPRESENTATION('',(#4192),#4195);
#4192 = B_SPLINE_CURVE_WITH_KNOTS('',1,(#4193,#4194),.UNSPECIFIED.,.F.,
  .F.,(2,2),(9.722162260882,16.8),.PIECEWISE_BEZIER_KNOTS.);
#4193 = CARTESIAN_POINT('',(1.622162260882,136.));
#4194 = CARTESIAN_POINT('',(8.7,136.));
#4195 = ( GEOMETRIC_REPRESENTATION_CONTEXT(2) 
PARAMETRIC_REPRESENTATION_CONTEXT() REPRESENTATION_CONTEXT('2D SPACE',''
  ) );
#4196 = PCURVE('',#4197,#4202);
#4197 = PLANE('',#4198);
#4198 = AXIS2_PLACEMENT_3D('',#4199,#4200,#4201);
#4199 = CARTESIAN_POINT('',(56.,-56.,225.7));
#4200 = DIRECTION('',(1.,0.,-0.));
#4201 = DIRECTION('',(0.,0.,1.));
#4202 = DEFINITIONAL_REPRESENTATION('',(#4203),#4206);
#4203 = B_SPLINE_CURVE_WITH_KNOTS('',1,(#4204,#4205),.UNSPECIFIED.,.F.,
  .F.,(2,2),(9.722162260882,16.8),.PIECEWISE_BEZIER_KNOTS.);
#4204 = CARTESIAN_POINT('',(17.822162260882,-83.1));
#4205 = CARTESIAN_POINT('',(24.9,-83.1));
#4206 = ( GEOMETRIC_REPRESENTATION_CONTEXT(2) 
PARAMETRIC_REPRESENTATION_CONTEXT() REPRESENTATION_CONTEXT('2D SPACE',''
  ) );
#4207 = ORIENTED_EDGE('',*,*,#4208,.T.);
#4208 = EDGE_CURVE('',#4183,#2789,#4209,.T.);
#4209 = SURFACE_CURVE('',#4210,(#4215,#4222),.PCURVE_S1.);
#4210 = CIRCLE('',#4211,60.8);
#4211 = AXIS2_PLACEMENT_3D('',#4212,#4213,#4214);
#4212 = CARTESIAN_POINT('',(0.,27.1,267.2));
#4213 = DIRECTION('',(0.,1.,0.));
#4214 = DIRECTION('',(0.,-0.,1.));
#4215 = PCURVE('',#2804,#4216);
#4216 = DEFINITIONAL_REPRESENTATION('',(#4217),#4221);
#4217 = CIRCLE('',#4218,60.8);
#4218 = AXIS2_PLACEMENT_2D('',#4219,#4220);
#4219 = CARTESIAN_POINT('',(25.3,80.));
#4220 = DIRECTION('',(1.,0.));
#4221 = ( GEOMETRIC_REPRESENTATION_CONTEXT(2) 
PARAMETRIC_REPRESENTATION_CONTEXT() REPRESENTATION_CONTEXT('2D SPACE',''
  ) );
#4222 = PCURVE('',#913,#4223);
#4223 = DEFINITIONAL_REPRESENTATION('',(#4224),#4228);
#4224 = LINE('',#4225,#4226);
#4225 = CARTESIAN_POINT('',(0.,97.1));
#4226 = VECTOR('',#4227,1.);
#4227 = DIRECTION('',(1.,0.));
#4228 = ( GEOMETRIC_REPRESENTATION_CONTEXT(2) 
PARAMETRIC_REPRESENTATION_CONTEXT() REPRESENTATION_CONTEXT('2D SPACE',''
  ) );
#4229 = ADVANCED_FACE('',(#4230),#4143,.F.);
#4230 = FACE_BOUND('',#4231,.F.);
#4231 = EDGE_LOOP('',(#4232,#4262,#4288,#4307,#4308,#4329,#4357));
#4232 = ORIENTED_EDGE('',*,*,#4233,.F.);
#4233 = EDGE_CURVE('',#4234,#4236,#4238,.T.);
#4234 = VERTEX_POINT('',#4235);
#4235 = CARTESIAN_POINT('',(-56.,19.1,258.));
#4236 = VERTEX_POINT('',#4237);
#4237 = CARTESIAN_POINT('',(-56.,52.211970074813,258.));
#4238 = SURFACE_CURVE('',#4239,(#4243,#4250),.PCURVE_S1.);
#4239 = LINE('',#4240,#4241);
#4240 = CARTESIAN_POINT('',(-56.,-56.,258.));
#4241 = VECTOR('',#4242,1.);
#4242 = DIRECTION('',(-0.,1.,0.));
#4243 = PCURVE('',#4143,#4244);
#4244 = DEFINITIONAL_REPRESENTATION('',(#4245),#4249);
#4245 = LINE('',#4246,#4247);
#4246 = CARTESIAN_POINT('',(32.3,0.));
#4247 = VECTOR('',#4248,1.);
#4248 = DIRECTION('',(0.,-1.));
#4249 = ( GEOMETRIC_REPRESENTATION_CONTEXT(2) 
PARAMETRIC_REPRESENTATION_CONTEXT() REPRESENTATION_CONTEXT('2D SPACE',''
  ) );
#4250 = PCURVE('',#4251,#4256);
#4251 = PLANE('',#4252);
#4252 = AXIS2_PLACEMENT_3D('',#4253,#4254,#4255);
#4253 = CARTESIAN_POINT('',(-56.,-56.,258.));
#4254 = DIRECTION('',(0.,0.,1.));
#4255 = DIRECTION('',(1.,0.,-0.));
#4256 = DEFINITIONAL_REPRESENTATION('',(#4257),#4261);
#4257 = LINE('',#4258,#4259);
#4258 = CARTESIAN_POINT('',(0.,0.));
#4259 = VECTOR('',#4260,1.);
#4260 = DIRECTION('',(0.,1.));
#4261 = ( GEOMETRIC_REPRESENTATION_CONTEXT(2) 
PARAMETRIC_REPRESENTATION_CONTEXT() REPRESENTATION_CONTEXT('2D SPACE',''
  ) );
#4262 = ORIENTED_EDGE('',*,*,#4263,.F.);
#4263 = EDGE_CURVE('',#4264,#4234,#4266,.T.);
#4264 = VERTEX_POINT('',#4265);
#4265 = CARTESIAN_POINT('',(-56.,19.1,250.6));
#4266 = SURFACE_CURVE('',#4267,(#4271,#4277),.PCURVE_S1.);
#4267 = LINE('',#4268,#4269);
#4268 = CARTESIAN_POINT('',(-56.,19.1,238.1));
#4269 = VECTOR('',#4270,1.);
#4270 = DIRECTION('',(0.,0.,1.));
#4271 = PCURVE('',#4143,#4272);
#4272 = DEFINITIONAL_REPRESENTATION('',(#4273),#4276);
#4273 = B_SPLINE_CURVE_WITH_KNOTS('',1,(#4274,#4275),.UNSPECIFIED.,.F.,
  .F.,(2,2),(12.4,19.9),.PIECEWISE_BEZIER_KNOTS.);
#4274 = CARTESIAN_POINT('',(24.8,-75.1));
#4275 = CARTESIAN_POINT('',(32.3,-75.1));
#4276 = ( GEOMETRIC_REPRESENTATION_CONTEXT(2) 
PARAMETRIC_REPRESENTATION_CONTEXT() REPRESENTATION_CONTEXT('2D SPACE',''
  ) );
#4277 = PCURVE('',#4278,#4283);
#4278 = PLANE('',#4279);
#4279 = AXIS2_PLACEMENT_3D('',#4280,#4281,#4282);
#4280 = CARTESIAN_POINT('',(-80.,19.1,250.5));
#4281 = DIRECTION('',(-0.,1.,0.));
#4282 = DIRECTION('',(0.,0.,1.));
#4283 = DEFINITIONAL_REPRESENTATION('',(#4284),#4287);
#4284 = B_SPLINE_CURVE_WITH_KNOTS('',1,(#4285,#4286),.UNSPECIFIED.,.F.,
  .F.,(2,2),(12.4,19.9),.PIECEWISE_BEZIER_KNOTS.);
#4285 = CARTESIAN_POINT('',(0.,24.));
#4286 = CARTESIAN_POINT('',(7.5,24.));
#4287 = ( GEOMETRIC_REPRESENTATION_CONTEXT(2) 
PARAMETRIC_REPRESENTATION_CONTEXT() REPRESENTATION_CONTEXT('2D SPACE',''
  ) );
#4288 = ORIENTED_EDGE('',*,*,#4289,.F.);
#4289 = EDGE_CURVE('',#4129,#4264,#4290,.T.);
#4290 = SURFACE_CURVE('',#4291,(#4295,#4301),.PCURVE_S1.);
#4291 = LINE('',#4292,#4293);
#4292 = CARTESIAN_POINT('',(-56.,-41.55,250.6));
#4293 = VECTOR('',#4294,1.);
#4294 = DIRECTION('',(0.,-1.,0.));
#4295 = PCURVE('',#4143,#4296);
#4296 = DEFINITIONAL_REPRESENTATION('',(#4297),#4300);
#4297 = B_SPLINE_CURVE_WITH_KNOTS('',1,(#4298,#4299),.UNSPECIFIED.,.F.,
  .F.,(2,2),(-68.65,-14.45),.PIECEWISE_BEZIER_KNOTS.);
#4298 = CARTESIAN_POINT('',(24.9,-83.1));
#4299 = CARTESIAN_POINT('',(24.9,-28.9));
#4300 = ( GEOMETRIC_REPRESENTATION_CONTEXT(2) 
PARAMETRIC_REPRESENTATION_CONTEXT() REPRESENTATION_CONTEXT('2D SPACE',''
  ) );
#4301 = PCURVE('',#4170,#4302);
#4302 = DEFINITIONAL_REPRESENTATION('',(#4303),#4306);
#4303 = B_SPLINE_CURVE_WITH_KNOTS('',1,(#4304,#4305),.UNSPECIFIED.,.F.,
  .F.,(2,2),(-68.65,-14.45),.PIECEWISE_BEZIER_KNOTS.);
#4304 = CARTESIAN_POINT('',(24.,54.2));
#4305 = CARTESIAN_POINT('',(24.,0.));
#4306 = ( GEOMETRIC_REPRESENTATION_CONTEXT(2) 
PARAMETRIC_REPRESENTATION_CONTEXT() REPRESENTATION_CONTEXT('2D SPACE',''
  ) );
#4307 = ORIENTED_EDGE('',*,*,#4128,.F.);
#4308 = ORIENTED_EDGE('',*,*,#4309,.T.);
#4309 = EDGE_CURVE('',#4105,#4310,#4312,.T.);
#4310 = VERTEX_POINT('',#4311);
#4311 = CARTESIAN_POINT('',(-56.,56.,243.52216226088));
#4312 = SURFACE_CURVE('',#4313,(#4317,#4323),.PCURVE_S1.);
#4313 = LINE('',#4314,#4315);
#4314 = CARTESIAN_POINT('',(-56.,-70.,243.52216226088));
#4315 = VECTOR('',#4316,1.);
#4316 = DIRECTION('',(0.,1.,0.));
#4317 = PCURVE('',#4143,#4318);
#4318 = DEFINITIONAL_REPRESENTATION('',(#4319),#4322);
#4319 = B_SPLINE_CURVE_WITH_KNOTS('',1,(#4320,#4321),.UNSPECIFIED.,.F.,
  .F.,(2,2),(2.8,137.2),.PIECEWISE_BEZIER_KNOTS.);
#4320 = CARTESIAN_POINT('',(17.822162260882,11.2));
#4321 = CARTESIAN_POINT('',(17.822162260882,-123.2));
#4322 = ( GEOMETRIC_REPRESENTATION_CONTEXT(2) 
PARAMETRIC_REPRESENTATION_CONTEXT() REPRESENTATION_CONTEXT('2D SPACE',''
  ) );
#4323 = PCURVE('',#710,#4324);
#4324 = DEFINITIONAL_REPRESENTATION('',(#4325),#4328);
#4325 = B_SPLINE_CURVE_WITH_KNOTS('',1,(#4326,#4327),.UNSPECIFIED.,.F.,
  .F.,(2,2),(2.8,137.2),.PIECEWISE_BEZIER_KNOTS.);
#4326 = CARTESIAN_POINT('',(4.31236750679,2.8));
#4327 = CARTESIAN_POINT('',(4.31236750679,137.2));
#4328 = ( GEOMETRIC_REPRESENTATION_CONTEXT(2) 
PARAMETRIC_REPRESENTATION_CONTEXT() REPRESENTATION_CONTEXT('2D SPACE',''
  ) );
#4329 = ORIENTED_EDGE('',*,*,#4330,.T.);
#4330 = EDGE_CURVE('',#4310,#4331,#4333,.T.);
#4331 = VERTEX_POINT('',#4332);
#4332 = CARTESIAN_POINT('',(-56.,56.,254.83541666666));
#4333 = SURFACE_CURVE('',#4334,(#4338,#4345),.PCURVE_S1.);
#4334 = LINE('',#4335,#4336);
#4335 = CARTESIAN_POINT('',(-56.,56.,225.7));
#4336 = VECTOR('',#4337,1.);
#4337 = DIRECTION('',(0.,0.,1.));
#4338 = PCURVE('',#4143,#4339);
#4339 = DEFINITIONAL_REPRESENTATION('',(#4340),#4344);
#4340 = LINE('',#4341,#4342);
#4341 = CARTESIAN_POINT('',(0.,-112.));
#4342 = VECTOR('',#4343,1.);
#4343 = DIRECTION('',(1.,0.));
#4344 = ( GEOMETRIC_REPRESENTATION_CONTEXT(2) 
PARAMETRIC_REPRESENTATION_CONTEXT() REPRESENTATION_CONTEXT('2D SPACE',''
  ) );
#4345 = PCURVE('',#4346,#4351);
#4346 = PLANE('',#4347);
#4347 = AXIS2_PLACEMENT_3D('',#4348,#4349,#4350);
#4348 = CARTESIAN_POINT('',(-56.,56.,225.7));
#4349 = DIRECTION('',(-0.,1.,0.));
#4350 = DIRECTION('',(0.,0.,1.));
#4351 = DEFINITIONAL_REPRESENTATION('',(#4352),#4356);
#4352 = LINE('',#4353,#4354);
#4353 = CARTESIAN_POINT('',(0.,0.));
#4354 = VECTOR('',#4355,1.);
#4355 = DIRECTION('',(1.,0.));
#4356 = ( GEOMETRIC_REPRESENTATION_CONTEXT(2) 
PARAMETRIC_REPRESENTATION_CONTEXT() REPRESENTATION_CONTEXT('2D SPACE',''
  ) );
#4357 = ORIENTED_EDGE('',*,*,#4358,.F.);
#4358 = EDGE_CURVE('',#4236,#4331,#4359,.T.);
#4359 = SURFACE_CURVE('',#4360,(#4364,#4370),.PCURVE_S1.);
#4360 = LINE('',#4361,#4362);
#4361 = CARTESIAN_POINT('',(-56.,30.686140884098,275.98303646974));
#4362 = VECTOR('',#4363,1.);
#4363 = DIRECTION('',(-0.,0.767434394398,-0.641127483653));
#4364 = PCURVE('',#4143,#4365);
#4365 = DEFINITIONAL_REPRESENTATION('',(#4366),#4369);
#4366 = B_SPLINE_CURVE_WITH_KNOTS('',1,(#4367,#4368),.UNSPECIFIED.,.F.,
  .F.,(2,2),(28.049080609174,32.985046410081),.PIECEWISE_BEZIER_KNOTS.);
#4367 = CARTESIAN_POINT('',(32.3,-108.2119700748));
#4368 = CARTESIAN_POINT('',(29.135416666667,-112.));
#4369 = ( GEOMETRIC_REPRESENTATION_CONTEXT(2) 
PARAMETRIC_REPRESENTATION_CONTEXT() REPRESENTATION_CONTEXT('2D SPACE',''
  ) );
#4370 = PCURVE('',#4371,#4376);
#4371 = PLANE('',#4372);
#4372 = AXIS2_PLACEMENT_3D('',#4373,#4374,#4375);
#4373 = CARTESIAN_POINT('',(-80.,57.,254.));
#4374 = DIRECTION('',(0.,-0.641127483653,-0.767434394398));
#4375 = DIRECTION('',(0.,-0.767434394398,0.641127483653));
#4376 = DEFINITIONAL_REPRESENTATION('',(#4377),#4380);
#4377 = B_SPLINE_CURVE_WITH_KNOTS('',1,(#4378,#4379),.UNSPECIFIED.,.F.,
  .F.,(2,2),(28.049080609174,32.985046410081),.PIECEWISE_BEZIER_KNOTS.);
#4378 = CARTESIAN_POINT('',(6.239008780607,-24.));
#4379 = CARTESIAN_POINT('',(1.3030429797,-24.));
#4380 = ( GEOMETRIC_REPRESENTATION_CONTEXT(2) 
PARAMETRIC_REPRESENTATION_CONTEXT() REPRESENTATION_CONTEXT('2D SPACE',''
  ) );
#4381 = ADVANCED_FACE('',(#4382),#4278,.F.);
#4382 = FACE_BOUND('',#4383,.F.);
#4383 = EDGE_LOOP('',(#4384,#4407,#4426,#4427));
#4384 = ORIENTED_EDGE('',*,*,#4385,.F.);
#4385 = EDGE_CURVE('',#4386,#4388,#4390,.T.);
#4386 = VERTEX_POINT('',#4387);
#4387 = CARTESIAN_POINT('',(56.,19.1,250.6));
#4388 = VERTEX_POINT('',#4389);
#4389 = CARTESIAN_POINT('',(56.,19.1,258.));
#4390 = SURFACE_CURVE('',#4391,(#4395,#4401),.PCURVE_S1.);
#4391 = LINE('',#4392,#4393);
#4392 = CARTESIAN_POINT('',(56.,19.1,238.1));
#4393 = VECTOR('',#4394,1.);
#4394 = DIRECTION('',(0.,0.,1.));
#4395 = PCURVE('',#4278,#4396);
#4396 = DEFINITIONAL_REPRESENTATION('',(#4397),#4400);
#4397 = B_SPLINE_CURVE_WITH_KNOTS('',1,(#4398,#4399),.UNSPECIFIED.,.F.,
  .F.,(2,2),(12.4,19.9),.PIECEWISE_BEZIER_KNOTS.);
#4398 = CARTESIAN_POINT('',(0.,136.));
#4399 = CARTESIAN_POINT('',(7.5,136.));
#4400 = ( GEOMETRIC_REPRESENTATION_CONTEXT(2) 
PARAMETRIC_REPRESENTATION_CONTEXT() REPRESENTATION_CONTEXT('2D SPACE',''
  ) );
#4401 = PCURVE('',#4197,#4402);
#4402 = DEFINITIONAL_REPRESENTATION('',(#4403),#4406);
#4403 = B_SPLINE_CURVE_WITH_KNOTS('',1,(#4404,#4405),.UNSPECIFIED.,.F.,
  .F.,(2,2),(12.4,19.9),.PIECEWISE_BEZIER_KNOTS.);
#4404 = CARTESIAN_POINT('',(24.8,-75.1));
#4405 = CARTESIAN_POINT('',(32.3,-75.1));
#4406 = ( GEOMETRIC_REPRESENTATION_CONTEXT(2) 
PARAMETRIC_REPRESENTATION_CONTEXT() REPRESENTATION_CONTEXT('2D SPACE',''
  ) );
#4407 = ORIENTED_EDGE('',*,*,#4408,.T.);
#4408 = EDGE_CURVE('',#4386,#4264,#4409,.T.);
#4409 = SURFACE_CURVE('',#4410,(#4414,#4420),.PCURVE_S1.);
#4410 = LINE('',#4411,#4412);
#4411 = CARTESIAN_POINT('',(-80.,19.1,250.6));
#4412 = VECTOR('',#4413,1.);
#4413 = DIRECTION('',(-1.,-0.,0.));
#4414 = PCURVE('',#4278,#4415);
#4415 = DEFINITIONAL_REPRESENTATION('',(#4416),#4419);
#4416 = B_SPLINE_CURVE_WITH_KNOTS('',1,(#4417,#4418),.UNSPECIFIED.,.F.,
  .F.,(2,2),(-136.,-24.),.PIECEWISE_BEZIER_KNOTS.);
#4417 = CARTESIAN_POINT('',(9.999999999999E-02,136.));
#4418 = CARTESIAN_POINT('',(9.999999999999E-02,24.));
#4419 = ( GEOMETRIC_REPRESENTATION_CONTEXT(2) 
PARAMETRIC_REPRESENTATION_CONTEXT() REPRESENTATION_CONTEXT('2D SPACE',''
  ) );
#4420 = PCURVE('',#4170,#4421);
#4421 = DEFINITIONAL_REPRESENTATION('',(#4422),#4425);
#4422 = B_SPLINE_CURVE_WITH_KNOTS('',1,(#4423,#4424),.UNSPECIFIED.,.F.,
  .F.,(2,2),(-136.,-24.),.PIECEWISE_BEZIER_KNOTS.);
#4423 = CARTESIAN_POINT('',(136.,46.2));
#4424 = CARTESIAN_POINT('',(24.,46.2));
#4425 = ( GEOMETRIC_REPRESENTATION_CONTEXT(2) 
PARAMETRIC_REPRESENTATION_CONTEXT() REPRESENTATION_CONTEXT('2D SPACE',''
  ) );
#4426 = ORIENTED_EDGE('',*,*,#4263,.T.);
#4427 = ORIENTED_EDGE('',*,*,#4428,.F.);
#4428 = EDGE_CURVE('',#4388,#4234,#4429,.T.);
#4429 = SURFACE_CURVE('',#4430,(#4434,#4440),.PCURVE_S1.);
#4430 = LINE('',#4431,#4432);
#4431 = CARTESIAN_POINT('',(-68.,19.1,258.));
#4432 = VECTOR('',#4433,1.);
#4433 = DIRECTION('',(-1.,-0.,0.));
#4434 = PCURVE('',#4278,#4435);
#4435 = DEFINITIONAL_REPRESENTATION('',(#4436),#4439);
#4436 = B_SPLINE_CURVE_WITH_KNOTS('',1,(#4437,#4438),.UNSPECIFIED.,.F.,
  .F.,(2,2),(-124.,-12.),.PIECEWISE_BEZIER_KNOTS.);
#4437 = CARTESIAN_POINT('',(7.5,136.));
#4438 = CARTESIAN_POINT('',(7.5,24.));
#4439 = ( GEOMETRIC_REPRESENTATION_CONTEXT(2) 
PARAMETRIC_REPRESENTATION_CONTEXT() REPRESENTATION_CONTEXT('2D SPACE',''
  ) );
#4440 = PCURVE('',#4251,#4441);
#4441 = DEFINITIONAL_REPRESENTATION('',(#4442),#4445);
#4442 = B_SPLINE_CURVE_WITH_KNOTS('',1,(#4443,#4444),.UNSPECIFIED.,.F.,
  .F.,(2,2),(-124.,-12.),.PIECEWISE_BEZIER_KNOTS.);
#4443 = CARTESIAN_POINT('',(112.,75.1));
#4444 = CARTESIAN_POINT('',(0.,75.1));
#4445 = ( GEOMETRIC_REPRESENTATION_CONTEXT(2) 
PARAMETRIC_REPRESENTATION_CONTEXT() REPRESENTATION_CONTEXT('2D SPACE',''
  ) );
#4446 = ADVANCED_FACE('',(#4447),#4346,.T.);
#4447 = FACE_BOUND('',#4448,.T.);
#4448 = EDGE_LOOP('',(#4449,#4472,#4494,#4495,#4516,#4539,#4563));
#4449 = ORIENTED_EDGE('',*,*,#4450,.F.);
#4450 = EDGE_CURVE('',#4451,#767,#4453,.T.);
#4451 = VERTEX_POINT('',#4452);
#4452 = CARTESIAN_POINT('',(-44.43410852037,56.,225.7));
#4453 = SURFACE_CURVE('',#4454,(#4458,#4465),.PCURVE_S1.);
#4454 = LINE('',#4455,#4456);
#4455 = CARTESIAN_POINT('',(-56.,56.,225.7));
#4456 = VECTOR('',#4457,1.);
#4457 = DIRECTION('',(1.,0.,-0.));
#4458 = PCURVE('',#4346,#4459);
#4459 = DEFINITIONAL_REPRESENTATION('',(#4460),#4464);
#4460 = LINE('',#4461,#4462);
#4461 = CARTESIAN_POINT('',(0.,0.));
#4462 = VECTOR('',#4463,1.);
#4463 = DIRECTION('',(0.,1.));
#4464 = ( GEOMETRIC_REPRESENTATION_CONTEXT(2) 
PARAMETRIC_REPRESENTATION_CONTEXT() REPRESENTATION_CONTEXT('2D SPACE',''
  ) );
#4465 = PCURVE('',#783,#4466);
#4466 = DEFINITIONAL_REPRESENTATION('',(#4467),#4471);
#4467 = LINE('',#4468,#4469);
#4468 = CARTESIAN_POINT('',(0.,112.));
#4469 = VECTOR('',#4470,1.);
#4470 = DIRECTION('',(1.,0.));
#4471 = ( GEOMETRIC_REPRESENTATION_CONTEXT(2) 
PARAMETRIC_REPRESENTATION_CONTEXT() REPRESENTATION_CONTEXT('2D SPACE',''
  ) );
#4472 = ORIENTED_EDGE('',*,*,#4473,.T.);
#4473 = EDGE_CURVE('',#4451,#4310,#4474,.T.);
#4474 = SURFACE_CURVE('',#4475,(#4480,#4487),.PCURVE_S1.);
#4475 = CIRCLE('',#4476,60.8);
#4476 = AXIS2_PLACEMENT_3D('',#4477,#4478,#4479);
#4477 = CARTESIAN_POINT('',(0.,56.,267.2));
#4478 = DIRECTION('',(0.,1.,0.));
#4479 = DIRECTION('',(0.,-0.,1.));
#4480 = PCURVE('',#4346,#4481);
#4481 = DEFINITIONAL_REPRESENTATION('',(#4482),#4486);
#4482 = CIRCLE('',#4483,60.8);
#4483 = AXIS2_PLACEMENT_2D('',#4484,#4485);
#4484 = CARTESIAN_POINT('',(41.5,56.));
#4485 = DIRECTION('',(1.,0.));
#4486 = ( GEOMETRIC_REPRESENTATION_CONTEXT(2) 
PARAMETRIC_REPRESENTATION_CONTEXT() REPRESENTATION_CONTEXT('2D SPACE',''
  ) );
#4487 = PCURVE('',#710,#4488);
#4488 = DEFINITIONAL_REPRESENTATION('',(#4489),#4493);
#4489 = LINE('',#4490,#4491);
#4490 = CARTESIAN_POINT('',(0.,126.));
#4491 = VECTOR('',#4492,1.);
#4492 = DIRECTION('',(1.,0.));
#4493 = ( GEOMETRIC_REPRESENTATION_CONTEXT(2) 
PARAMETRIC_REPRESENTATION_CONTEXT() REPRESENTATION_CONTEXT('2D SPACE',''
  ) );
#4494 = ORIENTED_EDGE('',*,*,#4330,.T.);
#4495 = ORIENTED_EDGE('',*,*,#4496,.F.);
#4496 = EDGE_CURVE('',#4497,#4331,#4499,.T.);
#4497 = VERTEX_POINT('',#4498);
#4498 = CARTESIAN_POINT('',(56.,56.,254.83541666666));
#4499 = SURFACE_CURVE('',#4500,(#4504,#4510),.PCURVE_S1.);
#4500 = LINE('',#4501,#4502);
#4501 = CARTESIAN_POINT('',(-68.,56.,254.83541666666));
#4502 = VECTOR('',#4503,1.);
#4503 = DIRECTION('',(-1.,0.,0.));
#4504 = PCURVE('',#4346,#4505);
#4505 = DEFINITIONAL_REPRESENTATION('',(#4506),#4509);
#4506 = B_SPLINE_CURVE_WITH_KNOTS('',1,(#4507,#4508),.UNSPECIFIED.,.F.,
  .F.,(2,2),(-124.,-12.),.PIECEWISE_BEZIER_KNOTS.);
#4507 = CARTESIAN_POINT('',(29.135416666667,112.));
#4508 = CARTESIAN_POINT('',(29.135416666667,-1.207922650792E-13));
#4509 = ( GEOMETRIC_REPRESENTATION_CONTEXT(2) 
PARAMETRIC_REPRESENTATION_CONTEXT() REPRESENTATION_CONTEXT('2D SPACE',''
  ) );
#4510 = PCURVE('',#4371,#4511);
#4511 = DEFINITIONAL_REPRESENTATION('',(#4512),#4515);
#4512 = B_SPLINE_CURVE_WITH_KNOTS('',1,(#4513,#4514),.UNSPECIFIED.,.F.,
  .F.,(2,2),(-124.,-12.),.PIECEWISE_BEZIER_KNOTS.);
#4513 = CARTESIAN_POINT('',(1.3030429797,-136.));
#4514 = CARTESIAN_POINT('',(1.3030429797,-24.));
#4515 = ( GEOMETRIC_REPRESENTATION_CONTEXT(2) 
PARAMETRIC_REPRESENTATION_CONTEXT() REPRESENTATION_CONTEXT('2D SPACE',''
  ) );
#4516 = ORIENTED_EDGE('',*,*,#4517,.F.);
#4517 = EDGE_CURVE('',#4518,#4497,#4520,.T.);
#4518 = VERTEX_POINT('',#4519);
#4519 = CARTESIAN_POINT('',(56.,56.,243.52216226088));
#4520 = SURFACE_CURVE('',#4521,(#4525,#4532),.PCURVE_S1.);
#4521 = LINE('',#4522,#4523);
#4522 = CARTESIAN_POINT('',(56.,56.,225.7));
#4523 = VECTOR('',#4524,1.);
#4524 = DIRECTION('',(0.,0.,1.));
#4525 = PCURVE('',#4346,#4526);
#4526 = DEFINITIONAL_REPRESENTATION('',(#4527),#4531);
#4527 = LINE('',#4528,#4529);
#4528 = CARTESIAN_POINT('',(0.,112.));
#4529 = VECTOR('',#4530,1.);
#4530 = DIRECTION('',(1.,0.));
#4531 = ( GEOMETRIC_REPRESENTATION_CONTEXT(2) 
PARAMETRIC_REPRESENTATION_CONTEXT() REPRESENTATION_CONTEXT('2D SPACE',''
  ) );
#4532 = PCURVE('',#4197,#4533);
#4533 = DEFINITIONAL_REPRESENTATION('',(#4534),#4538);
#4534 = LINE('',#4535,#4536);
#4535 = CARTESIAN_POINT('',(0.,-112.));
#4536 = VECTOR('',#4537,1.);
#4537 = DIRECTION('',(1.,0.));
#4538 = ( GEOMETRIC_REPRESENTATION_CONTEXT(2) 
PARAMETRIC_REPRESENTATION_CONTEXT() REPRESENTATION_CONTEXT('2D SPACE',''
  ) );
#4539 = ORIENTED_EDGE('',*,*,#4540,.T.);
#4540 = EDGE_CURVE('',#4518,#4541,#4543,.T.);
#4541 = VERTEX_POINT('',#4542);
#4542 = CARTESIAN_POINT('',(44.43410852037,56.,225.7));
#4543 = SURFACE_CURVE('',#4544,(#4549,#4556),.PCURVE_S1.);
#4544 = CIRCLE('',#4545,60.8);
#4545 = AXIS2_PLACEMENT_3D('',#4546,#4547,#4548);
#4546 = CARTESIAN_POINT('',(0.,56.,267.2));
#4547 = DIRECTION('',(0.,1.,0.));
#4548 = DIRECTION('',(0.,-0.,1.));
#4549 = PCURVE('',#4346,#4550);
#4550 = DEFINITIONAL_REPRESENTATION('',(#4551),#4555);
#4551 = CIRCLE('',#4552,60.8);
#4552 = AXIS2_PLACEMENT_2D('',#4553,#4554);
#4553 = CARTESIAN_POINT('',(41.5,56.));
#4554 = DIRECTION('',(1.,0.));
#4555 = ( GEOMETRIC_REPRESENTATION_CONTEXT(2) 
PARAMETRIC_REPRESENTATION_CONTEXT() REPRESENTATION_CONTEXT('2D SPACE',''
  ) );
#4556 = PCURVE('',#913,#4557);
#4557 = DEFINITIONAL_REPRESENTATION('',(#4558),#4562);
#4558 = LINE('',#4559,#4560);
#4559 = CARTESIAN_POINT('',(0.,126.));
#4560 = VECTOR('',#4561,1.);
#4561 = DIRECTION('',(1.,0.));
#4562 = ( GEOMETRIC_REPRESENTATION_CONTEXT(2) 
PARAMETRIC_REPRESENTATION_CONTEXT() REPRESENTATION_CONTEXT('2D SPACE',''
  ) );
#4563 = ORIENTED_EDGE('',*,*,#4564,.F.);
#4564 = EDGE_CURVE('',#767,#4541,#4565,.T.);
#4565 = SURFACE_CURVE('',#4566,(#4570,#4577),.PCURVE_S1.);
#4566 = LINE('',#4567,#4568);
#4567 = CARTESIAN_POINT('',(-56.,56.,225.7));
#4568 = VECTOR('',#4569,1.);
#4569 = DIRECTION('',(1.,0.,-0.));
#4570 = PCURVE('',#4346,#4571);
#4571 = DEFINITIONAL_REPRESENTATION('',(#4572),#4576);
#4572 = LINE('',#4573,#4574);
#4573 = CARTESIAN_POINT('',(0.,0.));
#4574 = VECTOR('',#4575,1.);
#4575 = DIRECTION('',(0.,1.));
#4576 = ( GEOMETRIC_REPRESENTATION_CONTEXT(2) 
PARAMETRIC_REPRESENTATION_CONTEXT() REPRESENTATION_CONTEXT('2D SPACE',''
  ) );
#4577 = PCURVE('',#812,#4578);
#4578 = DEFINITIONAL_REPRESENTATION('',(#4579),#4583);
#4579 = LINE('',#4580,#4581);
#4580 = CARTESIAN_POINT('',(0.,112.));
#4581 = VECTOR('',#4582,1.);
#4582 = DIRECTION('',(1.,0.));
#4583 = ( GEOMETRIC_REPRESENTATION_CONTEXT(2) 
PARAMETRIC_REPRESENTATION_CONTEXT() REPRESENTATION_CONTEXT('2D SPACE',''
  ) );
#4584 = ADVANCED_FACE('',(#4585),#4371,.F.);
#4585 = FACE_BOUND('',#4586,.F.);
#4586 = EDGE_LOOP('',(#4587,#4608,#4627,#4628));
#4587 = ORIENTED_EDGE('',*,*,#4588,.F.);
#4588 = EDGE_CURVE('',#4589,#4497,#4591,.T.);
#4589 = VERTEX_POINT('',#4590);
#4590 = CARTESIAN_POINT('',(56.,52.211970074813,258.));
#4591 = SURFACE_CURVE('',#4592,(#4596,#4602),.PCURVE_S1.);
#4592 = LINE('',#4593,#4594);
#4593 = CARTESIAN_POINT('',(56.,30.686140884098,275.98303646974));
#4594 = VECTOR('',#4595,1.);
#4595 = DIRECTION('',(-0.,0.767434394398,-0.641127483653));
#4596 = PCURVE('',#4371,#4597);
#4597 = DEFINITIONAL_REPRESENTATION('',(#4598),#4601);
#4598 = B_SPLINE_CURVE_WITH_KNOTS('',1,(#4599,#4600),.UNSPECIFIED.,.F.,
  .F.,(2,2),(28.049080609174,32.985046410081),.PIECEWISE_BEZIER_KNOTS.);
#4599 = CARTESIAN_POINT('',(6.239008780607,-136.));
#4600 = CARTESIAN_POINT('',(1.3030429797,-136.));
#4601 = ( GEOMETRIC_REPRESENTATION_CONTEXT(2) 
PARAMETRIC_REPRESENTATION_CONTEXT() REPRESENTATION_CONTEXT('2D SPACE',''
  ) );
#4602 = PCURVE('',#4197,#4603);
#4603 = DEFINITIONAL_REPRESENTATION('',(#4604),#4607);
#4604 = B_SPLINE_CURVE_WITH_KNOTS('',1,(#4605,#4606),.UNSPECIFIED.,.F.,
  .F.,(2,2),(28.049080609174,32.985046410081),.PIECEWISE_BEZIER_KNOTS.);
#4605 = CARTESIAN_POINT('',(32.3,-108.2119700748));
#4606 = CARTESIAN_POINT('',(29.135416666667,-112.));
#4607 = ( GEOMETRIC_REPRESENTATION_CONTEXT(2) 
PARAMETRIC_REPRESENTATION_CONTEXT() REPRESENTATION_CONTEXT('2D SPACE',''
  ) );
#4608 = ORIENTED_EDGE('',*,*,#4609,.F.);
#4609 = EDGE_CURVE('',#4236,#4589,#4610,.T.);
#4610 = SURFACE_CURVE('',#4611,(#4615,#4621),.PCURVE_S1.);
#4611 = LINE('',#4612,#4613);
#4612 = CARTESIAN_POINT('',(-68.,52.211970074813,258.));
#4613 = VECTOR('',#4614,1.);
#4614 = DIRECTION('',(1.,0.,-0.));
#4615 = PCURVE('',#4371,#4616);
#4616 = DEFINITIONAL_REPRESENTATION('',(#4617),#4620);
#4617 = B_SPLINE_CURVE_WITH_KNOTS('',1,(#4618,#4619),.UNSPECIFIED.,.F.,
  .F.,(2,2),(12.,124.),.PIECEWISE_BEZIER_KNOTS.);
#4618 = CARTESIAN_POINT('',(6.239008780607,-24.));
#4619 = CARTESIAN_POINT('',(6.239008780607,-136.));
#4620 = ( GEOMETRIC_REPRESENTATION_CONTEXT(2) 
PARAMETRIC_REPRESENTATION_CONTEXT() REPRESENTATION_CONTEXT('2D SPACE',''
  ) );
#4621 = PCURVE('',#4251,#4622);
#4622 = DEFINITIONAL_REPRESENTATION('',(#4623),#4626);
#4623 = B_SPLINE_CURVE_WITH_KNOTS('',1,(#4624,#4625),.UNSPECIFIED.,.F.,
  .F.,(2,2),(12.,124.),.PIECEWISE_BEZIER_KNOTS.);
#4624 = CARTESIAN_POINT('',(0.,108.21197007481));
#4625 = CARTESIAN_POINT('',(112.,108.21197007481));
#4626 = ( GEOMETRIC_REPRESENTATION_CONTEXT(2) 
PARAMETRIC_REPRESENTATION_CONTEXT() REPRESENTATION_CONTEXT('2D SPACE',''
  ) );
#4627 = ORIENTED_EDGE('',*,*,#4358,.T.);
#4628 = ORIENTED_EDGE('',*,*,#4496,.F.);
#4629 = ADVANCED_FACE('',(#4630),#4251,.T.);
#4630 = FACE_BOUND('',#4631,.T.);
#4631 = EDGE_LOOP('',(#4632,#4633,#4634,#4655));
#4632 = ORIENTED_EDGE('',*,*,#4233,.F.);
#4633 = ORIENTED_EDGE('',*,*,#4428,.F.);
#4634 = ORIENTED_EDGE('',*,*,#4635,.T.);
#4635 = EDGE_CURVE('',#4388,#4589,#4636,.T.);
#4636 = SURFACE_CURVE('',#4637,(#4641,#4648),.PCURVE_S1.);
#4637 = LINE('',#4638,#4639);
#4638 = CARTESIAN_POINT('',(56.,-56.,258.));
#4639 = VECTOR('',#4640,1.);
#4640 = DIRECTION('',(-0.,1.,0.));
#4641 = PCURVE('',#4251,#4642);
#4642 = DEFINITIONAL_REPRESENTATION('',(#4643),#4647);
#4643 = LINE('',#4644,#4645);
#4644 = CARTESIAN_POINT('',(112.,0.));
#4645 = VECTOR('',#4646,1.);
#4646 = DIRECTION('',(0.,1.));
#4647 = ( GEOMETRIC_REPRESENTATION_CONTEXT(2) 
PARAMETRIC_REPRESENTATION_CONTEXT() REPRESENTATION_CONTEXT('2D SPACE',''
  ) );
#4648 = PCURVE('',#4197,#4649);
#4649 = DEFINITIONAL_REPRESENTATION('',(#4650),#4654);
#4650 = LINE('',#4651,#4652);
#4651 = CARTESIAN_POINT('',(32.3,0.));
#4652 = VECTOR('',#4653,1.);
#4653 = DIRECTION('',(0.,-1.));
#4654 = ( GEOMETRIC_REPRESENTATION_CONTEXT(2) 
PARAMETRIC_REPRESENTATION_CONTEXT() REPRESENTATION_CONTEXT('2D SPACE',''
  ) );
#4655 = ORIENTED_EDGE('',*,*,#4609,.F.);
#4656 = ADVANCED_FACE('',(#4657),#4170,.F.);
#4657 = FACE_BOUND('',#4658,.F.);
#4658 = EDGE_LOOP('',(#4659,#4660,#4661,#4662));
#4659 = ORIENTED_EDGE('',*,*,#4154,.F.);
#4660 = ORIENTED_EDGE('',*,*,#4289,.T.);
#4661 = ORIENTED_EDGE('',*,*,#4408,.F.);
#4662 = ORIENTED_EDGE('',*,*,#4663,.F.);
#4663 = EDGE_CURVE('',#4155,#4386,#4664,.T.);
#4664 = SURFACE_CURVE('',#4665,(#4669,#4675),.PCURVE_S1.);
#4665 = LINE('',#4666,#4667);
#4666 = CARTESIAN_POINT('',(56.,-41.55,250.6));
#4667 = VECTOR('',#4668,1.);
#4668 = DIRECTION('',(0.,-1.,0.));
#4669 = PCURVE('',#4170,#4670);
#4670 = DEFINITIONAL_REPRESENTATION('',(#4671),#4674);
#4671 = B_SPLINE_CURVE_WITH_KNOTS('',1,(#4672,#4673),.UNSPECIFIED.,.F.,
  .F.,(2,2),(-68.65,-14.45),.PIECEWISE_BEZIER_KNOTS.);
#4672 = CARTESIAN_POINT('',(136.,54.2));
#4673 = CARTESIAN_POINT('',(136.,0.));
#4674 = ( GEOMETRIC_REPRESENTATION_CONTEXT(2) 
PARAMETRIC_REPRESENTATION_CONTEXT() REPRESENTATION_CONTEXT('2D SPACE',''
  ) );
#4675 = PCURVE('',#4197,#4676);
#4676 = DEFINITIONAL_REPRESENTATION('',(#4677),#4680);
#4677 = B_SPLINE_CURVE_WITH_KNOTS('',1,(#4678,#4679),.UNSPECIFIED.,.F.,
  .F.,(2,2),(-68.65,-14.45),.PIECEWISE_BEZIER_KNOTS.);
#4678 = CARTESIAN_POINT('',(24.9,-83.1));
#4679 = CARTESIAN_POINT('',(24.9,-28.9));
#4680 = ( GEOMETRIC_REPRESENTATION_CONTEXT(2) 
PARAMETRIC_REPRESENTATION_CONTEXT() REPRESENTATION_CONTEXT('2D SPACE',''
  ) );
#4681 = ADVANCED_FACE('',(#4682),#4197,.T.);
#4682 = FACE_BOUND('',#4683,.T.);
#4683 = EDGE_LOOP('',(#4684,#4685,#4686,#4687,#4688,#4707,#4708));
#4684 = ORIENTED_EDGE('',*,*,#4635,.F.);
#4685 = ORIENTED_EDGE('',*,*,#4385,.F.);
#4686 = ORIENTED_EDGE('',*,*,#4663,.F.);
#4687 = ORIENTED_EDGE('',*,*,#4182,.F.);
#4688 = ORIENTED_EDGE('',*,*,#4689,.T.);
#4689 = EDGE_CURVE('',#4183,#4518,#4690,.T.);
#4690 = SURFACE_CURVE('',#4691,(#4695,#4701),.PCURVE_S1.);
#4691 = LINE('',#4692,#4693);
#4692 = CARTESIAN_POINT('',(56.,-70.,243.52216226088));
#4693 = VECTOR('',#4694,1.);
#4694 = DIRECTION('',(0.,1.,0.));
#4695 = PCURVE('',#4197,#4696);
#4696 = DEFINITIONAL_REPRESENTATION('',(#4697),#4700);
#4697 = B_SPLINE_CURVE_WITH_KNOTS('',1,(#4698,#4699),.UNSPECIFIED.,.F.,
  .F.,(2,2),(2.8,137.2),.PIECEWISE_BEZIER_KNOTS.);
#4698 = CARTESIAN_POINT('',(17.822162260882,11.2));
#4699 = CARTESIAN_POINT('',(17.822162260882,-123.2));
#4700 = ( GEOMETRIC_REPRESENTATION_CONTEXT(2) 
PARAMETRIC_REPRESENTATION_CONTEXT() REPRESENTATION_CONTEXT('2D SPACE',''
  ) );
#4701 = PCURVE('',#913,#4702);
#4702 = DEFINITIONAL_REPRESENTATION('',(#4703),#4706);
#4703 = B_SPLINE_CURVE_WITH_KNOTS('',1,(#4704,#4705),.UNSPECIFIED.,.F.,
  .F.,(2,2),(2.8,137.2),.PIECEWISE_BEZIER_KNOTS.);
#4704 = CARTESIAN_POINT('',(1.970817800389,2.8));
#4705 = CARTESIAN_POINT('',(1.970817800389,137.2));
#4706 = ( GEOMETRIC_REPRESENTATION_CONTEXT(2) 
PARAMETRIC_REPRESENTATION_CONTEXT() REPRESENTATION_CONTEXT('2D SPACE',''
  ) );
#4707 = ORIENTED_EDGE('',*,*,#4517,.T.);
#4708 = ORIENTED_EDGE('',*,*,#4588,.F.);
#4709 = ADVANCED_FACE('',(#4710),#913,.T.);
#4710 = FACE_BOUND('',#4711,.T.);
#4711 = EDGE_LOOP('',(#4712,#4713,#4714,#4733,#4734,#4735));
#4712 = ORIENTED_EDGE('',*,*,#2841,.F.);
#4713 = ORIENTED_EDGE('',*,*,#824,.T.);
#4714 = ORIENTED_EDGE('',*,*,#4715,.T.);
#4715 = EDGE_CURVE('',#796,#4541,#4716,.T.);
#4716 = SURFACE_CURVE('',#4717,(#4721,#4727),.PCURVE_S1.);
#4717 = LINE('',#4718,#4719);
#4718 = CARTESIAN_POINT('',(44.43410852037,-70.,225.7));
#4719 = VECTOR('',#4720,1.);
#4720 = DIRECTION('',(0.,1.,0.));
#4721 = PCURVE('',#913,#4722);
#4722 = DEFINITIONAL_REPRESENTATION('',(#4723),#4726);
#4723 = B_SPLINE_CURVE_WITH_KNOTS('',1,(#4724,#4725),.UNSPECIFIED.,.F.,
  .F.,(2,2),(2.8,137.2),.PIECEWISE_BEZIER_KNOTS.);
#4724 = CARTESIAN_POINT('',(2.322064047919,2.8));
#4725 = CARTESIAN_POINT('',(2.322064047919,137.2));
#4726 = ( GEOMETRIC_REPRESENTATION_CONTEXT(2) 
PARAMETRIC_REPRESENTATION_CONTEXT() REPRESENTATION_CONTEXT('2D SPACE',''
  ) );
#4727 = PCURVE('',#812,#4728);
#4728 = DEFINITIONAL_REPRESENTATION('',(#4729),#4732);
#4729 = B_SPLINE_CURVE_WITH_KNOTS('',1,(#4730,#4731),.UNSPECIFIED.,.F.,
  .F.,(2,2),(2.8,137.2),.PIECEWISE_BEZIER_KNOTS.);
#4730 = CARTESIAN_POINT('',(100.43410852037,-11.2));
#4731 = CARTESIAN_POINT('',(100.43410852037,123.2));
#4732 = ( GEOMETRIC_REPRESENTATION_CONTEXT(2) 
PARAMETRIC_REPRESENTATION_CONTEXT() REPRESENTATION_CONTEXT('2D SPACE',''
  ) );
#4733 = ORIENTED_EDGE('',*,*,#4540,.F.);
#4734 = ORIENTED_EDGE('',*,*,#4689,.F.);
#4735 = ORIENTED_EDGE('',*,*,#4208,.T.);
#4736 = ADVANCED_FACE('',(#4737),#812,.F.);
#4737 = FACE_BOUND('',#4738,.F.);
#4738 = EDGE_LOOP('',(#4739,#4740,#4741));
#4739 = ORIENTED_EDGE('',*,*,#4564,.F.);
#4740 = ORIENTED_EDGE('',*,*,#795,.F.);
#4741 = ORIENTED_EDGE('',*,*,#4715,.T.);
#4742 = ADVANCED_FACE('',(#4743),#783,.F.);
#4743 = FACE_BOUND('',#4744,.F.);
#4744 = EDGE_LOOP('',(#4745,#4764,#4765));
#4745 = ORIENTED_EDGE('',*,*,#4746,.F.);
#4746 = EDGE_CURVE('',#626,#4451,#4747,.T.);
#4747 = SURFACE_CURVE('',#4748,(#4752,#4758),.PCURVE_S1.);
#4748 = LINE('',#4749,#4750);
#4749 = CARTESIAN_POINT('',(-44.43410852037,-70.,225.7));
#4750 = VECTOR('',#4751,1.);
#4751 = DIRECTION('',(0.,1.,0.));
#4752 = PCURVE('',#783,#4753);
#4753 = DEFINITIONAL_REPRESENTATION('',(#4754),#4757);
#4754 = B_SPLINE_CURVE_WITH_KNOTS('',1,(#4755,#4756),.UNSPECIFIED.,.F.,
  .F.,(2,2),(2.8,137.2),.PIECEWISE_BEZIER_KNOTS.);
#4755 = CARTESIAN_POINT('',(11.56589147963,-11.2));
#4756 = CARTESIAN_POINT('',(11.56589147963,123.2));
#4757 = ( GEOMETRIC_REPRESENTATION_CONTEXT(2) 
PARAMETRIC_REPRESENTATION_CONTEXT() REPRESENTATION_CONTEXT('2D SPACE',''
  ) );
#4758 = PCURVE('',#710,#4759);
#4759 = DEFINITIONAL_REPRESENTATION('',(#4760),#4763);
#4760 = B_SPLINE_CURVE_WITH_KNOTS('',1,(#4761,#4762),.UNSPECIFIED.,.F.,
  .F.,(2,2),(2.8,137.2),.PIECEWISE_BEZIER_KNOTS.);
#4761 = CARTESIAN_POINT('',(3.961121259261,2.8));
#4762 = CARTESIAN_POINT('',(3.961121259261,137.2));
#4763 = ( GEOMETRIC_REPRESENTATION_CONTEXT(2) 
PARAMETRIC_REPRESENTATION_CONTEXT() REPRESENTATION_CONTEXT('2D SPACE',''
  ) );
#4764 = ORIENTED_EDGE('',*,*,#766,.F.);
#4765 = ORIENTED_EDGE('',*,*,#4450,.F.);
#4766 = ADVANCED_FACE('',(#4767),#710,.T.);
#4767 = FACE_BOUND('',#4768,.T.);
#4768 = EDGE_LOOP('',(#4769,#4770,#4771,#4772,#4773,#4774));
#4769 = ORIENTED_EDGE('',*,*,#4746,.F.);
#4770 = ORIENTED_EDGE('',*,*,#625,.T.);
#4771 = ORIENTED_EDGE('',*,*,#2816,.T.);
#4772 = ORIENTED_EDGE('',*,*,#4104,.T.);
#4773 = ORIENTED_EDGE('',*,*,#4309,.T.);
#4774 = ORIENTED_EDGE('',*,*,#4473,.F.);
#4775 = ADVANCED_FACE('',(#4776),#460,.F.);
#4776 = FACE_BOUND('',#4777,.F.);
#4777 = EDGE_LOOP('',(#4778,#4779,#4802,#4829));
#4778 = ORIENTED_EDGE('',*,*,#443,.F.);
#4779 = ORIENTED_EDGE('',*,*,#4780,.F.);
#4780 = EDGE_CURVE('',#4781,#444,#4783,.T.);
#4781 = VERTEX_POINT('',#4782);
#4782 = CARTESIAN_POINT('',(-25.5,-54.55960043842,187.9));
#4783 = SEAM_CURVE('',#4784,(#4788,#4795),.PCURVE_S1.);
#4784 = LINE('',#4785,#4786);
#4785 = CARTESIAN_POINT('',(-25.5,-54.55960043842,187.9));
#4786 = VECTOR('',#4787,1.);
#4787 = DIRECTION('',(0.,0.,1.));
#4788 = PCURVE('',#460,#4789);
#4789 = DEFINITIONAL_REPRESENTATION('',(#4790),#4794);
#4790 = LINE('',#4791,#4792);
#4791 = CARTESIAN_POINT('',(6.28318530718,-0.));
#4792 = VECTOR('',#4793,1.);
#4793 = DIRECTION('',(0.,1.));
#4794 = ( GEOMETRIC_REPRESENTATION_CONTEXT(2) 
PARAMETRIC_REPRESENTATION_CONTEXT() REPRESENTATION_CONTEXT('2D SPACE',''
  ) );
#4795 = PCURVE('',#460,#4796);
#4796 = DEFINITIONAL_REPRESENTATION('',(#4797),#4801);
#4797 = LINE('',#4798,#4799);
#4798 = CARTESIAN_POINT('',(0.,-0.));
#4799 = VECTOR('',#4800,1.);
#4800 = DIRECTION('',(0.,1.));
#4801 = ( GEOMETRIC_REPRESENTATION_CONTEXT(2) 
PARAMETRIC_REPRESENTATION_CONTEXT() REPRESENTATION_CONTEXT('2D SPACE',''
  ) );
#4802 = ORIENTED_EDGE('',*,*,#4803,.T.);
#4803 = EDGE_CURVE('',#4781,#4781,#4804,.T.);
#4804 = SURFACE_CURVE('',#4805,(#4810,#4817),.PCURVE_S1.);
#4805 = CIRCLE('',#4806,6.);
#4806 = AXIS2_PLACEMENT_3D('',#4807,#4808,#4809);
#4807 = CARTESIAN_POINT('',(-31.5,-54.55960043842,187.9));
#4808 = DIRECTION('',(0.,0.,1.));
#4809 = DIRECTION('',(1.,0.,-0.));
#4810 = PCURVE('',#460,#4811);
#4811 = DEFINITIONAL_REPRESENTATION('',(#4812),#4816);
#4812 = LINE('',#4813,#4814);
#4813 = CARTESIAN_POINT('',(0.,0.));
#4814 = VECTOR('',#4815,1.);
#4815 = DIRECTION('',(1.,0.));
#4816 = ( GEOMETRIC_REPRESENTATION_CONTEXT(2) 
PARAMETRIC_REPRESENTATION_CONTEXT() REPRESENTATION_CONTEXT('2D SPACE',''
  ) );
#4817 = PCURVE('',#4818,#4823);
#4818 = PLANE('',#4819);
#4819 = AXIS2_PLACEMENT_3D('',#4820,#4821,#4822);
#4820 = CARTESIAN_POINT('',(-31.5,-54.55960043842,187.9));
#4821 = DIRECTION('',(0.,0.,1.));
#4822 = DIRECTION('',(1.,0.,-0.));
#4823 = DEFINITIONAL_REPRESENTATION('',(#4824),#4828);
#4824 = CIRCLE('',#4825,6.);
#4825 = AXIS2_PLACEMENT_2D('',#4826,#4827);
#4826 = CARTESIAN_POINT('',(0.,0.));
#4827 = DIRECTION('',(1.,0.));
#4828 = ( GEOMETRIC_REPRESENTATION_CONTEXT(2) 
PARAMETRIC_REPRESENTATION_CONTEXT() REPRESENTATION_CONTEXT('2D SPACE',''
  ) );
#4829 = ORIENTED_EDGE('',*,*,#4780,.T.);
#4830 = ADVANCED_FACE('',(#4831,#4834),#4818,.T.);
#4831 = FACE_BOUND('',#4832,.T.);
#4832 = EDGE_LOOP('',(#4833));
#4833 = ORIENTED_EDGE('',*,*,#4803,.T.);
#4834 = FACE_BOUND('',#4835,.T.);
#4835 = EDGE_LOOP('',(#4836));
#4836 = ORIENTED_EDGE('',*,*,#4837,.F.);
#4837 = EDGE_CURVE('',#4838,#4838,#4840,.T.);
#4838 = VERTEX_POINT('',#4839);
#4839 = CARTESIAN_POINT('',(-28.2,-54.55960043842,187.9));
#4840 = SURFACE_CURVE('',#4841,(#4846,#4853),.PCURVE_S1.);
#4841 = CIRCLE('',#4842,3.3);
#4842 = AXIS2_PLACEMENT_3D('',#4843,#4844,#4845);
#4843 = CARTESIAN_POINT('',(-31.5,-54.55960043842,187.9));
#4844 = DIRECTION('',(0.,0.,1.));
#4845 = DIRECTION('',(1.,0.,-0.));
#4846 = PCURVE('',#4818,#4847);
#4847 = DEFINITIONAL_REPRESENTATION('',(#4848),#4852);
#4848 = CIRCLE('',#4849,3.3);
#4849 = AXIS2_PLACEMENT_2D('',#4850,#4851);
#4850 = CARTESIAN_POINT('',(0.,0.));
#4851 = DIRECTION('',(1.,0.));
#4852 = ( GEOMETRIC_REPRESENTATION_CONTEXT(2) 
PARAMETRIC_REPRESENTATION_CONTEXT() REPRESENTATION_CONTEXT('2D SPACE',''
  ) );
#4853 = PCURVE('',#223,#4854);
#4854 = DEFINITIONAL_REPRESENTATION('',(#4855),#4859);
#4855 = LINE('',#4856,#4857);
#4856 = CARTESIAN_POINT('',(0.,10.9));
#4857 = VECTOR('',#4858,1.);
#4858 = DIRECTION('',(1.,0.));
#4859 = ( GEOMETRIC_REPRESENTATION_CONTEXT(2) 
PARAMETRIC_REPRESENTATION_CONTEXT() REPRESENTATION_CONTEXT('2D SPACE',''
  ) );
#4860 = ADVANCED_FACE('',(#4861),#223,.F.);
#4861 = FACE_BOUND('',#4862,.F.);
#4862 = EDGE_LOOP('',(#4863,#4864,#4885,#4886));
#4863 = ORIENTED_EDGE('',*,*,#4837,.F.);
#4864 = ORIENTED_EDGE('',*,*,#4865,.F.);
#4865 = EDGE_CURVE('',#207,#4838,#4866,.T.);
#4866 = SEAM_CURVE('',#4867,(#4871,#4878),.PCURVE_S1.);
#4867 = LINE('',#4868,#4869);
#4868 = CARTESIAN_POINT('',(-28.2,-54.55960043842,177.));
#4869 = VECTOR('',#4870,1.);
#4870 = DIRECTION('',(0.,0.,1.));
#4871 = PCURVE('',#223,#4872);
#4872 = DEFINITIONAL_REPRESENTATION('',(#4873),#4877);
#4873 = LINE('',#4874,#4875);
#4874 = CARTESIAN_POINT('',(6.28318530718,-0.));
#4875 = VECTOR('',#4876,1.);
#4876 = DIRECTION('',(0.,1.));
#4877 = ( GEOMETRIC_REPRESENTATION_CONTEXT(2) 
PARAMETRIC_REPRESENTATION_CONTEXT() REPRESENTATION_CONTEXT('2D SPACE',''
  ) );
#4878 = PCURVE('',#223,#4879);
#4879 = DEFINITIONAL_REPRESENTATION('',(#4880),#4884);
#4880 = LINE('',#4881,#4882);
#4881 = CARTESIAN_POINT('',(0.,-0.));
#4882 = VECTOR('',#4883,1.);
#4883 = DIRECTION('',(0.,1.));
#4884 = ( GEOMETRIC_REPRESENTATION_CONTEXT(2) 
PARAMETRIC_REPRESENTATION_CONTEXT() REPRESENTATION_CONTEXT('2D SPACE',''
  ) );
#4885 = ORIENTED_EDGE('',*,*,#206,.T.);
#4886 = ORIENTED_EDGE('',*,*,#4865,.T.);
#4887 = ADVANCED_FACE('',(#4888),#192,.F.);
#4888 = FACE_BOUND('',#4889,.F.);
#4889 = EDGE_LOOP('',(#4890,#4891,#4912,#4913));
#4890 = ORIENTED_EDGE('',*,*,#598,.F.);
#4891 = ORIENTED_EDGE('',*,*,#4892,.F.);
#4892 = EDGE_CURVE('',#176,#599,#4893,.T.);
#4893 = SEAM_CURVE('',#4894,(#4898,#4905),.PCURVE_S1.);
#4894 = LINE('',#4895,#4896);
#4895 = CARTESIAN_POINT('',(66.3,-8.082668874373E-16,177.));
#4896 = VECTOR('',#4897,1.);
#4897 = DIRECTION('',(0.,0.,1.));
#4898 = PCURVE('',#192,#4899);
#4899 = DEFINITIONAL_REPRESENTATION('',(#4900),#4904);
#4900 = LINE('',#4901,#4902);
#4901 = CARTESIAN_POINT('',(6.28318530718,-0.));
#4902 = VECTOR('',#4903,1.);
#4903 = DIRECTION('',(0.,1.));
#4904 = ( GEOMETRIC_REPRESENTATION_CONTEXT(2) 
PARAMETRIC_REPRESENTATION_CONTEXT() REPRESENTATION_CONTEXT('2D SPACE',''
  ) );
#4905 = PCURVE('',#192,#4906);
#4906 = DEFINITIONAL_REPRESENTATION('',(#4907),#4911);
#4907 = LINE('',#4908,#4909);
#4908 = CARTESIAN_POINT('',(0.,-0.));
#4909 = VECTOR('',#4910,1.);
#4910 = DIRECTION('',(0.,1.));
#4911 = ( GEOMETRIC_REPRESENTATION_CONTEXT(2) 
PARAMETRIC_REPRESENTATION_CONTEXT() REPRESENTATION_CONTEXT('2D SPACE',''
  ) );
#4912 = ORIENTED_EDGE('',*,*,#175,.T.);
#4913 = ORIENTED_EDGE('',*,*,#4892,.T.);
#4914 = ADVANCED_FACE('',(#4915),#161,.T.);
#4915 = FACE_BOUND('',#4916,.T.);
#4916 = EDGE_LOOP('',(#4917,#4918,#4939,#4940));
#4917 = ORIENTED_EDGE('',*,*,#144,.T.);
#4918 = ORIENTED_EDGE('',*,*,#4919,.T.);
#4919 = EDGE_CURVE('',#145,#418,#4920,.T.);
#4920 = SEAM_CURVE('',#4921,(#4925,#4932),.PCURVE_S1.);
#4921 = LINE('',#4922,#4923);
#4922 = CARTESIAN_POINT('',(74.,0.,178.));
#4923 = VECTOR('',#4924,1.);
#4924 = DIRECTION('',(0.,0.,1.));
#4925 = PCURVE('',#161,#4926);
#4926 = DEFINITIONAL_REPRESENTATION('',(#4927),#4931);
#4927 = LINE('',#4928,#4929);
#4928 = CARTESIAN_POINT('',(0.,0.));
#4929 = VECTOR('',#4930,1.);
#4930 = DIRECTION('',(0.,1.));
#4931 = ( GEOMETRIC_REPRESENTATION_CONTEXT(2) 
PARAMETRIC_REPRESENTATION_CONTEXT() REPRESENTATION_CONTEXT('2D SPACE',''
  ) );
#4932 = PCURVE('',#161,#4933);
#4933 = DEFINITIONAL_REPRESENTATION('',(#4934),#4938);
#4934 = LINE('',#4935,#4936);
#4935 = CARTESIAN_POINT('',(6.28318530718,0.));
#4936 = VECTOR('',#4937,1.);
#4937 = DIRECTION('',(0.,1.));
#4938 = ( GEOMETRIC_REPRESENTATION_CONTEXT(2) 
PARAMETRIC_REPRESENTATION_CONTEXT() REPRESENTATION_CONTEXT('2D SPACE',''
  ) );
#4939 = ORIENTED_EDGE('',*,*,#417,.F.);
#4940 = ORIENTED_EDGE('',*,*,#4919,.F.);
#4941 = ADVANCED_FACE('',(#4942,#4976,#5213,#5450,#5687),#43,.F.);
#4942 = FACE_BOUND('',#4943,.T.);
#4943 = EDGE_LOOP('',(#4944,#4945,#4946,#4947,#4948,#4969,#4970,#4971,
    #4972,#4973,#4974,#4975));
#4944 = ORIENTED_EDGE('',*,*,#3994,.T.);
#4945 = ORIENTED_EDGE('',*,*,#3509,.T.);
#4946 = ORIENTED_EDGE('',*,*,#3105,.T.);
#4947 = ORIENTED_EDGE('',*,*,#3632,.F.);
#4948 = ORIENTED_EDGE('',*,*,#4949,.T.);
#4949 = EDGE_CURVE('',#3633,#22,#4950,.T.);
#4950 = SEAM_CURVE('',#4951,(#4955,#4962),.PCURVE_S1.);
#4951 = LINE('',#4952,#4953);
#4952 = CARTESIAN_POINT('',(44.,0.,226.2));
#4953 = VECTOR('',#4954,1.);
#4954 = DIRECTION('',(0.,0.,-1.));
#4955 = PCURVE('',#43,#4956);
#4956 = DEFINITIONAL_REPRESENTATION('',(#4957),#4961);
#4957 = LINE('',#4958,#4959);
#4958 = CARTESIAN_POINT('',(-6.28318530718,0.));
#4959 = VECTOR('',#4960,1.);
#4960 = DIRECTION('',(-0.,1.));
#4961 = ( GEOMETRIC_REPRESENTATION_CONTEXT(2) 
PARAMETRIC_REPRESENTATION_CONTEXT() REPRESENTATION_CONTEXT('2D SPACE',''
  ) );
#4962 = PCURVE('',#43,#4963);
#4963 = DEFINITIONAL_REPRESENTATION('',(#4964),#4968);
#4964 = LINE('',#4965,#4966);
#4965 = CARTESIAN_POINT('',(-0.,0.));
#4966 = VECTOR('',#4967,1.);
#4967 = DIRECTION('',(-0.,1.));
#4968 = ( GEOMETRIC_REPRESENTATION_CONTEXT(2) 
PARAMETRIC_REPRESENTATION_CONTEXT() REPRESENTATION_CONTEXT('2D SPACE',''
  ) );
#4969 = ORIENTED_EDGE('',*,*,#21,.F.);
#4970 = ORIENTED_EDGE('',*,*,#4949,.F.);
#4971 = ORIENTED_EDGE('',*,*,#3656,.F.);
#4972 = ORIENTED_EDGE('',*,*,#3708,.T.);
#4973 = ORIENTED_EDGE('',*,*,#3417,.T.);
#4974 = ORIENTED_EDGE('',*,*,#4073,.T.);
#4975 = ORIENTED_EDGE('',*,*,#3965,.F.);
#4976 = FACE_BOUND('',#4977,.T.);
#4977 = EDGE_LOOP('',(#4978));
#4978 = ORIENTED_EDGE('',*,*,#4979,.T.);
#4979 = EDGE_CURVE('',#4980,#4980,#4982,.T.);
#4980 = VERTEX_POINT('',#4981);
#4981 = CARTESIAN_POINT('',(22.,38.105117766515,192.1));
#4982 = SURFACE_CURVE('',#4983,(#5056,#5132),.PCURVE_S1.);
#4983 = B_SPLINE_CURVE_WITH_KNOTS('',8,(#4984,#4985,#4986,#4987,#4988,
    #4989,#4990,#4991,#4992,#4993,#4994,#4995,#4996,#4997,#4998,#4999,
    #5000,#5001,#5002,#5003,#5004,#5005,#5006,#5007,#5008,#5009,#5010,
    #5011,#5012,#5013,#5014,#5015,#5016,#5017,#5018,#5019,#5020,#5021,
    #5022,#5023,#5024,#5025,#5026,#5027,#5028,#5029,#5030,#5031,#5032,
    #5033,#5034,#5035,#5036,#5037,#5038,#5039,#5040,#5041,#5042,#5043,
    #5044,#5045,#5046,#5047,#5048,#5049,#5050,#5051,#5052,#5053,#5054,
    #5055),.UNSPECIFIED.,.T.,.F.,(9,7,7,7,7,7,7,7,7,7,9),(0.,
    7.337717775859E-02,0.137374059645,0.215441015952,0.313009487125,
    0.472887392163,0.639119774941,0.754136590228,0.834911237491,
    0.9174658338,1.),.UNSPECIFIED.);
#4984 = CARTESIAN_POINT('',(22.,38.105117766515,192.1));
#4985 = CARTESIAN_POINT('',(22.242206430889,37.965279818442,192.1));
#4986 = CARTESIAN_POINT('',(22.482460310039,37.824223264362,
    192.08323903284));
#4987 = CARTESIAN_POINT('',(22.719478090197,37.6827207458,
    192.05018926454));
#4988 = CARTESIAN_POINT('',(22.952037081377,37.541579800626,
    192.00142368065));
#4989 = CARTESIAN_POINT('',(23.178987100952,37.401631553415,
    191.93761305359));
#4990 = CARTESIAN_POINT('',(23.399260274921,37.263716764173,
    191.85952306503));
#4991 = CARTESIAN_POINT('',(23.611878990347,37.128669235441,
    191.76801158345));
#4992 = CARTESIAN_POINT('',(23.9939557103,36.88271816645,191.57333377097
    ));
#4993 = CARTESIAN_POINT('',(24.165646772611,36.770812694607,
    191.47305618272));
#4994 = CARTESIAN_POINT('',(24.330609267254,36.662008792626,
    191.36369343434));
#4995 = CARTESIAN_POINT('',(24.48844894502,36.556729131418,
    191.24574093832));
#4996 = CARTESIAN_POINT('',(24.638800028437,36.455387945084,
    191.11968967817));
#4997 = CARTESIAN_POINT('',(24.781322014078,36.358388553582,
    190.98602646939));
#4998 = CARTESIAN_POINT('',(24.915696474869,36.266120885385,
    190.84523422037));
#4999 = CARTESIAN_POINT('',(25.195237094336,36.072634084205,
    190.51793420735));
#5000 = CARTESIAN_POINT('',(25.336387954544,35.97383262949,
    190.32805507061));
#5001 = CARTESIAN_POINT('',(25.464401926597,35.883321482542,
    190.12911792301));
#5002 = CARTESIAN_POINT('',(25.578692360289,35.801806965236,
    189.92211126566));
#5003 = CARTESIAN_POINT('',(25.678751099859,35.729924198094,
    189.70804397986));
#5004 = CARTESIAN_POINT('',(25.764140664926,35.6682279254,
    189.48794081708));
#5005 = CARTESIAN_POINT('',(25.834487984148,35.617184842117,
    189.26283836013));
#5006 = CARTESIAN_POINT('',(25.958208579198,35.527153452218,
    188.74750499402));
#5007 = CARTESIAN_POINT('',(26.002896507643,35.494401964169,
    188.4552812115));
#5008 = CARTESIAN_POINT('',(26.02290371246,35.479661426217,
    188.15955991855));
#5009 = CARTESIAN_POINT('',(26.017923405862,35.483314650842,
    187.86282978879));
#5010 = CARTESIAN_POINT('',(25.987956141047,35.505363513439,
    187.56759334216));
#5011 = CARTESIAN_POINT('',(25.933304016477,35.545427455456,
    187.276341147));
#5012 = CARTESIAN_POINT('',(25.854584710122,35.602755772468,
    186.99152524113));
#5013 = CARTESIAN_POINT('',(25.585921825472,35.796689033667,
    186.26328262636));
#5014 = CARTESIAN_POINT('',(25.3572710468,35.960383295627,
    185.83531259208));
#5015 = CARTESIAN_POINT('',(25.070390508673,36.163013949643,
    185.43938577633));
#5016 = CARTESIAN_POINT('',(24.729246998892,36.399284227615,
    185.08317866269));
#5017 = CARTESIAN_POINT('',(24.338576479578,36.663019195113,
    184.77443365676));
#5018 = CARTESIAN_POINT('',(23.904135636526,36.947470042762,
    184.52091937067));
#5019 = CARTESIAN_POINT('',(23.432962238605,37.245649532812,
    184.33036302139));
#5020 = CARTESIAN_POINT('',(22.414760324858,37.867510939999,
    184.08591436944));
#5021 = CARTESIAN_POINT('',(21.862038368065,38.193825855963,
    184.03693311983));
#5022 = CARTESIAN_POINT('',(21.294695727129,38.515636466714,
    184.07645729239));
#5023 = CARTESIAN_POINT('',(20.734494154203,38.819720242902,
    184.20892878246));
#5024 = CARTESIAN_POINT('',(20.203272577342,39.095981522137,
    184.43131637434));
#5025 = CARTESIAN_POINT('',(19.721047186993,39.337811731294,
    184.73343742569));
#5026 = CARTESIAN_POINT('',(19.303453828345,39.541407357305,
    185.09817374219));
#5027 = CARTESIAN_POINT('',(18.719615576313,39.82017070949,
    185.78176050626));
#5028 = CARTESIAN_POINT('',(18.51420314329,39.916233265279,
    186.08172674272));
#5029 = CARTESIAN_POINT('',(18.342694360512,39.995101834171,
    186.39798715012));
#5030 = CARTESIAN_POINT('',(18.205428052712,40.057426821919,
    186.72679263208));
#5031 = CARTESIAN_POINT('',(18.102565368486,40.103737248949,
    187.06465439299));
#5032 = CARTESIAN_POINT('',(18.034122914101,40.134421910229,
    187.40825952065));
#5033 = CARTESIAN_POINT('',(18.,40.149719799769,187.75441212029));
#5034 = CARTESIAN_POINT('',(18.,40.149719799769,188.3427013738));
#5035 = CARTESIAN_POINT('',(18.016829843155,40.142174696953,
    188.58548599293));
#5036 = CARTESIAN_POINT('',(18.050509195217,40.127075387061,
    188.82733943173));
#5037 = CARTESIAN_POINT('',(18.101061503676,40.104364182682,
    189.06723860338));
#5038 = CARTESIAN_POINT('',(18.168508878661,40.073936064299,
    189.30413495998));
#5039 = CARTESIAN_POINT('',(18.252866973844,40.035639931343,
    189.53693769271));
#5040 = CARTESIAN_POINT('',(18.354139867338,39.989279853236,
    189.76449693192));
#5041 = CARTESIAN_POINT('',(18.593094122253,39.878748222776,
    190.2115488993));
#5042 = CARTESIAN_POINT('',(18.731753144408,39.81410266126,
    190.43117251885));
#5043 = CARTESIAN_POINT('',(18.888059209678,39.740522337753,
    190.64248291593));
#5044 = CARTESIAN_POINT('',(19.061530899391,39.657911255178,
    190.84357225925));
#5045 = CARTESIAN_POINT('',(19.251459829427,39.566237255169,
    191.0326121277));
#5046 = CARTESIAN_POINT('',(19.456934063766,39.465538261771,
    191.20786441372));
#5047 = CARTESIAN_POINT('',(19.676863287764,39.355932231178,
    191.36769077824));
#5048 = CARTESIAN_POINT('',(20.143090497831,39.119358660397,
    191.65339518002));
#5049 = CARTESIAN_POINT('',(20.388896333681,38.992641487499,
    191.7789839852));
#5050 = CARTESIAN_POINT('',(20.645363878177,38.858121333755,
    191.88547477085));
#5051 = CARTESIAN_POINT('',(20.910137868191,38.716644515718,
    191.97148149117));
#5052 = CARTESIAN_POINT('',(21.180664799497,38.569265216136,
    192.03609661334));
#5053 = CARTESIAN_POINT('',(21.454279675995,38.417237293953,
    192.07890508321));
#5054 = CARTESIAN_POINT('',(21.728281856629,38.261994309734,192.1));
#5055 = CARTESIAN_POINT('',(22.,38.105117766515,192.1));
#5056 = PCURVE('',#43,#5057);
#5057 = DEFINITIONAL_REPRESENTATION('',(#5058),#5131);
#5058 = B_SPLINE_CURVE_WITH_KNOTS('',8,(#5059,#5060,#5061,#5062,#5063,
    #5064,#5065,#5066,#5067,#5068,#5069,#5070,#5071,#5072,#5073,#5074,
    #5075,#5076,#5077,#5078,#5079,#5080,#5081,#5082,#5083,#5084,#5085,
    #5086,#5087,#5088,#5089,#5090,#5091,#5092,#5093,#5094,#5095,#5096,
    #5097,#5098,#5099,#5100,#5101,#5102,#5103,#5104,#5105,#5106,#5107,
    #5108,#5109,#5110,#5111,#5112,#5113,#5114,#5115,#5116,#5117,#5118,
    #5119,#5120,#5121,#5122,#5123,#5124,#5125,#5126,#5127,#5128,#5129,
    #5130),.UNSPECIFIED.,.T.,.F.,(9,7,7,7,7,7,7,7,7,7,9),(0.,
    7.337717775859E-02,0.137374059645,0.215441015952,0.313009487125,
    0.472887392163,0.639119774941,0.754136590228,0.834911237491,
    0.9174658338,1.),.UNSPECIFIED.);
#5059 = CARTESIAN_POINT('',(-1.047197551197,34.1));
#5060 = CARTESIAN_POINT('',(-1.04084128083,34.1));
#5061 = CARTESIAN_POINT('',(-1.034509593331,34.116760967155));
#5062 = CARTESIAN_POINT('',(-1.028236141777,34.149810735456));
#5063 = CARTESIAN_POINT('',(-1.022053787594,34.198576319345));
#5064 = CARTESIAN_POINT('',(-1.01599429259,34.26238694641));
#5065 = CARTESIAN_POINT('',(-1.010088001575,34.34047693497));
#5066 = CARTESIAN_POINT('',(-1.004363515558,34.43198841655));
#5067 = CARTESIAN_POINT('',(-0.994036363163,34.626666229025));
#5068 = CARTESIAN_POINT('',(-0.989378697997,34.726943817278));
#5069 = CARTESIAN_POINT('',(-0.984887599466,34.836306565653));
#5070 = CARTESIAN_POINT('',(-0.980575679575,34.954259061676));
#5071 = CARTESIAN_POINT('',(-0.976454950148,35.080310321825));
#5072 = CARTESIAN_POINT('',(-0.972536850069,35.213973530605));
#5073 = CARTESIAN_POINT('',(-0.968832272535,35.354765779627));
#5074 = CARTESIAN_POINT('',(-0.961105664938,35.682065792641));
#5075 = CARTESIAN_POINT('',(-0.957189942075,35.871944929381));
#5076 = CARTESIAN_POINT('',(-0.953626829633,36.070882076989));
#5077 = CARTESIAN_POINT('',(-0.950436388626,36.277888734333));
#5078 = CARTESIAN_POINT('',(-0.947636351824,36.491956020132));
#5079 = CARTESIAN_POINT('',(-0.945242128898,36.712059182913));
#5080 = CARTESIAN_POINT('',(-0.943266800043,36.937161639863));
#5081 = CARTESIAN_POINT('',(-0.939789272066,37.45249500598));
#5082 = CARTESIAN_POINT('',(-0.938530083433,37.744718788491));
#5083 = CARTESIAN_POINT('',(-0.937965287187,38.04044008145));
#5084 = CARTESIAN_POINT('',(-0.93810566183,38.337170211207));
#5085 = CARTESIAN_POINT('',(-0.938951225622,38.632406657837));
#5086 = CARTESIAN_POINT('',(-0.94049131471,38.923658852992));
#5087 = CARTESIAN_POINT('',(-0.942704523112,39.208474758868));
#5088 = CARTESIAN_POINT('',(-0.950235103173,39.936717373637));
#5089 = CARTESIAN_POINT('',(-0.956626104703,40.364687407918));
#5090 = CARTESIAN_POINT('',(-0.964608253892,40.760614223664));
#5091 = CARTESIAN_POINT('',(-0.974038596391,41.116821337309));
#5092 = CARTESIAN_POINT('',(-0.984749562612,41.425566343237));
#5093 = CARTESIAN_POINT('',(-0.99654910911,41.679080629326));
#5094 = CARTESIAN_POINT('',(-1.009220181014,41.869636978608));
#5095 = CARTESIAN_POINT('',(-1.036335700903,42.114085630553));
#5096 = CARTESIAN_POINT('',(-1.050921768691,42.163066880167));
#5097 = CARTESIAN_POINT('',(-1.06574210531,42.123542707607));
#5098 = CARTESIAN_POINT('',(-1.080223777399,41.991071217532));
#5099 = CARTESIAN_POINT('',(-1.093828895579,41.768683625652));
#5100 = CARTESIAN_POINT('',(-1.10608818521,41.4665625743));
#5101 = CARTESIAN_POINT('',(-1.116646487015,41.101826257805));
#5102 = CARTESIAN_POINT('',(-1.131350454811,40.418239493733));
#5103 = CARTESIAN_POINT('',(-1.136504034752,40.118273257279));
#5104 = CARTESIAN_POINT('',(-1.140794230864,39.802012849879));
#5105 = CARTESIAN_POINT('',(-1.144220394237,39.473207367919));
#5106 = CARTESIAN_POINT('',(-1.146784183478,39.13534560701));
#5107 = CARTESIAN_POINT('',(-1.148488868242,38.791740479349));
#5108 = CARTESIAN_POINT('',(-1.149338758328,38.445587879703));
#5109 = CARTESIAN_POINT('',(-1.149338758328,37.857298626192));
#5110 = CARTESIAN_POINT('',(-1.14891958435,37.61451400707));
#5111 = CARTESIAN_POINT('',(-1.148080736485,37.372660568269));
#5112 = CARTESIAN_POINT('',(-1.146821197762,37.13276139662));
#5113 = CARTESIAN_POINT('',(-1.145139536979,36.895865040017));
#5114 = CARTESIAN_POINT('',(-1.143034011541,36.66306230729));
#5115 = CARTESIAN_POINT('',(-1.140502670279,36.435503068076));
#5116 = CARTESIAN_POINT('',(-1.1345190331,35.988451100693));
#5117 = CARTESIAN_POINT('',(-1.131042046051,35.768827481147));
#5118 = CARTESIAN_POINT('',(-1.127115751579,35.557517084062));
#5119 = CARTESIAN_POINT('',(-1.122749073355,35.35642774075));
#5120 = CARTESIAN_POINT('',(-1.117956132573,35.167387872295));
#5121 = CARTESIAN_POINT('',(-1.112755790811,34.992135586274));
#5122 = CARTESIAN_POINT('',(-1.107171205486,34.832309221759));
#5123 = CARTESIAN_POINT('',(-1.095289060706,34.546604819977));
#5124 = CARTESIAN_POINT('',(-1.089004050075,34.421016014795));
#5125 = CARTESIAN_POINT('',(-1.082422392676,34.314525229146));
#5126 = CARTESIAN_POINT('',(-1.075600044112,34.228518508827));
#5127 = CARTESIAN_POINT('',(-1.068598983863,34.163903386655));
#5128 = CARTESIAN_POINT('',(-1.061485448506,34.121094916783));
#5129 = CARTESIAN_POINT('',(-1.054328303161,34.1));
#5130 = CARTESIAN_POINT('',(-1.047197551197,34.1));
#5131 = ( GEOMETRIC_REPRESENTATION_CONTEXT(2) 
PARAMETRIC_REPRESENTATION_CONTEXT() REPRESENTATION_CONTEXT('2D SPACE',''
  ) );
#5132 = PCURVE('',#5133,#5138);
#5133 = CYLINDRICAL_SURFACE('',#5134,4.);
#5134 = AXIS2_PLACEMENT_3D('',#5135,#5136,#5137);
#5135 = CARTESIAN_POINT('',(22.,-48.,188.1));
#5136 = DIRECTION('',(0.,1.,0.));
#5137 = DIRECTION('',(0.,-0.,1.));
#5138 = DEFINITIONAL_REPRESENTATION('',(#5139),#5212);
#5139 = B_SPLINE_CURVE_WITH_KNOTS('',8,(#5140,#5141,#5142,#5143,#5144,
    #5145,#5146,#5147,#5148,#5149,#5150,#5151,#5152,#5153,#5154,#5155,
    #5156,#5157,#5158,#5159,#5160,#5161,#5162,#5163,#5164,#5165,#5166,
    #5167,#5168,#5169,#5170,#5171,#5172,#5173,#5174,#5175,#5176,#5177,
    #5178,#5179,#5180,#5181,#5182,#5183,#5184,#5185,#5186,#5187,#5188,
    #5189,#5190,#5191,#5192,#5193,#5194,#5195,#5196,#5197,#5198,#5199,
    #5200,#5201,#5202,#5203,#5204,#5205,#5206,#5207,#5208,#5209,#5210,
    #5211),.UNSPECIFIED.,.F.,.F.,(9,7,7,7,7,7,7,7,7,7,9),(0.,
    7.337717775859E-02,0.137374059645,0.215441015952,0.313009487125,
    0.472887392163,0.639119774941,0.754136590228,0.834911237491,
    0.9174658338,1.),.UNSPECIFIED.);
#5140 = CARTESIAN_POINT('',(0.,86.105117766515));
#5141 = CARTESIAN_POINT('',(6.05516077223E-02,85.965279818442));
#5142 = CARTESIAN_POINT('',(0.12061507303,85.824223264362));
#5143 = CARTESIAN_POINT('',(0.18020782683,85.6827207458));
#5144 = CARTESIAN_POINT('',(0.239339600664,85.541579800626));
#5145 = CARTESIAN_POINT('',(0.298014125248,85.401631553415));
#5146 = CARTESIAN_POINT('',(0.356229462236,85.263716764173));
#5147 = CARTESIAN_POINT('',(0.413976969233,85.128669235441));
#5148 = CARTESIAN_POINT('',(0.521180651132,84.88271816645));
#5149 = CARTESIAN_POINT('',(0.570806412965,84.770812694607));
#5150 = CARTESIAN_POINT('',(0.620154254516,84.662008792626));
#5151 = CARTESIAN_POINT('',(0.66925996733,84.556729131418));
#5152 = CARTESIAN_POINT('',(0.718157784912,84.455387945084));
#5153 = CARTESIAN_POINT('',(0.766881104105,84.358388553582));
#5154 = CARTESIAN_POINT('',(0.815463206484,84.266120885385));
#5155 = CARTESIAN_POINT('',(0.923070204528,84.072634084205));
#5156 = CARTESIAN_POINT('',(0.982084048344,83.97383262949));
#5157 = CARTESIAN_POINT('',(1.041001978537,83.883321482542));
#5158 = CARTESIAN_POINT('',(1.099850556922,83.801806965236));
#5159 = CARTESIAN_POINT('',(1.158659084845,83.729924198094));
#5160 = CARTESIAN_POINT('',(1.217459207502,83.6682279254));
#5161 = CARTESIAN_POINT('',(1.27628547752,83.617184842117));
#5162 = CARTESIAN_POINT('',(1.4087796434,83.527153452218));
#5163 = CARTESIAN_POINT('',(1.482424914586,83.494401964169));
#5164 = CARTESIAN_POINT('',(1.556088265709,83.479661426217));
#5165 = CARTESIAN_POINT('',(1.629755882996,83.483314650842));
#5166 = CARTESIAN_POINT('',(1.703418959717,83.505363513439));
#5167 = CARTESIAN_POINT('',(1.777067206244,83.545427455456));
#5168 = CARTESIAN_POINT('',(1.850681475008,83.602755772468));
#5169 = CARTESIAN_POINT('',(2.044736404659,83.796689033667));
#5170 = CARTESIAN_POINT('',(2.164900707791,83.960383295627));
#5171 = CARTESIAN_POINT('',(2.285255389249,84.163013949643));
#5172 = CARTESIAN_POINT('',(2.406257859525,84.399284227615));
#5173 = CARTESIAN_POINT('',(2.528346997773,84.663019195113));
#5174 = CARTESIAN_POINT('',(2.651971844773,84.947470042762));
#5175 = CARTESIAN_POINT('',(2.777631929118,85.245649532812));
#5176 = CARTESIAN_POINT('',(3.039415508697,85.867510939999));
#5177 = CARTESIAN_POINT('',(3.17663672895,86.193825855963));
#5178 = CARTESIAN_POINT('',(3.315867288049,86.515636466714));
#5179 = CARTESIAN_POINT('',(3.45604193426,86.819720242902));
#5180 = CARTESIAN_POINT('',(3.596257551388,87.095981522137));
#5181 = CARTESIAN_POINT('',(3.735557340802,87.337811731294));
#5182 = CARTESIAN_POINT('',(3.872695646898,87.541407357305));
#5183 = CARTESIAN_POINT('',(4.09743966358,87.82017070949));
#5184 = CARTESIAN_POINT('',(4.187815391307,87.916233265279));
#5185 = CARTESIAN_POINT('',(4.276965086594,87.995101834171));
#5186 = CARTESIAN_POINT('',(4.365142898427,88.057426821919));
#5187 = CARTESIAN_POINT('',(4.452570543537,88.103737248949));
#5188 = CARTESIAN_POINT('',(4.539453400694,88.134421910229));
#5189 = CARTESIAN_POINT('',(4.625992010459,88.149719799769));
#5190 = CARTESIAN_POINT('',(4.773064323837,88.149719799769));
#5191 = CARTESIAN_POINT('',(4.833760312895,88.142174696953));
#5192 = CARTESIAN_POINT('',(4.894564197921,88.127075387061));
#5193 = CARTESIAN_POINT('',(4.955561362664,88.104364182682));
#5194 = CARTESIAN_POINT('',(5.01683778266,88.073936064299));
#5195 = CARTESIAN_POINT('',(5.078482483618,88.035639931343));
#5196 = CARTESIAN_POINT('',(5.140589999819,87.989279853236));
#5197 = CARTESIAN_POINT('',(5.2673167229,87.878748222776));
#5198 = CARTESIAN_POINT('',(5.332080279446,87.81410266126));
#5199 = CARTESIAN_POINT('',(5.397491043,87.740522337753));
#5200 = CARTESIAN_POINT('',(5.463509411889,87.657911255178));
#5201 = CARTESIAN_POINT('',(5.530112312877,87.566237255169));
#5202 = CARTESIAN_POINT('',(5.597290232841,87.465538261771));
#5203 = CARTESIAN_POINT('',(5.665047611158,87.355932231178));
#5204 = CARTESIAN_POINT('',(5.801748657379,87.119358660397));
#5205 = CARTESIAN_POINT('',(5.870549478641,86.992641487499));
#5206 = CARTESIAN_POINT('',(5.939615214477,86.858121333755));
#5207 = CARTESIAN_POINT('',(6.008775502287,86.716644515718));
#5208 = CARTESIAN_POINT('',(6.077873655605,86.569265216136));
#5209 = CARTESIAN_POINT('',(6.146755346153,86.417237293953));
#5210 = CARTESIAN_POINT('',(6.215255771337,86.261994309734));
#5211 = CARTESIAN_POINT('',(6.28318530718,86.105117766515));
#5212 = ( GEOMETRIC_REPRESENTATION_CONTEXT(2) 
PARAMETRIC_REPRESENTATION_CONTEXT() REPRESENTATION_CONTEXT('2D SPACE',''
  ) );
#5213 = FACE_BOUND('',#5214,.T.);
#5214 = EDGE_LOOP('',(#5215));
#5215 = ORIENTED_EDGE('',*,*,#5216,.F.);
#5216 = EDGE_CURVE('',#5217,#5217,#5219,.T.);
#5217 = VERTEX_POINT('',#5218);
#5218 = CARTESIAN_POINT('',(-22.,-38.10511776651,192.1));
#5219 = SURFACE_CURVE('',#5220,(#5293,#5369),.PCURVE_S1.);
#5220 = B_SPLINE_CURVE_WITH_KNOTS('',8,(#5221,#5222,#5223,#5224,#5225,
    #5226,#5227,#5228,#5229,#5230,#5231,#5232,#5233,#5234,#5235,#5236,
    #5237,#5238,#5239,#5240,#5241,#5242,#5243,#5244,#5245,#5246,#5247,
    #5248,#5249,#5250,#5251,#5252,#5253,#5254,#5255,#5256,#5257,#5258,
    #5259,#5260,#5261,#5262,#5263,#5264,#5265,#5266,#5267,#5268,#5269,
    #5270,#5271,#5272,#5273,#5274,#5275,#5276,#5277,#5278,#5279,#5280,
    #5281,#5282,#5283,#5284,#5285,#5286,#5287,#5288,#5289,#5290,#5291,
    #5292),.UNSPECIFIED.,.T.,.F.,(9,7,7,7,7,7,7,7,7,7,9),(0.,
    8.236733730291E-02,0.16475506342,0.245366444031,0.407617367193,
    0.575617570467,0.74502876481,0.803710712055,0.862367360147,
    0.951450126639,1.),.UNSPECIFIED.);
#5221 = CARTESIAN_POINT('',(-22.,-38.10511776651,192.1));
#5222 = CARTESIAN_POINT('',(-21.72828185662,-38.26199430973,192.1));
#5223 = CARTESIAN_POINT('',(-21.45427967599,-38.41723729395,
    192.07890508321));
#5224 = CARTESIAN_POINT('',(-21.18066479949,-38.56926521613,
    192.03609661334));
#5225 = CARTESIAN_POINT('',(-20.91013786819,-38.71664451571,
    191.97148149117));
#5226 = CARTESIAN_POINT('',(-20.64536387817,-38.85812133375,
    191.88547477085));
#5227 = CARTESIAN_POINT('',(-20.38889633368,-38.99264148749,
    191.7789839852));
#5228 = CARTESIAN_POINT('',(-20.14309049783,-39.11935866039,
    191.65339518002));
#5229 = CARTESIAN_POINT('',(-19.67686328776,-39.35593223117,
    191.36769077824));
#5230 = CARTESIAN_POINT('',(-19.45693406376,-39.46553826177,
    191.20786441372));
#5231 = CARTESIAN_POINT('',(-19.25145982942,-39.56623725516,
    191.0326121277));
#5232 = CARTESIAN_POINT('',(-19.06153089939,-39.65791125517,
    190.84357225924));
#5233 = CARTESIAN_POINT('',(-18.88805920967,-39.74052233775,
    190.64248291593));
#5234 = CARTESIAN_POINT('',(-18.7317531444,-39.81410266126,
    190.43117251885));
#5235 = CARTESIAN_POINT('',(-18.59309412225,-39.87874822277,
    190.2115488993));
#5236 = CARTESIAN_POINT('',(-18.35413985901,-39.98927985708,
    189.76449691635));
#5237 = CARTESIAN_POINT('',(-18.25286697455,-40.03563993102,
    189.53693770254));
#5238 = CARTESIAN_POINT('',(-18.16850888478,-40.07393606147,
    189.30413497619));
#5239 = CARTESIAN_POINT('',(-18.10106150714,-40.10436418107,
    189.06723860282));
#5240 = CARTESIAN_POINT('',(-18.0505091929,-40.12707538812,
    188.82733941491));
#5241 = CARTESIAN_POINT('',(-18.01682983899,-40.14217469886,
    188.58548598366));
#5242 = CARTESIAN_POINT('',(-18.,-40.14971979976,188.34270139072));
#5243 = CARTESIAN_POINT('',(-18.,-40.14971979976,187.61150167137));
#5244 = CARTESIAN_POINT('',(-18.06818061132,-40.11915267291,
    187.11887066859));
#5245 = CARTESIAN_POINT('',(-18.2065571515,-40.05711644014,
    186.63257143536));
#5246 = CARTESIAN_POINT('',(-18.41551472335,-39.96265606331,
    186.16354261539));
#5247 = CARTESIAN_POINT('',(-18.69382573691,-39.83465338385,
    185.72304720285));
#5248 = CARTESIAN_POINT('',(-19.03876524816,-39.67183530622,
    185.32251622715));
#5249 = CARTESIAN_POINT('',(-19.44613483623,-39.47300873911,
    184.9736997987));
#5250 = CARTESIAN_POINT('',(-20.39031367897,-38.99391237695,
    184.39510625972));
#5251 = CARTESIAN_POINT('',(-20.91902912735,-38.71718176004,
    184.17744448751));
#5252 = CARTESIAN_POINT('',(-21.47948121681,-38.41270564731,
    184.04746395476));
#5253 = CARTESIAN_POINT('',(-22.05224042781,-38.08818561835,
    184.01029552047));
#5254 = CARTESIAN_POINT('',(-22.61724326663,-37.75383301165,
    184.06524137623));
#5255 = CARTESIAN_POINT('',(-23.1554316071,-37.42234160734,
    184.20586738368));
#5256 = CARTESIAN_POINT('',(-23.65025601068,-37.10716287836,
    184.41996739752));
#5257 = CARTESIAN_POINT('',(-24.53342575698,-36.52932828458,
    184.96117451411));
#5258 = CARTESIAN_POINT('',(-24.93217064984,-36.25972465507,
    185.29615888228));
#5259 = CARTESIAN_POINT('',(-25.27702678767,-36.01945932157,
    185.68567128044));
#5260 = CARTESIAN_POINT('',(-25.56082922918,-35.81681609017,
    186.11997982088));
#5261 = CARTESIAN_POINT('',(-25.77826827728,-35.6588876173,
    186.58892722265));
#5262 = CARTESIAN_POINT('',(-25.92553968557,-35.55101911823,
    187.08222952083));
#5263 = CARTESIAN_POINT('',(-26.,-35.49647869859,187.58949872572));
#5264 = CARTESIAN_POINT('',(-26.,-35.49647869859,188.27683134199));
#5265 = CARTESIAN_POINT('',(-25.99106573191,-35.50302248245,
    188.45363264679));
#5266 = CARTESIAN_POINT('',(-25.97320305275,-35.51610663691,
    188.62987734522));
#5267 = CARTESIAN_POINT('',(-25.9464541321,-35.53568023636,
    188.8050393769));
#5268 = CARTESIAN_POINT('',(-25.91089843386,-35.5616460223,
    188.97859516865));
#5269 = CARTESIAN_POINT('',(-25.86665369797,-35.59386158269,
    189.15002561296));
#5270 = CARTESIAN_POINT('',(-25.81387692216,-35.6321405313,
    189.31881804645));
#5271 = CARTESIAN_POINT('',(-25.69168011183,-35.72034782486,
    189.65004699452));
#5272 = CARTESIAN_POINT('',(-25.62226985644,-35.77026944576,
    189.81247930027));
#5273 = CARTESIAN_POINT('',(-25.54470307746,-35.82581137262,
    189.97134575815));
#5274 = CARTESIAN_POINT('',(-25.45916376773,-35.88674201382,
    190.12623095238));
#5275 = CARTESIAN_POINT('',(-25.36585356531,-35.95280703504,
    190.27672348185));
#5276 = CARTESIAN_POINT('',(-25.26499390595,-36.02373103093,
    190.42241600308));
#5277 = CARTESIAN_POINT('',(-25.15682817552,-36.09921919678,
    190.56290527328));
#5278 = CARTESIAN_POINT('',(-24.86666127489,-36.30006108344,
    190.90264706299));
#5279 = CARTESIAN_POINT('',(-24.67534281437,-36.43105362979,
    191.09472252992));
#5280 = CARTESIAN_POINT('',(-24.46848389056,-36.57092393174,
    191.27268997341));
#5281 = CARTESIAN_POINT('',(-24.2469784882,-36.71859423764,
    191.43521921732));
#5282 = CARTESIAN_POINT('',(-24.01181606108,-36.87293566009,
    191.58097727706));
#5283 = CARTESIAN_POINT('',(-23.76409842595,-37.03278208435,
    191.70862710657));
#5284 = CARTESIAN_POINT('',(-23.50505665654,-37.19694407678,
    191.81682634529));
#5285 = CARTESIAN_POINT('',(-23.08946985513,-37.45538925364,
    191.95185868256));
#5286 = CARTESIAN_POINT('',(-22.93991895341,-37.54748052923,
    191.99331282694));
#5287 = CARTESIAN_POINT('',(-22.78774041144,-37.64023873155,
    192.02833715588));
#5288 = CARTESIAN_POINT('',(-22.63327786461,-37.73340579049,
    192.05670558414));
#5289 = CARTESIAN_POINT('',(-22.47689152128,-37.82672564956,
    192.07821759459));
#5290 = CARTESIAN_POINT('',(-22.3189562394,-37.91994646111,
    192.0926985492));
#5291 = CARTESIAN_POINT('',(-22.15985960324,-38.01282278154,192.1));
#5292 = CARTESIAN_POINT('',(-22.,-38.10511776651,192.1));
#5293 = PCURVE('',#43,#5294);
#5294 = DEFINITIONAL_REPRESENTATION('',(#5295),#5368);
#5295 = B_SPLINE_CURVE_WITH_KNOTS('',8,(#5296,#5297,#5298,#5299,#5300,
    #5301,#5302,#5303,#5304,#5305,#5306,#5307,#5308,#5309,#5310,#5311,
    #5312,#5313,#5314,#5315,#5316,#5317,#5318,#5319,#5320,#5321,#5322,
    #5323,#5324,#5325,#5326,#5327,#5328,#5329,#5330,#5331,#5332,#5333,
    #5334,#5335,#5336,#5337,#5338,#5339,#5340,#5341,#5342,#5343,#5344,
    #5345,#5346,#5347,#5348,#5349,#5350,#5351,#5352,#5353,#5354,#5355,
    #5356,#5357,#5358,#5359,#5360,#5361,#5362,#5363,#5364,#5365,#5366,
    #5367),.UNSPECIFIED.,.T.,.F.,(9,7,7,7,7,7,7,7,7,7,9),(0.,
    8.236733730291E-02,0.16475506342,0.245366444031,0.407617367193,
    0.575617570467,0.74502876481,0.803710712055,0.862367360147,
    0.951450126639,1.),.UNSPECIFIED.);
#5296 = CARTESIAN_POINT('',(-4.188790204786,34.1));
#5297 = CARTESIAN_POINT('',(-4.195920956751,34.1));
#5298 = CARTESIAN_POINT('',(-4.203078102096,34.121094916783));
#5299 = CARTESIAN_POINT('',(-4.210191637453,34.163903386655));
#5300 = CARTESIAN_POINT('',(-4.217192697701,34.228518508827));
#5301 = CARTESIAN_POINT('',(-4.224015046266,34.314525229146));
#5302 = CARTESIAN_POINT('',(-4.230596703664,34.421016014795));
#5303 = CARTESIAN_POINT('',(-4.236881714296,34.546604819977));
#5304 = CARTESIAN_POINT('',(-4.248763859076,34.832309221759));
#5305 = CARTESIAN_POINT('',(-4.254348444401,34.992135586274));
#5306 = CARTESIAN_POINT('',(-4.259548786162,35.167387872295));
#5307 = CARTESIAN_POINT('',(-4.264341726945,35.356427740751));
#5308 = CARTESIAN_POINT('',(-4.268708405169,35.557517084062));
#5309 = CARTESIAN_POINT('',(-4.272634699641,35.768827481147));
#5310 = CARTESIAN_POINT('',(-4.27611168669,35.988451100693));
#5311 = CARTESIAN_POINT('',(-4.282095324077,36.435503083642));
#5312 = CARTESIAN_POINT('',(-4.284626665113,36.663062297455));
#5313 = CARTESIAN_POINT('',(-4.286732190416,36.895865023807));
#5314 = CARTESIAN_POINT('',(-4.288413851264,37.132761397175));
#5315 = CARTESIAN_POINT('',(-4.289673390133,37.372660585083));
#5316 = CARTESIAN_POINT('',(-4.290512238044,37.614514016339));
#5317 = CARTESIAN_POINT('',(-4.290931411917,37.857298609278));
#5318 = CARTESIAN_POINT('',(-4.290931411917,38.588498328629));
#5319 = CARTESIAN_POINT('',(-4.289233246877,39.081129331408));
#5320 = CARTESIAN_POINT('',(-4.285786757668,39.567428564633));
#5321 = CARTESIAN_POINT('',(-4.280575018814,40.036457384605));
#5322 = CARTESIAN_POINT('',(-4.27361318734,40.476952797145));
#5323 = CARTESIAN_POINT('',(-4.264945202693,40.877483772849));
#5324 = CARTESIAN_POINT('',(-4.254644144067,41.226300201296));
#5325 = CARTESIAN_POINT('',(-4.230581048938,41.804893740276));
#5326 = CARTESIAN_POINT('',(-4.217019457881,42.022555512483));
#5327 = CARTESIAN_POINT('',(-4.202526482642,42.152536045233));
#5328 = CARTESIAN_POINT('',(-4.187569932427,42.189704479527));
#5329 = CARTESIAN_POINT('',(-4.172653886618,42.13475862377));
#5330 = CARTESIAN_POINT('',(-4.15829102116,41.994132616317));
#5331 = CARTESIAN_POINT('',(-4.144958475267,41.780032602476));
#5332 = CARTESIAN_POINT('',(-4.120971977488,41.238825485882));
#5333 = CARTESIAN_POINT('',(-4.110033795611,40.903841117711));
#5334 = CARTESIAN_POINT('',(-4.100482891566,40.514328719556));
#5335 = CARTESIAN_POINT('',(-4.092557972627,40.080020179115));
#5336 = CARTESIAN_POINT('',(-4.0864502809,39.611072777349));
#5337 = CARTESIAN_POINT('',(-4.082301423538,39.117770479161));
#5338 = CARTESIAN_POINT('',(-4.080203731704,38.610501274273));
#5339 = CARTESIAN_POINT('',(-4.080203731704,37.923168658002));
#5340 = CARTESIAN_POINT('',(-4.080455422169,37.746367353206));
#5341 = CARTESIAN_POINT('',(-4.080958651057,37.570122654773));
#5342 = CARTESIAN_POINT('',(-4.081711960261,37.394960623096));
#5343 = CARTESIAN_POINT('',(-4.082712586186,37.22140483135));
#5344 = CARTESIAN_POINT('',(-4.083956460327,37.04997438704));
#5345 = CARTESIAN_POINT('',(-4.085438209847,36.88118195355));
#5346 = CARTESIAN_POINT('',(-4.088863367976,36.549953005476));
#5347 = CARTESIAN_POINT('',(-4.090806507431,36.387520699723));
#5348 = CARTESIAN_POINT('',(-4.092974722732,36.228654241845));
#5349 = CARTESIAN_POINT('',(-4.095361559174,36.073769047613));
#5350 = CARTESIAN_POINT('',(-4.097959947849,35.923276518149));
#5351 = CARTESIAN_POINT('',(-4.100762192343,35.777583996915));
#5352 = CARTESIAN_POINT('',(-4.103759955454,35.637094726714));
#5353 = CARTESIAN_POINT('',(-4.111780277449,35.297352937008));
#5354 = CARTESIAN_POINT('',(-4.117049896931,35.105277470077));
#5355 = CARTESIAN_POINT('',(-4.122724916171,34.927310026586));
#5356 = CARTESIAN_POINT('',(-4.128775007205,34.764780782672));
#5357 = CARTESIAN_POINT('',(-4.135167553545,34.619022722931));
#5358 = CARTESIAN_POINT('',(-4.141867501469,34.491372893424));
#5359 = CARTESIAN_POINT('',(-4.148837211303,34.383173654703));
#5360 = CARTESIAN_POINT('',(-4.15995979784,34.248141317432));
#5361 = CARTESIAN_POINT('',(-4.163951374685,34.206687173057));
#5362 = CARTESIAN_POINT('',(-4.168001760254,34.171662844115));
#5363 = CARTESIAN_POINT('',(-4.172101331191,34.143294415857));
#5364 = CARTESIAN_POINT('',(-4.17624017792,34.121782405405));
#5365 = CARTESIAN_POINT('',(-4.180408162784,34.107301450792));
#5366 = CARTESIAN_POINT('',(-4.184594978197,34.1));
#5367 = CARTESIAN_POINT('',(-4.188790204786,34.1));
#5368 = ( GEOMETRIC_REPRESENTATION_CONTEXT(2) 
PARAMETRIC_REPRESENTATION_CONTEXT() REPRESENTATION_CONTEXT('2D SPACE',''
  ) );
#5369 = PCURVE('',#5370,#5375);
#5370 = CYLINDRICAL_SURFACE('',#5371,4.);
#5371 = AXIS2_PLACEMENT_3D('',#5372,#5373,#5374);
#5372 = CARTESIAN_POINT('',(-22.,-48.,188.1));
#5373 = DIRECTION('',(0.,1.,0.));
#5374 = DIRECTION('',(0.,-0.,1.));
#5375 = DEFINITIONAL_REPRESENTATION('',(#5376),#5449);
#5376 = B_SPLINE_CURVE_WITH_KNOTS('',8,(#5377,#5378,#5379,#5380,#5381,
    #5382,#5383,#5384,#5385,#5386,#5387,#5388,#5389,#5390,#5391,#5392,
    #5393,#5394,#5395,#5396,#5397,#5398,#5399,#5400,#5401,#5402,#5403,
    #5404,#5405,#5406,#5407,#5408,#5409,#5410,#5411,#5412,#5413,#5414,
    #5415,#5416,#5417,#5418,#5419,#5420,#5421,#5422,#5423,#5424,#5425,
    #5426,#5427,#5428,#5429,#5430,#5431,#5432,#5433,#5434,#5435,#5436,
    #5437,#5438,#5439,#5440,#5441,#5442,#5443,#5444,#5445,#5446,#5447,
    #5448),.UNSPECIFIED.,.F.,.F.,(9,7,7,7,7,7,7,7,7,7,9),(0.,
    8.236733730291E-02,0.16475506342,0.245366444031,0.407617367193,
    0.575617570467,0.74502876481,0.803710712055,0.862367360147,
    0.951450126639,1.),.UNSPECIFIED.);
#5377 = CARTESIAN_POINT('',(0.,9.894882233485));
#5378 = CARTESIAN_POINT('',(6.792953584279E-02,9.738005690266));
#5379 = CARTESIAN_POINT('',(0.136429961026,9.582762706047));
#5380 = CARTESIAN_POINT('',(0.205311651574,9.430734783864));
#5381 = CARTESIAN_POINT('',(0.274409804893,9.283355484282));
#5382 = CARTESIAN_POINT('',(0.343570092703,9.141878666244));
#5383 = CARTESIAN_POINT('',(0.412635828538,9.007358512501));
#5384 = CARTESIAN_POINT('',(0.481436649801,8.880641339603));
#5385 = CARTESIAN_POINT('',(0.618137696021,8.644067768822));
#5386 = CARTESIAN_POINT('',(0.685895074339,8.534461738229));
#5387 = CARTESIAN_POINT('',(0.753072994303,8.433762744831));
#5388 = CARTESIAN_POINT('',(0.81967589529,8.342088744822));
#5389 = CARTESIAN_POINT('',(0.885694264179,8.259477662247));
#5390 = CARTESIAN_POINT('',(0.951105027734,8.18589733874));
#5391 = CARTESIAN_POINT('',(1.01586858428,8.121251777224));
#5392 = CARTESIAN_POINT('',(1.142595311772,8.010720142916));
#5393 = CARTESIAN_POINT('',(1.204702821084,7.964360068978));
#5394 = CARTESIAN_POINT('',(1.266347520109,7.926063938523));
#5395 = CARTESIAN_POINT('',(1.327623944437,7.895635818924));
#5396 = CARTESIAN_POINT('',(1.388621113582,7.872924611876));
#5397 = CARTESIAN_POINT('',(1.449424996837,7.857825301132));
#5398 = CARTESIAN_POINT('',(1.510120979114,7.850280200231));
#5399 = CARTESIAN_POINT('',(1.692920908952,7.850280200231));
#5400 = CARTESIAN_POINT('',(1.816078020027,7.880847327085));
#5401 = CARTESIAN_POINT('',(1.940430807697,7.942883559851));
#5402 = CARTESIAN_POINT('',(2.066207796781,8.037343936687));
#5403 = CARTESIAN_POINT('',(2.193727322488,8.165346616148));
#5404 = CARTESIAN_POINT('',(2.323404006584,8.328164693774));
#5405 = CARTESIAN_POINT('',(2.45580377798,8.526991260886));
#5406 = CARTESIAN_POINT('',(2.732643552313,9.006087623048));
#5407 = CARTESIAN_POINT('',(2.873776576582,9.282818239953));
#5408 = CARTESIAN_POINT('',(3.014477303663,9.587294352686));
#5409 = CARTESIAN_POINT('',(3.154266563137,9.911814381646));
#5410 = CARTESIAN_POINT('',(3.292637686384,10.246166988341));
#5411 = CARTESIAN_POINT('',(3.428993615789,10.577658392658));
#5412 = CARTESIAN_POINT('',(3.562437068787,10.892837121633));
#5413 = CARTESIAN_POINT('',(3.821388553605,11.470671715418));
#5414 = CARTESIAN_POINT('',(3.950142193043,11.740275344924));
#5415 = CARTESIAN_POINT('',(4.077881007965,11.980540678429));
#5416 = CARTESIAN_POINT('',(4.204881391279,12.183183909828));
#5417 = CARTESIAN_POINT('',(4.331453250498,12.341112382694));
#5418 = CARTESIAN_POINT('',(4.457946323364,12.44898088177));
#5419 = CARTESIAN_POINT('',(4.584763661816,12.503521301402));
#5420 = CARTESIAN_POINT('',(4.756596815884,12.503521301402));
#5421 = CARTESIAN_POINT('',(4.800797173141,12.496977517541));
#5422 = CARTESIAN_POINT('',(4.844989969467,12.48389336309));
#5423 = CARTESIAN_POINT('',(4.889175206672,12.464319763635));
#5424 = CARTESIAN_POINT('',(4.933352517422,12.438353977691));
#5425 = CARTESIAN_POINT('',(4.977520711595,12.406138417308));
#5426 = CARTESIAN_POINT('',(5.021677322636,12.367859468692));
#5427 = CARTESIAN_POINT('',(5.109939955052,12.279652175132));
#5428 = CARTESIAN_POINT('',(5.154044155866,12.229730554232));
#5429 = CARTESIAN_POINT('',(5.198148579498,12.174188627373));
#5430 = CARTESIAN_POINT('',(5.242270397612,12.113257986175));
#5431 = CARTESIAN_POINT('',(5.286426042555,12.047192964955));
#5432 = CARTESIAN_POINT('',(5.330631119518,11.976268969063));
#5433 = CARTESIAN_POINT('',(5.374900318694,11.90078080322));
#5434 = CARTESIAN_POINT('',(5.486597821435,11.69993891656));
#5435 = CARTESIAN_POINT('',(5.554174267501,11.568946370209));
#5436 = CARTESIAN_POINT('',(5.622057924151,11.429076068258));
#5437 = CARTESIAN_POINT('',(5.690329106571,11.281405762355));
#5438 = CARTESIAN_POINT('',(5.759070109131,11.127064339905));
#5439 = CARTESIAN_POINT('',(5.828368127895,10.967217915646));
#5440 = CARTESIAN_POINT('',(5.898318183131,10.803055923217));
#5441 = CARTESIAN_POINT('',(6.007561638773,10.544610746359));
#5442 = CARTESIAN_POINT('',(6.04632197021,10.452519470761));
#5443 = CARTESIAN_POINT('',(6.085297568222,10.359761268443));
#5444 = CARTESIAN_POINT('',(6.124480689572,10.266594209507));
#5445 = CARTESIAN_POINT('',(6.163865162122,10.173274350436));
#5446 = CARTESIAN_POINT('',(6.203446231267,10.080053538884));
#5447 = CARTESIAN_POINT('',(6.243220406367,9.987177218453));
#5448 = CARTESIAN_POINT('',(6.28318530718,9.894882233485));
#5449 = ( GEOMETRIC_REPRESENTATION_CONTEXT(2) 
PARAMETRIC_REPRESENTATION_CONTEXT() REPRESENTATION_CONTEXT('2D SPACE',''
  ) );
#5450 = FACE_BOUND('',#5451,.T.);
#5451 = EDGE_LOOP('',(#5452));
#5452 = ORIENTED_EDGE('',*,*,#5453,.F.);
#5453 = EDGE_CURVE('',#5454,#5454,#5456,.T.);
#5454 = VERTEX_POINT('',#5455);
#5455 = CARTESIAN_POINT('',(22.,-38.10511776651,192.1));
#5456 = SURFACE_CURVE('',#5457,(#5530,#5606),.PCURVE_S1.);
#5457 = B_SPLINE_CURVE_WITH_KNOTS('',8,(#5458,#5459,#5460,#5461,#5462,
    #5463,#5464,#5465,#5466,#5467,#5468,#5469,#5470,#5471,#5472,#5473,
    #5474,#5475,#5476,#5477,#5478,#5479,#5480,#5481,#5482,#5483,#5484,
    #5485,#5486,#5487,#5488,#5489,#5490,#5491,#5492,#5493,#5494,#5495,
    #5496,#5497,#5498,#5499,#5500,#5501,#5502,#5503,#5504,#5505,#5506,
    #5507,#5508,#5509,#5510,#5511,#5512,#5513,#5514,#5515,#5516,#5517,
    #5518,#5519,#5520,#5521,#5522,#5523,#5524,#5525,#5526,#5527,#5528,
    #5529),.UNSPECIFIED.,.T.,.F.,(9,7,7,7,7,7,7,7,7,7,9),(0.,
    7.337717743682E-02,0.137374059042,0.215441015008,0.313009485752,
    0.472887388905,0.639119770961,0.754136585753,0.834911238302,
    0.917465834204,1.),.UNSPECIFIED.);
#5458 = CARTESIAN_POINT('',(22.,-38.10511776651,192.1));
#5459 = CARTESIAN_POINT('',(22.242206430889,-37.96527981844,192.1));
#5460 = CARTESIAN_POINT('',(22.482460310039,-37.82422326436,
    192.08323903284));
#5461 = CARTESIAN_POINT('',(22.719478090197,-37.6827207458,
    192.05018926454));
#5462 = CARTESIAN_POINT('',(22.952037081377,-37.54157980062,
    192.00142368065));
#5463 = CARTESIAN_POINT('',(23.178987100952,-37.40163155341,
    191.93761305359));
#5464 = CARTESIAN_POINT('',(23.399260274921,-37.26371676417,
    191.85952306503));
#5465 = CARTESIAN_POINT('',(23.611878990347,-37.12866923544,
    191.76801158345));
#5466 = CARTESIAN_POINT('',(23.9939557103,-36.88271816645,
    191.57333377097));
#5467 = CARTESIAN_POINT('',(24.165646772611,-36.7708126946,
    191.47305618272));
#5468 = CARTESIAN_POINT('',(24.330609267254,-36.66200879262,
    191.36369343434));
#5469 = CARTESIAN_POINT('',(24.48844894502,-36.55672913141,
    191.24574093832));
#5470 = CARTESIAN_POINT('',(24.638800028437,-36.45538794508,
    191.11968967817));
#5471 = CARTESIAN_POINT('',(24.781322014078,-36.35838855358,
    190.98602646939));
#5472 = CARTESIAN_POINT('',(24.915696474869,-36.26612088538,
    190.84523422037));
#5473 = CARTESIAN_POINT('',(25.195237094336,-36.0726340842,
    190.51793420735));
#5474 = CARTESIAN_POINT('',(25.336387954544,-35.97383262949,
    190.32805507061));
#5475 = CARTESIAN_POINT('',(25.464401926597,-35.88332148254,
    190.12911792301));
#5476 = CARTESIAN_POINT('',(25.578692360289,-35.80180696523,
    189.92211126566));
#5477 = CARTESIAN_POINT('',(25.678751099859,-35.72992419809,
    189.70804397986));
#5478 = CARTESIAN_POINT('',(25.764140664926,-35.6682279254,
    189.48794081708));
#5479 = CARTESIAN_POINT('',(25.834487984149,-35.61718484211,
    189.26283836013));
#5480 = CARTESIAN_POINT('',(25.958208579198,-35.52715345221,
    188.74750499402));
#5481 = CARTESIAN_POINT('',(26.002896507643,-35.49440196416,
    188.4552812115));
#5482 = CARTESIAN_POINT('',(26.02290371246,-35.47966142621,
    188.15955991855));
#5483 = CARTESIAN_POINT('',(26.017923405862,-35.48331465084,
    187.86282978879));
#5484 = CARTESIAN_POINT('',(25.987956141047,-35.50536351343,
    187.56759334216));
#5485 = CARTESIAN_POINT('',(25.933304016477,-35.54542745545,
    187.276341147));
#5486 = CARTESIAN_POINT('',(25.854584710122,-35.60275577246,
    186.99152524113));
#5487 = CARTESIAN_POINT('',(25.585921826708,-35.79668903277,
    186.26328262971));
#5488 = CARTESIAN_POINT('',(25.35727104072,-35.96038329972,
    185.83531258328));
#5489 = CARTESIAN_POINT('',(25.070390517718,-36.16301394377,
    185.43938578407));
#5490 = CARTESIAN_POINT('',(24.729246997131,-36.39928422859,
    185.08317866443));
#5491 = CARTESIAN_POINT('',(24.338576470612,-36.66301920094,
    184.77443364894));
#5492 = CARTESIAN_POINT('',(23.904135646458,-36.94747003652,
    184.52091937566));
#5493 = CARTESIAN_POINT('',(23.43296223489,-37.24564953508,
    184.3303630205));
#5494 = CARTESIAN_POINT('',(22.414760324858,-37.86751093999,
    184.08591436944));
#5495 = CARTESIAN_POINT('',(21.862038368066,-38.19382585596,
    184.03693311983));
#5496 = CARTESIAN_POINT('',(21.294695727128,-38.51563646671,
    184.07645729239));
#5497 = CARTESIAN_POINT('',(20.734494154202,-38.8197202429,
    184.20892878246));
#5498 = CARTESIAN_POINT('',(20.203272577343,-39.09598152213,
    184.43131637434));
#5499 = CARTESIAN_POINT('',(19.721047186992,-39.33781173129,
    184.7334374257));
#5500 = CARTESIAN_POINT('',(19.303453828345,-39.5414073573,
    185.09817374219));
#5501 = CARTESIAN_POINT('',(18.719615576302,-39.82017070949,
    185.78176050627));
#5502 = CARTESIAN_POINT('',(18.514203143288,-39.91623326528,
    186.08172674272));
#5503 = CARTESIAN_POINT('',(18.342694360518,-39.99510183416,
    186.39798715011));
#5504 = CARTESIAN_POINT('',(18.205428052718,-40.05742682191,
    186.72679263206));
#5505 = CARTESIAN_POINT('',(18.102565368486,-40.10373724895,
    187.06465439298));
#5506 = CARTESIAN_POINT('',(18.034122914097,-40.13442191023,
    187.40825952065));
#5507 = CARTESIAN_POINT('',(18.,-40.14971979976,187.75441212031));
#5508 = CARTESIAN_POINT('',(18.,-40.14971979976,188.34270139072));
#5509 = CARTESIAN_POINT('',(18.016829838998,-40.14217469886,
    188.58548598366));
#5510 = CARTESIAN_POINT('',(18.050509192903,-40.12707538812,
    188.82733941491));
#5511 = CARTESIAN_POINT('',(18.101061507147,-40.10436418107,
    189.06723860282));
#5512 = CARTESIAN_POINT('',(18.168508884781,-40.07393606147,
    189.30413497619));
#5513 = CARTESIAN_POINT('',(18.252866974556,-40.03563993102,
    189.53693770254));
#5514 = CARTESIAN_POINT('',(18.35413985902,-39.98927985708,
    189.76449691636));
#5515 = CARTESIAN_POINT('',(18.593094122254,-39.87874822277,
    190.2115488993));
#5516 = CARTESIAN_POINT('',(18.731753144408,-39.81410266125,
    190.43117251885));
#5517 = CARTESIAN_POINT('',(18.888059209677,-39.74052233775,
    190.64248291593));
#5518 = CARTESIAN_POINT('',(19.06153089939,-39.65791125517,
    190.84357225924));
#5519 = CARTESIAN_POINT('',(19.251459829426,-39.56623725517,
    191.0326121277));
#5520 = CARTESIAN_POINT('',(19.456934063766,-39.46553826177,
    191.20786441372));
#5521 = CARTESIAN_POINT('',(19.676863287765,-39.35593223117,
    191.36769077824));
#5522 = CARTESIAN_POINT('',(20.143090497839,-39.11935866039,
    191.65339518002));
#5523 = CARTESIAN_POINT('',(20.388896333677,-38.9926414875,
    191.7789839852));
#5524 = CARTESIAN_POINT('',(20.645363878169,-38.85812133376,
    191.88547477085));
#5525 = CARTESIAN_POINT('',(20.91013786819,-38.71664451571,
    191.97148149117));
#5526 = CARTESIAN_POINT('',(21.180664799505,-38.56926521613,
    192.03609661334));
#5527 = CARTESIAN_POINT('',(21.454279676001,-38.41723729395,
    192.07890508321));
#5528 = CARTESIAN_POINT('',(21.72828185662,-38.26199430973,192.1));
#5529 = CARTESIAN_POINT('',(22.,-38.10511776651,192.1));
#5530 = PCURVE('',#43,#5531);
#5531 = DEFINITIONAL_REPRESENTATION('',(#5532),#5605);
#5532 = B_SPLINE_CURVE_WITH_KNOTS('',8,(#5533,#5534,#5535,#5536,#5537,
    #5538,#5539,#5540,#5541,#5542,#5543,#5544,#5545,#5546,#5547,#5548,
    #5549,#5550,#5551,#5552,#5553,#5554,#5555,#5556,#5557,#5558,#5559,
    #5560,#5561,#5562,#5563,#5564,#5565,#5566,#5567,#5568,#5569,#5570,
    #5571,#5572,#5573,#5574,#5575,#5576,#5577,#5578,#5579,#5580,#5581,
    #5582,#5583,#5584,#5585,#5586,#5587,#5588,#5589,#5590,#5591,#5592,
    #5593,#5594,#5595,#5596,#5597,#5598,#5599,#5600,#5601,#5602,#5603,
    #5604),.UNSPECIFIED.,.T.,.F.,(9,7,7,7,7,7,7,7,7,7,9),(0.,
    7.337717743682E-02,0.137374059042,0.215441015008,0.313009485752,
    0.472887388905,0.639119770961,0.754136585753,0.834911238302,
    0.917465834204,1.),.UNSPECIFIED.);
#5533 = CARTESIAN_POINT('',(-5.235987755983,34.1));
#5534 = CARTESIAN_POINT('',(-5.24234402635,34.1));
#5535 = CARTESIAN_POINT('',(-5.248675713848,34.116760967155));
#5536 = CARTESIAN_POINT('',(-5.254949165402,34.149810735456));
#5537 = CARTESIAN_POINT('',(-5.261131519586,34.198576319345));
#5538 = CARTESIAN_POINT('',(-5.26719101459,34.26238694641));
#5539 = CARTESIAN_POINT('',(-5.273097305605,34.34047693497));
#5540 = CARTESIAN_POINT('',(-5.278821791622,34.43198841655));
#5541 = CARTESIAN_POINT('',(-5.289148944016,34.626666229025));
#5542 = CARTESIAN_POINT('',(-5.293806609182,34.726943817278));
#5543 = CARTESIAN_POINT('',(-5.298297707714,34.836306565653));
#5544 = CARTESIAN_POINT('',(-5.302609627604,34.954259061676));
#5545 = CARTESIAN_POINT('',(-5.306730357032,35.080310321825));
#5546 = CARTESIAN_POINT('',(-5.31064845711,35.213973530605));
#5547 = CARTESIAN_POINT('',(-5.314353034644,35.354765779627));
#5548 = CARTESIAN_POINT('',(-5.322079642241,35.682065792641));
#5549 = CARTESIAN_POINT('',(-5.325995365104,35.871944929381));
#5550 = CARTESIAN_POINT('',(-5.329558477546,36.070882076989));
#5551 = CARTESIAN_POINT('',(-5.332748918554,36.277888734333));
#5552 = CARTESIAN_POINT('',(-5.335548955356,36.491956020132));
#5553 = CARTESIAN_POINT('',(-5.337943178281,36.712059182913));
#5554 = CARTESIAN_POINT('',(-5.339918507136,36.937161639864));
#5555 = CARTESIAN_POINT('',(-5.343396035113,37.45249500598));
#5556 = CARTESIAN_POINT('',(-5.344655223747,37.744718788491));
#5557 = CARTESIAN_POINT('',(-5.345220019993,38.04044008145));
#5558 = CARTESIAN_POINT('',(-5.34507964535,38.337170211207));
#5559 = CARTESIAN_POINT('',(-5.344234081557,38.632406657837));
#5560 = CARTESIAN_POINT('',(-5.342693992469,38.923658852992));
#5561 = CARTESIAN_POINT('',(-5.340480784068,39.208474758868));
#5562 = CARTESIAN_POINT('',(-5.332950204042,39.936717370287));
#5563 = CARTESIAN_POINT('',(-5.326559202309,40.36468741672));
#5564 = CARTESIAN_POINT('',(-5.318577053533,40.760614215925));
#5565 = CARTESIAN_POINT('',(-5.309146710742,41.116821335567));
#5566 = CARTESIAN_POINT('',(-5.298435744325,41.425566351055));
#5567 = CARTESIAN_POINT('',(-5.286636198336,41.679080624337));
#5568 = CARTESIAN_POINT('',(-5.273965126067,41.8696369795));
#5569 = CARTESIAN_POINT('',(-5.246849606276,42.114085630553));
#5570 = CARTESIAN_POINT('',(-5.232263538489,42.163066880166));
#5571 = CARTESIAN_POINT('',(-5.21744320187,42.12354270761));
#5572 = CARTESIAN_POINT('',(-5.202961529781,41.991071217528));
#5573 = CARTESIAN_POINT('',(-5.189356411601,41.768683625656));
#5574 = CARTESIAN_POINT('',(-5.17709712197,41.466562574299));
#5575 = CARTESIAN_POINT('',(-5.166538820164,41.101826257805));
#5576 = CARTESIAN_POINT('',(-5.151834852369,40.418239493721));
#5577 = CARTESIAN_POINT('',(-5.146681272427,40.118273257272));
#5578 = CARTESIAN_POINT('',(-5.142391076315,39.802012849885));
#5579 = CARTESIAN_POINT('',(-5.138964912942,39.473207367934));
#5580 = CARTESIAN_POINT('',(-5.136401123702,39.13534560702));
#5581 = CARTESIAN_POINT('',(-5.134696438937,38.791740479344));
#5582 = CARTESIAN_POINT('',(-5.133846548852,38.445587879687));
#5583 = CARTESIAN_POINT('',(-5.133846548852,37.857298609275));
#5584 = CARTESIAN_POINT('',(-5.134265722725,37.614514016338));
#5585 = CARTESIAN_POINT('',(-5.135104570636,37.372660585085));
#5586 = CARTESIAN_POINT('',(-5.136364109505,37.132761397178));
#5587 = CARTESIAN_POINT('',(-5.138045770353,36.895865023809));
#5588 = CARTESIAN_POINT('',(-5.140151295657,36.663062297454));
#5589 = CARTESIAN_POINT('',(-5.142682636693,36.435503083639));
#5590 = CARTESIAN_POINT('',(-5.148666274079,35.988451100691));
#5591 = CARTESIAN_POINT('',(-5.152143261128,35.768827481147));
#5592 = CARTESIAN_POINT('',(-5.156069555601,35.557517084063));
#5593 = CARTESIAN_POINT('',(-5.160436233825,35.356427740752));
#5594 = CARTESIAN_POINT('',(-5.165229174607,35.167387872295));
#5595 = CARTESIAN_POINT('',(-5.170429516368,34.992135586273));
#5596 = CARTESIAN_POINT('',(-5.176014101694,34.832309221758));
#5597 = CARTESIAN_POINT('',(-5.187896246474,34.546604819973));
#5598 = CARTESIAN_POINT('',(-5.194181257105,34.421016014799));
#5599 = CARTESIAN_POINT('',(-5.200762914504,34.314525229149));
#5600 = CARTESIAN_POINT('',(-5.207585263068,34.228518508825));
#5601 = CARTESIAN_POINT('',(-5.214586323316,34.163903386653));
#5602 = CARTESIAN_POINT('',(-5.221699858674,34.121094916785));
#5603 = CARTESIAN_POINT('',(-5.228857004018,34.1));
#5604 = CARTESIAN_POINT('',(-5.235987755983,34.1));
#5605 = ( GEOMETRIC_REPRESENTATION_CONTEXT(2) 
PARAMETRIC_REPRESENTATION_CONTEXT() REPRESENTATION_CONTEXT('2D SPACE',''
  ) );
#5606 = PCURVE('',#5607,#5612);
#5607 = CYLINDRICAL_SURFACE('',#5608,4.);
#5608 = AXIS2_PLACEMENT_3D('',#5609,#5610,#5611);
#5609 = CARTESIAN_POINT('',(22.,-48.,188.1));
#5610 = DIRECTION('',(0.,1.,0.));
#5611 = DIRECTION('',(0.,-0.,1.));
#5612 = DEFINITIONAL_REPRESENTATION('',(#5613),#5686);
#5613 = B_SPLINE_CURVE_WITH_KNOTS('',8,(#5614,#5615,#5616,#5617,#5618,
    #5619,#5620,#5621,#5622,#5623,#5624,#5625,#5626,#5627,#5628,#5629,
    #5630,#5631,#5632,#5633,#5634,#5635,#5636,#5637,#5638,#5639,#5640,
    #5641,#5642,#5643,#5644,#5645,#5646,#5647,#5648,#5649,#5650,#5651,
    #5652,#5653,#5654,#5655,#5656,#5657,#5658,#5659,#5660,#5661,#5662,
    #5663,#5664,#5665,#5666,#5667,#5668,#5669,#5670,#5671,#5672,#5673,
    #5674,#5675,#5676,#5677,#5678,#5679,#5680,#5681,#5682,#5683,#5684,
    #5685),.UNSPECIFIED.,.F.,.F.,(9,7,7,7,7,7,7,7,7,7,9),(0.,
    7.337717743682E-02,0.137374059042,0.215441015008,0.313009485752,
    0.472887388905,0.639119770961,0.754136585753,0.834911238302,
    0.917465834204,1.),.UNSPECIFIED.);
#5614 = CARTESIAN_POINT('',(0.,9.894882233485));
#5615 = CARTESIAN_POINT('',(6.055160772228E-02,10.034720181558));
#5616 = CARTESIAN_POINT('',(0.12061507303,10.175776735638));
#5617 = CARTESIAN_POINT('',(0.18020782683,10.3172792542));
#5618 = CARTESIAN_POINT('',(0.239339600664,10.458420199374));
#5619 = CARTESIAN_POINT('',(0.298014125248,10.598368446585));
#5620 = CARTESIAN_POINT('',(0.356229462236,10.736283235827));
#5621 = CARTESIAN_POINT('',(0.413976969233,10.871330764559));
#5622 = CARTESIAN_POINT('',(0.521180651132,11.11728183355));
#5623 = CARTESIAN_POINT('',(0.570806412965,11.229187305393));
#5624 = CARTESIAN_POINT('',(0.620154254516,11.337991207374));
#5625 = CARTESIAN_POINT('',(0.66925996733,11.443270868582));
#5626 = CARTESIAN_POINT('',(0.718157784912,11.544612054916));
#5627 = CARTESIAN_POINT('',(0.766881104105,11.641611446418));
#5628 = CARTESIAN_POINT('',(0.815463206484,11.733879114615));
#5629 = CARTESIAN_POINT('',(0.923070204528,11.927365915795));
#5630 = CARTESIAN_POINT('',(0.982084048344,12.02616737051));
#5631 = CARTESIAN_POINT('',(1.041001978537,12.116678517458));
#5632 = CARTESIAN_POINT('',(1.099850556922,12.198193034764));
#5633 = CARTESIAN_POINT('',(1.158659084845,12.270075801906));
#5634 = CARTESIAN_POINT('',(1.217459207502,12.3317720746));
#5635 = CARTESIAN_POINT('',(1.276285477521,12.382815157883));
#5636 = CARTESIAN_POINT('',(1.4087796434,12.472846547782));
#5637 = CARTESIAN_POINT('',(1.482424914586,12.505598035831));
#5638 = CARTESIAN_POINT('',(1.556088265709,12.520338573783));
#5639 = CARTESIAN_POINT('',(1.629755882996,12.516685349158));
#5640 = CARTESIAN_POINT('',(1.703418959717,12.494636486561));
#5641 = CARTESIAN_POINT('',(1.777067206244,12.454572544544));
#5642 = CARTESIAN_POINT('',(1.850681475008,12.397244227532));
#5643 = CARTESIAN_POINT('',(2.044736403767,12.203310967225));
#5644 = CARTESIAN_POINT('',(2.164900710666,12.039616700271));
#5645 = CARTESIAN_POINT('',(2.285255385995,11.836986056229));
#5646 = CARTESIAN_POINT('',(2.406257859569,11.600715771408));
#5647 = CARTESIAN_POINT('',(2.528347001025,11.336980799059));
#5648 = CARTESIAN_POINT('',(2.651971841801,11.052529963479));
#5649 = CARTESIAN_POINT('',(2.777631930073,10.754350464919));
#5650 = CARTESIAN_POINT('',(3.039415508697,10.132489060001));
#5651 = CARTESIAN_POINT('',(3.176636728951,9.806174144038));
#5652 = CARTESIAN_POINT('',(3.315867288047,9.484363533285));
#5653 = CARTESIAN_POINT('',(3.456041934262,9.180279757099));
#5654 = CARTESIAN_POINT('',(3.596257551386,8.904018477862));
#5655 = CARTESIAN_POINT('',(3.735557340803,8.662188268706));
#5656 = CARTESIAN_POINT('',(3.872695646898,8.458592642695));
#5657 = CARTESIAN_POINT('',(4.097439663584,8.179829290505));
#5658 = CARTESIAN_POINT('',(4.187815391309,8.08376673472));
#5659 = CARTESIAN_POINT('',(4.276965086592,8.004898165832));
#5660 = CARTESIAN_POINT('',(4.365142898423,7.942573178084));
#5661 = CARTESIAN_POINT('',(4.452570543534,7.89626275105));
#5662 = CARTESIAN_POINT('',(4.539453400696,7.865578089769));
#5663 = CARTESIAN_POINT('',(4.625992010463,7.850280200231));
#5664 = CARTESIAN_POINT('',(4.773064328066,7.850280200231));
#5665 = CARTESIAN_POINT('',(4.833760310343,7.857825301132));
#5666 = CARTESIAN_POINT('',(4.894564193597,7.872924611876));
#5667 = CARTESIAN_POINT('',(4.955561362742,7.895635818923));
#5668 = CARTESIAN_POINT('',(5.01683778707,7.926063938522));
#5669 = CARTESIAN_POINT('',(5.078482486096,7.964360068978));
#5670 = CARTESIAN_POINT('',(5.140589995408,8.010720142916));
#5671 = CARTESIAN_POINT('',(5.2673167229,8.121251777224));
#5672 = CARTESIAN_POINT('',(5.332080279446,8.185897338741));
#5673 = CARTESIAN_POINT('',(5.397491043,8.259477662247));
#5674 = CARTESIAN_POINT('',(5.463509411889,8.342088744821));
#5675 = CARTESIAN_POINT('',(5.530112312877,8.43376274483));
#5676 = CARTESIAN_POINT('',(5.597290232841,8.534461738229));
#5677 = CARTESIAN_POINT('',(5.665047611159,8.644067768823));
#5678 = CARTESIAN_POINT('',(5.801748657381,8.880641339607));
#5679 = CARTESIAN_POINT('',(5.87054947864,9.0073585125));
#5680 = CARTESIAN_POINT('',(5.939615214474,9.14187866624));
#5681 = CARTESIAN_POINT('',(6.008775502287,9.283355484281));
#5682 = CARTESIAN_POINT('',(6.077873655608,9.430734783869));
#5683 = CARTESIAN_POINT('',(6.146755346155,9.58276270605));
#5684 = CARTESIAN_POINT('',(6.215255771335,9.738005690261));
#5685 = CARTESIAN_POINT('',(6.28318530718,9.894882233485));
#5686 = ( GEOMETRIC_REPRESENTATION_CONTEXT(2) 
PARAMETRIC_REPRESENTATION_CONTEXT() REPRESENTATION_CONTEXT('2D SPACE',''
  ) );
#5687 = FACE_BOUND('',#5688,.T.);
#5688 = EDGE_LOOP('',(#5689));
#5689 = ORIENTED_EDGE('',*,*,#5690,.T.);
#5690 = EDGE_CURVE('',#5691,#5691,#5693,.T.);
#5691 = VERTEX_POINT('',#5692);
#5692 = CARTESIAN_POINT('',(-22.,38.105117766515,192.1));
#5693 = SURFACE_CURVE('',#5694,(#5767,#5843),.PCURVE_S1.);
#5694 = B_SPLINE_CURVE_WITH_KNOTS('',8,(#5695,#5696,#5697,#5698,#5699,
    #5700,#5701,#5702,#5703,#5704,#5705,#5706,#5707,#5708,#5709,#5710,
    #5711,#5712,#5713,#5714,#5715,#5716,#5717,#5718,#5719,#5720,#5721,
    #5722,#5723,#5724,#5725,#5726,#5727,#5728,#5729,#5730,#5731,#5732,
    #5733,#5734,#5735,#5736,#5737,#5738,#5739,#5740,#5741,#5742,#5743,
    #5744,#5745,#5746,#5747,#5748,#5749,#5750,#5751,#5752,#5753,#5754,
    #5755,#5756,#5757,#5758,#5759,#5760,#5761,#5762,#5763,#5764,#5765,
    #5766),.UNSPECIFIED.,.T.,.F.,(9,7,7,7,7,7,7,7,7,7,9),(0.,
    8.236733731259E-02,0.164755063481,0.245366444144,0.407617367421,
    0.575617570825,0.7450287653,0.80371071259,0.862367360729,
    0.95145012729,1.),.UNSPECIFIED.);
#5695 = CARTESIAN_POINT('',(-22.,38.105117766515,192.1));
#5696 = CARTESIAN_POINT('',(-21.72828185676,38.261994309654,192.1));
#5697 = CARTESIAN_POINT('',(-21.4542796759,38.417237294005,
    192.07890508323));
#5698 = CARTESIAN_POINT('',(-21.18066479936,38.569265216208,
    192.03609661331));
#5699 = CARTESIAN_POINT('',(-20.9101378682,38.716644515709,
    191.97148149113));
#5700 = CARTESIAN_POINT('',(-20.6453638783,38.858121333686,
    191.88547477089));
#5701 = CARTESIAN_POINT('',(-20.38889633374,38.992641487469,
    191.77898398526));
#5702 = CARTESIAN_POINT('',(-20.14309049771,39.119358660458,
    191.65339517994));
#5703 = CARTESIAN_POINT('',(-19.67686328776,39.355932231178,
    191.36769077824));
#5704 = CARTESIAN_POINT('',(-19.45693406376,39.465538261771,
    191.20786441372));
#5705 = CARTESIAN_POINT('',(-19.25145982942,39.566237255169,
    191.0326121277));
#5706 = CARTESIAN_POINT('',(-19.06153089939,39.657911255178,
    190.84357225924));
#5707 = CARTESIAN_POINT('',(-18.88805920967,39.740522337753,
    190.64248291593));
#5708 = CARTESIAN_POINT('',(-18.7317531444,39.81410266126,
    190.43117251885));
#5709 = CARTESIAN_POINT('',(-18.59309412225,39.878748222776,
    190.2115488993));
#5710 = CARTESIAN_POINT('',(-18.35413985901,39.989279857084,
    189.76449691635));
#5711 = CARTESIAN_POINT('',(-18.25286697455,40.035639931022,
    189.53693770254));
#5712 = CARTESIAN_POINT('',(-18.16850888478,40.073936061477,
    189.30413497619));
#5713 = CARTESIAN_POINT('',(-18.10106150714,40.104364181076,
    189.06723860282));
#5714 = CARTESIAN_POINT('',(-18.0505091929,40.127075388124,
    188.82733941491));
#5715 = CARTESIAN_POINT('',(-18.01682983899,40.142174698868,
    188.58548598366));
#5716 = CARTESIAN_POINT('',(-18.,40.149719799769,188.34270139072));
#5717 = CARTESIAN_POINT('',(-18.,40.149719799769,187.61150167133));
#5718 = CARTESIAN_POINT('',(-18.06818061133,40.11915267291,
    187.11887066857));
#5719 = CARTESIAN_POINT('',(-18.2065571515,40.057116440147,
    186.63257143539));
#5720 = CARTESIAN_POINT('',(-18.41551472333,39.962656063322,
    186.16354261543));
#5721 = CARTESIAN_POINT('',(-18.69382573689,39.834653383863,
    185.72304720286));
#5722 = CARTESIAN_POINT('',(-19.03876524817,39.67183530622,
    185.32251622712));
#5723 = CARTESIAN_POINT('',(-19.44613483626,39.473008739098,
    184.97369979868));
#5724 = CARTESIAN_POINT('',(-20.39031367897,38.993912376952,
    184.39510625972));
#5725 = CARTESIAN_POINT('',(-20.91902912735,38.717181760047,
    184.17744448751));
#5726 = CARTESIAN_POINT('',(-21.47948121681,38.412705647315,
    184.04746395476));
#5727 = CARTESIAN_POINT('',(-22.05224042781,38.088185618352,
    184.01029552047));
#5728 = CARTESIAN_POINT('',(-22.61724326663,37.75383301166,
    184.06524137623));
#5729 = CARTESIAN_POINT('',(-23.1554316071,37.422341607342,
    184.20586738368));
#5730 = CARTESIAN_POINT('',(-23.65025601068,37.107162878367,
    184.41996739752));
#5731 = CARTESIAN_POINT('',(-24.53342575698,36.529328284582,
    184.96117451411));
#5732 = CARTESIAN_POINT('',(-24.93217064984,36.259724655076,
    185.29615888228));
#5733 = CARTESIAN_POINT('',(-25.27702678767,36.019459321571,
    185.68567128044));
#5734 = CARTESIAN_POINT('',(-25.56082922918,35.816816090172,
    186.11997982088));
#5735 = CARTESIAN_POINT('',(-25.77826827728,35.658887617306,
    186.58892722265));
#5736 = CARTESIAN_POINT('',(-25.92553968557,35.55101911823,
    187.08222952083));
#5737 = CARTESIAN_POINT('',(-26.,35.496478698598,187.58949872572));
#5738 = CARTESIAN_POINT('',(-26.,35.496478698598,188.27683134199));
#5739 = CARTESIAN_POINT('',(-25.99106573191,35.503022482459,
    188.45363264679));
#5740 = CARTESIAN_POINT('',(-25.97320305275,35.51610663691,
    188.62987734522));
#5741 = CARTESIAN_POINT('',(-25.9464541321,35.535680236365,
    188.8050393769));
#5742 = CARTESIAN_POINT('',(-25.91089843386,35.561646022309,
    188.97859516865));
#5743 = CARTESIAN_POINT('',(-25.86665369797,35.593861582692,
    189.15002561296));
#5744 = CARTESIAN_POINT('',(-25.81387692216,35.632140531308,
    189.31881804645));
#5745 = CARTESIAN_POINT('',(-25.69168011183,35.720347824868,
    189.65004699452));
#5746 = CARTESIAN_POINT('',(-25.62226985644,35.770269445767,
    189.81247930027));
#5747 = CARTESIAN_POINT('',(-25.54470307746,35.825811372627,
    189.97134575815));
#5748 = CARTESIAN_POINT('',(-25.45916376773,35.886742013825,
    190.12623095238));
#5749 = CARTESIAN_POINT('',(-25.36585356531,35.952807035045,
    190.27672348185));
#5750 = CARTESIAN_POINT('',(-25.26499390595,36.023731030937,
    190.42241600308));
#5751 = CARTESIAN_POINT('',(-25.15682817552,36.099219196781,
    190.56290527328));
#5752 = CARTESIAN_POINT('',(-24.86666127489,36.30006108344,
    190.90264706299));
#5753 = CARTESIAN_POINT('',(-24.67534281437,36.431053629791,
    191.09472252992));
#5754 = CARTESIAN_POINT('',(-24.46848389056,36.570923931742,
    191.27268997341));
#5755 = CARTESIAN_POINT('',(-24.2469784882,36.718594237645,
    191.43521921732));
#5756 = CARTESIAN_POINT('',(-24.01181606108,36.872935660095,
    191.58097727706));
#5757 = CARTESIAN_POINT('',(-23.76409842595,37.032782084354,
    191.70862710657));
#5758 = CARTESIAN_POINT('',(-23.50505665654,37.196944076783,
    191.81682634529));
#5759 = CARTESIAN_POINT('',(-23.08946985721,37.455389252348,
    191.95185868189));
#5760 = CARTESIAN_POINT('',(-22.93991895211,37.54748053,191.99331282699)
  );
#5761 = CARTESIAN_POINT('',(-22.78774040929,37.640238732868,
    192.02833715638));
#5762 = CARTESIAN_POINT('',(-22.6332778647,37.733405790484,
    192.05670558442));
#5763 = CARTESIAN_POINT('',(-22.47689152352,37.826725648243,
    192.0782175944));
#5764 = CARTESIAN_POINT('',(-22.31895624063,37.919946460363,
    192.09269854887));
#5765 = CARTESIAN_POINT('',(-22.15985960097,38.012822782861,192.1));
#5766 = CARTESIAN_POINT('',(-22.,38.105117766515,192.1));
#5767 = PCURVE('',#43,#5768);
#5768 = DEFINITIONAL_REPRESENTATION('',(#5769),#5842);
#5769 = B_SPLINE_CURVE_WITH_KNOTS('',8,(#5770,#5771,#5772,#5773,#5774,
    #5775,#5776,#5777,#5778,#5779,#5780,#5781,#5782,#5783,#5784,#5785,
    #5786,#5787,#5788,#5789,#5790,#5791,#5792,#5793,#5794,#5795,#5796,
    #5797,#5798,#5799,#5800,#5801,#5802,#5803,#5804,#5805,#5806,#5807,
    #5808,#5809,#5810,#5811,#5812,#5813,#5814,#5815,#5816,#5817,#5818,
    #5819,#5820,#5821,#5822,#5823,#5824,#5825,#5826,#5827,#5828,#5829,
    #5830,#5831,#5832,#5833,#5834,#5835,#5836,#5837,#5838,#5839,#5840,
    #5841),.UNSPECIFIED.,.T.,.F.,(9,7,7,7,7,7,7,7,7,7,9),(0.,
    8.236733731259E-02,0.164755063481,0.245366444144,0.407617367421,
    0.575617570825,0.7450287653,0.80371071259,0.862367360729,
    0.95145012729,1.),.UNSPECIFIED.);
#5770 = CARTESIAN_POINT('',(-2.094395102393,34.1));
#5771 = CARTESIAN_POINT('',(-2.087264350432,34.1));
#5772 = CARTESIAN_POINT('',(-2.080107205082,34.121094916762));
#5773 = CARTESIAN_POINT('',(-2.072993669723,34.163903386686));
#5774 = CARTESIAN_POINT('',(-2.065992609479,34.228518508861));
#5775 = CARTESIAN_POINT('',(-2.059170260917,34.314525229104));
#5776 = CARTESIAN_POINT('',(-2.052588603517,34.421016014731));
#5777 = CARTESIAN_POINT('',(-2.046303592881,34.546604820051));
#5778 = CARTESIAN_POINT('',(-2.034421448104,34.832309221759));
#5779 = CARTESIAN_POINT('',(-2.028836862778,34.992135586274));
#5780 = CARTESIAN_POINT('',(-2.023636521017,35.167387872295));
#5781 = CARTESIAN_POINT('',(-2.018843580235,35.35642774075));
#5782 = CARTESIAN_POINT('',(-2.014476902011,35.557517084062));
#5783 = CARTESIAN_POINT('',(-2.010550607538,35.768827481147));
#5784 = CARTESIAN_POINT('',(-2.007073620489,35.988451100693));
#5785 = CARTESIAN_POINT('',(-2.001089983103,36.435503083642));
#5786 = CARTESIAN_POINT('',(-1.998558642067,36.663062297455));
#5787 = CARTESIAN_POINT('',(-1.996453116763,36.895865023807));
#5788 = CARTESIAN_POINT('',(-1.994771455915,37.132761397175));
#5789 = CARTESIAN_POINT('',(-1.993511917047,37.372660585083));
#5790 = CARTESIAN_POINT('',(-1.992673069135,37.614514016339));
#5791 = CARTESIAN_POINT('',(-1.992253895262,37.857298609278));
#5792 = CARTESIAN_POINT('',(-1.992253895262,38.588498328667));
#5793 = CARTESIAN_POINT('',(-1.993952060303,39.081129331425));
#5794 = CARTESIAN_POINT('',(-1.997398549512,39.567428564606));
#5795 = CARTESIAN_POINT('',(-2.002610288365,40.036457384568));
#5796 = CARTESIAN_POINT('',(-2.009572119839,40.476952797137));
#5797 = CARTESIAN_POINT('',(-2.018240104487,40.877483772871));
#5798 = CARTESIAN_POINT('',(-2.028541163114,41.226300201315));
#5799 = CARTESIAN_POINT('',(-2.052604258241,41.804893740276));
#5800 = CARTESIAN_POINT('',(-2.066165849299,42.022555512484));
#5801 = CARTESIAN_POINT('',(-2.080658824537,42.152536045232));
#5802 = CARTESIAN_POINT('',(-2.095615374753,42.189704479528));
#5803 = CARTESIAN_POINT('',(-2.110531420561,42.13475862377));
#5804 = CARTESIAN_POINT('',(-2.12489428602,41.994132616317));
#5805 = CARTESIAN_POINT('',(-2.138226831913,41.780032602476));
#5806 = CARTESIAN_POINT('',(-2.162213329692,41.238825485882));
#5807 = CARTESIAN_POINT('',(-2.173151511569,40.903841117711));
#5808 = CARTESIAN_POINT('',(-2.182702415613,40.514328719556));
#5809 = CARTESIAN_POINT('',(-2.190627334552,40.080020179115));
#5810 = CARTESIAN_POINT('',(-2.196735026279,39.611072777349));
#5811 = CARTESIAN_POINT('',(-2.200883883642,39.117770479162));
#5812 = CARTESIAN_POINT('',(-2.202981575476,38.610501274273));
#5813 = CARTESIAN_POINT('',(-2.202981575476,37.923168658002));
#5814 = CARTESIAN_POINT('',(-2.202729885011,37.746367353206));
#5815 = CARTESIAN_POINT('',(-2.202226656122,37.570122654773));
#5816 = CARTESIAN_POINT('',(-2.201473346918,37.394960623096));
#5817 = CARTESIAN_POINT('',(-2.200472720993,37.22140483135));
#5818 = CARTESIAN_POINT('',(-2.199228846853,37.04997438704));
#5819 = CARTESIAN_POINT('',(-2.197747097332,36.88118195355));
#5820 = CARTESIAN_POINT('',(-2.194321939204,36.549953005476));
#5821 = CARTESIAN_POINT('',(-2.192378799749,36.387520699723));
#5822 = CARTESIAN_POINT('',(-2.190210584448,36.228654241845));
#5823 = CARTESIAN_POINT('',(-2.187823748005,36.073769047613));
#5824 = CARTESIAN_POINT('',(-2.185225359331,35.923276518149));
#5825 = CARTESIAN_POINT('',(-2.182423114836,35.777583996915));
#5826 = CARTESIAN_POINT('',(-2.179425351726,35.637094726714));
#5827 = CARTESIAN_POINT('',(-2.171405029731,35.297352937008));
#5828 = CARTESIAN_POINT('',(-2.166135410249,35.105277470077));
#5829 = CARTESIAN_POINT('',(-2.160460391008,34.927310026586));
#5830 = CARTESIAN_POINT('',(-2.154410299975,34.764780782672));
#5831 = CARTESIAN_POINT('',(-2.148017753635,34.619022722931));
#5832 = CARTESIAN_POINT('',(-2.14131780571,34.491372893424));
#5833 = CARTESIAN_POINT('',(-2.134348095877,34.383173654703));
#5834 = CARTESIAN_POINT('',(-2.123225509395,34.248141318108));
#5835 = CARTESIAN_POINT('',(-2.11923393246,34.206687173001));
#5836 = CARTESIAN_POINT('',(-2.115183546869,34.171662843619));
#5837 = CARTESIAN_POINT('',(-2.11108397599,34.143294415575));
#5838 = CARTESIAN_POINT('',(-2.106945129318,34.121782405593));
#5839 = CARTESIAN_POINT('',(-2.102777144428,34.107301451129));
#5840 = CARTESIAN_POINT('',(-2.098590328923,34.1));
#5841 = CARTESIAN_POINT('',(-2.094395102393,34.1));
#5842 = ( GEOMETRIC_REPRESENTATION_CONTEXT(2) 
PARAMETRIC_REPRESENTATION_CONTEXT() REPRESENTATION_CONTEXT('2D SPACE',''
  ) );
#5843 = PCURVE('',#5844,#5849);
#5844 = CYLINDRICAL_SURFACE('',#5845,4.);
#5845 = AXIS2_PLACEMENT_3D('',#5846,#5847,#5848);
#5846 = CARTESIAN_POINT('',(-22.,-48.,188.1));
#5847 = DIRECTION('',(0.,1.,0.));
#5848 = DIRECTION('',(0.,-0.,1.));
#5849 = DEFINITIONAL_REPRESENTATION('',(#5850),#5923);
#5850 = B_SPLINE_CURVE_WITH_KNOTS('',8,(#5851,#5852,#5853,#5854,#5855,
    #5856,#5857,#5858,#5859,#5860,#5861,#5862,#5863,#5864,#5865,#5866,
    #5867,#5868,#5869,#5870,#5871,#5872,#5873,#5874,#5875,#5876,#5877,
    #5878,#5879,#5880,#5881,#5882,#5883,#5884,#5885,#5886,#5887,#5888,
    #5889,#5890,#5891,#5892,#5893,#5894,#5895,#5896,#5897,#5898,#5899,
    #5900,#5901,#5902,#5903,#5904,#5905,#5906,#5907,#5908,#5909,#5910,
    #5911,#5912,#5913,#5914,#5915,#5916,#5917,#5918,#5919,#5920,#5921,
    #5922),.UNSPECIFIED.,.F.,.F.,(9,7,7,7,7,7,7,7,7,7,9),(0.,
    8.236733731259E-02,0.164755063481,0.245366444144,0.407617367421,
    0.575617570825,0.7450287653,0.80371071259,0.862367360729,
    0.95145012729,1.),.UNSPECIFIED.);
#5851 = CARTESIAN_POINT('',(0.,86.105117766515));
#5852 = CARTESIAN_POINT('',(6.79295358078E-02,86.261994309654));
#5853 = CARTESIAN_POINT('',(0.136429961046,86.417237294005));
#5854 = CARTESIAN_POINT('',(0.205311651609,86.569265216208));
#5855 = CARTESIAN_POINT('',(0.274409804893,86.716644515709));
#5856 = CARTESIAN_POINT('',(0.343570092668,86.858121333686));
#5857 = CARTESIAN_POINT('',(0.412635828518,86.992641487469));
#5858 = CARTESIAN_POINT('',(0.481436649836,87.119358660458));
#5859 = CARTESIAN_POINT('',(0.618137696021,87.355932231178));
#5860 = CARTESIAN_POINT('',(0.685895074339,87.465538261771));
#5861 = CARTESIAN_POINT('',(0.753072994303,87.566237255169));
#5862 = CARTESIAN_POINT('',(0.81967589529,87.657911255178));
#5863 = CARTESIAN_POINT('',(0.885694264179,87.740522337753));
#5864 = CARTESIAN_POINT('',(0.951105027734,87.81410266126));
#5865 = CARTESIAN_POINT('',(1.01586858428,87.878748222776));
#5866 = CARTESIAN_POINT('',(1.142595311772,87.989279857084));
#5867 = CARTESIAN_POINT('',(1.204702821084,88.035639931022));
#5868 = CARTESIAN_POINT('',(1.266347520109,88.073936061477));
#5869 = CARTESIAN_POINT('',(1.327623944437,88.104364181076));
#5870 = CARTESIAN_POINT('',(1.388621113582,88.127075388124));
#5871 = CARTESIAN_POINT('',(1.449424996837,88.142174698868));
#5872 = CARTESIAN_POINT('',(1.510120979114,88.149719799769));
#5873 = CARTESIAN_POINT('',(1.692920908962,88.149719799769));
#5874 = CARTESIAN_POINT('',(1.816078020031,88.11915267291));
#5875 = CARTESIAN_POINT('',(1.940430807691,88.057116440147));
#5876 = CARTESIAN_POINT('',(2.066207796771,87.962656063322));
#5877 = CARTESIAN_POINT('',(2.193727322483,87.834653383863));
#5878 = CARTESIAN_POINT('',(2.323404006589,87.67183530622));
#5879 = CARTESIAN_POINT('',(2.455803777989,87.473008739098));
#5880 = CARTESIAN_POINT('',(2.732643552313,86.993912376952));
#5881 = CARTESIAN_POINT('',(2.873776576582,86.717181760047));
#5882 = CARTESIAN_POINT('',(3.014477303664,86.412705647315));
#5883 = CARTESIAN_POINT('',(3.154266563136,86.088185618352));
#5884 = CARTESIAN_POINT('',(3.292637686385,85.75383301166));
#5885 = CARTESIAN_POINT('',(3.428993615789,85.422341607342));
#5886 = CARTESIAN_POINT('',(3.562437068787,85.107162878367));
#5887 = CARTESIAN_POINT('',(3.821388553605,84.529328284582));
#5888 = CARTESIAN_POINT('',(3.950142193044,84.259724655076));
#5889 = CARTESIAN_POINT('',(4.077881007965,84.019459321571));
#5890 = CARTESIAN_POINT('',(4.204881391279,83.816816090172));
#5891 = CARTESIAN_POINT('',(4.331453250499,83.658887617306));
#5892 = CARTESIAN_POINT('',(4.457946323364,83.55101911823));
#5893 = CARTESIAN_POINT('',(4.584763661817,83.496478698598));
#5894 = CARTESIAN_POINT('',(4.756596815884,83.496478698598));
#5895 = CARTESIAN_POINT('',(4.800797173141,83.503022482459));
#5896 = CARTESIAN_POINT('',(4.844989969467,83.51610663691));
#5897 = CARTESIAN_POINT('',(4.889175206672,83.535680236365));
#5898 = CARTESIAN_POINT('',(4.933352517422,83.561646022309));
#5899 = CARTESIAN_POINT('',(4.977520711595,83.593861582692));
#5900 = CARTESIAN_POINT('',(5.021677322636,83.632140531308));
#5901 = CARTESIAN_POINT('',(5.109939955052,83.720347824868));
#5902 = CARTESIAN_POINT('',(5.154044155866,83.770269445767));
#5903 = CARTESIAN_POINT('',(5.198148579498,83.825811372627));
#5904 = CARTESIAN_POINT('',(5.242270397612,83.886742013825));
#5905 = CARTESIAN_POINT('',(5.286426042555,83.952807035045));
#5906 = CARTESIAN_POINT('',(5.330631119518,84.023731030937));
#5907 = CARTESIAN_POINT('',(5.374900318694,84.099219196781));
#5908 = CARTESIAN_POINT('',(5.486597821435,84.30006108344));
#5909 = CARTESIAN_POINT('',(5.554174267501,84.431053629791));
#5910 = CARTESIAN_POINT('',(5.622057924151,84.570923931742));
#5911 = CARTESIAN_POINT('',(5.690329106571,84.718594237645));
#5912 = CARTESIAN_POINT('',(5.759070109131,84.872935660095));
#5913 = CARTESIAN_POINT('',(5.828368127895,85.032782084354));
#5914 = CARTESIAN_POINT('',(5.898318183131,85.196944076783));
#5915 = CARTESIAN_POINT('',(6.007561638227,85.455389252348));
#5916 = CARTESIAN_POINT('',(6.046321970537,85.54748053));
#5917 = CARTESIAN_POINT('',(6.085297568779,85.640238732868));
#5918 = CARTESIAN_POINT('',(6.124480689563,85.733405790484));
#5919 = CARTESIAN_POINT('',(6.163865161555,85.826725648243));
#5920 = CARTESIAN_POINT('',(6.203446230949,85.919946460363));
#5921 = CARTESIAN_POINT('',(6.243220406936,86.012822782861));
#5922 = CARTESIAN_POINT('',(6.28318530718,86.105117766515));
#5923 = ( GEOMETRIC_REPRESENTATION_CONTEXT(2) 
PARAMETRIC_REPRESENTATION_CONTEXT() REPRESENTATION_CONTEXT('2D SPACE',''
  ) );
#5924 = ADVANCED_FACE('',(#5925),#5844,.F.);
#5925 = FACE_BOUND('',#5926,.F.);
#5926 = EDGE_LOOP('',(#5927,#5950,#5977,#5978));
#5927 = ORIENTED_EDGE('',*,*,#5928,.T.);
#5928 = EDGE_CURVE('',#5691,#5929,#5931,.T.);
#5929 = VERTEX_POINT('',#5930);
#5930 = CARTESIAN_POINT('',(-22.,48.,192.1));
#5931 = SEAM_CURVE('',#5932,(#5936,#5943),.PCURVE_S1.);
#5932 = LINE('',#5933,#5934);
#5933 = CARTESIAN_POINT('',(-22.,-48.,192.1));
#5934 = VECTOR('',#5935,1.);
#5935 = DIRECTION('',(0.,1.,0.));
#5936 = PCURVE('',#5844,#5937);
#5937 = DEFINITIONAL_REPRESENTATION('',(#5938),#5942);
#5938 = LINE('',#5939,#5940);
#5939 = CARTESIAN_POINT('',(6.28318530718,-0.));
#5940 = VECTOR('',#5941,1.);
#5941 = DIRECTION('',(0.,1.));
#5942 = ( GEOMETRIC_REPRESENTATION_CONTEXT(2) 
PARAMETRIC_REPRESENTATION_CONTEXT() REPRESENTATION_CONTEXT('2D SPACE',''
  ) );
#5943 = PCURVE('',#5844,#5944);
#5944 = DEFINITIONAL_REPRESENTATION('',(#5945),#5949);
#5945 = LINE('',#5946,#5947);
#5946 = CARTESIAN_POINT('',(0.,-0.));
#5947 = VECTOR('',#5948,1.);
#5948 = DIRECTION('',(0.,1.));
#5949 = ( GEOMETRIC_REPRESENTATION_CONTEXT(2) 
PARAMETRIC_REPRESENTATION_CONTEXT() REPRESENTATION_CONTEXT('2D SPACE',''
  ) );
#5950 = ORIENTED_EDGE('',*,*,#5951,.F.);
#5951 = EDGE_CURVE('',#5929,#5929,#5952,.T.);
#5952 = SURFACE_CURVE('',#5953,(#5958,#5965),.PCURVE_S1.);
#5953 = CIRCLE('',#5954,4.);
#5954 = AXIS2_PLACEMENT_3D('',#5955,#5956,#5957);
#5955 = CARTESIAN_POINT('',(-22.,48.,188.1));
#5956 = DIRECTION('',(0.,1.,0.));
#5957 = DIRECTION('',(0.,-0.,1.));
#5958 = PCURVE('',#5844,#5959);
#5959 = DEFINITIONAL_REPRESENTATION('',(#5960),#5964);
#5960 = LINE('',#5961,#5962);
#5961 = CARTESIAN_POINT('',(0.,96.));
#5962 = VECTOR('',#5963,1.);
#5963 = DIRECTION('',(1.,0.));
#5964 = ( GEOMETRIC_REPRESENTATION_CONTEXT(2) 
PARAMETRIC_REPRESENTATION_CONTEXT() REPRESENTATION_CONTEXT('2D SPACE',''
  ) );
#5965 = PCURVE('',#5966,#5971);
#5966 = PLANE('',#5967);
#5967 = AXIS2_PLACEMENT_3D('',#5968,#5969,#5970);
#5968 = CARTESIAN_POINT('',(-22.,48.,188.1));
#5969 = DIRECTION('',(0.,1.,0.));
#5970 = DIRECTION('',(0.,-0.,1.));
#5971 = DEFINITIONAL_REPRESENTATION('',(#5972),#5976);
#5972 = CIRCLE('',#5973,4.);
#5973 = AXIS2_PLACEMENT_2D('',#5974,#5975);
#5974 = CARTESIAN_POINT('',(0.,0.));
#5975 = DIRECTION('',(1.,0.));
#5976 = ( GEOMETRIC_REPRESENTATION_CONTEXT(2) 
PARAMETRIC_REPRESENTATION_CONTEXT() REPRESENTATION_CONTEXT('2D SPACE',''
  ) );
#5977 = ORIENTED_EDGE('',*,*,#5928,.F.);
#5978 = ORIENTED_EDGE('',*,*,#5690,.T.);
#5979 = ADVANCED_FACE('',(#5980),#5966,.F.);
#5980 = FACE_BOUND('',#5981,.F.);
#5981 = EDGE_LOOP('',(#5982));
#5982 = ORIENTED_EDGE('',*,*,#5951,.T.);
#5983 = ADVANCED_FACE('',(#5984),#5607,.F.);
#5984 = FACE_BOUND('',#5985,.F.);
#5985 = EDGE_LOOP('',(#5986,#5987,#6010,#6037));
#5986 = ORIENTED_EDGE('',*,*,#5453,.F.);
#5987 = ORIENTED_EDGE('',*,*,#5988,.F.);
#5988 = EDGE_CURVE('',#5989,#5454,#5991,.T.);
#5989 = VERTEX_POINT('',#5990);
#5990 = CARTESIAN_POINT('',(22.,-48.,192.1));
#5991 = SEAM_CURVE('',#5992,(#5996,#6003),.PCURVE_S1.);
#5992 = LINE('',#5993,#5994);
#5993 = CARTESIAN_POINT('',(22.,-48.,192.1));
#5994 = VECTOR('',#5995,1.);
#5995 = DIRECTION('',(0.,1.,0.));
#5996 = PCURVE('',#5607,#5997);
#5997 = DEFINITIONAL_REPRESENTATION('',(#5998),#6002);
#5998 = LINE('',#5999,#6000);
#5999 = CARTESIAN_POINT('',(6.28318530718,-0.));
#6000 = VECTOR('',#6001,1.);
#6001 = DIRECTION('',(0.,1.));
#6002 = ( GEOMETRIC_REPRESENTATION_CONTEXT(2) 
PARAMETRIC_REPRESENTATION_CONTEXT() REPRESENTATION_CONTEXT('2D SPACE',''
  ) );
#6003 = PCURVE('',#5607,#6004);
#6004 = DEFINITIONAL_REPRESENTATION('',(#6005),#6009);
#6005 = LINE('',#6006,#6007);
#6006 = CARTESIAN_POINT('',(0.,-0.));
#6007 = VECTOR('',#6008,1.);
#6008 = DIRECTION('',(0.,1.));
#6009 = ( GEOMETRIC_REPRESENTATION_CONTEXT(2) 
PARAMETRIC_REPRESENTATION_CONTEXT() REPRESENTATION_CONTEXT('2D SPACE',''
  ) );
#6010 = ORIENTED_EDGE('',*,*,#6011,.T.);
#6011 = EDGE_CURVE('',#5989,#5989,#6012,.T.);
#6012 = SURFACE_CURVE('',#6013,(#6018,#6025),.PCURVE_S1.);
#6013 = CIRCLE('',#6014,4.);
#6014 = AXIS2_PLACEMENT_3D('',#6015,#6016,#6017);
#6015 = CARTESIAN_POINT('',(22.,-48.,188.1));
#6016 = DIRECTION('',(0.,1.,0.));
#6017 = DIRECTION('',(0.,-0.,1.));
#6018 = PCURVE('',#5607,#6019);
#6019 = DEFINITIONAL_REPRESENTATION('',(#6020),#6024);
#6020 = LINE('',#6021,#6022);
#6021 = CARTESIAN_POINT('',(0.,0.));
#6022 = VECTOR('',#6023,1.);
#6023 = DIRECTION('',(1.,0.));
#6024 = ( GEOMETRIC_REPRESENTATION_CONTEXT(2) 
PARAMETRIC_REPRESENTATION_CONTEXT() REPRESENTATION_CONTEXT('2D SPACE',''
  ) );
#6025 = PCURVE('',#6026,#6031);
#6026 = PLANE('',#6027);
#6027 = AXIS2_PLACEMENT_3D('',#6028,#6029,#6030);
#6028 = CARTESIAN_POINT('',(22.,-48.,188.1));
#6029 = DIRECTION('',(0.,1.,0.));
#6030 = DIRECTION('',(0.,-0.,1.));
#6031 = DEFINITIONAL_REPRESENTATION('',(#6032),#6036);
#6032 = CIRCLE('',#6033,4.);
#6033 = AXIS2_PLACEMENT_2D('',#6034,#6035);
#6034 = CARTESIAN_POINT('',(0.,0.));
#6035 = DIRECTION('',(1.,0.));
#6036 = ( GEOMETRIC_REPRESENTATION_CONTEXT(2) 
PARAMETRIC_REPRESENTATION_CONTEXT() REPRESENTATION_CONTEXT('2D SPACE',''
  ) );
#6037 = ORIENTED_EDGE('',*,*,#5988,.T.);
#6038 = ADVANCED_FACE('',(#6039),#6026,.T.);
#6039 = FACE_BOUND('',#6040,.F.);
#6040 = EDGE_LOOP('',(#6041));
#6041 = ORIENTED_EDGE('',*,*,#6011,.F.);
#6042 = ADVANCED_FACE('',(#6043),#5370,.F.);
#6043 = FACE_BOUND('',#6044,.F.);
#6044 = EDGE_LOOP('',(#6045,#6046,#6069,#6096));
#6045 = ORIENTED_EDGE('',*,*,#5216,.F.);
#6046 = ORIENTED_EDGE('',*,*,#6047,.F.);
#6047 = EDGE_CURVE('',#6048,#5217,#6050,.T.);
#6048 = VERTEX_POINT('',#6049);
#6049 = CARTESIAN_POINT('',(-22.,-48.,192.1));
#6050 = SEAM_CURVE('',#6051,(#6055,#6062),.PCURVE_S1.);
#6051 = LINE('',#6052,#6053);
#6052 = CARTESIAN_POINT('',(-22.,-48.,192.1));
#6053 = VECTOR('',#6054,1.);
#6054 = DIRECTION('',(0.,1.,0.));
#6055 = PCURVE('',#5370,#6056);
#6056 = DEFINITIONAL_REPRESENTATION('',(#6057),#6061);
#6057 = LINE('',#6058,#6059);
#6058 = CARTESIAN_POINT('',(6.28318530718,-0.));
#6059 = VECTOR('',#6060,1.);
#6060 = DIRECTION('',(0.,1.));
#6061 = ( GEOMETRIC_REPRESENTATION_CONTEXT(2) 
PARAMETRIC_REPRESENTATION_CONTEXT() REPRESENTATION_CONTEXT('2D SPACE',''
  ) );
#6062 = PCURVE('',#5370,#6063);
#6063 = DEFINITIONAL_REPRESENTATION('',(#6064),#6068);
#6064 = LINE('',#6065,#6066);
#6065 = CARTESIAN_POINT('',(0.,-0.));
#6066 = VECTOR('',#6067,1.);
#6067 = DIRECTION('',(0.,1.));
#6068 = ( GEOMETRIC_REPRESENTATION_CONTEXT(2) 
PARAMETRIC_REPRESENTATION_CONTEXT() REPRESENTATION_CONTEXT('2D SPACE',''
  ) );
#6069 = ORIENTED_EDGE('',*,*,#6070,.T.);
#6070 = EDGE_CURVE('',#6048,#6048,#6071,.T.);
#6071 = SURFACE_CURVE('',#6072,(#6077,#6084),.PCURVE_S1.);
#6072 = CIRCLE('',#6073,4.);
#6073 = AXIS2_PLACEMENT_3D('',#6074,#6075,#6076);
#6074 = CARTESIAN_POINT('',(-22.,-48.,188.1));
#6075 = DIRECTION('',(0.,1.,0.));
#6076 = DIRECTION('',(0.,-0.,1.));
#6077 = PCURVE('',#5370,#6078);
#6078 = DEFINITIONAL_REPRESENTATION('',(#6079),#6083);
#6079 = LINE('',#6080,#6081);
#6080 = CARTESIAN_POINT('',(0.,0.));
#6081 = VECTOR('',#6082,1.);
#6082 = DIRECTION('',(1.,0.));
#6083 = ( GEOMETRIC_REPRESENTATION_CONTEXT(2) 
PARAMETRIC_REPRESENTATION_CONTEXT() REPRESENTATION_CONTEXT('2D SPACE',''
  ) );
#6084 = PCURVE('',#6085,#6090);
#6085 = PLANE('',#6086);
#6086 = AXIS2_PLACEMENT_3D('',#6087,#6088,#6089);
#6087 = CARTESIAN_POINT('',(-22.,-48.,188.1));
#6088 = DIRECTION('',(0.,1.,0.));
#6089 = DIRECTION('',(0.,-0.,1.));
#6090 = DEFINITIONAL_REPRESENTATION('',(#6091),#6095);
#6091 = CIRCLE('',#6092,4.);
#6092 = AXIS2_PLACEMENT_2D('',#6093,#6094);
#6093 = CARTESIAN_POINT('',(0.,0.));
#6094 = DIRECTION('',(1.,0.));
#6095 = ( GEOMETRIC_REPRESENTATION_CONTEXT(2) 
PARAMETRIC_REPRESENTATION_CONTEXT() REPRESENTATION_CONTEXT('2D SPACE',''
  ) );
#6096 = ORIENTED_EDGE('',*,*,#6047,.T.);
#6097 = ADVANCED_FACE('',(#6098),#6085,.T.);
#6098 = FACE_BOUND('',#6099,.F.);
#6099 = EDGE_LOOP('',(#6100));
#6100 = ORIENTED_EDGE('',*,*,#6070,.F.);
#6101 = ADVANCED_FACE('',(#6102),#5133,.F.);
#6102 = FACE_BOUND('',#6103,.F.);
#6103 = EDGE_LOOP('',(#6104,#6127,#6154,#6155));
#6104 = ORIENTED_EDGE('',*,*,#6105,.T.);
#6105 = EDGE_CURVE('',#4980,#6106,#6108,.T.);
#6106 = VERTEX_POINT('',#6107);
#6107 = CARTESIAN_POINT('',(22.,48.,192.1));
#6108 = SEAM_CURVE('',#6109,(#6113,#6120),.PCURVE_S1.);
#6109 = LINE('',#6110,#6111);
#6110 = CARTESIAN_POINT('',(22.,-48.,192.1));
#6111 = VECTOR('',#6112,1.);
#6112 = DIRECTION('',(0.,1.,0.));
#6113 = PCURVE('',#5133,#6114);
#6114 = DEFINITIONAL_REPRESENTATION('',(#6115),#6119);
#6115 = LINE('',#6116,#6117);
#6116 = CARTESIAN_POINT('',(6.28318530718,-0.));
#6117 = VECTOR('',#6118,1.);
#6118 = DIRECTION('',(0.,1.));
#6119 = ( GEOMETRIC_REPRESENTATION_CONTEXT(2) 
PARAMETRIC_REPRESENTATION_CONTEXT() REPRESENTATION_CONTEXT('2D SPACE',''
  ) );
#6120 = PCURVE('',#5133,#6121);
#6121 = DEFINITIONAL_REPRESENTATION('',(#6122),#6126);
#6122 = LINE('',#6123,#6124);
#6123 = CARTESIAN_POINT('',(0.,-0.));
#6124 = VECTOR('',#6125,1.);
#6125 = DIRECTION('',(0.,1.));
#6126 = ( GEOMETRIC_REPRESENTATION_CONTEXT(2) 
PARAMETRIC_REPRESENTATION_CONTEXT() REPRESENTATION_CONTEXT('2D SPACE',''
  ) );
#6127 = ORIENTED_EDGE('',*,*,#6128,.F.);
#6128 = EDGE_CURVE('',#6106,#6106,#6129,.T.);
#6129 = SURFACE_CURVE('',#6130,(#6135,#6142),.PCURVE_S1.);
#6130 = CIRCLE('',#6131,4.);
#6131 = AXIS2_PLACEMENT_3D('',#6132,#6133,#6134);
#6132 = CARTESIAN_POINT('',(22.,48.,188.1));
#6133 = DIRECTION('',(0.,1.,0.));
#6134 = DIRECTION('',(0.,-0.,1.));
#6135 = PCURVE('',#5133,#6136);
#6136 = DEFINITIONAL_REPRESENTATION('',(#6137),#6141);
#6137 = LINE('',#6138,#6139);
#6138 = CARTESIAN_POINT('',(0.,96.));
#6139 = VECTOR('',#6140,1.);
#6140 = DIRECTION('',(1.,0.));
#6141 = ( GEOMETRIC_REPRESENTATION_CONTEXT(2) 
PARAMETRIC_REPRESENTATION_CONTEXT() REPRESENTATION_CONTEXT('2D SPACE',''
  ) );
#6142 = PCURVE('',#6143,#6148);
#6143 = PLANE('',#6144);
#6144 = AXIS2_PLACEMENT_3D('',#6145,#6146,#6147);
#6145 = CARTESIAN_POINT('',(22.,48.,188.1));
#6146 = DIRECTION('',(0.,1.,0.));
#6147 = DIRECTION('',(0.,-0.,1.));
#6148 = DEFINITIONAL_REPRESENTATION('',(#6149),#6153);
#6149 = CIRCLE('',#6150,4.);
#6150 = AXIS2_PLACEMENT_2D('',#6151,#6152);
#6151 = CARTESIAN_POINT('',(0.,0.));
#6152 = DIRECTION('',(1.,0.));
#6153 = ( GEOMETRIC_REPRESENTATION_CONTEXT(2) 
PARAMETRIC_REPRESENTATION_CONTEXT() REPRESENTATION_CONTEXT('2D SPACE',''
  ) );
#6154 = ORIENTED_EDGE('',*,*,#6105,.F.);
#6155 = ORIENTED_EDGE('',*,*,#4979,.T.);
#6156 = ADVANCED_FACE('',(#6157),#6143,.F.);
#6157 = FACE_BOUND('',#6158,.F.);
#6158 = EDGE_LOOP('',(#6159));
#6159 = ORIENTED_EDGE('',*,*,#6128,.T.);
#6160 = ( GEOMETRIC_REPRESENTATION_CONTEXT(3) 
GLOBAL_UNCERTAINTY_ASSIGNED_CONTEXT((#6164)) 
GLOBAL_UNIT_ASSIGNED_CONTEXT((#6161,#6162,#6163)) REPRESENTATION_CONTEXT
('Context #1','3D Context with UNIT and UNCERTAINTY') );
#6161 = ( LENGTH_UNIT() NAMED_UNIT(*) SI_UNIT(.MILLI.,.METRE.) );
#6162 = ( NAMED_UNIT(*) PLANE_ANGLE_UNIT() SI_UNIT($,.RADIAN.) );
#6163 = ( NAMED_UNIT(*) SI_UNIT($,.STERADIAN.) SOLID_ANGLE_UNIT() );
#6164 = UNCERTAINTY_MEASURE_WITH_UNIT(LENGTH_MEASURE(1.E-07),#6161,
  'distance_accuracy_value','confusion accuracy');
#6165 = PRODUCT_RELATED_PRODUCT_CATEGORY('part',$,(#7));
ENDSEC;
END-ISO-10303-21;
