ISO-10303-21;
HEADER;
FILE_DESCRIPTION(('Open CASCADE Model'),'2;1');
FILE_NAME('Open CASCADE Shape Model','2026-09-23T09:50:24',('Author'),(
    'Open CASCADE'),'Open CASCADE STEP processor 7.9','Open CASCADE 7.9'
  ,'Unknown');
FILE_SCHEMA(('AUTOMOTIVE_DESIGN { 1 0 10303 214 1 1 1 1 }'));
ENDSEC;
DATA;
#1 = APPLICATION_PROTOCOL_DEFINITION('international standard',
  'automotive_design',2000,#2);
#2 = APPLICATION_CONTEXT(
  'core data for automotive mechanical design processes');
#3 = SHAPE_DEFINITION_REPRESENTATION(#4,#10);
#4 = PRODUCT_DEFINITION_SHAPE('','',#5);
#5 = PRODUCT_DEFINITION('design','',#6,#9);
#6 = PRODUCT_DEFINITION_FORMATION('','',#7);
#7 = PRODUCT('Open CASCADE STEP translator 7.9 13',
  'Open CASCADE STEP translator 7.9 13','',(#8));
#8 = PRODUCT_CONTEXT('',#2,'mechanical');
#9 = PRODUCT_DEFINITION_CONTEXT('part definition',#2,'design');
#10 = ADVANCED_BREP_SHAPE_REPRESENTATION('',(#11,#15),#11998);
#11 = AXIS2_PLACEMENT_3D('',#12,#13,#14);
#12 = CARTESIAN_POINT('',(0.,0.,0.));
#13 = DIRECTION('',(0.,0.,1.));
#14 = DIRECTION('',(1.,0.,-0.));
#15 = MANIFOLD_SOLID_BREP('',#16);
#16 = CLOSED_SHELL('',(#17,#85,#140,#175,#259,#332,#593,#1727,#1917,
    #1972,#1976,#2031,#2035,#2090,#2094,#2149,#2153,#2379,#2715,#2953,
    #4460,#4615,#4641,#4744,#4970,#5277,#5300,#5328,#5513,#5568,#5572,
    #5627,#5631,#5686,#5690,#5745,#5749,#5804,#5808,#5854,#5889,#5944,
    #5979,#6034,#6069,#6516,#7180,#7561,#7641,#7781,#8321,#8592,#8627,
    #8682,#8717,#8772,#8807,#8909,#8979,#9128,#9240,#9495,#9521,#9644,
    #9699,#9703,#9758,#9762,#9817,#9821,#9851,#9883,#9890,#9919,#9978,
    #10028,#10070,#10125,#10129,#10227,#10253,#10278,#10284,#10315,
    #10370,#10374,#10445,#10501,#10557,#10613,#10669,#10725,#10781,
    #10837,#10995,#11051,#11107,#11163,#11219,#11275,#11331,#11387,
    #11443,#11491,#11883,#11916,#11964,#11971));
#17 = ADVANCED_FACE('',(#18,#54),#31,.F.);
#18 = FACE_BOUND('',#19,.T.);
#19 = EDGE_LOOP('',(#20));
#20 = ORIENTED_EDGE('',*,*,#21,.T.);
#21 = EDGE_CURVE('',#22,#22,#24,.T.);
#22 = VERTEX_POINT('',#23);
#23 = CARTESIAN_POINT('',(75.3,0.,64.));
#24 = SURFACE_CURVE('',#25,(#30,#42),.PCURVE_S1.);
#25 = CIRCLE('',#26,75.3);
#26 = AXIS2_PLACEMENT_3D('',#27,#28,#29);
#27 = CARTESIAN_POINT('',(0.,0.,64.));
#28 = DIRECTION('',(0.,0.,1.));
#29 = DIRECTION('',(1.,0.,-0.));
#30 = PCURVE('',#31,#36);
#31 = PLANE('',#32);
#32 = AXIS2_PLACEMENT_3D('',#33,#34,#35);
#33 = CARTESIAN_POINT('',(0.,0.,64.));
#34 = DIRECTION('',(0.,0.,1.));
#35 = DIRECTION('',(1.,0.,-0.));
#36 = DEFINITIONAL_REPRESENTATION('',(#37),#41);
#37 = CIRCLE('',#38,75.3);
#38 = AXIS2_PLACEMENT_2D('',#39,#40);
#39 = CARTESIAN_POINT('',(0.,0.));
#40 = DIRECTION('',(1.,-0.));
#41 = ( GEOMETRIC_REPRESENTATION_CONTEXT(2) 
PARAMETRIC_REPRESENTATION_CONTEXT() REPRESENTATION_CONTEXT('2D SPACE',''
  ) );
#42 = PCURVE('',#43,#48);
#43 = CYLINDRICAL_SURFACE('',#44,75.3);
#44 = AXIS2_PLACEMENT_3D('',#45,#46,#47);
#45 = CARTESIAN_POINT('',(0.,0.,76.75));
#46 = DIRECTION('',(-0.,-0.,-1.));
#47 = DIRECTION('',(1.,0.,0.));
#48 = DEFINITIONAL_REPRESENTATION('',(#49),#53);
#49 = LINE('',#50,#51);
#50 = CARTESIAN_POINT('',(-0.,12.75));
#51 = VECTOR('',#52,1.);
#52 = DIRECTION('',(-1.,0.));
#53 = ( GEOMETRIC_REPRESENTATION_CONTEXT(2) 
PARAMETRIC_REPRESENTATION_CONTEXT() REPRESENTATION_CONTEXT('2D SPACE',''
  ) );
#54 = FACE_BOUND('',#55,.T.);
#55 = EDGE_LOOP('',(#56));
#56 = ORIENTED_EDGE('',*,*,#57,.F.);
#57 = EDGE_CURVE('',#58,#58,#60,.T.);
#58 = VERTEX_POINT('',#59);
#59 = CARTESIAN_POINT('',(89.,0.,64.));
#60 = SURFACE_CURVE('',#61,(#66,#73),.PCURVE_S1.);
#61 = CIRCLE('',#62,89.);
#62 = AXIS2_PLACEMENT_3D('',#63,#64,#65);
#63 = CARTESIAN_POINT('',(0.,0.,64.));
#64 = DIRECTION('',(0.,0.,1.));
#65 = DIRECTION('',(1.,0.,-0.));
#66 = PCURVE('',#31,#67);
#67 = DEFINITIONAL_REPRESENTATION('',(#68),#72);
#68 = CIRCLE('',#69,89.);
#69 = AXIS2_PLACEMENT_2D('',#70,#71);
#70 = CARTESIAN_POINT('',(0.,0.));
#71 = DIRECTION('',(1.,-0.));
#72 = ( GEOMETRIC_REPRESENTATION_CONTEXT(2) 
PARAMETRIC_REPRESENTATION_CONTEXT() REPRESENTATION_CONTEXT('2D SPACE',''
  ) );
#73 = PCURVE('',#74,#79);
#74 = CYLINDRICAL_SURFACE('',#75,89.);
#75 = AXIS2_PLACEMENT_3D('',#76,#77,#78);
#76 = CARTESIAN_POINT('',(0.,0.,64.));
#77 = DIRECTION('',(0.,0.,1.));
#78 = DIRECTION('',(1.,0.,-0.));
#79 = DEFINITIONAL_REPRESENTATION('',(#80),#84);
#80 = LINE('',#81,#82);
#81 = CARTESIAN_POINT('',(0.,0.));
#82 = VECTOR('',#83,1.);
#83 = DIRECTION('',(1.,0.));
#84 = ( GEOMETRIC_REPRESENTATION_CONTEXT(2) 
PARAMETRIC_REPRESENTATION_CONTEXT() REPRESENTATION_CONTEXT('2D SPACE',''
  ) );
#85 = ADVANCED_FACE('',(#86),#74,.T.);
#86 = FACE_BOUND('',#87,.T.);
#87 = EDGE_LOOP('',(#88,#89,#112,#139));
#88 = ORIENTED_EDGE('',*,*,#57,.T.);
#89 = ORIENTED_EDGE('',*,*,#90,.T.);
#90 = EDGE_CURVE('',#58,#91,#93,.T.);
#91 = VERTEX_POINT('',#92);
#92 = CARTESIAN_POINT('',(89.,0.,72.));
#93 = SEAM_CURVE('',#94,(#98,#105),.PCURVE_S1.);
#94 = LINE('',#95,#96);
#95 = CARTESIAN_POINT('',(89.,0.,64.));
#96 = VECTOR('',#97,1.);
#97 = DIRECTION('',(0.,0.,1.));
#98 = PCURVE('',#74,#99);
#99 = DEFINITIONAL_REPRESENTATION('',(#100),#104);
#100 = LINE('',#101,#102);
#101 = CARTESIAN_POINT('',(0.,0.));
#102 = VECTOR('',#103,1.);
#103 = DIRECTION('',(0.,1.));
#104 = ( GEOMETRIC_REPRESENTATION_CONTEXT(2) 
PARAMETRIC_REPRESENTATION_CONTEXT() REPRESENTATION_CONTEXT('2D SPACE',''
  ) );
#105 = PCURVE('',#74,#106);
#106 = DEFINITIONAL_REPRESENTATION('',(#107),#111);
#107 = LINE('',#108,#109);
#108 = CARTESIAN_POINT('',(6.28318530718,0.));
#109 = VECTOR('',#110,1.);
#110 = DIRECTION('',(0.,1.));
#111 = ( GEOMETRIC_REPRESENTATION_CONTEXT(2) 
PARAMETRIC_REPRESENTATION_CONTEXT() REPRESENTATION_CONTEXT('2D SPACE',''
  ) );
#112 = ORIENTED_EDGE('',*,*,#113,.F.);
#113 = EDGE_CURVE('',#91,#91,#114,.T.);
#114 = SURFACE_CURVE('',#115,(#120,#127),.PCURVE_S1.);
#115 = CIRCLE('',#116,89.);
#116 = AXIS2_PLACEMENT_3D('',#117,#118,#119);
#117 = CARTESIAN_POINT('',(0.,0.,72.));
#118 = DIRECTION('',(0.,0.,1.));
#119 = DIRECTION('',(1.,0.,-0.));
#120 = PCURVE('',#74,#121);
#121 = DEFINITIONAL_REPRESENTATION('',(#122),#126);
#122 = LINE('',#123,#124);
#123 = CARTESIAN_POINT('',(0.,8.));
#124 = VECTOR('',#125,1.);
#125 = DIRECTION('',(1.,0.));
#126 = ( GEOMETRIC_REPRESENTATION_CONTEXT(2) 
PARAMETRIC_REPRESENTATION_CONTEXT() REPRESENTATION_CONTEXT('2D SPACE',''
  ) );
#127 = PCURVE('',#128,#133);
#128 = PLANE('',#129);
#129 = AXIS2_PLACEMENT_3D('',#130,#131,#132);
#130 = CARTESIAN_POINT('',(0.,0.,72.));
#131 = DIRECTION('',(0.,0.,1.));
#132 = DIRECTION('',(1.,0.,-0.));
#133 = DEFINITIONAL_REPRESENTATION('',(#134),#138);
#134 = CIRCLE('',#135,89.);
#135 = AXIS2_PLACEMENT_2D('',#136,#137);
#136 = CARTESIAN_POINT('',(0.,0.));
#137 = DIRECTION('',(1.,0.));
#138 = ( GEOMETRIC_REPRESENTATION_CONTEXT(2) 
PARAMETRIC_REPRESENTATION_CONTEXT() REPRESENTATION_CONTEXT('2D SPACE',''
  ) );
#139 = ORIENTED_EDGE('',*,*,#90,.F.);
#140 = ADVANCED_FACE('',(#141,#144),#128,.T.);
#141 = FACE_BOUND('',#142,.T.);
#142 = EDGE_LOOP('',(#143));
#143 = ORIENTED_EDGE('',*,*,#113,.T.);
#144 = FACE_BOUND('',#145,.T.);
#145 = EDGE_LOOP('',(#146));
#146 = ORIENTED_EDGE('',*,*,#147,.F.);
#147 = EDGE_CURVE('',#148,#148,#150,.T.);
#148 = VERTEX_POINT('',#149);
#149 = CARTESIAN_POINT('',(84.,0.,72.));
#150 = SURFACE_CURVE('',#151,(#156,#163),.PCURVE_S1.);
#151 = CIRCLE('',#152,84.);
#152 = AXIS2_PLACEMENT_3D('',#153,#154,#155);
#153 = CARTESIAN_POINT('',(0.,0.,72.));
#154 = DIRECTION('',(0.,0.,1.));
#155 = DIRECTION('',(1.,0.,-0.));
#156 = PCURVE('',#128,#157);
#157 = DEFINITIONAL_REPRESENTATION('',(#158),#162);
#158 = CIRCLE('',#159,84.);
#159 = AXIS2_PLACEMENT_2D('',#160,#161);
#160 = CARTESIAN_POINT('',(0.,0.));
#161 = DIRECTION('',(1.,0.));
#162 = ( GEOMETRIC_REPRESENTATION_CONTEXT(2) 
PARAMETRIC_REPRESENTATION_CONTEXT() REPRESENTATION_CONTEXT('2D SPACE',''
  ) );
#163 = PCURVE('',#164,#169);
#164 = CYLINDRICAL_SURFACE('',#165,84.);
#165 = AXIS2_PLACEMENT_3D('',#166,#167,#168);
#166 = CARTESIAN_POINT('',(0.,0.,72.));
#167 = DIRECTION('',(0.,0.,1.));
#168 = DIRECTION('',(1.,0.,-0.));
#169 = DEFINITIONAL_REPRESENTATION('',(#170),#174);
#170 = LINE('',#171,#172);
#171 = CARTESIAN_POINT('',(0.,0.));
#172 = VECTOR('',#173,1.);
#173 = DIRECTION('',(1.,0.));
#174 = ( GEOMETRIC_REPRESENTATION_CONTEXT(2) 
PARAMETRIC_REPRESENTATION_CONTEXT() REPRESENTATION_CONTEXT('2D SPACE',''
  ) );
#175 = ADVANCED_FACE('',(#176),#164,.T.);
#176 = FACE_BOUND('',#177,.T.);
#177 = EDGE_LOOP('',(#178,#201,#202,#203,#232));
#178 = ORIENTED_EDGE('',*,*,#179,.F.);
#179 = EDGE_CURVE('',#148,#180,#182,.T.);
#180 = VERTEX_POINT('',#181);
#181 = CARTESIAN_POINT('',(84.,0.,83.));
#182 = SEAM_CURVE('',#183,(#187,#194),.PCURVE_S1.);
#183 = LINE('',#184,#185);
#184 = CARTESIAN_POINT('',(84.,0.,72.));
#185 = VECTOR('',#186,1.);
#186 = DIRECTION('',(0.,0.,1.));
#187 = PCURVE('',#164,#188);
#188 = DEFINITIONAL_REPRESENTATION('',(#189),#193);
#189 = LINE('',#190,#191);
#190 = CARTESIAN_POINT('',(0.,0.));
#191 = VECTOR('',#192,1.);
#192 = DIRECTION('',(0.,1.));
#193 = ( GEOMETRIC_REPRESENTATION_CONTEXT(2) 
PARAMETRIC_REPRESENTATION_CONTEXT() REPRESENTATION_CONTEXT('2D SPACE',''
  ) );
#194 = PCURVE('',#164,#195);
#195 = DEFINITIONAL_REPRESENTATION('',(#196),#200);
#196 = LINE('',#197,#198);
#197 = CARTESIAN_POINT('',(6.28318530718,0.));
#198 = VECTOR('',#199,1.);
#199 = DIRECTION('',(0.,1.));
#200 = ( GEOMETRIC_REPRESENTATION_CONTEXT(2) 
PARAMETRIC_REPRESENTATION_CONTEXT() REPRESENTATION_CONTEXT('2D SPACE',''
  ) );
#201 = ORIENTED_EDGE('',*,*,#147,.T.);
#202 = ORIENTED_EDGE('',*,*,#179,.T.);
#203 = ORIENTED_EDGE('',*,*,#204,.F.);
#204 = EDGE_CURVE('',#205,#180,#207,.T.);
#205 = VERTEX_POINT('',#206);
#206 = CARTESIAN_POINT('',(-84.,1.028703311284E-14,83.));
#207 = SURFACE_CURVE('',#208,(#213,#220),.PCURVE_S1.);
#208 = CIRCLE('',#209,84.);
#209 = AXIS2_PLACEMENT_3D('',#210,#211,#212);
#210 = CARTESIAN_POINT('',(0.,0.,83.));
#211 = DIRECTION('',(0.,0.,1.));
#212 = DIRECTION('',(1.,0.,-0.));
#213 = PCURVE('',#164,#214);
#214 = DEFINITIONAL_REPRESENTATION('',(#215),#219);
#215 = LINE('',#216,#217);
#216 = CARTESIAN_POINT('',(0.,11.));
#217 = VECTOR('',#218,1.);
#218 = DIRECTION('',(1.,0.));
#219 = ( GEOMETRIC_REPRESENTATION_CONTEXT(2) 
PARAMETRIC_REPRESENTATION_CONTEXT() REPRESENTATION_CONTEXT('2D SPACE',''
  ) );
#220 = PCURVE('',#221,#226);
#221 = PLANE('',#222);
#222 = AXIS2_PLACEMENT_3D('',#223,#224,#225);
#223 = CARTESIAN_POINT('',(0.,0.,83.));
#224 = DIRECTION('',(0.,0.,1.));
#225 = DIRECTION('',(1.,0.,-0.));
#226 = DEFINITIONAL_REPRESENTATION('',(#227),#231);
#227 = CIRCLE('',#228,84.);
#228 = AXIS2_PLACEMENT_2D('',#229,#230);
#229 = CARTESIAN_POINT('',(0.,0.));
#230 = DIRECTION('',(1.,-0.));
#231 = ( GEOMETRIC_REPRESENTATION_CONTEXT(2) 
PARAMETRIC_REPRESENTATION_CONTEXT() REPRESENTATION_CONTEXT('2D SPACE',''
  ) );
#232 = ORIENTED_EDGE('',*,*,#233,.F.);
#233 = EDGE_CURVE('',#180,#205,#234,.T.);
#234 = SURFACE_CURVE('',#235,(#240,#247),.PCURVE_S1.);
#235 = CIRCLE('',#236,84.);
#236 = AXIS2_PLACEMENT_3D('',#237,#238,#239);
#237 = CARTESIAN_POINT('',(0.,0.,83.));
#238 = DIRECTION('',(0.,0.,1.));
#239 = DIRECTION('',(1.,0.,-0.));
#240 = PCURVE('',#164,#241);
#241 = DEFINITIONAL_REPRESENTATION('',(#242),#246);
#242 = LINE('',#243,#244);
#243 = CARTESIAN_POINT('',(0.,11.));
#244 = VECTOR('',#245,1.);
#245 = DIRECTION('',(1.,0.));
#246 = ( GEOMETRIC_REPRESENTATION_CONTEXT(2) 
PARAMETRIC_REPRESENTATION_CONTEXT() REPRESENTATION_CONTEXT('2D SPACE',''
  ) );
#247 = PCURVE('',#248,#253);
#248 = PLANE('',#249);
#249 = AXIS2_PLACEMENT_3D('',#250,#251,#252);
#250 = CARTESIAN_POINT('',(0.,0.,83.));
#251 = DIRECTION('',(0.,0.,1.));
#252 = DIRECTION('',(1.,0.,-0.));
#253 = DEFINITIONAL_REPRESENTATION('',(#254),#258);
#254 = CIRCLE('',#255,84.);
#255 = AXIS2_PLACEMENT_2D('',#256,#257);
#256 = CARTESIAN_POINT('',(0.,0.));
#257 = DIRECTION('',(1.,-0.));
#258 = ( GEOMETRIC_REPRESENTATION_CONTEXT(2) 
PARAMETRIC_REPRESENTATION_CONTEXT() REPRESENTATION_CONTEXT('2D SPACE',''
  ) );
#259 = ADVANCED_FACE('',(#260),#221,.F.);
#260 = FACE_BOUND('',#261,.T.);
#261 = EDGE_LOOP('',(#262,#263,#284,#313));
#262 = ORIENTED_EDGE('',*,*,#204,.T.);
#263 = ORIENTED_EDGE('',*,*,#264,.T.);
#264 = EDGE_CURVE('',#180,#265,#267,.T.);
#265 = VERTEX_POINT('',#266);
#266 = CARTESIAN_POINT('',(85.,0.,83.));
#267 = SURFACE_CURVE('',#268,(#272,#278),.PCURVE_S1.);
#268 = LINE('',#269,#270);
#269 = CARTESIAN_POINT('',(-154.1,0.,83.));
#270 = VECTOR('',#271,1.);
#271 = DIRECTION('',(1.,0.,0.));
#272 = PCURVE('',#221,#273);
#273 = DEFINITIONAL_REPRESENTATION('',(#274),#277);
#274 = B_SPLINE_CURVE_WITH_KNOTS('',1,(#275,#276),.UNSPECIFIED.,.F.,.F.,
  (2,2),(52.1,256.1),.PIECEWISE_BEZIER_KNOTS.);
#275 = CARTESIAN_POINT('',(-102.,0.));
#276 = CARTESIAN_POINT('',(102.,0.));
#277 = ( GEOMETRIC_REPRESENTATION_CONTEXT(2) 
PARAMETRIC_REPRESENTATION_CONTEXT() REPRESENTATION_CONTEXT('2D SPACE',''
  ) );
#278 = PCURVE('',#248,#279);
#279 = DEFINITIONAL_REPRESENTATION('',(#280),#283);
#280 = B_SPLINE_CURVE_WITH_KNOTS('',1,(#281,#282),.UNSPECIFIED.,.F.,.F.,
  (2,2),(52.1,256.1),.PIECEWISE_BEZIER_KNOTS.);
#281 = CARTESIAN_POINT('',(-102.,0.));
#282 = CARTESIAN_POINT('',(102.,0.));
#283 = ( GEOMETRIC_REPRESENTATION_CONTEXT(2) 
PARAMETRIC_REPRESENTATION_CONTEXT() REPRESENTATION_CONTEXT('2D SPACE',''
  ) );
#284 = ORIENTED_EDGE('',*,*,#285,.F.);
#285 = EDGE_CURVE('',#286,#265,#288,.T.);
#286 = VERTEX_POINT('',#287);
#287 = CARTESIAN_POINT('',(-85.,1.040949779275E-14,83.));
#288 = SURFACE_CURVE('',#289,(#294,#301),.PCURVE_S1.);
#289 = CIRCLE('',#290,85.);
#290 = AXIS2_PLACEMENT_3D('',#291,#292,#293);
#291 = CARTESIAN_POINT('',(0.,0.,83.));
#292 = DIRECTION('',(0.,0.,1.));
#293 = DIRECTION('',(1.,0.,-0.));
#294 = PCURVE('',#221,#295);
#295 = DEFINITIONAL_REPRESENTATION('',(#296),#300);
#296 = CIRCLE('',#297,85.);
#297 = AXIS2_PLACEMENT_2D('',#298,#299);
#298 = CARTESIAN_POINT('',(0.,0.));
#299 = DIRECTION('',(1.,-0.));
#300 = ( GEOMETRIC_REPRESENTATION_CONTEXT(2) 
PARAMETRIC_REPRESENTATION_CONTEXT() REPRESENTATION_CONTEXT('2D SPACE',''
  ) );
#301 = PCURVE('',#302,#307);
#302 = CYLINDRICAL_SURFACE('',#303,85.);
#303 = AXIS2_PLACEMENT_3D('',#304,#305,#306);
#304 = CARTESIAN_POINT('',(0.,0.,83.));
#305 = DIRECTION('',(0.,0.,1.));
#306 = DIRECTION('',(1.,0.,-0.));
#307 = DEFINITIONAL_REPRESENTATION('',(#308),#312);
#308 = LINE('',#309,#310);
#309 = CARTESIAN_POINT('',(0.,0.));
#310 = VECTOR('',#311,1.);
#311 = DIRECTION('',(1.,0.));
#312 = ( GEOMETRIC_REPRESENTATION_CONTEXT(2) 
PARAMETRIC_REPRESENTATION_CONTEXT() REPRESENTATION_CONTEXT('2D SPACE',''
  ) );
#313 = ORIENTED_EDGE('',*,*,#314,.T.);
#314 = EDGE_CURVE('',#286,#205,#315,.T.);
#315 = SURFACE_CURVE('',#316,(#320,#326),.PCURVE_S1.);
#316 = LINE('',#317,#318);
#317 = CARTESIAN_POINT('',(-154.1,0.,83.));
#318 = VECTOR('',#319,1.);
#319 = DIRECTION('',(1.,0.,0.));
#320 = PCURVE('',#221,#321);
#321 = DEFINITIONAL_REPRESENTATION('',(#322),#325);
#322 = B_SPLINE_CURVE_WITH_KNOTS('',1,(#323,#324),.UNSPECIFIED.,.F.,.F.,
  (2,2),(52.1,256.1),.PIECEWISE_BEZIER_KNOTS.);
#323 = CARTESIAN_POINT('',(-102.,0.));
#324 = CARTESIAN_POINT('',(102.,0.));
#325 = ( GEOMETRIC_REPRESENTATION_CONTEXT(2) 
PARAMETRIC_REPRESENTATION_CONTEXT() REPRESENTATION_CONTEXT('2D SPACE',''
  ) );
#326 = PCURVE('',#248,#327);
#327 = DEFINITIONAL_REPRESENTATION('',(#328),#331);
#328 = B_SPLINE_CURVE_WITH_KNOTS('',1,(#329,#330),.UNSPECIFIED.,.F.,.F.,
  (2,2),(52.1,256.1),.PIECEWISE_BEZIER_KNOTS.);
#329 = CARTESIAN_POINT('',(-102.,0.));
#330 = CARTESIAN_POINT('',(102.,0.));
#331 = ( GEOMETRIC_REPRESENTATION_CONTEXT(2) 
PARAMETRIC_REPRESENTATION_CONTEXT() REPRESENTATION_CONTEXT('2D SPACE',''
  ) );
#332 = ADVANCED_FACE('',(#333),#302,.T.);
#333 = FACE_BOUND('',#334,.T.);
#334 = EDGE_LOOP('',(#335,#336,#451,#480));
#335 = ORIENTED_EDGE('',*,*,#285,.T.);
#336 = ORIENTED_EDGE('',*,*,#337,.F.);
#337 = EDGE_CURVE('',#338,#265,#340,.T.);
#338 = VERTEX_POINT('',#339);
#339 = CARTESIAN_POINT('',(72.801098892805,-43.87482193696,118.));
#340 = SURFACE_CURVE('',#341,(#374,#410),.PCURVE_S1.);
#341 = B_SPLINE_CURVE_WITH_KNOTS('',6,(#342,#343,#344,#345,#346,#347,
    #348,#349,#350,#351,#352,#353,#354,#355,#356,#357,#358,#359,#360,
    #361,#362,#363,#364,#365,#366,#367,#368,#369,#370,#371,#372,#373),
  .UNSPECIFIED.,.F.,.F.,(7,5,5,5,5,5,7),(0.,0.227913248902,0.51219121743
    ,0.608204397946,0.734559709198,0.835904854472,1.),.UNSPECIFIED.);
#342 = CARTESIAN_POINT('',(72.801098810389,-43.87482207371,118.0000006)
  );
#343 = CARTESIAN_POINT('',(73.068510669636,-43.43110797373,
    116.05321276438));
#344 = CARTESIAN_POINT('',(73.394313286656,-42.88316538583,
    114.12754851353));
#345 = CARTESIAN_POINT('',(73.774469448014,-42.23135126867,
    112.2268789479));
#346 = CARTESIAN_POINT('',(74.203864882089,-41.47558653476,
    110.35548716456));
#347 = CARTESIAN_POINT('',(74.676418421054,-40.61553991751,
    108.51821236784));
#348 = CARTESIAN_POINT('',(75.81978960929,-38.44749899941,104.4784105792
    ));
#349 = CARTESIAN_POINT('',(76.510613718925,-37.08156294218,
    102.29836504931));
#350 = CARTESIAN_POINT('',(77.245666621637,-35.54948152275,
    100.18582008726));
#351 = CARTESIAN_POINT('',(78.01172639869,-33.84519878138,
    98.149137035278));
#352 = CARTESIAN_POINT('',(78.793416239362,-31.96090154553,
    96.200830392419));
#353 = CARTESIAN_POINT('',(79.83484016694,-29.18830988636,
    93.737493331972));
#354 = CARTESIAN_POINT('',(80.097465910017,-28.46667011942,
    93.127621389606));
#355 = CARTESIAN_POINT('',(80.359082483448,-27.72299955232,
    92.530476302574));
#356 = CARTESIAN_POINT('',(80.618930539202,-26.95691023317,
    91.946837539053));
#357 = CARTESIAN_POINT('',(80.876192706669,-26.16802086146,
    91.377590186915));
#358 = CARTESIAN_POINT('',(81.463995319497,-24.2872627371,
    90.094825309177));
#359 = CARTESIAN_POINT('',(81.792078952814,-23.178180546,89.392394482992
    ));
#360 = CARTESIAN_POINT('',(82.112116507178,-22.02820541096,
    88.718977399249));
#361 = CARTESIAN_POINT('',(82.421810675281,-20.83693240988,
    88.077374234882));
#362 = CARTESIAN_POINT('',(82.718697886585,-19.60409545982,
    87.470666592302));
#363 = CARTESIAN_POINT('',(83.225899518839,-17.3073842422,
    86.446332956229));
#364 = CARTESIAN_POINT('',(83.441753696393,-16.25820687435,
    86.014979606718));
#365 = CARTESIAN_POINT('',(83.646159194412,-15.18290852692,
    85.610347184366));
#366 = CARTESIAN_POINT('',(83.837578261078,-14.08242497223,
    85.234529184724));
#367 = CARTESIAN_POINT('',(84.014514006499,-12.95779431343,
    84.88955966153));
#368 = CARTESIAN_POINT('',(84.43624761525,-9.951936762553,
    84.072020643197));
#369 = CARTESIAN_POINT('',(84.655674061846,-8.030245568644,
    83.651838532689));
#370 = CARTESIAN_POINT('',(84.826106189047,-6.05915718135,
    83.328465917648));
#371 = CARTESIAN_POINT('',(84.94189916718,-4.053524819989,
    83.109746067391));
#372 = CARTESIAN_POINT('',(85.,-2.028661431693,83.));
#373 = CARTESIAN_POINT('',(85.,-1.42108547152E-14,83.));
#374 = PCURVE('',#302,#375);
#375 = DEFINITIONAL_REPRESENTATION('',(#376),#409);
#376 = B_SPLINE_CURVE_WITH_KNOTS('',6,(#377,#378,#379,#380,#381,#382,
    #383,#384,#385,#386,#387,#388,#389,#390,#391,#392,#393,#394,#395,
    #396,#397,#398,#399,#400,#401,#402,#403,#404,#405,#406,#407,#408),
  .UNSPECIFIED.,.F.,.F.,(7,5,5,5,5,5,7),(0.,0.227913248902,0.51219121743
    ,0.608204397946,0.734559709198,0.835904854472,1.),.UNSPECIFIED.);
#377 = CARTESIAN_POINT('',(5.740807061931,35.0000006));
#378 = CARTESIAN_POINT('',(5.746901943838,33.053212764383));
#379 = CARTESIAN_POINT('',(5.754401636021,31.127548513533));
#380 = CARTESIAN_POINT('',(5.763278486504,29.226878947902));
#381 = CARTESIAN_POINT('',(5.773503467598,27.355487164563));
#382 = CARTESIAN_POINT('',(5.785046716123,25.518212367842));
#383 = CARTESIAN_POINT('',(5.813882725658,21.478410579201));
#384 = CARTESIAN_POINT('',(5.831888253707,19.298365049318));
#385 = CARTESIAN_POINT('',(5.851872808029,17.185820087268));
#386 = CARTESIAN_POINT('',(5.873843581389,15.149137035278));
#387 = CARTESIAN_POINT('',(5.8978298193,13.200830392419));
#388 = CARTESIAN_POINT('',(5.932673669304,10.737493331972));
#389 = CARTESIAN_POINT('',(5.941707813565,10.127621389606));
#390 = CARTESIAN_POINT('',(5.950981643984,9.530476302574));
#391 = CARTESIAN_POINT('',(5.960497844855,8.946837539053));
#392 = CARTESIAN_POINT('',(5.970259189945,8.377590186915));
#393 = CARTESIAN_POINT('',(5.993441222822,7.094825309177));
#394 = CARTESIAN_POINT('',(6.007046579306,6.392394482992));
#395 = CARTESIAN_POINT('',(6.021087003241,5.718977399249));
#396 = CARTESIAN_POINT('',(6.035564441486,5.077374234882));
#397 = CARTESIAN_POINT('',(6.050480356423,4.470666592302));
#398 = CARTESIAN_POINT('',(6.078151524666,3.446332956229));
#399 = CARTESIAN_POINT('',(6.090751997036,3.014979606718));
#400 = CARTESIAN_POINT('',(6.103626858319,2.610347184366));
#401 = CARTESIAN_POINT('',(6.1167656071,2.234529184724));
#402 = CARTESIAN_POINT('',(6.130157443007,1.88955966153));
#403 = CARTESIAN_POINT('',(6.165866840747,1.072020643197));
#404 = CARTESIAN_POINT('',(6.188614365418,0.651838532689));
#405 = CARTESIAN_POINT('',(6.211876651647,0.328465917648));
#406 = CARTESIAN_POINT('',(6.235496775329,0.109746067391));
#407 = CARTESIAN_POINT('',(6.259318702101,3.083709558939E-16));
#408 = CARTESIAN_POINT('',(6.28318530718,0.));
#409 = ( GEOMETRIC_REPRESENTATION_CONTEXT(2) 
PARAMETRIC_REPRESENTATION_CONTEXT() REPRESENTATION_CONTEXT('2D SPACE',''
  ) );
#410 = PCURVE('',#411,#416);
#411 = CYLINDRICAL_SURFACE('',#412,45.);
#412 = AXIS2_PLACEMENT_3D('',#413,#414,#415);
#413 = CARTESIAN_POINT('',(-154.1,0.,128.));
#414 = DIRECTION('',(1.,0.,0.));
#415 = DIRECTION('',(-0.,0.,1.));
#416 = DEFINITIONAL_REPRESENTATION('',(#417),#450);
#417 = B_SPLINE_CURVE_WITH_KNOTS('',6,(#418,#419,#420,#421,#422,#423,
    #424,#425,#426,#427,#428,#429,#430,#431,#432,#433,#434,#435,#436,
    #437,#438,#439,#440,#441,#442,#443,#444,#445,#446,#447,#448,#449),
  .UNSPECIFIED.,.F.,.F.,(7,5,5,5,5,5,7),(0.,0.227913248902,0.51219121743
    ,0.608204397946,0.734559709198,0.835904854472,1.),.UNSPECIFIED.);
#418 = CARTESIAN_POINT('',(1.794889405421,226.90109881038));
#419 = CARTESIAN_POINT('',(1.839260818081,227.16851066963));
#420 = CARTESIAN_POINT('',(1.883689281475,227.49431328665));
#421 = CARTESIAN_POINT('',(1.928246315478,227.87446944801));
#422 = CARTESIAN_POINT('',(1.97299897959,228.30386488208));
#423 = CARTESIAN_POINT('',(2.018011666984,228.77641842105));
#424 = CARTESIAN_POINT('',(2.119896132935,229.91978960929));
#425 = CARTESIAN_POINT('',(2.176936609738,230.61061371892));
#426 = CARTESIAN_POINT('',(2.234726540729,231.34566662163));
#427 = CARTESIAN_POINT('',(2.293520618397,232.11172639869));
#428 = CARTESIAN_POINT('',(2.353580149885,232.89341623936));
#429 = CARTESIAN_POINT('',(2.43599821689,233.93484016693));
#430 = CARTESIAN_POINT('',(2.456988055029,234.19746591001));
#431 = CARTESIAN_POINT('',(2.478172261279,234.45908248344));
#432 = CARTESIAN_POINT('',(2.499563396736,234.7189305392));
#433 = CARTESIAN_POINT('',(2.521174153443,234.97619270667));
#434 = CARTESIAN_POINT('',(2.571764431404,235.56399531949));
#435 = CARTESIAN_POINT('',(2.600921138269,235.89207895281));
#436 = CARTESIAN_POINT('',(2.630508085549,236.21211650717));
#437 = CARTESIAN_POINT('',(2.660546418797,236.52181067528));
#438 = CARTESIAN_POINT('',(2.691058796816,236.81869788658));
#439 = CARTESIAN_POINT('',(2.746942900058,237.32589951883));
#440 = CARTESIAN_POINT('',(2.772140612228,237.54175369639));
#441 = CARTESIAN_POINT('',(2.79765429405,237.74615919441));
#442 = CARTESIAN_POINT('',(2.823477295226,237.93757826107));
#443 = CARTESIAN_POINT('',(2.849604955194,238.11451400649));
#444 = CARTESIAN_POINT('',(2.918828335469,238.53624761525));
#445 = CARTESIAN_POINT('',(2.962486209772,238.75567406184));
#446 = CARTESIAN_POINT('',(3.006779788014,238.92610618904));
#447 = CARTESIAN_POINT('',(3.051514326939,239.04189916718));
#448 = CARTESIAN_POINT('',(3.096511288441,239.1));
#449 = CARTESIAN_POINT('',(3.14159265359,239.1));
#450 = ( GEOMETRIC_REPRESENTATION_CONTEXT(2) 
PARAMETRIC_REPRESENTATION_CONTEXT() REPRESENTATION_CONTEXT('2D SPACE',''
  ) );
#451 = ORIENTED_EDGE('',*,*,#452,.F.);
#452 = EDGE_CURVE('',#453,#338,#455,.T.);
#453 = VERTEX_POINT('',#454);
#454 = CARTESIAN_POINT('',(-72.8010988928,-43.87482193696,118.));
#455 = SURFACE_CURVE('',#456,(#461,#468),.PCURVE_S1.);
#456 = CIRCLE('',#457,85.);
#457 = AXIS2_PLACEMENT_3D('',#458,#459,#460);
#458 = CARTESIAN_POINT('',(0.,0.,118.));
#459 = DIRECTION('',(0.,0.,1.));
#460 = DIRECTION('',(1.,0.,-0.));
#461 = PCURVE('',#302,#462);
#462 = DEFINITIONAL_REPRESENTATION('',(#463),#467);
#463 = LINE('',#464,#465);
#464 = CARTESIAN_POINT('',(0.,35.));
#465 = VECTOR('',#466,1.);
#466 = DIRECTION('',(1.,0.));
#467 = ( GEOMETRIC_REPRESENTATION_CONTEXT(2) 
PARAMETRIC_REPRESENTATION_CONTEXT() REPRESENTATION_CONTEXT('2D SPACE',''
  ) );
#468 = PCURVE('',#469,#474);
#469 = CONICAL_SURFACE('',#470,85.,9.817477042468E-02);
#470 = AXIS2_PLACEMENT_3D('',#471,#472,#473);
#471 = CARTESIAN_POINT('',(0.,0.,118.));
#472 = DIRECTION('',(-0.,-0.,-1.));
#473 = DIRECTION('',(1.,0.,-0.));
#474 = DEFINITIONAL_REPRESENTATION('',(#475),#479);
#475 = LINE('',#476,#477);
#476 = CARTESIAN_POINT('',(-0.,-0.));
#477 = VECTOR('',#478,1.);
#478 = DIRECTION('',(-1.,-0.));
#479 = ( GEOMETRIC_REPRESENTATION_CONTEXT(2) 
PARAMETRIC_REPRESENTATION_CONTEXT() REPRESENTATION_CONTEXT('2D SPACE',''
  ) );
#480 = ORIENTED_EDGE('',*,*,#481,.T.);
#481 = EDGE_CURVE('',#453,#286,#482,.T.);
#482 = SURFACE_CURVE('',#483,(#516,#552),.PCURVE_S1.);
#483 = B_SPLINE_CURVE_WITH_KNOTS('',6,(#484,#485,#486,#487,#488,#489,
    #490,#491,#492,#493,#494,#495,#496,#497,#498,#499,#500,#501,#502,
    #503,#504,#505,#506,#507,#508,#509,#510,#511,#512,#513,#514,#515),
  .UNSPECIFIED.,.F.,.F.,(7,5,5,5,5,5,7),(0.,0.227913246803,
    0.512191216105,0.608204396883,0.734559708478,0.835904854026,1.),
  .UNSPECIFIED.);
#484 = CARTESIAN_POINT('',(-72.80109881038,-43.87482207371,118.0000006)
  );
#485 = CARTESIAN_POINT('',(-73.06851066648,-43.43110797896,
    116.0532127873));
#486 = CARTESIAN_POINT('',(-73.39431329374,-42.88316537315,
    114.12754847774));
#487 = CARTESIAN_POINT('',(-73.77446944666,-42.23135127159,
    112.22687894721));
#488 = CARTESIAN_POINT('',(-74.20386487436,-41.47558654882,
    110.35548720003));
#489 = CARTESIAN_POINT('',(-74.67641842711,-40.61553990601,
    108.51821234641));
#490 = CARTESIAN_POINT('',(-75.81978960929,-38.4474989994,
    104.47841057918));
#491 = CARTESIAN_POINT('',(-76.51061371891,-37.08156294219,
    102.29836504934));
#492 = CARTESIAN_POINT('',(-77.24566662163,-35.54948152276,
    100.18582008726));
#493 = CARTESIAN_POINT('',(-78.01172639869,-33.84519878136,
    98.149137035263));
#494 = CARTESIAN_POINT('',(-78.79341623935,-31.96090154555,
    96.200830392428));
#495 = CARTESIAN_POINT('',(-79.83484016693,-29.18830988636,
    93.737493331972));
#496 = CARTESIAN_POINT('',(-80.09746591001,-28.46667011942,
    93.127621389606));
#497 = CARTESIAN_POINT('',(-80.35908248344,-27.72299955232,
    92.530476302574));
#498 = CARTESIAN_POINT('',(-80.6189305392,-26.95691023317,
    91.946837539053));
#499 = CARTESIAN_POINT('',(-80.87619270667,-26.16802086146,
    91.377590186915));
#500 = CARTESIAN_POINT('',(-81.46399531949,-24.2872627371,
    90.094825309178));
#501 = CARTESIAN_POINT('',(-81.79207895281,-23.178180546,89.392394482991
    ));
#502 = CARTESIAN_POINT('',(-82.11211650717,-22.02820541095,
    88.718977399248));
#503 = CARTESIAN_POINT('',(-82.42181067528,-20.83693240988,
    88.077374234882));
#504 = CARTESIAN_POINT('',(-82.71869788658,-19.60409545983,
    87.470666592304));
#505 = CARTESIAN_POINT('',(-83.22589951883,-17.3073842422,
    86.446332956229));
#506 = CARTESIAN_POINT('',(-83.44175369639,-16.25820687435,
    86.014979606717));
#507 = CARTESIAN_POINT('',(-83.64615919441,-15.18290852692,
    85.610347184366));
#508 = CARTESIAN_POINT('',(-83.83757826107,-14.08242497223,
    85.234529184725));
#509 = CARTESIAN_POINT('',(-84.01451400649,-12.95779431343,
    84.88955966153));
#510 = CARTESIAN_POINT('',(-84.43624761525,-9.951936762549,
    84.072020643196));
#511 = CARTESIAN_POINT('',(-84.65567406184,-8.030245568642,
    83.651838532689));
#512 = CARTESIAN_POINT('',(-84.82610618904,-6.05915718136,
    83.328465917649));
#513 = CARTESIAN_POINT('',(-84.94189916718,-4.053524819984,
    83.109746067391));
#514 = CARTESIAN_POINT('',(-85.,-2.028661431691,83.));
#515 = CARTESIAN_POINT('',(-85.,0.,83.));
#516 = PCURVE('',#302,#517);
#517 = DEFINITIONAL_REPRESENTATION('',(#518),#551);
#518 = B_SPLINE_CURVE_WITH_KNOTS('',6,(#519,#520,#521,#522,#523,#524,
    #525,#526,#527,#528,#529,#530,#531,#532,#533,#534,#535,#536,#537,
    #538,#539,#540,#541,#542,#543,#544,#545,#546,#547,#548,#549,#550),
  .UNSPECIFIED.,.F.,.F.,(7,5,5,5,5,5,7),(0.,0.227913246803,
    0.512191216105,0.608204396883,0.734559708478,0.835904854026,1.),
  .UNSPECIFIED.);
#519 = CARTESIAN_POINT('',(3.683970898839,35.0000006));
#520 = CARTESIAN_POINT('',(3.677876017003,33.053212787302));
#521 = CARTESIAN_POINT('',(3.670376324577,31.127548477746));
#522 = CARTESIAN_POINT('',(3.661499474303,29.226878947219));
#523 = CARTESIAN_POINT('',(3.65127449336,27.355487200036));
#524 = CARTESIAN_POINT('',(3.639731244494,25.518212346414));
#525 = CARTESIAN_POINT('',(3.610895235112,21.478410579182));
#526 = CARTESIAN_POINT('',(3.592889707063,19.298365049345));
#527 = CARTESIAN_POINT('',(3.57290515274,17.185820087266));
#528 = CARTESIAN_POINT('',(3.55093437938,15.149137035263));
#529 = CARTESIAN_POINT('',(3.526948141469,13.200830392428));
#530 = CARTESIAN_POINT('',(3.492104291465,10.737493331972));
#531 = CARTESIAN_POINT('',(3.483070147204,10.127621389606));
#532 = CARTESIAN_POINT('',(3.473796316785,9.530476302574));
#533 = CARTESIAN_POINT('',(3.464280115914,8.946837539053));
#534 = CARTESIAN_POINT('',(3.454518770824,8.377590186915));
#535 = CARTESIAN_POINT('',(3.431336737947,7.094825309178));
#536 = CARTESIAN_POINT('',(3.417731381464,6.392394482991));
#537 = CARTESIAN_POINT('',(3.403690957528,5.718977399248));
#538 = CARTESIAN_POINT('',(3.389213519284,5.077374234882));
#539 = CARTESIAN_POINT('',(3.374297604347,4.470666592304));
#540 = CARTESIAN_POINT('',(3.346626436103,3.446332956229));
#541 = CARTESIAN_POINT('',(3.334025963733,3.014979606717));
#542 = CARTESIAN_POINT('',(3.32115110245,2.610347184366));
#543 = CARTESIAN_POINT('',(3.308012353669,2.234529184725));
#544 = CARTESIAN_POINT('',(3.294620517762,1.88955966153));
#545 = CARTESIAN_POINT('',(3.258911120023,1.072020643196));
#546 = CARTESIAN_POINT('',(3.236163595352,0.651838532689));
#547 = CARTESIAN_POINT('',(3.212901309123,0.328465917649));
#548 = CARTESIAN_POINT('',(3.18928118544,0.109746067391));
#549 = CARTESIAN_POINT('',(3.165459258669,3.127549859442E-16));
#550 = CARTESIAN_POINT('',(3.14159265359,0.));
#551 = ( GEOMETRIC_REPRESENTATION_CONTEXT(2) 
PARAMETRIC_REPRESENTATION_CONTEXT() REPRESENTATION_CONTEXT('2D SPACE',''
  ) );
#552 = PCURVE('',#553,#558);
#553 = CYLINDRICAL_SURFACE('',#554,45.);
#554 = AXIS2_PLACEMENT_3D('',#555,#556,#557);
#555 = CARTESIAN_POINT('',(-154.1,0.,128.));
#556 = DIRECTION('',(1.,0.,0.));
#557 = DIRECTION('',(-0.,0.,1.));
#558 = DEFINITIONAL_REPRESENTATION('',(#559),#592);
#559 = B_SPLINE_CURVE_WITH_KNOTS('',6,(#560,#561,#562,#563,#564,#565,
    #566,#567,#568,#569,#570,#571,#572,#573,#574,#575,#576,#577,#578,
    #579,#580,#581,#582,#583,#584,#585,#586,#587,#588,#589,#590,#591),
  .UNSPECIFIED.,.F.,.F.,(7,5,5,5,5,5,7),(0.,0.227913246803,
    0.512191216105,0.608204396883,0.734559708478,0.835904854026,1.),
  .UNSPECIFIED.);
#560 = CARTESIAN_POINT('',(1.794889405421,81.298901189611));
#561 = CARTESIAN_POINT('',(1.839260817559,81.031489333512));
#562 = CARTESIAN_POINT('',(1.883689282325,80.705686706254));
#563 = CARTESIAN_POINT('',(1.92824631547,80.32553055334));
#564 = CARTESIAN_POINT('',(1.972998978736,79.89613512564));
#565 = CARTESIAN_POINT('',(2.018011667525,79.423581572881));
#566 = CARTESIAN_POINT('',(2.119896132935,78.280210390704));
#567 = CARTESIAN_POINT('',(2.176936609738,77.589386281081));
#568 = CARTESIAN_POINT('',(2.234726540729,76.854333378366));
#569 = CARTESIAN_POINT('',(2.293520618397,76.088273601303));
#570 = CARTESIAN_POINT('',(2.353580149885,75.306583760642));
#571 = CARTESIAN_POINT('',(2.43599821689,74.265159833061));
#572 = CARTESIAN_POINT('',(2.456988055029,74.002534089983));
#573 = CARTESIAN_POINT('',(2.478172261279,73.740917516552));
#574 = CARTESIAN_POINT('',(2.499563396736,73.481069460798));
#575 = CARTESIAN_POINT('',(2.521174153443,73.22380729333));
#576 = CARTESIAN_POINT('',(2.571764431404,72.636004680503));
#577 = CARTESIAN_POINT('',(2.600921138269,72.307921047185));
#578 = CARTESIAN_POINT('',(2.630508085549,71.987883492821));
#579 = CARTESIAN_POINT('',(2.660546418797,71.678189324719));
#580 = CARTESIAN_POINT('',(2.691058796816,71.381302113416));
#581 = CARTESIAN_POINT('',(2.746942900058,70.874100481161));
#582 = CARTESIAN_POINT('',(2.772140612229,70.658246303607));
#583 = CARTESIAN_POINT('',(2.79765429405,70.453840805588));
#584 = CARTESIAN_POINT('',(2.823477295226,70.262421738922));
#585 = CARTESIAN_POINT('',(2.849604955194,70.085485993501));
#586 = CARTESIAN_POINT('',(2.918828335469,69.663752384749));
#587 = CARTESIAN_POINT('',(2.962486209772,69.444325938155));
#588 = CARTESIAN_POINT('',(3.006779788014,69.273893810954));
#589 = CARTESIAN_POINT('',(3.051514326939,69.158100832819));
#590 = CARTESIAN_POINT('',(3.096511288441,69.1));
#591 = CARTESIAN_POINT('',(3.14159265359,69.1));
#592 = ( GEOMETRIC_REPRESENTATION_CONTEXT(2) 
PARAMETRIC_REPRESENTATION_CONTEXT() REPRESENTATION_CONTEXT('2D SPACE',''
  ) );
#593 = ADVANCED_FACE('',(#594),#411,.T.);
#594 = FACE_BOUND('',#595,.T.);
#595 = EDGE_LOOP('',(#596,#788,#811,#838,#839,#1024,#1050,#1084,#1118,
    #1152,#1186,#1220,#1254,#1288,#1315,#1316,#1431,#1465,#1499,#1533,
    #1567,#1601,#1635,#1669,#1703));
#596 = ORIENTED_EDGE('',*,*,#597,.T.);
#597 = EDGE_CURVE('',#598,#600,#602,.T.);
#598 = VERTEX_POINT('',#599);
#599 = CARTESIAN_POINT('',(58.957611891935,44.721359549996,123.));
#600 = VERTEX_POINT('',#601);
#601 = CARTESIAN_POINT('',(74.,5.510910596163E-15,173.));
#602 = SURFACE_CURVE('',#603,(#661,#722),.PCURVE_S1.);
#603 = B_SPLINE_CURVE_WITH_KNOTS('',6,(#604,#605,#606,#607,#608,#609,
    #610,#611,#612,#613,#614,#615,#616,#617,#618,#619,#620,#621,#622,
    #623,#624,#625,#626,#627,#628,#629,#630,#631,#632,#633,#634,#635,
    #636,#637,#638,#639,#640,#641,#642,#643,#644,#645,#646,#647,#648,
    #649,#650,#651,#652,#653,#654,#655,#656,#657,#658,#659,#660),
  .UNSPECIFIED.,.F.,.F.,(7,5,5,5,5,5,5,5,5,5,5,7),(0.,1.901139007389E-02
    ,3.688690756767E-02,5.473313089008E-02,7.251323778299E-02,
    0.260349872361,0.44404894725,0.638434113176,0.709065998008,
    0.802653592918,0.877555063165,1.),.UNSPECIFIED.);
#604 = CARTESIAN_POINT('',(58.957611942819,44.721359482914,122.9999994)
  );
#605 = CARTESIAN_POINT('',(58.93941648796,44.745347138456,
    123.21455148758));
#606 = CARTESIAN_POINT('',(58.922138768093,44.768100589207,
    123.42925042144));
#607 = CARTESIAN_POINT('',(58.90578323559,44.78961862975,123.64408716597
    ));
#608 = CARTESIAN_POINT('',(58.890353983612,44.809900142646,
    123.85905258278));
#609 = CARTESIAN_POINT('',(58.875854746116,44.828944098437,
    124.07413743063));
#610 = CARTESIAN_POINT('',(58.849533567644,44.863491191074,
    124.49167005926));
#611 = CARTESIAN_POINT('',(58.83760342067,44.879137902305,
    124.69410508485));
#612 = CARTESIAN_POINT('',(58.826501260599,44.893688907724,
    124.89662967466));
#613 = CARTESIAN_POINT('',(58.816229594225,44.907143504941,
    125.09923600135));
#614 = CARTESIAN_POINT('',(58.806790631472,44.919501070787,
    125.30191617779));
#615 = CARTESIAN_POINT('',(58.789596039995,44.942002599113,
    125.70707607874));
#616 = CARTESIAN_POINT('',(58.781837675735,44.952150157556,
    125.90955559413));
#617 = CARTESIAN_POINT('',(58.774913095187,44.961203196031,
    126.11209289476));
#618 = CARTESIAN_POINT('',(58.768823895168,44.969161259641,
    126.31468003502));
#619 = CARTESIAN_POINT('',(58.763571366729,44.976023979202,
    126.51730903219));
#620 = CARTESIAN_POINT('',(58.754757979742,44.987536797453,
    126.92188387837));
#621 = CARTESIAN_POINT('',(58.751190924838,44.992195000028,
    127.12382948412));
#622 = CARTESIAN_POINT('',(58.748456303669,44.995765399359,
    127.32580075238));
#623 = CARTESIAN_POINT('',(58.746554782598,44.998247803908,
    127.5277897386));
#624 = CARTESIAN_POINT('',(58.745486721122,44.999642110213,127.729788485
    ));
#625 = CARTESIAN_POINT('',(58.742774293622,45.003183052892,
    130.06580885584));
#626 = CARTESIAN_POINT('',(58.833323786308,44.88497455599,
    132.19823567389));
#627 = CARTESIAN_POINT('',(59.016670563088,44.645686023358,
    134.32144789234));
#628 = CARTESIAN_POINT('',(59.289249090905,44.286132182568,
    136.42764450678));
#629 = CARTESIAN_POINT('',(59.644143598073,43.807673920415,
    138.50843205669));
#630 = CARTESIAN_POINT('',(60.489914560188,42.631948536979,
    142.5553639845));
#631 = CARTESIAN_POINT('',(60.977711591414,41.939610708019,
    144.52344917714));
#632 = CARTESIAN_POINT('',(61.527395611953,41.137250183422,
    146.45567207159));
#633 = CARTESIAN_POINT('',(62.130237370011,40.224973573545,
    148.34830438337));
#634 = CARTESIAN_POINT('',(62.77677059933,39.202358536598,150.1967425634
    ));
#635 = CARTESIAN_POINT('',(64.176578725656,36.869009334468,
    153.89860322673));
#636 = CARTESIAN_POINT('',(64.933996946318,35.544772813832,
    155.74638042805));
#637 = CARTESIAN_POINT('',(65.718708099091,34.092467975298,
    157.53599042181));
#638 = CARTESIAN_POINT('',(66.519910367841,32.506604564083,
    159.26239112756));
#639 = CARTESIAN_POINT('',(67.325390757596,30.780429311721,
    160.91720745284));
#640 = CARTESIAN_POINT('',(68.409413931224,28.225858684196,
    163.05838129939));
#641 = CARTESIAN_POINT('',(68.697005955935,27.525421500643,
    163.61800935608));
#642 = CARTESIAN_POINT('',(68.982597030947,26.804973602324,
    164.16602966258));
#643 = CARTESIAN_POINT('',(69.265451404927,26.064108213039,
    164.70176615246));
#644 = CARTESIAN_POINT('',(69.544775745032,25.30242453012,
    165.22444162997));
#645 = CARTESIAN_POINT('',(70.184013908684,23.482184406411,
    166.40725814877));
#646 = CARTESIAN_POINT('',(70.540699835458,22.407356345524,
    167.05702377763));
#647 = CARTESIAN_POINT('',(70.88765675371,21.294447410364,
    167.68017969972));
#648 = CARTESIAN_POINT('',(71.222594301241,20.142948965767,
    168.27417427772));
#649 = CARTESIAN_POINT('',(71.543048015999,18.952476738779,
    168.83617646153));
#650 = CARTESIAN_POINT('',(72.089144213773,16.738660872236,
    169.78472914589));
#651 = CARTESIAN_POINT('',(72.320981815803,15.729245927978,
    170.18397527296));
#652 = CARTESIAN_POINT('',(72.540319852965,14.695291952661,
    170.55880187536));
#653 = CARTESIAN_POINT('',(72.745609155108,13.637615100081,
    170.90727675504));
#654 = CARTESIAN_POINT('',(72.935339155264,12.557119393961,
    171.22751504736));
#655 = CARTESIAN_POINT('',(73.390400212782,9.652779100148,
    171.99200056254));
#656 = CARTESIAN_POINT('',(73.627815669136,7.788987790322,
    172.38684378593));
#657 = CARTESIAN_POINT('',(73.812068266474,5.877208646336,
    172.69095658854));
#658 = CARTESIAN_POINT('',(73.937204816506,3.931879698714,
    172.89673683935));
#659 = CARTESIAN_POINT('',(74.,1.967830750878,173.));
#660 = CARTESIAN_POINT('',(74.,5.510910596163E-15,173.));
#661 = PCURVE('',#411,#662);
#662 = DEFINITIONAL_REPRESENTATION('',(#663),#721);
#663 = B_SPLINE_CURVE_WITH_KNOTS('',6,(#664,#665,#666,#667,#668,#669,
    #670,#671,#672,#673,#674,#675,#676,#677,#678,#679,#680,#681,#682,
    #683,#684,#685,#686,#687,#688,#689,#690,#691,#692,#693,#694,#695,
    #696,#697,#698,#699,#700,#701,#702,#703,#704,#705,#706,#707,#708,
    #709,#710,#711,#712,#713,#714,#715,#716,#717,#718,#719,#720),
  .UNSPECIFIED.,.F.,.F.,(7,5,5,5,5,5,5,5,5,5,5,7),(0.,1.901139007389E-02
    ,3.688690756767E-02,5.473313089008E-02,7.251323778299E-02,
    0.260349872361,0.44404894725,0.638434113176,0.709065998008,
    0.802653592918,0.877555063165,1.),.UNSPECIFIED.);
#664 = CARTESIAN_POINT('',(4.601047952627,213.05761194281));
#665 = CARTESIAN_POINT('',(4.60584548316,213.03941648796));
#666 = CARTESIAN_POINT('',(4.61064320931,213.02213876809));
#667 = CARTESIAN_POINT('',(4.615441127334,213.00578323559));
#668 = CARTESIAN_POINT('',(4.620239231481,212.99035398361));
#669 = CARTESIAN_POINT('',(4.62503751399,212.97585474611));
#670 = CARTESIAN_POINT('',(4.634347723375,212.94953356764));
#671 = CARTESIAN_POINT('',(4.638859630845,212.93760342067));
#672 = CARTESIAN_POINT('',(4.643371679377,212.92650126059));
#673 = CARTESIAN_POINT('',(4.647883859692,212.91622959422));
#674 = CARTESIAN_POINT('',(4.652396161355,212.90679063147));
#675 = CARTESIAN_POINT('',(4.661413589312,212.88959603999));
#676 = CARTESIAN_POINT('',(4.665918715385,212.88183767573));
#677 = CARTESIAN_POINT('',(4.670423939447,212.87491309518));
#678 = CARTESIAN_POINT('',(4.674929249241,212.86882389516));
#679 = CARTESIAN_POINT('',(4.679434631797,212.86357136672));
#680 = CARTESIAN_POINT('',(4.68842882337,212.85475797974));
#681 = CARTESIAN_POINT('',(4.692917632091,212.85119092483));
#682 = CARTESIAN_POINT('',(4.697406486058,212.84845630366));
#683 = CARTESIAN_POINT('',(4.701895371481,212.84655478259));
#684 = CARTESIAN_POINT('',(4.706384274314,212.84548672112));
#685 = CARTESIAN_POINT('',(4.758295897748,212.84277429362));
#686 = CARTESIAN_POINT('',(4.805679103683,212.9333237863));
#687 = CARTESIAN_POINT('',(4.85304555002,213.11667056308));
#688 = CARTESIAN_POINT('',(4.900411811501,213.3892490909));
#689 = CARTESIAN_POINT('',(4.947781864771,213.74414359807));
#690 = CARTESIAN_POINT('',(5.041432089255,214.58991456018));
#691 = CARTESIAN_POINT('',(5.087723105878,215.07771159141));
#692 = CARTESIAN_POINT('',(5.134109590496,215.62739561195));
#693 = CARTESIAN_POINT('',(5.180689704341,216.23023737001));
#694 = CARTESIAN_POINT('',(5.227556662901,216.87677059933));
#695 = CARTESIAN_POINT('',(5.32479835205,218.27657872565));
#696 = CARTESIAN_POINT('',(5.375226985001,219.03399694631));
#697 = CARTESIAN_POINT('',(5.42630445427,219.81870809909));
#698 = CARTESIAN_POINT('',(5.478246025789,220.61991036784));
#699 = CARTESIAN_POINT('',(5.531266848716,221.42539075759));
#700 = CARTESIAN_POINT('',(5.605338740829,222.50941393122));
#701 = CARTESIAN_POINT('',(5.625256507792,222.79700595593));
#702 = CARTESIAN_POINT('',(5.645363230148,223.08259703094));
#703 = CARTESIAN_POINT('',(5.665671260798,223.36545140492));
#704 = CARTESIAN_POINT('',(5.686192991334,223.64477574503));
#705 = CARTESIAN_POINT('',(5.734432768093,224.28401390868));
#706 = CARTESIAN_POINT('',(5.762328377151,224.64069983545));
#707 = CARTESIAN_POINT('',(5.790648802826,224.98765675371));
#708 = CARTESIAN_POINT('',(5.819415448245,225.32259430124));
#709 = CARTESIAN_POINT('',(5.848650924949,225.64304801599));
#710 = CARTESIAN_POINT('',(5.90217250424,226.18914421377));
#711 = CARTESIAN_POINT('',(5.92628521578,226.4209818158));
#712 = CARTESIAN_POINT('',(5.950709699669,226.64031985296));
#713 = CARTESIAN_POINT('',(5.975439857296,226.8456091551));
#714 = CARTESIAN_POINT('',(6.000471425425,227.03533915526));
#715 = CARTESIAN_POINT('',(6.067210758582,227.49040021278));
#716 = CARTESIAN_POINT('',(6.109497524403,227.72781566913));
#717 = CARTESIAN_POINT('',(6.152430140887,227.91206826647));
#718 = CARTESIAN_POINT('',(6.195810204473,228.0372048165));
#719 = CARTESIAN_POINT('',(6.239455734938,228.1));
#720 = CARTESIAN_POINT('',(6.28318530718,228.1));
#721 = ( GEOMETRIC_REPRESENTATION_CONTEXT(2) 
PARAMETRIC_REPRESENTATION_CONTEXT() REPRESENTATION_CONTEXT('2D SPACE',''
  ) );
#722 = PCURVE('',#723,#728);
#723 = CYLINDRICAL_SURFACE('',#724,74.);
#724 = AXIS2_PLACEMENT_3D('',#725,#726,#727);
#725 = CARTESIAN_POINT('',(0.,0.,123.));
#726 = DIRECTION('',(0.,0.,1.));
#727 = DIRECTION('',(1.,0.,-0.));
#728 = DEFINITIONAL_REPRESENTATION('',(#729),#787);
#729 = B_SPLINE_CURVE_WITH_KNOTS('',6,(#730,#731,#732,#733,#734,#735,
    #736,#737,#738,#739,#740,#741,#742,#743,#744,#745,#746,#747,#748,
    #749,#750,#751,#752,#753,#754,#755,#756,#757,#758,#759,#760,#761,
    #762,#763,#764,#765,#766,#767,#768,#769,#770,#771,#772,#773,#774,
    #775,#776,#777,#778,#779,#780,#781,#782,#783,#784,#785,#786),
  .UNSPECIFIED.,.F.,.F.,(7,5,5,5,5,5,5,5,5,5,5,7),(0.,1.901139007389E-02
    ,3.688690756767E-02,5.473313089008E-02,7.251323778299E-02,
    0.260349872361,0.44404894725,0.638434113176,0.709065998008,
    0.802653592918,0.877555063165,1.),.UNSPECIFIED.);
#730 = CARTESIAN_POINT('',(0.648940600761,-6.E-07));
#731 = CARTESIAN_POINT('',(0.649347463501,0.214551487589));
#732 = CARTESIAN_POINT('',(0.649733543169,0.429250421444));
#733 = CARTESIAN_POINT('',(0.650098790535,0.644087165976));
#734 = CARTESIAN_POINT('',(0.650443160207,0.859052582782));
#735 = CARTESIAN_POINT('',(0.650766610631,1.074137430637));
#736 = CARTESIAN_POINT('',(0.651353524481,1.491670059262));
#737 = CARTESIAN_POINT('',(0.651619417389,1.694105084852));
#738 = CARTESIAN_POINT('',(0.651866751482,1.896629674669));
#739 = CARTESIAN_POINT('',(0.652095498699,2.099236001355));
#740 = CARTESIAN_POINT('',(0.652305634244,2.301916177796));
#741 = CARTESIAN_POINT('',(0.652688325102,2.707076078742));
#742 = CARTESIAN_POINT('',(0.652860941473,2.90955559413));
#743 = CARTESIAN_POINT('',(0.653014964296,3.112092894765));
#744 = CARTESIAN_POINT('',(0.653150375588,3.314680035027));
#745 = CARTESIAN_POINT('',(0.653267160788,3.517309032197));
#746 = CARTESIAN_POINT('',(0.653463093114,3.921883878375));
#747 = CARTESIAN_POINT('',(0.653542378099,4.123829484122));
#748 = CARTESIAN_POINT('',(0.653603152719,4.32580075238));
#749 = CARTESIAN_POINT('',(0.653645409444,4.527789738601));
#750 = CARTESIAN_POINT('',(0.653669144212,4.729788485002));
#751 = CARTESIAN_POINT('',(0.653729420448,7.065808855841));
#752 = CARTESIAN_POINT('',(0.651717207033,9.198235673898));
#753 = CARTESIAN_POINT('',(0.647643467115,11.321447892348));
#754 = CARTESIAN_POINT('',(0.641546359097,13.427644506782));
#755 = CARTESIAN_POINT('',(0.633497065087,15.508432056699));
#756 = CARTESIAN_POINT('',(0.613925043151,19.555363984506));
#757 = CARTESIAN_POINT('',(0.602480697875,21.523449177143));
#758 = CARTESIAN_POINT('',(0.589339392438,23.45567207159));
#759 = CARTESIAN_POINT('',(0.574566595247,25.348304383374));
#760 = CARTESIAN_POINT('',(0.558221704409,27.196742563404));
#761 = CARTESIAN_POINT('',(0.521451085775,30.898603226736));
#762 = CARTESIAN_POINT('',(0.500840081686,32.746380428056));
#763 = CARTESIAN_POINT('',(0.478543128216,34.535990421814));
#764 = CARTESIAN_POINT('',(0.454548440244,36.262391127566));
#765 = CARTESIAN_POINT('',(0.428823142528,37.91720745284));
#766 = CARTESIAN_POINT('',(0.391322382048,40.058381299398));
#767 = CARTESIAN_POINT('',(0.381090923628,40.618009356084));
#768 = CARTESIAN_POINT('',(0.370619299375,41.166029662587));
#769 = CARTESIAN_POINT('',(0.359904113568,41.701766152469));
#770 = CARTESIAN_POINT('',(0.348941834242,42.224441629972));
#771 = CARTESIAN_POINT('',(0.322871259626,43.40725814877));
#772 = CARTESIAN_POINT('',(0.307569952837,44.057023777633));
#773 = CARTESIAN_POINT('',(0.291820766131,44.680179699721));
#774 = CARTESIAN_POINT('',(0.275619811206,45.274174277724));
#775 = CARTESIAN_POINT('',(0.258963408091,45.836176461539));
#776 = CARTESIAN_POINT('',(0.2281502214,46.784729145891));
#777 = CARTESIAN_POINT('',(0.214156133203,47.183975272966));
#778 = CARTESIAN_POINT('',(0.199875919177,47.558801875363));
#779 = CARTESIAN_POINT('',(0.185319664695,47.907276755043));
#780 = CARTESIAN_POINT('',(0.170497485851,48.227515047361));
#781 = CARTESIAN_POINT('',(0.130770805723,48.992000562546));
#782 = CARTESIAN_POINT('',(0.105391381504,49.386843785933));
#783 = CARTESIAN_POINT('',(7.945556757503E-02,49.690956588544));
#784 = CARTESIAN_POINT('',(5.313351451303E-02,49.89673683935));
#785 = CARTESIAN_POINT('',(2.659230744429E-02,50.));
#786 = CARTESIAN_POINT('',(0.,50.));
#787 = ( GEOMETRIC_REPRESENTATION_CONTEXT(2) 
PARAMETRIC_REPRESENTATION_CONTEXT() REPRESENTATION_CONTEXT('2D SPACE',''
  ) );
#788 = ORIENTED_EDGE('',*,*,#789,.T.);
#789 = EDGE_CURVE('',#600,#790,#792,.T.);
#790 = VERTEX_POINT('',#791);
#791 = CARTESIAN_POINT('',(154.1,1.102182119233E-14,173.));
#792 = SEAM_CURVE('',#793,(#797,#804),.PCURVE_S1.);
#793 = LINE('',#794,#795);
#794 = CARTESIAN_POINT('',(-154.1,1.102182119233E-14,173.));
#795 = VECTOR('',#796,1.);
#796 = DIRECTION('',(1.,0.,0.));
#797 = PCURVE('',#411,#798);
#798 = DEFINITIONAL_REPRESENTATION('',(#799),#803);
#799 = LINE('',#800,#801);
#800 = CARTESIAN_POINT('',(0.,-0.));
#801 = VECTOR('',#802,1.);
#802 = DIRECTION('',(0.,1.));
#803 = ( GEOMETRIC_REPRESENTATION_CONTEXT(2) 
PARAMETRIC_REPRESENTATION_CONTEXT() REPRESENTATION_CONTEXT('2D SPACE',''
  ) );
#804 = PCURVE('',#411,#805);
#805 = DEFINITIONAL_REPRESENTATION('',(#806),#810);
#806 = LINE('',#807,#808);
#807 = CARTESIAN_POINT('',(6.28318530718,-0.));
#808 = VECTOR('',#809,1.);
#809 = DIRECTION('',(0.,1.));
#810 = ( GEOMETRIC_REPRESENTATION_CONTEXT(2) 
PARAMETRIC_REPRESENTATION_CONTEXT() REPRESENTATION_CONTEXT('2D SPACE',''
  ) );
#811 = ORIENTED_EDGE('',*,*,#812,.F.);
#812 = EDGE_CURVE('',#790,#790,#813,.T.);
#813 = SURFACE_CURVE('',#814,(#819,#826),.PCURVE_S1.);
#814 = CIRCLE('',#815,45.);
#815 = AXIS2_PLACEMENT_3D('',#816,#817,#818);
#816 = CARTESIAN_POINT('',(154.1,0.,128.));
#817 = DIRECTION('',(1.,0.,0.));
#818 = DIRECTION('',(-0.,0.,1.));
#819 = PCURVE('',#411,#820);
#820 = DEFINITIONAL_REPRESENTATION('',(#821),#825);
#821 = LINE('',#822,#823);
#822 = CARTESIAN_POINT('',(0.,308.2));
#823 = VECTOR('',#824,1.);
#824 = DIRECTION('',(1.,0.));
#825 = ( GEOMETRIC_REPRESENTATION_CONTEXT(2) 
PARAMETRIC_REPRESENTATION_CONTEXT() REPRESENTATION_CONTEXT('2D SPACE',''
  ) );
#826 = PCURVE('',#827,#832);
#827 = PLANE('',#828);
#828 = AXIS2_PLACEMENT_3D('',#829,#830,#831);
#829 = CARTESIAN_POINT('',(154.1,0.,128.));
#830 = DIRECTION('',(1.,0.,0.));
#831 = DIRECTION('',(-0.,0.,1.));
#832 = DEFINITIONAL_REPRESENTATION('',(#833),#837);
#833 = CIRCLE('',#834,45.);
#834 = AXIS2_PLACEMENT_2D('',#835,#836);
#835 = CARTESIAN_POINT('',(0.,0.));
#836 = DIRECTION('',(1.,0.));
#837 = ( GEOMETRIC_REPRESENTATION_CONTEXT(2) 
PARAMETRIC_REPRESENTATION_CONTEXT() REPRESENTATION_CONTEXT('2D SPACE',''
  ) );
#838 = ORIENTED_EDGE('',*,*,#789,.F.);
#839 = ORIENTED_EDGE('',*,*,#840,.T.);
#840 = EDGE_CURVE('',#600,#841,#843,.T.);
#841 = VERTEX_POINT('',#842);
#842 = CARTESIAN_POINT('',(58.957611891935,-44.72135954999,123.));
#843 = SURFACE_CURVE('',#844,(#902,#963),.PCURVE_S1.);
#844 = B_SPLINE_CURVE_WITH_KNOTS('',6,(#845,#846,#847,#848,#849,#850,
    #851,#852,#853,#854,#855,#856,#857,#858,#859,#860,#861,#862,#863,
    #864,#865,#866,#867,#868,#869,#870,#871,#872,#873,#874,#875,#876,
    #877,#878,#879,#880,#881,#882,#883,#884,#885,#886,#887,#888,#889,
    #890,#891,#892,#893,#894,#895,#896,#897,#898,#899,#900,#901),
  .UNSPECIFIED.,.F.,.F.,(7,5,5,5,5,5,5,5,5,5,5,7),(0.,0.121961402449,
    0.196909937558,0.29036933741,0.360677695416,0.555952887517,
    0.739758572266,0.926791567907,0.945131641164,0.963384986258,
    0.981719701808,1.),.UNSPECIFIED.);
#845 = CARTESIAN_POINT('',(74.,0.,173.));
#846 = CARTESIAN_POINT('',(74.,-1.960014195897,173.));
#847 = CARTESIAN_POINT('',(73.937702696011,-3.916325649574,
    172.89755557311));
#848 = CARTESIAN_POINT('',(73.81355064689,-5.854144032796,
    172.69339428613));
#849 = CARTESIAN_POINT('',(73.630720484171,-7.75878487008,
    172.39163827131));
#850 = CARTESIAN_POINT('',(73.395080472727,-9.615947905617,
    171.99978370324));
#851 = CARTESIAN_POINT('',(72.942481624976,-12.5156788526,
    171.23956148052));
#852 = CARTESIAN_POINT('',(72.753136223617,-13.59757173151,
    170.92003125471));
#853 = CARTESIAN_POINT('',(72.548172313212,-14.65664855346,
    170.57217852185));
#854 = CARTESIAN_POINT('',(72.329103539257,-15.69199438293,
    170.1978925488));
#855 = CARTESIAN_POINT('',(72.097483339643,-16.70278245756,
    169.79911157141));
#856 = CARTESIAN_POINT('',(71.552376802391,-18.91716298835,
    168.85250398968));
#857 = CARTESIAN_POINT('',(71.232737586876,-20.10696858275,
    168.29208390233));
#858 = CARTESIAN_POINT('',(70.898602219432,-21.25790513747,
    167.69969782986));
#859 = CARTESIAN_POINT('',(70.552428861901,-22.37034852708,
    167.07817142896));
#860 = CARTESIAN_POINT('',(70.196503060814,-23.44479899027,
    166.43005339337));
#861 = CARTESIAN_POINT('',(69.559433482778,-25.26200036443,
    165.25179008626));
#862 = CARTESIAN_POINT('',(69.281557353359,-26.02112496957,
    164.73210197331));
#863 = CARTESIAN_POINT('',(69.000153839257,-26.75960720515,
    164.19944270447));
#864 = CARTESIAN_POINT('',(68.716007168401,-27.47784200311,
    163.65458182848));
#865 = CARTESIAN_POINT('',(68.429844884689,-28.17623041623,
    163.09818945551));
#866 = CARTESIAN_POINT('',(67.343823048714,-30.74090232413,
    160.95505942781));
#867 = CARTESIAN_POINT('',(66.534574099007,-32.47756813238,
    159.29397629192));
#868 = CARTESIAN_POINT('',(65.729477817754,-34.07253088657,
    157.56054458385));
#869 = CARTESIAN_POINT('',(64.940926779363,-35.53265596395,
    155.76328292586));
#870 = CARTESIAN_POINT('',(64.179868810679,-36.86352569703,
    153.90730559326));
#871 = CARTESIAN_POINT('',(62.776363762518,-39.20303610577,
    150.19566517957));
#872 = CARTESIAN_POINT('',(62.12947102923,-40.22618538671,
    148.34611209783));
#873 = CARTESIAN_POINT('',(61.526326848559,-41.1388673239,
    146.45231541818));
#874 = CARTESIAN_POINT('',(60.976414369079,-41.94150405583,
    144.5188876185));
#875 = CARTESIAN_POINT('',(60.488477572027,-42.63398795054,
    142.54956401232));
#876 = CARTESIAN_POINT('',(59.644703429774,-43.80685297836,
    138.51001219268));
#877 = CARTESIAN_POINT('',(59.291249122963,-44.28341733875,
    136.43820009254));
#878 = CARTESIAN_POINT('',(59.019384254065,-44.64210168199,
    134.34117885168));
#879 = CARTESIAN_POINT('',(58.835940936256,-44.88155859305,
    132.22723067817));
#880 = CARTESIAN_POINT('',(58.744462697572,-45.00097892167,
    130.10405397418));
#881 = CARTESIAN_POINT('',(58.745290158339,-44.99989871352,
    127.77080456106));
#882 = CARTESIAN_POINT('',(58.746250893514,-44.99864452216,
    127.56244303343));
#883 = CARTESIAN_POINT('',(58.748098452423,-44.99623260887,
    127.35409083293));
#884 = CARTESIAN_POINT('',(58.750832469458,-44.99266307888,
    127.14575669391));
#885 = CARTESIAN_POINT('',(58.754452231561,-44.98793613716,
    126.93744933636));
#886 = CARTESIAN_POINT('',(58.763439823855,-44.97619586472,
    126.52189048996));
#887 = CARTESIAN_POINT('',(58.768799308003,-44.9691934509,
    126.31463865828));
#888 = CARTESIAN_POINT('',(58.775034083807,-44.96104514822,
    126.10743055311));
#889 = CARTESIAN_POINT('',(58.782142769815,-44.9517513517,
    125.90027471599));
#890 = CARTESIAN_POINT('',(58.790123649981,-44.94131255016,
    125.69317964774));
#891 = CARTESIAN_POINT('',(58.807865153781,-44.91809446609,
    125.27820508163));
#892 = CARTESIAN_POINT('',(58.817633555207,-44.90530495578,
    125.07032619477));
#893 = CARTESIAN_POINT('',(58.828277798484,-44.89136138646,
    124.86252572099));
#894 = CARTESIAN_POINT('',(58.839795476001,-44.87626443676,
    124.65481216657));
#895 = CARTESIAN_POINT('',(58.852183851994,-44.8600148727,
    124.44719397097));
#896 = CARTESIAN_POINT('',(58.878656529313,-44.82526386977,
    124.03278094485));
#897 = CARTESIAN_POINT('',(58.892735691686,-44.80676925512,
    123.82598549265));
#898 = CARTESIAN_POINT('',(58.907674311929,-44.78713055023,
    123.61930144747));
#899 = CARTESIAN_POINT('',(58.923469045659,-44.76634867651,
    123.41273701811));
#900 = CARTESIAN_POINT('',(58.940116241847,-44.74442463031,
    123.20630032495));
#901 = CARTESIAN_POINT('',(58.957611942819,-44.72135948291,122.9999994)
  );
#902 = PCURVE('',#411,#903);
#903 = DEFINITIONAL_REPRESENTATION('',(#904),#962);
#904 = B_SPLINE_CURVE_WITH_KNOTS('',6,(#905,#906,#907,#908,#909,#910,
    #911,#912,#913,#914,#915,#916,#917,#918,#919,#920,#921,#922,#923,
    #924,#925,#926,#927,#928,#929,#930,#931,#932,#933,#934,#935,#936,
    #937,#938,#939,#940,#941,#942,#943,#944,#945,#946,#947,#948,#949,
    #950,#951,#952,#953,#954,#955,#956,#957,#958,#959,#960,#961),
  .UNSPECIFIED.,.F.,.F.,(7,5,5,5,5,5,5,5,5,5,5,7),(0.,0.121961402449,
    0.196909937558,0.29036933741,0.360677695416,0.555952887517,
    0.739758572266,0.926791567907,0.945131641164,0.963384986258,
    0.981719701808,1.),.UNSPECIFIED.);
#905 = CARTESIAN_POINT('',(0.,228.1));
#906 = CARTESIAN_POINT('',(4.355587101993E-02,228.1));
#907 = CARTESIAN_POINT('',(8.702945721965E-02,228.03770269601));
#908 = CARTESIAN_POINT('',(0.130240832511,227.91355064689));
#909 = CARTESIAN_POINT('',(0.173009544201,227.73072048417));
#910 = CARTESIAN_POINT('',(0.215138991639,227.49508047272));
#911 = CARTESIAN_POINT('',(0.281755185098,227.04248162497));
#912 = CARTESIAN_POINT('',(0.306812026492,226.85313622361));
#913 = CARTESIAN_POINT('',(0.331567365285,226.64817231321));
#914 = CARTESIAN_POINT('',(0.356016794871,226.42910353925));
#915 = CARTESIAN_POINT('',(0.380154059877,226.19748333964));
#916 = CARTESIAN_POINT('',(0.433670168212,225.65237680239));
#917 = CARTESIAN_POINT('',(0.462877308202,225.33273758687));
#918 = CARTESIAN_POINT('',(0.491616556218,224.99860221943));
#919 = CARTESIAN_POINT('',(0.519910342654,224.6524288619));
#920 = CARTESIAN_POINT('',(0.547779883646,224.29650306081));
#921 = CARTESIAN_POINT('',(0.595907929191,223.65943348277));
#922 = CARTESIAN_POINT('',(0.616345301187,223.38155735335));
#923 = CARTESIAN_POINT('',(0.636570473588,223.10015383925));
#924 = CARTESIAN_POINT('',(0.656595668247,222.8160071684));
#925 = CARTESIAN_POINT('',(0.676433068261,222.52984488468));
#926 = CARTESIAN_POINT('',(0.750705002082,221.44382304871));
#927 = CARTESIAN_POINT('',(0.803988665239,220.634574099));
#928 = CARTESIAN_POINT('',(0.856179906272,219.82947781775));
#929 = CARTESIAN_POINT('',(0.907496988066,219.04092677936));
#930 = CARTESIAN_POINT('',(0.958158377714,218.27986881067));
#931 = CARTESIAN_POINT('',(1.055656927278,216.87636376251));
#932 = CARTESIAN_POINT('',(1.102551177459,216.22947102923));
#933 = CARTESIAN_POINT('',(1.149158320492,215.62632684855));
#934 = CARTESIAN_POINT('',(1.195571702599,215.07641436907));
#935 = CARTESIAN_POINT('',(1.24188963183,214.58847757202));
#936 = CARTESIAN_POINT('',(1.335364633511,213.74470342977));
#937 = CARTESIAN_POINT('',(1.382531847393,213.39124912296));
#938 = CARTESIAN_POINT('',(1.429695348846,213.11938425406));
#939 = CARTESIAN_POINT('',(1.476859115717,212.93594093625));
#940 = CARTESIAN_POINT('',(1.524039566769,212.84446269757));
#941 = CARTESIAN_POINT('',(1.575889559284,212.84529015833));
#942 = CARTESIAN_POINT('',(1.580519827852,212.84625089351));
#943 = CARTESIAN_POINT('',(1.585150079765,212.84809845242));
#944 = CARTESIAN_POINT('',(1.589780299593,212.85083246945));
#945 = CARTESIAN_POINT('',(1.594410472183,212.85445223156));
#946 = CARTESIAN_POINT('',(1.603648797851,212.86343982385));
#947 = CARTESIAN_POINT('',(1.608256951676,212.868799308));
#948 = CARTESIAN_POINT('',(1.612865029472,212.8750340838));
#949 = CARTESIAN_POINT('',(1.61747301736,212.88214276981));
#950 = CARTESIAN_POINT('',(1.622080902242,212.89012364998));
#951 = CARTESIAN_POINT('',(1.631316982056,212.90786515378));
#952 = CARTESIAN_POINT('',(1.635945176114,212.9176335552));
#953 = CARTESIAN_POINT('',(1.640573241509,212.92827779848));
#954 = CARTESIAN_POINT('',(1.645201167066,212.939795476));
#955 = CARTESIAN_POINT('',(1.6498289429,212.95218385199));
#956 = CARTESIAN_POINT('',(1.65907044319,212.97865652931));
#957 = CARTESIAN_POINT('',(1.663684168728,212.99273569168));
#958 = CARTESIAN_POINT('',(1.668297728536,213.00767431192));
#959 = CARTESIAN_POINT('',(1.672911115849,213.02346904565));
#960 = CARTESIAN_POINT('',(1.677524325625,213.04011624184));
#961 = CARTESIAN_POINT('',(1.682137354552,213.05761194281));
#962 = ( GEOMETRIC_REPRESENTATION_CONTEXT(2) 
PARAMETRIC_REPRESENTATION_CONTEXT() REPRESENTATION_CONTEXT('2D SPACE',''
  ) );
#963 = PCURVE('',#723,#964);
#964 = DEFINITIONAL_REPRESENTATION('',(#965),#1023);
#965 = B_SPLINE_CURVE_WITH_KNOTS('',6,(#966,#967,#968,#969,#970,#971,
    #972,#973,#974,#975,#976,#977,#978,#979,#980,#981,#982,#983,#984,
    #985,#986,#987,#988,#989,#990,#991,#992,#993,#994,#995,#996,#997,
    #998,#999,#1000,#1001,#1002,#1003,#1004,#1005,#1006,#1007,#1008,
    #1009,#1010,#1011,#1012,#1013,#1014,#1015,#1016,#1017,#1018,#1019,
    #1020,#1021,#1022),.UNSPECIFIED.,.F.,.F.,(7,5,5,5,5,5,5,5,5,5,5,7),(
    0.,0.121961402449,0.196909937558,0.29036933741,0.360677695416,
    0.555952887517,0.739758572266,0.926791567907,0.945131641164,
    0.963384986258,0.981719701808,1.),.UNSPECIFIED.);
#966 = CARTESIAN_POINT('',(6.28318530718,50.));
#967 = CARTESIAN_POINT('',(6.256698628857,50.));
#968 = CARTESIAN_POINT('',(6.230261982651,49.897555573118));
#969 = CARTESIAN_POINT('',(6.204041824851,49.693394286135));
#970 = CARTESIAN_POINT('',(6.17820366269,49.391638271317));
#971 = CARTESIAN_POINT('',(6.152916015638,48.999783703243));
#972 = CARTESIAN_POINT('',(6.11325601689,48.239561480527));
#973 = CARTESIAN_POINT('',(6.098416147058,47.92003125471));
#974 = CARTESIAN_POINT('',(6.083842168832,47.572178521855));
#975 = CARTESIAN_POINT('',(6.069544320096,47.197892548803));
#976 = CARTESIAN_POINT('',(6.055532809603,46.799111571411));
#977 = CARTESIAN_POINT('',(6.024715413815,45.852503989689));
#978 = CARTESIAN_POINT('',(6.008070559965,45.292083902336));
#979 = CARTESIAN_POINT('',(5.991879912263,44.699697829862));
#980 = CARTESIAN_POINT('',(5.976139874421,44.078171428969));
#981 = CARTESIAN_POINT('',(5.960846640548,43.430053393375));
#982 = CARTESIAN_POINT('',(5.934824516731,42.251790086264));
#983 = CARTESIAN_POINT('',(5.923901429786,41.732101973318));
#984 = CARTESIAN_POINT('',(5.91322330723,41.199442704478));
#985 = CARTESIAN_POINT('',(5.902786663843,40.654581828485));
#986 = CARTESIAN_POINT('',(5.892588146082,40.098189455513));
#987 = CARTESIAN_POINT('',(5.85495116611,37.955059427811));
#988 = CARTESIAN_POINT('',(5.829076161535,36.293976291922));
#989 = CARTESIAN_POINT('',(5.804948250835,34.560544583851));
#990 = CARTESIAN_POINT('',(5.782533813391,32.763282925865));
#991 = CARTESIAN_POINT('',(5.761820639176,30.907305593261));
#992 = CARTESIAN_POINT('',(5.724952922682,27.195665179575));
#993 = CARTESIAN_POINT('',(5.708599341604,25.346112097839));
#994 = CARTESIAN_POINT('',(5.693819726797,23.452315418189));
#995 = CARTESIAN_POINT('',(5.680673598549,21.518887618502));
#996 = CARTESIAN_POINT('',(5.669226551823,19.549564012321));
#997 = CARTESIAN_POINT('',(5.649701665676,15.510012192682));
#998 = CARTESIAN_POINT('',(5.641684508796,13.438200092546));
#999 = CARTESIAN_POINT('',(5.635602591732,11.341178851683));
#1000 = CARTESIAN_POINT('',(5.631526252815,9.227230678179));
#1001 = CARTESIAN_POINT('',(5.62949340688,7.104053974188));
#1002 = CARTESIAN_POINT('',(5.629511794899,4.77080456106));
#1003 = CARTESIAN_POINT('',(5.629533144575,4.56244303343));
#1004 = CARTESIAN_POINT('',(5.629574201644,4.354090832931));
#1005 = CARTESIAN_POINT('',(5.629634961973,4.145756693913));
#1006 = CARTESIAN_POINT('',(5.629715417505,3.937449336368));
#1007 = CARTESIAN_POINT('',(5.629915221468,3.521890489965));
#1008 = CARTESIAN_POINT('',(5.630034384202,3.314638658282));
#1009 = CARTESIAN_POINT('',(5.630173032628,3.107430553114));
#1010 = CARTESIAN_POINT('',(5.630331151165,2.900274715992));
#1011 = CARTESIAN_POINT('',(5.63050872049,2.693179647748));
#1012 = CARTESIAN_POINT('',(5.630903592751,2.278205081636));
#1013 = CARTESIAN_POINT('',(5.631121069328,2.070326194775));
#1014 = CARTESIAN_POINT('',(5.631358123859,1.862525720999));
#1015 = CARTESIAN_POINT('',(5.631614729336,1.654812166574));
#1016 = CARTESIAN_POINT('',(5.63189085514,1.447193970977));
#1017 = CARTESIAN_POINT('',(5.632481201581,1.032780944857));
#1018 = CARTESIAN_POINT('',(5.632795306782,0.825985492654));
#1019 = CARTESIAN_POINT('',(5.633128748713,0.619301447474));
#1020 = CARTESIAN_POINT('',(5.633481490164,0.41273701811));
#1021 = CARTESIAN_POINT('',(5.633853490651,0.206300324954));
#1022 = CARTESIAN_POINT('',(5.634244706419,-6.E-07));
#1023 = ( GEOMETRIC_REPRESENTATION_CONTEXT(2) 
PARAMETRIC_REPRESENTATION_CONTEXT() REPRESENTATION_CONTEXT('2D SPACE',''
  ) );
#1024 = ORIENTED_EDGE('',*,*,#1025,.T.);
#1025 = EDGE_CURVE('',#841,#1026,#1028,.T.);
#1026 = VERTEX_POINT('',#1027);
#1027 = CARTESIAN_POINT('',(66.332495807108,-44.72135954999,123.));
#1028 = SURFACE_CURVE('',#1029,(#1033,#1039),.PCURVE_S1.);
#1029 = LINE('',#1030,#1031);
#1030 = CARTESIAN_POINT('',(-154.1,-44.72135954999,123.));
#1031 = VECTOR('',#1032,1.);
#1032 = DIRECTION('',(1.,0.,0.));
#1033 = PCURVE('',#411,#1034);
#1034 = DEFINITIONAL_REPRESENTATION('',(#1035),#1038);
#1035 = B_SPLINE_CURVE_WITH_KNOTS('',1,(#1036,#1037),.UNSPECIFIED.,.F.,
  .F.,(2,2),(58.1,250.1),.PIECEWISE_BEZIER_KNOTS.);
#1036 = CARTESIAN_POINT('',(1.682137341136,58.1));
#1037 = CARTESIAN_POINT('',(1.682137341136,250.1));
#1038 = ( GEOMETRIC_REPRESENTATION_CONTEXT(2) 
PARAMETRIC_REPRESENTATION_CONTEXT() REPRESENTATION_CONTEXT('2D SPACE',''
  ) );
#1039 = PCURVE('',#1040,#1045);
#1040 = PLANE('',#1041);
#1041 = AXIS2_PLACEMENT_3D('',#1042,#1043,#1044);
#1042 = CARTESIAN_POINT('',(0.,0.,123.));
#1043 = DIRECTION('',(0.,0.,1.));
#1044 = DIRECTION('',(1.,0.,-0.));
#1045 = DEFINITIONAL_REPRESENTATION('',(#1046),#1049);
#1046 = B_SPLINE_CURVE_WITH_KNOTS('',1,(#1047,#1048),.UNSPECIFIED.,.F.,
  .F.,(2,2),(58.1,250.1),.PIECEWISE_BEZIER_KNOTS.);
#1047 = CARTESIAN_POINT('',(-96.,-44.72135954999));
#1048 = CARTESIAN_POINT('',(96.,-44.72135954999));
#1049 = ( GEOMETRIC_REPRESENTATION_CONTEXT(2) 
PARAMETRIC_REPRESENTATION_CONTEXT() REPRESENTATION_CONTEXT('2D SPACE',''
  ) );
#1050 = ORIENTED_EDGE('',*,*,#1051,.F.);
#1051 = EDGE_CURVE('',#1052,#1026,#1054,.T.);
#1052 = VERTEX_POINT('',#1053);
#1053 = CARTESIAN_POINT('',(67.512915279764,-44.71051368396,
    122.90392640201));
#1054 = SURFACE_CURVE('',#1055,(#1061,#1070),.PCURVE_S1.);
#1055 = B_SPLINE_CURVE_WITH_KNOTS('',4,(#1056,#1057,#1058,#1059,#1060),
  .UNSPECIFIED.,.F.,.F.,(5,5),(0.,1.),.PIECEWISE_BEZIER_KNOTS.);
#1056 = CARTESIAN_POINT('',(67.512915279762,-44.71051368396,
    122.90392640201));
#1057 = CARTESIAN_POINT('',(67.218017836815,-44.71325680656,
    122.92799324842));
#1058 = CARTESIAN_POINT('',(66.922983790442,-44.71597880188,
    122.9520282478));
#1059 = CARTESIAN_POINT('',(66.627810648367,-44.71867970447,
    122.97603073302));
#1060 = CARTESIAN_POINT('',(66.332495807108,-44.72135954999,123.));
#1061 = PCURVE('',#411,#1062);
#1062 = DEFINITIONAL_REPRESENTATION('',(#1063),#1069);
#1063 = B_SPLINE_CURVE_WITH_KNOTS('',4,(#1064,#1065,#1066,#1067,#1068),
  .UNSPECIFIED.,.F.,.F.,(5,5),(0.,1.),.PIECEWISE_BEZIER_KNOTS.);
#1064 = CARTESIAN_POINT('',(1.684285871801,221.61291527976));
#1065 = CARTESIAN_POINT('',(1.68374759021,221.31801783681));
#1066 = CARTESIAN_POINT('',(1.683210064948,221.02298379044));
#1067 = CARTESIAN_POINT('',(1.682673310239,220.72781064836));
#1068 = CARTESIAN_POINT('',(1.682137341136,220.4324958071));
#1069 = ( GEOMETRIC_REPRESENTATION_CONTEXT(2) 
PARAMETRIC_REPRESENTATION_CONTEXT() REPRESENTATION_CONTEXT('2D SPACE',''
  ) );
#1070 = PCURVE('',#1071,#1076);
#1071 = CONICAL_SURFACE('',#1072,80.975451610081,1.47262155637);
#1072 = AXIS2_PLACEMENT_3D('',#1073,#1074,#1075);
#1073 = CARTESIAN_POINT('',(0.,0.,122.90392640201));
#1074 = DIRECTION('',(-0.,-0.,-1.));
#1075 = DIRECTION('',(1.,0.,-0.));
#1076 = DEFINITIONAL_REPRESENTATION('',(#1077),#1083);
#1077 = B_SPLINE_CURVE_WITH_KNOTS('',4,(#1078,#1079,#1080,#1081,#1082),
  .UNSPECIFIED.,.F.,.F.,(5,5),(0.,1.),.PIECEWISE_BEZIER_KNOTS.);
#1078 = CARTESIAN_POINT('',(-5.698245751329,-1.150546092343E-13));
#1079 = CARTESIAN_POINT('',(-5.696206684086,-2.406684641296E-02));
#1080 = CARTESIAN_POINT('',(-5.69415049445,-4.810184579157E-02));
#1081 = CARTESIAN_POINT('',(-5.692076881348,-7.210433100679E-02));
#1082 = CARTESIAN_POINT('',(-5.68998553103,-9.607359798385E-02));
#1083 = ( GEOMETRIC_REPRESENTATION_CONTEXT(2) 
PARAMETRIC_REPRESENTATION_CONTEXT() REPRESENTATION_CONTEXT('2D SPACE',''
  ) );
#1084 = ORIENTED_EDGE('',*,*,#1085,.F.);
#1085 = EDGE_CURVE('',#1086,#1052,#1088,.T.);
#1086 = VERTEX_POINT('',#1087);
#1087 = CARTESIAN_POINT('',(68.656818981372,-44.67716551535,
    122.61939766255));
#1088 = SURFACE_CURVE('',#1089,(#1095,#1104),.PCURVE_S1.);
#1089 = B_SPLINE_CURVE_WITH_KNOTS('',4,(#1090,#1091,#1092,#1093,#1094),
  .UNSPECIFIED.,.F.,.F.,(5,5),(0.,1.),.PIECEWISE_BEZIER_KNOTS.);
#1090 = CARTESIAN_POINT('',(68.656818981373,-44.67716551535,
    122.61939766255));
#1091 = CARTESIAN_POINT('',(68.371026223295,-44.68574568399,
    122.69064203087));
#1092 = CARTESIAN_POINT('',(68.085112819687,-44.69416329648,
    122.76181266931));
#1093 = CARTESIAN_POINT('',(67.799076598253,-44.70241905658,
    122.83290801088));
#1094 = CARTESIAN_POINT('',(67.512915279764,-44.71051368396,
    122.90392640201));
#1095 = PCURVE('',#411,#1096);
#1096 = DEFINITIONAL_REPRESENTATION('',(#1097),#1103);
#1097 = B_SPLINE_CURVE_WITH_KNOTS('',4,(#1098,#1099,#1100,#1101,#1102),
  .UNSPECIFIED.,.F.,.F.,(5,5),(0.,1.),.PIECEWISE_BEZIER_KNOTS.);
#1098 = CARTESIAN_POINT('',(1.690652023849,222.75681898137));
#1099 = CARTESIAN_POINT('',(1.689057375498,222.47102622329));
#1100 = CARTESIAN_POINT('',(1.68746478576,222.18511281968));
#1101 = CARTESIAN_POINT('',(1.685874276524,221.89907659825));
#1102 = CARTESIAN_POINT('',(1.684285871801,221.61291527976));
#1103 = ( GEOMETRIC_REPRESENTATION_CONTEXT(2) 
PARAMETRIC_REPRESENTATION_CONTEXT() REPRESENTATION_CONTEXT('2D SPACE',''
  ) );
#1104 = PCURVE('',#1105,#1110);
#1105 = CONICAL_SURFACE('',#1106,81.913417161825,1.276272015521);
#1106 = AXIS2_PLACEMENT_3D('',#1107,#1108,#1109);
#1107 = CARTESIAN_POINT('',(0.,0.,122.61939766255));
#1108 = DIRECTION('',(-0.,-0.,-1.));
#1109 = DIRECTION('',(1.,0.,-0.));
#1110 = DEFINITIONAL_REPRESENTATION('',(#1111),#1117);
#1111 = B_SPLINE_CURVE_WITH_KNOTS('',4,(#1112,#1113,#1114,#1115,#1116),
  .UNSPECIFIED.,.F.,.F.,(5,5),(0.,1.),.PIECEWISE_BEZIER_KNOTS.);
#1112 = CARTESIAN_POINT('',(-5.706295913327,7.225363121712E-14));
#1113 = CARTESIAN_POINT('',(-5.704305171175,-7.124436832061E-02));
#1114 = CARTESIAN_POINT('',(-5.702300068136,-0.142415006754));
#1115 = CARTESIAN_POINT('',(-5.700280349939,-0.213510348332));
#1116 = CARTESIAN_POINT('',(-5.698245751329,-0.28452873946));
#1117 = ( GEOMETRIC_REPRESENTATION_CONTEXT(2) 
PARAMETRIC_REPRESENTATION_CONTEXT() REPRESENTATION_CONTEXT('2D SPACE',''
  ) );
#1118 = ORIENTED_EDGE('',*,*,#1119,.F.);
#1119 = EDGE_CURVE('',#1120,#1086,#1122,.T.);
#1120 = VERTEX_POINT('',#1121);
#1121 = CARTESIAN_POINT('',(69.723089613021,-44.6190925314,
    122.15734806151));
#1122 = SURFACE_CURVE('',#1123,(#1129,#1138),.PCURVE_S1.);
#1123 = B_SPLINE_CURVE_WITH_KNOTS('',4,(#1124,#1125,#1126,#1127,#1128),
  .UNSPECIFIED.,.F.,.F.,(5,5),(0.,1.),.PIECEWISE_BEZIER_KNOTS.);
#1124 = CARTESIAN_POINT('',(69.723089613022,-44.6190925314,
    122.15734806151));
#1125 = CARTESIAN_POINT('',(69.456640883206,-44.63422950451,
    122.27294591181));
#1126 = CARTESIAN_POINT('',(69.190113593634,-44.64895297871,
    122.38848774373));
#1127 = CARTESIAN_POINT('',(68.923506676294,-44.66326448189,
    122.50397215185));
#1128 = CARTESIAN_POINT('',(68.656818981372,-44.67716551535,
    122.61939766255));
#1129 = PCURVE('',#411,#1130);
#1130 = DEFINITIONAL_REPRESENTATION('',(#1131),#1137);
#1131 = B_SPLINE_CURVE_WITH_KNOTS('',4,(#1132,#1133,#1134,#1135,#1136),
  .UNSPECIFIED.,.F.,.F.,(5,5),(0.,1.),.PIECEWISE_BEZIER_KNOTS.);
#1132 = CARTESIAN_POINT('',(1.701000620478,223.82308961302));
#1133 = CARTESIAN_POINT('',(1.698409849493,223.5566408832));
#1134 = CARTESIAN_POINT('',(1.695821505875,223.29011359363));
#1135 = CARTESIAN_POINT('',(1.693235569814,223.02350667629));
#1136 = CARTESIAN_POINT('',(1.690652023849,222.75681898137));
#1137 = ( GEOMETRIC_REPRESENTATION_CONTEXT(2) 
PARAMETRIC_REPRESENTATION_CONTEXT() REPRESENTATION_CONTEXT('2D SPACE',''
  ) );
#1138 = PCURVE('',#1139,#1144);
#1139 = CONICAL_SURFACE('',#1140,82.777851165098,1.079922474671);
#1140 = AXIS2_PLACEMENT_3D('',#1141,#1142,#1143);
#1141 = CARTESIAN_POINT('',(0.,0.,122.15734806151));
#1142 = DIRECTION('',(-0.,-0.,-1.));
#1143 = DIRECTION('',(1.,0.,-0.));
#1144 = DEFINITIONAL_REPRESENTATION('',(#1145),#1151);
#1145 = B_SPLINE_CURVE_WITH_KNOTS('',4,(#1146,#1147,#1148,#1149,#1150),
  .UNSPECIFIED.,.F.,.F.,(5,5),(0.,1.),.PIECEWISE_BEZIER_KNOTS.);
#1146 = CARTESIAN_POINT('',(-5.713909609433,6.498741623295E-14));
#1147 = CARTESIAN_POINT('',(-5.712020559385,-0.115597850301));
#1148 = CARTESIAN_POINT('',(-5.710122044196,-0.231139682222));
#1149 = CARTESIAN_POINT('',(-5.7082138894,-0.346624090342));
#1150 = CARTESIAN_POINT('',(-5.706295913327,-0.462049601044));
#1151 = ( GEOMETRIC_REPRESENTATION_CONTEXT(2) 
PARAMETRIC_REPRESENTATION_CONTEXT() REPRESENTATION_CONTEXT('2D SPACE',''
  ) );
#1152 = ORIENTED_EDGE('',*,*,#1153,.T.);
#1153 = EDGE_CURVE('',#1120,#1154,#1156,.T.);
#1154 = VERTEX_POINT('',#1155);
#1155 = CARTESIAN_POINT('',(70.675135279889,-44.53325362152,
    121.53553390593));
#1156 = SURFACE_CURVE('',#1157,(#1163,#1172),.PCURVE_S1.);
#1157 = B_SPLINE_CURVE_WITH_KNOTS('',4,(#1158,#1159,#1160,#1161,#1162),
  .UNSPECIFIED.,.F.,.F.,(5,5),(0.,1.),.PIECEWISE_BEZIER_KNOTS.);
#1158 = CARTESIAN_POINT('',(69.723089613021,-44.6190925314,
    122.15734806151));
#1159 = CARTESIAN_POINT('',(69.96122880977,-44.59871738185,
    122.00174736979));
#1160 = CARTESIAN_POINT('',(70.19928897745,-44.57761872811,
    121.8462414174));
#1161 = CARTESIAN_POINT('',(70.43726086078,-44.55579723096,
    121.69083525059));
#1162 = CARTESIAN_POINT('',(70.675135279889,-44.53325362152,
    121.53553390593));
#1163 = PCURVE('',#411,#1164);
#1164 = DEFINITIONAL_REPRESENTATION('',(#1165),#1171);
#1165 = B_SPLINE_CURVE_WITH_KNOTS('',4,(#1166,#1167,#1168,#1169,#1170),
  .UNSPECIFIED.,.F.,.F.,(5,5),(0.,1.),.PIECEWISE_BEZIER_KNOTS.);
#1166 = CARTESIAN_POINT('',(1.701000620478,223.82308961302));
#1167 = CARTESIAN_POINT('',(1.704487932363,224.06122880977));
#1168 = CARTESIAN_POINT('',(1.707975244249,224.29928897745));
#1169 = CARTESIAN_POINT('',(1.711462556135,224.53726086078));
#1170 = CARTESIAN_POINT('',(1.714949868021,224.77513527988));
#1171 = ( GEOMETRIC_REPRESENTATION_CONTEXT(2) 
PARAMETRIC_REPRESENTATION_CONTEXT() REPRESENTATION_CONTEXT('2D SPACE',''
  ) );
#1172 = PCURVE('',#1173,#1178);
#1173 = CONICAL_SURFACE('',#1174,83.535533905933,0.883572933822);
#1174 = AXIS2_PLACEMENT_3D('',#1175,#1176,#1177);
#1175 = CARTESIAN_POINT('',(0.,0.,121.53553390593));
#1176 = DIRECTION('',(-0.,-0.,-1.));
#1177 = DIRECTION('',(1.,0.,-0.));
#1178 = DEFINITIONAL_REPRESENTATION('',(#1179),#1185);
#1179 = B_SPLINE_CURVE_WITH_KNOTS('',4,(#1180,#1181,#1182,#1183,#1184),
  .UNSPECIFIED.,.F.,.F.,(5,5),(0.,1.),.PIECEWISE_BEZIER_KNOTS.);
#1180 = CARTESIAN_POINT('',(-5.713909609433,-0.62181415558));
#1181 = CARTESIAN_POINT('',(-5.715667617274,-0.466213463865));
#1182 = CARTESIAN_POINT('',(-5.717421734632,-0.310707511472));
#1183 = CARTESIAN_POINT('',(-5.719171977192,-0.155301344664));
#1184 = CARTESIAN_POINT('',(-5.720918361637,0.));
#1185 = ( GEOMETRIC_REPRESENTATION_CONTEXT(2) 
PARAMETRIC_REPRESENTATION_CONTEXT() REPRESENTATION_CONTEXT('2D SPACE',''
  ) );
#1186 = ORIENTED_EDGE('',*,*,#1187,.T.);
#1187 = EDGE_CURVE('',#1154,#1188,#1190,.T.);
#1188 = VERTEX_POINT('',#1189);
#1189 = CARTESIAN_POINT('',(71.481596698312,-44.41666991351,
    120.77785116509));
#1190 = SURFACE_CURVE('',#1191,(#1197,#1206),.PCURVE_S1.);
#1191 = B_SPLINE_CURVE_WITH_KNOTS('',4,(#1192,#1193,#1194,#1195,#1196),
  .UNSPECIFIED.,.F.,.F.,(5,5),(0.,1.),.PIECEWISE_BEZIER_KNOTS.);
#1192 = CARTESIAN_POINT('',(70.675135279889,-44.53325362152,
    121.53553390593));
#1193 = CARTESIAN_POINT('',(70.87646038352,-44.50572186131,
    121.34586954046));
#1194 = CARTESIAN_POINT('',(71.07799059869,-44.47711307607,
    121.15636151632));
#1195 = CARTESIAN_POINT('',(71.279708468307,-44.44742859753,
    120.96701900778));
#1196 = CARTESIAN_POINT('',(71.481596698312,-44.41666991351,
    120.77785116509));
#1197 = PCURVE('',#411,#1198);
#1198 = DEFINITIONAL_REPRESENTATION('',(#1199),#1205);
#1199 = B_SPLINE_CURVE_WITH_KNOTS('',4,(#1200,#1201,#1202,#1203,#1204),
  .UNSPECIFIED.,.F.,.F.,(5,5),(0.,1.),.PIECEWISE_BEZIER_KNOTS.);
#1200 = CARTESIAN_POINT('',(1.714949868021,224.77513527988));
#1201 = CARTESIAN_POINT('',(1.719208806006,224.97646038352));
#1202 = CARTESIAN_POINT('',(1.723467743993,225.17799059869));
#1203 = CARTESIAN_POINT('',(1.727726681979,225.3797084683));
#1204 = CARTESIAN_POINT('',(1.731985619964,225.58159669831));
#1205 = ( GEOMETRIC_REPRESENTATION_CONTEXT(2) 
PARAMETRIC_REPRESENTATION_CONTEXT() REPRESENTATION_CONTEXT('2D SPACE',''
  ) );
#1206 = PCURVE('',#1207,#1212);
#1207 = CONICAL_SURFACE('',#1208,84.157348061513,0.687223392973);
#1208 = AXIS2_PLACEMENT_3D('',#1209,#1210,#1211);
#1209 = CARTESIAN_POINT('',(0.,0.,120.77785116509));
#1210 = DIRECTION('',(-0.,-0.,-1.));
#1211 = DIRECTION('',(1.,0.,-0.));
#1212 = DEFINITIONAL_REPRESENTATION('',(#1213),#1219);
#1213 = B_SPLINE_CURVE_WITH_KNOTS('',4,(#1214,#1215,#1216,#1217,#1218),
  .UNSPECIFIED.,.F.,.F.,(5,5),(0.,1.),.PIECEWISE_BEZIER_KNOTS.);
#1214 = CARTESIAN_POINT('',(-5.720918361637,-0.757682740835));
#1215 = CARTESIAN_POINT('',(-5.722482016386,-0.568018375363));
#1216 = CARTESIAN_POINT('',(-5.724050118652,-0.378510351226));
#1217 = CARTESIAN_POINT('',(-5.725622518451,-0.189167842689));
#1218 = CARTESIAN_POINT('',(-5.727199072915,0.));
#1219 = ( GEOMETRIC_REPRESENTATION_CONTEXT(2) 
PARAMETRIC_REPRESENTATION_CONTEXT() REPRESENTATION_CONTEXT('2D SPACE',''
  ) );
#1220 = ORIENTED_EDGE('',*,*,#1221,.T.);
#1221 = EDGE_CURVE('',#1188,#1222,#1224,.T.);
#1222 = VERTEX_POINT('',#1223);
#1223 = CARTESIAN_POINT('',(72.116816920691,-44.26745054779,
    119.91341716182));
#1224 = SURFACE_CURVE('',#1225,(#1231,#1240),.PCURVE_S1.);
#1225 = B_SPLINE_CURVE_WITH_KNOTS('',4,(#1226,#1227,#1228,#1229,#1230),
  .UNSPECIFIED.,.F.,.F.,(5,5),(0.,1.),.PIECEWISE_BEZIER_KNOTS.);
#1226 = CARTESIAN_POINT('',(71.481596698312,-44.41666991351,
    120.77785116509));
#1227 = CARTESIAN_POINT('',(71.639687880739,-44.38147266914,
    120.56138589682));
#1228 = CARTESIAN_POINT('',(71.798269569944,-44.34486882934,
    120.34514934066));
#1229 = CARTESIAN_POINT('',(71.957319897575,-44.30686062348,
    120.1291552074));
#1230 = CARTESIAN_POINT('',(72.116816920691,-44.26745054779,
    119.91341716182));
#1231 = PCURVE('',#411,#1232);
#1232 = DEFINITIONAL_REPRESENTATION('',(#1233),#1239);
#1233 = B_SPLINE_CURVE_WITH_KNOTS('',4,(#1234,#1235,#1236,#1237,#1238),
  .UNSPECIFIED.,.F.,.F.,(5,5),(0.,1.),.PIECEWISE_BEZIER_KNOTS.);
#1234 = CARTESIAN_POINT('',(1.731985619964,225.58159669831));
#1235 = CARTESIAN_POINT('',(1.736859134091,225.73968788073));
#1236 = CARTESIAN_POINT('',(1.741732648221,225.89826956994));
#1237 = CARTESIAN_POINT('',(1.746606162351,226.05731989757));
#1238 = CARTESIAN_POINT('',(1.751479676478,226.21681692069));
#1239 = ( GEOMETRIC_REPRESENTATION_CONTEXT(2) 
PARAMETRIC_REPRESENTATION_CONTEXT() REPRESENTATION_CONTEXT('2D SPACE',''
  ) );
#1240 = PCURVE('',#1241,#1246);
#1241 = CONICAL_SURFACE('',#1242,84.619397662556,0.490873852123);
#1242 = AXIS2_PLACEMENT_3D('',#1243,#1244,#1245);
#1243 = CARTESIAN_POINT('',(0.,0.,119.91341716182));
#1244 = DIRECTION('',(-0.,-0.,-1.));
#1245 = DIRECTION('',(1.,0.,-0.));
#1246 = DEFINITIONAL_REPRESENTATION('',(#1247),#1253);
#1247 = B_SPLINE_CURVE_WITH_KNOTS('',4,(#1248,#1249,#1250,#1251,#1252),
  .UNSPECIFIED.,.F.,.F.,(5,5),(0.,1.),.PIECEWISE_BEZIER_KNOTS.);
#1248 = CARTESIAN_POINT('',(-5.727199072915,-0.864434003273));
#1249 = CARTESIAN_POINT('',(-5.728545757559,-0.647968734999));
#1250 = CARTESIAN_POINT('',(-5.729904777508,-0.431732178837));
#1251 = CARTESIAN_POINT('',(-5.731275889617,-0.215738045583));
#1252 = CARTESIAN_POINT('',(-5.73265885664,0.));
#1253 = ( GEOMETRIC_REPRESENTATION_CONTEXT(2) 
PARAMETRIC_REPRESENTATION_CONTEXT() REPRESENTATION_CONTEXT('2D SPACE',''
  ) );
#1254 = ORIENTED_EDGE('',*,*,#1255,.T.);
#1255 = EDGE_CURVE('',#1222,#1256,#1258,.T.);
#1256 = VERTEX_POINT('',#1257);
#1257 = CARTESIAN_POINT('',(72.561141061321,-44.08579733154,
    118.97545161008));
#1258 = SURFACE_CURVE('',#1259,(#1265,#1274),.PCURVE_S1.);
#1259 = B_SPLINE_CURVE_WITH_KNOTS('',4,(#1260,#1261,#1262,#1263,#1264),
  .UNSPECIFIED.,.F.,.F.,(5,5),(0.,1.),.PIECEWISE_BEZIER_KNOTS.);
#1260 = CARTESIAN_POINT('',(72.116816920691,-44.26745054779,
    119.91341716182));
#1261 = CARTESIAN_POINT('',(72.226796437488,-44.22452823657,
    119.6784524892));
#1262 = CARTESIAN_POINT('',(72.337524791793,-44.1799430512,
    119.44379158273));
#1263 = CARTESIAN_POINT('',(72.448980378129,-44.13369821654,
    119.20945209595));
#1264 = CARTESIAN_POINT('',(72.561141061321,-44.08579733154,
    118.97545161008));
#1265 = PCURVE('',#411,#1266);
#1266 = DEFINITIONAL_REPRESENTATION('',(#1267),#1273);
#1267 = B_SPLINE_CURVE_WITH_KNOTS('',4,(#1268,#1269,#1270,#1271,#1272),
  .UNSPECIFIED.,.F.,.F.,(5,5),(0.,1.),.PIECEWISE_BEZIER_KNOTS.);
#1268 = CARTESIAN_POINT('',(1.751479676478,226.21681692069));
#1269 = CARTESIAN_POINT('',(1.756787519367,226.32679643748));
#1270 = CARTESIAN_POINT('',(1.762095362261,226.43752479179));
#1271 = CARTESIAN_POINT('',(1.767403205157,226.54898037812));
#1272 = CARTESIAN_POINT('',(1.772711048046,226.66114106132));
#1273 = ( GEOMETRIC_REPRESENTATION_CONTEXT(2) 
PARAMETRIC_REPRESENTATION_CONTEXT() REPRESENTATION_CONTEXT('2D SPACE',''
  ) );
#1274 = PCURVE('',#1275,#1280);
#1275 = CONICAL_SURFACE('',#1276,84.903926402016,0.294524311274);
#1276 = AXIS2_PLACEMENT_3D('',#1277,#1278,#1279);
#1277 = CARTESIAN_POINT('',(0.,0.,118.97545161008));
#1278 = DIRECTION('',(-0.,-0.,-1.));
#1279 = DIRECTION('',(1.,0.,-0.));
#1280 = DEFINITIONAL_REPRESENTATION('',(#1281),#1287);
#1281 = B_SPLINE_CURVE_WITH_KNOTS('',4,(#1282,#1283,#1284,#1285,#1286),
  .UNSPECIFIED.,.F.,.F.,(5,5),(0.,1.),.PIECEWISE_BEZIER_KNOTS.);
#1282 = CARTESIAN_POINT('',(-5.73265885664,-0.937965551745));
#1283 = CARTESIAN_POINT('',(-5.733771069094,-0.703000879126));
#1284 = CARTESIAN_POINT('',(-5.73490216056,-0.468339972656));
#1285 = CARTESIAN_POINT('',(-5.736051880491,-0.234000485872));
#1286 = CARTESIAN_POINT('',(-5.73721997782,0.));
#1287 = ( GEOMETRIC_REPRESENTATION_CONTEXT(2) 
PARAMETRIC_REPRESENTATION_CONTEXT() REPRESENTATION_CONTEXT('2D SPACE',''
  ) );
#1288 = ORIENTED_EDGE('',*,*,#1289,.T.);
#1289 = EDGE_CURVE('',#1256,#338,#1290,.T.);
#1290 = SURFACE_CURVE('',#1291,(#1297,#1306),.PCURVE_S1.);
#1291 = B_SPLINE_CURVE_WITH_KNOTS('',4,(#1292,#1293,#1294,#1295,#1296),
  .UNSPECIFIED.,.F.,.F.,(5,5),(0.,1.),.PIECEWISE_BEZIER_KNOTS.);
#1292 = CARTESIAN_POINT('',(72.561141061321,-44.08579733154,
    118.97545161008));
#1293 = CARTESIAN_POINT('',(72.619724704784,-44.03574938983,
    118.73096254316));
#1294 = CARTESIAN_POINT('',(72.679256223059,-43.98390166208,
    118.48688287501));
#1295 = CARTESIAN_POINT('',(72.739719741214,-43.930258011,
    118.24322478774));
#1296 = CARTESIAN_POINT('',(72.801098892805,-43.87482193696,118.));
#1297 = PCURVE('',#411,#1298);
#1298 = DEFINITIONAL_REPRESENTATION('',(#1299),#1305);
#1299 = B_SPLINE_CURVE_WITH_KNOTS('',4,(#1300,#1301,#1302,#1303,#1304),
  .UNSPECIFIED.,.F.,.F.,(5,5),(0.,1.),.PIECEWISE_BEZIER_KNOTS.);
#1300 = CARTESIAN_POINT('',(1.772711048046,226.66114106132));
#1301 = CARTESIAN_POINT('',(1.778256803861,226.71972470478));
#1302 = CARTESIAN_POINT('',(1.78380166763,226.77925622305));
#1303 = CARTESIAN_POINT('',(1.789345811692,226.83971974121));
#1304 = CARTESIAN_POINT('',(1.794889419096,226.9010988928));
#1305 = ( GEOMETRIC_REPRESENTATION_CONTEXT(2) 
PARAMETRIC_REPRESENTATION_CONTEXT() REPRESENTATION_CONTEXT('2D SPACE',''
  ) );
#1306 = PCURVE('',#469,#1307);
#1307 = DEFINITIONAL_REPRESENTATION('',(#1308),#1314);
#1308 = B_SPLINE_CURVE_WITH_KNOTS('',4,(#1309,#1310,#1311,#1312,#1313),
  .UNSPECIFIED.,.F.,.F.,(5,5),(0.,1.),.PIECEWISE_BEZIER_KNOTS.);
#1309 = CARTESIAN_POINT('',(-5.73721997782,-0.975451610081));
#1310 = CARTESIAN_POINT('',(-5.738082028184,-0.730962543162));
#1311 = CARTESIAN_POINT('',(-5.73896733975,-0.486882875015));
#1312 = CARTESIAN_POINT('',(-5.739875741116,-0.243224787747));
#1313 = CARTESIAN_POINT('',(-5.740807063809,0.));
#1314 = ( GEOMETRIC_REPRESENTATION_CONTEXT(2) 
PARAMETRIC_REPRESENTATION_CONTEXT() REPRESENTATION_CONTEXT('2D SPACE',''
  ) );
#1315 = ORIENTED_EDGE('',*,*,#337,.T.);
#1316 = ORIENTED_EDGE('',*,*,#1317,.T.);
#1317 = EDGE_CURVE('',#265,#1318,#1320,.T.);
#1318 = VERTEX_POINT('',#1319);
#1319 = CARTESIAN_POINT('',(72.801098892805,43.874821936961,118.));
#1320 = SURFACE_CURVE('',#1321,(#1354,#1390),.PCURVE_S1.);
#1321 = B_SPLINE_CURVE_WITH_KNOTS('',6,(#1322,#1323,#1324,#1325,#1326,
    #1327,#1328,#1329,#1330,#1331,#1332,#1333,#1334,#1335,#1336,#1337,
    #1338,#1339,#1340,#1341,#1342,#1343,#1344,#1345,#1346,#1347,#1348,
    #1349,#1350,#1351,#1352,#1353),.UNSPECIFIED.,.F.,.F.,(7,5,5,5,5,5,7)
  ,(0.,0.16501244069,0.265981364155,0.392581332615,0.488672734034,
    0.772207230314,1.),.UNSPECIFIED.);
#1322 = CARTESIAN_POINT('',(85.,-2.755455298082E-15,83.));
#1323 = CARTESIAN_POINT('',(85.,2.040056126996,83.));
#1324 = CARTESIAN_POINT('',(84.941244643465,4.076220078614,
    83.110982391299));
#1325 = CARTESIAN_POINT('',(84.824155103835,6.092829630367,
    83.332151296322));
#1326 = CARTESIAN_POINT('',(84.651850498079,8.074346273886,
    83.659093563112));
#1327 = CARTESIAN_POINT('',(84.430093466653,10.005703817131,
    84.083805934249));
#1328 = CARTESIAN_POINT('',(84.005601139253,13.014987911682,
    84.906929897516));
#1329 = CARTESIAN_POINT('',(83.828714182025,14.13444275225,
    85.25190900108));
#1330 = CARTESIAN_POINT('',(83.637501507266,15.229885101325,
    85.627438198691));
#1331 = CARTESIAN_POINT('',(83.433443275489,16.300300110612,
    86.031506812007));
#1332 = CARTESIAN_POINT('',(83.218058627824,17.344773610556,
    86.462047551292));
#1333 = CARTESIAN_POINT('',(82.710550030185,19.638558312598,
    87.487277634224));
#1334 = CARTESIAN_POINT('',(82.412771373098,20.872803540288,
    88.09600007561));
#1335 = CARTESIAN_POINT('',(82.102185898535,22.065323184188,
    88.739689267113));
#1336 = CARTESIAN_POINT('',(81.78126794029,23.216392118315,
    89.415252067549));
#1337 = CARTESIAN_POINT('',(81.452323745219,24.326424348638,
    90.119879939744));
#1338 = CARTESIAN_POINT('',(80.863339305539,26.207707348824,
    91.405970150365));
#1339 = CARTESIAN_POINT('',(80.605752070645,26.996280434994,
    91.976292054569));
#1340 = CARTESIAN_POINT('',(80.345602847908,27.762029039421,
    92.560998000426));
#1341 = CARTESIAN_POINT('',(80.083709420744,28.505335802499,
    93.159203588941));
#1342 = CARTESIAN_POINT('',(79.820831471587,29.226589810127,
    93.770130249237));
#1343 = CARTESIAN_POINT('',(78.781177716204,31.990471264053,
    96.231304833633));
#1344 = CARTESIAN_POINT('',(78.001725720516,33.867564744498,
    98.175624515341));
#1345 = CARTESIAN_POINT('',(77.237965979253,35.565667849589,
    100.20774634568));
#1346 = CARTESIAN_POINT('',(76.505142903242,37.092513954749,
    102.3152772123));
#1347 = CARTESIAN_POINT('',(75.816373088974,38.454096867606,
    104.48992513753));
#1348 = CARTESIAN_POINT('',(74.675155832714,40.617837714226,
    108.52312203895));
#1349 = CARTESIAN_POINT('',(74.202947166825,41.477201748284,
    110.35948722774));
#1350 = CARTESIAN_POINT('',(73.773859981527,42.232396264133,
    112.22992619469));
#1351 = CARTESIAN_POINT('',(73.393964924143,42.883751270602,
    114.12960740038));
#1352 = CARTESIAN_POINT('',(73.068367632662,43.431345313704,
    116.05425408933));
#1353 = CARTESIAN_POINT('',(72.801098810389,43.874822073713,118.0000006)
  );
#1354 = PCURVE('',#411,#1355);
#1355 = DEFINITIONAL_REPRESENTATION('',(#1356),#1389);
#1356 = B_SPLINE_CURVE_WITH_KNOTS('',6,(#1357,#1358,#1359,#1360,#1361,
    #1362,#1363,#1364,#1365,#1366,#1367,#1368,#1369,#1370,#1371,#1372,
    #1373,#1374,#1375,#1376,#1377,#1378,#1379,#1380,#1381,#1382,#1383,
    #1384,#1385,#1386,#1387,#1388),.UNSPECIFIED.,.F.,.F.,(7,5,5,5,5,5,7)
  ,(0.,0.16501244069,0.265981364155,0.392581332615,0.488672734034,
    0.772207230314,1.),.UNSPECIFIED.);
#1357 = CARTESIAN_POINT('',(3.14159265359,239.1));
#1358 = CARTESIAN_POINT('',(3.18692723419,239.1));
#1359 = CARTESIAN_POINT('',(3.232175319231,239.04124464346));
#1360 = CARTESIAN_POINT('',(3.277156590811,238.92415510383));
#1361 = CARTESIAN_POINT('',(3.321690177833,238.75185049807));
#1362 = CARTESIAN_POINT('',(3.365578601841,238.53009346665));
#1363 = CARTESIAN_POINT('',(3.43490810252,238.10560113925));
#1364 = CARTESIAN_POINT('',(3.460926055071,237.92871418202));
#1365 = CARTESIAN_POINT('',(3.486641221615,237.73750150726));
#1366 = CARTESIAN_POINT('',(3.512049157107,237.53344327548));
#1367 = CARTESIAN_POINT('',(3.537143466667,237.31805862782));
#1368 = CARTESIAN_POINT('',(3.592976307935,236.81055003018));
#1369 = CARTESIAN_POINT('',(3.623536440902,236.51277137309));
#1370 = CARTESIAN_POINT('',(3.653621020812,236.20218589853));
#1371 = CARTESIAN_POINT('',(3.683252928981,235.88126794029));
#1372 = CARTESIAN_POINT('',(3.712453534381,235.55232374521));
#1373 = CARTESIAN_POINT('',(3.763095115679,234.96333930553));
#1374 = CARTESIAN_POINT('',(3.784714149667,234.70575207064));
#1375 = CARTESIAN_POINT('',(3.806113634513,234.4456028479));
#1376 = CARTESIAN_POINT('',(3.827306292957,234.18370942074));
#1377 = CARTESIAN_POINT('',(3.848304717473,233.92083147158));
#1378 = CARTESIAN_POINT('',(3.930546219796,232.8811777162));
#1379 = CARTESIAN_POINT('',(3.990432368532,232.10172572051));
#1380 = CARTESIAN_POINT('',(4.049062439251,231.33796597925));
#1381 = CARTESIAN_POINT('',(4.106695480314,230.60514290324));
#1382 = CARTESIAN_POINT('',(4.16358396886,229.91637308897));
#1383 = CARTESIAN_POINT('',(4.265293921265,228.77515583271));
#1384 = CARTESIAN_POINT('',(4.310281983918,228.30294716682));
#1385 = CARTESIAN_POINT('',(4.355010427697,227.87385998152));
#1386 = CARTESIAN_POINT('',(4.399543528033,227.49396492414));
#1387 = CARTESIAN_POINT('',(4.443948223097,227.16836763266));
#1388 = CARTESIAN_POINT('',(4.488295901759,226.90109881038));
#1389 = ( GEOMETRIC_REPRESENTATION_CONTEXT(2) 
PARAMETRIC_REPRESENTATION_CONTEXT() REPRESENTATION_CONTEXT('2D SPACE',''
  ) );
#1390 = PCURVE('',#1391,#1396);
#1391 = CYLINDRICAL_SURFACE('',#1392,85.);
#1392 = AXIS2_PLACEMENT_3D('',#1393,#1394,#1395);
#1393 = CARTESIAN_POINT('',(0.,0.,83.));
#1394 = DIRECTION('',(0.,0.,1.));
#1395 = DIRECTION('',(1.,0.,-0.));
#1396 = DEFINITIONAL_REPRESENTATION('',(#1397),#1430);
#1397 = B_SPLINE_CURVE_WITH_KNOTS('',6,(#1398,#1399,#1400,#1401,#1402,
    #1403,#1404,#1405,#1406,#1407,#1408,#1409,#1410,#1411,#1412,#1413,
    #1414,#1415,#1416,#1417,#1418,#1419,#1420,#1421,#1422,#1423,#1424,
    #1425,#1426,#1427,#1428,#1429),.UNSPECIFIED.,.F.,.F.,(7,5,5,5,5,5,7)
  ,(0.,0.16501244069,0.265981364155,0.392581332615,0.488672734034,
    0.772207230314,1.),.UNSPECIFIED.);
#1398 = CARTESIAN_POINT('',(0.,0.));
#1399 = CARTESIAN_POINT('',(2.40006603176E-02,-2.584395050323E-16));
#1400 = CARTESIAN_POINT('',(4.795553503999E-02,0.110982391299));
#1401 = CARTESIAN_POINT('',(7.170521607904E-02,0.332151296322));
#1402 = CARTESIAN_POINT('',(9.509141698854E-02,0.659093563112));
#1403 = CARTESIAN_POINT('',(0.11795493816,1.083805934249));
#1404 = CARTESIAN_POINT('',(0.153708776481,1.906929897516));
#1405 = CARTESIAN_POINT('',(0.167040399083,2.25190900108));
#1406 = CARTESIAN_POINT('',(0.180120336882,2.627438198691));
#1407 = CARTESIAN_POINT('',(0.192938026358,3.031506812007));
#1408 = CARTESIAN_POINT('',(0.205483199384,3.462047551292));
#1409 = CARTESIAN_POINT('',(0.23312152901,4.487277634224));
#1410 = CARTESIAN_POINT('',(0.248055997284,5.09600007561));
#1411 = CARTESIAN_POINT('',(0.262550257813,5.739689267113));
#1412 = CARTESIAN_POINT('',(0.276605848645,6.415252067549));
#1413 = CARTESIAN_POINT('',(0.290224792137,7.119879939744));
#1414 = CARTESIAN_POINT('',(0.313416869286,8.405970150365));
#1415 = CARTESIAN_POINT('',(0.323175864008,8.976292054569));
#1416 = CARTESIAN_POINT('',(0.332689408892,9.560998000426));
#1417 = CARTESIAN_POINT('',(0.341960284641,10.159203588941));
#1418 = CARTESIAN_POINT('',(0.35099118055,10.770130249237));
#1419 = CARTESIAN_POINT('',(0.38573178257,13.231304833633));
#1420 = CARTESIAN_POINT('',(0.409629812199,15.175624515341));
#1421 = CARTESIAN_POINT('',(0.431523306318,17.207746345681));
#1422 = CARTESIAN_POINT('',(0.45144104899,19.315277212308));
#1423 = CARTESIAN_POINT('',(0.469389990476,21.489925137531));
#1424 = CARTESIAN_POINT('',(0.498169431613,25.523122038954));
#1425 = CARTESIAN_POINT('',(0.509703692438,27.359487227744));
#1426 = CARTESIAN_POINT('',(0.519921052131,29.229926194693));
#1427 = CARTESIAN_POINT('',(0.528791690141,31.129607400383));
#1428 = CARTESIAN_POINT('',(0.536286623457,33.054254089332));
#1429 = CARTESIAN_POINT('',(0.542378245249,35.0000006));
#1430 = ( GEOMETRIC_REPRESENTATION_CONTEXT(2) 
PARAMETRIC_REPRESENTATION_CONTEXT() REPRESENTATION_CONTEXT('2D SPACE',''
  ) );
#1431 = ORIENTED_EDGE('',*,*,#1432,.T.);
#1432 = EDGE_CURVE('',#1318,#1433,#1435,.T.);
#1433 = VERTEX_POINT('',#1434);
#1434 = CARTESIAN_POINT('',(72.561141061321,44.085797331544,
    118.97545161008));
#1435 = SURFACE_CURVE('',#1436,(#1442,#1451),.PCURVE_S1.);
#1436 = B_SPLINE_CURVE_WITH_KNOTS('',4,(#1437,#1438,#1439,#1440,#1441),
  .UNSPECIFIED.,.F.,.F.,(5,5),(0.,1.),.PIECEWISE_BEZIER_KNOTS.);
#1437 = CARTESIAN_POINT('',(72.801098892805,43.874821936961,118.));
#1438 = CARTESIAN_POINT('',(72.739719737953,43.930258013947,
    118.24322480066));
#1439 = CARTESIAN_POINT('',(72.679256224381,43.983901660897,
    118.48688286977));
#1440 = CARTESIAN_POINT('',(72.619724703491,44.035749390936,
    118.73096254855));
#1441 = CARTESIAN_POINT('',(72.561141061321,44.085797331544,
    118.97545161008));
#1442 = PCURVE('',#411,#1443);
#1443 = DEFINITIONAL_REPRESENTATION('',(#1444),#1450);
#1444 = B_SPLINE_CURVE_WITH_KNOTS('',4,(#1445,#1446,#1447,#1448,#1449),
  .UNSPECIFIED.,.F.,.F.,(5,5),(0.,1.),.PIECEWISE_BEZIER_KNOTS.);
#1445 = CARTESIAN_POINT('',(4.488295888083,226.9010988928));
#1446 = CARTESIAN_POINT('',(4.493839495782,226.83971973795));
#1447 = CARTESIAN_POINT('',(4.49938363943,226.77925622438));
#1448 = CARTESIAN_POINT('',(4.504928503441,226.71972470349));
#1449 = CARTESIAN_POINT('',(4.510474259134,226.66114106132));
#1450 = ( GEOMETRIC_REPRESENTATION_CONTEXT(2) 
PARAMETRIC_REPRESENTATION_CONTEXT() REPRESENTATION_CONTEXT('2D SPACE',''
  ) );
#1451 = PCURVE('',#1452,#1457);
#1452 = CONICAL_SURFACE('',#1453,85.,9.817477042468E-02);
#1453 = AXIS2_PLACEMENT_3D('',#1454,#1455,#1456);
#1454 = CARTESIAN_POINT('',(0.,0.,118.));
#1455 = DIRECTION('',(-0.,-0.,-1.));
#1456 = DIRECTION('',(1.,0.,-0.));
#1457 = DEFINITIONAL_REPRESENTATION('',(#1458),#1464);
#1458 = B_SPLINE_CURVE_WITH_KNOTS('',4,(#1459,#1460,#1461,#1462,#1463),
  .UNSPECIFIED.,.F.,.F.,(5,5),(0.,1.),.PIECEWISE_BEZIER_KNOTS.);
#1459 = CARTESIAN_POINT('',(-0.542378243371,0.));
#1460 = CARTESIAN_POINT('',(-0.543309566113,-0.243224800668));
#1461 = CARTESIAN_POINT('',(-0.54421796741,-0.486882869772));
#1462 = CARTESIAN_POINT('',(-0.545103279014,-0.730962548557));
#1463 = CARTESIAN_POINT('',(-0.54596532936,-0.975451610081));
#1464 = ( GEOMETRIC_REPRESENTATION_CONTEXT(2) 
PARAMETRIC_REPRESENTATION_CONTEXT() REPRESENTATION_CONTEXT('2D SPACE',''
  ) );
#1465 = ORIENTED_EDGE('',*,*,#1466,.T.);
#1466 = EDGE_CURVE('',#1433,#1467,#1469,.T.);
#1467 = VERTEX_POINT('',#1468);
#1468 = CARTESIAN_POINT('',(72.116816920691,44.267450547793,
    119.91341716182));
#1469 = SURFACE_CURVE('',#1470,(#1476,#1485),.PCURVE_S1.);
#1470 = B_SPLINE_CURVE_WITH_KNOTS('',4,(#1471,#1472,#1473,#1474,#1475),
  .UNSPECIFIED.,.F.,.F.,(5,5),(0.,1.),.PIECEWISE_BEZIER_KNOTS.);
#1471 = CARTESIAN_POINT('',(72.561141061321,44.085797331544,
    118.97545161008));
#1472 = CARTESIAN_POINT('',(72.449071273251,44.13365939762,
    119.20926246174));
#1473 = CARTESIAN_POINT('',(72.337649020774,44.179892192136,
    119.44352947248));
#1474 = CARTESIAN_POINT('',(72.226891676932,44.224491066955,
    119.67824901582));
#1475 = CARTESIAN_POINT('',(72.116816920691,44.267450547793,
    119.91341716182));
#1476 = PCURVE('',#411,#1477);
#1477 = DEFINITIONAL_REPRESENTATION('',(#1478),#1484);
#1478 = B_SPLINE_CURVE_WITH_KNOTS('',4,(#1479,#1480,#1481,#1482,#1483),
  .UNSPECIFIED.,.F.,.F.,(5,5),(0.,1.),.PIECEWISE_BEZIER_KNOTS.);
#1479 = CARTESIAN_POINT('',(4.510474259134,226.66114106132));
#1480 = CARTESIAN_POINT('',(4.515777800542,226.54907127325));
#1481 = CARTESIAN_POINT('',(4.521084011943,226.43764902077));
#1482 = CARTESIAN_POINT('',(4.526393191357,226.32689167693));
#1483 = CARTESIAN_POINT('',(4.531705630702,226.21681692069));
#1484 = ( GEOMETRIC_REPRESENTATION_CONTEXT(2) 
PARAMETRIC_REPRESENTATION_CONTEXT() REPRESENTATION_CONTEXT('2D SPACE',''
  ) );
#1485 = PCURVE('',#1486,#1491);
#1486 = CONICAL_SURFACE('',#1487,84.903926402016,0.294524311274);
#1487 = AXIS2_PLACEMENT_3D('',#1488,#1489,#1490);
#1488 = CARTESIAN_POINT('',(0.,0.,118.97545161008));
#1489 = DIRECTION('',(-0.,-0.,-1.));
#1490 = DIRECTION('',(1.,0.,-0.));
#1491 = DEFINITIONAL_REPRESENTATION('',(#1492),#1498);
#1492 = B_SPLINE_CURVE_WITH_KNOTS('',4,(#1493,#1494,#1495,#1496,#1497),
  .UNSPECIFIED.,.F.,.F.,(5,5),(0.,1.),.PIECEWISE_BEZIER_KNOTS.);
#1493 = CARTESIAN_POINT('',(-0.54596532936,0.));
#1494 = CARTESIAN_POINT('',(-0.547132480062,-0.23381085166));
#1495 = CARTESIAN_POINT('',(-0.548281870714,-0.468077862406));
#1496 = CARTESIAN_POINT('',(-0.549413274938,-0.702797405739));
#1497 = CARTESIAN_POINT('',(-0.550526450539,-0.937965551745));
#1498 = ( GEOMETRIC_REPRESENTATION_CONTEXT(2) 
PARAMETRIC_REPRESENTATION_CONTEXT() REPRESENTATION_CONTEXT('2D SPACE',''
  ) );
#1499 = ORIENTED_EDGE('',*,*,#1500,.T.);
#1500 = EDGE_CURVE('',#1467,#1501,#1503,.T.);
#1501 = VERTEX_POINT('',#1502);
#1502 = CARTESIAN_POINT('',(71.481596698312,44.416669913519,
    120.77785116509));
#1503 = SURFACE_CURVE('',#1504,(#1510,#1519),.PCURVE_S1.);
#1504 = B_SPLINE_CURVE_WITH_KNOTS('',4,(#1505,#1506,#1507,#1508,#1509),
  .UNSPECIFIED.,.F.,.F.,(5,5),(0.,1.),.PIECEWISE_BEZIER_KNOTS.);
#1505 = CARTESIAN_POINT('',(72.116816920691,44.267450547793,
    119.91341716182));
#1506 = CARTESIAN_POINT('',(71.957437684343,44.306831519589,
    120.12899588727));
#1507 = CARTESIAN_POINT('',(71.798432818623,44.344830399189,
    120.34492725901));
#1508 = CARTESIAN_POINT('',(71.63981483629,44.381444403907,
    120.5612120638));
#1509 = CARTESIAN_POINT('',(71.481596698312,44.416669913519,
    120.77785116509));
#1510 = PCURVE('',#411,#1511);
#1511 = DEFINITIONAL_REPRESENTATION('',(#1512),#1518);
#1512 = B_SPLINE_CURVE_WITH_KNOTS('',4,(#1513,#1514,#1515,#1516,#1517),
  .UNSPECIFIED.,.F.,.F.,(5,5),(0.,1.),.PIECEWISE_BEZIER_KNOTS.);
#1513 = CARTESIAN_POINT('',(4.531705630702,226.21681692069));
#1514 = CARTESIAN_POINT('',(4.536575545793,226.05743768434));
#1515 = CARTESIAN_POINT('',(4.541447650704,225.89843281862));
#1516 = CARTESIAN_POINT('',(4.5463222594,225.73981483629));
#1517 = CARTESIAN_POINT('',(4.551199687215,225.58159669831));
#1518 = ( GEOMETRIC_REPRESENTATION_CONTEXT(2) 
PARAMETRIC_REPRESENTATION_CONTEXT() REPRESENTATION_CONTEXT('2D SPACE',''
  ) );
#1519 = PCURVE('',#1520,#1525);
#1520 = CONICAL_SURFACE('',#1521,84.619397662556,0.490873852123);
#1521 = AXIS2_PLACEMENT_3D('',#1522,#1523,#1524);
#1522 = CARTESIAN_POINT('',(0.,0.,119.91341716182));
#1523 = DIRECTION('',(-0.,-0.,-1.));
#1524 = DIRECTION('',(1.,0.,-0.));
#1525 = DEFINITIONAL_REPRESENTATION('',(#1526),#1532);
#1526 = B_SPLINE_CURVE_WITH_KNOTS('',4,(#1527,#1528,#1529,#1530,#1531),
  .UNSPECIFIED.,.F.,.F.,(5,5),(0.,1.),.PIECEWISE_BEZIER_KNOTS.);
#1527 = CARTESIAN_POINT('',(-0.550526450539,0.));
#1528 = CARTESIAN_POINT('',(-0.551908396257,-0.215578725449));
#1529 = CARTESIAN_POINT('',(-0.553279125953,-0.431510097186));
#1530 = CARTESIAN_POINT('',(-0.554638468161,-0.647794901981));
#1531 = CARTESIAN_POINT('',(-0.555986234264,-0.864434003273));
#1532 = ( GEOMETRIC_REPRESENTATION_CONTEXT(2) 
PARAMETRIC_REPRESENTATION_CONTEXT() REPRESENTATION_CONTEXT('2D SPACE',''
  ) );
#1533 = ORIENTED_EDGE('',*,*,#1534,.T.);
#1534 = EDGE_CURVE('',#1501,#1535,#1537,.T.);
#1535 = VERTEX_POINT('',#1536);
#1536 = CARTESIAN_POINT('',(70.675135279889,44.53325362152,
    121.53553390593));
#1537 = SURFACE_CURVE('',#1538,(#1544,#1553),.PCURVE_S1.);
#1538 = B_SPLINE_CURVE_WITH_KNOTS('',4,(#1539,#1540,#1541,#1542,#1543),
  .UNSPECIFIED.,.F.,.F.,(5,5),(0.,1.),.PIECEWISE_BEZIER_KNOTS.);
#1539 = CARTESIAN_POINT('',(71.481596698312,44.416669913519,
    120.77785116509));
#1540 = CARTESIAN_POINT('',(71.279742441098,44.447423421605,
    120.96698717552));
#1541 = CARTESIAN_POINT('',(71.078043195413,44.477105415399,
    121.15631212151));
#1542 = CARTESIAN_POINT('',(70.876505288792,44.505715720397,
    121.3458272361));
#1543 = CARTESIAN_POINT('',(70.675135279889,44.53325362152,
    121.53553390593));
#1544 = PCURVE('',#411,#1545);
#1545 = DEFINITIONAL_REPRESENTATION('',(#1546),#1552);
#1546 = B_SPLINE_CURVE_WITH_KNOTS('',4,(#1547,#1548,#1549,#1550,#1551),
  .UNSPECIFIED.,.F.,.F.,(5,5),(0.,1.),.PIECEWISE_BEZIER_KNOTS.);
#1547 = CARTESIAN_POINT('',(4.551199687215,225.58159669831));
#1548 = CARTESIAN_POINT('',(4.555457908527,225.37974244109));
#1549 = CARTESIAN_POINT('',(4.559716452443,225.17804319541));
#1550 = CARTESIAN_POINT('',(4.563975551223,224.97650528879));
#1551 = CARTESIAN_POINT('',(4.568235439159,224.77513527988));
#1552 = ( GEOMETRIC_REPRESENTATION_CONTEXT(2) 
PARAMETRIC_REPRESENTATION_CONTEXT() REPRESENTATION_CONTEXT('2D SPACE',''
  ) );
#1553 = PCURVE('',#1554,#1559);
#1554 = CONICAL_SURFACE('',#1555,84.157348061513,0.687223392973);
#1555 = AXIS2_PLACEMENT_3D('',#1556,#1557,#1558);
#1556 = CARTESIAN_POINT('',(0.,0.,120.77785116509));
#1557 = DIRECTION('',(-0.,-0.,-1.));
#1558 = DIRECTION('',(1.,0.,-0.));
#1559 = DEFINITIONAL_REPRESENTATION('',(#1560),#1566);
#1560 = B_SPLINE_CURVE_WITH_KNOTS('',4,(#1561,#1562,#1563,#1564,#1565),
  .UNSPECIFIED.,.F.,.F.,(5,5),(0.,1.),.PIECEWISE_BEZIER_KNOTS.);
#1561 = CARTESIAN_POINT('',(-0.555986234264,0.));
#1562 = CARTESIAN_POINT('',(-0.557562523433,-0.189136010424));
#1563 = CARTESIAN_POINT('',(-0.559134778746,-0.378460956414));
#1564 = CARTESIAN_POINT('',(-0.560702942023,-0.567976071002));
#1565 = CARTESIAN_POINT('',(-0.562266945542,-0.757682740835));
#1566 = ( GEOMETRIC_REPRESENTATION_CONTEXT(2) 
PARAMETRIC_REPRESENTATION_CONTEXT() REPRESENTATION_CONTEXT('2D SPACE',''
  ) );
#1567 = ORIENTED_EDGE('',*,*,#1568,.T.);
#1568 = EDGE_CURVE('',#1535,#1569,#1571,.T.);
#1569 = VERTEX_POINT('',#1570);
#1570 = CARTESIAN_POINT('',(69.723089613022,44.619092531401,
    122.15734806151));
#1571 = SURFACE_CURVE('',#1572,(#1578,#1587),.PCURVE_S1.);
#1572 = B_SPLINE_CURVE_WITH_KNOTS('',4,(#1573,#1574,#1575,#1576,#1577),
  .UNSPECIFIED.,.F.,.F.,(5,5),(0.,1.),.PIECEWISE_BEZIER_KNOTS.);
#1573 = CARTESIAN_POINT('',(70.675135279889,44.53325362152,
    121.53553390593));
#1574 = CARTESIAN_POINT('',(70.437111779206,44.555811359583,
    121.69093258165));
#1575 = CARTESIAN_POINT('',(70.199095270775,44.57763616894,
    121.84636793457));
#1576 = CARTESIAN_POINT('',(69.961087345962,44.598729485471,
    122.00183980257));
#1577 = CARTESIAN_POINT('',(69.723089613022,44.619092531401,
    122.15734806151));
#1578 = PCURVE('',#411,#1579);
#1579 = DEFINITIONAL_REPRESENTATION('',(#1580),#1586);
#1580 = B_SPLINE_CURVE_WITH_KNOTS('',4,(#1581,#1582,#1583,#1584,#1585),
  .UNSPECIFIED.,.F.,.F.,(5,5),(0.,1.),.PIECEWISE_BEZIER_KNOTS.);
#1581 = CARTESIAN_POINT('',(4.568235439159,224.77513527988));
#1582 = CARTESIAN_POINT('',(4.571724936626,224.5371117792));
#1583 = CARTESIAN_POINT('',(4.575212900942,224.29909527077));
#1584 = CARTESIAN_POINT('',(4.578699446413,224.06108734596));
#1585 = CARTESIAN_POINT('',(4.582184686702,223.82308961302));
#1586 = ( GEOMETRIC_REPRESENTATION_CONTEXT(2) 
PARAMETRIC_REPRESENTATION_CONTEXT() REPRESENTATION_CONTEXT('2D SPACE',''
  ) );
#1587 = PCURVE('',#1588,#1593);
#1588 = CONICAL_SURFACE('',#1589,83.535533905933,0.883572933822);
#1589 = AXIS2_PLACEMENT_3D('',#1590,#1591,#1592);
#1590 = CARTESIAN_POINT('',(0.,0.,121.53553390593));
#1591 = DIRECTION('',(-0.,-0.,-1.));
#1592 = DIRECTION('',(1.,0.,-0.));
#1593 = DEFINITIONAL_REPRESENTATION('',(#1594),#1600);
#1594 = B_SPLINE_CURVE_WITH_KNOTS('',4,(#1595,#1596,#1597,#1598,#1599),
  .UNSPECIFIED.,.F.,.F.,(5,5),(0.,1.),.PIECEWISE_BEZIER_KNOTS.);
#1595 = CARTESIAN_POINT('',(-0.562266945542,0.));
#1596 = CARTESIAN_POINT('',(-0.564014424489,-0.155398675722));
#1597 = CARTESIAN_POINT('',(-0.565764998612,-0.310834028638));
#1598 = CARTESIAN_POINT('',(-0.56751873423,-0.466305896638));
#1599 = CARTESIAN_POINT('',(-0.569275697747,-0.62181415558));
#1600 = ( GEOMETRIC_REPRESENTATION_CONTEXT(2) 
PARAMETRIC_REPRESENTATION_CONTEXT() REPRESENTATION_CONTEXT('2D SPACE',''
  ) );
#1601 = ORIENTED_EDGE('',*,*,#1602,.F.);
#1602 = EDGE_CURVE('',#1603,#1569,#1605,.T.);
#1603 = VERTEX_POINT('',#1604);
#1604 = CARTESIAN_POINT('',(68.656818981372,44.677165515354,
    122.61939766255));
#1605 = SURFACE_CURVE('',#1606,(#1612,#1621),.PCURVE_S1.);
#1606 = B_SPLINE_CURVE_WITH_KNOTS('',4,(#1607,#1608,#1609,#1610,#1611),
  .UNSPECIFIED.,.F.,.F.,(5,5),(0.,1.),.PIECEWISE_BEZIER_KNOTS.);
#1607 = CARTESIAN_POINT('',(68.656818981373,44.677165515354,
    122.61939766255));
#1608 = CARTESIAN_POINT('',(68.923878617342,44.663245094555,
    122.50381117147));
#1609 = CARTESIAN_POINT('',(69.190609843203,44.648925954424,
    122.38827269927));
#1610 = CARTESIAN_POINT('',(69.457013371385,44.634208343435,
    122.27278430911));
#1611 = CARTESIAN_POINT('',(69.723089613022,44.619092531401,
    122.15734806151));
#1612 = PCURVE('',#411,#1613);
#1613 = DEFINITIONAL_REPRESENTATION('',(#1614),#1620);
#1614 = B_SPLINE_CURVE_WITH_KNOTS('',4,(#1615,#1616,#1617,#1618,#1619),
  .UNSPECIFIED.,.F.,.F.,(5,5),(0.,1.),.PIECEWISE_BEZIER_KNOTS.);
#1615 = CARTESIAN_POINT('',(4.592533283331,222.75681898137));
#1616 = CARTESIAN_POINT('',(4.589946134174,223.02387861734));
#1617 = CARTESIAN_POINT('',(4.587358985016,223.2906098432));
#1618 = CARTESIAN_POINT('',(4.584771835858,223.55701337138));
#1619 = CARTESIAN_POINT('',(4.582184686702,223.82308961302));
#1620 = ( GEOMETRIC_REPRESENTATION_CONTEXT(2) 
PARAMETRIC_REPRESENTATION_CONTEXT() REPRESENTATION_CONTEXT('2D SPACE',''
  ) );
#1621 = PCURVE('',#1622,#1627);
#1622 = CONICAL_SURFACE('',#1623,82.777851165098,1.079922474671);
#1623 = AXIS2_PLACEMENT_3D('',#1624,#1625,#1626);
#1624 = CARTESIAN_POINT('',(0.,0.,122.15734806151));
#1625 = DIRECTION('',(-0.,-0.,-1.));
#1626 = DIRECTION('',(1.,0.,-0.));
#1627 = DEFINITIONAL_REPRESENTATION('',(#1628),#1634);
#1628 = B_SPLINE_CURVE_WITH_KNOTS('',4,(#1629,#1630,#1631,#1632,#1633),
  .UNSPECIFIED.,.F.,.F.,(5,5),(0.,1.),.PIECEWISE_BEZIER_KNOTS.);
#1629 = CARTESIAN_POINT('',(-0.576889393852,-0.462049601044));
#1630 = CARTESIAN_POINT('',(-0.574968742838,-0.346463109966));
#1631 = CARTESIAN_POINT('',(-0.573059719822,-0.23092463776));
#1632 = CARTESIAN_POINT('',(-0.571162106954,-0.115436247606));
#1633 = CARTESIAN_POINT('',(-0.569275697747,0.));
#1634 = ( GEOMETRIC_REPRESENTATION_CONTEXT(2) 
PARAMETRIC_REPRESENTATION_CONTEXT() REPRESENTATION_CONTEXT('2D SPACE',''
  ) );
#1635 = ORIENTED_EDGE('',*,*,#1636,.F.);
#1636 = EDGE_CURVE('',#1637,#1603,#1639,.T.);
#1637 = VERTEX_POINT('',#1638);
#1638 = CARTESIAN_POINT('',(67.512915279764,44.710513683964,
    122.90392640201));
#1639 = SURFACE_CURVE('',#1640,(#1646,#1655),.PCURVE_S1.);
#1640 = B_SPLINE_CURVE_WITH_KNOTS('',4,(#1641,#1642,#1643,#1644,#1645),
  .UNSPECIFIED.,.F.,.F.,(5,5),(0.,1.),.PIECEWISE_BEZIER_KNOTS.);
#1641 = CARTESIAN_POINT('',(67.512915279764,44.710513683964,
    122.90392640201));
#1642 = CARTESIAN_POINT('',(67.799641080082,44.702403089127,122.83276792
    ));
#1643 = CARTESIAN_POINT('',(68.08586065182,44.694141492372,
    122.76162664897));
#1644 = CARTESIAN_POINT('',(68.371583658253,44.685728948494,
    122.69050306968));
#1645 = CARTESIAN_POINT('',(68.656818981372,44.677165515354,
    122.61939766255));
#1646 = PCURVE('',#411,#1647);
#1647 = DEFINITIONAL_REPRESENTATION('',(#1648),#1654);
#1648 = B_SPLINE_CURVE_WITH_KNOTS('',4,(#1649,#1650,#1651,#1652,#1653),
  .UNSPECIFIED.,.F.,.F.,(5,5),(0.,1.),.PIECEWISE_BEZIER_KNOTS.);
#1649 = CARTESIAN_POINT('',(4.598899435379,221.61291527976));
#1650 = CARTESIAN_POINT('',(4.597307897368,221.89964108008));
#1651 = CARTESIAN_POINT('',(4.595716359355,222.18586065182));
#1652 = CARTESIAN_POINT('',(4.594124821341,222.47158365825));
#1653 = CARTESIAN_POINT('',(4.592533283331,222.75681898137));
#1654 = ( GEOMETRIC_REPRESENTATION_CONTEXT(2) 
PARAMETRIC_REPRESENTATION_CONTEXT() REPRESENTATION_CONTEXT('2D SPACE',''
  ) );
#1655 = PCURVE('',#1656,#1661);
#1656 = CONICAL_SURFACE('',#1657,81.913417161825,1.276272015521);
#1657 = AXIS2_PLACEMENT_3D('',#1658,#1659,#1660);
#1658 = CARTESIAN_POINT('',(0.,0.,122.61939766255));
#1659 = DIRECTION('',(-0.,-0.,-1.));
#1660 = DIRECTION('',(1.,0.,-0.));
#1661 = DEFINITIONAL_REPRESENTATION('',(#1662),#1668);
#1662 = B_SPLINE_CURVE_WITH_KNOTS('',4,(#1663,#1664,#1665,#1666,#1667),
  .UNSPECIFIED.,.F.,.F.,(5,5),(0.,1.),.PIECEWISE_BEZIER_KNOTS.);
#1663 = CARTESIAN_POINT('',(-0.584939555851,-0.28452873946));
#1664 = CARTESIAN_POINT('',(-0.582900943791,-0.213370257451));
#1665 = CARTESIAN_POINT('',(-0.58087997721,-0.142228986417));
#1666 = CARTESIAN_POINT('',(-0.578876253088,-7.110540713177E-02));
#1667 = CARTESIAN_POINT('',(-0.576889393852,0.));
#1668 = ( GEOMETRIC_REPRESENTATION_CONTEXT(2) 
PARAMETRIC_REPRESENTATION_CONTEXT() REPRESENTATION_CONTEXT('2D SPACE',''
  ) );
#1669 = ORIENTED_EDGE('',*,*,#1670,.F.);
#1670 = EDGE_CURVE('',#1671,#1637,#1673,.T.);
#1671 = VERTEX_POINT('',#1672);
#1672 = CARTESIAN_POINT('',(66.332495807108,44.721359549996,123.));
#1673 = SURFACE_CURVE('',#1674,(#1680,#1689),.PCURVE_S1.);
#1674 = B_SPLINE_CURVE_WITH_KNOTS('',4,(#1675,#1676,#1677,#1678,#1679),
  .UNSPECIFIED.,.F.,.F.,(5,5),(0.,1.),.PIECEWISE_BEZIER_KNOTS.);
#1675 = CARTESIAN_POINT('',(66.332495807107,44.721359549996,123.));
#1676 = CARTESIAN_POINT('',(66.628451762167,44.718673886668,
    122.97597869693));
#1677 = CARTESIAN_POINT('',(66.923830660399,44.715971019832,
    122.95195931722));
#1678 = CARTESIAN_POINT('',(67.218647275018,44.71325095156,
    122.9279418794));
#1679 = CARTESIAN_POINT('',(67.512915279764,44.710513683964,
    122.90392640201));
#1680 = PCURVE('',#411,#1681);
#1681 = DEFINITIONAL_REPRESENTATION('',(#1682),#1688);
#1682 = B_SPLINE_CURVE_WITH_KNOTS('',4,(#1683,#1684,#1685,#1686,#1687),
  .UNSPECIFIED.,.F.,.F.,(5,5),(0.,1.),.PIECEWISE_BEZIER_KNOTS.);
#1683 = CARTESIAN_POINT('',(4.601047966044,220.4324958071));
#1684 = CARTESIAN_POINT('',(4.600510833378,220.72845176216));
#1685 = CARTESIAN_POINT('',(4.599973700711,221.02383066039));
#1686 = CARTESIAN_POINT('',(4.599436568044,221.31864727501));
#1687 = CARTESIAN_POINT('',(4.598899435379,221.61291527976));
#1688 = ( GEOMETRIC_REPRESENTATION_CONTEXT(2) 
PARAMETRIC_REPRESENTATION_CONTEXT() REPRESENTATION_CONTEXT('2D SPACE',''
  ) );
#1689 = PCURVE('',#1690,#1695);
#1690 = CONICAL_SURFACE('',#1691,80.975451610081,1.47262155637);
#1691 = AXIS2_PLACEMENT_3D('',#1692,#1693,#1694);
#1692 = CARTESIAN_POINT('',(0.,0.,122.90392640201));
#1693 = DIRECTION('',(-0.,-0.,-1.));
#1694 = DIRECTION('',(1.,0.,-0.));
#1695 = DEFINITIONAL_REPRESENTATION('',(#1696),#1702);
#1696 = B_SPLINE_CURVE_WITH_KNOTS('',4,(#1697,#1698,#1699,#1700,#1701),
  .UNSPECIFIED.,.F.,.F.,(5,5),(0.,1.),.PIECEWISE_BEZIER_KNOTS.);
#1697 = CARTESIAN_POINT('',(-0.59319977615,-9.607359798394E-02));
#1698 = CARTESIAN_POINT('',(-0.591103885614,-7.205229492302E-02));
#1699 = CARTESIAN_POINT('',(-0.589028888096,-4.803291521117E-02));
#1700 = CARTESIAN_POINT('',(-0.586974270845,-2.401547739326E-02));
#1701 = CARTESIAN_POINT('',(-0.584939555851,0.));
#1702 = ( GEOMETRIC_REPRESENTATION_CONTEXT(2) 
PARAMETRIC_REPRESENTATION_CONTEXT() REPRESENTATION_CONTEXT('2D SPACE',''
  ) );
#1703 = ORIENTED_EDGE('',*,*,#1704,.F.);
#1704 = EDGE_CURVE('',#598,#1671,#1705,.T.);
#1705 = SURFACE_CURVE('',#1706,(#1710,#1716),.PCURVE_S1.);
#1706 = LINE('',#1707,#1708);
#1707 = CARTESIAN_POINT('',(-154.1,44.721359549996,123.));
#1708 = VECTOR('',#1709,1.);
#1709 = DIRECTION('',(1.,0.,0.));
#1710 = PCURVE('',#411,#1711);
#1711 = DEFINITIONAL_REPRESENTATION('',(#1712),#1715);
#1712 = B_SPLINE_CURVE_WITH_KNOTS('',1,(#1713,#1714),.UNSPECIFIED.,.F.,
  .F.,(2,2),(58.1,250.1),.PIECEWISE_BEZIER_KNOTS.);
#1713 = CARTESIAN_POINT('',(4.601047966044,58.1));
#1714 = CARTESIAN_POINT('',(4.601047966044,250.1));
#1715 = ( GEOMETRIC_REPRESENTATION_CONTEXT(2) 
PARAMETRIC_REPRESENTATION_CONTEXT() REPRESENTATION_CONTEXT('2D SPACE',''
  ) );
#1716 = PCURVE('',#1717,#1722);
#1717 = PLANE('',#1718);
#1718 = AXIS2_PLACEMENT_3D('',#1719,#1720,#1721);
#1719 = CARTESIAN_POINT('',(0.,0.,123.));
#1720 = DIRECTION('',(0.,0.,1.));
#1721 = DIRECTION('',(1.,0.,-0.));
#1722 = DEFINITIONAL_REPRESENTATION('',(#1723),#1726);
#1723 = B_SPLINE_CURVE_WITH_KNOTS('',1,(#1724,#1725),.UNSPECIFIED.,.F.,
  .F.,(2,2),(58.1,250.1),.PIECEWISE_BEZIER_KNOTS.);
#1724 = CARTESIAN_POINT('',(-96.,44.721359549996));
#1725 = CARTESIAN_POINT('',(96.,44.721359549996));
#1726 = ( GEOMETRIC_REPRESENTATION_CONTEXT(2) 
PARAMETRIC_REPRESENTATION_CONTEXT() REPRESENTATION_CONTEXT('2D SPACE',''
  ) );
#1727 = ADVANCED_FACE('',(#1728,#1731,#1762,#1793,#1824,#1855,#1886),
  #827,.T.);
#1728 = FACE_BOUND('',#1729,.T.);
#1729 = EDGE_LOOP('',(#1730));
#1730 = ORIENTED_EDGE('',*,*,#812,.T.);
#1731 = FACE_BOUND('',#1732,.T.);
#1732 = EDGE_LOOP('',(#1733));
#1733 = ORIENTED_EDGE('',*,*,#1734,.F.);
#1734 = EDGE_CURVE('',#1735,#1735,#1737,.T.);
#1735 = VERTEX_POINT('',#1736);
#1736 = CARTESIAN_POINT('',(154.1,22.041946960968,100.66186271093));
#1737 = SURFACE_CURVE('',#1738,(#1743,#1750),.PCURVE_S1.);
#1738 = CIRCLE('',#1739,3.);
#1739 = AXIS2_PLACEMENT_3D('',#1740,#1741,#1742);
#1740 = CARTESIAN_POINT('',(154.1,22.041946960968,97.661862710939));
#1741 = DIRECTION('',(1.,0.,0.));
#1742 = DIRECTION('',(-0.,0.,1.));
#1743 = PCURVE('',#827,#1744);
#1744 = DEFINITIONAL_REPRESENTATION('',(#1745),#1749);
#1745 = CIRCLE('',#1746,3.);
#1746 = AXIS2_PLACEMENT_2D('',#1747,#1748);
#1747 = CARTESIAN_POINT('',(-30.33813728906,-22.04194696096));
#1748 = DIRECTION('',(1.,0.));
#1749 = ( GEOMETRIC_REPRESENTATION_CONTEXT(2) 
PARAMETRIC_REPRESENTATION_CONTEXT() REPRESENTATION_CONTEXT('2D SPACE',''
  ) );
#1750 = PCURVE('',#1751,#1756);
#1751 = CYLINDRICAL_SURFACE('',#1752,3.);
#1752 = AXIS2_PLACEMENT_3D('',#1753,#1754,#1755);
#1753 = CARTESIAN_POINT('',(142.1,22.041946960968,97.661862710939));
#1754 = DIRECTION('',(1.,0.,0.));
#1755 = DIRECTION('',(-0.,0.,1.));
#1756 = DEFINITIONAL_REPRESENTATION('',(#1757),#1761);
#1757 = LINE('',#1758,#1759);
#1758 = CARTESIAN_POINT('',(0.,12.));
#1759 = VECTOR('',#1760,1.);
#1760 = DIRECTION('',(1.,0.));
#1761 = ( GEOMETRIC_REPRESENTATION_CONTEXT(2) 
PARAMETRIC_REPRESENTATION_CONTEXT() REPRESENTATION_CONTEXT('2D SPACE',''
  ) );
#1762 = FACE_BOUND('',#1763,.T.);
#1763 = EDGE_LOOP('',(#1764));
#1764 = ORIENTED_EDGE('',*,*,#1765,.F.);
#1765 = EDGE_CURVE('',#1766,#1766,#1768,.T.);
#1766 = VERTEX_POINT('',#1767);
#1767 = CARTESIAN_POINT('',(154.1,7.347880794884E-15,158.));
#1768 = SURFACE_CURVE('',#1769,(#1774,#1781),.PCURVE_S1.);
#1769 = CIRCLE('',#1770,30.);
#1770 = AXIS2_PLACEMENT_3D('',#1771,#1772,#1773);
#1771 = CARTESIAN_POINT('',(154.1,0.,128.));
#1772 = DIRECTION('',(1.,0.,0.));
#1773 = DIRECTION('',(-0.,0.,1.));
#1774 = PCURVE('',#827,#1775);
#1775 = DEFINITIONAL_REPRESENTATION('',(#1776),#1780);
#1776 = CIRCLE('',#1777,30.);
#1777 = AXIS2_PLACEMENT_2D('',#1778,#1779);
#1778 = CARTESIAN_POINT('',(0.,0.));
#1779 = DIRECTION('',(1.,0.));
#1780 = ( GEOMETRIC_REPRESENTATION_CONTEXT(2) 
PARAMETRIC_REPRESENTATION_CONTEXT() REPRESENTATION_CONTEXT('2D SPACE',''
  ) );
#1781 = PCURVE('',#1782,#1787);
#1782 = CYLINDRICAL_SURFACE('',#1783,30.);
#1783 = AXIS2_PLACEMENT_3D('',#1784,#1785,#1786);
#1784 = CARTESIAN_POINT('',(89.2,0.,128.));
#1785 = DIRECTION('',(1.,0.,0.));
#1786 = DIRECTION('',(-0.,0.,1.));
#1787 = DEFINITIONAL_REPRESENTATION('',(#1788),#1792);
#1788 = LINE('',#1789,#1790);
#1789 = CARTESIAN_POINT('',(0.,64.9));
#1790 = VECTOR('',#1791,1.);
#1791 = DIRECTION('',(1.,0.));
#1792 = ( GEOMETRIC_REPRESENTATION_CONTEXT(2) 
PARAMETRIC_REPRESENTATION_CONTEXT() REPRESENTATION_CONTEXT('2D SPACE',''
  ) );
#1793 = FACE_BOUND('',#1794,.T.);
#1794 = EDGE_LOOP('',(#1795));
#1795 = ORIENTED_EDGE('',*,*,#1796,.F.);
#1796 = EDGE_CURVE('',#1797,#1797,#1799,.T.);
#1797 = VERTEX_POINT('',#1798);
#1798 = CARTESIAN_POINT('',(154.1,35.664619361068,142.58813728906));
#1799 = SURFACE_CURVE('',#1800,(#1805,#1812),.PCURVE_S1.);
#1800 = CIRCLE('',#1801,3.);
#1801 = AXIS2_PLACEMENT_3D('',#1802,#1803,#1804);
#1802 = CARTESIAN_POINT('',(154.1,35.664619361068,139.58813728906));
#1803 = DIRECTION('',(1.,0.,0.));
#1804 = DIRECTION('',(-0.,0.,1.));
#1805 = PCURVE('',#827,#1806);
#1806 = DEFINITIONAL_REPRESENTATION('',(#1807),#1811);
#1807 = CIRCLE('',#1808,3.);
#1808 = AXIS2_PLACEMENT_2D('',#1809,#1810);
#1809 = CARTESIAN_POINT('',(11.588137289061,-35.66461936106));
#1810 = DIRECTION('',(1.,0.));
#1811 = ( GEOMETRIC_REPRESENTATION_CONTEXT(2) 
PARAMETRIC_REPRESENTATION_CONTEXT() REPRESENTATION_CONTEXT('2D SPACE',''
  ) );
#1812 = PCURVE('',#1813,#1818);
#1813 = CYLINDRICAL_SURFACE('',#1814,3.);
#1814 = AXIS2_PLACEMENT_3D('',#1815,#1816,#1817);
#1815 = CARTESIAN_POINT('',(142.1,35.664619361068,139.58813728906));
#1816 = DIRECTION('',(1.,0.,0.));
#1817 = DIRECTION('',(-0.,0.,1.));
#1818 = DEFINITIONAL_REPRESENTATION('',(#1819),#1823);
#1819 = LINE('',#1820,#1821);
#1820 = CARTESIAN_POINT('',(0.,12.));
#1821 = VECTOR('',#1822,1.);
#1822 = DIRECTION('',(1.,0.));
#1823 = ( GEOMETRIC_REPRESENTATION_CONTEXT(2) 
PARAMETRIC_REPRESENTATION_CONTEXT() REPRESENTATION_CONTEXT('2D SPACE',''
  ) );
#1824 = FACE_BOUND('',#1825,.T.);
#1825 = EDGE_LOOP('',(#1826));
#1826 = ORIENTED_EDGE('',*,*,#1827,.F.);
#1827 = EDGE_CURVE('',#1828,#1828,#1830,.T.);
#1828 = VERTEX_POINT('',#1829);
#1829 = CARTESIAN_POINT('',(154.1,7.347880794884E-16,168.5));
#1830 = SURFACE_CURVE('',#1831,(#1836,#1843),.PCURVE_S1.);
#1831 = CIRCLE('',#1832,3.);
#1832 = AXIS2_PLACEMENT_3D('',#1833,#1834,#1835);
#1833 = CARTESIAN_POINT('',(154.1,0.,165.5));
#1834 = DIRECTION('',(1.,0.,0.));
#1835 = DIRECTION('',(-0.,0.,1.));
#1836 = PCURVE('',#827,#1837);
#1837 = DEFINITIONAL_REPRESENTATION('',(#1838),#1842);
#1838 = CIRCLE('',#1839,3.);
#1839 = AXIS2_PLACEMENT_2D('',#1840,#1841);
#1840 = CARTESIAN_POINT('',(37.5,0.));
#1841 = DIRECTION('',(1.,0.));
#1842 = ( GEOMETRIC_REPRESENTATION_CONTEXT(2) 
PARAMETRIC_REPRESENTATION_CONTEXT() REPRESENTATION_CONTEXT('2D SPACE',''
  ) );
#1843 = PCURVE('',#1844,#1849);
#1844 = CYLINDRICAL_SURFACE('',#1845,3.);
#1845 = AXIS2_PLACEMENT_3D('',#1846,#1847,#1848);
#1846 = CARTESIAN_POINT('',(142.1,0.,165.5));
#1847 = DIRECTION('',(1.,0.,0.));
#1848 = DIRECTION('',(-0.,0.,1.));
#1849 = DEFINITIONAL_REPRESENTATION('',(#1850),#1854);
#1850 = LINE('',#1851,#1852);
#1851 = CARTESIAN_POINT('',(0.,12.));
#1852 = VECTOR('',#1853,1.);
#1853 = DIRECTION('',(1.,0.));
#1854 = ( GEOMETRIC_REPRESENTATION_CONTEXT(2) 
PARAMETRIC_REPRESENTATION_CONTEXT() REPRESENTATION_CONTEXT('2D SPACE',''
  ) );
#1855 = FACE_BOUND('',#1856,.T.);
#1856 = EDGE_LOOP('',(#1857));
#1857 = ORIENTED_EDGE('',*,*,#1858,.F.);
#1858 = EDGE_CURVE('',#1859,#1859,#1861,.T.);
#1859 = VERTEX_POINT('',#1860);
#1860 = CARTESIAN_POINT('',(154.1,-22.04194696096,100.66186271093));
#1861 = SURFACE_CURVE('',#1862,(#1867,#1874),.PCURVE_S1.);
#1862 = CIRCLE('',#1863,3.);
#1863 = AXIS2_PLACEMENT_3D('',#1864,#1865,#1866);
#1864 = CARTESIAN_POINT('',(154.1,-22.04194696096,97.661862710939));
#1865 = DIRECTION('',(1.,0.,0.));
#1866 = DIRECTION('',(-0.,0.,1.));
#1867 = PCURVE('',#827,#1868);
#1868 = DEFINITIONAL_REPRESENTATION('',(#1869),#1873);
#1869 = CIRCLE('',#1870,3.);
#1870 = AXIS2_PLACEMENT_2D('',#1871,#1872);
#1871 = CARTESIAN_POINT('',(-30.33813728906,22.041946960968));
#1872 = DIRECTION('',(1.,0.));
#1873 = ( GEOMETRIC_REPRESENTATION_CONTEXT(2) 
PARAMETRIC_REPRESENTATION_CONTEXT() REPRESENTATION_CONTEXT('2D SPACE',''
  ) );
#1874 = PCURVE('',#1875,#1880);
#1875 = CYLINDRICAL_SURFACE('',#1876,3.);
#1876 = AXIS2_PLACEMENT_3D('',#1877,#1878,#1879);
#1877 = CARTESIAN_POINT('',(142.1,-22.04194696096,97.661862710939));
#1878 = DIRECTION('',(1.,0.,0.));
#1879 = DIRECTION('',(-0.,0.,1.));
#1880 = DEFINITIONAL_REPRESENTATION('',(#1881),#1885);
#1881 = LINE('',#1882,#1883);
#1882 = CARTESIAN_POINT('',(0.,12.));
#1883 = VECTOR('',#1884,1.);
#1884 = DIRECTION('',(1.,0.));
#1885 = ( GEOMETRIC_REPRESENTATION_CONTEXT(2) 
PARAMETRIC_REPRESENTATION_CONTEXT() REPRESENTATION_CONTEXT('2D SPACE',''
  ) );
#1886 = FACE_BOUND('',#1887,.T.);
#1887 = EDGE_LOOP('',(#1888));
#1888 = ORIENTED_EDGE('',*,*,#1889,.F.);
#1889 = EDGE_CURVE('',#1890,#1890,#1892,.T.);
#1890 = VERTEX_POINT('',#1891);
#1891 = CARTESIAN_POINT('',(154.1,-35.66461936106,142.58813728906));
#1892 = SURFACE_CURVE('',#1893,(#1898,#1905),.PCURVE_S1.);
#1893 = CIRCLE('',#1894,3.);
#1894 = AXIS2_PLACEMENT_3D('',#1895,#1896,#1897);
#1895 = CARTESIAN_POINT('',(154.1,-35.66461936106,139.58813728906));
#1896 = DIRECTION('',(1.,0.,0.));
#1897 = DIRECTION('',(-0.,0.,1.));
#1898 = PCURVE('',#827,#1899);
#1899 = DEFINITIONAL_REPRESENTATION('',(#1900),#1904);
#1900 = CIRCLE('',#1901,3.);
#1901 = AXIS2_PLACEMENT_2D('',#1902,#1903);
#1902 = CARTESIAN_POINT('',(11.588137289061,35.664619361068));
#1903 = DIRECTION('',(1.,0.));
#1904 = ( GEOMETRIC_REPRESENTATION_CONTEXT(2) 
PARAMETRIC_REPRESENTATION_CONTEXT() REPRESENTATION_CONTEXT('2D SPACE',''
  ) );
#1905 = PCURVE('',#1906,#1911);
#1906 = CYLINDRICAL_SURFACE('',#1907,3.);
#1907 = AXIS2_PLACEMENT_3D('',#1908,#1909,#1910);
#1908 = CARTESIAN_POINT('',(142.1,-35.66461936106,139.58813728906));
#1909 = DIRECTION('',(1.,0.,0.));
#1910 = DIRECTION('',(-0.,0.,1.));
#1911 = DEFINITIONAL_REPRESENTATION('',(#1912),#1916);
#1912 = LINE('',#1913,#1914);
#1913 = CARTESIAN_POINT('',(0.,12.));
#1914 = VECTOR('',#1915,1.);
#1915 = DIRECTION('',(1.,0.));
#1916 = ( GEOMETRIC_REPRESENTATION_CONTEXT(2) 
PARAMETRIC_REPRESENTATION_CONTEXT() REPRESENTATION_CONTEXT('2D SPACE',''
  ) );
#1917 = ADVANCED_FACE('',(#1918),#1906,.F.);
#1918 = FACE_BOUND('',#1919,.F.);
#1919 = EDGE_LOOP('',(#1920,#1921,#1944,#1971));
#1920 = ORIENTED_EDGE('',*,*,#1889,.F.);
#1921 = ORIENTED_EDGE('',*,*,#1922,.F.);
#1922 = EDGE_CURVE('',#1923,#1890,#1925,.T.);
#1923 = VERTEX_POINT('',#1924);
#1924 = CARTESIAN_POINT('',(142.1,-35.66461936106,142.58813728906));
#1925 = SEAM_CURVE('',#1926,(#1930,#1937),.PCURVE_S1.);
#1926 = LINE('',#1927,#1928);
#1927 = CARTESIAN_POINT('',(142.1,-35.66461936106,142.58813728906));
#1928 = VECTOR('',#1929,1.);
#1929 = DIRECTION('',(1.,0.,0.));
#1930 = PCURVE('',#1906,#1931);
#1931 = DEFINITIONAL_REPRESENTATION('',(#1932),#1936);
#1932 = LINE('',#1933,#1934);
#1933 = CARTESIAN_POINT('',(6.28318530718,-0.));
#1934 = VECTOR('',#1935,1.);
#1935 = DIRECTION('',(0.,1.));
#1936 = ( GEOMETRIC_REPRESENTATION_CONTEXT(2) 
PARAMETRIC_REPRESENTATION_CONTEXT() REPRESENTATION_CONTEXT('2D SPACE',''
  ) );
#1937 = PCURVE('',#1906,#1938);
#1938 = DEFINITIONAL_REPRESENTATION('',(#1939),#1943);
#1939 = LINE('',#1940,#1941);
#1940 = CARTESIAN_POINT('',(0.,-0.));
#1941 = VECTOR('',#1942,1.);
#1942 = DIRECTION('',(0.,1.));
#1943 = ( GEOMETRIC_REPRESENTATION_CONTEXT(2) 
PARAMETRIC_REPRESENTATION_CONTEXT() REPRESENTATION_CONTEXT('2D SPACE',''
  ) );
#1944 = ORIENTED_EDGE('',*,*,#1945,.T.);
#1945 = EDGE_CURVE('',#1923,#1923,#1946,.T.);
#1946 = SURFACE_CURVE('',#1947,(#1952,#1959),.PCURVE_S1.);
#1947 = CIRCLE('',#1948,3.);
#1948 = AXIS2_PLACEMENT_3D('',#1949,#1950,#1951);
#1949 = CARTESIAN_POINT('',(142.1,-35.66461936106,139.58813728906));
#1950 = DIRECTION('',(1.,0.,0.));
#1951 = DIRECTION('',(-0.,0.,1.));
#1952 = PCURVE('',#1906,#1953);
#1953 = DEFINITIONAL_REPRESENTATION('',(#1954),#1958);
#1954 = LINE('',#1955,#1956);
#1955 = CARTESIAN_POINT('',(0.,0.));
#1956 = VECTOR('',#1957,1.);
#1957 = DIRECTION('',(1.,0.));
#1958 = ( GEOMETRIC_REPRESENTATION_CONTEXT(2) 
PARAMETRIC_REPRESENTATION_CONTEXT() REPRESENTATION_CONTEXT('2D SPACE',''
  ) );
#1959 = PCURVE('',#1960,#1965);
#1960 = PLANE('',#1961);
#1961 = AXIS2_PLACEMENT_3D('',#1962,#1963,#1964);
#1962 = CARTESIAN_POINT('',(142.1,-35.66461936106,139.58813728906));
#1963 = DIRECTION('',(1.,0.,0.));
#1964 = DIRECTION('',(-0.,0.,1.));
#1965 = DEFINITIONAL_REPRESENTATION('',(#1966),#1970);
#1966 = CIRCLE('',#1967,3.);
#1967 = AXIS2_PLACEMENT_2D('',#1968,#1969);
#1968 = CARTESIAN_POINT('',(0.,0.));
#1969 = DIRECTION('',(1.,0.));
#1970 = ( GEOMETRIC_REPRESENTATION_CONTEXT(2) 
PARAMETRIC_REPRESENTATION_CONTEXT() REPRESENTATION_CONTEXT('2D SPACE',''
  ) );
#1971 = ORIENTED_EDGE('',*,*,#1922,.T.);
#1972 = ADVANCED_FACE('',(#1973),#1960,.T.);
#1973 = FACE_BOUND('',#1974,.F.);
#1974 = EDGE_LOOP('',(#1975));
#1975 = ORIENTED_EDGE('',*,*,#1945,.F.);
#1976 = ADVANCED_FACE('',(#1977),#1875,.F.);
#1977 = FACE_BOUND('',#1978,.F.);
#1978 = EDGE_LOOP('',(#1979,#1980,#2003,#2030));
#1979 = ORIENTED_EDGE('',*,*,#1858,.F.);
#1980 = ORIENTED_EDGE('',*,*,#1981,.F.);
#1981 = EDGE_CURVE('',#1982,#1859,#1984,.T.);
#1982 = VERTEX_POINT('',#1983);
#1983 = CARTESIAN_POINT('',(142.1,-22.04194696096,100.66186271093));
#1984 = SEAM_CURVE('',#1985,(#1989,#1996),.PCURVE_S1.);
#1985 = LINE('',#1986,#1987);
#1986 = CARTESIAN_POINT('',(142.1,-22.04194696096,100.66186271093));
#1987 = VECTOR('',#1988,1.);
#1988 = DIRECTION('',(1.,0.,0.));
#1989 = PCURVE('',#1875,#1990);
#1990 = DEFINITIONAL_REPRESENTATION('',(#1991),#1995);
#1991 = LINE('',#1992,#1993);
#1992 = CARTESIAN_POINT('',(6.28318530718,-0.));
#1993 = VECTOR('',#1994,1.);
#1994 = DIRECTION('',(0.,1.));
#1995 = ( GEOMETRIC_REPRESENTATION_CONTEXT(2) 
PARAMETRIC_REPRESENTATION_CONTEXT() REPRESENTATION_CONTEXT('2D SPACE',''
  ) );
#1996 = PCURVE('',#1875,#1997);
#1997 = DEFINITIONAL_REPRESENTATION('',(#1998),#2002);
#1998 = LINE('',#1999,#2000);
#1999 = CARTESIAN_POINT('',(0.,-0.));
#2000 = VECTOR('',#2001,1.);
#2001 = DIRECTION('',(0.,1.));
#2002 = ( GEOMETRIC_REPRESENTATION_CONTEXT(2) 
PARAMETRIC_REPRESENTATION_CONTEXT() REPRESENTATION_CONTEXT('2D SPACE',''
  ) );
#2003 = ORIENTED_EDGE('',*,*,#2004,.T.);
#2004 = EDGE_CURVE('',#1982,#1982,#2005,.T.);
#2005 = SURFACE_CURVE('',#2006,(#2011,#2018),.PCURVE_S1.);
#2006 = CIRCLE('',#2007,3.);
#2007 = AXIS2_PLACEMENT_3D('',#2008,#2009,#2010);
#2008 = CARTESIAN_POINT('',(142.1,-22.04194696096,97.661862710939));
#2009 = DIRECTION('',(1.,0.,0.));
#2010 = DIRECTION('',(-0.,0.,1.));
#2011 = PCURVE('',#1875,#2012);
#2012 = DEFINITIONAL_REPRESENTATION('',(#2013),#2017);
#2013 = LINE('',#2014,#2015);
#2014 = CARTESIAN_POINT('',(0.,0.));
#2015 = VECTOR('',#2016,1.);
#2016 = DIRECTION('',(1.,0.));
#2017 = ( GEOMETRIC_REPRESENTATION_CONTEXT(2) 
PARAMETRIC_REPRESENTATION_CONTEXT() REPRESENTATION_CONTEXT('2D SPACE',''
  ) );
#2018 = PCURVE('',#2019,#2024);
#2019 = PLANE('',#2020);
#2020 = AXIS2_PLACEMENT_3D('',#2021,#2022,#2023);
#2021 = CARTESIAN_POINT('',(142.1,-22.04194696096,97.661862710939));
#2022 = DIRECTION('',(1.,0.,0.));
#2023 = DIRECTION('',(-0.,0.,1.));
#2024 = DEFINITIONAL_REPRESENTATION('',(#2025),#2029);
#2025 = CIRCLE('',#2026,3.);
#2026 = AXIS2_PLACEMENT_2D('',#2027,#2028);
#2027 = CARTESIAN_POINT('',(0.,0.));
#2028 = DIRECTION('',(1.,0.));
#2029 = ( GEOMETRIC_REPRESENTATION_CONTEXT(2) 
PARAMETRIC_REPRESENTATION_CONTEXT() REPRESENTATION_CONTEXT('2D SPACE',''
  ) );
#2030 = ORIENTED_EDGE('',*,*,#1981,.T.);
#2031 = ADVANCED_FACE('',(#2032),#2019,.T.);
#2032 = FACE_BOUND('',#2033,.F.);
#2033 = EDGE_LOOP('',(#2034));
#2034 = ORIENTED_EDGE('',*,*,#2004,.F.);
#2035 = ADVANCED_FACE('',(#2036),#1844,.F.);
#2036 = FACE_BOUND('',#2037,.F.);
#2037 = EDGE_LOOP('',(#2038,#2039,#2062,#2089));
#2038 = ORIENTED_EDGE('',*,*,#1827,.F.);
#2039 = ORIENTED_EDGE('',*,*,#2040,.F.);
#2040 = EDGE_CURVE('',#2041,#1828,#2043,.T.);
#2041 = VERTEX_POINT('',#2042);
#2042 = CARTESIAN_POINT('',(142.1,7.347880794884E-16,168.5));
#2043 = SEAM_CURVE('',#2044,(#2048,#2055),.PCURVE_S1.);
#2044 = LINE('',#2045,#2046);
#2045 = CARTESIAN_POINT('',(142.1,7.347880794884E-16,168.5));
#2046 = VECTOR('',#2047,1.);
#2047 = DIRECTION('',(1.,0.,0.));
#2048 = PCURVE('',#1844,#2049);
#2049 = DEFINITIONAL_REPRESENTATION('',(#2050),#2054);
#2050 = LINE('',#2051,#2052);
#2051 = CARTESIAN_POINT('',(6.28318530718,-0.));
#2052 = VECTOR('',#2053,1.);
#2053 = DIRECTION('',(0.,1.));
#2054 = ( GEOMETRIC_REPRESENTATION_CONTEXT(2) 
PARAMETRIC_REPRESENTATION_CONTEXT() REPRESENTATION_CONTEXT('2D SPACE',''
  ) );
#2055 = PCURVE('',#1844,#2056);
#2056 = DEFINITIONAL_REPRESENTATION('',(#2057),#2061);
#2057 = LINE('',#2058,#2059);
#2058 = CARTESIAN_POINT('',(0.,-0.));
#2059 = VECTOR('',#2060,1.);
#2060 = DIRECTION('',(0.,1.));
#2061 = ( GEOMETRIC_REPRESENTATION_CONTEXT(2) 
PARAMETRIC_REPRESENTATION_CONTEXT() REPRESENTATION_CONTEXT('2D SPACE',''
  ) );
#2062 = ORIENTED_EDGE('',*,*,#2063,.T.);
#2063 = EDGE_CURVE('',#2041,#2041,#2064,.T.);
#2064 = SURFACE_CURVE('',#2065,(#2070,#2077),.PCURVE_S1.);
#2065 = CIRCLE('',#2066,3.);
#2066 = AXIS2_PLACEMENT_3D('',#2067,#2068,#2069);
#2067 = CARTESIAN_POINT('',(142.1,0.,165.5));
#2068 = DIRECTION('',(1.,0.,0.));
#2069 = DIRECTION('',(-0.,0.,1.));
#2070 = PCURVE('',#1844,#2071);
#2071 = DEFINITIONAL_REPRESENTATION('',(#2072),#2076);
#2072 = LINE('',#2073,#2074);
#2073 = CARTESIAN_POINT('',(0.,0.));
#2074 = VECTOR('',#2075,1.);
#2075 = DIRECTION('',(1.,0.));
#2076 = ( GEOMETRIC_REPRESENTATION_CONTEXT(2) 
PARAMETRIC_REPRESENTATION_CONTEXT() REPRESENTATION_CONTEXT('2D SPACE',''
  ) );
#2077 = PCURVE('',#2078,#2083);
#2078 = PLANE('',#2079);
#2079 = AXIS2_PLACEMENT_3D('',#2080,#2081,#2082);
#2080 = CARTESIAN_POINT('',(142.1,0.,165.5));
#2081 = DIRECTION('',(1.,0.,0.));
#2082 = DIRECTION('',(-0.,0.,1.));
#2083 = DEFINITIONAL_REPRESENTATION('',(#2084),#2088);
#2084 = CIRCLE('',#2085,3.);
#2085 = AXIS2_PLACEMENT_2D('',#2086,#2087);
#2086 = CARTESIAN_POINT('',(0.,0.));
#2087 = DIRECTION('',(1.,0.));
#2088 = ( GEOMETRIC_REPRESENTATION_CONTEXT(2) 
PARAMETRIC_REPRESENTATION_CONTEXT() REPRESENTATION_CONTEXT('2D SPACE',''
  ) );
#2089 = ORIENTED_EDGE('',*,*,#2040,.T.);
#2090 = ADVANCED_FACE('',(#2091),#2078,.T.);
#2091 = FACE_BOUND('',#2092,.F.);
#2092 = EDGE_LOOP('',(#2093));
#2093 = ORIENTED_EDGE('',*,*,#2063,.F.);
#2094 = ADVANCED_FACE('',(#2095),#1813,.F.);
#2095 = FACE_BOUND('',#2096,.F.);
#2096 = EDGE_LOOP('',(#2097,#2098,#2121,#2148));
#2097 = ORIENTED_EDGE('',*,*,#1796,.F.);
#2098 = ORIENTED_EDGE('',*,*,#2099,.F.);
#2099 = EDGE_CURVE('',#2100,#1797,#2102,.T.);
#2100 = VERTEX_POINT('',#2101);
#2101 = CARTESIAN_POINT('',(142.1,35.664619361068,142.58813728906));
#2102 = SEAM_CURVE('',#2103,(#2107,#2114),.PCURVE_S1.);
#2103 = LINE('',#2104,#2105);
#2104 = CARTESIAN_POINT('',(142.1,35.664619361068,142.58813728906));
#2105 = VECTOR('',#2106,1.);
#2106 = DIRECTION('',(1.,0.,0.));
#2107 = PCURVE('',#1813,#2108);
#2108 = DEFINITIONAL_REPRESENTATION('',(#2109),#2113);
#2109 = LINE('',#2110,#2111);
#2110 = CARTESIAN_POINT('',(6.28318530718,-0.));
#2111 = VECTOR('',#2112,1.);
#2112 = DIRECTION('',(0.,1.));
#2113 = ( GEOMETRIC_REPRESENTATION_CONTEXT(2) 
PARAMETRIC_REPRESENTATION_CONTEXT() REPRESENTATION_CONTEXT('2D SPACE',''
  ) );
#2114 = PCURVE('',#1813,#2115);
#2115 = DEFINITIONAL_REPRESENTATION('',(#2116),#2120);
#2116 = LINE('',#2117,#2118);
#2117 = CARTESIAN_POINT('',(0.,-0.));
#2118 = VECTOR('',#2119,1.);
#2119 = DIRECTION('',(0.,1.));
#2120 = ( GEOMETRIC_REPRESENTATION_CONTEXT(2) 
PARAMETRIC_REPRESENTATION_CONTEXT() REPRESENTATION_CONTEXT('2D SPACE',''
  ) );
#2121 = ORIENTED_EDGE('',*,*,#2122,.T.);
#2122 = EDGE_CURVE('',#2100,#2100,#2123,.T.);
#2123 = SURFACE_CURVE('',#2124,(#2129,#2136),.PCURVE_S1.);
#2124 = CIRCLE('',#2125,3.);
#2125 = AXIS2_PLACEMENT_3D('',#2126,#2127,#2128);
#2126 = CARTESIAN_POINT('',(142.1,35.664619361068,139.58813728906));
#2127 = DIRECTION('',(1.,0.,0.));
#2128 = DIRECTION('',(-0.,0.,1.));
#2129 = PCURVE('',#1813,#2130);
#2130 = DEFINITIONAL_REPRESENTATION('',(#2131),#2135);
#2131 = LINE('',#2132,#2133);
#2132 = CARTESIAN_POINT('',(0.,0.));
#2133 = VECTOR('',#2134,1.);
#2134 = DIRECTION('',(1.,0.));
#2135 = ( GEOMETRIC_REPRESENTATION_CONTEXT(2) 
PARAMETRIC_REPRESENTATION_CONTEXT() REPRESENTATION_CONTEXT('2D SPACE',''
  ) );
#2136 = PCURVE('',#2137,#2142);
#2137 = PLANE('',#2138);
#2138 = AXIS2_PLACEMENT_3D('',#2139,#2140,#2141);
#2139 = CARTESIAN_POINT('',(142.1,35.664619361068,139.58813728906));
#2140 = DIRECTION('',(1.,0.,0.));
#2141 = DIRECTION('',(-0.,0.,1.));
#2142 = DEFINITIONAL_REPRESENTATION('',(#2143),#2147);
#2143 = CIRCLE('',#2144,3.);
#2144 = AXIS2_PLACEMENT_2D('',#2145,#2146);
#2145 = CARTESIAN_POINT('',(0.,0.));
#2146 = DIRECTION('',(1.,0.));
#2147 = ( GEOMETRIC_REPRESENTATION_CONTEXT(2) 
PARAMETRIC_REPRESENTATION_CONTEXT() REPRESENTATION_CONTEXT('2D SPACE',''
  ) );
#2148 = ORIENTED_EDGE('',*,*,#2099,.T.);
#2149 = ADVANCED_FACE('',(#2150),#2137,.T.);
#2150 = FACE_BOUND('',#2151,.F.);
#2151 = EDGE_LOOP('',(#2152));
#2152 = ORIENTED_EDGE('',*,*,#2122,.F.);
#2153 = ADVANCED_FACE('',(#2154,#2208),#1782,.F.);
#2154 = FACE_BOUND('',#2155,.F.);
#2155 = EDGE_LOOP('',(#2156,#2185,#2206,#2207));
#2156 = ORIENTED_EDGE('',*,*,#2157,.T.);
#2157 = EDGE_CURVE('',#2158,#2158,#2160,.T.);
#2158 = VERTEX_POINT('',#2159);
#2159 = CARTESIAN_POINT('',(93.2,7.347880794884E-15,158.));
#2160 = SURFACE_CURVE('',#2161,(#2166,#2173),.PCURVE_S1.);
#2161 = CIRCLE('',#2162,30.);
#2162 = AXIS2_PLACEMENT_3D('',#2163,#2164,#2165);
#2163 = CARTESIAN_POINT('',(93.2,0.,128.));
#2164 = DIRECTION('',(1.,0.,0.));
#2165 = DIRECTION('',(-0.,0.,1.));
#2166 = PCURVE('',#1782,#2167);
#2167 = DEFINITIONAL_REPRESENTATION('',(#2168),#2172);
#2168 = LINE('',#2169,#2170);
#2169 = CARTESIAN_POINT('',(0.,4.));
#2170 = VECTOR('',#2171,1.);
#2171 = DIRECTION('',(1.,0.));
#2172 = ( GEOMETRIC_REPRESENTATION_CONTEXT(2) 
PARAMETRIC_REPRESENTATION_CONTEXT() REPRESENTATION_CONTEXT('2D SPACE',''
  ) );
#2173 = PCURVE('',#2174,#2179);
#2174 = CYLINDRICAL_SURFACE('',#2175,30.);
#2175 = AXIS2_PLACEMENT_3D('',#2176,#2177,#2178);
#2176 = CARTESIAN_POINT('',(89.2,0.,128.));
#2177 = DIRECTION('',(1.,0.,0.));
#2178 = DIRECTION('',(-0.,0.,1.));
#2179 = DEFINITIONAL_REPRESENTATION('',(#2180),#2184);
#2180 = LINE('',#2181,#2182);
#2181 = CARTESIAN_POINT('',(0.,4.));
#2182 = VECTOR('',#2183,1.);
#2183 = DIRECTION('',(1.,0.));
#2184 = ( GEOMETRIC_REPRESENTATION_CONTEXT(2) 
PARAMETRIC_REPRESENTATION_CONTEXT() REPRESENTATION_CONTEXT('2D SPACE',''
  ) );
#2185 = ORIENTED_EDGE('',*,*,#2186,.T.);
#2186 = EDGE_CURVE('',#2158,#1766,#2187,.T.);
#2187 = SEAM_CURVE('',#2188,(#2192,#2199),.PCURVE_S1.);
#2188 = LINE('',#2189,#2190);
#2189 = CARTESIAN_POINT('',(89.2,7.347880794884E-15,158.));
#2190 = VECTOR('',#2191,1.);
#2191 = DIRECTION('',(1.,0.,0.));
#2192 = PCURVE('',#1782,#2193);
#2193 = DEFINITIONAL_REPRESENTATION('',(#2194),#2198);
#2194 = LINE('',#2195,#2196);
#2195 = CARTESIAN_POINT('',(0.,-0.));
#2196 = VECTOR('',#2197,1.);
#2197 = DIRECTION('',(0.,1.));
#2198 = ( GEOMETRIC_REPRESENTATION_CONTEXT(2) 
PARAMETRIC_REPRESENTATION_CONTEXT() REPRESENTATION_CONTEXT('2D SPACE',''
  ) );
#2199 = PCURVE('',#1782,#2200);
#2200 = DEFINITIONAL_REPRESENTATION('',(#2201),#2205);
#2201 = LINE('',#2202,#2203);
#2202 = CARTESIAN_POINT('',(6.28318530718,-0.));
#2203 = VECTOR('',#2204,1.);
#2204 = DIRECTION('',(0.,1.));
#2205 = ( GEOMETRIC_REPRESENTATION_CONTEXT(2) 
PARAMETRIC_REPRESENTATION_CONTEXT() REPRESENTATION_CONTEXT('2D SPACE',''
  ) );
#2206 = ORIENTED_EDGE('',*,*,#1765,.F.);
#2207 = ORIENTED_EDGE('',*,*,#2186,.F.);
#2208 = FACE_BOUND('',#2209,.F.);
#2209 = EDGE_LOOP('',(#2210));
#2210 = ORIENTED_EDGE('',*,*,#2211,.T.);
#2211 = EDGE_CURVE('',#2212,#2212,#2214,.T.);
#2212 = VERTEX_POINT('',#2213);
#2213 = CARTESIAN_POINT('',(153.5,-4.898587196589E-16,98.));
#2214 = SURFACE_CURVE('',#2215,(#2266,#2320),.PCURVE_S1.);
#2215 = B_SPLINE_CURVE_WITH_KNOTS('',7,(#2216,#2217,#2218,#2219,#2220,
    #2221,#2222,#2223,#2224,#2225,#2226,#2227,#2228,#2229,#2230,#2231,
    #2232,#2233,#2234,#2235,#2236,#2237,#2238,#2239,#2240,#2241,#2242,
    #2243,#2244,#2245,#2246,#2247,#2248,#2249,#2250,#2251,#2252,#2253,
    #2254,#2255,#2256,#2257,#2258,#2259,#2260,#2261,#2262,#2263,#2264,
    #2265),.UNSPECIFIED.,.T.,.F.,(8,6,6,6,6,6,6,6,8),(0.,0.126949664883,
    0.248173872727,0.369403102765,0.463578679592,0.581743525739,
    0.686812924511,0.840543876237,1.),.UNSPECIFIED.);
#2216 = CARTESIAN_POINT('',(153.5,-1.998401444325E-15,98.));
#2217 = CARTESIAN_POINT('',(153.5,0.276422899175,98.));
#2218 = CARTESIAN_POINT('',(153.45542821194,0.544970895361,
    98.002971504132));
#2219 = CARTESIAN_POINT('',(153.37085235366,0.797425269169,
    98.008609604174));
#2220 = CARTESIAN_POINT('',(153.25235455295,1.027083874563,
    98.01609500005));
#2221 = CARTESIAN_POINT('',(153.107455674,1.228964002299,98.024327773293
    ));
#2222 = CARTESIAN_POINT('',(152.94497095218,1.400288522882,
    98.032366599466));
#2223 = CARTESIAN_POINT('',(152.61239758926,1.675417136002,
    98.04651796453));
#2224 = CARTESIAN_POINT('',(152.43876959447,1.785402677868,
    98.052880289335));
#2225 = CARTESIAN_POINT('',(152.25755499087,1.871998469967,
    98.058284306702));
#2226 = CARTESIAN_POINT('',(152.07130473996,1.936184238161,
    98.062477001789));
#2227 = CARTESIAN_POINT('',(151.88194054142,1.978713989962,
    98.065318682298));
#2228 = CARTESIAN_POINT('',(151.69102566814,2.,98.066740905808));
#2229 = CARTESIAN_POINT('',(151.30896641786,2.,98.066740905808));
#2230 = CARTESIAN_POINT('',(151.11805357533,1.978712255437,
    98.065318567334));
#2231 = CARTESIAN_POINT('',(150.92869394032,1.936182866449,
    98.062476907655));
#2232 = CARTESIAN_POINT('',(150.7424462737,1.871998772658,98.05828434541
    ));
#2233 = CARTESIAN_POINT('',(150.56123109788,1.785403530711,98.0528803263
    ));
#2234 = CARTESIAN_POINT('',(150.38760167217,1.675416525014,
    98.046517933104));
#2235 = CARTESIAN_POINT('',(150.09895481833,1.436627080537,
    98.034235689669));
#2236 = CARTESIAN_POINT('',(149.97861708696,1.316765951767,
    98.028496118046));
#2237 = CARTESIAN_POINT('',(149.86688745533,1.181336339416,
    98.022607902601));
#2238 = CARTESIAN_POINT('',(149.76655900478,1.030665561071,
    98.016866964102));
#2239 = CARTESIAN_POINT('',(149.68047745447,0.865523492265,
    98.011629040646));
#2240 = CARTESIAN_POINT('',(149.61156126751,0.687161206439,
    98.007270274762));
#2241 = CARTESIAN_POINT('',(149.50169374802,0.259255469896,
    98.000174910906));
#2242 = CARTESIAN_POINT('',(149.47357378463,7.961566229277E-03,
    97.998214695996));
#2243 = CARTESIAN_POINT('',(149.4831873872,-0.247565834264,
    97.998824409587));
#2244 = CARTESIAN_POINT('',(149.5309391415,-0.497241484477,
    98.002166306281));
#2245 = CARTESIAN_POINT('',(149.61309930066,-0.731289315609,
    98.007633083554));
#2246 = CARTESIAN_POINT('',(149.72195544396,-0.941877857209,
    98.014234342448));
#2247 = CARTESIAN_POINT('',(149.95599306031,-1.286253751899,
    98.027147943139));
#2248 = CARTESIAN_POINT('',(150.08062505764,-1.429786386368,
    98.033554301806));
#2249 = CARTESIAN_POINT('',(150.21624358868,-1.554902265632,
    98.039871742412));
#2250 = CARTESIAN_POINT('',(150.36015257325,-1.662076672405,
    98.045777366469));
#2251 = CARTESIAN_POINT('',(150.51023516835,-1.751909580246,
    98.051040097456));
#2252 = CARTESIAN_POINT('',(150.66480494217,-1.824979125697,
    98.055506546797));
#2253 = CARTESIAN_POINT('',(151.05328902226,-1.964842000655,
    98.064296808991));
#2254 = CARTESIAN_POINT('',(151.29090089027,-2.013092403236,
    98.06759930085));
#2255 = CARTESIAN_POINT('',(151.53152479634,-2.028063785494,
    98.06867308072));
#2256 = CARTESIAN_POINT('',(151.77235245738,-2.010273749706,
    98.067428433853));
#2257 = CARTESIAN_POINT('',(152.01049732768,-1.959344404865,
    98.063912611312));
#2258 = CARTESIAN_POINT('',(152.24257225086,-1.874073457683,
    98.058345874808));
#2259 = CARTESIAN_POINT('',(152.69267040111,-1.626629905637,
    98.043865380591));
#2260 = CARTESIAN_POINT('',(152.91833671996,-1.457044598857,
    98.034561673985));
#2261 = CARTESIAN_POINT('',(153.12575855057,-1.240724798304,
    98.02391541682));
#2262 = CARTESIAN_POINT('',(153.30068301513,-0.979299161063,
    98.013287018409));
#2263 = CARTESIAN_POINT('',(153.42958549319,-0.678516601991,
    98.004694445318));
#2264 = CARTESIAN_POINT('',(153.5,-0.347435664671,98.));
#2265 = CARTESIAN_POINT('',(153.5,-1.998401444325E-15,98.));
#2266 = PCURVE('',#1782,#2267);
#2267 = DEFINITIONAL_REPRESENTATION('',(#2268),#2319);
#2268 = B_SPLINE_CURVE_WITH_KNOTS('',7,(#2269,#2270,#2271,#2272,#2273,
    #2274,#2275,#2276,#2277,#2278,#2279,#2280,#2281,#2282,#2283,#2284,
    #2285,#2286,#2287,#2288,#2289,#2290,#2291,#2292,#2293,#2294,#2295,
    #2296,#2297,#2298,#2299,#2300,#2301,#2302,#2303,#2304,#2305,#2306,
    #2307,#2308,#2309,#2310,#2311,#2312,#2313,#2314,#2315,#2316,#2317,
    #2318),.UNSPECIFIED.,.T.,.F.,(8,6,6,6,6,6,6,6,8),(0.,0.126949664883,
    0.248173872727,0.369403102765,0.463578679592,0.581743525739,
    0.686812924511,0.840543876237,1.),.UNSPECIFIED.);
#2269 = CARTESIAN_POINT('',(3.14159265359,64.3));
#2270 = CARTESIAN_POINT('',(3.150806750229,64.3));
#2271 = CARTESIAN_POINT('',(3.159758351656,64.255428211943));
#2272 = CARTESIAN_POINT('',(3.168174766353,64.170852353662));
#2273 = CARTESIAN_POINT('',(3.175833585631,64.052354552954));
#2274 = CARTESIAN_POINT('',(3.182568311765,63.907455674007));
#2275 = CARTESIAN_POINT('',(3.188285352981,63.744970952185));
#2276 = CARTESIAN_POINT('',(3.197468430104,63.412397589266));
#2277 = CARTESIAN_POINT('',(3.201140668735,63.238769594478));
#2278 = CARTESIAN_POINT('',(3.204032784651,63.057554990874));
#2279 = CARTESIAN_POINT('',(3.206176866742,62.871304739964));
#2280 = CARTESIAN_POINT('',(3.207597686376,62.681940541424));
#2281 = CARTESIAN_POINT('',(3.208308802,62.491025668143));
#2282 = CARTESIAN_POINT('',(3.208308802,62.108966417861));
#2283 = CARTESIAN_POINT('',(3.207597628434,61.918053575339));
#2284 = CARTESIAN_POINT('',(3.206176820906,61.728693940321));
#2285 = CARTESIAN_POINT('',(3.204032794806,61.542446273707));
#2286 = CARTESIAN_POINT('',(3.201140697185,61.361231097888));
#2287 = CARTESIAN_POINT('',(3.197468409711,61.187601672176));
#2288 = CARTESIAN_POINT('',(3.18949823947,60.898954818334));
#2289 = CARTESIAN_POINT('',(3.18549831662,60.778617086968));
#2290 = CARTESIAN_POINT('',(3.180979801054,60.666887455337));
#2291 = CARTESIAN_POINT('',(3.175953947845,60.566559004782));
#2292 = CARTESIAN_POINT('',(3.170446656475,60.480477454472));
#2293 = CARTESIAN_POINT('',(3.164499656382,60.411561267517));
#2294 = CARTESIAN_POINT('',(3.15023417109,60.301693748021));
#2295 = CARTESIAN_POINT('',(3.141857772925,60.273573784635));
#2296 = CARTESIAN_POINT('',(3.133340896926,60.283187387209));
#2297 = CARTESIAN_POINT('',(3.125018476414,60.330939141501));
#2298 = CARTESIAN_POINT('',(3.11721515138,60.413099300664));
#2299 = CARTESIAN_POINT('',(3.11019222049,60.52195544396));
#2300 = CARTESIAN_POINT('',(3.098704956145,60.755993060316));
#2301 = CARTESIAN_POINT('',(3.093915893258,60.880625057643));
#2302 = CARTESIAN_POINT('',(3.089740143637,61.016243588682));
#2303 = CARTESIAN_POINT('',(3.086162288099,61.160152573256));
#2304 = CARTESIAN_POINT('',(3.08316273955,61.310235168359));
#2305 = CARTESIAN_POINT('',(3.080722545679,61.46480494217));
#2306 = CARTESIAN_POINT('',(3.076051251247,61.853289022262));
#2307 = CARTESIAN_POINT('',(3.074439166109,62.09090089027));
#2308 = CARTESIAN_POINT('',(3.073938825496,62.331524796349));
#2309 = CARTESIAN_POINT('',(3.074533280101,62.572352457381));
#2310 = CARTESIAN_POINT('',(3.076234978313,62.810497327684));
#2311 = CARTESIAN_POINT('',(3.079083329512,63.042572250863));
#2312 = CARTESIAN_POINT('',(3.087345559246,63.492670401118));
#2313 = CARTESIAN_POINT('',(3.093006865732,63.718336719964));
#2314 = CARTESIAN_POINT('',(3.100226062512,63.925758550576));
#2315 = CARTESIAN_POINT('',(3.10894681817,64.100683015133));
#2316 = CARTESIAN_POINT('',(3.118975432269,64.229585493194));
#2317 = CARTESIAN_POINT('',(3.130011464767,64.3));
#2318 = CARTESIAN_POINT('',(3.14159265359,64.3));
#2319 = ( GEOMETRIC_REPRESENTATION_CONTEXT(2) 
PARAMETRIC_REPRESENTATION_CONTEXT() REPRESENTATION_CONTEXT('2D SPACE',''
  ) );
#2320 = PCURVE('',#2321,#2326);
#2321 = CYLINDRICAL_SURFACE('',#2322,2.);
#2322 = AXIS2_PLACEMENT_3D('',#2323,#2324,#2325);
#2323 = CARTESIAN_POINT('',(151.5,0.,87.85));
#2324 = DIRECTION('',(0.,0.,1.));
#2325 = DIRECTION('',(1.,0.,-0.));
#2326 = DEFINITIONAL_REPRESENTATION('',(#2327),#2378);
#2327 = B_SPLINE_CURVE_WITH_KNOTS('',7,(#2328,#2329,#2330,#2331,#2332,
    #2333,#2334,#2335,#2336,#2337,#2338,#2339,#2340,#2341,#2342,#2343,
    #2344,#2345,#2346,#2347,#2348,#2349,#2350,#2351,#2352,#2353,#2354,
    #2355,#2356,#2357,#2358,#2359,#2360,#2361,#2362,#2363,#2364,#2365,
    #2366,#2367,#2368,#2369,#2370,#2371,#2372,#2373,#2374,#2375,#2376,
    #2377),.UNSPECIFIED.,.F.,.F.,(8,6,6,6,6,6,6,6,8),(0.,0.126949664883,
    0.248173872727,0.369403102765,0.463578679592,0.581743525739,
    0.686812924511,0.840543876237,1.),.UNSPECIFIED.);
#2328 = CARTESIAN_POINT('',(0.,10.15));
#2329 = CARTESIAN_POINT('',(0.138211449588,10.15));
#2330 = CARTESIAN_POINT('',(0.272485395056,10.152971504132));
#2331 = CARTESIAN_POINT('',(0.403024901003,10.158609604174));
#2332 = CARTESIAN_POINT('',(0.529686603695,10.16609500005));
#2333 = CARTESIAN_POINT('',(0.652048533771,10.174327773293));
#2334 = CARTESIAN_POINT('',(0.76925006449,10.182366599466));
#2335 = CARTESIAN_POINT('',(0.985062943787,10.19651796453));
#2336 = CARTESIAN_POINT('',(1.087008076448,10.202880289335));
#2337 = CARTESIAN_POINT('',(1.186334149082,10.208284306702));
#2338 = CARTESIAN_POINT('',(1.283720382883,10.212477001789));
#2339 = CARTESIAN_POINT('',(1.379826159755,10.215318682298));
#2340 = CARTESIAN_POINT('',(1.475283492724,10.216740905808));
#2341 = CARTESIAN_POINT('',(1.666313117864,10.216740905808));
#2342 = CARTESIAN_POINT('',(1.761769425885,10.215318567334));
#2343 = CARTESIAN_POINT('',(1.857873121783,10.212476907655));
#2344 = CARTESIAN_POINT('',(1.955257924806,10.208284345411));
#2345 = CARTESIAN_POINT('',(2.054584044062,10.2028803263));
#2346 = CARTESIAN_POINT('',(2.156530189067,10.196517933104));
#2347 = CARTESIAN_POINT('',(2.343838360957,10.184235689669));
#2348 = CARTESIAN_POINT('',(2.42840085635,10.178496118046));
#2349 = CARTESIAN_POINT('',(2.515504209075,10.172607902601));
#2350 = CARTESIAN_POINT('',(2.605132531469,10.166866964102));
#2351 = CARTESIAN_POINT('',(2.697347564047,10.161629040646));
#2352 = CARTESIAN_POINT('',(2.792296662183,10.157270274762));
#2353 = CARTESIAN_POINT('',(3.013189278179,10.150174910906));
#2354 = CARTESIAN_POINT('',(3.138384894454,10.148214695996));
#2355 = CARTESIAN_POINT('',(3.263975339551,10.148824409587));
#2356 = CARTESIAN_POINT('',(3.388554229263,10.152166306281));
#2357 = CARTESIAN_POINT('',(3.510614346099,10.157633083553));
#2358 = CARTESIAN_POINT('',(3.628295052275,10.164234342448));
#2359 = CARTESIAN_POINT('',(3.836482685621,10.177147943139));
#2360 = CARTESIAN_POINT('',(3.930866899585,10.183554301806));
#2361 = CARTESIAN_POINT('',(4.022255118137,10.189871742412));
#2362 = CARTESIAN_POINT('',(4.11112773689,10.195777366469));
#2363 = CARTESIAN_POINT('',(4.197906812644,10.201040097456));
#2364 = CARTESIAN_POINT('',(4.282999121136,10.205506546797));
#2365 = CARTESIAN_POINT('',(4.489446150829,10.214296808991));
#2366 = CARTESIAN_POINT('',(4.609400538768,10.21759930085));
#2367 = CARTESIAN_POINT('',(4.728147169981,10.21867308072));
#2368 = CARTESIAN_POINT('',(4.846876629232,10.217428433853));
#2369 = CARTESIAN_POINT('',(4.966759052301,10.213912611312));
#2370 = CARTESIAN_POINT('',(5.088983429994,10.208345874808));
#2371 = CARTESIAN_POINT('',(5.345798858032,10.193865380591));
#2372 = CARTESIAN_POINT('',(5.48552340077,10.184561673985));
#2373 = CARTESIAN_POINT('',(5.632168672567,10.17391541682));
#2374 = CARTESIAN_POINT('',(5.784982706029,10.163287018409));
#2375 = CARTESIAN_POINT('',(5.943925154341,10.154694445318));
#2376 = CARTESIAN_POINT('',(6.109467474844,10.15));
#2377 = CARTESIAN_POINT('',(6.28318530718,10.15));
#2378 = ( GEOMETRIC_REPRESENTATION_CONTEXT(2) 
PARAMETRIC_REPRESENTATION_CONTEXT() REPRESENTATION_CONTEXT('2D SPACE',''
  ) );
#2379 = ADVANCED_FACE('',(#2380),#2321,.F.);
#2380 = FACE_BOUND('',#2381,.F.);
#2381 = EDGE_LOOP('',(#2382,#2383,#2406,#2435,#2461,#2576,#2671,#2692,
    #2714));
#2382 = ORIENTED_EDGE('',*,*,#2211,.F.);
#2383 = ORIENTED_EDGE('',*,*,#2384,.F.);
#2384 = EDGE_CURVE('',#2385,#2212,#2387,.T.);
#2385 = VERTEX_POINT('',#2386);
#2386 = CARTESIAN_POINT('',(153.5,-4.898587196589E-16,87.85));
#2387 = SEAM_CURVE('',#2388,(#2392,#2399),.PCURVE_S1.);
#2388 = LINE('',#2389,#2390);
#2389 = CARTESIAN_POINT('',(153.5,-4.898587196589E-16,87.85));
#2390 = VECTOR('',#2391,1.);
#2391 = DIRECTION('',(0.,0.,1.));
#2392 = PCURVE('',#2321,#2393);
#2393 = DEFINITIONAL_REPRESENTATION('',(#2394),#2398);
#2394 = LINE('',#2395,#2396);
#2395 = CARTESIAN_POINT('',(6.28318530718,-0.));
#2396 = VECTOR('',#2397,1.);
#2397 = DIRECTION('',(0.,1.));
#2398 = ( GEOMETRIC_REPRESENTATION_CONTEXT(2) 
PARAMETRIC_REPRESENTATION_CONTEXT() REPRESENTATION_CONTEXT('2D SPACE',''
  ) );
#2399 = PCURVE('',#2321,#2400);
#2400 = DEFINITIONAL_REPRESENTATION('',(#2401),#2405);
#2401 = LINE('',#2402,#2403);
#2402 = CARTESIAN_POINT('',(0.,-0.));
#2403 = VECTOR('',#2404,1.);
#2404 = DIRECTION('',(0.,1.));
#2405 = ( GEOMETRIC_REPRESENTATION_CONTEXT(2) 
PARAMETRIC_REPRESENTATION_CONTEXT() REPRESENTATION_CONTEXT('2D SPACE',''
  ) );
#2406 = ORIENTED_EDGE('',*,*,#2407,.T.);
#2407 = EDGE_CURVE('',#2385,#2408,#2410,.T.);
#2408 = VERTEX_POINT('',#2409);
#2409 = CARTESIAN_POINT('',(151.5,2.,87.85));
#2410 = SURFACE_CURVE('',#2411,(#2416,#2423),.PCURVE_S1.);
#2411 = CIRCLE('',#2412,2.);
#2412 = AXIS2_PLACEMENT_3D('',#2413,#2414,#2415);
#2413 = CARTESIAN_POINT('',(151.5,0.,87.85));
#2414 = DIRECTION('',(0.,0.,1.));
#2415 = DIRECTION('',(1.,0.,-0.));
#2416 = PCURVE('',#2321,#2417);
#2417 = DEFINITIONAL_REPRESENTATION('',(#2418),#2422);
#2418 = LINE('',#2419,#2420);
#2419 = CARTESIAN_POINT('',(0.,0.));
#2420 = VECTOR('',#2421,1.);
#2421 = DIRECTION('',(1.,0.));
#2422 = ( GEOMETRIC_REPRESENTATION_CONTEXT(2) 
PARAMETRIC_REPRESENTATION_CONTEXT() REPRESENTATION_CONTEXT('2D SPACE',''
  ) );
#2423 = PCURVE('',#2424,#2429);
#2424 = PLANE('',#2425);
#2425 = AXIS2_PLACEMENT_3D('',#2426,#2427,#2428);
#2426 = CARTESIAN_POINT('',(151.5,0.,87.85));
#2427 = DIRECTION('',(0.,0.,1.));
#2428 = DIRECTION('',(1.,0.,-0.));
#2429 = DEFINITIONAL_REPRESENTATION('',(#2430),#2434);
#2430 = CIRCLE('',#2431,2.);
#2431 = AXIS2_PLACEMENT_2D('',#2432,#2433);
#2432 = CARTESIAN_POINT('',(0.,0.));
#2433 = DIRECTION('',(1.,0.));
#2434 = ( GEOMETRIC_REPRESENTATION_CONTEXT(2) 
PARAMETRIC_REPRESENTATION_CONTEXT() REPRESENTATION_CONTEXT('2D SPACE',''
  ) );
#2435 = ORIENTED_EDGE('',*,*,#2436,.T.);
#2436 = EDGE_CURVE('',#2408,#2437,#2439,.T.);
#2437 = VERTEX_POINT('',#2438);
#2438 = CARTESIAN_POINT('',(151.5,2.,89.35));
#2439 = SURFACE_CURVE('',#2440,(#2444,#2450),.PCURVE_S1.);
#2440 = LINE('',#2441,#2442);
#2441 = CARTESIAN_POINT('',(151.5,2.,87.85));
#2442 = VECTOR('',#2443,1.);
#2443 = DIRECTION('',(0.,0.,1.));
#2444 = PCURVE('',#2321,#2445);
#2445 = DEFINITIONAL_REPRESENTATION('',(#2446),#2449);
#2446 = B_SPLINE_CURVE_WITH_KNOTS('',1,(#2447,#2448),.UNSPECIFIED.,.F.,
  .F.,(2,2),(-6.000000070117E-07,3.),.PIECEWISE_BEZIER_KNOTS.);
#2447 = CARTESIAN_POINT('',(1.570796326795,-6.000000070117E-07));
#2448 = CARTESIAN_POINT('',(1.570796326795,3.));
#2449 = ( GEOMETRIC_REPRESENTATION_CONTEXT(2) 
PARAMETRIC_REPRESENTATION_CONTEXT() REPRESENTATION_CONTEXT('2D SPACE',''
  ) );
#2450 = PCURVE('',#2451,#2456);
#2451 = PLANE('',#2452);
#2452 = AXIS2_PLACEMENT_3D('',#2453,#2454,#2455);
#2453 = CARTESIAN_POINT('',(151.5,0.,87.85));
#2454 = DIRECTION('',(1.,0.,0.));
#2455 = DIRECTION('',(-0.,0.,1.));
#2456 = DEFINITIONAL_REPRESENTATION('',(#2457),#2460);
#2457 = B_SPLINE_CURVE_WITH_KNOTS('',1,(#2458,#2459),.UNSPECIFIED.,.F.,
  .F.,(2,2),(-6.000000070117E-07,3.),.PIECEWISE_BEZIER_KNOTS.);
#2458 = CARTESIAN_POINT('',(-6.000000070117E-07,-2.));
#2459 = CARTESIAN_POINT('',(3.,-2.));
#2460 = ( GEOMETRIC_REPRESENTATION_CONTEXT(2) 
PARAMETRIC_REPRESENTATION_CONTEXT() REPRESENTATION_CONTEXT('2D SPACE',''
  ) );
#2461 = ORIENTED_EDGE('',*,*,#2462,.T.);
#2462 = EDGE_CURVE('',#2437,#2463,#2465,.T.);
#2463 = VERTEX_POINT('',#2464);
#2464 = CARTESIAN_POINT('',(149.5,6.123233995737E-16,90.35));
#2465 = SURFACE_CURVE('',#2466,(#2499,#2535),.PCURVE_S1.);
#2466 = B_SPLINE_CURVE_WITH_KNOTS('',6,(#2467,#2468,#2469,#2470,#2471,
    #2472,#2473,#2474,#2475,#2476,#2477,#2478,#2479,#2480,#2481,#2482,
    #2483,#2484,#2485,#2486,#2487,#2488,#2489,#2490,#2491,#2492,#2493,
    #2494,#2495,#2496,#2497,#2498),.UNSPECIFIED.,.F.,.F.,(7,5,5,5,5,5,7)
  ,(0.,6.302076082139E-02,0.190451509829,0.424540184065,0.670676813361,
    0.774409723093,1.),.UNSPECIFIED.);
#2467 = CARTESIAN_POINT('',(151.5000006,2.,89.35));
#2468 = CARTESIAN_POINT('',(151.46822570559,2.000000009532,
    89.34999998729));
#2469 = CARTESIAN_POINT('',(151.43645438364,1.999394304973,
    89.350807701843));
#2470 = CARTESIAN_POINT('',(151.40471647461,1.998182927088,
    89.352422797754));
#2471 = CARTESIAN_POINT('',(151.37304318981,1.996368683415,
    89.354836512214));
#2472 = CARTESIAN_POINT('',(151.34146711146,1.993957148257,
    89.358031665514));
#2473 = CARTESIAN_POINT('',(151.24643918429,1.984889548956,
    89.369971747704));
#2474 = CARTESIAN_POINT('',(151.18350686746,1.976425588366,
    89.381036794495));
#2475 = CARTESIAN_POINT('',(151.12128955945,1.965631793272,
    89.394974624465));
#2476 = CARTESIAN_POINT('',(151.05989377255,1.952573457668,
    89.41151511238));
#2477 = CARTESIAN_POINT('',(150.99946799337,1.937338038992,
    89.430332015433));
#2478 = CARTESIAN_POINT('',(150.83133243132,1.888317737182,
    89.489119467421));
#2479 = CARTESIAN_POINT('',(150.72614305317,1.849611891119,
    89.533696581939));
#2480 = CARTESIAN_POINT('',(150.62452990455,1.804333897399,
    89.582993612087));
#2481 = CARTESIAN_POINT('',(150.52646009062,1.752651676555,
    89.635479541883));
#2482 = CARTESIAN_POINT('',(150.4319474631,1.694612678867,89.68998884474
    ));
#2483 = CARTESIAN_POINT('',(150.24540964026,1.56197494458,
    89.804040189306));
#2484 = CARTESIAN_POINT('',(150.15381489027,1.486714425442,
    89.863665630952));
#2485 = CARTESIAN_POINT('',(150.06625200132,1.4038805705,89.923377035036
    ));
#2486 = CARTESIAN_POINT('',(149.98305459278,1.313002269407,
    89.982212018145));
#2487 = CARTESIAN_POINT('',(149.90490806781,1.213525729996,
    90.039064126854));
#2488 = CARTESIAN_POINT('',(149.80262595174,1.059213965611,
    90.115097615987));
#2489 = CARTESIAN_POINT('',(149.77339204739,1.011837250622,
    90.137049390966));
#2490 = CARTESIAN_POINT('',(149.7453467884,0.962813575563,
    90.158298086197));
#2491 = CARTESIAN_POINT('',(149.71859826961,0.912126621387,
    90.178724887892));
#2492 = CARTESIAN_POINT('',(149.69326578196,0.859765929836,
    90.198203834424));
#2493 = CARTESIAN_POINT('',(149.61775193297,0.688207025163,
    90.256612318719));
#2494 = CARTESIAN_POINT('',(149.57282729235,0.561589469856,
    90.291905937327));
#2495 = CARTESIAN_POINT('',(149.53717904288,0.427484058473,
    90.320257751461));
#2496 = CARTESIAN_POINT('',(149.51254010448,0.287782223295,
    90.339967639763));
#2497 = CARTESIAN_POINT('',(149.5,0.144568209404,90.35));
#2498 = CARTESIAN_POINT('',(149.5,6.73555739531E-16,90.35));
#2499 = PCURVE('',#2321,#2500);
#2500 = DEFINITIONAL_REPRESENTATION('',(#2501),#2534);
#2501 = B_SPLINE_CURVE_WITH_KNOTS('',6,(#2502,#2503,#2504,#2505,#2506,
    #2507,#2508,#2509,#2510,#2511,#2512,#2513,#2514,#2515,#2516,#2517,
    #2518,#2519,#2520,#2521,#2522,#2523,#2524,#2525,#2526,#2527,#2528,
    #2529,#2530,#2531,#2532,#2533),.UNSPECIFIED.,.F.,.F.,(7,5,5,5,5,5,7)
  ,(0.,6.302076082139E-02,0.190451509829,0.424540184065,0.670676813361,
    0.774409723093,1.),.UNSPECIFIED.);
#2502 = CARTESIAN_POINT('',(1.570796026795,1.5));
#2503 = CARTESIAN_POINT('',(1.586683473999,1.49999998729));
#2504 = CARTESIAN_POINT('',(1.602569105149,1.500807701843));
#2505 = CARTESIAN_POINT('',(1.618445306135,1.502422797754));
#2506 = CARTESIAN_POINT('',(1.63430362767,1.504836512214));
#2507 = CARTESIAN_POINT('',(1.650134785297,1.508031665514));
#2508 = CARTESIAN_POINT('',(1.697864567139,1.519971747704));
#2509 = CARTESIAN_POINT('',(1.729590540816,1.531036794495));
#2510 = CARTESIAN_POINT('',(1.761129515986,1.544974624465));
#2511 = CARTESIAN_POINT('',(1.792481120249,1.56151511238));
#2512 = CARTESIAN_POINT('',(1.823618473552,1.580332015433));
#2513 = CARTESIAN_POINT('',(1.911186386075,1.639119467421));
#2514 = CARTESIAN_POINT('',(1.96709588664,1.683696581939));
#2515 = CARTESIAN_POINT('',(2.022535559066,1.732993612087));
#2516 = CARTESIAN_POINT('',(2.077784337915,1.785479541883));
#2517 = CARTESIAN_POINT('',(2.133113925582,1.83998884474));
#2518 = CARTESIAN_POINT('',(2.247557282645,1.954040189307));
#2519 = CARTESIAN_POINT('',(2.306687636889,2.013665630952));
#2520 = CARTESIAN_POINT('',(2.366732208469,2.073377035036));
#2521 = CARTESIAN_POINT('',(2.428086054969,2.132212018145));
#2522 = CARTESIAN_POINT('',(2.491131505855,2.189064126854));
#2523 = CARTESIAN_POINT('',(2.583697363351,2.265097615987));
#2524 = CARTESIAN_POINT('',(2.611518053414,2.287049390966));
#2525 = CARTESIAN_POINT('',(2.639733488965,2.308298086197));
#2526 = CARTESIAN_POINT('',(2.668363388053,2.328724887892));
#2527 = CARTESIAN_POINT('',(2.697428256417,2.348203834424));
#2528 = CARTESIAN_POINT('',(2.791149650936,2.406612318719));
#2529 = CARTESIAN_POINT('',(2.858142871778,2.441905937327));
#2530 = CARTESIAN_POINT('',(2.927170614449,2.470257751461));
#2531 = CARTESIAN_POINT('',(2.997701578662,2.489967639763));
#2532 = CARTESIAN_POINT('',(3.069308548888,2.5));
#2533 = CARTESIAN_POINT('',(3.14159265359,2.5));
#2534 = ( GEOMETRIC_REPRESENTATION_CONTEXT(2) 
PARAMETRIC_REPRESENTATION_CONTEXT() REPRESENTATION_CONTEXT('2D SPACE',''
  ) );
#2535 = PCURVE('',#2536,#2541);
#2536 = CYLINDRICAL_SURFACE('',#2537,2.5);
#2537 = AXIS2_PLACEMENT_3D('',#2538,#2539,#2540);
#2538 = CARTESIAN_POINT('',(70.3,0.,87.85));
#2539 = DIRECTION('',(1.,0.,0.));
#2540 = DIRECTION('',(-0.,0.,1.));
#2541 = DEFINITIONAL_REPRESENTATION('',(#2542),#2575);
#2542 = B_SPLINE_CURVE_WITH_KNOTS('',6,(#2543,#2544,#2545,#2546,#2547,
    #2548,#2549,#2550,#2551,#2552,#2553,#2554,#2555,#2556,#2557,#2558,
    #2559,#2560,#2561,#2562,#2563,#2564,#2565,#2566,#2567,#2568,#2569,
    #2570,#2571,#2572,#2573,#2574),.UNSPECIFIED.,.F.,.F.,(7,5,5,5,5,5,7)
  ,(0.,6.302076082139E-02,0.190451509829,0.424540184065,0.670676813361,
    0.774409723093,1.),.UNSPECIFIED.);
#2543 = CARTESIAN_POINT('',(5.355890089178,81.2000006));
#2544 = CARTESIAN_POINT('',(5.355890082823,81.168225705592));
#2545 = CARTESIAN_POINT('',(5.356293923514,81.136454383647));
#2546 = CARTESIAN_POINT('',(5.357101482851,81.104716474614));
#2547 = CARTESIAN_POINT('',(5.358309285036,81.073043189818));
#2548 = CARTESIAN_POINT('',(5.35991050687,81.04146711146));
#2549 = CARTESIAN_POINT('',(5.365907665128,80.946439184294));
#2550 = CARTESIAN_POINT('',(5.371480060164,80.883506867465));
#2551 = CARTESIAN_POINT('',(5.378531293338,80.821289559459));
#2552 = CARTESIAN_POINT('',(5.386960145243,80.759893772552));
#2553 = CARTESIAN_POINT('',(5.39664369353,80.699467993376));
#2554 = CARTESIAN_POINT('',(5.42726121662,80.531332431329));
#2555 = CARTESIAN_POINT('',(5.450871050868,80.426143053178));
#2556 = CARTESIAN_POINT('',(5.477627902585,80.324529904551));
#2557 = CARTESIAN_POINT('',(5.507061564957,80.226460090624));
#2558 = CARTESIAN_POINT('',(5.53888019335,80.1319474631));
#2559 = CARTESIAN_POINT('',(5.608852162314,79.945409640268));
#2560 = CARTESIAN_POINT('',(5.647228092358,79.853814890271));
#2561 = CARTESIAN_POINT('',(5.688006415462,79.766252001326));
#2562 = CARTESIAN_POINT('',(5.731220247934,79.683054592783));
#2563 = CARTESIAN_POINT('',(5.776964438623,79.604908067816));
#2564 = CARTESIAN_POINT('',(5.845775149531,79.502625951744));
#2565 = CARTESIAN_POINT('',(5.86665540594,79.473392047392));
#2566 = CARTESIAN_POINT('',(5.888017343797,79.4453467884));
#2567 = CARTESIAN_POINT('',(5.90986491877,79.418598269618));
#2568 = CARTESIAN_POINT('',(5.932202911753,79.393265781967));
#2569 = CARTESIAN_POINT('',(6.004694576168,79.317751932974));
#2570 = CARTESIAN_POINT('',(6.057189102433,79.272827292358));
#2571 = CARTESIAN_POINT('',(6.111843994019,79.237179042884));
#2572 = CARTESIAN_POINT('',(6.168072304775,79.212540104482));
#2573 = CARTESIAN_POINT('',(6.225358023418,79.2));
#2574 = CARTESIAN_POINT('',(6.28318530718,79.2));
#2575 = ( GEOMETRIC_REPRESENTATION_CONTEXT(2) 
PARAMETRIC_REPRESENTATION_CONTEXT() REPRESENTATION_CONTEXT('2D SPACE',''
  ) );
#2576 = ORIENTED_EDGE('',*,*,#2577,.T.);
#2577 = EDGE_CURVE('',#2463,#2578,#2580,.T.);
#2578 = VERTEX_POINT('',#2579);
#2579 = CARTESIAN_POINT('',(151.5,-2.,89.35));
#2580 = SURFACE_CURVE('',#2581,(#2609,#2640),.PCURVE_S1.);
#2581 = B_SPLINE_CURVE_WITH_KNOTS('',6,(#2582,#2583,#2584,#2585,#2586,
    #2587,#2588,#2589,#2590,#2591,#2592,#2593,#2594,#2595,#2596,#2597,
    #2598,#2599,#2600,#2601,#2602,#2603,#2604,#2605,#2606,#2607,#2608),
  .UNSPECIFIED.,.F.,.F.,(7,5,5,5,5,7),(0.,0.226975685419,0.329374614316,
    0.572973268097,0.822451225381,1.),.UNSPECIFIED.);
#2582 = CARTESIAN_POINT('',(149.5,4.440892098501E-16,90.35));
#2583 = CARTESIAN_POINT('',(149.5,-0.145444095651,90.35));
#2584 = CARTESIAN_POINT('',(149.51269252108,-0.289492316332,
    90.339845700624));
#2585 = CARTESIAN_POINT('',(149.53761993863,-0.429960421719,
    90.319905067282));
#2586 = CARTESIAN_POINT('',(149.57366861025,-0.564741353643,
    90.291236947225));
#2587 = CARTESIAN_POINT('',(149.61907338792,-0.691925324935,
    90.255574164471));
#2588 = CARTESIAN_POINT('',(149.69488871851,-0.86311132795,
    90.196956175419));
#2589 = CARTESIAN_POINT('',(149.71995806913,-0.914696443056,
    90.177686717288));
#2590 = CARTESIAN_POINT('',(149.74640168718,-0.964651772165,
    90.157499093059));
#2591 = CARTESIAN_POINT('',(149.7741053109,-1.012987776655,
    90.136514093074));
#2592 = CARTESIAN_POINT('',(149.80296535127,-1.059720443186,
    90.114845691208));
#2593 = CARTESIAN_POINT('',(149.90407454123,-1.212281430328,
    90.039682855583));
#2594 = CARTESIAN_POINT('',(149.98131951541,-1.310800121898,
    89.983473471591));
#2595 = CARTESIAN_POINT('',(150.06352009474,-1.400896670864,
    89.925308615684));
#2596 = CARTESIAN_POINT('',(150.15000750584,-1.483107123123,
    89.866262731224));
#2597 = CARTESIAN_POINT('',(150.24045209242,-1.557890465412,
    89.807269955775));
#2598 = CARTESIAN_POINT('',(150.43148604828,-1.694821608178,
    89.690080276252));
#2599 = CARTESIAN_POINT('',(150.53222830899,-1.75659317826,
    89.631960159756));
#2600 = CARTESIAN_POINT('',(150.63701721552,-1.811168078473,
    89.576145372255));
#2601 = CARTESIAN_POINT('',(150.7458184852,-1.858461696109,
    89.524060740457));
#2602 = CARTESIAN_POINT('',(150.85866241337,-1.898260439193,
    89.477608415919));
#2603 = CARTESIAN_POINT('',(151.05897949211,-1.952677560959,
    89.411511288973));
#2604 = CARTESIAN_POINT('',(151.14476312066,-1.971349834558,
    89.38787442876));
#2605 = CARTESIAN_POINT('',(151.23223846822,-1.985574597982,
    89.369234322812));
#2606 = CARTESIAN_POINT('',(151.32085216023,-1.995163342424,
    89.35644875117));
#2607 = CARTESIAN_POINT('',(151.4102160464,-2.000000026935,
    89.349999964086));
#2608 = CARTESIAN_POINT('',(151.5000006,-2.,89.35));
#2609 = PCURVE('',#2321,#2610);
#2610 = DEFINITIONAL_REPRESENTATION('',(#2611),#2639);
#2611 = B_SPLINE_CURVE_WITH_KNOTS('',6,(#2612,#2613,#2614,#2615,#2616,
    #2617,#2618,#2619,#2620,#2621,#2622,#2623,#2624,#2625,#2626,#2627,
    #2628,#2629,#2630,#2631,#2632,#2633,#2634,#2635,#2636,#2637,#2638),
  .UNSPECIFIED.,.F.,.F.,(7,5,5,5,5,7),(0.,0.226975685419,0.329374614316,
    0.572973268097,0.822451225381,1.),.UNSPECIFIED.);
#2612 = CARTESIAN_POINT('',(3.14159265359,2.5));
#2613 = CARTESIAN_POINT('',(3.214314701415,2.5));
#2614 = CARTESIAN_POINT('',(3.286338774379,2.489845700624));
#2615 = CARTESIAN_POINT('',(3.357265310123,2.469905067282));
#2616 = CARTESIAN_POINT('',(3.426665328045,2.441236947225));
#2617 = CARTESIAN_POINT('',(3.494003279743,2.405574164471));
#2618 = CARTESIAN_POINT('',(3.587614993728,2.346956175419));
#2619 = CARTESIAN_POINT('',(3.616274301711,2.327686717288));
#2620 = CARTESIAN_POINT('',(3.644510615331,2.307499093059));
#2621 = CARTESIAN_POINT('',(3.6723437479,2.286514093074));
#2622 = CARTESIAN_POINT('',(3.699792780669,2.264845691208));
#2623 = CARTESIAN_POINT('',(3.791304969874,2.189682855584));
#2624 = CARTESIAN_POINT('',(3.853701892886,2.133473471591));
#2625 = CARTESIAN_POINT('',(3.914438384903,2.075308615684));
#2626 = CARTESIAN_POINT('',(3.97388477754,2.016262731224));
#2627 = CARTESIAN_POINT('',(4.032423988612,1.957269955775));
#2628 = CARTESIAN_POINT('',(4.149944316801,1.840080276252));
#2629 = CARTESIAN_POINT('',(4.208878305002,1.781960159756));
#2630 = CARTESIAN_POINT('',(4.267737296782,1.726145372255));
#2631 = CARTESIAN_POINT('',(4.326834266725,1.674060740457));
#2632 = CARTESIAN_POINT('',(4.386499931931,1.627608415919));
#2633 = CARTESIAN_POINT('',(4.490288364782,1.561511288973));
#2634 = CARTESIAN_POINT('',(4.534127513847,1.53787442876));
#2635 = CARTESIAN_POINT('',(4.57834505746,1.519234322812));
#2636 = CARTESIAN_POINT('',(4.622815140671,1.50644875117));
#2637 = CARTESIAN_POINT('',(4.667497003586,1.499999964086));
#2638 = CARTESIAN_POINT('',(4.712389280385,1.5));
#2639 = ( GEOMETRIC_REPRESENTATION_CONTEXT(2) 
PARAMETRIC_REPRESENTATION_CONTEXT() REPRESENTATION_CONTEXT('2D SPACE',''
  ) );
#2640 = PCURVE('',#2536,#2641);
#2641 = DEFINITIONAL_REPRESENTATION('',(#2642),#2670);
#2642 = B_SPLINE_CURVE_WITH_KNOTS('',6,(#2643,#2644,#2645,#2646,#2647,
    #2648,#2649,#2650,#2651,#2652,#2653,#2654,#2655,#2656,#2657,#2658,
    #2659,#2660,#2661,#2662,#2663,#2664,#2665,#2666,#2667,#2668,#2669),
  .UNSPECIFIED.,.F.,.F.,(7,5,5,5,5,7),(0.,0.226975685419,0.329374614316,
    0.572973268097,0.822451225381,1.),.UNSPECIFIED.);
#2643 = CARTESIAN_POINT('',(0.,79.2));
#2644 = CARTESIAN_POINT('',(5.817763826054E-02,79.2));
#2645 = CARTESIAN_POINT('',(0.115797040308,79.212692521081));
#2646 = CARTESIAN_POINT('',(0.17233821702,79.237619938637));
#2647 = CARTESIAN_POINT('',(0.227281022753,79.273668610252));
#2648 = CARTESIAN_POINT('',(0.280032447258,79.319073387923));
#2649 = CARTESIAN_POINT('',(0.352410030825,79.394888718514));
#2650 = CARTESIAN_POINT('',(0.374428435837,79.419958069138));
#2651 = CARTESIAN_POINT('',(0.395969314282,79.446401687183));
#2652 = CARTESIAN_POINT('',(0.417037344806,79.474105310903));
#2653 = CARTESIAN_POINT('',(0.437636425122,79.502965351273));
#2654 = CARTESIAN_POINT('',(0.505665015179,79.604074541234));
#2655 = CARTESIAN_POINT('',(0.550951775025,79.681319515419));
#2656 = CARTESIAN_POINT('',(0.59375999487,79.763520094749));
#2657 = CARTESIAN_POINT('',(0.634182091839,79.850007505848));
#2658 = CARTESIAN_POINT('',(0.672251949383,79.940452092428));
#2659 = CARTESIAN_POINT('',(0.744344732763,80.131486048288));
#2660 = CARTESIAN_POINT('',(0.778233544273,80.232228308997));
#2661 = CARTESIAN_POINT('',(0.809421916494,80.337017215521));
#2662 = CARTESIAN_POINT('',(0.837543645499,80.445818485204));
#2663 = CARTESIAN_POINT('',(0.862007050786,80.558662413373));
#2664 = CARTESIAN_POINT('',(0.896253343039,80.758979492111));
#2665 = CARTESIAN_POINT('',(0.908299763053,80.844763120663));
#2666 = CARTESIAN_POINT('',(0.917677953118,80.932238468226));
#2667 = CARTESIAN_POINT('',(0.924070869278,81.020852160236));
#2668 = CARTESIAN_POINT('',(0.927295235958,81.110216046402));
#2669 = CARTESIAN_POINT('',(0.927295218002,81.2000006));
#2670 = ( GEOMETRIC_REPRESENTATION_CONTEXT(2) 
PARAMETRIC_REPRESENTATION_CONTEXT() REPRESENTATION_CONTEXT('2D SPACE',''
  ) );
#2671 = ORIENTED_EDGE('',*,*,#2672,.F.);
#2672 = EDGE_CURVE('',#2673,#2578,#2675,.T.);
#2673 = VERTEX_POINT('',#2674);
#2674 = CARTESIAN_POINT('',(151.5,-2.,87.85));
#2675 = SURFACE_CURVE('',#2676,(#2680,#2686),.PCURVE_S1.);
#2676 = LINE('',#2677,#2678);
#2677 = CARTESIAN_POINT('',(151.5,-2.,87.85));
#2678 = VECTOR('',#2679,1.);
#2679 = DIRECTION('',(0.,0.,1.));
#2680 = PCURVE('',#2321,#2681);
#2681 = DEFINITIONAL_REPRESENTATION('',(#2682),#2685);
#2682 = B_SPLINE_CURVE_WITH_KNOTS('',1,(#2683,#2684),.UNSPECIFIED.,.F.,
  .F.,(2,2),(-6.000000070117E-07,3.),.PIECEWISE_BEZIER_KNOTS.);
#2683 = CARTESIAN_POINT('',(4.712388980385,-6.000000070117E-07));
#2684 = CARTESIAN_POINT('',(4.712388980385,3.));
#2685 = ( GEOMETRIC_REPRESENTATION_CONTEXT(2) 
PARAMETRIC_REPRESENTATION_CONTEXT() REPRESENTATION_CONTEXT('2D SPACE',''
  ) );
#2686 = PCURVE('',#2451,#2687);
#2687 = DEFINITIONAL_REPRESENTATION('',(#2688),#2691);
#2688 = B_SPLINE_CURVE_WITH_KNOTS('',1,(#2689,#2690),.UNSPECIFIED.,.F.,
  .F.,(2,2),(-6.000000070117E-07,3.),.PIECEWISE_BEZIER_KNOTS.);
#2689 = CARTESIAN_POINT('',(-6.000000070117E-07,2.));
#2690 = CARTESIAN_POINT('',(3.,2.));
#2691 = ( GEOMETRIC_REPRESENTATION_CONTEXT(2) 
PARAMETRIC_REPRESENTATION_CONTEXT() REPRESENTATION_CONTEXT('2D SPACE',''
  ) );
#2692 = ORIENTED_EDGE('',*,*,#2693,.T.);
#2693 = EDGE_CURVE('',#2673,#2385,#2694,.T.);
#2694 = SURFACE_CURVE('',#2695,(#2700,#2707),.PCURVE_S1.);
#2695 = CIRCLE('',#2696,2.);
#2696 = AXIS2_PLACEMENT_3D('',#2697,#2698,#2699);
#2697 = CARTESIAN_POINT('',(151.5,0.,87.85));
#2698 = DIRECTION('',(0.,0.,1.));
#2699 = DIRECTION('',(1.,0.,-0.));
#2700 = PCURVE('',#2321,#2701);
#2701 = DEFINITIONAL_REPRESENTATION('',(#2702),#2706);
#2702 = LINE('',#2703,#2704);
#2703 = CARTESIAN_POINT('',(0.,0.));
#2704 = VECTOR('',#2705,1.);
#2705 = DIRECTION('',(1.,0.));
#2706 = ( GEOMETRIC_REPRESENTATION_CONTEXT(2) 
PARAMETRIC_REPRESENTATION_CONTEXT() REPRESENTATION_CONTEXT('2D SPACE',''
  ) );
#2707 = PCURVE('',#2424,#2708);
#2708 = DEFINITIONAL_REPRESENTATION('',(#2709),#2713);
#2709 = CIRCLE('',#2710,2.);
#2710 = AXIS2_PLACEMENT_2D('',#2711,#2712);
#2711 = CARTESIAN_POINT('',(0.,0.));
#2712 = DIRECTION('',(1.,0.));
#2713 = ( GEOMETRIC_REPRESENTATION_CONTEXT(2) 
PARAMETRIC_REPRESENTATION_CONTEXT() REPRESENTATION_CONTEXT('2D SPACE',''
  ) );
#2714 = ORIENTED_EDGE('',*,*,#2384,.T.);
#2715 = ADVANCED_FACE('',(#2716),#2536,.F.);
#2716 = FACE_BOUND('',#2717,.F.);
#2717 = EDGE_LOOP('',(#2718,#2817,#2838,#2839,#2861,#2862,#2863));
#2718 = ORIENTED_EDGE('',*,*,#2719,.T.);
#2719 = EDGE_CURVE('',#2720,#2722,#2724,.T.);
#2720 = VERTEX_POINT('',#2721);
#2721 = CARTESIAN_POINT('',(71.3,-1.746346335584E-14,85.35));
#2722 = VERTEX_POINT('',#2723);
#2723 = CARTESIAN_POINT('',(71.3,-8.425569978134E-15,90.35));
#2724 = SURFACE_CURVE('',#2725,(#2752,#2782),.PCURVE_S1.);
#2725 = B_SPLINE_CURVE_WITH_KNOTS('',7,(#2726,#2727,#2728,#2729,#2730,
    #2731,#2732,#2733,#2734,#2735,#2736,#2737,#2738,#2739,#2740,#2741,
    #2742,#2743,#2744,#2745,#2746,#2747,#2748,#2749,#2750,#2751),
  .UNSPECIFIED.,.F.,.F.,(8,6,6,6,8),(0.,0.244238906237,0.500041494627,
    0.755851123229,1.),.UNSPECIFIED.);
#2726 = CARTESIAN_POINT('',(71.3,4.287811248607E-15,85.35));
#2727 = CARTESIAN_POINT('',(71.3,0.333329373079,85.35));
#2728 = CARTESIAN_POINT('',(71.298181953802,0.657369313975,
    85.401850063294));
#2729 = CARTESIAN_POINT('',(71.294728285761,0.962721939206,
    85.500352184979));
#2730 = CARTESIAN_POINT('',(71.290120861038,1.241658335241,
    85.638511460772));
#2731 = CARTESIAN_POINT('',(71.285008402507,1.488407568204,
    85.807645839227));
#2732 = CARTESIAN_POINT('',(71.279954301436,1.699695615507,
    85.99756158472));
#2733 = CARTESIAN_POINT('',(71.270496337523,2.059172802616,
    86.405308415632));
#2734 = CARTESIAN_POINT('',(71.265998194103,2.209083769424,
    86.629914573967));
#2735 = CARTESIAN_POINT('',(71.262164435583,2.326693609226,
    86.865069042727));
#2736 = CARTESIAN_POINT('',(71.2591875565,2.413640783309,87.107062262506
    ));
#2737 = CARTESIAN_POINT('',(71.257168607582,2.471184320166,
    87.353233768111));
#2738 = CARTESIAN_POINT('',(71.256157628657,2.5,87.601505808768));
#2739 = CARTESIAN_POINT('',(71.256157628657,2.5,88.098501030302));
#2740 = CARTESIAN_POINT('',(71.257168664135,2.47118272052,
    88.346767892841));
#2741 = CARTESIAN_POINT('',(71.259187546325,2.413641044039,
    88.59293392889));
#2742 = CARTESIAN_POINT('',(71.262164351443,2.326695839856,
    88.834927661607));
#2743 = CARTESIAN_POINT('',(71.265998203551,2.209084220455,
    89.070086988664));
#2744 = CARTESIAN_POINT('',(71.270496429586,2.059169303475,
    89.294695553364));
#2745 = CARTESIAN_POINT('',(71.279952383629,1.699768507315,
    89.702355735753));
#2746 = CARTESIAN_POINT('',(71.2850070381,1.488475357521,89.892318628502
    ));
#2747 = CARTESIAN_POINT('',(71.290121652964,1.241651161651,
    90.061524478731));
#2748 = CARTESIAN_POINT('',(71.294730758337,0.962610859102,
    90.199718160016));
#2749 = CARTESIAN_POINT('',(71.298183687016,0.657186207213,
    90.298199403331));
#2750 = CARTESIAN_POINT('',(71.3,0.333170354216,90.35));
#2751 = CARTESIAN_POINT('',(71.3,3.636830773662E-15,90.35));
#2752 = PCURVE('',#2536,#2753);
#2753 = DEFINITIONAL_REPRESENTATION('',(#2754),#2781);
#2754 = B_SPLINE_CURVE_WITH_KNOTS('',7,(#2755,#2756,#2757,#2758,#2759,
    #2760,#2761,#2762,#2763,#2764,#2765,#2766,#2767,#2768,#2769,#2770,
    #2771,#2772,#2773,#2774,#2775,#2776,#2777,#2778,#2779,#2780),
  .UNSPECIFIED.,.F.,.F.,(8,6,6,6,8),(0.,0.244238906237,0.500041494627,
    0.755851123229,1.),.UNSPECIFIED.);
#2755 = CARTESIAN_POINT('',(3.14159265359,1.));
#2756 = CARTESIAN_POINT('',(3.274924402821,1.));
#2757 = CARTESIAN_POINT('',(3.404540284958,0.998181953802));
#2758 = CARTESIAN_POINT('',(3.530553109383,0.994728285761));
#2759 = CARTESIAN_POINT('',(3.652771257468,0.990120861038));
#2760 = CARTESIAN_POINT('',(3.77074624968,0.985008402507));
#2761 = CARTESIAN_POINT('',(3.883620396804,0.979954301436));
#2762 = CARTESIAN_POINT('',(4.101053173053,0.970496337523));
#2763 = CARTESIAN_POINT('',(4.208100298835,0.965998194103));
#2764 = CARTESIAN_POINT('',(4.312014600456,0.962164435583));
#2765 = CARTESIAN_POINT('',(4.413609164578,0.9591875565));
#2766 = CARTESIAN_POINT('',(4.513682691621,0.957168607582));
#2767 = CARTESIAN_POINT('',(4.612991303892,0.956157628657));
#2768 = CARTESIAN_POINT('',(4.811789392505,0.956157628657));
#2769 = CARTESIAN_POINT('',(4.911095940443,0.957168664135));
#2770 = CARTESIAN_POINT('',(5.011167392091,0.959187546325));
#2771 = CARTESIAN_POINT('',(5.112761898521,0.962164351443));
#2772 = CARTESIAN_POINT('',(5.216678014007,0.965998203551));
#2773 = CARTESIAN_POINT('',(5.323726904201,0.970496429586));
#2774 = CARTESIAN_POINT('',(5.541113474747,0.979952383629));
#2775 = CARTESIAN_POINT('',(5.654003132075,0.9850070381));
#2776 = CARTESIAN_POINT('',(5.772016880795,0.990121652964));
#2777 = CARTESIAN_POINT('',(5.894274753797,0.994730758337));
#2778 = CARTESIAN_POINT('',(6.020310931928,0.998183687016));
#2779 = CARTESIAN_POINT('',(6.149917165493,1.));
#2780 = CARTESIAN_POINT('',(6.28318530718,1.));
#2781 = ( GEOMETRIC_REPRESENTATION_CONTEXT(2) 
PARAMETRIC_REPRESENTATION_CONTEXT() REPRESENTATION_CONTEXT('2D SPACE',''
  ) );
#2782 = PCURVE('',#2783,#2788);
#2783 = CYLINDRICAL_SURFACE('',#2784,71.3);
#2784 = AXIS2_PLACEMENT_3D('',#2785,#2786,#2787);
#2785 = CARTESIAN_POINT('',(0.,0.,70.));
#2786 = DIRECTION('',(0.,0.,1.));
#2787 = DIRECTION('',(1.,0.,-0.));
#2788 = DEFINITIONAL_REPRESENTATION('',(#2789),#2816);
#2789 = B_SPLINE_CURVE_WITH_KNOTS('',7,(#2790,#2791,#2792,#2793,#2794,
    #2795,#2796,#2797,#2798,#2799,#2800,#2801,#2802,#2803,#2804,#2805,
    #2806,#2807,#2808,#2809,#2810,#2811,#2812,#2813,#2814,#2815),
  .UNSPECIFIED.,.F.,.F.,(8,6,6,6,8),(0.,0.244238906237,0.500041494627,
    0.755851123229,1.),.UNSPECIFIED.);
#2790 = CARTESIAN_POINT('',(0.,15.35));
#2791 = CARTESIAN_POINT('',(4.67502627039E-03,15.35));
#2792 = CARTESIAN_POINT('',(9.219766162942E-03,15.401850063294));
#2793 = CARTESIAN_POINT('',(1.350257749795E-02,15.500352184979));
#2794 = CARTESIAN_POINT('',(1.74151909886E-02,15.638511460772));
#2795 = CARTESIAN_POINT('',(2.087662348289E-02,15.807645839227));
#2796 = CARTESIAN_POINT('',(2.384082926798E-02,15.99756158472));
#2797 = CARTESIAN_POINT('',(2.888432978224E-02,16.405308415632));
#2798 = CARTESIAN_POINT('',(3.098779983001E-02,16.629914573967));
#2799 = CARTESIAN_POINT('',(3.26381782806E-02,16.865069042727));
#2800 = CARTESIAN_POINT('',(3.385834762654E-02,17.107062262506));
#2801 = CARTESIAN_POINT('',(3.466590651399E-02,17.353233768111));
#2802 = CARTESIAN_POINT('',(3.507030214235E-02,17.601505808768));
#2803 = CARTESIAN_POINT('',(3.507030214235E-02,18.098501030302));
#2804 = CARTESIAN_POINT('',(3.466588406405E-02,18.346767892841));
#2805 = CARTESIAN_POINT('',(3.385835128724E-02,18.59293392889));
#2806 = CARTESIAN_POINT('',(3.263820958593E-02,18.834927661608));
#2807 = CARTESIAN_POINT('',(3.098780614978E-02,19.070086988664));
#2808 = CARTESIAN_POINT('',(2.888428068895E-02,19.294695553364));
#2809 = CARTESIAN_POINT('',(2.384185194726E-02,19.702355735753));
#2810 = CARTESIAN_POINT('',(2.087757442457E-02,19.892318628502));
#2811 = CARTESIAN_POINT('',(1.741509012738E-02,20.061524478731));
#2812 = CARTESIAN_POINT('',(1.350101931213E-02,20.199718160016));
#2813 = CARTESIAN_POINT('',(9.217198049476E-03,20.298199403331));
#2814 = CARTESIAN_POINT('',(4.672795991808E-03,20.35));
#2815 = CARTESIAN_POINT('',(0.,20.35));
#2816 = ( GEOMETRIC_REPRESENTATION_CONTEXT(2) 
PARAMETRIC_REPRESENTATION_CONTEXT() REPRESENTATION_CONTEXT('2D SPACE',''
  ) );
#2817 = ORIENTED_EDGE('',*,*,#2818,.T.);
#2818 = EDGE_CURVE('',#2722,#2463,#2819,.T.);
#2819 = SEAM_CURVE('',#2820,(#2824,#2831),.PCURVE_S1.);
#2820 = LINE('',#2821,#2822);
#2821 = CARTESIAN_POINT('',(70.3,6.123233995737E-16,90.35));
#2822 = VECTOR('',#2823,1.);
#2823 = DIRECTION('',(1.,0.,0.));
#2824 = PCURVE('',#2536,#2825);
#2825 = DEFINITIONAL_REPRESENTATION('',(#2826),#2830);
#2826 = LINE('',#2827,#2828);
#2827 = CARTESIAN_POINT('',(0.,-0.));
#2828 = VECTOR('',#2829,1.);
#2829 = DIRECTION('',(0.,1.));
#2830 = ( GEOMETRIC_REPRESENTATION_CONTEXT(2) 
PARAMETRIC_REPRESENTATION_CONTEXT() REPRESENTATION_CONTEXT('2D SPACE',''
  ) );
#2831 = PCURVE('',#2536,#2832);
#2832 = DEFINITIONAL_REPRESENTATION('',(#2833),#2837);
#2833 = LINE('',#2834,#2835);
#2834 = CARTESIAN_POINT('',(6.28318530718,-0.));
#2835 = VECTOR('',#2836,1.);
#2836 = DIRECTION('',(0.,1.));
#2837 = ( GEOMETRIC_REPRESENTATION_CONTEXT(2) 
PARAMETRIC_REPRESENTATION_CONTEXT() REPRESENTATION_CONTEXT('2D SPACE',''
  ) );
#2838 = ORIENTED_EDGE('',*,*,#2462,.F.);
#2839 = ORIENTED_EDGE('',*,*,#2840,.F.);
#2840 = EDGE_CURVE('',#2578,#2437,#2841,.T.);
#2841 = SURFACE_CURVE('',#2842,(#2847,#2854),.PCURVE_S1.);
#2842 = CIRCLE('',#2843,2.5);
#2843 = AXIS2_PLACEMENT_3D('',#2844,#2845,#2846);
#2844 = CARTESIAN_POINT('',(151.5,0.,87.85));
#2845 = DIRECTION('',(1.,0.,0.));
#2846 = DIRECTION('',(-0.,0.,1.));
#2847 = PCURVE('',#2536,#2848);
#2848 = DEFINITIONAL_REPRESENTATION('',(#2849),#2853);
#2849 = LINE('',#2850,#2851);
#2850 = CARTESIAN_POINT('',(0.,81.2));
#2851 = VECTOR('',#2852,1.);
#2852 = DIRECTION('',(1.,0.));
#2853 = ( GEOMETRIC_REPRESENTATION_CONTEXT(2) 
PARAMETRIC_REPRESENTATION_CONTEXT() REPRESENTATION_CONTEXT('2D SPACE',''
  ) );
#2854 = PCURVE('',#2451,#2855);
#2855 = DEFINITIONAL_REPRESENTATION('',(#2856),#2860);
#2856 = CIRCLE('',#2857,2.5);
#2857 = AXIS2_PLACEMENT_2D('',#2858,#2859);
#2858 = CARTESIAN_POINT('',(0.,0.));
#2859 = DIRECTION('',(1.,0.));
#2860 = ( GEOMETRIC_REPRESENTATION_CONTEXT(2) 
PARAMETRIC_REPRESENTATION_CONTEXT() REPRESENTATION_CONTEXT('2D SPACE',''
  ) );
#2861 = ORIENTED_EDGE('',*,*,#2577,.F.);
#2862 = ORIENTED_EDGE('',*,*,#2818,.F.);
#2863 = ORIENTED_EDGE('',*,*,#2864,.T.);
#2864 = EDGE_CURVE('',#2722,#2720,#2865,.T.);
#2865 = SURFACE_CURVE('',#2866,(#2893,#2923),.PCURVE_S1.);
#2866 = B_SPLINE_CURVE_WITH_KNOTS('',7,(#2867,#2868,#2869,#2870,#2871,
    #2872,#2873,#2874,#2875,#2876,#2877,#2878,#2879,#2880,#2881,#2882,
    #2883,#2884,#2885,#2886,#2887,#2888,#2889,#2890,#2891,#2892),
  .UNSPECIFIED.,.F.,.F.,(8,6,6,6,8),(0.,0.244240477025,0.500030060837,
    0.755818399741,1.),.UNSPECIFIED.);
#2867 = CARTESIAN_POINT('',(71.3,-4.884981308351E-15,90.35));
#2868 = CARTESIAN_POINT('',(71.3,-0.33332936974,90.35));
#2869 = CARTESIAN_POINT('',(71.298181953815,-0.657369322144,
    90.298149937379));
#2870 = CARTESIAN_POINT('',(71.294728285683,-0.962721932453,
    90.199647811627));
#2871 = CARTESIAN_POINT('',(71.290120861191,-1.24165833485,
    90.061488545568));
#2872 = CARTESIAN_POINT('',(71.285008402376,-1.488407571916,
    89.892354155297));
#2873 = CARTESIAN_POINT('',(71.279954301482,-1.699695613775,
    89.702438417244));
#2874 = CARTESIAN_POINT('',(71.270496614563,-2.05916227288,
    89.294703528009));
#2875 = CARTESIAN_POINT('',(71.265998241651,-2.209084364724,
    89.070091014623));
#2876 = CARTESIAN_POINT('',(71.262164200074,-2.326700095199,
    88.834922082858));
#2877 = CARTESIAN_POINT('',(71.259187455608,-2.413643620647,
    88.592924099516));
#2878 = CARTESIAN_POINT('',(71.257168675319,-2.471182410506,
    88.346762254359));
#2879 = CARTESIAN_POINT('',(71.256157628657,-2.5,88.098502239743));
#2880 = CARTESIAN_POINT('',(71.256157628657,-2.5,87.601498969698));
#2881 = CARTESIAN_POINT('',(71.257168664135,-2.47118272052,
    87.353232107159));
#2882 = CARTESIAN_POINT('',(71.259187546325,-2.413641044039,
    87.10706607111));
#2883 = CARTESIAN_POINT('',(71.262164351443,-2.326695839856,
    86.865072338392));
#2884 = CARTESIAN_POINT('',(71.265998203551,-2.209084220455,
    86.629913011336));
#2885 = CARTESIAN_POINT('',(71.270496429586,-2.059169303475,
    86.405304446636));
#2886 = CARTESIAN_POINT('',(71.279953386934,-1.699730373784,
    85.997601010247));
#2887 = CARTESIAN_POINT('',(71.285007629,-1.488444632124,85.807668131126
    ));
#2888 = CARTESIAN_POINT('',(71.290121044125,-1.241663887783,
    85.638499766052));
#2889 = CARTESIAN_POINT('',(71.294729417252,-0.962676611188,
    85.500319845199));
#2890 = CARTESIAN_POINT('',(71.298182840604,-0.657282138397,
    85.401824793362));
#2891 = CARTESIAN_POINT('',(71.3,-0.333248159603,85.35));
#2892 = CARTESIAN_POINT('',(71.3,-4.440892098501E-15,85.35));
#2893 = PCURVE('',#2536,#2894);
#2894 = DEFINITIONAL_REPRESENTATION('',(#2895),#2922);
#2895 = B_SPLINE_CURVE_WITH_KNOTS('',7,(#2896,#2897,#2898,#2899,#2900,
    #2901,#2902,#2903,#2904,#2905,#2906,#2907,#2908,#2909,#2910,#2911,
    #2912,#2913,#2914,#2915,#2916,#2917,#2918,#2919,#2920,#2921),
  .UNSPECIFIED.,.F.,.F.,(8,6,6,6,8),(0.,0.244240477025,0.500030060837,
    0.755818399741,1.),.UNSPECIFIED.);
#2896 = CARTESIAN_POINT('',(-2.6645352591E-15,1.));
#2897 = CARTESIAN_POINT('',(0.133331747896,1.));
#2898 = CARTESIAN_POINT('',(0.262947634485,0.998181953815));
#2899 = CARTESIAN_POINT('',(0.388960453706,0.994728285683));
#2900 = CARTESIAN_POINT('',(0.511178602646,0.990120861191));
#2901 = CARTESIAN_POINT('',(0.629153598513,0.985008402376));
#2902 = CARTESIAN_POINT('',(0.742027742167,0.979954301482));
#2903 = CARTESIAN_POINT('',(0.959454150465,0.970496614563));
#2904 = CARTESIAN_POINT('',(1.066506120025,0.965998241651));
#2905 = CARTESIAN_POINT('',(1.170425967044,0.962164200074));
#2906 = CARTESIAN_POINT('',(1.272021855569,0.959187455608));
#2907 = CARTESIAN_POINT('',(1.372091609695,0.957168675319));
#2908 = CARTESIAN_POINT('',(1.471395430898,0.956157628657));
#2909 = CARTESIAN_POINT('',(1.670196738916,0.956157628657));
#2910 = CARTESIAN_POINT('',(1.769503286853,0.957168664135));
#2911 = CARTESIAN_POINT('',(1.869574738501,0.959187546325));
#2912 = CARTESIAN_POINT('',(1.971169244931,0.962164351443));
#2913 = CARTESIAN_POINT('',(2.075085360417,0.965998203551));
#2914 = CARTESIAN_POINT('',(2.182134250611,0.970496429586));
#2915 = CARTESIAN_POINT('',(2.399543886541,0.979953386934));
#2916 = CARTESIAN_POINT('',(2.512422568631,0.985007629));
#2917 = CARTESIAN_POINT('',(2.630414905462,0.990121044125));
#2918 = CARTESIAN_POINT('',(2.752653119911,0.994729417252));
#2919 = CARTESIAN_POINT('',(2.878679900264,0.998182840604));
#2920 = CARTESIAN_POINT('',(3.008293389749,1.));
#2921 = CARTESIAN_POINT('',(3.14159265359,1.));
#2922 = ( GEOMETRIC_REPRESENTATION_CONTEXT(2) 
PARAMETRIC_REPRESENTATION_CONTEXT() REPRESENTATION_CONTEXT('2D SPACE',''
  ) );
#2923 = PCURVE('',#2783,#2924);
#2924 = DEFINITIONAL_REPRESENTATION('',(#2925),#2952);
#2925 = B_SPLINE_CURVE_WITH_KNOTS('',7,(#2926,#2927,#2928,#2929,#2930,
    #2931,#2932,#2933,#2934,#2935,#2936,#2937,#2938,#2939,#2940,#2941,
    #2942,#2943,#2944,#2945,#2946,#2947,#2948,#2949,#2950,#2951),
  .UNSPECIFIED.,.F.,.F.,(8,6,6,6,8),(0.,0.244240477025,0.500030060837,
    0.755818399741,1.),.UNSPECIFIED.);
#2926 = CARTESIAN_POINT('',(6.28318530718,20.35));
#2927 = CARTESIAN_POINT('',(6.278510280956,20.35));
#2928 = CARTESIAN_POINT('',(6.273965540902,20.298149937379));
#2929 = CARTESIAN_POINT('',(6.269682729776,20.199647811627));
#2930 = CARTESIAN_POINT('',(6.265770116196,20.061488545568));
#2931 = CARTESIAN_POINT('',(6.262308683645,19.892354155297));
#2932 = CARTESIAN_POINT('',(6.259344477936,19.702438417244));
#2933 = CARTESIAN_POINT('',(6.254301125131,19.294703528009));
#2934 = CARTESIAN_POINT('',(6.252197499021,19.070091014623));
#2935 = CARTESIAN_POINT('',(6.250547037878,18.834922082858));
#2936 = CARTESIAN_POINT('',(6.24932691973,18.592924099516));
#2937 = CARTESIAN_POINT('',(6.248519427467,18.346762254359));
#2938 = CARTESIAN_POINT('',(6.248115005037,18.098502239743));
#2939 = CARTESIAN_POINT('',(6.248115005037,17.601498969698));
#2940 = CARTESIAN_POINT('',(6.248519423116,17.353232107159));
#2941 = CARTESIAN_POINT('',(6.249326955892,17.10706607111));
#2942 = CARTESIAN_POINT('',(6.250547097594,16.865072338393));
#2943 = CARTESIAN_POINT('',(6.25219750103,16.629913011336));
#2944 = CARTESIAN_POINT('',(6.254301026491,16.405304446636));
#2945 = CARTESIAN_POINT('',(6.25934399025,15.997601010247));
#2946 = CARTESIAN_POINT('',(6.262308163756,15.807668131126));
#2947 = CARTESIAN_POINT('',(6.265770038413,15.638499766052));
#2948 = CARTESIAN_POINT('',(6.269683365547,15.500319845199));
#2949 = CARTESIAN_POINT('',(6.273966763676,15.401824793362));
#2950 = CARTESIAN_POINT('',(6.278511419948,15.35));
#2951 = CARTESIAN_POINT('',(6.28318530718,15.35));
#2952 = ( GEOMETRIC_REPRESENTATION_CONTEXT(2) 
PARAMETRIC_REPRESENTATION_CONTEXT() REPRESENTATION_CONTEXT('2D SPACE',''
  ) );
#2953 = ADVANCED_FACE('',(#2954,#4118,#4289),#2783,.F.);
#2954 = FACE_BOUND('',#2955,.F.);
#2955 = EDGE_LOOP('',(#2956,#2979,#2980,#3003,#3200,#3224,#3640,#3664,
    #3877,#3878,#3879,#3880,#3977,#4000,#4027,#4028));
#2956 = ORIENTED_EDGE('',*,*,#2957,.F.);
#2957 = EDGE_CURVE('',#2722,#2958,#2960,.T.);
#2958 = VERTEX_POINT('',#2959);
#2959 = CARTESIAN_POINT('',(71.3,-1.746346335584E-14,97.85));
#2960 = SEAM_CURVE('',#2961,(#2965,#2972),.PCURVE_S1.);
#2961 = LINE('',#2962,#2963);
#2962 = CARTESIAN_POINT('',(71.3,-1.746346335584E-14,70.));
#2963 = VECTOR('',#2964,1.);
#2964 = DIRECTION('',(0.,0.,1.));
#2965 = PCURVE('',#2783,#2966);
#2966 = DEFINITIONAL_REPRESENTATION('',(#2967),#2971);
#2967 = LINE('',#2968,#2969);
#2968 = CARTESIAN_POINT('',(0.,-0.));
#2969 = VECTOR('',#2970,1.);
#2970 = DIRECTION('',(0.,1.));
#2971 = ( GEOMETRIC_REPRESENTATION_CONTEXT(2) 
PARAMETRIC_REPRESENTATION_CONTEXT() REPRESENTATION_CONTEXT('2D SPACE',''
  ) );
#2972 = PCURVE('',#2783,#2973);
#2973 = DEFINITIONAL_REPRESENTATION('',(#2974),#2978);
#2974 = LINE('',#2975,#2976);
#2975 = CARTESIAN_POINT('',(6.28318530718,-0.));
#2976 = VECTOR('',#2977,1.);
#2977 = DIRECTION('',(0.,1.));
#2978 = ( GEOMETRIC_REPRESENTATION_CONTEXT(2) 
PARAMETRIC_REPRESENTATION_CONTEXT() REPRESENTATION_CONTEXT('2D SPACE',''
  ) );
#2979 = ORIENTED_EDGE('',*,*,#2719,.F.);
#2980 = ORIENTED_EDGE('',*,*,#2981,.F.);
#2981 = EDGE_CURVE('',#2982,#2720,#2984,.T.);
#2982 = VERTEX_POINT('',#2983);
#2983 = CARTESIAN_POINT('',(71.3,0.,83.));
#2984 = SEAM_CURVE('',#2985,(#2989,#2996),.PCURVE_S1.);
#2985 = LINE('',#2986,#2987);
#2986 = CARTESIAN_POINT('',(71.3,-1.746346335584E-14,70.));
#2987 = VECTOR('',#2988,1.);
#2988 = DIRECTION('',(0.,0.,1.));
#2989 = PCURVE('',#2783,#2990);
#2990 = DEFINITIONAL_REPRESENTATION('',(#2991),#2995);
#2991 = LINE('',#2992,#2993);
#2992 = CARTESIAN_POINT('',(6.28318530718,-0.));
#2993 = VECTOR('',#2994,1.);
#2994 = DIRECTION('',(0.,1.));
#2995 = ( GEOMETRIC_REPRESENTATION_CONTEXT(2) 
PARAMETRIC_REPRESENTATION_CONTEXT() REPRESENTATION_CONTEXT('2D SPACE',''
  ) );
#2996 = PCURVE('',#2783,#2997);
#2997 = DEFINITIONAL_REPRESENTATION('',(#2998),#3002);
#2998 = LINE('',#2999,#3000);
#2999 = CARTESIAN_POINT('',(0.,-0.));
#3000 = VECTOR('',#3001,1.);
#3001 = DIRECTION('',(0.,1.));
#3002 = ( GEOMETRIC_REPRESENTATION_CONTEXT(2) 
PARAMETRIC_REPRESENTATION_CONTEXT() REPRESENTATION_CONTEXT('2D SPACE',''
  ) );
#3003 = ORIENTED_EDGE('',*,*,#3004,.T.);
#3004 = EDGE_CURVE('',#2982,#3005,#3007,.T.);
#3005 = VERTEX_POINT('',#3006);
#3006 = CARTESIAN_POINT('',(57.290422410731,42.444051408884,113.05));
#3007 = SURFACE_CURVE('',#3008,(#3041,#3159),.PCURVE_S1.);
#3008 = B_SPLINE_CURVE_WITH_KNOTS('',7,(#3009,#3010,#3011,#3012,#3013,
    #3014,#3015,#3016,#3017,#3018,#3019,#3020,#3021,#3022,#3023,#3024,
    #3025,#3026,#3027,#3028,#3029,#3030,#3031,#3032,#3033,#3034,#3035,
    #3036,#3037,#3038,#3039,#3040),.UNSPECIFIED.,.F.,.F.,(8,6,6,6,6,8),(
    0.,0.17146176355,0.2767474801,0.409009802186,0.779242816507,1.),
  .UNSPECIFIED.);
#3009 = CARTESIAN_POINT('',(71.3,-2.755455298082E-15,83.));
#3010 = CARTESIAN_POINT('',(71.3,1.666230787621,83.));
#3011 = CARTESIAN_POINT('',(71.254571428419,3.329657177905,
    83.071979013449));
#3012 = CARTESIAN_POINT('',(71.163990362866,4.981948116136,
    83.21549979448));
#3013 = CARTESIAN_POINT('',(71.029710113997,6.614817309863,
    83.428695663925));
#3014 = CARTESIAN_POINT('',(70.854349570878,8.220098557193,
    83.708275590582));
#3015 = CARTESIAN_POINT('',(70.641628725662,9.78981785394,
    84.049496093854));
#3016 = CARTESIAN_POINT('',(70.245577959922,12.253572101977,
    84.689633699044));
#3017 = CARTESIAN_POINT('',(70.082451127592,13.175436400076,
    84.954276498098));
#3018 = CARTESIAN_POINT('',(69.907711652653,14.081301150881,
    85.238984108579));
#3019 = CARTESIAN_POINT('',(69.72222357057,14.970649126734,
    85.542696388416));
#3020 = CARTESIAN_POINT('',(69.526869766809,15.842999820096,
    85.864334812702));
#3021 = CARTESIAN_POINT('',(69.322547563392,16.697909368275,
    86.202799976586));
#3022 = CARTESIAN_POINT('',(68.843363605589,18.586505764693,
    87.001884438695));
#3023 = CARTESIAN_POINT('',(68.56379531285,19.610056948602,
    87.47165924804));
#3024 = CARTESIAN_POINT('',(68.273002994552,20.605774954713,
    87.964496445143));
#3025 = CARTESIAN_POINT('',(67.972450599207,21.573880683107,
    88.478732448113));
#3026 = CARTESIAN_POINT('',(67.663523287565,22.514654075412,
    89.012830389815));
#3027 = CARTESIAN_POINT('',(67.347528263624,23.4284231811,
    89.565373333463));
#3028 = CARTESIAN_POINT('',(66.124811111944,26.798836630718,
    91.729735991476));
#3029 = CARTESIAN_POINT('',(65.177036932318,29.076551743506,
    93.460761656382));
#3030 = CARTESIAN_POINT('',(64.207822789593,31.159420349225,
    95.30251950293));
#3031 = CARTESIAN_POINT('',(63.237740682155,33.0590505462,
    97.237430954101));
#3032 = CARTESIAN_POINT('',(62.283686912936,34.786257824174,
    99.254351467885));
#3033 = CARTESIAN_POINT('',(61.360623214255,36.349818816224,
    101.34735439933));
#3034 = CARTESIAN_POINT('',(59.960075315241,38.59346383274,
    104.80696304154));
#3035 = CARTESIAN_POINT('',(59.453414548804,39.374960941839,
    106.12503922827));
#3036 = CARTESIAN_POINT('',(58.966861238849,40.100320666783,
    107.4671739092));
#3037 = CARTESIAN_POINT('',(58.503927019043,40.769853719759,
    108.83189126142));
#3038 = CARTESIAN_POINT('',(58.068027225624,41.383713997072,
    110.21793985648));
#3039 = CARTESIAN_POINT('',(57.662468636967,41.941868309357,
    111.62426847795));
#3040 = CARTESIAN_POINT('',(57.29042225416,42.444051620221,113.0500006)
  );
#3041 = PCURVE('',#2783,#3042);
#3042 = DEFINITIONAL_REPRESENTATION('',(#3043),#3158);
#3043 = B_SPLINE_CURVE_WITH_KNOTS('',9,(#3044,#3045,#3046,#3047,#3048,
    #3049,#3050,#3051,#3052,#3053,#3054,#3055,#3056,#3057,#3058,#3059,
    #3060,#3061,#3062,#3063,#3064,#3065,#3066,#3067,#3068,#3069,#3070,
    #3071,#3072,#3073,#3074,#3075,#3076,#3077,#3078,#3079,#3080,#3081,
    #3082,#3083,#3084,#3085,#3086,#3087,#3088,#3089,#3090,#3091,#3092,
    #3093,#3094,#3095,#3096,#3097,#3098,#3099,#3100,#3101,#3102,#3103,
    #3104,#3105,#3106,#3107,#3108,#3109,#3110,#3111,#3112,#3113,#3114,
    #3115,#3116,#3117,#3118,#3119,#3120,#3121,#3122,#3123,#3124,#3125,
    #3126,#3127,#3128,#3129,#3130,#3131,#3132,#3133,#3134,#3135,#3136,
    #3137,#3138,#3139,#3140,#3141,#3142,#3143,#3144,#3145,#3146,#3147,
    #3148,#3149,#3150,#3151,#3152,#3153,#3154,#3155,#3156,#3157),
  .UNSPECIFIED.,.F.,.F.,(10,8,8,8,8,8,8,8,8,8,8,8,8,8,10),(0.,
    0.124999998341,0.152343747978,0.165588376709,0.178626058115,
    0.229961928653,0.278089307283,0.368328142214,0.407807632496,
    0.444819654635,0.722409820682,0.757108591438,0.772289303643,
    0.786521221336,0.999999986728),.UNSPECIFIED.);
#3044 = CARTESIAN_POINT('',(0.,13.));
#3045 = CARTESIAN_POINT('',(1.325085423287E-02,13.));
#3046 = CARTESIAN_POINT('',(2.648951253924E-02,13.022315789283));
#3047 = CARTESIAN_POINT('',(3.970048121672E-02,13.066876181126));
#3048 = CARTESIAN_POINT('',(5.28682847086E-02,13.133498721023));
#3049 = CARTESIAN_POINT('',(6.597743158537E-02,13.221889030918));
#3050 = CARTESIAN_POINT('',(7.90123805264E-02,13.331640153438));
#3051 = CARTESIAN_POINT('',(9.195750630149E-02,13.462231896121));
#3052 = CARTESIAN_POINT('',(0.104797065752,13.613030175654));
#3053 = CARTESIAN_POINT('',(0.120297247717,13.820529902884));
#3054 = CARTESIAN_POINT('',(0.123073519644,13.858704524796));
#3055 = CARTESIAN_POINT('',(0.125843813242,13.897802385216));
#3056 = CARTESIAN_POINT('',(0.12860796187,13.937815377297));
#3057 = CARTESIAN_POINT('',(0.13136579855,13.978735129133));
#3058 = CARTESIAN_POINT('',(0.134117155961,14.020553002914));
#3059 = CARTESIAN_POINT('',(0.136861866423,14.063260094101));
#3060 = CARTESIAN_POINT('',(0.139599761892,14.106847230585));
#3061 = CARTESIAN_POINT('',(0.143653459473,14.17283919028));
#3062 = CARTESIAN_POINT('',(0.144974606556,14.194577669248));
#3063 = CARTESIAN_POINT('',(0.146294096056,14.216519335894));
#3064 = CARTESIAN_POINT('',(0.147611908814,14.238663102577));
#3065 = CARTESIAN_POINT('',(0.148928025648,14.261007866852));
#3066 = CARTESIAN_POINT('',(0.150242427355,14.283552511442));
#3067 = CARTESIAN_POINT('',(0.151555094712,14.306295904214));
#3068 = CARTESIAN_POINT('',(0.152866008474,14.329236898154));
#3069 = CARTESIAN_POINT('',(0.155463834949,14.375150242129));
#3070 = CARTESIAN_POINT('',(0.156750775032,14.398115996943));
#3071 = CARTESIAN_POINT('',(0.158036133023,14.421273800872));
#3072 = CARTESIAN_POINT('',(0.159319446041,14.444614469376));
#3073 = CARTESIAN_POINT('',(0.160601063504,14.468143438983));
#3074 = CARTESIAN_POINT('',(0.16188119322,14.491863771476));
#3075 = CARTESIAN_POINT('',(0.163159586865,14.51577035073));
#3076 = CARTESIAN_POINT('',(0.164436295801,14.539863229738));
#3077 = CARTESIAN_POINT('',(0.170731763788,14.65973888609));
#3078 = CARTESIAN_POINT('',(0.175726114671,14.758213998671));
#3079 = CARTESIAN_POINT('',(0.180694104873,14.859516532111));
#3080 = CARTESIAN_POINT('',(0.18563545887,14.963595579687));
#3081 = CARTESIAN_POINT('',(0.190549900702,15.070399965792));
#3082 = CARTESIAN_POINT('',(0.195437154001,15.17987823447));
#3083 = CARTESIAN_POINT('',(0.20029694201,15.291978637947));
#3084 = CARTESIAN_POINT('',(0.205128987609,15.406649125156));
#3085 = CARTESIAN_POINT('',(0.214436787459,15.633701272574));
#3086 = CARTESIAN_POINT('',(0.218915957176,15.745778714155));
#3087 = CARTESIAN_POINT('',(0.223370142752,15.860022051264));
#3088 = CARTESIAN_POINT('',(0.227799529853,15.976400112363));
#3089 = CARTESIAN_POINT('',(0.232203351469,16.094853398683));
#3090 = CARTESIAN_POINT('',(0.236581536491,16.215342665135));
#3091 = CARTESIAN_POINT('',(0.24093438549,16.337839361339));
#3092 = CARTESIAN_POINT('',(0.245260792734,16.46227321893));
#3093 = CARTESIAN_POINT('',(0.257624440412,16.825517448186));
#3094 = CARTESIAN_POINT('',(0.26559638009,17.069141446445));
#3095 = CARTESIAN_POINT('',(0.273477339537,17.319253939844));
#3096 = CARTESIAN_POINT('',(0.281267652423,17.575625858583));
#3097 = CARTESIAN_POINT('',(0.288967657141,17.83803598863));
#3098 = CARTESIAN_POINT('',(0.296577696437,18.106270804549));
#3099 = CARTESIAN_POINT('',(0.304098117045,18.380124302345));
#3100 = CARTESIAN_POINT('',(0.311529269311,18.659397832288));
#3101 = CARTESIAN_POINT('',(0.322083735749,19.06836960027));
#3102 = CARTESIAN_POINT('',(0.325278945817,19.193840049671));
#3103 = CARTESIAN_POINT('',(0.328457166635,19.320295246832));
#3104 = CARTESIAN_POINT('',(0.33161842791,19.447719421938));
#3105 = CARTESIAN_POINT('',(0.334762759454,19.576097065802));
#3106 = CARTESIAN_POINT('',(0.337890191169,19.705412927188));
#3107 = CARTESIAN_POINT('',(0.341000753043,19.835652010133));
#3108 = CARTESIAN_POINT('',(0.344094475131,19.966799571264));
#3109 = CARTESIAN_POINT('',(0.35005599295,20.222630066358));
#3110 = CARTESIAN_POINT('',(0.352925764531,20.347202146499));
#3111 = CARTESIAN_POINT('',(0.355781917792,20.47259682123));
#3112 = CARTESIAN_POINT('',(0.358622247057,20.59870748024));
#3113 = CARTESIAN_POINT('',(0.361449776554,20.725651326589));
#3114 = CARTESIAN_POINT('',(0.364261793974,20.853300649324));
#3115 = CARTESIAN_POINT('',(0.36706008517,20.981720150688));
#3116 = CARTESIAN_POINT('',(0.369843964892,21.110869212494));
#3117 = CARTESIAN_POINT('',(0.393386309852,22.214822606651));
#3118 = CARTESIAN_POINT('',(0.413359541243,23.229790310459));
#3119 = CARTESIAN_POINT('',(0.432550284578,24.281681473677));
#3120 = CARTESIAN_POINT('',(0.450973997038,25.367193236099));
#3121 = CARTESIAN_POINT('',(0.468644340461,26.483628333237));
#3122 = CARTESIAN_POINT('',(0.485572775188,27.628839925474));
#3123 = CARTESIAN_POINT('',(0.501768062388,28.801180520567));
#3124 = CARTESIAN_POINT('',(0.517235674881,29.999454989505));
#3125 = CARTESIAN_POINT('',(0.533819796638,31.375805511512));
#3126 = CARTESIAN_POINT('',(0.535651130442,31.529126287011));
#3127 = CARTESIAN_POINT('',(0.537471120807,31.682838467149));
#3128 = CARTESIAN_POINT('',(0.539279769722,31.836940616615));
#3129 = CARTESIAN_POINT('',(0.54107707819,31.991431398544));
#3130 = CARTESIAN_POINT('',(0.542863046212,32.146309573197));
#3131 = CARTESIAN_POINT('',(0.544637672761,32.301573996636));
#3132 = CARTESIAN_POINT('',(0.546400955769,32.457223619398));
#3133 = CARTESIAN_POINT('',(0.548919364245,32.681522301454));
#3134 = CARTESIAN_POINT('',(0.549683664565,32.749860664248));
#3135 = CARTESIAN_POINT('',(0.550445792797,32.818272493478));
#3136 = CARTESIAN_POINT('',(0.55120574864,32.886757712476));
#3137 = CARTESIAN_POINT('',(0.551963531753,32.955316247969));
#3138 = CARTESIAN_POINT('',(0.552719141756,33.023948030056));
#3139 = CARTESIAN_POINT('',(0.553472578226,33.092652992184));
#3140 = CARTESIAN_POINT('',(0.554223840704,33.161431071135));
#3141 = CARTESIAN_POINT('',(0.555675198673,33.294830146866));
#3142 = CARTESIAN_POINT('',(0.556375559994,33.359442533732));
#3143 = CARTESIAN_POINT('',(0.557073996839,33.424117871304));
#3144 = CARTESIAN_POINT('',(0.55777054041,33.488859076609));
#3145 = CARTESIAN_POINT('',(0.558465179984,33.553665158123));
#3146 = CARTESIAN_POINT('',(0.559157879334,33.618532732559));
#3147 = CARTESIAN_POINT('',(0.559848627933,33.683460799484));
#3148 = CARTESIAN_POINT('',(0.560537456392,33.748452192977));
#3149 = CARTESIAN_POINT('',(0.571527682868,34.78929917761));
#3150 = CARTESIAN_POINT('',(0.581395362335,35.779003678969));
#3151 = CARTESIAN_POINT('',(0.590820778532,36.781981486533));
#3152 = CARTESIAN_POINT('',(0.599796568305,37.797655157324));
#3153 = CARTESIAN_POINT('',(0.608314642154,38.825503537836));
#3154 = CARTESIAN_POINT('',(0.616366215626,39.865058349418));
#3155 = CARTESIAN_POINT('',(0.623941840718,40.915900773658));
#3156 = CARTESIAN_POINT('',(0.631031437266,41.977658037775));
#3157 = CARTESIAN_POINT('',(0.637624324344,43.05));
#3158 = ( GEOMETRIC_REPRESENTATION_CONTEXT(2) 
PARAMETRIC_REPRESENTATION_CONTEXT() REPRESENTATION_CONTEXT('2D SPACE',''
  ) );
#3159 = PCURVE('',#3160,#3165);
#3160 = CYLINDRICAL_SURFACE('',#3161,71.3);
#3161 = AXIS2_PLACEMENT_3D('',#3162,#3163,#3164);
#3162 = CARTESIAN_POINT('',(0.,0.,113.05));
#3163 = DIRECTION('',(-0.,-0.,-1.));
#3164 = DIRECTION('',(1.,0.,0.));
#3165 = DEFINITIONAL_REPRESENTATION('',(#3166),#3199);
#3166 = B_SPLINE_CURVE_WITH_KNOTS('',7,(#3167,#3168,#3169,#3170,#3171,
    #3172,#3173,#3174,#3175,#3176,#3177,#3178,#3179,#3180,#3181,#3182,
    #3183,#3184,#3185,#3186,#3187,#3188,#3189,#3190,#3191,#3192,#3193,
    #3194,#3195,#3196,#3197,#3198),.UNSPECIFIED.,.F.,.F.,(8,6,6,6,6,8),(
    0.,0.17146176355,0.2767474801,0.409009802186,0.779242816507,1.),
  .UNSPECIFIED.);
#3167 = CARTESIAN_POINT('',(0.,30.05));
#3168 = CARTESIAN_POINT('',(-2.336929575906E-02,30.05));
#3169 = CARTESIAN_POINT('',(-4.669926302271E-02,29.978020986551));
#3170 = CARTESIAN_POINT('',(-6.989388143676E-02,29.834500205519));
#3171 = CARTESIAN_POINT('',(-9.285751057601E-02,29.621304336075));
#3172 = CARTESIAN_POINT('',(-0.115493589074,29.341724409419));
#3173 = CARTESIAN_POINT('',(-0.137703750223,29.000503906146));
#3174 = CARTESIAN_POINT('',(-0.172702123004,28.360366300956));
#3175 = CARTESIAN_POINT('',(-0.185830730924,28.095723501902));
#3176 = CARTESIAN_POINT('',(-0.198767492942,27.811015891421));
#3177 = CARTESIAN_POINT('',(-0.211506690092,27.507303611584));
#3178 = CARTESIAN_POINT('',(-0.224042578302,27.185665187298));
#3179 = CARTESIAN_POINT('',(-0.236369397382,26.847200023414));
#3180 = CARTESIAN_POINT('',(-0.263696729264,26.048115561305));
#3181 = CARTESIAN_POINT('',(-0.278575688667,25.57834075196));
#3182 = CARTESIAN_POINT('',(-0.293120735539,25.085503554857));
#3183 = CARTESIAN_POINT('',(-0.30733443613,24.571267551887));
#3184 = CARTESIAN_POINT('',(-0.321219427106,24.037169610185));
#3185 = CARTESIAN_POINT('',(-0.33477839703,23.484626666537));
#3186 = CARTESIAN_POINT('',(-0.385063790104,21.320264008524));
#3187 = CARTESIAN_POINT('',(-0.41962748015,19.589238343618));
#3188 = CARTESIAN_POINT('',(-0.451807849898,17.747480497068));
#3189 = CARTESIAN_POINT('',(-0.481692413664,15.812569045901));
#3190 = CARTESIAN_POINT('',(-0.509347899724,13.795648532114));
#3191 = CARTESIAN_POINT('',(-0.534805755576,11.702645600665));
#3192 = CARTESIAN_POINT('',(-0.571901077844,8.243036958455));
#3193 = CARTESIAN_POINT('',(-0.584961795817,6.92496077173));
#3194 = CARTESIAN_POINT('',(-0.597209629916,5.582826090793));
#3195 = CARTESIAN_POINT('',(-0.608624299626,4.21810873858));
#3196 = CARTESIAN_POINT('',(-0.619182625953,2.832060143517));
#3197 = CARTESIAN_POINT('',(-0.628858756213,1.425731522044));
#3198 = CARTESIAN_POINT('',(-0.637624328033,-6.E-07));
#3199 = ( GEOMETRIC_REPRESENTATION_CONTEXT(2) 
PARAMETRIC_REPRESENTATION_CONTEXT() REPRESENTATION_CONTEXT('2D SPACE',''
  ) );
#3200 = ORIENTED_EDGE('',*,*,#3201,.T.);
#3201 = EDGE_CURVE('',#3005,#3202,#3204,.T.);
#3202 = VERTEX_POINT('',#3203);
#3203 = CARTESIAN_POINT('',(-57.29042241073,42.444051408884,113.05));
#3204 = SURFACE_CURVE('',#3205,(#3210,#3217),.PCURVE_S1.);
#3205 = CIRCLE('',#3206,71.3);
#3206 = AXIS2_PLACEMENT_3D('',#3207,#3208,#3209);
#3207 = CARTESIAN_POINT('',(0.,0.,113.05));
#3208 = DIRECTION('',(0.,0.,1.));
#3209 = DIRECTION('',(1.,0.,-0.));
#3210 = PCURVE('',#2783,#3211);
#3211 = DEFINITIONAL_REPRESENTATION('',(#3212),#3216);
#3212 = LINE('',#3213,#3214);
#3213 = CARTESIAN_POINT('',(0.,43.05));
#3214 = VECTOR('',#3215,1.);
#3215 = DIRECTION('',(1.,0.));
#3216 = ( GEOMETRIC_REPRESENTATION_CONTEXT(2) 
PARAMETRIC_REPRESENTATION_CONTEXT() REPRESENTATION_CONTEXT('2D SPACE',''
  ) );
#3217 = PCURVE('',#3160,#3218);
#3218 = DEFINITIONAL_REPRESENTATION('',(#3219),#3223);
#3219 = LINE('',#3220,#3221);
#3220 = CARTESIAN_POINT('',(-0.,0.));
#3221 = VECTOR('',#3222,1.);
#3222 = DIRECTION('',(-1.,0.));
#3223 = ( GEOMETRIC_REPRESENTATION_CONTEXT(2) 
PARAMETRIC_REPRESENTATION_CONTEXT() REPRESENTATION_CONTEXT('2D SPACE',''
  ) );
#3224 = ORIENTED_EDGE('',*,*,#3225,.F.);
#3225 = EDGE_CURVE('',#3226,#3202,#3228,.T.);
#3226 = VERTEX_POINT('',#3227);
#3227 = CARTESIAN_POINT('',(-57.29042241073,-42.44405140888,113.05));
#3228 = SURFACE_CURVE('',#3229,(#3304,#3562),.PCURVE_S1.);
#3229 = B_SPLINE_CURVE_WITH_KNOTS('',7,(#3230,#3231,#3232,#3233,#3234,
    #3235,#3236,#3237,#3238,#3239,#3240,#3241,#3242,#3243,#3244,#3245,
    #3246,#3247,#3248,#3249,#3250,#3251,#3252,#3253,#3254,#3255,#3256,
    #3257,#3258,#3259,#3260,#3261,#3262,#3263,#3264,#3265,#3266,#3267,
    #3268,#3269,#3270,#3271,#3272,#3273,#3274,#3275,#3276,#3277,#3278,
    #3279,#3280,#3281,#3282,#3283,#3284,#3285,#3286,#3287,#3288,#3289,
    #3290,#3291,#3292,#3293,#3294,#3295,#3296,#3297,#3298,#3299,#3300,
    #3301,#3302,#3303),.UNSPECIFIED.,.F.,.F.,(8,6,6,6,6,6,6,6,6,6,6,6,8)
  ,(0.,0.110653647291,0.295606102714,0.361539048287,0.414219192763,
    0.442369508066,0.500002539869,0.557076618859,0.585789538097,
    0.638424942685,0.704546740223,0.889637036747,1.),.UNSPECIFIED.);
#3230 = CARTESIAN_POINT('',(-57.29042225416,-42.44405162022,113.0500006)
  );
#3231 = CARTESIAN_POINT('',(-57.66344461725,-41.94055094401,
    111.62052838932));
#3232 = CARTESIAN_POINT('',(-58.07015443003,-41.3807863203,
    110.21056472216));
#3233 = CARTESIAN_POINT('',(-58.50735577085,-40.7650248252,
    108.82099147992));
#3234 = CARTESIAN_POINT('',(-58.97171582465,-40.09329883999,
    107.45286701114));
#3235 = CARTESIAN_POINT('',(-59.45979238697,-39.36545139875,
    106.10745208886));
#3236 = CARTESIAN_POINT('',(-59.96804614704,-38.5811668024,
    104.78623450511));
#3237 = CARTESIAN_POINT('',(-61.37000265053,-36.33399251421,
    101.32594798786));
#3238 = CARTESIAN_POINT('',(-62.29264866996,-34.77020284033,
    99.235182021242));
#3239 = CARTESIAN_POINT('',(-63.24612680669,-33.04296443257,
    97.220432154125));
#3240 = CARTESIAN_POINT('',(-64.21550466075,-31.14350318547,
    95.287629128405));
#3241 = CARTESIAN_POINT('',(-65.18391325397,-29.06101575615,
    93.447915211518));
#3242 = CARTESIAN_POINT('',(-66.13081212511,-26.78391378681,
    91.718855819957));
#3243 = CARTESIAN_POINT('',(-67.35162305133,-23.41655256431,
    89.558217878343));
#3244 = CARTESIAN_POINT('',(-67.66663584757,-22.50511471681,
    89.007456864286));
#3245 = CARTESIAN_POINT('',(-67.9746106551,-21.56682362065,
    88.475046733191));
#3246 = CARTESIAN_POINT('',(-68.27425084204,-20.60135466891,
    87.962393302062));
#3247 = CARTESIAN_POINT('',(-68.56418273249,-19.60843087243,
    87.471020905755));
#3248 = CARTESIAN_POINT('',(-68.84295479663,-18.58783363501,
    87.002579085775));
#3249 = CARTESIAN_POINT('',(-69.32163526814,-16.70173030056,
    86.204311041452));
#3250 = CARTESIAN_POINT('',(-69.5261623768,-15.84616769499,
    85.865499161882));
#3251 = CARTESIAN_POINT('',(-69.72170858062,-14.97313374466,
    85.543539189859));
#3252 = CARTESIAN_POINT('',(-69.90737432523,-14.08307317321,
    85.239533243401));
#3253 = CARTESIAN_POINT('',(-70.08227451928,-13.17646747075,
    84.954562516039));
#3254 = CARTESIAN_POINT('',(-70.24554296557,-12.25383496948,
    84.689689783782));
#3255 = CARTESIAN_POINT('',(-70.47691542022,-10.81444290914,
    84.315722777341));
#3256 = CARTESIAN_POINT('',(-70.553920347,-10.30881039153,
    84.191540552502));
#3257 = CARTESIAN_POINT('',(-70.62720770827,-9.799024845282,
    84.073598723656));
#3258 = CARTESIAN_POINT('',(-70.69664147484,-9.285280534735,
    83.962070542132));
#3259 = CARTESIAN_POINT('',(-70.76209345267,-8.767774509757,
    83.85711902452));
#3260 = CARTESIAN_POINT('',(-70.82344328281,-8.246706605733,
    83.758896952672));
#3261 = CARTESIAN_POINT('',(-70.99755306074,-6.648603110251,
    83.480522964734));
#3262 = CARTESIAN_POINT('',(-71.09690659476,-5.560438674217,
    83.322232786432));
#3263 = CARTESIAN_POINT('',(-71.1775387753,-4.460545363384,
    83.194121652274));
#3264 = CARTESIAN_POINT('',(-71.23860430162,-3.351721510597,
    83.097278074658));
#3265 = CARTESIAN_POINT('',(-71.27952566321,-2.236793331108,
    83.032440448527));
#3266 = CARTESIAN_POINT('',(-71.3,-1.118603567204,83.));
#3267 = CARTESIAN_POINT('',(-71.3,1.107754812729,83.));
#3268 = CARTESIAN_POINT('',(-71.27992087778,2.215114193057,
    83.031814253054));
#3269 = CARTESIAN_POINT('',(-71.23978847866,3.319307305514,
    83.095401811823));
#3270 = CARTESIAN_POINT('',(-71.17989422282,4.41756803113,83.19038618736
    ));
#3271 = CARTESIAN_POINT('',(-71.10079427123,5.507145938402,
    83.316056080509));
#3272 = CARTESIAN_POINT('',(-71.00330305001,6.585317123254,
    83.471362578347));
#3273 = CARTESIAN_POINT('',(-70.83071633922,8.184712882375,
    83.747253563538));
#3274 = CARTESIAN_POINT('',(-70.76855500128,8.71655936656,
    83.846759021375));
#3275 = CARTESIAN_POINT('',(-70.70211548443,9.244718330444,
    83.953278554889));
#3276 = CARTESIAN_POINT('',(-70.63152514649,9.768976709949,
    84.066650644879));
#3277 = CARTESIAN_POINT('',(-70.55692003813,10.28912441407,
    84.186702705307));
#3278 = CARTESIAN_POINT('',(-70.47844460298,10.804954321893,
    84.313250901402));
#3279 = CARTESIAN_POINT('',(-70.24557795995,12.253572101797,
    84.689633698997));
#3280 = CARTESIAN_POINT('',(-70.0824511276,13.175436400056,
    84.954276498084));
#3281 = CARTESIAN_POINT('',(-69.90771165263,14.081301151011,
    85.238984108616));
#3282 = CARTESIAN_POINT('',(-69.72222357054,14.970649126859,
    85.542696388465));
#3283 = CARTESIAN_POINT('',(-69.5268697668,15.84299982008,
    85.864334812704));
#3284 = CARTESIAN_POINT('',(-69.32254756342,16.697909368133,
    86.202799976526));
#3285 = CARTESIAN_POINT('',(-68.84336360559,18.58650576466,
    87.001884438681));
#3286 = CARTESIAN_POINT('',(-68.56379531285,19.610056948599,
    87.471659248036));
#3287 = CARTESIAN_POINT('',(-68.27300299454,20.60577495474,
    87.964496445155));
#3288 = CARTESIAN_POINT('',(-67.97245059919,21.573880683133,
    88.478732448129));
#3289 = CARTESIAN_POINT('',(-67.66352328756,22.514654075407,
    89.012830389814));
#3290 = CARTESIAN_POINT('',(-67.34752826363,23.428423181066,
    89.565373333441));
#3291 = CARTESIAN_POINT('',(-66.12481111194,26.798836630706,
    91.729735991469));
#3292 = CARTESIAN_POINT('',(-65.17703693231,29.076551743529,
    93.460761656395));
#3293 = CARTESIAN_POINT('',(-64.2078227896,31.159420349182,
    95.302519502904));
#3294 = CARTESIAN_POINT('',(-63.23774068214,33.059050546244,
    97.237430954134));
#3295 = CARTESIAN_POINT('',(-62.28368691294,34.786257824155,
    99.254351467867));
#3296 = CARTESIAN_POINT('',(-61.36062321425,36.349818816226,
    101.34735439933));
#3297 = CARTESIAN_POINT('',(-59.96007531521,38.593463832787,
    104.80696304161));
#3298 = CARTESIAN_POINT('',(-59.4534145488,39.374960941838,
    106.12503922827));
#3299 = CARTESIAN_POINT('',(-58.96686123887,40.100320666749,
    107.46717390915));
#3300 = CARTESIAN_POINT('',(-58.50392701906,40.769853719736,
    108.83189126136));
#3301 = CARTESIAN_POINT('',(-58.06802722561,41.383713997082,
    110.21793985649));
#3302 = CARTESIAN_POINT('',(-57.66246863694,41.941868309382,
    111.62426847802));
#3303 = CARTESIAN_POINT('',(-57.29042225416,42.444051620221,113.0500006)
  );
#3304 = PCURVE('',#2783,#3305);
#3305 = DEFINITIONAL_REPRESENTATION('',(#3306),#3561);
#3306 = B_SPLINE_CURVE_WITH_KNOTS('',10,(#3307,#3308,#3309,#3310,#3311,
    #3312,#3313,#3314,#3315,#3316,#3317,#3318,#3319,#3320,#3321,#3322,
    #3323,#3324,#3325,#3326,#3327,#3328,#3329,#3330,#3331,#3332,#3333,
    #3334,#3335,#3336,#3337,#3338,#3339,#3340,#3341,#3342,#3343,#3344,
    #3345,#3346,#3347,#3348,#3349,#3350,#3351,#3352,#3353,#3354,#3355,
    #3356,#3357,#3358,#3359,#3360,#3361,#3362,#3363,#3364,#3365,#3366,
    #3367,#3368,#3369,#3370,#3371,#3372,#3373,#3374,#3375,#3376,#3377,
    #3378,#3379,#3380,#3381,#3382,#3383,#3384,#3385,#3386,#3387,#3388,
    #3389,#3390,#3391,#3392,#3393,#3394,#3395,#3396,#3397,#3398,#3399,
    #3400,#3401,#3402,#3403,#3404,#3405,#3406,#3407,#3408,#3409,#3410,
    #3411,#3412,#3413,#3414,#3415,#3416,#3417,#3418,#3419,#3420,#3421,
    #3422,#3423,#3424,#3425,#3426,#3427,#3428,#3429,#3430,#3431,#3432,
    #3433,#3434,#3435,#3436,#3437,#3438,#3439,#3440,#3441,#3442,#3443,
    #3444,#3445,#3446,#3447,#3448,#3449,#3450,#3451,#3452,#3453,#3454,
    #3455,#3456,#3457,#3458,#3459,#3460,#3461,#3462,#3463,#3464,#3465,
    #3466,#3467,#3468,#3469,#3470,#3471,#3472,#3473,#3474,#3475,#3476,
    #3477,#3478,#3479,#3480,#3481,#3482,#3483,#3484,#3485,#3486,#3487,
    #3488,#3489,#3490,#3491,#3492,#3493,#3494,#3495,#3496,#3497,#3498,
    #3499,#3500,#3501,#3502,#3503,#3504,#3505,#3506,#3507,#3508,#3509,
    #3510,#3511,#3512,#3513,#3514,#3515,#3516,#3517,#3518,#3519,#3520,
    #3521,#3522,#3523,#3524,#3525,#3526,#3527,#3528,#3529,#3530,#3531,
    #3532,#3533,#3534,#3535,#3536,#3537,#3538,#3539,#3540,#3541,#3542,
    #3543,#3544,#3545,#3546,#3547,#3548,#3549,#3550,#3551,#3552,#3553,
    #3554,#3555,#3556,#3557,#3558,#3559,#3560),.UNSPECIFIED.,.F.,.F.,(11
    ,9,9,9,9,9,9,9,9,9,9,9,9,9,9,9,9,9,9,9,9,9,9,9,9,9,9,9,11),(
    6.635035035531E-09,6.250000580562E-02,9.179688041683E-02,
    0.105987554057,0.112972026239,0.22385052213,0.272359864082,
    0.295098618122,0.317126786098,0.359806361552,0.399818463541,
    0.409196299944,0.418427607654,0.436601744707,0.454207939978,
    0.488319943315,0.520299946443,0.550281199375,0.564334911688,
    0.57794944549,0.591138525111,0.616692366877,0.640649093532,
    0.685567956011,0.705219958346,0.852609975856,0.889457480233,
    0.917093108516,0.999999993365),.UNSPECIFIED.);
#3307 = CARTESIAN_POINT('',(3.779216977934,43.05));
#3308 = CARTESIAN_POINT('',(3.775742173481,42.484818375977));
#3309 = CARTESIAN_POINT('',(3.772131096159,41.922541178619));
#3310 = CARTESIAN_POINT('',(3.768385248103,41.363214753158));
#3311 = CARTESIAN_POINT('',(3.764506088537,40.806888443006));
#3312 = CARTESIAN_POINT('',(3.760495032807,40.253614710425));
#3313 = CARTESIAN_POINT('',(3.756353451419,39.703449257184));
#3314 = CARTESIAN_POINT('',(3.752082669067,39.156451145227));
#3315 = CARTESIAN_POINT('',(3.747683963678,38.612682917334));
#3316 = CARTESIAN_POINT('',(3.743158565433,38.072210717787));
#3317 = CARTESIAN_POINT('',(3.736327541932,37.283335832677));
#3318 = CARTESIAN_POINT('',(3.734119849852,37.0323068285));
#3319 = CARTESIAN_POINT('',(3.731884701249,36.782024596101));
#3320 = CARTESIAN_POINT('',(3.729622215433,36.532496510606));
#3321 = CARTESIAN_POINT('',(3.727332509331,36.283730129277));
#3322 = CARTESIAN_POINT('',(3.725015697457,36.035733194119));
#3323 = CARTESIAN_POINT('',(3.722671891885,35.788513634485));
#3324 = CARTESIAN_POINT('',(3.720301202219,35.542079569691));
#3325 = CARTESIAN_POINT('',(3.71790373557,35.296439311617));
#3326 = CARTESIAN_POINT('',(3.714305404176,34.933007988051));
#3327 = CARTESIAN_POINT('',(3.713124953972,34.814602846948));
#3328 = CARTESIAN_POINT('',(3.711938257798,34.696386910778));
#3329 = CARTESIAN_POINT('',(3.710745327402,34.578361157051));
#3330 = CARTESIAN_POINT('',(3.709546174389,34.460526574085));
#3331 = CARTESIAN_POINT('',(3.708340810227,34.342884161078));
#3332 = CARTESIAN_POINT('',(3.707129246239,34.225434928172));
#3333 = CARTESIAN_POINT('',(3.705911493608,34.108179896521));
#3334 = CARTESIAN_POINT('',(3.704687563374,33.991120098364));
#3335 = CARTESIAN_POINT('',(3.702852028094,33.816737812707));
#3336 = CARTESIAN_POINT('',(3.70224509373,33.759266397863));
#3337 = CARTESIAN_POINT('',(3.701636671889,33.701843126734));
#3338 = CARTESIAN_POINT('',(3.701026759157,33.644467688125));
#3339 = CARTESIAN_POINT('',(3.700415351306,33.587139698267));
#3340 = CARTESIAN_POINT('',(3.69980244961,33.529859285959));
#3341 = CARTESIAN_POINT('',(3.699188062354,33.472627230047));
#3342 = CARTESIAN_POINT('',(3.69857220151,33.415444649242));
#3343 = CARTESIAN_POINT('',(3.697954874601,33.358312244272));
#3344 = CARTESIAN_POINT('',(3.68751257635,32.395034056048));
#3345 = CARTESIAN_POINT('',(3.677317738036,31.501309969258));
#3346 = CARTESIAN_POINT('',(3.666752711447,30.620181651936));
#3347 = CARTESIAN_POINT('',(3.655817529652,29.751864276899));
#3348 = CARTESIAN_POINT('',(3.644511219644,28.896670105958));
#3349 = CARTESIAN_POINT('',(3.632831910317,28.055015574796));
#3350 = CARTESIAN_POINT('',(3.62077693295,27.227428726636));
#3351 = CARTESIAN_POINT('',(3.608342914178,26.414556994687));
#3352 = CARTESIAN_POINT('',(3.595525861456,25.617175333379));
#3353 = CARTESIAN_POINT('',(3.576544219584,24.494515670566));
#3354 = CARTESIAN_POINT('',(3.570693015276,24.155975900511));
#3355 = CARTESIAN_POINT('',(3.564767248136,23.820651684407));
#3356 = CARTESIAN_POINT('',(3.558766518533,23.488624293251));
#3357 = CARTESIAN_POINT('',(3.552690408172,23.159980119142));
#3358 = CARTESIAN_POINT('',(3.546538481099,22.834810821565));
#3359 = CARTESIAN_POINT('',(3.540310284712,22.513213473687));
#3360 = CARTESIAN_POINT('',(3.534005350766,22.19529070865));
#3361 = CARTESIAN_POINT('',(3.527623196379,21.881150865856));
#3362 = CARTESIAN_POINT('',(3.518135260347,21.425481858236));
#3363 = CARTESIAN_POINT('',(3.515090119161,21.280911879473));
#3364 = CARTESIAN_POINT('',(3.512027850318,21.137209963419));
#3365 = CARTESIAN_POINT('',(3.508948401987,20.994388155504));
#3366 = CARTESIAN_POINT('',(3.505851721687,20.852458787769));
#3367 = CARTESIAN_POINT('',(3.502737756302,20.711434482485));
#3368 = CARTESIAN_POINT('',(3.499606452096,20.571328155781));
#3369 = CARTESIAN_POINT('',(3.496457754727,20.432153021264));
#3370 = CARTESIAN_POINT('',(3.493291609267,20.293922593644));
#3371 = CARTESIAN_POINT('',(3.487023800198,20.023668537982));
#3372 = CARTESIAN_POINT('',(3.483923257802,19.89158780867));
#3373 = CARTESIAN_POINT('',(3.480804848514,19.760359643726));
#3374 = CARTESIAN_POINT('',(3.477671837725,19.630140879424));
#3375 = CARTESIAN_POINT('',(3.474518993695,19.500720567536));
#3376 = CARTESIAN_POINT('',(3.471352124703,19.372366682626));
#3377 = CARTESIAN_POINT('',(3.468166542909,19.244892072747));
#3378 = CARTESIAN_POINT('',(3.464964815175,19.118424461834));
#3379 = CARTESIAN_POINT('',(3.461745950159,18.992937666799));
#3380 = CARTESIAN_POINT('',(3.452240737468,18.627274647739));
#3381 = CARTESIAN_POINT('',(3.445907624266,18.389864711273));
#3382 = CARTESIAN_POINT('',(3.439510584625,18.156341087915));
#3383 = CARTESIAN_POINT('',(3.433049411296,17.92682150006));
#3384 = CARTESIAN_POINT('',(3.426523898761,17.701427197577));
#3385 = CARTESIAN_POINT('',(3.419933843374,17.48028302116));
#3386 = CARTESIAN_POINT('',(3.413279043497,17.263517465676));
#3387 = CARTESIAN_POINT('',(3.406559299642,17.051262743517));
#3388 = CARTESIAN_POINT('',(3.399774414609,16.843654847953));
#3389 = CARTESIAN_POINT('',(3.386502111455,16.450688711981));
#3390 = CARTESIAN_POINT('',(3.380022779667,16.264755868106));
#3391 = CARTESIAN_POINT('',(3.373483860894,16.083086852799));
#3392 = CARTESIAN_POINT('',(3.366891666665,15.905993198743));
#3393 = CARTESIAN_POINT('',(3.360239504836,15.733390494715));
#3394 = CARTESIAN_POINT('',(3.353535405709,15.565642263973));
#3395 = CARTESIAN_POINT('',(3.346774887643,15.402727487381));
#3396 = CARTESIAN_POINT('',(3.339961337238,15.244866153313));
#3397 = CARTESIAN_POINT('',(3.333094580126,15.092167290169));
#3398 = CARTESIAN_POINT('',(3.324553885872,14.910227347292));
#3399 = CARTESIAN_POINT('',(3.322929361907,14.87597314156));
#3400 = CARTESIAN_POINT('',(3.321301974212,14.842012041784));
#3401 = CARTESIAN_POINT('',(3.319671732208,14.808345797876));
#3402 = CARTESIAN_POINT('',(3.318038645315,14.774976156775));
#3403 = CARTESIAN_POINT('',(3.316402722946,14.741904862487));
#3404 = CARTESIAN_POINT('',(3.314763974509,14.709133656126));
#3405 = CARTESIAN_POINT('',(3.313122409409,14.676664275947));
#3406 = CARTESIAN_POINT('',(3.311478037047,14.644498457383));
#3407 = CARTESIAN_POINT('',(3.308209433621,14.581275229483));
#3408 = CARTESIAN_POINT('',(3.306585276102,14.550208112712));
#3409 = CARTESIAN_POINT('',(3.304958461066,14.519439298194));
#3410 = CARTESIAN_POINT('',(3.303328927664,14.488969140491));
#3411 = CARTESIAN_POINT('',(3.301696660997,14.45879886405));
#3412 = CARTESIAN_POINT('',(3.300061720389,14.428931063246));
#3413 = CARTESIAN_POINT('',(3.298424188127,14.399368717389));
#3414 = CARTESIAN_POINT('',(3.296784104466,14.370113966379));
#3415 = CARTESIAN_POINT('',(3.295141454714,14.341167892661));
#3416 = CARTESIAN_POINT('',(3.290257325031,14.256156734455));
#3417 = CARTESIAN_POINT('',(3.287008566754,14.200985292601));
#3418 = CARTESIAN_POINT('',(3.283750185513,14.147032150527));
#3419 = CARTESIAN_POINT('',(3.280482366994,14.094310932811));
#3420 = CARTESIAN_POINT('',(3.277205296452,14.042834967678));
#3421 = CARTESIAN_POINT('',(3.273919158752,13.992617287003));
#3422 = CARTESIAN_POINT('',(3.270624138405,13.943670626307));
#3423 = CARTESIAN_POINT('',(3.267320419607,13.89600742476));
#3424 = CARTESIAN_POINT('',(3.264008186277,13.84963982518));
#3425 = CARTESIAN_POINT('',(3.257470825543,13.760927652613));
#3426 = CARTESIAN_POINT('',(3.254246258652,13.718503195585));
#3427 = CARTESIAN_POINT('',(3.251013653475,13.677311958247));
#3428 = CARTESIAN_POINT('',(3.247774750114,13.637383287004));
#3429 = CARTESIAN_POINT('',(3.244527167961,13.59869617931));
#3430 = CARTESIAN_POINT('',(3.241271979667,13.561272782995));
#3431 = CARTESIAN_POINT('',(3.238010902684,13.525142020555));
#3432 = CARTESIAN_POINT('',(3.234742445713,13.490291813443));
#3433 = CARTESIAN_POINT('',(3.23146783487,13.45674448644));
#3434 = CARTESIAN_POINT('',(3.221830666628,13.362044674704));
#3435 = CARTESIAN_POINT('',(3.21545134676,13.304498796954));
#3436 = CARTESIAN_POINT('',(3.209051202077,13.25193837967));
#3437 = CARTESIAN_POINT('',(3.202632290126,13.204425976684));
#3438 = CARTESIAN_POINT('',(3.196196662067,13.162016953182));
#3439 = CARTESIAN_POINT('',(3.189746363676,13.124759503497));
#3440 = CARTESIAN_POINT('',(3.183283436347,13.092694668895));
#3441 = CARTESIAN_POINT('',(3.176809918092,13.065856355362));
#3442 = CARTESIAN_POINT('',(3.170327844546,13.044271351393));
#3443 = CARTESIAN_POINT('',(3.157756192557,13.012666840519));
#3444 = CARTESIAN_POINT('',(3.151666996158,13.002008759076));
#3445 = CARTESIAN_POINT('',(3.145576404979,12.996002327183));
#3446 = CARTESIAN_POINT('',(3.139477225213,12.994651946542));
#3447 = CARTESIAN_POINT('',(3.133381301996,12.997979541891));
#3448 = CARTESIAN_POINT('',(3.127291119623,13.005970166274));
#3449 = CARTESIAN_POINT('',(3.121202821783,13.018602751421));
#3450 = CARTESIAN_POINT('',(3.115120792126,13.035879055156));
#3451 = CARTESIAN_POINT('',(3.109046672124,13.05776775917));
#3452 = CARTESIAN_POINT('',(3.097296027006,13.109068010594));
#3453 = CARTESIAN_POINT('',(3.091618443671,13.137923548425));
#3454 = CARTESIAN_POINT('',(3.085950459765,13.17079000065));
#3455 = CARTESIAN_POINT('',(3.080293463836,13.207641188664));
#3456 = CARTESIAN_POINT('',(3.074648846748,13.248446664254));
#3457 = CARTESIAN_POINT('',(3.06901800218,13.293171697473));
#3458 = CARTESIAN_POINT('',(3.063402327123,13.341777264502));
#3459 = CARTESIAN_POINT('',(3.057803222391,13.394220035522));
#3460 = CARTESIAN_POINT('',(3.052222093112,13.450452362578));
#3461 = CARTESIAN_POINT('',(3.044053281796,13.538533160352));
#3462 = CARTESIAN_POINT('',(3.041450453009,13.567465568306));
#3463 = CARTESIAN_POINT('',(3.038852198873,13.597211693677));
#3464 = CARTESIAN_POINT('',(3.036257943412,13.627775082353));
#3465 = CARTESIAN_POINT('',(3.033669164543,13.659133419889));
#3466 = CARTESIAN_POINT('',(3.031085159723,13.69129086273));
#3467 = CARTESIAN_POINT('',(3.028505178898,13.724252516864));
#3468 = CARTESIAN_POINT('',(3.025930600584,13.757997541711));
#3469 = CARTESIAN_POINT('',(3.023360781433,13.792529140455));
#3470 = CARTESIAN_POINT('',(3.018311388017,13.862046212611));
#3471 = CARTESIAN_POINT('',(3.015831481052,13.896984037262));
#3472 = CARTESIAN_POINT('',(3.01335636689,13.932647845215));
#3473 = CARTESIAN_POINT('',(3.010886123232,13.969032515542));
#3474 = CARTESIAN_POINT('',(3.008420827874,14.006132834087));
#3475 = CARTESIAN_POINT('',(3.005960558718,14.043943493104));
#3476 = CARTESIAN_POINT('',(3.003505393778,14.082459090894));
#3477 = CARTESIAN_POINT('',(3.001055411188,14.12167413144));
#3478 = CARTESIAN_POINT('',(2.998610689212,14.161583024046));
#3479 = CARTESIAN_POINT('',(2.993808154004,14.241508483807));
#3480 = CARTESIAN_POINT('',(2.991450017883,14.281482596883));
#3481 = CARTESIAN_POINT('',(2.989096921182,14.322098211075));
#3482 = CARTESIAN_POINT('',(2.986749086772,14.363347129896));
#3483 = CARTESIAN_POINT('',(2.984406404274,14.405227456177));
#3484 = CARTESIAN_POINT('',(2.982068888488,14.447734924905));
#3485 = CARTESIAN_POINT('',(2.979736865516,14.490859264783));
#3486 = CARTESIAN_POINT('',(2.977410551014,14.534592061736));
#3487 = CARTESIAN_POINT('',(2.975089613077,14.578935090165));
#3488 = CARTESIAN_POINT('',(2.968288205455,14.710962438335));
#3489 = CARTESIAN_POINT('',(2.963822965087,14.800307600534));
#3490 = CARTESIAN_POINT('',(2.959378709362,14.891880984234));
#3491 = CARTESIAN_POINT('',(2.954955628743,14.985647362543));
#3492 = CARTESIAN_POINT('',(2.950553913952,15.081571348824));
#3493 = CARTESIAN_POINT('',(2.946173755954,15.179617391081));
#3494 = CARTESIAN_POINT('',(2.941815345941,15.279749766349));
#3495 = CARTESIAN_POINT('',(2.937478875325,15.381932575076));
#3496 = CARTESIAN_POINT('',(2.933164535724,15.48612973552));
#3497 = CARTESIAN_POINT('',(2.92484875321,15.69184426807));
#3498 = CARTESIAN_POINT('',(2.920844610279,15.79312203299));
#3499 = CARTESIAN_POINT('',(2.916860237161,15.896108599968));
#3500 = CARTESIAN_POINT('',(2.912895791211,16.00077421799));
#3501 = CARTESIAN_POINT('',(2.908951476798,16.107087135493));
#3502 = CARTESIAN_POINT('',(2.905027415129,16.215018016483));
#3503 = CARTESIAN_POINT('',(2.901123687485,16.324538906869));
#3504 = CARTESIAN_POINT('',(2.897240534739,16.435616810023));
#3505 = CARTESIAN_POINT('',(2.89337833864,16.548213777896));
#3506 = CARTESIAN_POINT('',(2.882333492355,16.876261321652));
#3507 = CARTESIAN_POINT('',(2.875202688406,17.095494461667));
#3508 = CARTESIAN_POINT('',(2.86814401339,17.319854003498));
#3509 = CARTESIAN_POINT('',(2.861157236583,17.549181973668));
#3510 = CARTESIAN_POINT('',(2.854242124459,17.783325031347));
#3511 = CARTESIAN_POINT('',(2.847398440884,18.022134386555));
#3512 = CARTESIAN_POINT('',(2.840625947298,18.265465718359));
#3513 = CARTESIAN_POINT('',(2.833924402907,18.513179093076));
#3514 = CARTESIAN_POINT('',(2.827293564867,18.765138882472));
#3515 = CARTESIAN_POINT('',(2.817863023804,19.133246406744));
#3516 = CARTESIAN_POINT('',(2.81500633539,19.246067241009));
#3517 = CARTESIAN_POINT('',(2.812163210489,19.359660390648));
#3518 = CARTESIAN_POINT('',(2.809333124489,19.474037285894));
#3519 = CARTESIAN_POINT('',(2.806517477671,19.589124723803));
#3520 = CARTESIAN_POINT('',(2.803713569476,19.705029705539));
#3521 = CARTESIAN_POINT('',(2.800924938172,19.821586053353));
#3522 = CARTESIAN_POINT('',(2.798148151334,19.93893254752));
#3523 = CARTESIAN_POINT('',(2.795385567548,20.056955432238));
#3524 = CARTESIAN_POINT('',(2.772013943475,21.06625826386));
#3525 = CARTESIAN_POINT('',(2.752127036584,21.997029930361));
#3526 = CARTESIAN_POINT('',(2.732960157919,22.964256934467));
#3527 = CARTESIAN_POINT('',(2.714499227203,23.964721015742));
#3528 = CARTESIAN_POINT('',(2.696731342983,24.995698854732));
#3529 = CARTESIAN_POINT('',(2.679645011326,26.054922755609));
#3530 = CARTESIAN_POINT('',(2.663230430238,27.140543816905));
#3531 = CARTESIAN_POINT('',(2.647479829809,28.251097590346));
#3532 = CARTESIAN_POINT('',(2.632387868081,29.385472227773));
#3533 = CARTESIAN_POINT('',(2.614343136284,30.832230838266));
#3534 = CARTESIAN_POINT('',(2.610775200801,31.123022069964));
#3535 = CARTESIAN_POINT('',(2.607248237613,31.415240484914));
#3536 = CARTESIAN_POINT('',(2.603762219302,31.7088750156));
#3537 = CARTESIAN_POINT('',(2.600317130046,32.003915824785));
#3538 = CARTESIAN_POINT('',(2.596912966065,32.300354276944));
#3539 = CARTESIAN_POINT('',(2.593549736055,32.598182909705));
#3540 = CARTESIAN_POINT('',(2.59022746163,32.897395405289));
#3541 = CARTESIAN_POINT('',(2.586946177757,33.197986561945));
#3542 = CARTESIAN_POINT('',(2.581275749775,33.726426542979));
#3543 = CARTESIAN_POINT('',(2.578868758392,33.95366402145));
#3544 = CARTESIAN_POINT('',(2.576485461424,34.181617273716));
#3545 = CARTESIAN_POINT('',(2.574124852603,34.410379662644));
#3546 = CARTESIAN_POINT('',(2.571788874746,34.6397708226));
#3547 = CARTESIAN_POINT('',(2.569475404394,34.869988218881));
#3548 = CARTESIAN_POINT('',(2.567186361906,35.100854384014));
#3549 = CARTESIAN_POINT('',(2.564920783512,35.332459907455));
#3550 = CARTESIAN_POINT('',(2.562679158388,35.564760768511));
#3551 = CARTESIAN_POINT('',(2.553808480092,36.496751933612));
#3552 = CARTESIAN_POINT('',(2.547371153755,37.202009925744));
#3553 = CARTESIAN_POINT('',(2.541152003777,37.913348824539));
#3554 = CARTESIAN_POINT('',(2.535153681267,38.630597149035));
#3555 = CARTESIAN_POINT('',(2.529378990279,39.353595160194));
#3556 = CARTESIAN_POINT('',(2.523830883632,40.082194372133));
#3557 = CARTESIAN_POINT('',(2.518512458724,40.816257063372));
#3558 = CARTESIAN_POINT('',(2.513426953349,41.555655788061));
#3559 = CARTESIAN_POINT('',(2.508577741511,42.300272887225));
#3560 = CARTESIAN_POINT('',(2.503968329246,43.05));
#3561 = ( GEOMETRIC_REPRESENTATION_CONTEXT(2) 
PARAMETRIC_REPRESENTATION_CONTEXT() REPRESENTATION_CONTEXT('2D SPACE',''
  ) );
#3562 = PCURVE('',#3160,#3563);
#3563 = DEFINITIONAL_REPRESENTATION('',(#3564),#3639);
#3564 = B_SPLINE_CURVE_WITH_KNOTS('',7,(#3565,#3566,#3567,#3568,#3569,
    #3570,#3571,#3572,#3573,#3574,#3575,#3576,#3577,#3578,#3579,#3580,
    #3581,#3582,#3583,#3584,#3585,#3586,#3587,#3588,#3589,#3590,#3591,
    #3592,#3593,#3594,#3595,#3596,#3597,#3598,#3599,#3600,#3601,#3602,
    #3603,#3604,#3605,#3606,#3607,#3608,#3609,#3610,#3611,#3612,#3613,
    #3614,#3615,#3616,#3617,#3618,#3619,#3620,#3621,#3622,#3623,#3624,
    #3625,#3626,#3627,#3628,#3629,#3630,#3631,#3632,#3633,#3634,#3635,
    #3636,#3637,#3638),.UNSPECIFIED.,.F.,.F.,(8,6,6,6,6,6,6,6,6,6,6,6,8)
  ,(0.,0.110653647291,0.295606102714,0.361539048287,0.414219192763,
    0.442369508066,0.500002539869,0.557076618859,0.585789538097,
    0.638424942685,0.704546740223,0.889637036747,1.),.UNSPECIFIED.);
#3565 = CARTESIAN_POINT('',(-3.779216981623,-6.E-07));
#3566 = CARTESIAN_POINT('',(-3.77042841529,1.429471610675));
#3567 = CARTESIAN_POINT('',(-3.760724526048,2.839435277831));
#3568 = CARTESIAN_POINT('',(-3.750133898663,4.229008520074));
#3569 = CARTESIAN_POINT('',(-3.738682574551,5.597132988857));
#3570 = CARTESIAN_POINT('',(-3.726393886324,6.94254791114));
#3571 = CARTESIAN_POINT('',(-3.713288230382,8.263765494886));
#3572 = CARTESIAN_POINT('',(-3.676140456004,11.724052012131));
#3573 = CARTESIAN_POINT('',(-3.650682820232,13.814817978757));
#3574 = CARTESIAN_POINT('',(-3.623030852944,15.829567845877));
#3575 = CARTESIAN_POINT('',(-3.593152872187,17.762370871594));
#3576 = CARTESIAN_POINT('',(-3.560982076437,19.602084788482));
#3577 = CARTESIAN_POINT('',(-3.526430991745,21.331144180043));
#3578 = CARTESIAN_POINT('',(-3.476194957101,23.491782121657));
#3579 = CARTESIAN_POINT('',(-3.462671378649,24.042543135714));
#3580 = CARTESIAN_POINT('',(-3.448823610748,24.574953266809));
#3581 = CARTESIAN_POINT('',(-3.434648993273,25.087606697938));
#3582 = CARTESIAN_POINT('',(-3.420144917578,25.578979094245));
#3583 = CARTESIAN_POINT('',(-3.405308844691,26.047420914225));
#3584 = CARTESIAN_POINT('',(-3.37801714131,26.845688958548));
#3585 = CARTESIAN_POINT('',(-3.365680748468,27.184500838118));
#3586 = CARTESIAN_POINT('',(-3.353134924198,27.506460810141));
#3587 = CARTESIAN_POINT('',(-3.340385440636,27.810466756599));
#3588 = CARTESIAN_POINT('',(-3.327438053798,28.095437483961));
#3589 = CARTESIAN_POINT('',(-3.314298494541,28.360310216218));
#3590 = CARTESIAN_POINT('',(-3.293851520651,28.734277222659));
#3591 = CARTESIAN_POINT('',(-3.286678377948,28.858459447498));
#3592 = CARTESIAN_POINT('',(-3.279455408552,28.976401276344));
#3593 = CARTESIAN_POINT('',(-3.272184977712,29.087929457868));
#3594 = CARTESIAN_POINT('',(-3.264869438775,29.19288097548));
#3595 = CARTESIAN_POINT('',(-3.257511133186,29.291103047328));
#3596 = CARTESIAN_POINT('',(-3.234964710307,29.569477035266));
#3597 = CARTESIAN_POINT('',(-3.219641792946,29.727767213568));
#3598 = CARTESIAN_POINT('',(-3.20417810551,29.855878347726));
#3599 = CARTESIAN_POINT('',(-3.188607676873,29.952721925342));
#3600 = CARTESIAN_POINT('',(-3.172964229358,30.017559551472));
#3601 = CARTESIAN_POINT('',(-3.157281343172,30.05));
#3602 = CARTESIAN_POINT('',(-3.126056120452,30.05));
#3603 = CARTESIAN_POINT('',(-3.110525133073,30.018185746946));
#3604 = CARTESIAN_POINT('',(-3.095032429179,29.954598188177));
#3605 = CARTESIAN_POINT('',(-3.079610694969,29.85961381264));
#3606 = CARTESIAN_POINT('',(-3.064292753015,29.733943919491));
#3607 = CARTESIAN_POINT('',(-3.049111719591,29.578637421653));
#3608 = CARTESIAN_POINT('',(-3.026549580671,29.302746436462));
#3609 = CARTESIAN_POINT('',(-3.019039821844,29.203240978625));
#3610 = CARTESIAN_POINT('',(-3.01157434205,29.096721445111));
#3611 = CARTESIAN_POINT('',(-3.004155635822,28.983349355121));
#3612 = CARTESIAN_POINT('',(-2.996786209137,28.863297294693));
#3613 = CARTESIAN_POINT('',(-2.989468583419,28.736749098598));
#3614 = CARTESIAN_POINT('',(-2.968890530589,28.360366301003));
#3615 = CARTESIAN_POINT('',(-2.955761922666,28.095723501916));
#3616 = CARTESIAN_POINT('',(-2.942825160646,27.811015891384));
#3617 = CARTESIAN_POINT('',(-2.930085963496,27.507303611535));
#3618 = CARTESIAN_POINT('',(-2.917550075288,27.185665187296));
#3619 = CARTESIAN_POINT('',(-2.90522325621,26.847200023474));
#3620 = CARTESIAN_POINT('',(-2.877895924326,26.048115561319));
#3621 = CARTESIAN_POINT('',(-2.863016964923,25.578340751964));
#3622 = CARTESIAN_POINT('',(-2.848471918051,25.085503554845));
#3623 = CARTESIAN_POINT('',(-2.834258217459,24.571267551871));
#3624 = CARTESIAN_POINT('',(-2.820373226483,24.037169610186));
#3625 = CARTESIAN_POINT('',(-2.806814256561,23.484626666559));
#3626 = CARTESIAN_POINT('',(-2.756528863486,21.320264008531));
#3627 = CARTESIAN_POINT('',(-2.72196517344,19.589238343607));
#3628 = CARTESIAN_POINT('',(-2.689784803692,17.747480497092));
#3629 = CARTESIAN_POINT('',(-2.659900239926,15.81256904587));
#3630 = CARTESIAN_POINT('',(-2.632244753866,13.795648532131));
#3631 = CARTESIAN_POINT('',(-2.606786898014,11.702645600662));
#3632 = CARTESIAN_POINT('',(-2.569691575746,8.243036958382));
#3633 = CARTESIAN_POINT('',(-2.556630857772,6.92496077172));
#3634 = CARTESIAN_POINT('',(-2.544383023675,5.582826090849));
#3635 = CARTESIAN_POINT('',(-2.532968353964,4.218108738637));
#3636 = CARTESIAN_POINT('',(-2.522410027636,2.832060143509));
#3637 = CARTESIAN_POINT('',(-2.512733897376,1.425731521974));
#3638 = CARTESIAN_POINT('',(-2.503968325557,-6.E-07));
#3639 = ( GEOMETRIC_REPRESENTATION_CONTEXT(2) 
PARAMETRIC_REPRESENTATION_CONTEXT() REPRESENTATION_CONTEXT('2D SPACE',''
  ) );
#3640 = ORIENTED_EDGE('',*,*,#3641,.T.);
#3641 = EDGE_CURVE('',#3226,#3642,#3644,.T.);
#3642 = VERTEX_POINT('',#3643);
#3643 = CARTESIAN_POINT('',(57.290422410731,-42.44405140888,113.05));
#3644 = SURFACE_CURVE('',#3645,(#3650,#3657),.PCURVE_S1.);
#3645 = CIRCLE('',#3646,71.3);
#3646 = AXIS2_PLACEMENT_3D('',#3647,#3648,#3649);
#3647 = CARTESIAN_POINT('',(0.,0.,113.05));
#3648 = DIRECTION('',(0.,0.,1.));
#3649 = DIRECTION('',(1.,0.,-0.));
#3650 = PCURVE('',#2783,#3651);
#3651 = DEFINITIONAL_REPRESENTATION('',(#3652),#3656);
#3652 = LINE('',#3653,#3654);
#3653 = CARTESIAN_POINT('',(0.,43.05));
#3654 = VECTOR('',#3655,1.);
#3655 = DIRECTION('',(1.,0.));
#3656 = ( GEOMETRIC_REPRESENTATION_CONTEXT(2) 
PARAMETRIC_REPRESENTATION_CONTEXT() REPRESENTATION_CONTEXT('2D SPACE',''
  ) );
#3657 = PCURVE('',#3160,#3658);
#3658 = DEFINITIONAL_REPRESENTATION('',(#3659),#3663);
#3659 = LINE('',#3660,#3661);
#3660 = CARTESIAN_POINT('',(-0.,0.));
#3661 = VECTOR('',#3662,1.);
#3662 = DIRECTION('',(-1.,0.));
#3663 = ( GEOMETRIC_REPRESENTATION_CONTEXT(2) 
PARAMETRIC_REPRESENTATION_CONTEXT() REPRESENTATION_CONTEXT('2D SPACE',''
  ) );
#3664 = ORIENTED_EDGE('',*,*,#3665,.T.);
#3665 = EDGE_CURVE('',#3642,#2982,#3666,.T.);
#3666 = SURFACE_CURVE('',#3667,(#3700,#3841),.PCURVE_S1.);
#3667 = B_SPLINE_CURVE_WITH_KNOTS('',7,(#3668,#3669,#3670,#3671,#3672,
    #3673,#3674,#3675,#3676,#3677,#3678,#3679,#3680,#3681,#3682,#3683,
    #3684,#3685,#3686,#3687,#3688,#3689,#3690,#3691,#3692,#3693,#3694,
    #3695,#3696,#3697,#3698,#3699),.UNSPECIFIED.,.F.,.F.,(8,6,6,6,6,8),(
    0.,0.221336282991,0.591289646638,0.723172810525,0.828546900308,1.),
  .UNSPECIFIED.);
#3668 = CARTESIAN_POINT('',(57.29042225416,-42.44405162022,113.0500006)
  );
#3669 = CARTESIAN_POINT('',(57.663444617271,-41.94055094398,
    111.62052838926));
#3670 = CARTESIAN_POINT('',(58.070154430041,-41.38078632029,
    110.21056472215));
#3671 = CARTESIAN_POINT('',(58.507355770842,-40.76502482522,
    108.82099147997));
#3672 = CARTESIAN_POINT('',(58.971715824636,-40.09329884002,
    107.45286701119));
#3673 = CARTESIAN_POINT('',(59.459792386976,-39.36545139875,
    106.10745208885));
#3674 = CARTESIAN_POINT('',(59.968046147066,-38.58116680236,
    104.78623450505));
#3675 = CARTESIAN_POINT('',(61.37000265053,-36.33399251421,
    101.32594798786));
#3676 = CARTESIAN_POINT('',(62.292648669968,-34.77020284032,
    99.235182021236));
#3677 = CARTESIAN_POINT('',(63.246126806685,-33.04296443258,
    97.220432154138));
#3678 = CARTESIAN_POINT('',(64.215504660766,-31.14350318546,
    95.287629128392));
#3679 = CARTESIAN_POINT('',(65.183913253966,-29.06101575616,
    93.447915211524));
#3680 = CARTESIAN_POINT('',(66.130812125117,-26.78391378681,
    91.718855819957));
#3681 = CARTESIAN_POINT('',(67.351623051331,-23.41655256431,
    89.558217878342));
#3682 = CARTESIAN_POINT('',(67.666635847572,-22.50511471681,
    89.007456864286));
#3683 = CARTESIAN_POINT('',(67.974610655104,-21.56682362066,
    88.475046733192));
#3684 = CARTESIAN_POINT('',(68.274250842047,-20.60135466891,
    87.962393302063));
#3685 = CARTESIAN_POINT('',(68.564182732494,-19.60843087242,
    87.471020905754));
#3686 = CARTESIAN_POINT('',(68.842954796633,-18.587833635,
    87.002579085773));
#3687 = CARTESIAN_POINT('',(69.321635268103,-16.7017303007,
    86.204311041513));
#3688 = CARTESIAN_POINT('',(69.526162376807,-15.846167695,85.86549916188
    ));
#3689 = CARTESIAN_POINT('',(69.721708580657,-14.97313374453,
    85.543539189809));
#3690 = CARTESIAN_POINT('',(69.907374325259,-14.08307317308,
    85.239533243365));
#3691 = CARTESIAN_POINT('',(70.082274519273,-13.17646747078,
    84.954562516053));
#3692 = CARTESIAN_POINT('',(70.245542965542,-12.25383496965,
    84.689689783827));
#3693 = CARTESIAN_POINT('',(70.641691879494,-9.789351449742,
    84.049394794184));
#3694 = CARTESIAN_POINT('',(70.854392571955,-8.219703782788,
    83.708207039753));
#3695 = CARTESIAN_POINT('',(71.029736146261,-6.614498894567,
    83.428654335499));
#3696 = CARTESIAN_POINT('',(71.164003350136,-4.981709000741,
    83.21547921653));
#3697 = CARTESIAN_POINT('',(71.254575703925,-3.329498593538,
    83.071972239225));
#3698 = CARTESIAN_POINT('',(71.3,-1.666152362653,83.));
#3699 = CARTESIAN_POINT('',(71.3,-1.42108547152E-14,83.));
#3700 = PCURVE('',#2783,#3701);
#3701 = DEFINITIONAL_REPRESENTATION('',(#3702),#3840);
#3702 = B_SPLINE_CURVE_WITH_KNOTS('',10,(#3703,#3704,#3705,#3706,#3707,
    #3708,#3709,#3710,#3711,#3712,#3713,#3714,#3715,#3716,#3717,#3718,
    #3719,#3720,#3721,#3722,#3723,#3724,#3725,#3726,#3727,#3728,#3729,
    #3730,#3731,#3732,#3733,#3734,#3735,#3736,#3737,#3738,#3739,#3740,
    #3741,#3742,#3743,#3744,#3745,#3746,#3747,#3748,#3749,#3750,#3751,
    #3752,#3753,#3754,#3755,#3756,#3757,#3758,#3759,#3760,#3761,#3762,
    #3763,#3764,#3765,#3766,#3767,#3768,#3769,#3770,#3771,#3772,#3773,
    #3774,#3775,#3776,#3777,#3778,#3779,#3780,#3781,#3782,#3783,#3784,
    #3785,#3786,#3787,#3788,#3789,#3790,#3791,#3792,#3793,#3794,#3795,
    #3796,#3797,#3798,#3799,#3800,#3801,#3802,#3803,#3804,#3805,#3806,
    #3807,#3808,#3809,#3810,#3811,#3812,#3813,#3814,#3815,#3816,#3817,
    #3818,#3819,#3820,#3821,#3822,#3823,#3824,#3825,#3826,#3827,#3828,
    #3829,#3830,#3831,#3832,#3833,#3834,#3835,#3836,#3837,#3838,#3839),
  .UNSPECIFIED.,.F.,.F.,(11,9,9,9,9,9,9,9,9,9,9,9,9,9,9,11),(
    1.327180815166E-08,0.125000011613,0.179687510887,0.205322276172,
    0.217739115607,0.242184768244,0.431638576183,0.573728932137,
    0.587049903008,0.61285928407,0.709644463052,0.727791684112,
    0.795843763084,0.821363292698,0.832528086905,1.),.UNSPECIFIED.);
#3703 = CARTESIAN_POINT('',(5.645560982835,43.05));
#3704 = CARTESIAN_POINT('',(5.649035332194,42.484892397779));
#3705 = CARTESIAN_POINT('',(5.652645918727,41.922688461504));
#3706 = CARTESIAN_POINT('',(5.656391240892,41.363434518195));
#3707 = CARTESIAN_POINT('',(5.660269840032,40.807179891483));
#3708 = CARTESIAN_POINT('',(5.664280301345,40.253977022197));
#3709 = CARTESIAN_POINT('',(5.668421254847,39.703881588948));
#3710 = CARTESIAN_POINT('',(5.672691376338,39.156952628713));
#3711 = CARTESIAN_POINT('',(5.677089388366,38.613252657423));
#3712 = CARTESIAN_POINT('',(5.681614061192,38.072847790546));
#3713 = CARTESIAN_POINT('',(5.688298655502,37.300852895666));
#3714 = CARTESIAN_POINT('',(5.690357114866,37.066541997929));
#3715 = CARTESIAN_POINT('',(5.692439492959,36.832881018174));
#3716 = CARTESIAN_POINT('',(5.694545692681,36.599875940265));
#3717 = CARTESIAN_POINT('',(5.696675618743,36.367532886064));
#3718 = CARTESIAN_POINT('',(5.69882917768,36.13585811728));
#3719 = CARTESIAN_POINT('',(5.701006277876,35.904858037318));
#3720 = CARTESIAN_POINT('',(5.703206829579,35.674539193124));
#3721 = CARTESIAN_POINT('',(5.705430744924,35.444908277036));
#3722 = CARTESIAN_POINT('',(5.708731309681,35.108658309066));
#3723 = CARTESIAN_POINT('',(5.709789796137,35.001497148413));
#3724 = CARTESIAN_POINT('',(5.710853388465,34.894489351124));
#3725 = CARTESIAN_POINT('',(5.711922077902,34.787635628759));
#3726 = CARTESIAN_POINT('',(5.712995855779,34.680936700024));
#3727 = CARTESIAN_POINT('',(5.714074713521,34.574393290816));
#3728 = CARTESIAN_POINT('',(5.715158642646,34.468006134262));
#3729 = CARTESIAN_POINT('',(5.716247634764,34.36177597076));
#3730 = CARTESIAN_POINT('',(5.71734168158,34.255703548022));
#3731 = CARTESIAN_POINT('',(5.718973148223,34.098487562762));
#3732 = CARTESIAN_POINT('',(5.719506705553,34.047222690568));
#3733 = CARTESIAN_POINT('',(5.720041445958,33.995995090337));
#3734 = CARTESIAN_POINT('',(5.720577368509,33.944804848282));
#3735 = CARTESIAN_POINT('',(5.721114472287,33.893652051021));
#3736 = CARTESIAN_POINT('',(5.721652756374,33.84253678558));
#3737 = CARTESIAN_POINT('',(5.72219221986,33.791459139392));
#3738 = CARTESIAN_POINT('',(5.722732861839,33.740419200301));
#3739 = CARTESIAN_POINT('',(5.723274681411,33.689417056558));
#3740 = CARTESIAN_POINT('',(5.724886701589,33.538116910488));
#3741 = CARTESIAN_POINT('',(5.725960278431,33.437928591898));
#3742 = CARTESIAN_POINT('',(5.727038484785,33.3378807951));
#3743 = CARTESIAN_POINT('',(5.728121012211,33.238002244011));
#3744 = CARTESIAN_POINT('',(5.729208155943,33.13826535031));
#3745 = CARTESIAN_POINT('',(5.730299855978,33.038675803854));
#3746 = CARTESIAN_POINT('',(5.731395949552,32.939248886393));
#3747 = CARTESIAN_POINT('',(5.73249662979,32.839966615031));
#3748 = CARTESIAN_POINT('',(5.733601789065,32.740839198939));
#3749 = CARTESIAN_POINT('',(5.743311385896,31.874806131395));
#3750 = CARTESIAN_POINT('',(5.752181904782,31.116911293452));
#3751 = CARTESIAN_POINT('',(5.761322651021,30.368286902142));
#3752 = CARTESIAN_POINT('',(5.770733822999,29.629089647391));
#3753 = CARTESIAN_POINT('',(5.780416136354,28.899528943011));
#3754 = CARTESIAN_POINT('',(5.790370779937,28.179870385405));
#3755 = CARTESIAN_POINT('',(5.800599371774,27.470439212277));
#3756 = CARTESIAN_POINT('',(5.811103915021,26.771623761341));
#3757 = CARTESIAN_POINT('',(5.821886753924,26.083878929028));
#3758 = CARTESIAN_POINT('',(5.841248361675,24.900617654325));
#3759 = CARTESIAN_POINT('',(5.849704221553,24.400028211219));
#3760 = CARTESIAN_POINT('',(5.85831922893,23.906182984745));
#3761 = CARTESIAN_POINT('',(5.86709459809,23.419325851801));
#3762 = CARTESIAN_POINT('',(5.876031631488,22.93972387466));
#3763 = CARTESIAN_POINT('',(5.885131713156,22.467668294317));
#3764 = CARTESIAN_POINT('',(5.894396302096,22.00347552383));
#3765 = CARTESIAN_POINT('',(5.90382692569,21.547488141669));
#3766 = CARTESIAN_POINT('',(5.913425173098,21.100075885057));
#3767 = CARTESIAN_POINT('',(5.924108393245,20.620532964405));
#3768 = CARTESIAN_POINT('',(5.925025585545,20.579508150201));
#3769 = CARTESIAN_POINT('',(5.925944266916,20.538562528633));
#3770 = CARTESIAN_POINT('',(5.926864438721,20.497696429808));
#3771 = CARTESIAN_POINT('',(5.927786102324,20.456910186029));
#3772 = CARTESIAN_POINT('',(5.928709259095,20.416204131794));
#3773 = CARTESIAN_POINT('',(5.929633910409,20.375578603812));
#3774 = CARTESIAN_POINT('',(5.930560057644,20.335033941007));
#3775 = CARTESIAN_POINT('',(5.931487702183,20.294570484523));
#3776 = CARTESIAN_POINT('',(5.934217060421,20.175948633348));
#3777 = CARTESIAN_POINT('',(5.936022931252,20.09801353942));
#3778 = CARTESIAN_POINT('',(5.937834206299,20.020397083135));
#3779 = CARTESIAN_POINT('',(5.939651692868,19.943067089655));
#3780 = CARTESIAN_POINT('',(5.941474748775,19.866055576131));
#3781 = CARTESIAN_POINT('',(5.943303406588,19.789362565614));
#3782 = CARTESIAN_POINT('',(5.945138093317,19.712974237162));
#3783 = CARTESIAN_POINT('',(5.946978395019,19.636910924368));
#3784 = CARTESIAN_POINT('',(5.948824524374,19.561166851294));
#3785 = CARTESIAN_POINT('',(5.957621088745,19.202924198242));
#3786 = CARTESIAN_POINT('',(5.964647097698,18.924661516167));
#3787 = CARTESIAN_POINT('',(5.971754767283,18.651117024475));
#3788 = CARTESIAN_POINT('',(5.978944403172,18.3824540132));
#3789 = CARTESIAN_POINT('',(5.986216308625,18.118841455745));
#3790 = CARTESIAN_POINT('',(5.993570784188,17.860454127532));
#3791 = CARTESIAN_POINT('',(6.001008127367,17.60747272465));
#3792 = CARTESIAN_POINT('',(6.008528632328,17.360083982503));
#3793 = CARTESIAN_POINT('',(6.016132589574,17.118480794462));
#3794 = CARTESIAN_POINT('',(6.025261728649,16.838683868524));
#3795 = CARTESIAN_POINT('',(6.02670611096,16.794715941494));
#3796 = CARTESIAN_POINT('',(6.028153448614,16.750959452026));
#3797 = CARTESIAN_POINT('',(6.029603736207,16.707415933031));
#3798 = CARTESIAN_POINT('',(6.031056965692,16.664087000691));
#3799 = CARTESIAN_POINT('',(6.032513137202,16.620974040437));
#3800 = CARTESIAN_POINT('',(6.033972261877,16.57807812593));
#3801 = CARTESIAN_POINT('',(6.035434356696,16.53540017105));
#3802 = CARTESIAN_POINT('',(6.036899431321,16.492941314906));
#3803 = CARTESIAN_POINT('',(6.043872600557,16.292311883334));
#3804 = CARTESIAN_POINT('',(6.049419375262,16.137029059079));
#3805 = CARTESIAN_POINT('',(6.055007337233,15.984943171398));
#3806 = CARTESIAN_POINT('',(6.060636032806,15.836141654845));
#3807 = CARTESIAN_POINT('',(6.066305008593,15.69071129767));
#3808 = CARTESIAN_POINT('',(6.072013811594,15.548738265294));
#3809 = CARTESIAN_POINT('',(6.077761989303,15.410308123776));
#3810 = CARTESIAN_POINT('',(6.083549089821,15.275505863282));
#3811 = CARTESIAN_POINT('',(6.089374661965,15.144415921558));
#3812 = CARTESIAN_POINT('',(6.097437102904,14.969387064587));
#3813 = CARTESIAN_POINT('',(6.099641297171,14.922185766278));
#3814 = CARTESIAN_POINT('',(6.101850814421,14.875522737348));
#3815 = CARTESIAN_POINT('',(6.104065630918,14.829402392214));
#3816 = CARTESIAN_POINT('',(6.10628572294,14.783829135008));
#3817 = CARTESIAN_POINT('',(6.108511066778,14.73880735975));
#3818 = CARTESIAN_POINT('',(6.11074163874,14.694341450519));
#3819 = CARTESIAN_POINT('',(6.112977415152,14.650435781634));
#3820 = CARTESIAN_POINT('',(6.115218372352,14.607094717821));
#3821 = CARTESIAN_POINT('',(6.118447161723,14.545609819142));
#3822 = CARTESIAN_POINT('',(6.119430815761,14.527006069697));
#3823 = CARTESIAN_POINT('',(6.120415476671,14.508511199247));
#3824 = CARTESIAN_POINT('',(6.121401119495,14.490125986544));
#3825 = CARTESIAN_POINT('',(6.122387718541,14.471851218824));
#3826 = CARTESIAN_POINT('',(6.123375276072,14.453687177588));
#3827 = CARTESIAN_POINT('',(6.12436382762,14.43563354722));
#3828 = CARTESIAN_POINT('',(6.125353423907,14.417689746455));
#3829 = CARTESIAN_POINT('',(6.126344089391,14.399855682694));
#3830 = CARTESIAN_POINT('',(6.142210777858,14.11629162619));
#3831 = CARTESIAN_POINT('',(6.157315013667,13.875427515405));
#3832 = CARTESIAN_POINT('',(6.17262117241,13.661202850524));
#3833 = CARTESIAN_POINT('',(6.188102302233,13.47505095227));
#3834 = CARTESIAN_POINT('',(6.203731754889,13.318180627016));
#3835 = CARTESIAN_POINT('',(6.219483137052,13.191579625614));
#3836 = CARTESIAN_POINT('',(6.23533024993,13.096017142374));
#3837 = CARTESIAN_POINT('',(6.251247017179,13.032045354217));
#3838 = CARTESIAN_POINT('',(6.267207401107,13.));
#3839 = CARTESIAN_POINT('',(6.28318530718,13.));
#3840 = ( GEOMETRIC_REPRESENTATION_CONTEXT(2) 
PARAMETRIC_REPRESENTATION_CONTEXT() REPRESENTATION_CONTEXT('2D SPACE',''
  ) );
#3841 = PCURVE('',#3160,#3842);
#3842 = DEFINITIONAL_REPRESENTATION('',(#3843),#3876);
#3843 = B_SPLINE_CURVE_WITH_KNOTS('',7,(#3844,#3845,#3846,#3847,#3848,
    #3849,#3850,#3851,#3852,#3853,#3854,#3855,#3856,#3857,#3858,#3859,
    #3860,#3861,#3862,#3863,#3864,#3865,#3866,#3867,#3868,#3869,#3870,
    #3871,#3872,#3873,#3874,#3875),.UNSPECIFIED.,.F.,.F.,(8,6,6,6,6,8),(
    0.,0.221336282991,0.591289646638,0.723172810525,0.828546900308,1.),
  .UNSPECIFIED.);
#3844 = CARTESIAN_POINT('',(-5.645560979146,-6.E-07));
#3845 = CARTESIAN_POINT('',(-5.65434954548,1.429471610738));
#3846 = CARTESIAN_POINT('',(-5.664053434722,2.83943527784));
#3847 = CARTESIAN_POINT('',(-5.674644062106,4.229008520023));
#3848 = CARTESIAN_POINT('',(-5.686095386218,5.597132988807));
#3849 = CARTESIAN_POINT('',(-5.698384074445,6.942547911149));
#3850 = CARTESIAN_POINT('',(-5.711489730388,8.263765494946));
#3851 = CARTESIAN_POINT('',(-5.748637504765,11.724052012131));
#3852 = CARTESIAN_POINT('',(-5.774095140538,13.81481797876));
#3853 = CARTESIAN_POINT('',(-5.801747107825,15.829567845873));
#3854 = CARTESIAN_POINT('',(-5.831625088583,17.762370871597));
#3855 = CARTESIAN_POINT('',(-5.863795884332,19.60208478848));
#3856 = CARTESIAN_POINT('',(-5.898346969024,21.331144180043));
#3857 = CARTESIAN_POINT('',(-5.948583003669,23.491782121658));
#3858 = CARTESIAN_POINT('',(-5.96210658212,24.042543135714));
#3859 = CARTESIAN_POINT('',(-5.975954350021,24.574953266808));
#3860 = CARTESIAN_POINT('',(-5.990128967496,25.087606697937));
#3861 = CARTESIAN_POINT('',(-6.004633043192,25.578979094246));
#3862 = CARTESIAN_POINT('',(-6.019469116078,26.047420914227));
#3863 = CARTESIAN_POINT('',(-6.046760819458,26.845688958487));
#3864 = CARTESIAN_POINT('',(-6.059097212301,27.18450083812));
#3865 = CARTESIAN_POINT('',(-6.071643036573,27.506460810191));
#3866 = CARTESIAN_POINT('',(-6.084392520135,27.810466756635));
#3867 = CARTESIAN_POINT('',(-6.097339906971,28.095437483947));
#3868 = CARTESIAN_POINT('',(-6.110479466226,28.360310216173));
#3869 = CARTESIAN_POINT('',(-6.145488156056,29.000605205816));
#3870 = CARTESIAN_POINT('',(-6.167697284591,29.341792960247));
#3871 = CARTESIAN_POINT('',(-6.190332274406,29.621345664501));
#3872 = CARTESIAN_POINT('',(-6.213294782334,29.83452078347));
#3873 = CARTESIAN_POINT('',(-6.236488268335,29.978027760775));
#3874 = CARTESIAN_POINT('',(-6.25981711135,30.05));
#3875 = CARTESIAN_POINT('',(-6.28318530718,30.05));
#3876 = ( GEOMETRIC_REPRESENTATION_CONTEXT(2) 
PARAMETRIC_REPRESENTATION_CONTEXT() REPRESENTATION_CONTEXT('2D SPACE',''
  ) );
#3877 = ORIENTED_EDGE('',*,*,#2981,.T.);
#3878 = ORIENTED_EDGE('',*,*,#2864,.F.);
#3879 = ORIENTED_EDGE('',*,*,#2957,.T.);
#3880 = ORIENTED_EDGE('',*,*,#3881,.F.);
#3881 = EDGE_CURVE('',#3882,#2958,#3884,.T.);
#3882 = VERTEX_POINT('',#3883);
#3883 = CARTESIAN_POINT('',(71.3,-8.425569978134E-15,102.85));
#3884 = SURFACE_CURVE('',#3885,(#3912,#3942),.PCURVE_S1.);
#3885 = B_SPLINE_CURVE_WITH_KNOTS('',7,(#3886,#3887,#3888,#3889,#3890,
    #3891,#3892,#3893,#3894,#3895,#3896,#3897,#3898,#3899,#3900,#3901,
    #3902,#3903,#3904,#3905,#3906,#3907,#3908,#3909,#3910,#3911),
  .UNSPECIFIED.,.F.,.F.,(8,6,6,6,8),(0.,0.244240477034,0.500030060862,
    0.755818399782,1.),.UNSPECIFIED.);
#3886 = CARTESIAN_POINT('',(71.3,-4.884981308351E-15,102.85));
#3887 = CARTESIAN_POINT('',(71.3,-0.333329369733,102.85));
#3888 = CARTESIAN_POINT('',(71.298181953815,-0.65736932215,
    102.79814993738));
#3889 = CARTESIAN_POINT('',(71.294728285683,-0.962721932457,
    102.69964781162));
#3890 = CARTESIAN_POINT('',(71.290120861191,-1.241658334846,
    102.56148854556));
#3891 = CARTESIAN_POINT('',(71.285008402376,-1.488407571912,
    102.3923541553));
#3892 = CARTESIAN_POINT('',(71.279954301482,-1.699695613779,
    102.20243841723));
#3893 = CARTESIAN_POINT('',(71.270496614563,-2.05916227288,101.794703528
    ));
#3894 = CARTESIAN_POINT('',(71.265998241651,-2.209084364724,
    101.57009101462));
#3895 = CARTESIAN_POINT('',(71.262164200074,-2.3267000952,
    101.33492208285));
#3896 = CARTESIAN_POINT('',(71.259187455608,-2.413643620647,
    101.09292409951));
#3897 = CARTESIAN_POINT('',(71.257168675319,-2.471182410506,
    100.84676225435));
#3898 = CARTESIAN_POINT('',(71.256157628657,-2.5,100.59850223974));
#3899 = CARTESIAN_POINT('',(71.256157628657,-2.5,100.10149896969));
#3900 = CARTESIAN_POINT('',(71.257168664135,-2.47118272052,
    99.853232107159));
#3901 = CARTESIAN_POINT('',(71.259187546325,-2.413641044039,
    99.60706607111));
#3902 = CARTESIAN_POINT('',(71.262164351443,-2.326695839856,
    99.365072338392));
#3903 = CARTESIAN_POINT('',(71.265998203551,-2.209084220455,
    99.129913011336));
#3904 = CARTESIAN_POINT('',(71.270496429586,-2.059169303475,
    98.905304446636));
#3905 = CARTESIAN_POINT('',(71.279953386933,-1.699730373824,
    98.497601010292));
#3906 = CARTESIAN_POINT('',(71.285007629001,-1.488444632087,
    98.307668131063));
#3907 = CARTESIAN_POINT('',(71.290121044126,-1.241663887735,
    98.138499766052));
#3908 = CARTESIAN_POINT('',(71.29472941725,-0.962676611227,
    98.000319845239));
#3909 = CARTESIAN_POINT('',(71.298182840605,-0.657282138457,
    97.901824793346));
#3910 = CARTESIAN_POINT('',(71.3,-0.333248159547,97.85));
#3911 = CARTESIAN_POINT('',(71.3,-4.440892098501E-15,97.85));
#3912 = PCURVE('',#2783,#3913);
#3913 = DEFINITIONAL_REPRESENTATION('',(#3914),#3941);
#3914 = B_SPLINE_CURVE_WITH_KNOTS('',7,(#3915,#3916,#3917,#3918,#3919,
    #3920,#3921,#3922,#3923,#3924,#3925,#3926,#3927,#3928,#3929,#3930,
    #3931,#3932,#3933,#3934,#3935,#3936,#3937,#3938,#3939,#3940),
  .UNSPECIFIED.,.F.,.F.,(8,6,6,6,8),(0.,0.244240477034,0.500030060862,
    0.755818399782,1.),.UNSPECIFIED.);
#3915 = CARTESIAN_POINT('',(6.28318530718,32.85));
#3916 = CARTESIAN_POINT('',(6.278510280956,32.85));
#3917 = CARTESIAN_POINT('',(6.273965540902,32.798149937381));
#3918 = CARTESIAN_POINT('',(6.269682729776,32.699647811623));
#3919 = CARTESIAN_POINT('',(6.265770116197,32.561488545567));
#3920 = CARTESIAN_POINT('',(6.262308683645,32.392354155304));
#3921 = CARTESIAN_POINT('',(6.259344477936,32.202438417239));
#3922 = CARTESIAN_POINT('',(6.254301125131,31.794703528009));
#3923 = CARTESIAN_POINT('',(6.252197499021,31.570091014624));
#3924 = CARTESIAN_POINT('',(6.250547037878,31.334922082856));
#3925 = CARTESIAN_POINT('',(6.24932691973,31.092924099517));
#3926 = CARTESIAN_POINT('',(6.248519427467,30.846762254358));
#3927 = CARTESIAN_POINT('',(6.248115005037,30.598502239743));
#3928 = CARTESIAN_POINT('',(6.248115005037,30.101498969698));
#3929 = CARTESIAN_POINT('',(6.248519423116,29.853232107159));
#3930 = CARTESIAN_POINT('',(6.249326955892,29.60706607111));
#3931 = CARTESIAN_POINT('',(6.250547097594,29.365072338393));
#3932 = CARTESIAN_POINT('',(6.25219750103,29.129913011336));
#3933 = CARTESIAN_POINT('',(6.254301026491,28.905304446636));
#3934 = CARTESIAN_POINT('',(6.259343990249,28.497601010292));
#3935 = CARTESIAN_POINT('',(6.262308163756,28.307668131063));
#3936 = CARTESIAN_POINT('',(6.265770038414,28.138499766052));
#3937 = CARTESIAN_POINT('',(6.269683365547,28.000319845238));
#3938 = CARTESIAN_POINT('',(6.273966763675,27.901824793346));
#3939 = CARTESIAN_POINT('',(6.278511419949,27.85));
#3940 = CARTESIAN_POINT('',(6.28318530718,27.85));
#3941 = ( GEOMETRIC_REPRESENTATION_CONTEXT(2) 
PARAMETRIC_REPRESENTATION_CONTEXT() REPRESENTATION_CONTEXT('2D SPACE',''
  ) );
#3942 = PCURVE('',#3943,#3948);
#3943 = CYLINDRICAL_SURFACE('',#3944,2.5);
#3944 = AXIS2_PLACEMENT_3D('',#3945,#3946,#3947);
#3945 = CARTESIAN_POINT('',(70.3,0.,100.35));
#3946 = DIRECTION('',(1.,0.,0.));
#3947 = DIRECTION('',(-0.,0.,1.));
#3948 = DEFINITIONAL_REPRESENTATION('',(#3949),#3976);
#3949 = B_SPLINE_CURVE_WITH_KNOTS('',7,(#3950,#3951,#3952,#3953,#3954,
    #3955,#3956,#3957,#3958,#3959,#3960,#3961,#3962,#3963,#3964,#3965,
    #3966,#3967,#3968,#3969,#3970,#3971,#3972,#3973,#3974,#3975),
  .UNSPECIFIED.,.F.,.F.,(8,6,6,6,8),(0.,0.244240477034,0.500030060862,
    0.755818399782,1.),.UNSPECIFIED.);
#3950 = CARTESIAN_POINT('',(-2.6645352591E-15,1.));
#3951 = CARTESIAN_POINT('',(0.133331747893,1.));
#3952 = CARTESIAN_POINT('',(0.262947634487,0.998181953815));
#3953 = CARTESIAN_POINT('',(0.388960453708,0.994728285683));
#3954 = CARTESIAN_POINT('',(0.511178602645,0.990120861191));
#3955 = CARTESIAN_POINT('',(0.62915359851,0.985008402376));
#3956 = CARTESIAN_POINT('',(0.74202774217,0.979954301482));
#3957 = CARTESIAN_POINT('',(0.959454150465,0.970496614563));
#3958 = CARTESIAN_POINT('',(1.066506120025,0.965998241651));
#3959 = CARTESIAN_POINT('',(1.170425967045,0.962164200074));
#3960 = CARTESIAN_POINT('',(1.272021855568,0.959187455608));
#3961 = CARTESIAN_POINT('',(1.372091609695,0.957168675319));
#3962 = CARTESIAN_POINT('',(1.471395430898,0.956157628657));
#3963 = CARTESIAN_POINT('',(1.670196738916,0.956157628657));
#3964 = CARTESIAN_POINT('',(1.769503286853,0.957168664135));
#3965 = CARTESIAN_POINT('',(1.869574738501,0.959187546325));
#3966 = CARTESIAN_POINT('',(1.971169244931,0.962164351443));
#3967 = CARTESIAN_POINT('',(2.075085360417,0.965998203551));
#3968 = CARTESIAN_POINT('',(2.182134250611,0.970496429586));
#3969 = CARTESIAN_POINT('',(2.399543886517,0.979953386933));
#3970 = CARTESIAN_POINT('',(2.51242256866,0.985007629001));
#3971 = CARTESIAN_POINT('',(2.630414905473,0.990121044126));
#3972 = CARTESIAN_POINT('',(2.752653119897,0.99472941725));
#3973 = CARTESIAN_POINT('',(2.87867990024,0.998182840605));
#3974 = CARTESIAN_POINT('',(3.008293389771,1.));
#3975 = CARTESIAN_POINT('',(3.14159265359,1.));
#3976 = ( GEOMETRIC_REPRESENTATION_CONTEXT(2) 
PARAMETRIC_REPRESENTATION_CONTEXT() REPRESENTATION_CONTEXT('2D SPACE',''
  ) );
#3977 = ORIENTED_EDGE('',*,*,#3978,.T.);
#3978 = EDGE_CURVE('',#3882,#3979,#3981,.T.);
#3979 = VERTEX_POINT('',#3980);
#3980 = CARTESIAN_POINT('',(71.3,-1.746346335584E-14,113.051));
#3981 = SEAM_CURVE('',#3982,(#3986,#3993),.PCURVE_S1.);
#3982 = LINE('',#3983,#3984);
#3983 = CARTESIAN_POINT('',(71.3,-1.746346335584E-14,70.));
#3984 = VECTOR('',#3985,1.);
#3985 = DIRECTION('',(0.,0.,1.));
#3986 = PCURVE('',#2783,#3987);
#3987 = DEFINITIONAL_REPRESENTATION('',(#3988),#3992);
#3988 = LINE('',#3989,#3990);
#3989 = CARTESIAN_POINT('',(0.,-0.));
#3990 = VECTOR('',#3991,1.);
#3991 = DIRECTION('',(0.,1.));
#3992 = ( GEOMETRIC_REPRESENTATION_CONTEXT(2) 
PARAMETRIC_REPRESENTATION_CONTEXT() REPRESENTATION_CONTEXT('2D SPACE',''
  ) );
#3993 = PCURVE('',#2783,#3994);
#3994 = DEFINITIONAL_REPRESENTATION('',(#3995),#3999);
#3995 = LINE('',#3996,#3997);
#3996 = CARTESIAN_POINT('',(6.28318530718,-0.));
#3997 = VECTOR('',#3998,1.);
#3998 = DIRECTION('',(0.,1.));
#3999 = ( GEOMETRIC_REPRESENTATION_CONTEXT(2) 
PARAMETRIC_REPRESENTATION_CONTEXT() REPRESENTATION_CONTEXT('2D SPACE',''
  ) );
#4000 = ORIENTED_EDGE('',*,*,#4001,.F.);
#4001 = EDGE_CURVE('',#3979,#3979,#4002,.T.);
#4002 = SURFACE_CURVE('',#4003,(#4008,#4015),.PCURVE_S1.);
#4003 = CIRCLE('',#4004,71.3);
#4004 = AXIS2_PLACEMENT_3D('',#4005,#4006,#4007);
#4005 = CARTESIAN_POINT('',(0.,0.,113.051));
#4006 = DIRECTION('',(0.,0.,1.));
#4007 = DIRECTION('',(1.,0.,-0.));
#4008 = PCURVE('',#2783,#4009);
#4009 = DEFINITIONAL_REPRESENTATION('',(#4010),#4014);
#4010 = LINE('',#4011,#4012);
#4011 = CARTESIAN_POINT('',(0.,43.051));
#4012 = VECTOR('',#4013,1.);
#4013 = DIRECTION('',(1.,0.));
#4014 = ( GEOMETRIC_REPRESENTATION_CONTEXT(2) 
PARAMETRIC_REPRESENTATION_CONTEXT() REPRESENTATION_CONTEXT('2D SPACE',''
  ) );
#4015 = PCURVE('',#4016,#4021);
#4016 = PLANE('',#4017);
#4017 = AXIS2_PLACEMENT_3D('',#4018,#4019,#4020);
#4018 = CARTESIAN_POINT('',(0.,0.,113.051));
#4019 = DIRECTION('',(0.,0.,1.));
#4020 = DIRECTION('',(1.,0.,-0.));
#4021 = DEFINITIONAL_REPRESENTATION('',(#4022),#4026);
#4022 = CIRCLE('',#4023,71.3);
#4023 = AXIS2_PLACEMENT_2D('',#4024,#4025);
#4024 = CARTESIAN_POINT('',(0.,0.));
#4025 = DIRECTION('',(1.,0.));
#4026 = ( GEOMETRIC_REPRESENTATION_CONTEXT(2) 
PARAMETRIC_REPRESENTATION_CONTEXT() REPRESENTATION_CONTEXT('2D SPACE',''
  ) );
#4027 = ORIENTED_EDGE('',*,*,#3978,.F.);
#4028 = ORIENTED_EDGE('',*,*,#4029,.F.);
#4029 = EDGE_CURVE('',#2958,#3882,#4030,.T.);
#4030 = SURFACE_CURVE('',#4031,(#4058,#4088),.PCURVE_S1.);
#4031 = B_SPLINE_CURVE_WITH_KNOTS('',7,(#4032,#4033,#4034,#4035,#4036,
    #4037,#4038,#4039,#4040,#4041,#4042,#4043,#4044,#4045,#4046,#4047,
    #4048,#4049,#4050,#4051,#4052,#4053,#4054,#4055,#4056,#4057),
  .UNSPECIFIED.,.F.,.F.,(8,6,6,6,8),(0.,0.244238908059,0.500041495835,
    0.755851123823,1.),.UNSPECIFIED.);
#4032 = CARTESIAN_POINT('',(71.3,4.287811248607E-15,97.85));
#4033 = CARTESIAN_POINT('',(71.3,0.33332936974,97.85));
#4034 = CARTESIAN_POINT('',(71.298181953815,0.657369322144,
    97.901850062621));
#4035 = CARTESIAN_POINT('',(71.294728285683,0.962721932452,
    98.000352188372));
#4036 = CARTESIAN_POINT('',(71.290120861191,1.241658334851,
    98.138511454433));
#4037 = CARTESIAN_POINT('',(71.285008402376,1.488407571916,
    98.307645844703));
#4038 = CARTESIAN_POINT('',(71.279954301482,1.699695613775,
    98.497561582756));
#4039 = CARTESIAN_POINT('',(71.270496337523,2.059172802616,
    98.905308415632));
#4040 = CARTESIAN_POINT('',(71.265998194103,2.209083769424,
    99.129914573967));
#4041 = CARTESIAN_POINT('',(71.262164435583,2.326693609226,
    99.365069042727));
#4042 = CARTESIAN_POINT('',(71.2591875565,2.413640783309,99.607062262506
    ));
#4043 = CARTESIAN_POINT('',(71.257168607582,2.471184320166,
    99.853233768111));
#4044 = CARTESIAN_POINT('',(71.256157628657,2.5,100.10150580876));
#4045 = CARTESIAN_POINT('',(71.256157628657,2.5,100.5985010303));
#4046 = CARTESIAN_POINT('',(71.257168664135,2.47118272052,
    100.84676789284));
#4047 = CARTESIAN_POINT('',(71.259187546325,2.413641044039,
    101.09293392889));
#4048 = CARTESIAN_POINT('',(71.262164351443,2.326695839856,
    101.3349276616));
#4049 = CARTESIAN_POINT('',(71.265998203551,2.209084220455,
    101.57008698866));
#4050 = CARTESIAN_POINT('',(71.270496429586,2.059169303475,
    101.79469555336));
#4051 = CARTESIAN_POINT('',(71.279952383628,1.699768507321,
    102.20235573574));
#4052 = CARTESIAN_POINT('',(71.2850070381,1.488475357525,102.3923186285)
  );
#4053 = CARTESIAN_POINT('',(71.290121652964,1.241651161643,
    102.56152447873));
#4054 = CARTESIAN_POINT('',(71.294730758337,0.962610859092,
    102.69971816001));
#4055 = CARTESIAN_POINT('',(71.298183687016,0.657186207212,
    102.79819940332));
#4056 = CARTESIAN_POINT('',(71.3,0.333170354229,102.85));
#4057 = CARTESIAN_POINT('',(71.3,3.636830773662E-15,102.85));
#4058 = PCURVE('',#2783,#4059);
#4059 = DEFINITIONAL_REPRESENTATION('',(#4060),#4087);
#4060 = B_SPLINE_CURVE_WITH_KNOTS('',7,(#4061,#4062,#4063,#4064,#4065,
    #4066,#4067,#4068,#4069,#4070,#4071,#4072,#4073,#4074,#4075,#4076,
    #4077,#4078,#4079,#4080,#4081,#4082,#4083,#4084,#4085,#4086),
  .UNSPECIFIED.,.F.,.F.,(8,6,6,6,8),(0.,0.244238908059,0.500041495835,
    0.755851123823,1.),.UNSPECIFIED.);
#4061 = CARTESIAN_POINT('',(0.,27.85));
#4062 = CARTESIAN_POINT('',(4.675026223555E-03,27.85));
#4063 = CARTESIAN_POINT('',(9.219766277512E-03,27.901850062621));
#4064 = CARTESIAN_POINT('',(1.350257740323E-02,28.000352188372));
#4065 = CARTESIAN_POINT('',(1.741519098311E-02,28.138511454433));
#4066 = CARTESIAN_POINT('',(2.087662353496E-02,28.307645844703));
#4067 = CARTESIAN_POINT('',(2.384082924369E-02,28.497561582756));
#4068 = CARTESIAN_POINT('',(2.888432978224E-02,28.905308415632));
#4069 = CARTESIAN_POINT('',(3.098779983001E-02,29.129914573967));
#4070 = CARTESIAN_POINT('',(3.26381782806E-02,29.365069042727));
#4071 = CARTESIAN_POINT('',(3.385834762654E-02,29.607062262506));
#4072 = CARTESIAN_POINT('',(3.466590651399E-02,29.853233768111));
#4073 = CARTESIAN_POINT('',(3.507030214235E-02,30.101505808768));
#4074 = CARTESIAN_POINT('',(3.507030214235E-02,30.598501030302));
#4075 = CARTESIAN_POINT('',(3.466588406405E-02,30.846767892841));
#4076 = CARTESIAN_POINT('',(3.385835128723E-02,31.09293392889));
#4077 = CARTESIAN_POINT('',(3.263820958594E-02,31.334927661608));
#4078 = CARTESIAN_POINT('',(3.098780614978E-02,31.570086988664));
#4079 = CARTESIAN_POINT('',(2.888428068895E-02,31.794695553364));
#4080 = CARTESIAN_POINT('',(2.384185194735E-02,32.202355735746));
#4081 = CARTESIAN_POINT('',(2.087757442463E-02,32.392318628502));
#4082 = CARTESIAN_POINT('',(1.741509012727E-02,32.561524478739));
#4083 = CARTESIAN_POINT('',(1.350101931199E-02,32.699718160018));
#4084 = CARTESIAN_POINT('',(9.217198049462E-03,32.798199403327));
#4085 = CARTESIAN_POINT('',(4.672795991996E-03,32.85));
#4086 = CARTESIAN_POINT('',(0.,32.85));
#4087 = ( GEOMETRIC_REPRESENTATION_CONTEXT(2) 
PARAMETRIC_REPRESENTATION_CONTEXT() REPRESENTATION_CONTEXT('2D SPACE',''
  ) );
#4088 = PCURVE('',#3943,#4089);
#4089 = DEFINITIONAL_REPRESENTATION('',(#4090),#4117);
#4090 = B_SPLINE_CURVE_WITH_KNOTS('',7,(#4091,#4092,#4093,#4094,#4095,
    #4096,#4097,#4098,#4099,#4100,#4101,#4102,#4103,#4104,#4105,#4106,
    #4107,#4108,#4109,#4110,#4111,#4112,#4113,#4114,#4115,#4116),
  .UNSPECIFIED.,.F.,.F.,(8,6,6,6,8),(0.,0.244238908059,0.500041495835,
    0.755851123823,1.),.UNSPECIFIED.);
#4091 = CARTESIAN_POINT('',(3.14159265359,1.));
#4092 = CARTESIAN_POINT('',(3.274924401486,1.));
#4093 = CARTESIAN_POINT('',(3.404540288075,0.998181953815));
#4094 = CARTESIAN_POINT('',(3.530553107296,0.994728285683));
#4095 = CARTESIAN_POINT('',(3.652771256236,0.990120861191));
#4096 = CARTESIAN_POINT('',(3.770746252103,0.985008402376));
#4097 = CARTESIAN_POINT('',(3.883620395757,0.979954301482));
#4098 = CARTESIAN_POINT('',(4.101053173053,0.970496337523));
#4099 = CARTESIAN_POINT('',(4.208100298835,0.965998194103));
#4100 = CARTESIAN_POINT('',(4.312014600456,0.962164435583));
#4101 = CARTESIAN_POINT('',(4.413609164578,0.9591875565));
#4102 = CARTESIAN_POINT('',(4.513682691621,0.957168607582));
#4103 = CARTESIAN_POINT('',(4.612991303892,0.956157628657));
#4104 = CARTESIAN_POINT('',(4.811789392505,0.956157628657));
#4105 = CARTESIAN_POINT('',(4.911095940443,0.957168664135));
#4106 = CARTESIAN_POINT('',(5.011167392091,0.959187546325));
#4107 = CARTESIAN_POINT('',(5.112761898521,0.962164351443));
#4108 = CARTESIAN_POINT('',(5.216678014007,0.965998203551));
#4109 = CARTESIAN_POINT('',(5.323726904201,0.970496429586));
#4110 = CARTESIAN_POINT('',(5.541113474743,0.979952383628));
#4111 = CARTESIAN_POINT('',(5.654003132074,0.9850070381));
#4112 = CARTESIAN_POINT('',(5.772016880799,0.990121652964));
#4113 = CARTESIAN_POINT('',(5.8942747538,0.994730758337));
#4114 = CARTESIAN_POINT('',(6.020310931929,0.998183687016));
#4115 = CARTESIAN_POINT('',(6.149917165488,1.));
#4116 = CARTESIAN_POINT('',(6.28318530718,1.));
#4117 = ( GEOMETRIC_REPRESENTATION_CONTEXT(2) 
PARAMETRIC_REPRESENTATION_CONTEXT() REPRESENTATION_CONTEXT('2D SPACE',''
  ) );
#4118 = FACE_BOUND('',#4119,.F.);
#4119 = EDGE_LOOP('',(#4120));
#4120 = ORIENTED_EDGE('',*,*,#4121,.T.);
#4121 = EDGE_CURVE('',#4122,#4122,#4124,.T.);
#4122 = VERTEX_POINT('',#4123);
#4123 = CARTESIAN_POINT('',(-71.3,6.123233995737E-16,90.35));
#4124 = SURFACE_CURVE('',#4125,(#4176,#4230),.PCURVE_S1.);
#4125 = B_SPLINE_CURVE_WITH_KNOTS('',7,(#4126,#4127,#4128,#4129,#4130,
    #4131,#4132,#4133,#4134,#4135,#4136,#4137,#4138,#4139,#4140,#4141,
    #4142,#4143,#4144,#4145,#4146,#4147,#4148,#4149,#4150,#4151,#4152,
    #4153,#4154,#4155,#4156,#4157,#4158,#4159,#4160,#4161,#4162,#4163,
    #4164,#4165,#4166,#4167,#4168,#4169,#4170,#4171,#4172,#4173,#4174,
    #4175),.UNSPECIFIED.,.T.,.F.,(8,6,6,6,6,6,6,6,8),(0.,0.122119687962,
    0.250013903285,0.377907496157,0.49999774583,0.622117749255,
    0.750019619812,0.877925010489,1.),.UNSPECIFIED.);
#4126 = CARTESIAN_POINT('',(-71.3,7.993605777301E-15,90.35));
#4127 = CARTESIAN_POINT('',(-71.3,-0.333329369739,90.35));
#4128 = CARTESIAN_POINT('',(-71.29818195381,-0.657369322144,
    90.298149937379));
#4129 = CARTESIAN_POINT('',(-71.29472828568,-0.962721932452,
    90.199647811628));
#4130 = CARTESIAN_POINT('',(-71.29012086119,-1.241658334851,
    90.061488545567));
#4131 = CARTESIAN_POINT('',(-71.28500840237,-1.488407571916,
    89.892354155297));
#4132 = CARTESIAN_POINT('',(-71.27995430148,-1.699695613775,
    89.702438417244));
#4133 = CARTESIAN_POINT('',(-71.27049661456,-2.05916227288,
    89.294703528009));
#4134 = CARTESIAN_POINT('',(-71.26599824165,-2.209084364724,
    89.070091014624));
#4135 = CARTESIAN_POINT('',(-71.26216420007,-2.326700095199,
    88.834922082857));
#4136 = CARTESIAN_POINT('',(-71.2591874556,-2.413643620647,
    88.592924099517));
#4137 = CARTESIAN_POINT('',(-71.25716867531,-2.471182410506,
    88.346762254359));
#4138 = CARTESIAN_POINT('',(-71.25615762865,-2.5,88.098502239743));
#4139 = CARTESIAN_POINT('',(-71.25615762865,-2.5,87.601498969698));
#4140 = CARTESIAN_POINT('',(-71.25716866413,-2.47118272052,
    87.353232107159));
#4141 = CARTESIAN_POINT('',(-71.25918754632,-2.413641044039,
    87.10706607111));
#4142 = CARTESIAN_POINT('',(-71.26216435144,-2.326695839856,
    86.865072338393));
#4143 = CARTESIAN_POINT('',(-71.26599820355,-2.209084220455,
    86.629913011335));
#4144 = CARTESIAN_POINT('',(-71.27049642958,-2.059169303475,
    86.405304446636));
#4145 = CARTESIAN_POINT('',(-71.27995338693,-1.69973037384,
    85.99760101031));
#4146 = CARTESIAN_POINT('',(-71.285007629,-1.488444632073,
    85.807668131038));
#4147 = CARTESIAN_POINT('',(-71.29012104412,-1.241663887715,
    85.638499766052));
#4148 = CARTESIAN_POINT('',(-71.29472941724,-0.962676611243,
    85.500319845254));
#4149 = CARTESIAN_POINT('',(-71.2981828406,-0.65728213848,85.40182479334
    ));
#4150 = CARTESIAN_POINT('',(-71.3,-0.333248159525,85.35));
#4151 = CARTESIAN_POINT('',(-71.3,0.333329373079,85.35));
#4152 = CARTESIAN_POINT('',(-71.2981819538,0.657369313975,
    85.401850063294));
#4153 = CARTESIAN_POINT('',(-71.29472828576,0.962721939207,
    85.500352184979));
#4154 = CARTESIAN_POINT('',(-71.29012086103,1.24165833524,
    85.638511460772));
#4155 = CARTESIAN_POINT('',(-71.2850084025,1.488407568205,
    85.807645839228));
#4156 = CARTESIAN_POINT('',(-71.27995430143,1.699695615507,
    85.99756158472));
#4157 = CARTESIAN_POINT('',(-71.27049633752,2.059172802616,
    86.405308415632));
#4158 = CARTESIAN_POINT('',(-71.2659981941,2.209083769424,
    86.629914573967));
#4159 = CARTESIAN_POINT('',(-71.26216443558,2.326693609226,
    86.865069042727));
#4160 = CARTESIAN_POINT('',(-71.2591875565,2.413640783308,
    87.107062262507));
#4161 = CARTESIAN_POINT('',(-71.25716860758,2.471184320166,
    87.353233768111));
#4162 = CARTESIAN_POINT('',(-71.25615762865,2.5,87.601505808768));
#4163 = CARTESIAN_POINT('',(-71.25615762865,2.5,88.098501030302));
#4164 = CARTESIAN_POINT('',(-71.25716866413,2.47118272052,
    88.346767892841));
#4165 = CARTESIAN_POINT('',(-71.25918754632,2.413641044039,
    88.592933928891));
#4166 = CARTESIAN_POINT('',(-71.26216435144,2.326695839856,
    88.834927661607));
#4167 = CARTESIAN_POINT('',(-71.26599820355,2.209084220455,
    89.070086988665));
#4168 = CARTESIAN_POINT('',(-71.27049642958,2.059169303475,
    89.294695553364));
#4169 = CARTESIAN_POINT('',(-71.27995238366,1.699768505846,
    89.702355737419));
#4170 = CARTESIAN_POINT('',(-71.28500703798,1.48847536071,
    89.892318623791));
#4171 = CARTESIAN_POINT('',(-71.29012165309,1.241651161312,
    90.061524484254));
#4172 = CARTESIAN_POINT('',(-71.29473075826,0.962610853186,
    90.199718157018));
#4173 = CARTESIAN_POINT('',(-71.29818368702,0.657186214444,
    90.298199403947));
#4174 = CARTESIAN_POINT('',(-71.3,0.333170351181,90.35));
#4175 = CARTESIAN_POINT('',(-71.3,7.993605777301E-15,90.35));
#4176 = PCURVE('',#2783,#4177);
#4177 = DEFINITIONAL_REPRESENTATION('',(#4178),#4229);
#4178 = B_SPLINE_CURVE_WITH_KNOTS('',7,(#4179,#4180,#4181,#4182,#4183,
    #4184,#4185,#4186,#4187,#4188,#4189,#4190,#4191,#4192,#4193,#4194,
    #4195,#4196,#4197,#4198,#4199,#4200,#4201,#4202,#4203,#4204,#4205,
    #4206,#4207,#4208,#4209,#4210,#4211,#4212,#4213,#4214,#4215,#4216,
    #4217,#4218,#4219,#4220,#4221,#4222,#4223,#4224,#4225,#4226,#4227,
    #4228),.UNSPECIFIED.,.T.,.F.,(8,6,6,6,6,6,6,6,8),(0.,0.122119687962,
    0.250013903285,0.377907496157,0.49999774583,0.622117749255,
    0.750019619812,0.877925010489,1.),.UNSPECIFIED.);
#4179 = CARTESIAN_POINT('',(3.14159265359,20.35));
#4180 = CARTESIAN_POINT('',(3.146267679813,20.35));
#4181 = CARTESIAN_POINT('',(3.150812419867,20.298149937379));
#4182 = CARTESIAN_POINT('',(3.155095230993,20.199647811628));
#4183 = CARTESIAN_POINT('',(3.159007844573,20.061488545568));
#4184 = CARTESIAN_POINT('',(3.162469277125,19.892354155297));
#4185 = CARTESIAN_POINT('',(3.165433482833,19.702438417244));
#4186 = CARTESIAN_POINT('',(3.170476835639,19.294703528009));
#4187 = CARTESIAN_POINT('',(3.172580461748,19.070091014624));
#4188 = CARTESIAN_POINT('',(3.174230922892,18.834922082857));
#4189 = CARTESIAN_POINT('',(3.175451041039,18.592924099517));
#4190 = CARTESIAN_POINT('',(3.176258533302,18.346762254359));
#4191 = CARTESIAN_POINT('',(3.176662955732,18.098502239743));
#4192 = CARTESIAN_POINT('',(3.176662955732,17.601498969698));
#4193 = CARTESIAN_POINT('',(3.176258537654,17.353232107159));
#4194 = CARTESIAN_POINT('',(3.175451004877,17.10706607111));
#4195 = CARTESIAN_POINT('',(3.174230863176,16.865072338393));
#4196 = CARTESIAN_POINT('',(3.17258045974,16.629913011335));
#4197 = CARTESIAN_POINT('',(3.170476934279,16.405304446636));
#4198 = CARTESIAN_POINT('',(3.165433970521,15.99760101031));
#4199 = CARTESIAN_POINT('',(3.162469797013,15.807668131038));
#4200 = CARTESIAN_POINT('',(3.159007922355,15.638499766052));
#4201 = CARTESIAN_POINT('',(3.155094595223,15.500319845254));
#4202 = CARTESIAN_POINT('',(3.150811197095,15.40182479334));
#4203 = CARTESIAN_POINT('',(3.14626654082,15.35));
#4204 = CARTESIAN_POINT('',(3.136917627319,15.35));
#4205 = CARTESIAN_POINT('',(3.132372887427,15.401850063294));
#4206 = CARTESIAN_POINT('',(3.128090076092,15.500352184979));
#4207 = CARTESIAN_POINT('',(3.124177462601,15.638511460772));
#4208 = CARTESIAN_POINT('',(3.120716030107,15.807645839228));
#4209 = CARTESIAN_POINT('',(3.117751824322,15.99756158472));
#4210 = CARTESIAN_POINT('',(3.112708323808,16.405308415632));
#4211 = CARTESIAN_POINT('',(3.11060485376,16.629914573966));
#4212 = CARTESIAN_POINT('',(3.108954475309,16.865069042727));
#4213 = CARTESIAN_POINT('',(3.107734305963,17.107062262506));
#4214 = CARTESIAN_POINT('',(3.106926747076,17.353233768111));
#4215 = CARTESIAN_POINT('',(3.106522351447,17.601505808768));
#4216 = CARTESIAN_POINT('',(3.106522351447,18.098501030302));
#4217 = CARTESIAN_POINT('',(3.106926769526,18.346767892841));
#4218 = CARTESIAN_POINT('',(3.107734302303,18.59293392889));
#4219 = CARTESIAN_POINT('',(3.108954444004,18.834927661607));
#4220 = CARTESIAN_POINT('',(3.11060484744,19.070086988665));
#4221 = CARTESIAN_POINT('',(3.112708372901,19.294695553364));
#4222 = CARTESIAN_POINT('',(3.117750801663,19.702355737419));
#4223 = CARTESIAN_POINT('',(3.12071507912,19.892318623791));
#4224 = CARTESIAN_POINT('',(3.124177563467,20.061524484253));
#4225 = CARTESIAN_POINT('',(3.128091634361,20.199718157018));
#4226 = CARTESIAN_POINT('',(3.132375455439,20.298199403946));
#4227 = CARTESIAN_POINT('',(3.136919857641,20.35));
#4228 = CARTESIAN_POINT('',(3.14159265359,20.35));
#4229 = ( GEOMETRIC_REPRESENTATION_CONTEXT(2) 
PARAMETRIC_REPRESENTATION_CONTEXT() REPRESENTATION_CONTEXT('2D SPACE',''
  ) );
#4230 = PCURVE('',#4231,#4236);
#4231 = CYLINDRICAL_SURFACE('',#4232,2.5);
#4232 = AXIS2_PLACEMENT_3D('',#4233,#4234,#4235);
#4233 = CARTESIAN_POINT('',(-151.5,0.,87.85));
#4234 = DIRECTION('',(1.,0.,0.));
#4235 = DIRECTION('',(-0.,0.,1.));
#4236 = DEFINITIONAL_REPRESENTATION('',(#4237),#4288);
#4237 = B_SPLINE_CURVE_WITH_KNOTS('',7,(#4238,#4239,#4240,#4241,#4242,
    #4243,#4244,#4245,#4246,#4247,#4248,#4249,#4250,#4251,#4252,#4253,
    #4254,#4255,#4256,#4257,#4258,#4259,#4260,#4261,#4262,#4263,#4264,
    #4265,#4266,#4267,#4268,#4269,#4270,#4271,#4272,#4273,#4274,#4275,
    #4276,#4277,#4278,#4279,#4280,#4281,#4282,#4283,#4284,#4285,#4286,
    #4287),.UNSPECIFIED.,.F.,.F.,(8,6,6,6,6,6,6,6,8),(0.,0.122119687962,
    0.250013903285,0.377907496157,0.49999774583,0.622117749255,
    0.750019619812,0.877925010489,1.),.UNSPECIFIED.);
#4238 = CARTESIAN_POINT('',(-2.6645352591E-15,80.2));
#4239 = CARTESIAN_POINT('',(0.133331747896,80.2));
#4240 = CARTESIAN_POINT('',(0.262947634485,80.201818046185));
#4241 = CARTESIAN_POINT('',(0.388960453706,80.205271714317));
#4242 = CARTESIAN_POINT('',(0.511178602646,80.209879138809));
#4243 = CARTESIAN_POINT('',(0.629153598513,80.214991597624));
#4244 = CARTESIAN_POINT('',(0.742027742167,80.220045698518));
#4245 = CARTESIAN_POINT('',(0.959454150465,80.229503385437));
#4246 = CARTESIAN_POINT('',(1.066506120025,80.234001758349));
#4247 = CARTESIAN_POINT('',(1.170425967044,80.237835799926));
#4248 = CARTESIAN_POINT('',(1.272021855569,80.240812544392));
#4249 = CARTESIAN_POINT('',(1.372091609695,80.242831324681));
#4250 = CARTESIAN_POINT('',(1.471395430898,80.243842371343));
#4251 = CARTESIAN_POINT('',(1.670196738916,80.243842371343));
#4252 = CARTESIAN_POINT('',(1.769503286853,80.242831335865));
#4253 = CARTESIAN_POINT('',(1.869574738501,80.240812453675));
#4254 = CARTESIAN_POINT('',(1.971169244931,80.237835648557));
#4255 = CARTESIAN_POINT('',(2.075085360417,80.234001796449));
#4256 = CARTESIAN_POINT('',(2.182134250611,80.229503570414));
#4257 = CARTESIAN_POINT('',(2.399543886507,80.220046613067));
#4258 = CARTESIAN_POINT('',(2.512422568671,80.214992370999));
#4259 = CARTESIAN_POINT('',(2.630414905477,80.209878955874));
#4260 = CARTESIAN_POINT('',(2.752653119891,80.205270582751));
#4261 = CARTESIAN_POINT('',(2.878679900231,80.201817159395));
#4262 = CARTESIAN_POINT('',(3.00829338978,80.2));
#4263 = CARTESIAN_POINT('',(3.274924402821,80.2));
#4264 = CARTESIAN_POINT('',(3.404540284958,80.201818046198));
#4265 = CARTESIAN_POINT('',(3.530553109384,80.205271714239));
#4266 = CARTESIAN_POINT('',(3.652771257467,80.209879138961));
#4267 = CARTESIAN_POINT('',(3.770746249681,80.214991597493));
#4268 = CARTESIAN_POINT('',(3.883620396804,80.220045698564));
#4269 = CARTESIAN_POINT('',(4.101053173053,80.229503662477));
#4270 = CARTESIAN_POINT('',(4.208100298835,80.234001805897));
#4271 = CARTESIAN_POINT('',(4.312014600456,80.237835564417));
#4272 = CARTESIAN_POINT('',(4.413609164578,80.2408124435));
#4273 = CARTESIAN_POINT('',(4.51368269162,80.242831392418));
#4274 = CARTESIAN_POINT('',(4.612991303892,80.243842371343));
#4275 = CARTESIAN_POINT('',(4.811789392505,80.243842371343));
#4276 = CARTESIAN_POINT('',(4.911095940443,80.242831335865));
#4277 = CARTESIAN_POINT('',(5.011167392092,80.240812453675));
#4278 = CARTESIAN_POINT('',(5.112761898521,80.237835648557));
#4279 = CARTESIAN_POINT('',(5.216678014007,80.234001796449));
#4280 = CARTESIAN_POINT('',(5.323726904201,80.229503570414));
#4281 = CARTESIAN_POINT('',(5.541113475635,80.220047616333));
#4282 = CARTESIAN_POINT('',(5.654003129997,80.214992962014));
#4283 = CARTESIAN_POINT('',(5.772016881858,80.209878346902));
#4284 = CARTESIAN_POINT('',(5.894274755632,80.205269241733));
#4285 = CARTESIAN_POINT('',(6.020310929166,80.201816312971));
#4286 = CARTESIAN_POINT('',(6.149917166707,80.2));
#4287 = CARTESIAN_POINT('',(6.28318530718,80.2));
#4288 = ( GEOMETRIC_REPRESENTATION_CONTEXT(2) 
PARAMETRIC_REPRESENTATION_CONTEXT() REPRESENTATION_CONTEXT('2D SPACE',''
  ) );
#4289 = FACE_BOUND('',#4290,.F.);
#4290 = EDGE_LOOP('',(#4291));
#4291 = ORIENTED_EDGE('',*,*,#4292,.T.);
#4292 = EDGE_CURVE('',#4293,#4293,#4295,.T.);
#4293 = VERTEX_POINT('',#4294);
#4294 = CARTESIAN_POINT('',(-71.3,6.123233995737E-16,102.85));
#4295 = SURFACE_CURVE('',#4296,(#4347,#4401),.PCURVE_S1.);
#4296 = B_SPLINE_CURVE_WITH_KNOTS('',7,(#4297,#4298,#4299,#4300,#4301,
    #4302,#4303,#4304,#4305,#4306,#4307,#4308,#4309,#4310,#4311,#4312,
    #4313,#4314,#4315,#4316,#4317,#4318,#4319,#4320,#4321,#4322,#4323,
    #4324,#4325,#4326,#4327,#4328,#4329,#4330,#4331,#4332,#4333,#4334,
    #4335,#4336,#4337,#4338,#4339,#4340,#4341,#4342,#4343,#4344,#4345,
    #4346),.UNSPECIFIED.,.T.,.F.,(8,6,6,6,6,6,6,6,8),(0.,0.122119687031,
    0.250013902639,0.377907495796,0.499997745741,0.622117749441,
    0.750019620281,0.877925011244,1.),.UNSPECIFIED.);
#4297 = CARTESIAN_POINT('',(-71.3,7.993605777301E-15,102.85));
#4298 = CARTESIAN_POINT('',(-71.3,-0.333329373079,102.85));
#4299 = CARTESIAN_POINT('',(-71.2981819538,-0.657369313975,
    102.7981499367));
#4300 = CARTESIAN_POINT('',(-71.29472828576,-0.962721939206,
    102.69964781502));
#4301 = CARTESIAN_POINT('',(-71.29012086103,-1.241658335241,
    102.56148853922));
#4302 = CARTESIAN_POINT('',(-71.2850084025,-1.488407568204,
    102.39235416077));
#4303 = CARTESIAN_POINT('',(-71.27995430143,-1.699695615506,
    102.20243841528));
#4304 = CARTESIAN_POINT('',(-71.27049661456,-2.05916227288,101.794703528
    ));
#4305 = CARTESIAN_POINT('',(-71.26599824165,-2.209084364724,
    101.57009101462));
#4306 = CARTESIAN_POINT('',(-71.26216420007,-2.326700095199,
    101.33492208285));
#4307 = CARTESIAN_POINT('',(-71.2591874556,-2.413643620647,
    101.09292409951));
#4308 = CARTESIAN_POINT('',(-71.25716867531,-2.471182410506,
    100.84676225435));
#4309 = CARTESIAN_POINT('',(-71.25615762865,-2.5,100.59850223974));
#4310 = CARTESIAN_POINT('',(-71.25615762865,-2.5,100.10149896969));
#4311 = CARTESIAN_POINT('',(-71.25716866413,-2.47118272052,
    99.853232107159));
#4312 = CARTESIAN_POINT('',(-71.25918754632,-2.413641044039,
    99.60706607111));
#4313 = CARTESIAN_POINT('',(-71.26216435144,-2.326695839856,
    99.365072338393));
#4314 = CARTESIAN_POINT('',(-71.26599820355,-2.209084220455,
    99.129913011335));
#4315 = CARTESIAN_POINT('',(-71.27049642958,-2.059169303475,
    98.905304446636));
#4316 = CARTESIAN_POINT('',(-71.27995338693,-1.69973037384,
    98.49760101031));
#4317 = CARTESIAN_POINT('',(-71.285007629,-1.488444632073,
    98.307668131038));
#4318 = CARTESIAN_POINT('',(-71.29012104412,-1.241663887715,
    98.138499766052));
#4319 = CARTESIAN_POINT('',(-71.29472941724,-0.962676611243,
    98.000319845255));
#4320 = CARTESIAN_POINT('',(-71.2981828406,-0.65728213848,97.90182479334
    ));
#4321 = CARTESIAN_POINT('',(-71.3,-0.333248159525,97.85));
#4322 = CARTESIAN_POINT('',(-71.3,0.333329373086,97.85));
#4323 = CARTESIAN_POINT('',(-71.2981819538,0.657369313968,
    97.901850063296));
#4324 = CARTESIAN_POINT('',(-71.29472828576,0.962721939201,
    98.000352184974));
#4325 = CARTESIAN_POINT('',(-71.29012086103,1.241658335246,
    98.138511460772));
#4326 = CARTESIAN_POINT('',(-71.2850084025,1.488407568209,
    98.307645839235));
#4327 = CARTESIAN_POINT('',(-71.27995430143,1.699695615502,
    98.497561584714));
#4328 = CARTESIAN_POINT('',(-71.27049633752,2.059172802616,
    98.905308415632));
#4329 = CARTESIAN_POINT('',(-71.2659981941,2.209083769424,
    99.129914573967));
#4330 = CARTESIAN_POINT('',(-71.26216443558,2.326693609226,
    99.365069042727));
#4331 = CARTESIAN_POINT('',(-71.2591875565,2.413640783308,
    99.607062262507));
#4332 = CARTESIAN_POINT('',(-71.25716860758,2.471184320166,
    99.853233768111));
#4333 = CARTESIAN_POINT('',(-71.25615762865,2.5,100.10150580876));
#4334 = CARTESIAN_POINT('',(-71.25615762865,2.5,100.5985010303));
#4335 = CARTESIAN_POINT('',(-71.25716866413,2.47118272052,
    100.84676789284));
#4336 = CARTESIAN_POINT('',(-71.25918754632,2.413641044039,
    101.09293392889));
#4337 = CARTESIAN_POINT('',(-71.26216435144,2.326695839856,
    101.3349276616));
#4338 = CARTESIAN_POINT('',(-71.26599820355,2.209084220455,
    101.57008698866));
#4339 = CARTESIAN_POINT('',(-71.27049642958,2.059169303475,
    101.79469555336));
#4340 = CARTESIAN_POINT('',(-71.27995238362,1.699768507322,
    102.20235573574));
#4341 = CARTESIAN_POINT('',(-71.2850070381,1.488475357525,102.3923186285
    ));
#4342 = CARTESIAN_POINT('',(-71.29012165296,1.241651161643,
    102.56152447873));
#4343 = CARTESIAN_POINT('',(-71.29473075833,0.962610859091,
    102.69971816001));
#4344 = CARTESIAN_POINT('',(-71.29818368701,0.657186207212,
    102.79819940332));
#4345 = CARTESIAN_POINT('',(-71.3,0.33317035423,102.85));
#4346 = CARTESIAN_POINT('',(-71.3,7.993605777301E-15,102.85));
#4347 = PCURVE('',#2783,#4348);
#4348 = DEFINITIONAL_REPRESENTATION('',(#4349),#4400);
#4349 = B_SPLINE_CURVE_WITH_KNOTS('',7,(#4350,#4351,#4352,#4353,#4354,
    #4355,#4356,#4357,#4358,#4359,#4360,#4361,#4362,#4363,#4364,#4365,
    #4366,#4367,#4368,#4369,#4370,#4371,#4372,#4373,#4374,#4375,#4376,
    #4377,#4378,#4379,#4380,#4381,#4382,#4383,#4384,#4385,#4386,#4387,
    #4388,#4389,#4390,#4391,#4392,#4393,#4394,#4395,#4396,#4397,#4398,
    #4399),.UNSPECIFIED.,.T.,.F.,(8,6,6,6,6,6,6,6,8),(0.,0.122119687031,
    0.250013902639,0.377907495796,0.499997745741,0.622117749441,
    0.750019620281,0.877925011244,1.),.UNSPECIFIED.);
#4350 = CARTESIAN_POINT('',(3.14159265359,32.85));
#4351 = CARTESIAN_POINT('',(3.14626767986,32.85));
#4352 = CARTESIAN_POINT('',(3.150812419753,32.798149936706));
#4353 = CARTESIAN_POINT('',(3.155095231088,32.699647815021));
#4354 = CARTESIAN_POINT('',(3.159007844578,32.561488539228));
#4355 = CARTESIAN_POINT('',(3.162469277073,32.392354160772));
#4356 = CARTESIAN_POINT('',(3.165433482858,32.20243841528));
#4357 = CARTESIAN_POINT('',(3.170476835639,31.794703528009));
#4358 = CARTESIAN_POINT('',(3.172580461748,31.570091014624));
#4359 = CARTESIAN_POINT('',(3.174230922892,31.334922082857));
#4360 = CARTESIAN_POINT('',(3.175451041039,31.092924099517));
#4361 = CARTESIAN_POINT('',(3.176258533302,30.846762254359));
#4362 = CARTESIAN_POINT('',(3.176662955732,30.598502239743));
#4363 = CARTESIAN_POINT('',(3.176662955732,30.101498969698));
#4364 = CARTESIAN_POINT('',(3.176258537654,29.853232107159));
#4365 = CARTESIAN_POINT('',(3.175451004877,29.60706607111));
#4366 = CARTESIAN_POINT('',(3.174230863176,29.365072338393));
#4367 = CARTESIAN_POINT('',(3.17258045974,29.129913011335));
#4368 = CARTESIAN_POINT('',(3.170476934279,28.905304446636));
#4369 = CARTESIAN_POINT('',(3.165433970521,28.49760101031));
#4370 = CARTESIAN_POINT('',(3.162469797013,28.307668131038));
#4371 = CARTESIAN_POINT('',(3.159007922355,28.138499766052));
#4372 = CARTESIAN_POINT('',(3.155094595223,28.000319845254));
#4373 = CARTESIAN_POINT('',(3.150811197095,27.90182479334));
#4374 = CARTESIAN_POINT('',(3.14626654082,27.85));
#4375 = CARTESIAN_POINT('',(3.136917627319,27.85));
#4376 = CARTESIAN_POINT('',(3.132372887427,27.901850063296));
#4377 = CARTESIAN_POINT('',(3.128090076092,28.000352184974));
#4378 = CARTESIAN_POINT('',(3.124177462601,28.138511460772));
#4379 = CARTESIAN_POINT('',(3.120716030107,28.307645839235));
#4380 = CARTESIAN_POINT('',(3.117751824322,28.497561584714));
#4381 = CARTESIAN_POINT('',(3.112708323808,28.905308415632));
#4382 = CARTESIAN_POINT('',(3.11060485376,29.129914573966));
#4383 = CARTESIAN_POINT('',(3.108954475309,29.365069042727));
#4384 = CARTESIAN_POINT('',(3.107734305963,29.607062262506));
#4385 = CARTESIAN_POINT('',(3.106926747076,29.853233768111));
#4386 = CARTESIAN_POINT('',(3.106522351447,30.101505808768));
#4387 = CARTESIAN_POINT('',(3.106522351447,30.598501030302));
#4388 = CARTESIAN_POINT('',(3.106926769526,30.846767892841));
#4389 = CARTESIAN_POINT('',(3.107734302303,31.09293392889));
#4390 = CARTESIAN_POINT('',(3.108954444004,31.334927661608));
#4391 = CARTESIAN_POINT('',(3.11060484744,31.570086988665));
#4392 = CARTESIAN_POINT('',(3.112708372901,31.794695553364));
#4393 = CARTESIAN_POINT('',(3.117750801642,32.202355735746));
#4394 = CARTESIAN_POINT('',(3.120715079165,32.392318628502));
#4395 = CARTESIAN_POINT('',(3.124177563463,32.561524478739));
#4396 = CARTESIAN_POINT('',(3.128091634278,32.699718160018));
#4397 = CARTESIAN_POINT('',(3.13237545554,32.798199403327));
#4398 = CARTESIAN_POINT('',(3.136919857598,32.85));
#4399 = CARTESIAN_POINT('',(3.14159265359,32.85));
#4400 = ( GEOMETRIC_REPRESENTATION_CONTEXT(2) 
PARAMETRIC_REPRESENTATION_CONTEXT() REPRESENTATION_CONTEXT('2D SPACE',''
  ) );
#4401 = PCURVE('',#4402,#4407);
#4402 = CYLINDRICAL_SURFACE('',#4403,2.5);
#4403 = AXIS2_PLACEMENT_3D('',#4404,#4405,#4406);
#4404 = CARTESIAN_POINT('',(-89.7,0.,100.35));
#4405 = DIRECTION('',(1.,0.,0.));
#4406 = DIRECTION('',(-0.,0.,1.));
#4407 = DEFINITIONAL_REPRESENTATION('',(#4408),#4459);
#4408 = B_SPLINE_CURVE_WITH_KNOTS('',7,(#4409,#4410,#4411,#4412,#4413,
    #4414,#4415,#4416,#4417,#4418,#4419,#4420,#4421,#4422,#4423,#4424,
    #4425,#4426,#4427,#4428,#4429,#4430,#4431,#4432,#4433,#4434,#4435,
    #4436,#4437,#4438,#4439,#4440,#4441,#4442,#4443,#4444,#4445,#4446,
    #4447,#4448,#4449,#4450,#4451,#4452,#4453,#4454,#4455,#4456,#4457,
    #4458),.UNSPECIFIED.,.F.,.F.,(8,6,6,6,6,6,6,6,8),(0.,0.122119687031,
    0.250013902639,0.377907495796,0.499997745741,0.622117749441,
    0.750019620281,0.877925011244,1.),.UNSPECIFIED.);
#4409 = CARTESIAN_POINT('',(-2.6645352591E-15,18.4));
#4410 = CARTESIAN_POINT('',(0.133331749232,18.4));
#4411 = CARTESIAN_POINT('',(0.262947631368,18.401818046198));
#4412 = CARTESIAN_POINT('',(0.388960455793,18.405271714239));
#4413 = CARTESIAN_POINT('',(0.511178603878,18.409879138962));
#4414 = CARTESIAN_POINT('',(0.629153596091,18.414991597493));
#4415 = CARTESIAN_POINT('',(0.742027743214,18.420045698564));
#4416 = CARTESIAN_POINT('',(0.959454150465,18.429503385437));
#4417 = CARTESIAN_POINT('',(1.066506120025,18.434001758349));
#4418 = CARTESIAN_POINT('',(1.170425967044,18.437835799926));
#4419 = CARTESIAN_POINT('',(1.272021855569,18.440812544392));
#4420 = CARTESIAN_POINT('',(1.372091609695,18.442831324681));
#4421 = CARTESIAN_POINT('',(1.471395430898,18.443842371343));
#4422 = CARTESIAN_POINT('',(1.670196738916,18.443842371343));
#4423 = CARTESIAN_POINT('',(1.769503286853,18.442831335865));
#4424 = CARTESIAN_POINT('',(1.869574738501,18.440812453675));
#4425 = CARTESIAN_POINT('',(1.971169244931,18.437835648557));
#4426 = CARTESIAN_POINT('',(2.075085360417,18.434001796449));
#4427 = CARTESIAN_POINT('',(2.182134250611,18.429503570414));
#4428 = CARTESIAN_POINT('',(2.399543886507,18.420046613067));
#4429 = CARTESIAN_POINT('',(2.512422568671,18.414992370999));
#4430 = CARTESIAN_POINT('',(2.630414905477,18.409878955874));
#4431 = CARTESIAN_POINT('',(2.752653119891,18.405270582751));
#4432 = CARTESIAN_POINT('',(2.878679900231,18.401817159395));
#4433 = CARTESIAN_POINT('',(3.00829338978,18.4));
#4434 = CARTESIAN_POINT('',(3.274924402824,18.4));
#4435 = CARTESIAN_POINT('',(3.404540284955,18.401818046198));
#4436 = CARTESIAN_POINT('',(3.530553109381,18.405271714239));
#4437 = CARTESIAN_POINT('',(3.652771257469,18.409879138962));
#4438 = CARTESIAN_POINT('',(3.770746249684,18.414991597493));
#4439 = CARTESIAN_POINT('',(3.883620396801,18.420045698564));
#4440 = CARTESIAN_POINT('',(4.101053173053,18.429503662477));
#4441 = CARTESIAN_POINT('',(4.208100298835,18.434001805897));
#4442 = CARTESIAN_POINT('',(4.312014600456,18.437835564417));
#4443 = CARTESIAN_POINT('',(4.413609164578,18.4408124435));
#4444 = CARTESIAN_POINT('',(4.51368269162,18.442831392418));
#4445 = CARTESIAN_POINT('',(4.612991303892,18.443842371343));
#4446 = CARTESIAN_POINT('',(4.811789392506,18.443842371343));
#4447 = CARTESIAN_POINT('',(4.911095940443,18.442831335865));
#4448 = CARTESIAN_POINT('',(5.011167392091,18.440812453675));
#4449 = CARTESIAN_POINT('',(5.112761898521,18.437835648557));
#4450 = CARTESIAN_POINT('',(5.216678014007,18.434001796449));
#4451 = CARTESIAN_POINT('',(5.323726904201,18.429503570414));
#4452 = CARTESIAN_POINT('',(5.541113474743,18.420047616372));
#4453 = CARTESIAN_POINT('',(5.654003132074,18.4149929619));
#4454 = CARTESIAN_POINT('',(5.772016880799,18.409878347036));
#4455 = CARTESIAN_POINT('',(5.894274753801,18.405269241663));
#4456 = CARTESIAN_POINT('',(6.020310931928,18.401816312984));
#4457 = CARTESIAN_POINT('',(6.149917165488,18.4));
#4458 = CARTESIAN_POINT('',(6.28318530718,18.4));
#4459 = ( GEOMETRIC_REPRESENTATION_CONTEXT(2) 
PARAMETRIC_REPRESENTATION_CONTEXT() REPRESENTATION_CONTEXT('2D SPACE',''
  ) );
#4460 = ADVANCED_FACE('',(#4461),#4402,.F.);
#4461 = FACE_BOUND('',#4462,.F.);
#4462 = EDGE_LOOP('',(#4463,#4464,#4487,#4516,#4542,#4571,#4592,#4614));
#4463 = ORIENTED_EDGE('',*,*,#4292,.F.);
#4464 = ORIENTED_EDGE('',*,*,#4465,.F.);
#4465 = EDGE_CURVE('',#4466,#4293,#4468,.T.);
#4466 = VERTEX_POINT('',#4467);
#4467 = CARTESIAN_POINT('',(-89.2,6.123233995737E-16,102.85));
#4468 = SEAM_CURVE('',#4469,(#4473,#4480),.PCURVE_S1.);
#4469 = LINE('',#4470,#4471);
#4470 = CARTESIAN_POINT('',(-89.7,6.123233995737E-16,102.85));
#4471 = VECTOR('',#4472,1.);
#4472 = DIRECTION('',(1.,0.,0.));
#4473 = PCURVE('',#4402,#4474);
#4474 = DEFINITIONAL_REPRESENTATION('',(#4475),#4479);
#4475 = LINE('',#4476,#4477);
#4476 = CARTESIAN_POINT('',(6.28318530718,-0.));
#4477 = VECTOR('',#4478,1.);
#4478 = DIRECTION('',(0.,1.));
#4479 = ( GEOMETRIC_REPRESENTATION_CONTEXT(2) 
PARAMETRIC_REPRESENTATION_CONTEXT() REPRESENTATION_CONTEXT('2D SPACE',''
  ) );
#4480 = PCURVE('',#4402,#4481);
#4481 = DEFINITIONAL_REPRESENTATION('',(#4482),#4486);
#4482 = LINE('',#4483,#4484);
#4483 = CARTESIAN_POINT('',(0.,-0.));
#4484 = VECTOR('',#4485,1.);
#4485 = DIRECTION('',(0.,1.));
#4486 = ( GEOMETRIC_REPRESENTATION_CONTEXT(2) 
PARAMETRIC_REPRESENTATION_CONTEXT() REPRESENTATION_CONTEXT('2D SPACE',''
  ) );
#4487 = ORIENTED_EDGE('',*,*,#4488,.T.);
#4488 = EDGE_CURVE('',#4466,#4489,#4491,.T.);
#4489 = VERTEX_POINT('',#4490);
#4490 = CARTESIAN_POINT('',(-89.2,-0.888345571644,98.013155515371));
#4491 = SURFACE_CURVE('',#4492,(#4497,#4504),.PCURVE_S1.);
#4492 = CIRCLE('',#4493,2.5);
#4493 = AXIS2_PLACEMENT_3D('',#4494,#4495,#4496);
#4494 = CARTESIAN_POINT('',(-89.2,0.,100.35));
#4495 = DIRECTION('',(1.,0.,0.));
#4496 = DIRECTION('',(-0.,0.,1.));
#4497 = PCURVE('',#4402,#4498);
#4498 = DEFINITIONAL_REPRESENTATION('',(#4499),#4503);
#4499 = LINE('',#4500,#4501);
#4500 = CARTESIAN_POINT('',(0.,0.5));
#4501 = VECTOR('',#4502,1.);
#4502 = DIRECTION('',(1.,0.));
#4503 = ( GEOMETRIC_REPRESENTATION_CONTEXT(2) 
PARAMETRIC_REPRESENTATION_CONTEXT() REPRESENTATION_CONTEXT('2D SPACE',''
  ) );
#4504 = PCURVE('',#4505,#4510);
#4505 = PLANE('',#4506);
#4506 = AXIS2_PLACEMENT_3D('',#4507,#4508,#4509);
#4507 = CARTESIAN_POINT('',(-89.2,0.,128.));
#4508 = DIRECTION('',(1.,0.,0.));
#4509 = DIRECTION('',(-0.,0.,1.));
#4510 = DEFINITIONAL_REPRESENTATION('',(#4511),#4515);
#4511 = CIRCLE('',#4512,2.5);
#4512 = AXIS2_PLACEMENT_2D('',#4513,#4514);
#4513 = CARTESIAN_POINT('',(-27.65,0.));
#4514 = DIRECTION('',(1.,0.));
#4515 = ( GEOMETRIC_REPRESENTATION_CONTEXT(2) 
PARAMETRIC_REPRESENTATION_CONTEXT() REPRESENTATION_CONTEXT('2D SPACE',''
  ) );
#4516 = ORIENTED_EDGE('',*,*,#4517,.F.);
#4517 = EDGE_CURVE('',#4518,#4489,#4520,.T.);
#4518 = VERTEX_POINT('',#4519);
#4519 = CARTESIAN_POINT('',(-89.7,-0.888345571643,98.013155515371));
#4520 = SURFACE_CURVE('',#4521,(#4525,#4531),.PCURVE_S1.);
#4521 = LINE('',#4522,#4523);
#4522 = CARTESIAN_POINT('',(-155.1,-0.888345571643,98.013155515371));
#4523 = VECTOR('',#4524,1.);
#4524 = DIRECTION('',(1.,0.,0.));
#4525 = PCURVE('',#4402,#4526);
#4526 = DEFINITIONAL_REPRESENTATION('',(#4527),#4530);
#4527 = B_SPLINE_CURVE_WITH_KNOTS('',1,(#4528,#4529),.UNSPECIFIED.,.F.,
  .F.,(2,2),(65.3999994,65.9000006),.PIECEWISE_BEZIER_KNOTS.);
#4528 = CARTESIAN_POINT('',(2.778316767841,-6.000000070117E-07));
#4529 = CARTESIAN_POINT('',(2.778316767841,0.5000006));
#4530 = ( GEOMETRIC_REPRESENTATION_CONTEXT(2) 
PARAMETRIC_REPRESENTATION_CONTEXT() REPRESENTATION_CONTEXT('2D SPACE',''
  ) );
#4531 = PCURVE('',#4532,#4537);
#4532 = CYLINDRICAL_SURFACE('',#4533,30.);
#4533 = AXIS2_PLACEMENT_3D('',#4534,#4535,#4536);
#4534 = CARTESIAN_POINT('',(-155.1,0.,128.));
#4535 = DIRECTION('',(1.,0.,0.));
#4536 = DIRECTION('',(-0.,0.,1.));
#4537 = DEFINITIONAL_REPRESENTATION('',(#4538),#4541);
#4538 = B_SPLINE_CURVE_WITH_KNOTS('',1,(#4539,#4540),.UNSPECIFIED.,.F.,
  .F.,(2,2),(65.3999994,65.9000006),.PIECEWISE_BEZIER_KNOTS.);
#4539 = CARTESIAN_POINT('',(3.111976805389,65.3999994));
#4540 = CARTESIAN_POINT('',(3.111976805389,65.9000006));
#4541 = ( GEOMETRIC_REPRESENTATION_CONTEXT(2) 
PARAMETRIC_REPRESENTATION_CONTEXT() REPRESENTATION_CONTEXT('2D SPACE',''
  ) );
#4542 = ORIENTED_EDGE('',*,*,#4543,.T.);
#4543 = EDGE_CURVE('',#4518,#4544,#4546,.T.);
#4544 = VERTEX_POINT('',#4545);
#4545 = CARTESIAN_POINT('',(-89.7,0.888345571643,98.013155515371));
#4546 = SURFACE_CURVE('',#4547,(#4552,#4559),.PCURVE_S1.);
#4547 = CIRCLE('',#4548,2.5);
#4548 = AXIS2_PLACEMENT_3D('',#4549,#4550,#4551);
#4549 = CARTESIAN_POINT('',(-89.7,0.,100.35));
#4550 = DIRECTION('',(1.,0.,0.));
#4551 = DIRECTION('',(-0.,0.,1.));
#4552 = PCURVE('',#4402,#4553);
#4553 = DEFINITIONAL_REPRESENTATION('',(#4554),#4558);
#4554 = LINE('',#4555,#4556);
#4555 = CARTESIAN_POINT('',(0.,0.));
#4556 = VECTOR('',#4557,1.);
#4557 = DIRECTION('',(1.,0.));
#4558 = ( GEOMETRIC_REPRESENTATION_CONTEXT(2) 
PARAMETRIC_REPRESENTATION_CONTEXT() REPRESENTATION_CONTEXT('2D SPACE',''
  ) );
#4559 = PCURVE('',#4560,#4565);
#4560 = PLANE('',#4561);
#4561 = AXIS2_PLACEMENT_3D('',#4562,#4563,#4564);
#4562 = CARTESIAN_POINT('',(-89.7,0.,100.35));
#4563 = DIRECTION('',(1.,0.,0.));
#4564 = DIRECTION('',(-0.,0.,1.));
#4565 = DEFINITIONAL_REPRESENTATION('',(#4566),#4570);
#4566 = CIRCLE('',#4567,2.5);
#4567 = AXIS2_PLACEMENT_2D('',#4568,#4569);
#4568 = CARTESIAN_POINT('',(0.,0.));
#4569 = DIRECTION('',(1.,0.));
#4570 = ( GEOMETRIC_REPRESENTATION_CONTEXT(2) 
PARAMETRIC_REPRESENTATION_CONTEXT() REPRESENTATION_CONTEXT('2D SPACE',''
  ) );
#4571 = ORIENTED_EDGE('',*,*,#4572,.T.);
#4572 = EDGE_CURVE('',#4544,#4573,#4575,.T.);
#4573 = VERTEX_POINT('',#4574);
#4574 = CARTESIAN_POINT('',(-89.2,0.888345571644,98.013155515371));
#4575 = SURFACE_CURVE('',#4576,(#4580,#4586),.PCURVE_S1.);
#4576 = LINE('',#4577,#4578);
#4577 = CARTESIAN_POINT('',(-155.1,0.888345571643,98.013155515371));
#4578 = VECTOR('',#4579,1.);
#4579 = DIRECTION('',(1.,0.,0.));
#4580 = PCURVE('',#4402,#4581);
#4581 = DEFINITIONAL_REPRESENTATION('',(#4582),#4585);
#4582 = B_SPLINE_CURVE_WITH_KNOTS('',1,(#4583,#4584),.UNSPECIFIED.,.F.,
  .F.,(2,2),(65.3999994,65.9000006),.PIECEWISE_BEZIER_KNOTS.);
#4583 = CARTESIAN_POINT('',(3.504868539338,-6.000000070117E-07));
#4584 = CARTESIAN_POINT('',(3.504868539338,0.5000006));
#4585 = ( GEOMETRIC_REPRESENTATION_CONTEXT(2) 
PARAMETRIC_REPRESENTATION_CONTEXT() REPRESENTATION_CONTEXT('2D SPACE',''
  ) );
#4586 = PCURVE('',#4532,#4587);
#4587 = DEFINITIONAL_REPRESENTATION('',(#4588),#4591);
#4588 = B_SPLINE_CURVE_WITH_KNOTS('',1,(#4589,#4590),.UNSPECIFIED.,.F.,
  .F.,(2,2),(65.3999994,65.9000006),.PIECEWISE_BEZIER_KNOTS.);
#4589 = CARTESIAN_POINT('',(3.171208501791,65.3999994));
#4590 = CARTESIAN_POINT('',(3.171208501791,65.9000006));
#4591 = ( GEOMETRIC_REPRESENTATION_CONTEXT(2) 
PARAMETRIC_REPRESENTATION_CONTEXT() REPRESENTATION_CONTEXT('2D SPACE',''
  ) );
#4592 = ORIENTED_EDGE('',*,*,#4593,.T.);
#4593 = EDGE_CURVE('',#4573,#4466,#4594,.T.);
#4594 = SURFACE_CURVE('',#4595,(#4600,#4607),.PCURVE_S1.);
#4595 = CIRCLE('',#4596,2.5);
#4596 = AXIS2_PLACEMENT_3D('',#4597,#4598,#4599);
#4597 = CARTESIAN_POINT('',(-89.2,0.,100.35));
#4598 = DIRECTION('',(1.,0.,0.));
#4599 = DIRECTION('',(-0.,0.,1.));
#4600 = PCURVE('',#4402,#4601);
#4601 = DEFINITIONAL_REPRESENTATION('',(#4602),#4606);
#4602 = LINE('',#4603,#4604);
#4603 = CARTESIAN_POINT('',(0.,0.5));
#4604 = VECTOR('',#4605,1.);
#4605 = DIRECTION('',(1.,0.));
#4606 = ( GEOMETRIC_REPRESENTATION_CONTEXT(2) 
PARAMETRIC_REPRESENTATION_CONTEXT() REPRESENTATION_CONTEXT('2D SPACE',''
  ) );
#4607 = PCURVE('',#4505,#4608);
#4608 = DEFINITIONAL_REPRESENTATION('',(#4609),#4613);
#4609 = CIRCLE('',#4610,2.5);
#4610 = AXIS2_PLACEMENT_2D('',#4611,#4612);
#4611 = CARTESIAN_POINT('',(-27.65,0.));
#4612 = DIRECTION('',(1.,0.));
#4613 = ( GEOMETRIC_REPRESENTATION_CONTEXT(2) 
PARAMETRIC_REPRESENTATION_CONTEXT() REPRESENTATION_CONTEXT('2D SPACE',''
  ) );
#4614 = ORIENTED_EDGE('',*,*,#4465,.T.);
#4615 = ADVANCED_FACE('',(#4616),#4560,.T.);
#4616 = FACE_BOUND('',#4617,.T.);
#4617 = EDGE_LOOP('',(#4618,#4640));
#4618 = ORIENTED_EDGE('',*,*,#4619,.F.);
#4619 = EDGE_CURVE('',#4518,#4544,#4620,.T.);
#4620 = SURFACE_CURVE('',#4621,(#4626,#4633),.PCURVE_S1.);
#4621 = CIRCLE('',#4622,30.);
#4622 = AXIS2_PLACEMENT_3D('',#4623,#4624,#4625);
#4623 = CARTESIAN_POINT('',(-89.7,0.,128.));
#4624 = DIRECTION('',(1.,0.,0.));
#4625 = DIRECTION('',(-0.,0.,1.));
#4626 = PCURVE('',#4560,#4627);
#4627 = DEFINITIONAL_REPRESENTATION('',(#4628),#4632);
#4628 = CIRCLE('',#4629,30.);
#4629 = AXIS2_PLACEMENT_2D('',#4630,#4631);
#4630 = CARTESIAN_POINT('',(27.65,0.));
#4631 = DIRECTION('',(1.,0.));
#4632 = ( GEOMETRIC_REPRESENTATION_CONTEXT(2) 
PARAMETRIC_REPRESENTATION_CONTEXT() REPRESENTATION_CONTEXT('2D SPACE',''
  ) );
#4633 = PCURVE('',#4532,#4634);
#4634 = DEFINITIONAL_REPRESENTATION('',(#4635),#4639);
#4635 = LINE('',#4636,#4637);
#4636 = CARTESIAN_POINT('',(0.,65.4));
#4637 = VECTOR('',#4638,1.);
#4638 = DIRECTION('',(1.,0.));
#4639 = ( GEOMETRIC_REPRESENTATION_CONTEXT(2) 
PARAMETRIC_REPRESENTATION_CONTEXT() REPRESENTATION_CONTEXT('2D SPACE',''
  ) );
#4640 = ORIENTED_EDGE('',*,*,#4543,.T.);
#4641 = ADVANCED_FACE('',(#4642),#4532,.F.);
#4642 = FACE_BOUND('',#4643,.F.);
#4643 = EDGE_LOOP('',(#4644,#4669,#4696,#4697,#4719,#4720,#4721,#4722));
#4644 = ORIENTED_EDGE('',*,*,#4645,.F.);
#4645 = EDGE_CURVE('',#4646,#4648,#4650,.T.);
#4646 = VERTEX_POINT('',#4647);
#4647 = CARTESIAN_POINT('',(-93.2,7.347880794884E-15,158.));
#4648 = VERTEX_POINT('',#4649);
#4649 = CARTESIAN_POINT('',(-89.2,7.347880794884E-15,158.));
#4650 = SEAM_CURVE('',#4651,(#4655,#4662),.PCURVE_S1.);
#4651 = LINE('',#4652,#4653);
#4652 = CARTESIAN_POINT('',(-155.1,7.347880794884E-15,158.));
#4653 = VECTOR('',#4654,1.);
#4654 = DIRECTION('',(1.,0.,0.));
#4655 = PCURVE('',#4532,#4656);
#4656 = DEFINITIONAL_REPRESENTATION('',(#4657),#4661);
#4657 = LINE('',#4658,#4659);
#4658 = CARTESIAN_POINT('',(0.,-0.));
#4659 = VECTOR('',#4660,1.);
#4660 = DIRECTION('',(0.,1.));
#4661 = ( GEOMETRIC_REPRESENTATION_CONTEXT(2) 
PARAMETRIC_REPRESENTATION_CONTEXT() REPRESENTATION_CONTEXT('2D SPACE',''
  ) );
#4662 = PCURVE('',#4532,#4663);
#4663 = DEFINITIONAL_REPRESENTATION('',(#4664),#4668);
#4664 = LINE('',#4665,#4666);
#4665 = CARTESIAN_POINT('',(6.28318530718,-0.));
#4666 = VECTOR('',#4667,1.);
#4667 = DIRECTION('',(0.,1.));
#4668 = ( GEOMETRIC_REPRESENTATION_CONTEXT(2) 
PARAMETRIC_REPRESENTATION_CONTEXT() REPRESENTATION_CONTEXT('2D SPACE',''
  ) );
#4669 = ORIENTED_EDGE('',*,*,#4670,.T.);
#4670 = EDGE_CURVE('',#4646,#4646,#4671,.T.);
#4671 = SURFACE_CURVE('',#4672,(#4677,#4684),.PCURVE_S1.);
#4672 = CIRCLE('',#4673,30.);
#4673 = AXIS2_PLACEMENT_3D('',#4674,#4675,#4676);
#4674 = CARTESIAN_POINT('',(-93.2,0.,128.));
#4675 = DIRECTION('',(1.,0.,0.));
#4676 = DIRECTION('',(-0.,0.,1.));
#4677 = PCURVE('',#4532,#4678);
#4678 = DEFINITIONAL_REPRESENTATION('',(#4679),#4683);
#4679 = LINE('',#4680,#4681);
#4680 = CARTESIAN_POINT('',(0.,61.9));
#4681 = VECTOR('',#4682,1.);
#4682 = DIRECTION('',(1.,0.));
#4683 = ( GEOMETRIC_REPRESENTATION_CONTEXT(2) 
PARAMETRIC_REPRESENTATION_CONTEXT() REPRESENTATION_CONTEXT('2D SPACE',''
  ) );
#4684 = PCURVE('',#4685,#4690);
#4685 = CYLINDRICAL_SURFACE('',#4686,30.);
#4686 = AXIS2_PLACEMENT_3D('',#4687,#4688,#4689);
#4687 = CARTESIAN_POINT('',(-155.1,0.,128.));
#4688 = DIRECTION('',(1.,0.,0.));
#4689 = DIRECTION('',(-0.,0.,1.));
#4690 = DEFINITIONAL_REPRESENTATION('',(#4691),#4695);
#4691 = LINE('',#4692,#4693);
#4692 = CARTESIAN_POINT('',(0.,61.9));
#4693 = VECTOR('',#4694,1.);
#4694 = DIRECTION('',(1.,0.));
#4695 = ( GEOMETRIC_REPRESENTATION_CONTEXT(2) 
PARAMETRIC_REPRESENTATION_CONTEXT() REPRESENTATION_CONTEXT('2D SPACE',''
  ) );
#4696 = ORIENTED_EDGE('',*,*,#4645,.T.);
#4697 = ORIENTED_EDGE('',*,*,#4698,.F.);
#4698 = EDGE_CURVE('',#4573,#4648,#4699,.T.);
#4699 = SURFACE_CURVE('',#4700,(#4705,#4712),.PCURVE_S1.);
#4700 = CIRCLE('',#4701,30.);
#4701 = AXIS2_PLACEMENT_3D('',#4702,#4703,#4704);
#4702 = CARTESIAN_POINT('',(-89.2,0.,128.));
#4703 = DIRECTION('',(1.,0.,0.));
#4704 = DIRECTION('',(-0.,0.,1.));
#4705 = PCURVE('',#4532,#4706);
#4706 = DEFINITIONAL_REPRESENTATION('',(#4707),#4711);
#4707 = LINE('',#4708,#4709);
#4708 = CARTESIAN_POINT('',(0.,65.9));
#4709 = VECTOR('',#4710,1.);
#4710 = DIRECTION('',(1.,0.));
#4711 = ( GEOMETRIC_REPRESENTATION_CONTEXT(2) 
PARAMETRIC_REPRESENTATION_CONTEXT() REPRESENTATION_CONTEXT('2D SPACE',''
  ) );
#4712 = PCURVE('',#4505,#4713);
#4713 = DEFINITIONAL_REPRESENTATION('',(#4714),#4718);
#4714 = CIRCLE('',#4715,30.);
#4715 = AXIS2_PLACEMENT_2D('',#4716,#4717);
#4716 = CARTESIAN_POINT('',(0.,0.));
#4717 = DIRECTION('',(1.,0.));
#4718 = ( GEOMETRIC_REPRESENTATION_CONTEXT(2) 
PARAMETRIC_REPRESENTATION_CONTEXT() REPRESENTATION_CONTEXT('2D SPACE',''
  ) );
#4719 = ORIENTED_EDGE('',*,*,#4572,.F.);
#4720 = ORIENTED_EDGE('',*,*,#4619,.F.);
#4721 = ORIENTED_EDGE('',*,*,#4517,.T.);
#4722 = ORIENTED_EDGE('',*,*,#4723,.F.);
#4723 = EDGE_CURVE('',#4648,#4489,#4724,.T.);
#4724 = SURFACE_CURVE('',#4725,(#4730,#4737),.PCURVE_S1.);
#4725 = CIRCLE('',#4726,30.);
#4726 = AXIS2_PLACEMENT_3D('',#4727,#4728,#4729);
#4727 = CARTESIAN_POINT('',(-89.2,0.,128.));
#4728 = DIRECTION('',(1.,0.,0.));
#4729 = DIRECTION('',(-0.,0.,1.));
#4730 = PCURVE('',#4532,#4731);
#4731 = DEFINITIONAL_REPRESENTATION('',(#4732),#4736);
#4732 = LINE('',#4733,#4734);
#4733 = CARTESIAN_POINT('',(0.,65.9));
#4734 = VECTOR('',#4735,1.);
#4735 = DIRECTION('',(1.,0.));
#4736 = ( GEOMETRIC_REPRESENTATION_CONTEXT(2) 
PARAMETRIC_REPRESENTATION_CONTEXT() REPRESENTATION_CONTEXT('2D SPACE',''
  ) );
#4737 = PCURVE('',#4505,#4738);
#4738 = DEFINITIONAL_REPRESENTATION('',(#4739),#4743);
#4739 = CIRCLE('',#4740,30.);
#4740 = AXIS2_PLACEMENT_2D('',#4741,#4742);
#4741 = CARTESIAN_POINT('',(0.,0.));
#4742 = DIRECTION('',(1.,0.));
#4743 = ( GEOMETRIC_REPRESENTATION_CONTEXT(2) 
PARAMETRIC_REPRESENTATION_CONTEXT() REPRESENTATION_CONTEXT('2D SPACE',''
  ) );
#4744 = ADVANCED_FACE('',(#4745,#4799),#4685,.F.);
#4745 = FACE_BOUND('',#4746,.F.);
#4746 = EDGE_LOOP('',(#4747,#4770,#4797,#4798));
#4747 = ORIENTED_EDGE('',*,*,#4748,.F.);
#4748 = EDGE_CURVE('',#4749,#4646,#4751,.T.);
#4749 = VERTEX_POINT('',#4750);
#4750 = CARTESIAN_POINT('',(-154.1,7.347880794884E-15,158.));
#4751 = SEAM_CURVE('',#4752,(#4756,#4763),.PCURVE_S1.);
#4752 = LINE('',#4753,#4754);
#4753 = CARTESIAN_POINT('',(-155.1,7.347880794884E-15,158.));
#4754 = VECTOR('',#4755,1.);
#4755 = DIRECTION('',(1.,0.,0.));
#4756 = PCURVE('',#4685,#4757);
#4757 = DEFINITIONAL_REPRESENTATION('',(#4758),#4762);
#4758 = LINE('',#4759,#4760);
#4759 = CARTESIAN_POINT('',(0.,-0.));
#4760 = VECTOR('',#4761,1.);
#4761 = DIRECTION('',(0.,1.));
#4762 = ( GEOMETRIC_REPRESENTATION_CONTEXT(2) 
PARAMETRIC_REPRESENTATION_CONTEXT() REPRESENTATION_CONTEXT('2D SPACE',''
  ) );
#4763 = PCURVE('',#4685,#4764);
#4764 = DEFINITIONAL_REPRESENTATION('',(#4765),#4769);
#4765 = LINE('',#4766,#4767);
#4766 = CARTESIAN_POINT('',(6.28318530718,-0.));
#4767 = VECTOR('',#4768,1.);
#4768 = DIRECTION('',(0.,1.));
#4769 = ( GEOMETRIC_REPRESENTATION_CONTEXT(2) 
PARAMETRIC_REPRESENTATION_CONTEXT() REPRESENTATION_CONTEXT('2D SPACE',''
  ) );
#4770 = ORIENTED_EDGE('',*,*,#4771,.T.);
#4771 = EDGE_CURVE('',#4749,#4749,#4772,.T.);
#4772 = SURFACE_CURVE('',#4773,(#4778,#4785),.PCURVE_S1.);
#4773 = CIRCLE('',#4774,30.);
#4774 = AXIS2_PLACEMENT_3D('',#4775,#4776,#4777);
#4775 = CARTESIAN_POINT('',(-154.1,0.,128.));
#4776 = DIRECTION('',(1.,0.,0.));
#4777 = DIRECTION('',(-0.,0.,1.));
#4778 = PCURVE('',#4685,#4779);
#4779 = DEFINITIONAL_REPRESENTATION('',(#4780),#4784);
#4780 = LINE('',#4781,#4782);
#4781 = CARTESIAN_POINT('',(0.,1.));
#4782 = VECTOR('',#4783,1.);
#4783 = DIRECTION('',(1.,0.));
#4784 = ( GEOMETRIC_REPRESENTATION_CONTEXT(2) 
PARAMETRIC_REPRESENTATION_CONTEXT() REPRESENTATION_CONTEXT('2D SPACE',''
  ) );
#4785 = PCURVE('',#4786,#4791);
#4786 = PLANE('',#4787);
#4787 = AXIS2_PLACEMENT_3D('',#4788,#4789,#4790);
#4788 = CARTESIAN_POINT('',(-154.1,0.,128.));
#4789 = DIRECTION('',(1.,0.,0.));
#4790 = DIRECTION('',(-0.,0.,1.));
#4791 = DEFINITIONAL_REPRESENTATION('',(#4792),#4796);
#4792 = CIRCLE('',#4793,30.);
#4793 = AXIS2_PLACEMENT_2D('',#4794,#4795);
#4794 = CARTESIAN_POINT('',(0.,0.));
#4795 = DIRECTION('',(1.,0.));
#4796 = ( GEOMETRIC_REPRESENTATION_CONTEXT(2) 
PARAMETRIC_REPRESENTATION_CONTEXT() REPRESENTATION_CONTEXT('2D SPACE',''
  ) );
#4797 = ORIENTED_EDGE('',*,*,#4748,.T.);
#4798 = ORIENTED_EDGE('',*,*,#4670,.F.);
#4799 = FACE_BOUND('',#4800,.F.);
#4800 = EDGE_LOOP('',(#4801));
#4801 = ORIENTED_EDGE('',*,*,#4802,.T.);
#4802 = EDGE_CURVE('',#4803,#4803,#4805,.T.);
#4803 = VERTEX_POINT('',#4804);
#4804 = CARTESIAN_POINT('',(-149.5,-4.898587196589E-16,98.));
#4805 = SURFACE_CURVE('',#4806,(#4857,#4911),.PCURVE_S1.);
#4806 = B_SPLINE_CURVE_WITH_KNOTS('',7,(#4807,#4808,#4809,#4810,#4811,
    #4812,#4813,#4814,#4815,#4816,#4817,#4818,#4819,#4820,#4821,#4822,
    #4823,#4824,#4825,#4826,#4827,#4828,#4829,#4830,#4831,#4832,#4833,
    #4834,#4835,#4836,#4837,#4838,#4839,#4840,#4841,#4842,#4843,#4844,
    #4845,#4846,#4847,#4848,#4849,#4850,#4851,#4852,#4853,#4854,#4855,
    #4856),.UNSPECIFIED.,.T.,.F.,(8,6,6,6,6,6,6,6,8),(0.,0.126949661895,
    0.24817386991,0.369403102778,0.463578681846,0.581743530874,
    0.686812929942,0.840543879003,1.),.UNSPECIFIED.);
#4807 = CARTESIAN_POINT('',(-149.5,-1.998401444325E-15,98.));
#4808 = CARTESIAN_POINT('',(-149.5,0.276422899175,98.));
#4809 = CARTESIAN_POINT('',(-149.544571788,0.54497089536,98.002971504132
    ));
#4810 = CARTESIAN_POINT('',(-149.6291476463,0.79742526917,
    98.008609604174));
#4811 = CARTESIAN_POINT('',(-149.747645447,1.027083874563,98.01609500005
    ));
#4812 = CARTESIAN_POINT('',(-149.8925443259,1.228964002299,
    98.024327773293));
#4813 = CARTESIAN_POINT('',(-150.0550290478,1.400288522882,
    98.032366599466));
#4814 = CARTESIAN_POINT('',(-150.3876024147,1.675417139356,
    98.046517964703));
#4815 = CARTESIAN_POINT('',(-150.5612303966,1.785402669258,
    98.052880288887));
#4816 = CARTESIAN_POINT('',(-150.7424450128,1.871998479257,
    98.058284307181));
#4817 = CARTESIAN_POINT('',(-150.9286952678,1.936184233407,
    98.062477001553));
#4818 = CARTESIAN_POINT('',(-151.1180594484,1.978713990962,
    98.065318682344));
#4819 = CARTESIAN_POINT('',(-151.308974336,2.,98.066740905808));
#4820 = CARTESIAN_POINT('',(-151.6910335821,2.,98.066740905808));
#4821 = CARTESIAN_POINT('',(-151.8819464246,1.978712255437,
    98.065318567334));
#4822 = CARTESIAN_POINT('',(-152.0713060596,1.936182866449,
    98.062476907655));
#4823 = CARTESIAN_POINT('',(-152.2575537262,1.871998772658,
    98.05828434541));
#4824 = CARTESIAN_POINT('',(-152.4387689021,1.785403530711,98.0528803263
    ));
#4825 = CARTESIAN_POINT('',(-152.6123983278,1.675416525014,
    98.046517933104));
#4826 = CARTESIAN_POINT('',(-152.9010451817,1.43662708049,
    98.034235689666));
#4827 = CARTESIAN_POINT('',(-153.021382913,1.316765951757,
    98.028496118046));
#4828 = CARTESIAN_POINT('',(-153.1331125446,1.181336339461,
    98.022607902603));
#4829 = CARTESIAN_POINT('',(-153.2334409951,1.030665561124,
    98.016866964104));
#4830 = CARTESIAN_POINT('',(-153.3195225455,0.86552349226,
    98.011629040645));
#4831 = CARTESIAN_POINT('',(-153.3884387325,0.687161206368,
    98.00727027476));
#4832 = CARTESIAN_POINT('',(-153.4983062519,0.259255469847,
    98.000174910906));
#4833 = CARTESIAN_POINT('',(-153.5264262153,7.961566274472E-03,
    97.998214695998));
#4834 = CARTESIAN_POINT('',(-153.5168126128,-0.24756583422,
    97.998824409585));
#4835 = CARTESIAN_POINT('',(-153.4690608585,-0.497241484523,
    98.002166306281));
#4836 = CARTESIAN_POINT('',(-153.3869006992,-0.731289315648,
    98.007633083556));
#4837 = CARTESIAN_POINT('',(-153.278044556,-0.941877857168,
    98.014234342446));
#4838 = CARTESIAN_POINT('',(-153.044006942,-1.286253748442,
    98.027147943009));
#4839 = CARTESIAN_POINT('',(-152.9193749361,-1.429786392845,
    98.033554302078));
#4840 = CARTESIAN_POINT('',(-152.7837564156,-1.554902263205,
    98.039871742283));
#4841 = CARTESIAN_POINT('',(-152.6398474304,-1.662076668272,
    98.045777366297));
#4842 = CARTESIAN_POINT('',(-152.4897648246,-1.751909584651,
    98.051040097676));
#4843 = CARTESIAN_POINT('',(-152.335195061,-1.824979124552,
    98.055506546725));
#4844 = CARTESIAN_POINT('',(-151.9467109777,-1.964842000656,
    98.064296808991));
#4845 = CARTESIAN_POINT('',(-151.7090991097,-2.013092403236,
    98.06759930085));
#4846 = CARTESIAN_POINT('',(-151.4684752036,-2.028063785493,
    98.06867308072));
#4847 = CARTESIAN_POINT('',(-151.2276475426,-2.010273749706,
    98.067428433853));
#4848 = CARTESIAN_POINT('',(-150.9895026723,-1.959344404865,
    98.063912611312));
#4849 = CARTESIAN_POINT('',(-150.7574277491,-1.874073457684,
    98.058345874808));
#4850 = CARTESIAN_POINT('',(-150.3073295988,-1.626629905637,
    98.043865380591));
#4851 = CARTESIAN_POINT('',(-150.08166328,-1.457044598858,
    98.034561673985));
#4852 = CARTESIAN_POINT('',(-149.8742414494,-1.240724798302,
    98.02391541682));
#4853 = CARTESIAN_POINT('',(-149.6993169848,-0.979299161065,
    98.013287018409));
#4854 = CARTESIAN_POINT('',(-149.5704145068,-0.67851660199,
    98.004694445318));
#4855 = CARTESIAN_POINT('',(-149.5,-0.347435664672,98.));
#4856 = CARTESIAN_POINT('',(-149.5,-1.998401444325E-15,98.));
#4857 = PCURVE('',#4685,#4858);
#4858 = DEFINITIONAL_REPRESENTATION('',(#4859),#4910);
#4859 = B_SPLINE_CURVE_WITH_KNOTS('',7,(#4860,#4861,#4862,#4863,#4864,
    #4865,#4866,#4867,#4868,#4869,#4870,#4871,#4872,#4873,#4874,#4875,
    #4876,#4877,#4878,#4879,#4880,#4881,#4882,#4883,#4884,#4885,#4886,
    #4887,#4888,#4889,#4890,#4891,#4892,#4893,#4894,#4895,#4896,#4897,
    #4898,#4899,#4900,#4901,#4902,#4903,#4904,#4905,#4906,#4907,#4908,
    #4909),.UNSPECIFIED.,.T.,.F.,(8,6,6,6,6,6,6,6,8),(0.,0.126949661895,
    0.24817386991,0.369403102778,0.463578681846,0.581743530874,
    0.686812929942,0.840543879003,1.),.UNSPECIFIED.);
#4860 = CARTESIAN_POINT('',(3.14159265359,5.6));
#4861 = CARTESIAN_POINT('',(3.150806750229,5.6));
#4862 = CARTESIAN_POINT('',(3.159758351656,5.555428211943));
#4863 = CARTESIAN_POINT('',(3.168174766353,5.470852353662));
#4864 = CARTESIAN_POINT('',(3.175833585631,5.352354552955));
#4865 = CARTESIAN_POINT('',(3.182568311765,5.207455674007));
#4866 = CARTESIAN_POINT('',(3.188285352981,5.044970952185));
#4867 = CARTESIAN_POINT('',(3.197468430216,4.712397585213));
#4868 = CARTESIAN_POINT('',(3.201140668447,4.538769603317));
#4869 = CARTESIAN_POINT('',(3.204032784961,4.357554987135));
#4870 = CARTESIAN_POINT('',(3.206176866584,4.171304732192));
#4871 = CARTESIAN_POINT('',(3.207597686409,3.981940551585));
#4872 = CARTESIAN_POINT('',(3.208308802,3.791025663953));
#4873 = CARTESIAN_POINT('',(3.208308802,3.408966417861));
#4874 = CARTESIAN_POINT('',(3.207597628434,3.218053575339));
#4875 = CARTESIAN_POINT('',(3.206176820906,3.028693940321));
#4876 = CARTESIAN_POINT('',(3.204032794806,2.842446273707));
#4877 = CARTESIAN_POINT('',(3.201140697185,2.661231097887));
#4878 = CARTESIAN_POINT('',(3.197468409711,2.487601672176));
#4879 = CARTESIAN_POINT('',(3.189498239468,2.198954818277));
#4880 = CARTESIAN_POINT('',(3.185498316619,2.078617086977));
#4881 = CARTESIAN_POINT('',(3.180979801055,1.966887455381));
#4882 = CARTESIAN_POINT('',(3.175953947847,1.866559004801));
#4883 = CARTESIAN_POINT('',(3.170446656475,1.780477454454));
#4884 = CARTESIAN_POINT('',(3.16449965638,1.711561267498));
#4885 = CARTESIAN_POINT('',(3.150234171088,1.601693748009));
#4886 = CARTESIAN_POINT('',(3.141857772926,1.573573784662));
#4887 = CARTESIAN_POINT('',(3.133340896928,1.583187387184));
#4888 = CARTESIAN_POINT('',(3.125018476412,1.630939141492));
#4889 = CARTESIAN_POINT('',(3.117215151379,1.713099300706));
#4890 = CARTESIAN_POINT('',(3.110192220491,1.821955443932));
#4891 = CARTESIAN_POINT('',(3.09870495626,2.055993057967));
#4892 = CARTESIAN_POINT('',(3.093915893042,2.180625063883));
#4893 = CARTESIAN_POINT('',(3.089740143718,2.316243584387));
#4894 = CARTESIAN_POINT('',(3.086162288237,2.460152569558));
#4895 = CARTESIAN_POINT('',(3.083162739403,2.610235175315));
#4896 = CARTESIAN_POINT('',(3.080722545717,2.764804938989));
#4897 = CARTESIAN_POINT('',(3.076051251247,3.153289022262));
#4898 = CARTESIAN_POINT('',(3.074439166109,3.39090089027));
#4899 = CARTESIAN_POINT('',(3.073938825496,3.631524796349));
#4900 = CARTESIAN_POINT('',(3.074533280101,3.872352457381));
#4901 = CARTESIAN_POINT('',(3.076234978313,4.110497327685));
#4902 = CARTESIAN_POINT('',(3.079083329512,4.342572250862));
#4903 = CARTESIAN_POINT('',(3.087345559246,4.792670401119));
#4904 = CARTESIAN_POINT('',(3.093006865732,5.018336719963));
#4905 = CARTESIAN_POINT('',(3.100226062512,5.225758550578));
#4906 = CARTESIAN_POINT('',(3.10894681817,5.400683015132));
#4907 = CARTESIAN_POINT('',(3.118975432269,5.529585493194));
#4908 = CARTESIAN_POINT('',(3.130011464767,5.6));
#4909 = CARTESIAN_POINT('',(3.14159265359,5.6));
#4910 = ( GEOMETRIC_REPRESENTATION_CONTEXT(2) 
PARAMETRIC_REPRESENTATION_CONTEXT() REPRESENTATION_CONTEXT('2D SPACE',''
  ) );
#4911 = PCURVE('',#4912,#4917);
#4912 = CYLINDRICAL_SURFACE('',#4913,2.);
#4913 = AXIS2_PLACEMENT_3D('',#4914,#4915,#4916);
#4914 = CARTESIAN_POINT('',(-151.5,0.,87.85));
#4915 = DIRECTION('',(0.,0.,1.));
#4916 = DIRECTION('',(1.,0.,-0.));
#4917 = DEFINITIONAL_REPRESENTATION('',(#4918),#4969);
#4918 = B_SPLINE_CURVE_WITH_KNOTS('',7,(#4919,#4920,#4921,#4922,#4923,
    #4924,#4925,#4926,#4927,#4928,#4929,#4930,#4931,#4932,#4933,#4934,
    #4935,#4936,#4937,#4938,#4939,#4940,#4941,#4942,#4943,#4944,#4945,
    #4946,#4947,#4948,#4949,#4950,#4951,#4952,#4953,#4954,#4955,#4956,
    #4957,#4958,#4959,#4960,#4961,#4962,#4963,#4964,#4965,#4966,#4967,
    #4968),.UNSPECIFIED.,.F.,.F.,(8,6,6,6,6,6,6,6,8),(0.,0.126949661895,
    0.24817386991,0.369403102778,0.463578681846,0.581743530874,
    0.686812929942,0.840543879003,1.),.UNSPECIFIED.);
#4919 = CARTESIAN_POINT('',(0.,10.15));
#4920 = CARTESIAN_POINT('',(0.138211449588,10.15));
#4921 = CARTESIAN_POINT('',(0.272485395056,10.152971504132));
#4922 = CARTESIAN_POINT('',(0.403024901003,10.158609604174));
#4923 = CARTESIAN_POINT('',(0.529686603695,10.16609500005));
#4924 = CARTESIAN_POINT('',(0.652048533771,10.174327773293));
#4925 = CARTESIAN_POINT('',(0.76925006449,10.182366599466));
#4926 = CARTESIAN_POINT('',(0.985062946417,10.196517964703));
#4927 = CARTESIAN_POINT('',(1.087008070523,10.202880288887));
#4928 = CARTESIAN_POINT('',(1.186334152601,10.208284307181));
#4929 = CARTESIAN_POINT('',(1.283720385853,10.212477001553));
#4930 = CARTESIAN_POINT('',(1.3798261549,10.215318682344));
#4931 = CARTESIAN_POINT('',(1.475283494818,10.216740905808));
#4932 = CARTESIAN_POINT('',(1.666313117864,10.216740905808));
#4933 = CARTESIAN_POINT('',(1.761769425885,10.215318567334));
#4934 = CARTESIAN_POINT('',(1.857873121783,10.212476907655));
#4935 = CARTESIAN_POINT('',(1.955257924806,10.208284345411));
#4936 = CARTESIAN_POINT('',(2.054584044062,10.2028803263));
#4937 = CARTESIAN_POINT('',(2.156530189067,10.196517933104));
#4938 = CARTESIAN_POINT('',(2.343838360994,10.184235689666));
#4939 = CARTESIAN_POINT('',(2.428400856349,10.178496118046));
#4940 = CARTESIAN_POINT('',(2.515504209046,10.172607902603));
#4941 = CARTESIAN_POINT('',(2.605132531443,10.166866964104));
#4942 = CARTESIAN_POINT('',(2.697347564052,10.161629040645));
#4943 = CARTESIAN_POINT('',(2.79229666222,10.15727027476));
#4944 = CARTESIAN_POINT('',(3.013189278205,10.150174910906));
#4945 = CARTESIAN_POINT('',(3.138384894429,10.148214695998));
#4946 = CARTESIAN_POINT('',(3.263975339535,10.148824409585));
#4947 = CARTESIAN_POINT('',(3.388554229278,10.152166306281));
#4948 = CARTESIAN_POINT('',(3.510614346127,10.157633083556));
#4949 = CARTESIAN_POINT('',(3.62829505225,10.164234342446));
#4950 = CARTESIAN_POINT('',(3.836482683531,10.177147943009));
#4951 = CARTESIAN_POINT('',(3.930866904225,10.183554302078));
#4952 = CARTESIAN_POINT('',(4.022255115603,10.189871742283));
#4953 = CARTESIAN_POINT('',(4.111127734056,10.195777366297));
#4954 = CARTESIAN_POINT('',(4.197906816917,10.201040097676));
#4955 = CARTESIAN_POINT('',(4.282999119445,10.205506546725));
#4956 = CARTESIAN_POINT('',(4.489446150829,10.214296808991));
#4957 = CARTESIAN_POINT('',(4.609400538768,10.21759930085));
#4958 = CARTESIAN_POINT('',(4.72814716998,10.21867308072));
#4959 = CARTESIAN_POINT('',(4.846876629231,10.217428433853));
#4960 = CARTESIAN_POINT('',(4.966759052301,10.213912611312));
#4961 = CARTESIAN_POINT('',(5.088983429994,10.208345874808));
#4962 = CARTESIAN_POINT('',(5.345798858032,10.193865380591));
#4963 = CARTESIAN_POINT('',(5.485523400769,10.184561673985));
#4964 = CARTESIAN_POINT('',(5.632168672569,10.17391541682));
#4965 = CARTESIAN_POINT('',(5.784982706027,10.163287018409));
#4966 = CARTESIAN_POINT('',(5.943925154342,10.154694445318));
#4967 = CARTESIAN_POINT('',(6.109467474844,10.15));
#4968 = CARTESIAN_POINT('',(6.28318530718,10.15));
#4969 = ( GEOMETRIC_REPRESENTATION_CONTEXT(2) 
PARAMETRIC_REPRESENTATION_CONTEXT() REPRESENTATION_CONTEXT('2D SPACE',''
  ) );
#4970 = ADVANCED_FACE('',(#4971),#4912,.F.);
#4971 = FACE_BOUND('',#4972,.F.);
#4972 = EDGE_LOOP('',(#4973,#4974,#4997,#5107,#5133,#5162,#5183,#5276));
#4973 = ORIENTED_EDGE('',*,*,#4802,.F.);
#4974 = ORIENTED_EDGE('',*,*,#4975,.F.);
#4975 = EDGE_CURVE('',#4976,#4803,#4978,.T.);
#4976 = VERTEX_POINT('',#4977);
#4977 = CARTESIAN_POINT('',(-149.5,6.123233995737E-17,90.35));
#4978 = SEAM_CURVE('',#4979,(#4983,#4990),.PCURVE_S1.);
#4979 = LINE('',#4980,#4981);
#4980 = CARTESIAN_POINT('',(-149.5,-4.898587196589E-16,87.85));
#4981 = VECTOR('',#4982,1.);
#4982 = DIRECTION('',(0.,0.,1.));
#4983 = PCURVE('',#4912,#4984);
#4984 = DEFINITIONAL_REPRESENTATION('',(#4985),#4989);
#4985 = LINE('',#4986,#4987);
#4986 = CARTESIAN_POINT('',(6.28318530718,-0.));
#4987 = VECTOR('',#4988,1.);
#4988 = DIRECTION('',(0.,1.));
#4989 = ( GEOMETRIC_REPRESENTATION_CONTEXT(2) 
PARAMETRIC_REPRESENTATION_CONTEXT() REPRESENTATION_CONTEXT('2D SPACE',''
  ) );
#4990 = PCURVE('',#4912,#4991);
#4991 = DEFINITIONAL_REPRESENTATION('',(#4992),#4996);
#4992 = LINE('',#4993,#4994);
#4993 = CARTESIAN_POINT('',(0.,-0.));
#4994 = VECTOR('',#4995,1.);
#4995 = DIRECTION('',(0.,1.));
#4996 = ( GEOMETRIC_REPRESENTATION_CONTEXT(2) 
PARAMETRIC_REPRESENTATION_CONTEXT() REPRESENTATION_CONTEXT('2D SPACE',''
  ) );
#4997 = ORIENTED_EDGE('',*,*,#4998,.T.);
#4998 = EDGE_CURVE('',#4976,#4999,#5001,.T.);
#4999 = VERTEX_POINT('',#5000);
#5000 = CARTESIAN_POINT('',(-151.5,2.,89.35));
#5001 = SURFACE_CURVE('',#5002,(#5035,#5071),.PCURVE_S1.);
#5002 = B_SPLINE_CURVE_WITH_KNOTS('',6,(#5003,#5004,#5005,#5006,#5007,
    #5008,#5009,#5010,#5011,#5012,#5013,#5014,#5015,#5016,#5017,#5018,
    #5019,#5020,#5021,#5022,#5023,#5024,#5025,#5026,#5027,#5028,#5029,
    #5030,#5031,#5032,#5033,#5034),.UNSPECIFIED.,.F.,.F.,(7,5,5,5,5,5,7)
  ,(0.,0.226900949165,0.329266178454,0.572784701451,0.811494050484,
    0.935577585869,1.),.UNSPECIFIED.);
#5003 = CARTESIAN_POINT('',(-149.5,6.123233995737E-17,90.35));
#5004 = CARTESIAN_POINT('',(-149.5,0.145444095652,90.35));
#5005 = CARTESIAN_POINT('',(-149.512692521,0.289492316332,
    90.339845700624));
#5006 = CARTESIAN_POINT('',(-149.5376199386,0.429960421718,
    90.319905067282));
#5007 = CARTESIAN_POINT('',(-149.5736686102,0.564741353643,
    90.291236947225));
#5008 = CARTESIAN_POINT('',(-149.6190733879,0.691925324936,
    90.255574164471));
#5009 = CARTESIAN_POINT('',(-149.6948887224,0.863111336931,
    90.196956172344));
#5010 = CARTESIAN_POINT('',(-149.7199580677,0.914696441737,
    90.177686718323));
#5011 = CARTESIAN_POINT('',(-149.7464016828,0.964651764208,
    90.157499096343));
#5012 = CARTESIAN_POINT('',(-149.77410531,1.012987773761,90.136514093806
    ));
#5013 = CARTESIAN_POINT('',(-149.8029653559,1.059720450199,
    90.114845687753));
#5014 = CARTESIAN_POINT('',(-149.9040745412,1.212281430328,
    90.039682855583));
#5015 = CARTESIAN_POINT('',(-149.9813195154,1.310800121898,
    89.98347347159));
#5016 = CARTESIAN_POINT('',(-150.0635200947,1.400896670864,
    89.925308615684));
#5017 = CARTESIAN_POINT('',(-150.1500075058,1.483107123124,
    89.866262731224));
#5018 = CARTESIAN_POINT('',(-150.2404520924,1.557890465412,
    89.807269955774));
#5019 = CARTESIAN_POINT('',(-150.4273443705,1.691852896843,
    89.692620986297));
#5020 = CARTESIAN_POINT('',(-150.5235885054,1.751275639314,
    89.636951774757));
#5021 = CARTESIAN_POINT('',(-150.6235318001,1.804091802701,
    89.583353527238));
#5022 = CARTESIAN_POINT('',(-150.7271573342,1.850250849862,
    89.533056220407));
#5023 = CARTESIAN_POINT('',(-150.8344991929,1.889575621596,
    89.487686611212));
#5024 = CARTESIAN_POINT('',(-151.0034575934,1.938314457402,
    89.429118807832));
#5025 = CARTESIAN_POINT('',(-151.062337104,1.953040285758,
    89.410913423188));
#5026 = CARTESIAN_POINT('',(-151.1221338556,1.965700210978,
    89.394875899552));
#5027 = CARTESIAN_POINT('',(-151.1827108684,1.976213254804,
    89.381306764858));
#5028 = CARTESIAN_POINT('',(-151.2439689863,1.984518441553,
    89.370455876299));
#5029 = CARTESIAN_POINT('',(-151.3379733118,1.993687354081,
    89.358389060978));
#5030 = CARTESIAN_POINT('',(-151.3702394843,1.996206304136,
    89.355052531232));
#5031 = CARTESIAN_POINT('',(-151.4026093054,1.998101611177,
    89.35253122357));
#5032 = CARTESIAN_POINT('',(-151.4350480065,1.999367199389,
    89.350843857556));
#5033 = CARTESIAN_POINT('',(-151.4675223441,2.000000009743,
    89.349999987009));
#5034 = CARTESIAN_POINT('',(-151.5000006,2.,89.35));
#5035 = PCURVE('',#4912,#5036);
#5036 = DEFINITIONAL_REPRESENTATION('',(#5037),#5070);
#5037 = B_SPLINE_CURVE_WITH_KNOTS('',6,(#5038,#5039,#5040,#5041,#5042,
    #5043,#5044,#5045,#5046,#5047,#5048,#5049,#5050,#5051,#5052,#5053,
    #5054,#5055,#5056,#5057,#5058,#5059,#5060,#5061,#5062,#5063,#5064,
    #5065,#5066,#5067,#5068,#5069),.UNSPECIFIED.,.F.,.F.,(7,5,5,5,5,5,7)
  ,(0.,0.226900949165,0.329266178454,0.572784701451,0.811494050484,
    0.935577585869,1.),.UNSPECIFIED.);
#5038 = CARTESIAN_POINT('',(0.,2.5));
#5039 = CARTESIAN_POINT('',(7.272204782583E-02,2.5));
#5040 = CARTESIAN_POINT('',(0.144746120789,2.489845700624));
#5041 = CARTESIAN_POINT('',(0.215672656534,2.469905067282));
#5042 = CARTESIAN_POINT('',(0.285072674456,2.441236947225));
#5043 = CARTESIAN_POINT('',(0.352410626153,2.405574164471));
#5044 = CARTESIAN_POINT('',(0.446022345049,2.346956172344));
#5045 = CARTESIAN_POINT('',(0.474681647196,2.327686718323));
#5046 = CARTESIAN_POINT('',(0.502917957195,2.307499096343));
#5047 = CARTESIAN_POINT('',(0.530751092822,2.286514093806));
#5048 = CARTESIAN_POINT('',(0.558200131285,2.264845687753));
#5049 = CARTESIAN_POINT('',(0.649712316284,2.189682855583));
#5050 = CARTESIAN_POINT('',(0.712109239297,2.13347347159));
#5051 = CARTESIAN_POINT('',(0.772845731313,2.075308615684));
#5052 = CARTESIAN_POINT('',(0.83229212395,2.016262731224));
#5053 = CARTESIAN_POINT('',(0.890831335022,1.957269955774));
#5054 = CARTESIAN_POINT('',(1.005803784596,1.842620986298));
#5055 = CARTESIAN_POINT('',(1.062225531639,1.786951774757));
#5056 = CARTESIAN_POINT('',(1.118556817406,1.733353527238));
#5057 = CARTESIAN_POINT('',(1.175084002008,1.683056220407));
#5058 = CARTESIAN_POINT('',(1.232102169494,1.637686611212));
#5059 = CARTESIAN_POINT('',(1.320026021767,1.579118807832));
#5060 = CARTESIAN_POINT('',(1.350353052803,1.560913423188));
#5061 = CARTESIAN_POINT('',(1.380883714293,1.544875899552));
#5062 = CARTESIAN_POINT('',(1.411593273575,1.531306764858));
#5063 = CARTESIAN_POINT('',(1.442480876719,1.520455876299));
#5064 = CARTESIAN_POINT('',(1.489706087594,1.508389060978));
#5065 = CARTESIAN_POINT('',(1.505885210589,1.505052531232));
#5066 = CARTESIAN_POINT('',(1.522093273046,1.50253122357));
#5067 = CARTESIAN_POINT('',(1.538320363277,1.500843857556));
#5068 = CARTESIAN_POINT('',(1.554557498892,1.499999987009));
#5069 = CARTESIAN_POINT('',(1.570796626795,1.5));
#5070 = ( GEOMETRIC_REPRESENTATION_CONTEXT(2) 
PARAMETRIC_REPRESENTATION_CONTEXT() REPRESENTATION_CONTEXT('2D SPACE',''
  ) );
#5071 = PCURVE('',#4231,#5072);
#5072 = DEFINITIONAL_REPRESENTATION('',(#5073),#5106);
#5073 = B_SPLINE_CURVE_WITH_KNOTS('',6,(#5074,#5075,#5076,#5077,#5078,
    #5079,#5080,#5081,#5082,#5083,#5084,#5085,#5086,#5087,#5088,#5089,
    #5090,#5091,#5092,#5093,#5094,#5095,#5096,#5097,#5098,#5099,#5100,
    #5101,#5102,#5103,#5104,#5105),.UNSPECIFIED.,.F.,.F.,(7,5,5,5,5,5,7)
  ,(0.,0.226900949165,0.329266178454,0.572784701451,0.811494050484,
    0.935577585869,1.),.UNSPECIFIED.);
#5074 = CARTESIAN_POINT('',(6.28318530718,2.));
#5075 = CARTESIAN_POINT('',(6.225007668919,2.));
#5076 = CARTESIAN_POINT('',(6.167388266872,1.987307478919));
#5077 = CARTESIAN_POINT('',(6.110847090159,1.962380061363));
#5078 = CARTESIAN_POINT('',(6.055904284426,1.926331389748));
#5079 = CARTESIAN_POINT('',(6.003152859922,1.880926612077));
#5080 = CARTESIAN_POINT('',(5.930775272558,1.805111277508));
#5081 = CARTESIAN_POINT('',(5.908756871989,1.780041932298));
#5082 = CARTESIAN_POINT('',(5.887215996347,1.753598317156));
#5083 = CARTESIAN_POINT('',(5.866147963557,1.725894689996));
#5084 = CARTESIAN_POINT('',(5.845548878931,1.69703464408));
#5085 = CARTESIAN_POINT('',(5.777520292001,1.595925458766));
#5086 = CARTESIAN_POINT('',(5.732233532154,1.518680484581));
#5087 = CARTESIAN_POINT('',(5.689425312309,1.436479905251));
#5088 = CARTESIAN_POINT('',(5.649003215341,1.349992494152));
#5089 = CARTESIAN_POINT('',(5.610933357796,1.259547907572));
#5090 = CARTESIAN_POINT('',(5.540403569211,1.072655629483));
#5091 = CARTESIAN_POINT('',(5.50786606311,0.97641149452));
#5092 = CARTESIAN_POINT('',(5.477799171129,0.876468199873));
#5093 = CARTESIAN_POINT('',(5.450510202164,0.772842665761));
#5094 = CARTESIAN_POINT('',(5.42649880884,0.665500807009));
#5095 = CARTESIAN_POINT('',(5.396020851669,0.496542406571));
#5096 = CARTESIAN_POINT('',(5.386655572027,0.437662895984));
#5097 = CARTESIAN_POINT('',(5.378483315582,0.377866144333));
#5098 = CARTESIAN_POINT('',(5.371617430808,0.317289131515));
#5099 = CARTESIAN_POINT('',(5.366151663194,0.256031013696));
#5100 = CARTESIAN_POINT('',(5.360089624079,0.1620266882));
#5101 = CARTESIAN_POINT('',(5.358417381594,0.129760515658));
#5102 = CARTESIAN_POINT('',(5.35715569505,9.739069459075E-02));
#5103 = CARTESIAN_POINT('',(5.356311999084,6.495199348472E-02));
#5104 = CARTESIAN_POINT('',(5.355890082682,3.24776558057E-02));
#5105 = CARTESIAN_POINT('',(5.355890089178,-6.E-07));
#5106 = ( GEOMETRIC_REPRESENTATION_CONTEXT(2) 
PARAMETRIC_REPRESENTATION_CONTEXT() REPRESENTATION_CONTEXT('2D SPACE',''
  ) );
#5107 = ORIENTED_EDGE('',*,*,#5108,.F.);
#5108 = EDGE_CURVE('',#5109,#4999,#5111,.T.);
#5109 = VERTEX_POINT('',#5110);
#5110 = CARTESIAN_POINT('',(-151.5,2.,87.85));
#5111 = SURFACE_CURVE('',#5112,(#5116,#5122),.PCURVE_S1.);
#5112 = LINE('',#5113,#5114);
#5113 = CARTESIAN_POINT('',(-151.5,2.,87.85));
#5114 = VECTOR('',#5115,1.);
#5115 = DIRECTION('',(0.,0.,1.));
#5116 = PCURVE('',#4912,#5117);
#5117 = DEFINITIONAL_REPRESENTATION('',(#5118),#5121);
#5118 = B_SPLINE_CURVE_WITH_KNOTS('',1,(#5119,#5120),.UNSPECIFIED.,.F.,
  .F.,(2,2),(-6.000000070117E-07,3.),.PIECEWISE_BEZIER_KNOTS.);
#5119 = CARTESIAN_POINT('',(1.570796326795,-6.000000070117E-07));
#5120 = CARTESIAN_POINT('',(1.570796326795,3.));
#5121 = ( GEOMETRIC_REPRESENTATION_CONTEXT(2) 
PARAMETRIC_REPRESENTATION_CONTEXT() REPRESENTATION_CONTEXT('2D SPACE',''
  ) );
#5122 = PCURVE('',#5123,#5128);
#5123 = PLANE('',#5124);
#5124 = AXIS2_PLACEMENT_3D('',#5125,#5126,#5127);
#5125 = CARTESIAN_POINT('',(-151.5,0.,87.85));
#5126 = DIRECTION('',(1.,0.,0.));
#5127 = DIRECTION('',(-0.,0.,1.));
#5128 = DEFINITIONAL_REPRESENTATION('',(#5129),#5132);
#5129 = B_SPLINE_CURVE_WITH_KNOTS('',1,(#5130,#5131),.UNSPECIFIED.,.F.,
  .F.,(2,2),(-6.000000070117E-07,3.),.PIECEWISE_BEZIER_KNOTS.);
#5130 = CARTESIAN_POINT('',(-6.000000070117E-07,-2.));
#5131 = CARTESIAN_POINT('',(3.,-2.));
#5132 = ( GEOMETRIC_REPRESENTATION_CONTEXT(2) 
PARAMETRIC_REPRESENTATION_CONTEXT() REPRESENTATION_CONTEXT('2D SPACE',''
  ) );
#5133 = ORIENTED_EDGE('',*,*,#5134,.T.);
#5134 = EDGE_CURVE('',#5109,#5135,#5137,.T.);
#5135 = VERTEX_POINT('',#5136);
#5136 = CARTESIAN_POINT('',(-151.5,-2.,87.85));
#5137 = SURFACE_CURVE('',#5138,(#5143,#5150),.PCURVE_S1.);
#5138 = CIRCLE('',#5139,2.);
#5139 = AXIS2_PLACEMENT_3D('',#5140,#5141,#5142);
#5140 = CARTESIAN_POINT('',(-151.5,0.,87.85));
#5141 = DIRECTION('',(0.,0.,1.));
#5142 = DIRECTION('',(1.,0.,-0.));
#5143 = PCURVE('',#4912,#5144);
#5144 = DEFINITIONAL_REPRESENTATION('',(#5145),#5149);
#5145 = LINE('',#5146,#5147);
#5146 = CARTESIAN_POINT('',(0.,0.));
#5147 = VECTOR('',#5148,1.);
#5148 = DIRECTION('',(1.,0.));
#5149 = ( GEOMETRIC_REPRESENTATION_CONTEXT(2) 
PARAMETRIC_REPRESENTATION_CONTEXT() REPRESENTATION_CONTEXT('2D SPACE',''
  ) );
#5150 = PCURVE('',#5151,#5156);
#5151 = PLANE('',#5152);
#5152 = AXIS2_PLACEMENT_3D('',#5153,#5154,#5155);
#5153 = CARTESIAN_POINT('',(-151.5,0.,87.85));
#5154 = DIRECTION('',(0.,0.,1.));
#5155 = DIRECTION('',(1.,0.,-0.));
#5156 = DEFINITIONAL_REPRESENTATION('',(#5157),#5161);
#5157 = CIRCLE('',#5158,2.);
#5158 = AXIS2_PLACEMENT_2D('',#5159,#5160);
#5159 = CARTESIAN_POINT('',(0.,0.));
#5160 = DIRECTION('',(1.,0.));
#5161 = ( GEOMETRIC_REPRESENTATION_CONTEXT(2) 
PARAMETRIC_REPRESENTATION_CONTEXT() REPRESENTATION_CONTEXT('2D SPACE',''
  ) );
#5162 = ORIENTED_EDGE('',*,*,#5163,.T.);
#5163 = EDGE_CURVE('',#5135,#5164,#5166,.T.);
#5164 = VERTEX_POINT('',#5165);
#5165 = CARTESIAN_POINT('',(-151.5,-2.,89.35));
#5166 = SURFACE_CURVE('',#5167,(#5171,#5177),.PCURVE_S1.);
#5167 = LINE('',#5168,#5169);
#5168 = CARTESIAN_POINT('',(-151.5,-2.,87.85));
#5169 = VECTOR('',#5170,1.);
#5170 = DIRECTION('',(0.,0.,1.));
#5171 = PCURVE('',#4912,#5172);
#5172 = DEFINITIONAL_REPRESENTATION('',(#5173),#5176);
#5173 = B_SPLINE_CURVE_WITH_KNOTS('',1,(#5174,#5175),.UNSPECIFIED.,.F.,
  .F.,(2,2),(-6.000000070117E-07,3.),.PIECEWISE_BEZIER_KNOTS.);
#5174 = CARTESIAN_POINT('',(4.712388980385,-6.000000070117E-07));
#5175 = CARTESIAN_POINT('',(4.712388980385,3.));
#5176 = ( GEOMETRIC_REPRESENTATION_CONTEXT(2) 
PARAMETRIC_REPRESENTATION_CONTEXT() REPRESENTATION_CONTEXT('2D SPACE',''
  ) );
#5177 = PCURVE('',#5123,#5178);
#5178 = DEFINITIONAL_REPRESENTATION('',(#5179),#5182);
#5179 = B_SPLINE_CURVE_WITH_KNOTS('',1,(#5180,#5181),.UNSPECIFIED.,.F.,
  .F.,(2,2),(-6.000000070117E-07,3.),.PIECEWISE_BEZIER_KNOTS.);
#5180 = CARTESIAN_POINT('',(-6.000000070117E-07,2.));
#5181 = CARTESIAN_POINT('',(3.,2.));
#5182 = ( GEOMETRIC_REPRESENTATION_CONTEXT(2) 
PARAMETRIC_REPRESENTATION_CONTEXT() REPRESENTATION_CONTEXT('2D SPACE',''
  ) );
#5183 = ORIENTED_EDGE('',*,*,#5184,.T.);
#5184 = EDGE_CURVE('',#5164,#4976,#5185,.T.);
#5185 = SURFACE_CURVE('',#5186,(#5214,#5245),.PCURVE_S1.);
#5186 = B_SPLINE_CURVE_WITH_KNOTS('',6,(#5187,#5188,#5189,#5190,#5191,
    #5192,#5193,#5194,#5195,#5196,#5197,#5198,#5199,#5200,#5201,#5202,
    #5203,#5204,#5205,#5206,#5207,#5208,#5209,#5210,#5211,#5212,#5213),
  .UNSPECIFIED.,.F.,.F.,(7,5,5,5,5,7),(0.,0.175958344981,0.424356035397,
    0.670571429066,0.774337533604,1.),.UNSPECIFIED.);
#5187 = CARTESIAN_POINT('',(-151.5000006,-2.,89.35));
#5188 = CARTESIAN_POINT('',(-151.4110242748,-2.000000026693,
    89.34999996441));
#5189 = CARTESIAN_POINT('',(-151.3224527278,-1.995250026293,
    89.35633317987));
#5190 = CARTESIAN_POINT('',(-151.2346120342,-1.985830727918,
    89.368892790026));
#5191 = CARTESIAN_POINT('',(-151.1478841561,-1.971855018131,
    89.387212444338));
#5192 = CARTESIAN_POINT('',(-151.0628101289,-1.953506737201,
    89.410460944604));
#5193 = CARTESIAN_POINT('',(-150.8635166254,-1.899864123364,
    89.475718735916));
#5194 = CARTESIAN_POINT('',(-150.7510092921,-1.860512316217,
    89.521743715914));
#5195 = CARTESIAN_POINT('',(-150.6425076811,-1.813718319598,
    89.573415124055));
#5196 = CARTESIAN_POINT('',(-150.5379839564,-1.759697869453,
    89.628843977008));
#5197 = CARTESIAN_POINT('',(-150.4374747644,-1.698542866942,
    89.68660938989));
#5198 = CARTESIAN_POINT('',(-150.2454096402,-1.56197494458,
    89.804040189307));
#5199 = CARTESIAN_POINT('',(-150.1538148902,-1.486714425441,
    89.863665630952));
#5200 = CARTESIAN_POINT('',(-150.0662520013,-1.4038805705,
    89.923377035036));
#5201 = CARTESIAN_POINT('',(-149.9830545927,-1.313002269407,
    89.982212018145));
#5202 = CARTESIAN_POINT('',(-149.9049080678,-1.213525729995,
    90.039064126854));
#5203 = CARTESIAN_POINT('',(-149.8026259517,-1.05921396561,
    90.115097615987));
#5204 = CARTESIAN_POINT('',(-149.7733920473,-1.01183725062,
    90.137049390967));
#5205 = CARTESIAN_POINT('',(-149.7453467884,-0.962813575562,
    90.158298086198));
#5206 = CARTESIAN_POINT('',(-149.7185982696,-0.912126621386,
    90.178724887893));
#5207 = CARTESIAN_POINT('',(-149.6932657819,-0.859765929835,
    90.198203834424));
#5208 = CARTESIAN_POINT('',(-149.6177519329,-0.68820702516,
    90.25661231872));
#5209 = CARTESIAN_POINT('',(-149.5728272923,-0.561589469856,
    90.291905937326));
#5210 = CARTESIAN_POINT('',(-149.5371790428,-0.427484058475,
    90.320257751461));
#5211 = CARTESIAN_POINT('',(-149.5125401044,-0.287782223295,
    90.339967639764));
#5212 = CARTESIAN_POINT('',(-149.5,-0.144568209401,90.35));
#5213 = CARTESIAN_POINT('',(-149.5,-2.22044604925E-16,90.35));
#5214 = PCURVE('',#4912,#5215);
#5215 = DEFINITIONAL_REPRESENTATION('',(#5216),#5244);
#5216 = B_SPLINE_CURVE_WITH_KNOTS('',6,(#5217,#5218,#5219,#5220,#5221,
    #5222,#5223,#5224,#5225,#5226,#5227,#5228,#5229,#5230,#5231,#5232,
    #5233,#5234,#5235,#5236,#5237,#5238,#5239,#5240,#5241,#5242,#5243),
  .UNSPECIFIED.,.F.,.F.,(7,5,5,5,5,7),(0.,0.175958344981,0.424356035397,
    0.670571429066,0.774337533604,1.),.UNSPECIFIED.);
#5217 = CARTESIAN_POINT('',(4.712388680385,1.5));
#5218 = CARTESIAN_POINT('',(4.756876842981,1.49999996441));
#5219 = CARTESIAN_POINT('',(4.801162540161,1.50633317987));
#5220 = CARTESIAN_POINT('',(4.845241747053,1.518892790026));
#5221 = CARTESIAN_POINT('',(4.889072950606,1.537212444338));
#5222 = CARTESIAN_POINT('',(4.932532460499,1.560460944604));
#5223 = CARTESIAN_POINT('',(5.035725762801,1.625718735916));
#5224 = CARTESIAN_POINT('',(5.095160423756,1.671743715914));
#5225 = CARTESIAN_POINT('',(5.154023218757,1.723415124055));
#5226 = CARTESIAN_POINT('',(5.212639442514,1.778843977008));
#5227 = CARTESIAN_POINT('',(5.271315508602,1.83660938989));
#5228 = CARTESIAN_POINT('',(5.389149936235,1.954040189307));
#5229 = CARTESIAN_POINT('',(5.448280290479,2.013665630952));
#5230 = CARTESIAN_POINT('',(5.508324862059,2.073377035036));
#5231 = CARTESIAN_POINT('',(5.569678708559,2.132212018145));
#5232 = CARTESIAN_POINT('',(5.632724159446,2.189064126854));
#5233 = CARTESIAN_POINT('',(5.725290016942,2.265097615987));
#5234 = CARTESIAN_POINT('',(5.753110707004,2.287049390967));
#5235 = CARTESIAN_POINT('',(5.781326142555,2.308298086198));
#5236 = CARTESIAN_POINT('',(5.809956041643,2.328724887893));
#5237 = CARTESIAN_POINT('',(5.839020910007,2.348203834424));
#5238 = CARTESIAN_POINT('',(5.932742304528,2.40661231872));
#5239 = CARTESIAN_POINT('',(5.999735525368,2.441905937326));
#5240 = CARTESIAN_POINT('',(6.068763268038,2.470257751461));
#5241 = CARTESIAN_POINT('',(6.139294232252,2.489967639764));
#5242 = CARTESIAN_POINT('',(6.210901202479,2.5));
#5243 = CARTESIAN_POINT('',(6.28318530718,2.5));
#5244 = ( GEOMETRIC_REPRESENTATION_CONTEXT(2) 
PARAMETRIC_REPRESENTATION_CONTEXT() REPRESENTATION_CONTEXT('2D SPACE',''
  ) );
#5245 = PCURVE('',#4231,#5246);
#5246 = DEFINITIONAL_REPRESENTATION('',(#5247),#5275);
#5247 = B_SPLINE_CURVE_WITH_KNOTS('',6,(#5248,#5249,#5250,#5251,#5252,
    #5253,#5254,#5255,#5256,#5257,#5258,#5259,#5260,#5261,#5262,#5263,
    #5264,#5265,#5266,#5267,#5268,#5269,#5270,#5271,#5272,#5273,#5274),
  .UNSPECIFIED.,.F.,.F.,(7,5,5,5,5,7),(0.,0.175958344981,0.424356035397,
    0.670571429066,0.774337533604,1.),.UNSPECIFIED.);
#5248 = CARTESIAN_POINT('',(0.927295218002,-6.E-07));
#5249 = CARTESIAN_POINT('',(0.927295235797,8.897572519173E-02));
#5250 = CARTESIAN_POINT('',(0.924128653258,0.177547272174));
#5251 = CARTESIAN_POINT('',(0.917848725992,0.265387965794));
#5252 = CARTESIAN_POINT('',(0.908632817404,0.352115843824));
#5253 = CARTESIAN_POINT('',(0.896788511133,0.437189871003));
#5254 = CARTESIAN_POINT('',(0.862998312919,0.636483374513));
#5255 = CARTESIAN_POINT('',(0.83878086008,0.748990707829));
#5256 = CARTESIAN_POINT('',(0.81091523242,0.857492318842));
#5257 = CARTESIAN_POINT('',(0.779991378618,0.962016043503));
#5258 = CARTESIAN_POINT('',(0.74637845291,1.062525235557));
#5259 = CARTESIAN_POINT('',(0.674333144866,1.254590359733));
#5260 = CARTESIAN_POINT('',(0.635957214821,1.346185109729));
#5261 = CARTESIAN_POINT('',(0.595178891717,1.433747998674));
#5262 = CARTESIAN_POINT('',(0.551965059245,1.516945407218));
#5263 = CARTESIAN_POINT('',(0.506220868556,1.595091932185));
#5264 = CARTESIAN_POINT('',(0.437410157648,1.697374048257));
#5265 = CARTESIAN_POINT('',(0.416529901239,1.726607952609));
#5266 = CARTESIAN_POINT('',(0.395167963382,1.7546532116));
#5267 = CARTESIAN_POINT('',(0.373320388409,1.781401730383));
#5268 = CARTESIAN_POINT('',(0.350982395426,1.806734218034));
#5269 = CARTESIAN_POINT('',(0.27849073101,1.882248067027));
#5270 = CARTESIAN_POINT('',(0.225996204747,1.927172707641));
#5271 = CARTESIAN_POINT('',(0.171341313161,1.962820957116));
#5272 = CARTESIAN_POINT('',(0.115113002404,1.987459895519));
#5273 = CARTESIAN_POINT('',(5.782728376032E-02,2.));
#5274 = CARTESIAN_POINT('',(0.,2.));
#5275 = ( GEOMETRIC_REPRESENTATION_CONTEXT(2) 
PARAMETRIC_REPRESENTATION_CONTEXT() REPRESENTATION_CONTEXT('2D SPACE',''
  ) );
#5276 = ORIENTED_EDGE('',*,*,#4975,.T.);
#5277 = ADVANCED_FACE('',(#5278),#5151,.T.);
#5278 = FACE_BOUND('',#5279,.T.);
#5279 = EDGE_LOOP('',(#5280,#5299));
#5280 = ORIENTED_EDGE('',*,*,#5281,.F.);
#5281 = EDGE_CURVE('',#5109,#5135,#5282,.T.);
#5282 = SURFACE_CURVE('',#5283,(#5287,#5293),.PCURVE_S1.);
#5283 = LINE('',#5284,#5285);
#5284 = CARTESIAN_POINT('',(-151.5,0.,87.85));
#5285 = VECTOR('',#5286,1.);
#5286 = DIRECTION('',(0.,-1.,0.));
#5287 = PCURVE('',#5151,#5288);
#5288 = DEFINITIONAL_REPRESENTATION('',(#5289),#5292);
#5289 = B_SPLINE_CURVE_WITH_KNOTS('',1,(#5290,#5291),.UNSPECIFIED.,.F.,
  .F.,(2,2),(-2.,2.),.PIECEWISE_BEZIER_KNOTS.);
#5290 = CARTESIAN_POINT('',(0.,2.));
#5291 = CARTESIAN_POINT('',(0.,-2.));
#5292 = ( GEOMETRIC_REPRESENTATION_CONTEXT(2) 
PARAMETRIC_REPRESENTATION_CONTEXT() REPRESENTATION_CONTEXT('2D SPACE',''
  ) );
#5293 = PCURVE('',#5123,#5294);
#5294 = DEFINITIONAL_REPRESENTATION('',(#5295),#5298);
#5295 = B_SPLINE_CURVE_WITH_KNOTS('',1,(#5296,#5297),.UNSPECIFIED.,.F.,
  .F.,(2,2),(-2.,2.),.PIECEWISE_BEZIER_KNOTS.);
#5296 = CARTESIAN_POINT('',(0.,-2.));
#5297 = CARTESIAN_POINT('',(0.,2.));
#5298 = ( GEOMETRIC_REPRESENTATION_CONTEXT(2) 
PARAMETRIC_REPRESENTATION_CONTEXT() REPRESENTATION_CONTEXT('2D SPACE',''
  ) );
#5299 = ORIENTED_EDGE('',*,*,#5134,.T.);
#5300 = ADVANCED_FACE('',(#5301),#5123,.T.);
#5301 = FACE_BOUND('',#5302,.T.);
#5302 = EDGE_LOOP('',(#5303,#5304,#5326,#5327));
#5303 = ORIENTED_EDGE('',*,*,#5163,.T.);
#5304 = ORIENTED_EDGE('',*,*,#5305,.T.);
#5305 = EDGE_CURVE('',#5164,#4999,#5306,.T.);
#5306 = SURFACE_CURVE('',#5307,(#5312,#5319),.PCURVE_S1.);
#5307 = CIRCLE('',#5308,2.5);
#5308 = AXIS2_PLACEMENT_3D('',#5309,#5310,#5311);
#5309 = CARTESIAN_POINT('',(-151.5,0.,87.85));
#5310 = DIRECTION('',(1.,0.,0.));
#5311 = DIRECTION('',(-0.,0.,1.));
#5312 = PCURVE('',#5123,#5313);
#5313 = DEFINITIONAL_REPRESENTATION('',(#5314),#5318);
#5314 = CIRCLE('',#5315,2.5);
#5315 = AXIS2_PLACEMENT_2D('',#5316,#5317);
#5316 = CARTESIAN_POINT('',(0.,0.));
#5317 = DIRECTION('',(1.,0.));
#5318 = ( GEOMETRIC_REPRESENTATION_CONTEXT(2) 
PARAMETRIC_REPRESENTATION_CONTEXT() REPRESENTATION_CONTEXT('2D SPACE',''
  ) );
#5319 = PCURVE('',#4231,#5320);
#5320 = DEFINITIONAL_REPRESENTATION('',(#5321),#5325);
#5321 = LINE('',#5322,#5323);
#5322 = CARTESIAN_POINT('',(0.,0.));
#5323 = VECTOR('',#5324,1.);
#5324 = DIRECTION('',(1.,0.));
#5325 = ( GEOMETRIC_REPRESENTATION_CONTEXT(2) 
PARAMETRIC_REPRESENTATION_CONTEXT() REPRESENTATION_CONTEXT('2D SPACE',''
  ) );
#5326 = ORIENTED_EDGE('',*,*,#5108,.F.);
#5327 = ORIENTED_EDGE('',*,*,#5281,.T.);
#5328 = ADVANCED_FACE('',(#5329,#5355,#5386,#5389,#5420,#5451,#5482),
  #4786,.F.);
#5329 = FACE_BOUND('',#5330,.F.);
#5330 = EDGE_LOOP('',(#5331));
#5331 = ORIENTED_EDGE('',*,*,#5332,.T.);
#5332 = EDGE_CURVE('',#5333,#5333,#5335,.T.);
#5333 = VERTEX_POINT('',#5334);
#5334 = CARTESIAN_POINT('',(-154.1,1.102182119233E-14,173.));
#5335 = SURFACE_CURVE('',#5336,(#5341,#5348),.PCURVE_S1.);
#5336 = CIRCLE('',#5337,45.);
#5337 = AXIS2_PLACEMENT_3D('',#5338,#5339,#5340);
#5338 = CARTESIAN_POINT('',(-154.1,0.,128.));
#5339 = DIRECTION('',(1.,0.,0.));
#5340 = DIRECTION('',(-0.,0.,1.));
#5341 = PCURVE('',#4786,#5342);
#5342 = DEFINITIONAL_REPRESENTATION('',(#5343),#5347);
#5343 = CIRCLE('',#5344,45.);
#5344 = AXIS2_PLACEMENT_2D('',#5345,#5346);
#5345 = CARTESIAN_POINT('',(0.,0.));
#5346 = DIRECTION('',(1.,0.));
#5347 = ( GEOMETRIC_REPRESENTATION_CONTEXT(2) 
PARAMETRIC_REPRESENTATION_CONTEXT() REPRESENTATION_CONTEXT('2D SPACE',''
  ) );
#5348 = PCURVE('',#553,#5349);
#5349 = DEFINITIONAL_REPRESENTATION('',(#5350),#5354);
#5350 = LINE('',#5351,#5352);
#5351 = CARTESIAN_POINT('',(0.,0.));
#5352 = VECTOR('',#5353,1.);
#5353 = DIRECTION('',(1.,0.));
#5354 = ( GEOMETRIC_REPRESENTATION_CONTEXT(2) 
PARAMETRIC_REPRESENTATION_CONTEXT() REPRESENTATION_CONTEXT('2D SPACE',''
  ) );
#5355 = FACE_BOUND('',#5356,.F.);
#5356 = EDGE_LOOP('',(#5357));
#5357 = ORIENTED_EDGE('',*,*,#5358,.F.);
#5358 = EDGE_CURVE('',#5359,#5359,#5361,.T.);
#5359 = VERTEX_POINT('',#5360);
#5360 = CARTESIAN_POINT('',(-154.1,22.041946960968,100.66186271093));
#5361 = SURFACE_CURVE('',#5362,(#5367,#5374),.PCURVE_S1.);
#5362 = CIRCLE('',#5363,3.);
#5363 = AXIS2_PLACEMENT_3D('',#5364,#5365,#5366);
#5364 = CARTESIAN_POINT('',(-154.1,22.041946960968,97.661862710939));
#5365 = DIRECTION('',(1.,0.,0.));
#5366 = DIRECTION('',(-0.,0.,1.));
#5367 = PCURVE('',#4786,#5368);
#5368 = DEFINITIONAL_REPRESENTATION('',(#5369),#5373);
#5369 = CIRCLE('',#5370,3.);
#5370 = AXIS2_PLACEMENT_2D('',#5371,#5372);
#5371 = CARTESIAN_POINT('',(-30.33813728906,-22.04194696096));
#5372 = DIRECTION('',(1.,0.));
#5373 = ( GEOMETRIC_REPRESENTATION_CONTEXT(2) 
PARAMETRIC_REPRESENTATION_CONTEXT() REPRESENTATION_CONTEXT('2D SPACE',''
  ) );
#5374 = PCURVE('',#5375,#5380);
#5375 = CYLINDRICAL_SURFACE('',#5376,3.);
#5376 = AXIS2_PLACEMENT_3D('',#5377,#5378,#5379);
#5377 = CARTESIAN_POINT('',(-155.1,22.041946960968,97.661862710939));
#5378 = DIRECTION('',(1.,0.,0.));
#5379 = DIRECTION('',(-0.,0.,1.));
#5380 = DEFINITIONAL_REPRESENTATION('',(#5381),#5385);
#5381 = LINE('',#5382,#5383);
#5382 = CARTESIAN_POINT('',(0.,1.));
#5383 = VECTOR('',#5384,1.);
#5384 = DIRECTION('',(1.,0.));
#5385 = ( GEOMETRIC_REPRESENTATION_CONTEXT(2) 
PARAMETRIC_REPRESENTATION_CONTEXT() REPRESENTATION_CONTEXT('2D SPACE',''
  ) );
#5386 = FACE_BOUND('',#5387,.F.);
#5387 = EDGE_LOOP('',(#5388));
#5388 = ORIENTED_EDGE('',*,*,#4771,.F.);
#5389 = FACE_BOUND('',#5390,.F.);
#5390 = EDGE_LOOP('',(#5391));
#5391 = ORIENTED_EDGE('',*,*,#5392,.F.);
#5392 = EDGE_CURVE('',#5393,#5393,#5395,.T.);
#5393 = VERTEX_POINT('',#5394);
#5394 = CARTESIAN_POINT('',(-154.1,35.664619361068,142.58813728906));
#5395 = SURFACE_CURVE('',#5396,(#5401,#5408),.PCURVE_S1.);
#5396 = CIRCLE('',#5397,3.);
#5397 = AXIS2_PLACEMENT_3D('',#5398,#5399,#5400);
#5398 = CARTESIAN_POINT('',(-154.1,35.664619361068,139.58813728906));
#5399 = DIRECTION('',(1.,0.,0.));
#5400 = DIRECTION('',(-0.,0.,1.));
#5401 = PCURVE('',#4786,#5402);
#5402 = DEFINITIONAL_REPRESENTATION('',(#5403),#5407);
#5403 = CIRCLE('',#5404,3.);
#5404 = AXIS2_PLACEMENT_2D('',#5405,#5406);
#5405 = CARTESIAN_POINT('',(11.588137289061,-35.66461936106));
#5406 = DIRECTION('',(1.,0.));
#5407 = ( GEOMETRIC_REPRESENTATION_CONTEXT(2) 
PARAMETRIC_REPRESENTATION_CONTEXT() REPRESENTATION_CONTEXT('2D SPACE',''
  ) );
#5408 = PCURVE('',#5409,#5414);
#5409 = CYLINDRICAL_SURFACE('',#5410,3.);
#5410 = AXIS2_PLACEMENT_3D('',#5411,#5412,#5413);
#5411 = CARTESIAN_POINT('',(-155.1,35.664619361068,139.58813728906));
#5412 = DIRECTION('',(1.,0.,0.));
#5413 = DIRECTION('',(-0.,0.,1.));
#5414 = DEFINITIONAL_REPRESENTATION('',(#5415),#5419);
#5415 = LINE('',#5416,#5417);
#5416 = CARTESIAN_POINT('',(0.,1.));
#5417 = VECTOR('',#5418,1.);
#5418 = DIRECTION('',(1.,0.));
#5419 = ( GEOMETRIC_REPRESENTATION_CONTEXT(2) 
PARAMETRIC_REPRESENTATION_CONTEXT() REPRESENTATION_CONTEXT('2D SPACE',''
  ) );
#5420 = FACE_BOUND('',#5421,.F.);
#5421 = EDGE_LOOP('',(#5422));
#5422 = ORIENTED_EDGE('',*,*,#5423,.F.);
#5423 = EDGE_CURVE('',#5424,#5424,#5426,.T.);
#5424 = VERTEX_POINT('',#5425);
#5425 = CARTESIAN_POINT('',(-154.1,7.347880794884E-16,168.5));
#5426 = SURFACE_CURVE('',#5427,(#5432,#5439),.PCURVE_S1.);
#5427 = CIRCLE('',#5428,3.);
#5428 = AXIS2_PLACEMENT_3D('',#5429,#5430,#5431);
#5429 = CARTESIAN_POINT('',(-154.1,0.,165.5));
#5430 = DIRECTION('',(1.,0.,0.));
#5431 = DIRECTION('',(-0.,0.,1.));
#5432 = PCURVE('',#4786,#5433);
#5433 = DEFINITIONAL_REPRESENTATION('',(#5434),#5438);
#5434 = CIRCLE('',#5435,3.);
#5435 = AXIS2_PLACEMENT_2D('',#5436,#5437);
#5436 = CARTESIAN_POINT('',(37.5,0.));
#5437 = DIRECTION('',(1.,0.));
#5438 = ( GEOMETRIC_REPRESENTATION_CONTEXT(2) 
PARAMETRIC_REPRESENTATION_CONTEXT() REPRESENTATION_CONTEXT('2D SPACE',''
  ) );
#5439 = PCURVE('',#5440,#5445);
#5440 = CYLINDRICAL_SURFACE('',#5441,3.);
#5441 = AXIS2_PLACEMENT_3D('',#5442,#5443,#5444);
#5442 = CARTESIAN_POINT('',(-155.1,0.,165.5));
#5443 = DIRECTION('',(1.,0.,0.));
#5444 = DIRECTION('',(-0.,0.,1.));
#5445 = DEFINITIONAL_REPRESENTATION('',(#5446),#5450);
#5446 = LINE('',#5447,#5448);
#5447 = CARTESIAN_POINT('',(0.,1.));
#5448 = VECTOR('',#5449,1.);
#5449 = DIRECTION('',(1.,0.));
#5450 = ( GEOMETRIC_REPRESENTATION_CONTEXT(2) 
PARAMETRIC_REPRESENTATION_CONTEXT() REPRESENTATION_CONTEXT('2D SPACE',''
  ) );
#5451 = FACE_BOUND('',#5452,.F.);
#5452 = EDGE_LOOP('',(#5453));
#5453 = ORIENTED_EDGE('',*,*,#5454,.F.);
#5454 = EDGE_CURVE('',#5455,#5455,#5457,.T.);
#5455 = VERTEX_POINT('',#5456);
#5456 = CARTESIAN_POINT('',(-154.1,-22.04194696096,100.66186271093));
#5457 = SURFACE_CURVE('',#5458,(#5463,#5470),.PCURVE_S1.);
#5458 = CIRCLE('',#5459,3.);
#5459 = AXIS2_PLACEMENT_3D('',#5460,#5461,#5462);
#5460 = CARTESIAN_POINT('',(-154.1,-22.04194696096,97.661862710939));
#5461 = DIRECTION('',(1.,0.,0.));
#5462 = DIRECTION('',(-0.,0.,1.));
#5463 = PCURVE('',#4786,#5464);
#5464 = DEFINITIONAL_REPRESENTATION('',(#5465),#5469);
#5465 = CIRCLE('',#5466,3.);
#5466 = AXIS2_PLACEMENT_2D('',#5467,#5468);
#5467 = CARTESIAN_POINT('',(-30.33813728906,22.041946960968));
#5468 = DIRECTION('',(1.,0.));
#5469 = ( GEOMETRIC_REPRESENTATION_CONTEXT(2) 
PARAMETRIC_REPRESENTATION_CONTEXT() REPRESENTATION_CONTEXT('2D SPACE',''
  ) );
#5470 = PCURVE('',#5471,#5476);
#5471 = CYLINDRICAL_SURFACE('',#5472,3.);
#5472 = AXIS2_PLACEMENT_3D('',#5473,#5474,#5475);
#5473 = CARTESIAN_POINT('',(-155.1,-22.04194696096,97.661862710939));
#5474 = DIRECTION('',(1.,0.,0.));
#5475 = DIRECTION('',(-0.,0.,1.));
#5476 = DEFINITIONAL_REPRESENTATION('',(#5477),#5481);
#5477 = LINE('',#5478,#5479);
#5478 = CARTESIAN_POINT('',(0.,1.));
#5479 = VECTOR('',#5480,1.);
#5480 = DIRECTION('',(1.,0.));
#5481 = ( GEOMETRIC_REPRESENTATION_CONTEXT(2) 
PARAMETRIC_REPRESENTATION_CONTEXT() REPRESENTATION_CONTEXT('2D SPACE',''
  ) );
#5482 = FACE_BOUND('',#5483,.F.);
#5483 = EDGE_LOOP('',(#5484));
#5484 = ORIENTED_EDGE('',*,*,#5485,.F.);
#5485 = EDGE_CURVE('',#5486,#5486,#5488,.T.);
#5486 = VERTEX_POINT('',#5487);
#5487 = CARTESIAN_POINT('',(-154.1,-35.66461936106,142.58813728906));
#5488 = SURFACE_CURVE('',#5489,(#5494,#5501),.PCURVE_S1.);
#5489 = CIRCLE('',#5490,3.);
#5490 = AXIS2_PLACEMENT_3D('',#5491,#5492,#5493);
#5491 = CARTESIAN_POINT('',(-154.1,-35.66461936106,139.58813728906));
#5492 = DIRECTION('',(1.,0.,0.));
#5493 = DIRECTION('',(-0.,0.,1.));
#5494 = PCURVE('',#4786,#5495);
#5495 = DEFINITIONAL_REPRESENTATION('',(#5496),#5500);
#5496 = CIRCLE('',#5497,3.);
#5497 = AXIS2_PLACEMENT_2D('',#5498,#5499);
#5498 = CARTESIAN_POINT('',(11.588137289061,35.664619361068));
#5499 = DIRECTION('',(1.,0.));
#5500 = ( GEOMETRIC_REPRESENTATION_CONTEXT(2) 
PARAMETRIC_REPRESENTATION_CONTEXT() REPRESENTATION_CONTEXT('2D SPACE',''
  ) );
#5501 = PCURVE('',#5502,#5507);
#5502 = CYLINDRICAL_SURFACE('',#5503,3.);
#5503 = AXIS2_PLACEMENT_3D('',#5504,#5505,#5506);
#5504 = CARTESIAN_POINT('',(-155.1,-35.66461936106,139.58813728906));
#5505 = DIRECTION('',(1.,0.,0.));
#5506 = DIRECTION('',(-0.,0.,1.));
#5507 = DEFINITIONAL_REPRESENTATION('',(#5508),#5512);
#5508 = LINE('',#5509,#5510);
#5509 = CARTESIAN_POINT('',(0.,1.));
#5510 = VECTOR('',#5511,1.);
#5511 = DIRECTION('',(1.,0.));
#5512 = ( GEOMETRIC_REPRESENTATION_CONTEXT(2) 
PARAMETRIC_REPRESENTATION_CONTEXT() REPRESENTATION_CONTEXT('2D SPACE',''
  ) );
#5513 = ADVANCED_FACE('',(#5514),#5502,.F.);
#5514 = FACE_BOUND('',#5515,.F.);
#5515 = EDGE_LOOP('',(#5516,#5539,#5566,#5567));
#5516 = ORIENTED_EDGE('',*,*,#5517,.T.);
#5517 = EDGE_CURVE('',#5486,#5518,#5520,.T.);
#5518 = VERTEX_POINT('',#5519);
#5519 = CARTESIAN_POINT('',(-142.1,-35.66461936106,142.58813728906));
#5520 = SEAM_CURVE('',#5521,(#5525,#5532),.PCURVE_S1.);
#5521 = LINE('',#5522,#5523);
#5522 = CARTESIAN_POINT('',(-155.1,-35.66461936106,142.58813728906));
#5523 = VECTOR('',#5524,1.);
#5524 = DIRECTION('',(1.,0.,0.));
#5525 = PCURVE('',#5502,#5526);
#5526 = DEFINITIONAL_REPRESENTATION('',(#5527),#5531);
#5527 = LINE('',#5528,#5529);
#5528 = CARTESIAN_POINT('',(6.28318530718,-0.));
#5529 = VECTOR('',#5530,1.);
#5530 = DIRECTION('',(0.,1.));
#5531 = ( GEOMETRIC_REPRESENTATION_CONTEXT(2) 
PARAMETRIC_REPRESENTATION_CONTEXT() REPRESENTATION_CONTEXT('2D SPACE',''
  ) );
#5532 = PCURVE('',#5502,#5533);
#5533 = DEFINITIONAL_REPRESENTATION('',(#5534),#5538);
#5534 = LINE('',#5535,#5536);
#5535 = CARTESIAN_POINT('',(0.,-0.));
#5536 = VECTOR('',#5537,1.);
#5537 = DIRECTION('',(0.,1.));
#5538 = ( GEOMETRIC_REPRESENTATION_CONTEXT(2) 
PARAMETRIC_REPRESENTATION_CONTEXT() REPRESENTATION_CONTEXT('2D SPACE',''
  ) );
#5539 = ORIENTED_EDGE('',*,*,#5540,.F.);
#5540 = EDGE_CURVE('',#5518,#5518,#5541,.T.);
#5541 = SURFACE_CURVE('',#5542,(#5547,#5554),.PCURVE_S1.);
#5542 = CIRCLE('',#5543,3.);
#5543 = AXIS2_PLACEMENT_3D('',#5544,#5545,#5546);
#5544 = CARTESIAN_POINT('',(-142.1,-35.66461936106,139.58813728906));
#5545 = DIRECTION('',(1.,0.,0.));
#5546 = DIRECTION('',(-0.,0.,1.));
#5547 = PCURVE('',#5502,#5548);
#5548 = DEFINITIONAL_REPRESENTATION('',(#5549),#5553);
#5549 = LINE('',#5550,#5551);
#5550 = CARTESIAN_POINT('',(0.,13.));
#5551 = VECTOR('',#5552,1.);
#5552 = DIRECTION('',(1.,0.));
#5553 = ( GEOMETRIC_REPRESENTATION_CONTEXT(2) 
PARAMETRIC_REPRESENTATION_CONTEXT() REPRESENTATION_CONTEXT('2D SPACE',''
  ) );
#5554 = PCURVE('',#5555,#5560);
#5555 = PLANE('',#5556);
#5556 = AXIS2_PLACEMENT_3D('',#5557,#5558,#5559);
#5557 = CARTESIAN_POINT('',(-142.1,-35.66461936106,139.58813728906));
#5558 = DIRECTION('',(1.,0.,0.));
#5559 = DIRECTION('',(-0.,0.,1.));
#5560 = DEFINITIONAL_REPRESENTATION('',(#5561),#5565);
#5561 = CIRCLE('',#5562,3.);
#5562 = AXIS2_PLACEMENT_2D('',#5563,#5564);
#5563 = CARTESIAN_POINT('',(0.,0.));
#5564 = DIRECTION('',(1.,0.));
#5565 = ( GEOMETRIC_REPRESENTATION_CONTEXT(2) 
PARAMETRIC_REPRESENTATION_CONTEXT() REPRESENTATION_CONTEXT('2D SPACE',''
  ) );
#5566 = ORIENTED_EDGE('',*,*,#5517,.F.);
#5567 = ORIENTED_EDGE('',*,*,#5485,.T.);
#5568 = ADVANCED_FACE('',(#5569),#5555,.F.);
#5569 = FACE_BOUND('',#5570,.F.);
#5570 = EDGE_LOOP('',(#5571));
#5571 = ORIENTED_EDGE('',*,*,#5540,.T.);
#5572 = ADVANCED_FACE('',(#5573),#5471,.F.);
#5573 = FACE_BOUND('',#5574,.F.);
#5574 = EDGE_LOOP('',(#5575,#5598,#5625,#5626));
#5575 = ORIENTED_EDGE('',*,*,#5576,.T.);
#5576 = EDGE_CURVE('',#5455,#5577,#5579,.T.);
#5577 = VERTEX_POINT('',#5578);
#5578 = CARTESIAN_POINT('',(-142.1,-22.04194696096,100.66186271093));
#5579 = SEAM_CURVE('',#5580,(#5584,#5591),.PCURVE_S1.);
#5580 = LINE('',#5581,#5582);
#5581 = CARTESIAN_POINT('',(-155.1,-22.04194696096,100.66186271093));
#5582 = VECTOR('',#5583,1.);
#5583 = DIRECTION('',(1.,0.,0.));
#5584 = PCURVE('',#5471,#5585);
#5585 = DEFINITIONAL_REPRESENTATION('',(#5586),#5590);
#5586 = LINE('',#5587,#5588);
#5587 = CARTESIAN_POINT('',(6.28318530718,-0.));
#5588 = VECTOR('',#5589,1.);
#5589 = DIRECTION('',(0.,1.));
#5590 = ( GEOMETRIC_REPRESENTATION_CONTEXT(2) 
PARAMETRIC_REPRESENTATION_CONTEXT() REPRESENTATION_CONTEXT('2D SPACE',''
  ) );
#5591 = PCURVE('',#5471,#5592);
#5592 = DEFINITIONAL_REPRESENTATION('',(#5593),#5597);
#5593 = LINE('',#5594,#5595);
#5594 = CARTESIAN_POINT('',(0.,-0.));
#5595 = VECTOR('',#5596,1.);
#5596 = DIRECTION('',(0.,1.));
#5597 = ( GEOMETRIC_REPRESENTATION_CONTEXT(2) 
PARAMETRIC_REPRESENTATION_CONTEXT() REPRESENTATION_CONTEXT('2D SPACE',''
  ) );
#5598 = ORIENTED_EDGE('',*,*,#5599,.F.);
#5599 = EDGE_CURVE('',#5577,#5577,#5600,.T.);
#5600 = SURFACE_CURVE('',#5601,(#5606,#5613),.PCURVE_S1.);
#5601 = CIRCLE('',#5602,3.);
#5602 = AXIS2_PLACEMENT_3D('',#5603,#5604,#5605);
#5603 = CARTESIAN_POINT('',(-142.1,-22.04194696096,97.661862710939));
#5604 = DIRECTION('',(1.,0.,0.));
#5605 = DIRECTION('',(-0.,0.,1.));
#5606 = PCURVE('',#5471,#5607);
#5607 = DEFINITIONAL_REPRESENTATION('',(#5608),#5612);
#5608 = LINE('',#5609,#5610);
#5609 = CARTESIAN_POINT('',(0.,13.));
#5610 = VECTOR('',#5611,1.);
#5611 = DIRECTION('',(1.,0.));
#5612 = ( GEOMETRIC_REPRESENTATION_CONTEXT(2) 
PARAMETRIC_REPRESENTATION_CONTEXT() REPRESENTATION_CONTEXT('2D SPACE',''
  ) );
#5613 = PCURVE('',#5614,#5619);
#5614 = PLANE('',#5615);
#5615 = AXIS2_PLACEMENT_3D('',#5616,#5617,#5618);
#5616 = CARTESIAN_POINT('',(-142.1,-22.04194696096,97.661862710939));
#5617 = DIRECTION('',(1.,0.,0.));
#5618 = DIRECTION('',(-0.,0.,1.));
#5619 = DEFINITIONAL_REPRESENTATION('',(#5620),#5624);
#5620 = CIRCLE('',#5621,3.);
#5621 = AXIS2_PLACEMENT_2D('',#5622,#5623);
#5622 = CARTESIAN_POINT('',(0.,0.));
#5623 = DIRECTION('',(1.,0.));
#5624 = ( GEOMETRIC_REPRESENTATION_CONTEXT(2) 
PARAMETRIC_REPRESENTATION_CONTEXT() REPRESENTATION_CONTEXT('2D SPACE',''
  ) );
#5625 = ORIENTED_EDGE('',*,*,#5576,.F.);
#5626 = ORIENTED_EDGE('',*,*,#5454,.T.);
#5627 = ADVANCED_FACE('',(#5628),#5614,.F.);
#5628 = FACE_BOUND('',#5629,.F.);
#5629 = EDGE_LOOP('',(#5630));
#5630 = ORIENTED_EDGE('',*,*,#5599,.T.);
#5631 = ADVANCED_FACE('',(#5632),#5440,.F.);
#5632 = FACE_BOUND('',#5633,.F.);
#5633 = EDGE_LOOP('',(#5634,#5657,#5684,#5685));
#5634 = ORIENTED_EDGE('',*,*,#5635,.T.);
#5635 = EDGE_CURVE('',#5424,#5636,#5638,.T.);
#5636 = VERTEX_POINT('',#5637);
#5637 = CARTESIAN_POINT('',(-142.1,7.347880794884E-16,168.5));
#5638 = SEAM_CURVE('',#5639,(#5643,#5650),.PCURVE_S1.);
#5639 = LINE('',#5640,#5641);
#5640 = CARTESIAN_POINT('',(-155.1,7.347880794884E-16,168.5));
#5641 = VECTOR('',#5642,1.);
#5642 = DIRECTION('',(1.,0.,0.));
#5643 = PCURVE('',#5440,#5644);
#5644 = DEFINITIONAL_REPRESENTATION('',(#5645),#5649);
#5645 = LINE('',#5646,#5647);
#5646 = CARTESIAN_POINT('',(6.28318530718,-0.));
#5647 = VECTOR('',#5648,1.);
#5648 = DIRECTION('',(0.,1.));
#5649 = ( GEOMETRIC_REPRESENTATION_CONTEXT(2) 
PARAMETRIC_REPRESENTATION_CONTEXT() REPRESENTATION_CONTEXT('2D SPACE',''
  ) );
#5650 = PCURVE('',#5440,#5651);
#5651 = DEFINITIONAL_REPRESENTATION('',(#5652),#5656);
#5652 = LINE('',#5653,#5654);
#5653 = CARTESIAN_POINT('',(0.,-0.));
#5654 = VECTOR('',#5655,1.);
#5655 = DIRECTION('',(0.,1.));
#5656 = ( GEOMETRIC_REPRESENTATION_CONTEXT(2) 
PARAMETRIC_REPRESENTATION_CONTEXT() REPRESENTATION_CONTEXT('2D SPACE',''
  ) );
#5657 = ORIENTED_EDGE('',*,*,#5658,.F.);
#5658 = EDGE_CURVE('',#5636,#5636,#5659,.T.);
#5659 = SURFACE_CURVE('',#5660,(#5665,#5672),.PCURVE_S1.);
#5660 = CIRCLE('',#5661,3.);
#5661 = AXIS2_PLACEMENT_3D('',#5662,#5663,#5664);
#5662 = CARTESIAN_POINT('',(-142.1,0.,165.5));
#5663 = DIRECTION('',(1.,0.,0.));
#5664 = DIRECTION('',(-0.,0.,1.));
#5665 = PCURVE('',#5440,#5666);
#5666 = DEFINITIONAL_REPRESENTATION('',(#5667),#5671);
#5667 = LINE('',#5668,#5669);
#5668 = CARTESIAN_POINT('',(0.,13.));
#5669 = VECTOR('',#5670,1.);
#5670 = DIRECTION('',(1.,0.));
#5671 = ( GEOMETRIC_REPRESENTATION_CONTEXT(2) 
PARAMETRIC_REPRESENTATION_CONTEXT() REPRESENTATION_CONTEXT('2D SPACE',''
  ) );
#5672 = PCURVE('',#5673,#5678);
#5673 = PLANE('',#5674);
#5674 = AXIS2_PLACEMENT_3D('',#5675,#5676,#5677);
#5675 = CARTESIAN_POINT('',(-142.1,0.,165.5));
#5676 = DIRECTION('',(1.,0.,0.));
#5677 = DIRECTION('',(-0.,0.,1.));
#5678 = DEFINITIONAL_REPRESENTATION('',(#5679),#5683);
#5679 = CIRCLE('',#5680,3.);
#5680 = AXIS2_PLACEMENT_2D('',#5681,#5682);
#5681 = CARTESIAN_POINT('',(0.,0.));
#5682 = DIRECTION('',(1.,0.));
#5683 = ( GEOMETRIC_REPRESENTATION_CONTEXT(2) 
PARAMETRIC_REPRESENTATION_CONTEXT() REPRESENTATION_CONTEXT('2D SPACE',''
  ) );
#5684 = ORIENTED_EDGE('',*,*,#5635,.F.);
#5685 = ORIENTED_EDGE('',*,*,#5423,.T.);
#5686 = ADVANCED_FACE('',(#5687),#5673,.F.);
#5687 = FACE_BOUND('',#5688,.F.);
#5688 = EDGE_LOOP('',(#5689));
#5689 = ORIENTED_EDGE('',*,*,#5658,.T.);
#5690 = ADVANCED_FACE('',(#5691),#5409,.F.);
#5691 = FACE_BOUND('',#5692,.F.);
#5692 = EDGE_LOOP('',(#5693,#5716,#5743,#5744));
#5693 = ORIENTED_EDGE('',*,*,#5694,.T.);
#5694 = EDGE_CURVE('',#5393,#5695,#5697,.T.);
#5695 = VERTEX_POINT('',#5696);
#5696 = CARTESIAN_POINT('',(-142.1,35.664619361068,142.58813728906));
#5697 = SEAM_CURVE('',#5698,(#5702,#5709),.PCURVE_S1.);
#5698 = LINE('',#5699,#5700);
#5699 = CARTESIAN_POINT('',(-155.1,35.664619361068,142.58813728906));
#5700 = VECTOR('',#5701,1.);
#5701 = DIRECTION('',(1.,0.,0.));
#5702 = PCURVE('',#5409,#5703);
#5703 = DEFINITIONAL_REPRESENTATION('',(#5704),#5708);
#5704 = LINE('',#5705,#5706);
#5705 = CARTESIAN_POINT('',(6.28318530718,-0.));
#5706 = VECTOR('',#5707,1.);
#5707 = DIRECTION('',(0.,1.));
#5708 = ( GEOMETRIC_REPRESENTATION_CONTEXT(2) 
PARAMETRIC_REPRESENTATION_CONTEXT() REPRESENTATION_CONTEXT('2D SPACE',''
  ) );
#5709 = PCURVE('',#5409,#5710);
#5710 = DEFINITIONAL_REPRESENTATION('',(#5711),#5715);
#5711 = LINE('',#5712,#5713);
#5712 = CARTESIAN_POINT('',(0.,-0.));
#5713 = VECTOR('',#5714,1.);
#5714 = DIRECTION('',(0.,1.));
#5715 = ( GEOMETRIC_REPRESENTATION_CONTEXT(2) 
PARAMETRIC_REPRESENTATION_CONTEXT() REPRESENTATION_CONTEXT('2D SPACE',''
  ) );
#5716 = ORIENTED_EDGE('',*,*,#5717,.F.);
#5717 = EDGE_CURVE('',#5695,#5695,#5718,.T.);
#5718 = SURFACE_CURVE('',#5719,(#5724,#5731),.PCURVE_S1.);
#5719 = CIRCLE('',#5720,3.);
#5720 = AXIS2_PLACEMENT_3D('',#5721,#5722,#5723);
#5721 = CARTESIAN_POINT('',(-142.1,35.664619361068,139.58813728906));
#5722 = DIRECTION('',(1.,0.,0.));
#5723 = DIRECTION('',(-0.,0.,1.));
#5724 = PCURVE('',#5409,#5725);
#5725 = DEFINITIONAL_REPRESENTATION('',(#5726),#5730);
#5726 = LINE('',#5727,#5728);
#5727 = CARTESIAN_POINT('',(0.,13.));
#5728 = VECTOR('',#5729,1.);
#5729 = DIRECTION('',(1.,0.));
#5730 = ( GEOMETRIC_REPRESENTATION_CONTEXT(2) 
PARAMETRIC_REPRESENTATION_CONTEXT() REPRESENTATION_CONTEXT('2D SPACE',''
  ) );
#5731 = PCURVE('',#5732,#5737);
#5732 = PLANE('',#5733);
#5733 = AXIS2_PLACEMENT_3D('',#5734,#5735,#5736);
#5734 = CARTESIAN_POINT('',(-142.1,35.664619361068,139.58813728906));
#5735 = DIRECTION('',(1.,0.,0.));
#5736 = DIRECTION('',(-0.,0.,1.));
#5737 = DEFINITIONAL_REPRESENTATION('',(#5738),#5742);
#5738 = CIRCLE('',#5739,3.);
#5739 = AXIS2_PLACEMENT_2D('',#5740,#5741);
#5740 = CARTESIAN_POINT('',(0.,0.));
#5741 = DIRECTION('',(1.,0.));
#5742 = ( GEOMETRIC_REPRESENTATION_CONTEXT(2) 
PARAMETRIC_REPRESENTATION_CONTEXT() REPRESENTATION_CONTEXT('2D SPACE',''
  ) );
#5743 = ORIENTED_EDGE('',*,*,#5694,.F.);
#5744 = ORIENTED_EDGE('',*,*,#5392,.T.);
#5745 = ADVANCED_FACE('',(#5746),#5732,.F.);
#5746 = FACE_BOUND('',#5747,.F.);
#5747 = EDGE_LOOP('',(#5748));
#5748 = ORIENTED_EDGE('',*,*,#5717,.T.);
#5749 = ADVANCED_FACE('',(#5750),#5375,.F.);
#5750 = FACE_BOUND('',#5751,.F.);
#5751 = EDGE_LOOP('',(#5752,#5775,#5802,#5803));
#5752 = ORIENTED_EDGE('',*,*,#5753,.T.);
#5753 = EDGE_CURVE('',#5359,#5754,#5756,.T.);
#5754 = VERTEX_POINT('',#5755);
#5755 = CARTESIAN_POINT('',(-142.1,22.041946960968,100.66186271093));
#5756 = SEAM_CURVE('',#5757,(#5761,#5768),.PCURVE_S1.);
#5757 = LINE('',#5758,#5759);
#5758 = CARTESIAN_POINT('',(-155.1,22.041946960968,100.66186271093));
#5759 = VECTOR('',#5760,1.);
#5760 = DIRECTION('',(1.,0.,0.));
#5761 = PCURVE('',#5375,#5762);
#5762 = DEFINITIONAL_REPRESENTATION('',(#5763),#5767);
#5763 = LINE('',#5764,#5765);
#5764 = CARTESIAN_POINT('',(6.28318530718,-0.));
#5765 = VECTOR('',#5766,1.);
#5766 = DIRECTION('',(0.,1.));
#5767 = ( GEOMETRIC_REPRESENTATION_CONTEXT(2) 
PARAMETRIC_REPRESENTATION_CONTEXT() REPRESENTATION_CONTEXT('2D SPACE',''
  ) );
#5768 = PCURVE('',#5375,#5769);
#5769 = DEFINITIONAL_REPRESENTATION('',(#5770),#5774);
#5770 = LINE('',#5771,#5772);
#5771 = CARTESIAN_POINT('',(0.,-0.));
#5772 = VECTOR('',#5773,1.);
#5773 = DIRECTION('',(0.,1.));
#5774 = ( GEOMETRIC_REPRESENTATION_CONTEXT(2) 
PARAMETRIC_REPRESENTATION_CONTEXT() REPRESENTATION_CONTEXT('2D SPACE',''
  ) );
#5775 = ORIENTED_EDGE('',*,*,#5776,.F.);
#5776 = EDGE_CURVE('',#5754,#5754,#5777,.T.);
#5777 = SURFACE_CURVE('',#5778,(#5783,#5790),.PCURVE_S1.);
#5778 = CIRCLE('',#5779,3.);
#5779 = AXIS2_PLACEMENT_3D('',#5780,#5781,#5782);
#5780 = CARTESIAN_POINT('',(-142.1,22.041946960968,97.661862710939));
#5781 = DIRECTION('',(1.,0.,0.));
#5782 = DIRECTION('',(-0.,0.,1.));
#5783 = PCURVE('',#5375,#5784);
#5784 = DEFINITIONAL_REPRESENTATION('',(#5785),#5789);
#5785 = LINE('',#5786,#5787);
#5786 = CARTESIAN_POINT('',(0.,13.));
#5787 = VECTOR('',#5788,1.);
#5788 = DIRECTION('',(1.,0.));
#5789 = ( GEOMETRIC_REPRESENTATION_CONTEXT(2) 
PARAMETRIC_REPRESENTATION_CONTEXT() REPRESENTATION_CONTEXT('2D SPACE',''
  ) );
#5790 = PCURVE('',#5791,#5796);
#5791 = PLANE('',#5792);
#5792 = AXIS2_PLACEMENT_3D('',#5793,#5794,#5795);
#5793 = CARTESIAN_POINT('',(-142.1,22.041946960968,97.661862710939));
#5794 = DIRECTION('',(1.,0.,0.));
#5795 = DIRECTION('',(-0.,0.,1.));
#5796 = DEFINITIONAL_REPRESENTATION('',(#5797),#5801);
#5797 = CIRCLE('',#5798,3.);
#5798 = AXIS2_PLACEMENT_2D('',#5799,#5800);
#5799 = CARTESIAN_POINT('',(0.,0.));
#5800 = DIRECTION('',(1.,0.));
#5801 = ( GEOMETRIC_REPRESENTATION_CONTEXT(2) 
PARAMETRIC_REPRESENTATION_CONTEXT() REPRESENTATION_CONTEXT('2D SPACE',''
  ) );
#5802 = ORIENTED_EDGE('',*,*,#5753,.F.);
#5803 = ORIENTED_EDGE('',*,*,#5358,.T.);
#5804 = ADVANCED_FACE('',(#5805),#5791,.F.);
#5805 = FACE_BOUND('',#5806,.F.);
#5806 = EDGE_LOOP('',(#5807));
#5807 = ORIENTED_EDGE('',*,*,#5776,.T.);
#5808 = ADVANCED_FACE('',(#5809,#5815),#4505,.F.);
#5809 = FACE_BOUND('',#5810,.F.);
#5810 = EDGE_LOOP('',(#5811,#5812,#5813,#5814));
#5811 = ORIENTED_EDGE('',*,*,#4698,.T.);
#5812 = ORIENTED_EDGE('',*,*,#4723,.T.);
#5813 = ORIENTED_EDGE('',*,*,#4488,.F.);
#5814 = ORIENTED_EDGE('',*,*,#4593,.F.);
#5815 = FACE_BOUND('',#5816,.F.);
#5816 = EDGE_LOOP('',(#5817));
#5817 = ORIENTED_EDGE('',*,*,#5818,.T.);
#5818 = EDGE_CURVE('',#5819,#5819,#5821,.T.);
#5819 = VERTEX_POINT('',#5820);
#5820 = CARTESIAN_POINT('',(-89.2,5.327213576291E-15,106.25));
#5821 = SURFACE_CURVE('',#5822,(#5827,#5838),.PCURVE_S1.);
#5822 = CIRCLE('',#5823,21.75);
#5823 = AXIS2_PLACEMENT_3D('',#5824,#5825,#5826);
#5824 = CARTESIAN_POINT('',(-89.2,0.,128.));
#5825 = DIRECTION('',(-1.,0.,0.));
#5826 = DIRECTION('',(0.,0.,-1.));
#5827 = PCURVE('',#4505,#5828);
#5828 = DEFINITIONAL_REPRESENTATION('',(#5829),#5837);
#5829 = ( BOUNDED_CURVE() B_SPLINE_CURVE(2,(#5830,#5831,#5832,#5833,
#5834,#5835,#5836),.UNSPECIFIED.,.T.,.F.) B_SPLINE_CURVE_WITH_KNOTS((1,2
    ,2,2,2,1),(-2.094395102393,0.,2.094395102393,4.188790204786,
6.28318530718,8.377580409573),.UNSPECIFIED.) CURVE() 
GEOMETRIC_REPRESENTATION_ITEM() RATIONAL_B_SPLINE_CURVE((1.,0.5,1.,0.5,
1.,0.5,1.)) REPRESENTATION_ITEM('') );
#5830 = CARTESIAN_POINT('',(-21.75,0.));
#5831 = CARTESIAN_POINT('',(-21.75,37.672105064623));
#5832 = CARTESIAN_POINT('',(10.875,18.836052532312));
#5833 = CARTESIAN_POINT('',(43.5,5.327213576291E-15));
#5834 = CARTESIAN_POINT('',(10.875,-18.83605253231));
#5835 = CARTESIAN_POINT('',(-21.75,-37.67210506462));
#5836 = CARTESIAN_POINT('',(-21.75,0.));
#5837 = ( GEOMETRIC_REPRESENTATION_CONTEXT(2) 
PARAMETRIC_REPRESENTATION_CONTEXT() REPRESENTATION_CONTEXT('2D SPACE',''
  ) );
#5838 = PCURVE('',#5839,#5844);
#5839 = PLANE('',#5840);
#5840 = AXIS2_PLACEMENT_3D('',#5841,#5842,#5843);
#5841 = CARTESIAN_POINT('',(-89.2,0.,128.));
#5842 = DIRECTION('',(1.,0.,0.));
#5843 = DIRECTION('',(-0.,0.,1.));
#5844 = DEFINITIONAL_REPRESENTATION('',(#5845),#5853);
#5845 = ( BOUNDED_CURVE() B_SPLINE_CURVE(2,(#5846,#5847,#5848,#5849,
#5850,#5851,#5852),.UNSPECIFIED.,.T.,.F.) B_SPLINE_CURVE_WITH_KNOTS((1,2
    ,2,2,2,1),(-2.094395102393,0.,2.094395102393,4.188790204786,
6.28318530718,8.377580409573),.UNSPECIFIED.) CURVE() 
GEOMETRIC_REPRESENTATION_ITEM() RATIONAL_B_SPLINE_CURVE((1.,0.5,1.,0.5,
1.,0.5,1.)) REPRESENTATION_ITEM('') );
#5846 = CARTESIAN_POINT('',(-21.75,0.));
#5847 = CARTESIAN_POINT('',(-21.75,37.672105064623));
#5848 = CARTESIAN_POINT('',(10.875,18.836052532312));
#5849 = CARTESIAN_POINT('',(43.5,5.327213576291E-15));
#5850 = CARTESIAN_POINT('',(10.875,-18.83605253231));
#5851 = CARTESIAN_POINT('',(-21.75,-37.67210506462));
#5852 = CARTESIAN_POINT('',(-21.75,0.));
#5853 = ( GEOMETRIC_REPRESENTATION_CONTEXT(2) 
PARAMETRIC_REPRESENTATION_CONTEXT() REPRESENTATION_CONTEXT('2D SPACE',''
  ) );
#5854 = ADVANCED_FACE('',(#5855,#5858),#5839,.F.);
#5855 = FACE_BOUND('',#5856,.F.);
#5856 = EDGE_LOOP('',(#5857));
#5857 = ORIENTED_EDGE('',*,*,#5818,.F.);
#5858 = FACE_BOUND('',#5859,.F.);
#5859 = EDGE_LOOP('',(#5860));
#5860 = ORIENTED_EDGE('',*,*,#5861,.F.);
#5861 = EDGE_CURVE('',#5862,#5862,#5864,.T.);
#5862 = VERTEX_POINT('',#5863);
#5863 = CARTESIAN_POINT('',(-89.2,2.939152317954E-15,140.));
#5864 = SURFACE_CURVE('',#5865,(#5870,#5877),.PCURVE_S1.);
#5865 = CIRCLE('',#5866,12.);
#5866 = AXIS2_PLACEMENT_3D('',#5867,#5868,#5869);
#5867 = CARTESIAN_POINT('',(-89.2,0.,128.));
#5868 = DIRECTION('',(1.,0.,0.));
#5869 = DIRECTION('',(-0.,0.,1.));
#5870 = PCURVE('',#5839,#5871);
#5871 = DEFINITIONAL_REPRESENTATION('',(#5872),#5876);
#5872 = CIRCLE('',#5873,12.);
#5873 = AXIS2_PLACEMENT_2D('',#5874,#5875);
#5874 = CARTESIAN_POINT('',(0.,0.));
#5875 = DIRECTION('',(1.,0.));
#5876 = ( GEOMETRIC_REPRESENTATION_CONTEXT(2) 
PARAMETRIC_REPRESENTATION_CONTEXT() REPRESENTATION_CONTEXT('2D SPACE',''
  ) );
#5877 = PCURVE('',#5878,#5883);
#5878 = CYLINDRICAL_SURFACE('',#5879,12.);
#5879 = AXIS2_PLACEMENT_3D('',#5880,#5881,#5882);
#5880 = CARTESIAN_POINT('',(-93.7,0.,128.));
#5881 = DIRECTION('',(1.,0.,0.));
#5882 = DIRECTION('',(-0.,0.,1.));
#5883 = DEFINITIONAL_REPRESENTATION('',(#5884),#5888);
#5884 = LINE('',#5885,#5886);
#5885 = CARTESIAN_POINT('',(0.,4.5));
#5886 = VECTOR('',#5887,1.);
#5887 = DIRECTION('',(1.,0.));
#5888 = ( GEOMETRIC_REPRESENTATION_CONTEXT(2) 
PARAMETRIC_REPRESENTATION_CONTEXT() REPRESENTATION_CONTEXT('2D SPACE',''
  ) );
#5889 = ADVANCED_FACE('',(#5890),#5878,.F.);
#5890 = FACE_BOUND('',#5891,.F.);
#5891 = EDGE_LOOP('',(#5892,#5921,#5942,#5943));
#5892 = ORIENTED_EDGE('',*,*,#5893,.F.);
#5893 = EDGE_CURVE('',#5894,#5894,#5896,.T.);
#5894 = VERTEX_POINT('',#5895);
#5895 = CARTESIAN_POINT('',(-88.,2.939152317954E-15,140.));
#5896 = SURFACE_CURVE('',#5897,(#5902,#5909),.PCURVE_S1.);
#5897 = CIRCLE('',#5898,12.);
#5898 = AXIS2_PLACEMENT_3D('',#5899,#5900,#5901);
#5899 = CARTESIAN_POINT('',(-88.,0.,128.));
#5900 = DIRECTION('',(1.,0.,0.));
#5901 = DIRECTION('',(-0.,0.,1.));
#5902 = PCURVE('',#5878,#5903);
#5903 = DEFINITIONAL_REPRESENTATION('',(#5904),#5908);
#5904 = LINE('',#5905,#5906);
#5905 = CARTESIAN_POINT('',(0.,5.7));
#5906 = VECTOR('',#5907,1.);
#5907 = DIRECTION('',(1.,0.));
#5908 = ( GEOMETRIC_REPRESENTATION_CONTEXT(2) 
PARAMETRIC_REPRESENTATION_CONTEXT() REPRESENTATION_CONTEXT('2D SPACE',''
  ) );
#5909 = PCURVE('',#5910,#5915);
#5910 = PLANE('',#5911);
#5911 = AXIS2_PLACEMENT_3D('',#5912,#5913,#5914);
#5912 = CARTESIAN_POINT('',(-88.,0.,128.));
#5913 = DIRECTION('',(1.,0.,0.));
#5914 = DIRECTION('',(-0.,0.,1.));
#5915 = DEFINITIONAL_REPRESENTATION('',(#5916),#5920);
#5916 = CIRCLE('',#5917,12.);
#5917 = AXIS2_PLACEMENT_2D('',#5918,#5919);
#5918 = CARTESIAN_POINT('',(0.,0.));
#5919 = DIRECTION('',(1.,0.));
#5920 = ( GEOMETRIC_REPRESENTATION_CONTEXT(2) 
PARAMETRIC_REPRESENTATION_CONTEXT() REPRESENTATION_CONTEXT('2D SPACE',''
  ) );
#5921 = ORIENTED_EDGE('',*,*,#5922,.F.);
#5922 = EDGE_CURVE('',#5862,#5894,#5923,.T.);
#5923 = SEAM_CURVE('',#5924,(#5928,#5935),.PCURVE_S1.);
#5924 = LINE('',#5925,#5926);
#5925 = CARTESIAN_POINT('',(-93.7,2.939152317954E-15,140.));
#5926 = VECTOR('',#5927,1.);
#5927 = DIRECTION('',(1.,0.,0.));
#5928 = PCURVE('',#5878,#5929);
#5929 = DEFINITIONAL_REPRESENTATION('',(#5930),#5934);
#5930 = LINE('',#5931,#5932);
#5931 = CARTESIAN_POINT('',(6.28318530718,-0.));
#5932 = VECTOR('',#5933,1.);
#5933 = DIRECTION('',(0.,1.));
#5934 = ( GEOMETRIC_REPRESENTATION_CONTEXT(2) 
PARAMETRIC_REPRESENTATION_CONTEXT() REPRESENTATION_CONTEXT('2D SPACE',''
  ) );
#5935 = PCURVE('',#5878,#5936);
#5936 = DEFINITIONAL_REPRESENTATION('',(#5937),#5941);
#5937 = LINE('',#5938,#5939);
#5938 = CARTESIAN_POINT('',(0.,-0.));
#5939 = VECTOR('',#5940,1.);
#5940 = DIRECTION('',(0.,1.));
#5941 = ( GEOMETRIC_REPRESENTATION_CONTEXT(2) 
PARAMETRIC_REPRESENTATION_CONTEXT() REPRESENTATION_CONTEXT('2D SPACE',''
  ) );
#5942 = ORIENTED_EDGE('',*,*,#5861,.T.);
#5943 = ORIENTED_EDGE('',*,*,#5922,.T.);
#5944 = ADVANCED_FACE('',(#5945,#5976),#5910,.T.);
#5945 = FACE_BOUND('',#5946,.T.);
#5946 = EDGE_LOOP('',(#5947));
#5947 = ORIENTED_EDGE('',*,*,#5948,.T.);
#5948 = EDGE_CURVE('',#5949,#5949,#5951,.T.);
#5949 = VERTEX_POINT('',#5950);
#5950 = CARTESIAN_POINT('',(-88.,4.163799117101E-15,145.));
#5951 = SURFACE_CURVE('',#5952,(#5957,#5964),.PCURVE_S1.);
#5952 = CIRCLE('',#5953,17.);
#5953 = AXIS2_PLACEMENT_3D('',#5954,#5955,#5956);
#5954 = CARTESIAN_POINT('',(-88.,0.,128.));
#5955 = DIRECTION('',(1.,0.,0.));
#5956 = DIRECTION('',(-0.,0.,1.));
#5957 = PCURVE('',#5910,#5958);
#5958 = DEFINITIONAL_REPRESENTATION('',(#5959),#5963);
#5959 = CIRCLE('',#5960,17.);
#5960 = AXIS2_PLACEMENT_2D('',#5961,#5962);
#5961 = CARTESIAN_POINT('',(0.,0.));
#5962 = DIRECTION('',(1.,0.));
#5963 = ( GEOMETRIC_REPRESENTATION_CONTEXT(2) 
PARAMETRIC_REPRESENTATION_CONTEXT() REPRESENTATION_CONTEXT('2D SPACE',''
  ) );
#5964 = PCURVE('',#5965,#5970);
#5965 = CYLINDRICAL_SURFACE('',#5966,17.);
#5966 = AXIS2_PLACEMENT_3D('',#5967,#5968,#5969);
#5967 = CARTESIAN_POINT('',(-88.,0.,128.));
#5968 = DIRECTION('',(1.,0.,0.));
#5969 = DIRECTION('',(-0.,0.,1.));
#5970 = DEFINITIONAL_REPRESENTATION('',(#5971),#5975);
#5971 = LINE('',#5972,#5973);
#5972 = CARTESIAN_POINT('',(0.,0.));
#5973 = VECTOR('',#5974,1.);
#5974 = DIRECTION('',(1.,0.));
#5975 = ( GEOMETRIC_REPRESENTATION_CONTEXT(2) 
PARAMETRIC_REPRESENTATION_CONTEXT() REPRESENTATION_CONTEXT('2D SPACE',''
  ) );
#5976 = FACE_BOUND('',#5977,.T.);
#5977 = EDGE_LOOP('',(#5978));
#5978 = ORIENTED_EDGE('',*,*,#5893,.F.);
#5979 = ADVANCED_FACE('',(#5980),#5965,.F.);
#5980 = FACE_BOUND('',#5981,.F.);
#5981 = EDGE_LOOP('',(#5982,#6011,#6032,#6033));
#5982 = ORIENTED_EDGE('',*,*,#5983,.F.);
#5983 = EDGE_CURVE('',#5984,#5984,#5986,.T.);
#5984 = VERTEX_POINT('',#5985);
#5985 = CARTESIAN_POINT('',(-83.1,4.163799117101E-15,145.));
#5986 = SURFACE_CURVE('',#5987,(#5992,#5999),.PCURVE_S1.);
#5987 = CIRCLE('',#5988,17.);
#5988 = AXIS2_PLACEMENT_3D('',#5989,#5990,#5991);
#5989 = CARTESIAN_POINT('',(-83.1,0.,128.));
#5990 = DIRECTION('',(1.,0.,0.));
#5991 = DIRECTION('',(-0.,0.,1.));
#5992 = PCURVE('',#5965,#5993);
#5993 = DEFINITIONAL_REPRESENTATION('',(#5994),#5998);
#5994 = LINE('',#5995,#5996);
#5995 = CARTESIAN_POINT('',(0.,4.9));
#5996 = VECTOR('',#5997,1.);
#5997 = DIRECTION('',(1.,0.));
#5998 = ( GEOMETRIC_REPRESENTATION_CONTEXT(2) 
PARAMETRIC_REPRESENTATION_CONTEXT() REPRESENTATION_CONTEXT('2D SPACE',''
  ) );
#5999 = PCURVE('',#6000,#6005);
#6000 = PLANE('',#6001);
#6001 = AXIS2_PLACEMENT_3D('',#6002,#6003,#6004);
#6002 = CARTESIAN_POINT('',(-83.1,0.,128.));
#6003 = DIRECTION('',(1.,0.,0.));
#6004 = DIRECTION('',(-0.,0.,1.));
#6005 = DEFINITIONAL_REPRESENTATION('',(#6006),#6010);
#6006 = CIRCLE('',#6007,17.);
#6007 = AXIS2_PLACEMENT_2D('',#6008,#6009);
#6008 = CARTESIAN_POINT('',(0.,0.));
#6009 = DIRECTION('',(1.,0.));
#6010 = ( GEOMETRIC_REPRESENTATION_CONTEXT(2) 
PARAMETRIC_REPRESENTATION_CONTEXT() REPRESENTATION_CONTEXT('2D SPACE',''
  ) );
#6011 = ORIENTED_EDGE('',*,*,#6012,.F.);
#6012 = EDGE_CURVE('',#5949,#5984,#6013,.T.);
#6013 = SEAM_CURVE('',#6014,(#6018,#6025),.PCURVE_S1.);
#6014 = LINE('',#6015,#6016);
#6015 = CARTESIAN_POINT('',(-88.,4.163799117101E-15,145.));
#6016 = VECTOR('',#6017,1.);
#6017 = DIRECTION('',(1.,0.,0.));
#6018 = PCURVE('',#5965,#6019);
#6019 = DEFINITIONAL_REPRESENTATION('',(#6020),#6024);
#6020 = LINE('',#6021,#6022);
#6021 = CARTESIAN_POINT('',(6.28318530718,-0.));
#6022 = VECTOR('',#6023,1.);
#6023 = DIRECTION('',(0.,1.));
#6024 = ( GEOMETRIC_REPRESENTATION_CONTEXT(2) 
PARAMETRIC_REPRESENTATION_CONTEXT() REPRESENTATION_CONTEXT('2D SPACE',''
  ) );
#6025 = PCURVE('',#5965,#6026);
#6026 = DEFINITIONAL_REPRESENTATION('',(#6027),#6031);
#6027 = LINE('',#6028,#6029);
#6028 = CARTESIAN_POINT('',(0.,-0.));
#6029 = VECTOR('',#6030,1.);
#6030 = DIRECTION('',(0.,1.));
#6031 = ( GEOMETRIC_REPRESENTATION_CONTEXT(2) 
PARAMETRIC_REPRESENTATION_CONTEXT() REPRESENTATION_CONTEXT('2D SPACE',''
  ) );
#6032 = ORIENTED_EDGE('',*,*,#5948,.T.);
#6033 = ORIENTED_EDGE('',*,*,#6012,.T.);
#6034 = ADVANCED_FACE('',(#6035,#6038),#6000,.F.);
#6035 = FACE_BOUND('',#6036,.F.);
#6036 = EDGE_LOOP('',(#6037));
#6037 = ORIENTED_EDGE('',*,*,#5983,.T.);
#6038 = FACE_BOUND('',#6039,.F.);
#6039 = EDGE_LOOP('',(#6040));
#6040 = ORIENTED_EDGE('',*,*,#6041,.F.);
#6041 = EDGE_CURVE('',#6042,#6042,#6044,.T.);
#6042 = VERTEX_POINT('',#6043);
#6043 = CARTESIAN_POINT('',(-83.1,2.939152317954E-15,140.));
#6044 = SURFACE_CURVE('',#6045,(#6050,#6057),.PCURVE_S1.);
#6045 = CIRCLE('',#6046,12.);
#6046 = AXIS2_PLACEMENT_3D('',#6047,#6048,#6049);
#6047 = CARTESIAN_POINT('',(-83.1,0.,128.));
#6048 = DIRECTION('',(1.,0.,0.));
#6049 = DIRECTION('',(-0.,0.,1.));
#6050 = PCURVE('',#6000,#6051);
#6051 = DEFINITIONAL_REPRESENTATION('',(#6052),#6056);
#6052 = CIRCLE('',#6053,12.);
#6053 = AXIS2_PLACEMENT_2D('',#6054,#6055);
#6054 = CARTESIAN_POINT('',(0.,0.));
#6055 = DIRECTION('',(1.,0.));
#6056 = ( GEOMETRIC_REPRESENTATION_CONTEXT(2) 
PARAMETRIC_REPRESENTATION_CONTEXT() REPRESENTATION_CONTEXT('2D SPACE',''
  ) );
#6057 = PCURVE('',#6058,#6063);
#6058 = CYLINDRICAL_SURFACE('',#6059,12.);
#6059 = AXIS2_PLACEMENT_3D('',#6060,#6061,#6062);
#6060 = CARTESIAN_POINT('',(-93.7,0.,128.));
#6061 = DIRECTION('',(1.,0.,0.));
#6062 = DIRECTION('',(-0.,0.,1.));
#6063 = DEFINITIONAL_REPRESENTATION('',(#6064),#6068);
#6064 = LINE('',#6065,#6066);
#6065 = CARTESIAN_POINT('',(0.,10.6));
#6066 = VECTOR('',#6067,1.);
#6067 = DIRECTION('',(1.,0.));
#6068 = ( GEOMETRIC_REPRESENTATION_CONTEXT(2) 
PARAMETRIC_REPRESENTATION_CONTEXT() REPRESENTATION_CONTEXT('2D SPACE',''
  ) );
#6069 = ADVANCED_FACE('',(#6070),#6058,.F.);
#6070 = FACE_BOUND('',#6071,.F.);
#6071 = EDGE_LOOP('',(#6072,#6095,#6514,#6515));
#6072 = ORIENTED_EDGE('',*,*,#6073,.T.);
#6073 = EDGE_CURVE('',#6042,#6074,#6076,.T.);
#6074 = VERTEX_POINT('',#6075);
#6075 = CARTESIAN_POINT('',(-52.2,2.939152317954E-15,140.));
#6076 = SEAM_CURVE('',#6077,(#6081,#6088),.PCURVE_S1.);
#6077 = LINE('',#6078,#6079);
#6078 = CARTESIAN_POINT('',(-93.7,2.939152317954E-15,140.));
#6079 = VECTOR('',#6080,1.);
#6080 = DIRECTION('',(1.,0.,0.));
#6081 = PCURVE('',#6058,#6082);
#6082 = DEFINITIONAL_REPRESENTATION('',(#6083),#6087);
#6083 = LINE('',#6084,#6085);
#6084 = CARTESIAN_POINT('',(6.28318530718,-0.));
#6085 = VECTOR('',#6086,1.);
#6086 = DIRECTION('',(0.,1.));
#6087 = ( GEOMETRIC_REPRESENTATION_CONTEXT(2) 
PARAMETRIC_REPRESENTATION_CONTEXT() REPRESENTATION_CONTEXT('2D SPACE',''
  ) );
#6088 = PCURVE('',#6058,#6089);
#6089 = DEFINITIONAL_REPRESENTATION('',(#6090),#6094);
#6090 = LINE('',#6091,#6092);
#6091 = CARTESIAN_POINT('',(0.,-0.));
#6092 = VECTOR('',#6093,1.);
#6093 = DIRECTION('',(0.,1.));
#6094 = ( GEOMETRIC_REPRESENTATION_CONTEXT(2) 
PARAMETRIC_REPRESENTATION_CONTEXT() REPRESENTATION_CONTEXT('2D SPACE',''
  ) );
#6095 = ORIENTED_EDGE('',*,*,#6096,.F.);
#6096 = EDGE_CURVE('',#6074,#6074,#6097,.T.);
#6097 = SURFACE_CURVE('',#6098,(#6233,#6371),.PCURVE_S1.);
#6098 = B_SPLINE_CURVE_WITH_KNOTS('',7,(#6099,#6100,#6101,#6102,#6103,
    #6104,#6105,#6106,#6107,#6108,#6109,#6110,#6111,#6112,#6113,#6114,
    #6115,#6116,#6117,#6118,#6119,#6120,#6121,#6122,#6123,#6124,#6125,
    #6126,#6127,#6128,#6129,#6130,#6131,#6132,#6133,#6134,#6135,#6136,
    #6137,#6138,#6139,#6140,#6141,#6142,#6143,#6144,#6145,#6146,#6147,
    #6148,#6149,#6150,#6151,#6152,#6153,#6154,#6155,#6156,#6157,#6158,
    #6159,#6160,#6161,#6162,#6163,#6164,#6165,#6166,#6167,#6168,#6169,
    #6170,#6171,#6172,#6173,#6174,#6175,#6176,#6177,#6178,#6179,#6180,
    #6181,#6182,#6183,#6184,#6185,#6186,#6187,#6188,#6189,#6190,#6191,
    #6192,#6193,#6194,#6195,#6196,#6197,#6198,#6199,#6200,#6201,#6202,
    #6203,#6204,#6205,#6206,#6207,#6208,#6209,#6210,#6211,#6212,#6213,
    #6214,#6215,#6216,#6217,#6218,#6219,#6220,#6221,#6222,#6223,#6224,
    #6225,#6226,#6227,#6228,#6229,#6230,#6231,#6232),.UNSPECIFIED.,.T.,
  .F.,(8,6,6,6,6,6,6,6,6,6,6,6,6,6,6,6,6,6,6,6,6,6,8),(0.,
    4.439477269232E-02,7.297656696146E-02,0.110775524488,0.144044280216,
    0.250095217553,0.307136218793,0.356112635891,0.389361687752,
    0.42713825763,0.470789062941,0.500040325593,0.529291890761,
    0.572942893256,0.610719634495,0.643968836557,0.692945474904,
    0.749986733825,0.82891325915,0.889268933904,0.927052745224,
    0.955623086645,1.),.UNSPECIFIED.);
#6099 = CARTESIAN_POINT('',(-52.2,5.329070518201E-15,140.));
#6100 = CARTESIAN_POINT('',(-52.2,-0.584732800185,140.));
#6101 = CARTESIAN_POINT('',(-52.19235835189,-1.168418709154,
    139.96675839526));
#6102 = CARTESIAN_POINT('',(-52.17712391557,-1.747105491165,
    139.9004900628));
#6103 = CARTESIAN_POINT('',(-52.15464954665,-2.316886862851,
    139.80217526634));
#6104 = CARTESIAN_POINT('',(-52.12558047788,-2.873992276399,
    139.67354706619));
#6105 = CARTESIAN_POINT('',(-52.09080596493,-3.414874971215,
    139.51708700928));
#6106 = CARTESIAN_POINT('',(-52.02598763345,-4.271995792616,
    139.21946222395));
#6107 = CARTESIAN_POINT('',(-51.9986400929,-4.60003212453,
    139.09255921512));
#6108 = CARTESIAN_POINT('',(-51.96955920957,-4.920089516074,
    138.95593685287));
#6109 = CARTESIAN_POINT('',(-51.93897730165,-5.231885259867,
    138.81021810571));
#6110 = CARTESIAN_POINT('',(-51.90712775262,-5.535171628447,
    138.65603274415));
#6111 = CARTESIAN_POINT('',(-51.87424139311,-5.829735787836,
    138.49401795423));
#6112 = CARTESIAN_POINT('',(-51.7959771514,-6.493185598186,
    138.10105602455));
#6113 = CARTESIAN_POINT('',(-51.74998012755,-6.855496309911,
    137.86467430617));
#6114 = CARTESIAN_POINT('',(-51.70301693489,-7.202366427592,
    137.61688269403));
#6115 = CARTESIAN_POINT('',(-51.65551608076,-7.533887086788,
    137.358788532));
#6116 = CARTESIAN_POINT('',(-51.60786899458,-7.850195181455,
    137.09140586371));
#6117 = CARTESIAN_POINT('',(-51.56042956633,-8.151462568101,
    136.8156636865));
#6118 = CARTESIAN_POINT('',(-51.47222066793,-8.68998023568,
    136.28311215003));
#6119 = CARTESIAN_POINT('',(-51.43132508885,-8.930626109755,
    136.02794489296));
#6120 = CARTESIAN_POINT('',(-51.39103399259,-9.160003479856,
    135.76743321934));
#6121 = CARTESIAN_POINT('',(-51.35153390171,-9.37829006745,
    135.50205138821));
#6122 = CARTESIAN_POINT('',(-51.31299197852,-9.585660842466,
    135.23222718172));
#6123 = CARTESIAN_POINT('',(-51.2755571873,-9.782288137968,
    134.95834195451));
#6124 = CARTESIAN_POINT('',(-51.1239801893,-10.56142560859,
    133.79578819243));
#6125 = CARTESIAN_POINT('',(-51.02112491419,-11.04739754514,
    132.87248513948));
#6126 = CARTESIAN_POINT('',(-50.93520149478,-11.43098477921,
    131.92234982552));
#6127 = CARTESIAN_POINT('',(-50.86904279121,-11.71604062277,
    130.95382796683));
#6128 = CARTESIAN_POINT('',(-50.82434577365,-11.90526581978,
    129.97352926455));
#6129 = CARTESIAN_POINT('',(-50.80196846579,-12.,128.98712619998));
#6130 = CARTESIAN_POINT('',(-50.80196846579,-12.,127.46906016852));
#6131 = CARTESIAN_POINT('',(-50.80844257294,-11.97259345663,
    126.9381501843));
#6132 = CARTESIAN_POINT('',(-50.82138814642,-11.91778549942,
    126.40818992573));
#6133 = CARTESIAN_POINT('',(-50.84073305055,-11.83547261097,
    125.88010710214));
#6134 = CARTESIAN_POINT('',(-50.86632995124,-11.72544608195,
    125.35487134003));
#6135 = CARTESIAN_POINT('',(-50.8979506124,-11.58739546608,
    124.83352826934));
#6136 = CARTESIAN_POINT('',(-50.96733203314,-11.27796640346,
    123.87393384204));
#6137 = CARTESIAN_POINT('',(-51.00359089444,-11.11406643282,
    123.43437818311));
#6138 = CARTESIAN_POINT('',(-51.04386042015,-10.92893477484,
    122.99922928082));
#6139 = CARTESIAN_POINT('',(-51.08789965232,-10.7222250841,
    122.56922951432));
#6140 = CARTESIAN_POINT('',(-51.13541372052,-10.49353213051,
    122.14522597151));
#6141 = CARTESIAN_POINT('',(-51.1860445311,-10.24240191159,
    121.72819542647));
#6142 = CARTESIAN_POINT('',(-51.2755571873,-9.782288137968,
    121.04165804549));
#6143 = CARTESIAN_POINT('',(-51.31299197852,-9.585660842466,
    120.76777281827));
#6144 = CARTESIAN_POINT('',(-51.35153390171,-9.37829006745,
    120.49794861178));
#6145 = CARTESIAN_POINT('',(-51.39103399259,-9.160003479855,
    120.23256678065));
#6146 = CARTESIAN_POINT('',(-51.43132508885,-8.930626109755,
    119.97205510704));
#6147 = CARTESIAN_POINT('',(-51.47222066793,-8.68998023568,
    119.71688784996));
#6148 = CARTESIAN_POINT('',(-51.56042956545,-8.151462573459,
    119.18433631879));
#6149 = CARTESIAN_POINT('',(-51.60786899545,-7.850195175043,
    118.90859413157));
#6150 = CARTESIAN_POINT('',(-51.65551608147,-7.533887082418,
    118.64121146378));
#6151 = CARTESIAN_POINT('',(-51.70301693421,-7.202366433254,
    118.3831173094));
#6152 = CARTESIAN_POINT('',(-51.74998012668,-6.855496316058,
    118.13532569869));
#6153 = CARTESIAN_POINT('',(-51.79597715224,-6.493185591059,
    117.89894397121));
#6154 = CARTESIAN_POINT('',(-51.89203855926,-5.678868338664,
    117.41662311759));
#6155 = CARTESIAN_POINT('',(-51.94170479299,-5.220984760119,
    117.17450486304));
#6156 = CARTESIAN_POINT('',(-51.98868457922,-4.742679520017,
    116.95143991011));
#6157 = CARTESIAN_POINT('',(-52.03209789265,-4.245113413234,
    116.74988797827));
#6158 = CARTESIAN_POINT('',(-52.07108049799,-3.729664019828,
    116.57215637122));
#6159 = CARTESIAN_POINT('',(-52.10482276062,-3.197912239896,
    116.42040146651));
#6160 = CARTESIAN_POINT('',(-52.1512281987,-2.285553576493,
    116.21368864993));
#6161 = CARTESIAN_POINT('',(-52.1671581994,-1.913251445984,
    116.14338118936));
#6162 = CARTESIAN_POINT('',(-52.18015899169,-1.535876210615,
    116.08641100647));
#6163 = CARTESIAN_POINT('',(-52.19004314666,-1.154626106349,
    116.04331104844));
#6164 = CARTESIAN_POINT('',(-52.19667993704,-0.770730694564,
    116.01444362387));
#6165 = CARTESIAN_POINT('',(-52.2,-0.385437725214,116.));
#6166 = CARTESIAN_POINT('',(-52.2,0.385441711417,116.));
#6167 = CARTESIAN_POINT('',(-52.19667988061,0.770735530112,
    116.0144439256));
#6168 = CARTESIAN_POINT('',(-52.19004304835,1.154629588748,
    116.04331152357));
#6169 = CARTESIAN_POINT('',(-52.18015891832,1.535877233934,
    116.08641131699));
#6170 = CARTESIAN_POINT('',(-52.16715822071,1.913250143572,
    116.14338105571));
#6171 = CARTESIAN_POINT('',(-52.15122830716,2.285551444217,
    116.21368816682));
#6172 = CARTESIAN_POINT('',(-52.10482276062,3.197912239897,
    116.42040146651));
#6173 = CARTESIAN_POINT('',(-52.07108049799,3.729664019829,
    116.57215637122));
#6174 = CARTESIAN_POINT('',(-52.03209789265,4.245113413234,
    116.74988797827));
#6175 = CARTESIAN_POINT('',(-51.98868457922,4.742679520017,
    116.95143991011));
#6176 = CARTESIAN_POINT('',(-51.94170479299,5.220984760119,
    117.17450486304));
#6177 = CARTESIAN_POINT('',(-51.89203855926,5.678868338664,
    117.41662311759));
#6178 = CARTESIAN_POINT('',(-51.7959771514,6.493185598188,
    117.89894397544));
#6179 = CARTESIAN_POINT('',(-51.74998012755,6.855496309912,
    118.13532569382));
#6180 = CARTESIAN_POINT('',(-51.70301693489,7.202366427592,
    118.38311730596));
#6181 = CARTESIAN_POINT('',(-51.65551608076,7.533887086786,
    118.64121146799));
#6182 = CARTESIAN_POINT('',(-51.60786899458,7.850195181454,
    118.90859413628));
#6183 = CARTESIAN_POINT('',(-51.56042956633,8.151462568103,
    119.18433631349));
#6184 = CARTESIAN_POINT('',(-51.47222066793,8.68998023568,
    119.71688784996));
#6185 = CARTESIAN_POINT('',(-51.43132508885,8.930626109755,
    119.97205510704));
#6186 = CARTESIAN_POINT('',(-51.39103399259,9.160003479855,
    120.23256678065));
#6187 = CARTESIAN_POINT('',(-51.35153390171,9.37829006745,
    120.49794861178));
#6188 = CARTESIAN_POINT('',(-51.31299197852,9.585660842466,
    120.76777281827));
#6189 = CARTESIAN_POINT('',(-51.2755571873,9.782288137968,
    121.04165804549));
#6190 = CARTESIAN_POINT('',(-51.1860445311,10.242401911594,
    121.72819542647));
#6191 = CARTESIAN_POINT('',(-51.13541372052,10.493532130515,
    122.14522597151));
#6192 = CARTESIAN_POINT('',(-51.08789965232,10.722225084109,
    122.56922951432));
#6193 = CARTESIAN_POINT('',(-51.04386042015,10.928934774845,
    122.99922928082));
#6194 = CARTESIAN_POINT('',(-51.00359089444,11.114066432829,
    123.43437818311));
#6195 = CARTESIAN_POINT('',(-50.96733203314,11.277966403468,
    123.87393384204));
#6196 = CARTESIAN_POINT('',(-50.8979506124,11.58739546608,
    124.83352826934));
#6197 = CARTESIAN_POINT('',(-50.86632995124,11.72544608195,
    125.35487134003));
#6198 = CARTESIAN_POINT('',(-50.84073305055,11.835472610974,
    125.88010710214));
#6199 = CARTESIAN_POINT('',(-50.82138814642,11.917785499425,
    126.40818992573));
#6200 = CARTESIAN_POINT('',(-50.80844257294,11.972593456634,
    126.9381501843));
#6201 = CARTESIAN_POINT('',(-50.80196846579,12.,127.46906016852));
#6202 = CARTESIAN_POINT('',(-50.80196846579,12.,128.73464781191));
#6203 = CARTESIAN_POINT('',(-50.81436296788,11.947528042361,
    129.46914211255));
#6204 = CARTESIAN_POINT('',(-50.83914197363,11.842625652139,
    130.20111164126));
#6205 = CARTESIAN_POINT('',(-50.87603853464,11.684899019149,
    130.92815100959));
#6206 = CARTESIAN_POINT('',(-50.92451834,11.473560629276,131.64763555255
    ));
#6207 = CARTESIAN_POINT('',(-50.98373785272,11.207458206386,
    132.35653374017));
#6208 = CARTESIAN_POINT('',(-51.10503171717,10.638574444495,
    133.58244648827));
#6209 = CARTESIAN_POINT('',(-51.16315489752,10.359159147578,
    134.1053540381));
#6210 = CARTESIAN_POINT('',(-51.22630979748,10.046094219413,
    134.61849413774));
#6211 = CARTESIAN_POINT('',(-51.29384075487,9.698466758852,
    135.1201297965));
#6212 = CARTESIAN_POINT('',(-51.36493166908,9.315260665677,
    135.60814430966));
#6213 = CARTESIAN_POINT('',(-51.43857048634,8.895415488049,
    136.07995287433));
#6214 = CARTESIAN_POINT('',(-51.56042956633,8.151462568104,
    136.8156636865));
#6215 = CARTESIAN_POINT('',(-51.60786899458,7.850195181453,
    137.09140586371));
#6216 = CARTESIAN_POINT('',(-51.65551608076,7.533887086786,137.358788532
    ));
#6217 = CARTESIAN_POINT('',(-51.70301693489,7.202366427593,
    137.61688269403));
#6218 = CARTESIAN_POINT('',(-51.74998012755,6.855496309913,
    137.86467430617));
#6219 = CARTESIAN_POINT('',(-51.7959771514,6.493185598185,
    138.10105602456));
#6220 = CARTESIAN_POINT('',(-51.87424139311,5.82973578783,
    138.49401795423));
#6221 = CARTESIAN_POINT('',(-51.90712775262,5.535171628446,
    138.65603274415));
#6222 = CARTESIAN_POINT('',(-51.93897730165,5.231885259873,
    138.81021810571));
#6223 = CARTESIAN_POINT('',(-51.96955920957,4.92008951608,
    138.95593685287));
#6224 = CARTESIAN_POINT('',(-51.9986400929,4.600032124529,
    139.09255921513));
#6225 = CARTESIAN_POINT('',(-52.02598763345,4.271995792608,
    139.21946222396));
#6226 = CARTESIAN_POINT('',(-52.09080590259,3.414875795599,
    139.51708672302));
#6227 = CARTESIAN_POINT('',(-52.12558045182,2.873992877162,
    139.67354695723));
#6228 = CARTESIAN_POINT('',(-52.15464958814,2.316886512998,
    139.80217545386));
#6229 = CARTESIAN_POINT('',(-52.17712399398,1.747103943266,139.900490405
    ));
#6230 = CARTESIAN_POINT('',(-52.19235840814,1.168416321122,
    139.96675863951));
#6231 = CARTESIAN_POINT('',(-52.2,0.584730648414,140.));
#6232 = CARTESIAN_POINT('',(-52.2,5.329070518201E-15,140.));
#6233 = PCURVE('',#6058,#6234);
#6234 = DEFINITIONAL_REPRESENTATION('',(#6235),#6370);
#6235 = B_SPLINE_CURVE_WITH_KNOTS('',7,(#6236,#6237,#6238,#6239,#6240,
    #6241,#6242,#6243,#6244,#6245,#6246,#6247,#6248,#6249,#6250,#6251,
    #6252,#6253,#6254,#6255,#6256,#6257,#6258,#6259,#6260,#6261,#6262,
    #6263,#6264,#6265,#6266,#6267,#6268,#6269,#6270,#6271,#6272,#6273,
    #6274,#6275,#6276,#6277,#6278,#6279,#6280,#6281,#6282,#6283,#6284,
    #6285,#6286,#6287,#6288,#6289,#6290,#6291,#6292,#6293,#6294,#6295,
    #6296,#6297,#6298,#6299,#6300,#6301,#6302,#6303,#6304,#6305,#6306,
    #6307,#6308,#6309,#6310,#6311,#6312,#6313,#6314,#6315,#6316,#6317,
    #6318,#6319,#6320,#6321,#6322,#6323,#6324,#6325,#6326,#6327,#6328,
    #6329,#6330,#6331,#6332,#6333,#6334,#6335,#6336,#6337,#6338,#6339,
    #6340,#6341,#6342,#6343,#6344,#6345,#6346,#6347,#6348,#6349,#6350,
    #6351,#6352,#6353,#6354,#6355,#6356,#6357,#6358,#6359,#6360,#6361,
    #6362,#6363,#6364,#6365,#6366,#6367,#6368,#6369),.UNSPECIFIED.,.F.,
  .F.,(8,6,6,6,6,6,6,6,6,6,6,6,6,6,6,6,6,6,6,6,6,6,8),(0.,
    4.439477269232E-02,7.297656696146E-02,0.110775524488,0.144044280216,
    0.250095217553,0.307136218793,0.356112635891,0.389361687752,
    0.42713825763,0.470789062941,0.500040325593,0.529291890761,
    0.572942893256,0.610719634495,0.643968836557,0.692945474904,
    0.749986733825,0.82891325915,0.889268933904,0.927052745224,
    0.955623086645,1.),.UNSPECIFIED.);
#6236 = CARTESIAN_POINT('',(0.,41.5));
#6237 = CARTESIAN_POINT('',(4.872773334878E-02,41.5));
#6238 = CARTESIAN_POINT('',(9.736822196777E-02,41.507641648106));
#6239 = CARTESIAN_POINT('',(0.145781111178,41.522876084422));
#6240 = CARTESIAN_POINT('',(0.193826737584,41.545350453347));
#6241 = CARTESIAN_POINT('',(0.241358493492,41.574419522118));
#6242 = CARTESIAN_POINT('',(0.288214985097,41.609194035061));
#6243 = CARTESIAN_POINT('',(0.363825308067,41.674012366549));
#6244 = CARTESIAN_POINT('',(0.393118074485,41.701359907092));
#6245 = CARTESIAN_POINT('',(0.422090801095,41.730440790422));
#6246 = CARTESIAN_POINT('',(0.450742517449,41.761022698344));
#6247 = CARTESIAN_POINT('',(0.479070745832,41.792872247373));
#6248 = CARTESIAN_POINT('',(0.507071481861,41.82575860689));
#6249 = CARTESIAN_POINT('',(0.571329248849,41.9040228486));
#6250 = CARTESIAN_POINT('',(0.607345679677,41.950019872445));
#6251 = CARTESIAN_POINT('',(0.642819488621,41.996983065105));
#6252 = CARTESIAN_POINT('',(0.677779081771,42.044483919236));
#6253 = CARTESIAN_POINT('',(0.712250753143,42.092131005411));
#6254 = CARTESIAN_POINT('',(0.746259187582,42.139570433666));
#6255 = CARTESIAN_POINT('',(0.809373524816,42.227779332066));
#6256 = CARTESIAN_POINT('',(0.83858438276,42.268674911149));
#6257 = CARTESIAN_POINT('',(0.867482812419,42.308966007402));
#6258 = CARTESIAN_POINT('',(0.896089438626,42.348466098288));
#6259 = CARTESIAN_POINT('',(0.924423958065,42.387008021474));
#6260 = CARTESIAN_POINT('',(0.952505861218,42.424442812693));
#6261 = CARTESIAN_POINT('',(1.069130450293,42.576019810693));
#6262 = CARTESIAN_POINT('',(1.155591920543,42.678875085804));
#6263 = CARTESIAN_POINT('',(1.240303359509,42.764798505216));
#6264 = CARTESIAN_POINT('',(1.323734663134,42.830957208788));
#6265 = CARTESIAN_POINT('',(1.406335597094,42.875654226347));
#6266 = CARTESIAN_POINT('',(1.488535810129,42.898031534201));
#6267 = CARTESIAN_POINT('',(1.615041312752,42.898031534201));
#6268 = CARTESIAN_POINT('',(1.65928378298,42.891557427056));
#6269 = CARTESIAN_POINT('',(1.703588650537,42.878611853576));
#6270 = CARTESIAN_POINT('',(1.748019923895,42.859266949443));
#6271 = CARTESIAN_POINT('',(1.792642079206,42.833670048759));
#6272 = CARTESIAN_POINT('',(1.837521432563,42.802049387593));
#6273 = CARTESIAN_POINT('',(1.921542255449,42.73266796686));
#6274 = CARTESIAN_POINT('',(1.960595904168,42.696409105559));
#6275 = CARTESIAN_POINT('',(1.999938673665,42.656139579848));
#6276 = CARTESIAN_POINT('',(2.039621169013,42.612100347676));
#6277 = CARTESIAN_POINT('',(2.079695270394,42.564586279472));
#6278 = CARTESIAN_POINT('',(2.120215018391,42.513955468898));
#6279 = CARTESIAN_POINT('',(2.189086792371,42.424442812693));
#6280 = CARTESIAN_POINT('',(2.217168695525,42.387008021474));
#6281 = CARTESIAN_POINT('',(2.245503214964,42.348466098288));
#6282 = CARTESIAN_POINT('',(2.274109841171,42.308966007402));
#6283 = CARTESIAN_POINT('',(2.303008270829,42.268674911149));
#6284 = CARTESIAN_POINT('',(2.332219128774,42.227779332066));
#6285 = CARTESIAN_POINT('',(2.39533346538,42.139570434543));
#6286 = CARTESIAN_POINT('',(2.429341901114,42.092131004545));
#6287 = CARTESIAN_POINT('',(2.463813572325,42.044483918529));
#6288 = CARTESIAN_POINT('',(2.498773164417,41.996983065785));
#6289 = CARTESIAN_POINT('',(2.534246973256,41.950019873316));
#6290 = CARTESIAN_POINT('',(2.570263405431,41.904022847759));
#6291 = CARTESIAN_POINT('',(2.649133287436,41.807961440738));
#6292 = CARTESIAN_POINT('',(2.692245832291,41.758295207007));
#6293 = CARTESIAN_POINT('',(2.736137064379,41.711315420774));
#6294 = CARTESIAN_POINT('',(2.780764369309,41.667902107344));
#6295 = CARTESIAN_POINT('',(2.826095451383,41.628919502002));
#6296 = CARTESIAN_POINT('',(2.872107217986,41.595177239372));
#6297 = CARTESIAN_POINT('',(2.950064138035,41.548771801291));
#6298 = CARTESIAN_POINT('',(2.981617047624,41.532841800591));
#6299 = CARTESIAN_POINT('',(3.013386655262,41.519841008309));
#6300 = CARTESIAN_POINT('',(3.045319685945,41.509956853336));
#6301 = CARTESIAN_POINT('',(3.077365096201,41.503320062956));
#6302 = CARTESIAN_POINT('',(3.109472843155,41.5));
#6303 = CARTESIAN_POINT('',(3.173712796208,41.5));
#6304 = CARTESIAN_POINT('',(3.205820613824,41.503320119383));
#6305 = CARTESIAN_POINT('',(3.237865913197,41.509956951648));
#6306 = CARTESIAN_POINT('',(3.269798740028,41.519841081674));
#6307 = CARTESIAN_POINT('',(3.30156815119,41.532841779288));
#6308 = CARTESIAN_POINT('',(3.333120986951,41.548771692837));
#6309 = CARTESIAN_POINT('',(3.411078089193,41.595177239372));
#6310 = CARTESIAN_POINT('',(3.457089855797,41.628919502002));
#6311 = CARTESIAN_POINT('',(3.502420937871,41.667902107344));
#6312 = CARTESIAN_POINT('',(3.5470482428,41.711315420774));
#6313 = CARTESIAN_POINT('',(3.590939474888,41.758295207007));
#6314 = CARTESIAN_POINT('',(3.634052019744,41.807961440738));
#6315 = CARTESIAN_POINT('',(3.712921902439,41.9040228486));
#6316 = CARTESIAN_POINT('',(3.748938333266,41.950019872445));
#6317 = CARTESIAN_POINT('',(3.784412142211,41.996983065105));
#6318 = CARTESIAN_POINT('',(3.81937173536,42.044483919235));
#6319 = CARTESIAN_POINT('',(3.853843406733,42.092131005411));
#6320 = CARTESIAN_POINT('',(3.887851841172,42.139570433666));
#6321 = CARTESIAN_POINT('',(3.950966178406,42.227779332066));
#6322 = CARTESIAN_POINT('',(3.98017703635,42.268674911149));
#6323 = CARTESIAN_POINT('',(4.009075466009,42.308966007402));
#6324 = CARTESIAN_POINT('',(4.037682092216,42.348466098288));
#6325 = CARTESIAN_POINT('',(4.066016611655,42.387008021474));
#6326 = CARTESIAN_POINT('',(4.094098514808,42.424442812693));
#6327 = CARTESIAN_POINT('',(4.162970288789,42.513955468898));
#6328 = CARTESIAN_POINT('',(4.203490036786,42.564586279472));
#6329 = CARTESIAN_POINT('',(4.243564138167,42.612100347676));
#6330 = CARTESIAN_POINT('',(4.283246633514,42.656139579848));
#6331 = CARTESIAN_POINT('',(4.322589403011,42.696409105559));
#6332 = CARTESIAN_POINT('',(4.36164305173,42.73266796686));
#6333 = CARTESIAN_POINT('',(4.445663874617,42.802049387593));
#6334 = CARTESIAN_POINT('',(4.490543227973,42.833670048759));
#6335 = CARTESIAN_POINT('',(4.535165383285,42.859266949443));
#6336 = CARTESIAN_POINT('',(4.579596656643,42.878611853576));
#6337 = CARTESIAN_POINT('',(4.6239015242,42.891557427056));
#6338 = CARTESIAN_POINT('',(4.668143994428,42.898031534201));
#6339 = CARTESIAN_POINT('',(4.773609631378,42.898031534201));
#6340 = CARTESIAN_POINT('',(4.834817560635,42.885637032116));
#6341 = CARTESIAN_POINT('',(4.896189556058,42.860858026361));
#6342 = CARTESIAN_POINT('',(4.957900089957,42.823961465356));
#6343 = CARTESIAN_POINT('',(5.020124208219,42.775481659994));
#6344 = CARTESIAN_POINT('',(5.083044844599,42.716262147275));
#6345 = CARTESIAN_POINT('',(5.195667950099,42.594968282827));
#6346 = CARTESIAN_POINT('',(5.244996062382,42.536845102472));
#6347 = CARTESIAN_POINT('',(5.294956717252,42.473690202511));
#6348 = CARTESIAN_POINT('',(5.345657903152,42.406159245125));
#6349 = CARTESIAN_POINT('',(5.397211123814,42.335068330917));
#6350 = CARTESIAN_POINT('',(5.449734745381,42.261429513657));
#6351 = CARTESIAN_POINT('',(5.536926119598,42.139570433666));
#6352 = CARTESIAN_POINT('',(5.570934554037,42.092131005411));
#6353 = CARTESIAN_POINT('',(5.605406225409,42.044483919235));
#6354 = CARTESIAN_POINT('',(5.640365818559,41.996983065105));
#6355 = CARTESIAN_POINT('',(5.675839627503,41.950019872445));
#6356 = CARTESIAN_POINT('',(5.711856058331,41.9040228486));
#6357 = CARTESIAN_POINT('',(5.776113825319,41.825758606889));
#6358 = CARTESIAN_POINT('',(5.804114561347,41.792872247373));
#6359 = CARTESIAN_POINT('',(5.83244278973,41.761022698345));
#6360 = CARTESIAN_POINT('',(5.861094506084,41.730440790422));
#6361 = CARTESIAN_POINT('',(5.890067232695,41.701359907092));
#6362 = CARTESIAN_POINT('',(5.919359999113,41.674012366549));
#6363 = CARTESIAN_POINT('',(5.99497024936,41.609194097403));
#6364 = CARTESIAN_POINT('',(6.04182676341,41.57441954818));
#6365 = CARTESIAN_POINT('',(6.089358601516,41.545350411854));
#6366 = CARTESIAN_POINT('',(6.137404327081,41.522876006011));
#6367 = CARTESIAN_POINT('',(6.185817284212,41.507641591858));
#6368 = CARTESIAN_POINT('',(6.234457753145,41.5));
#6369 = CARTESIAN_POINT('',(6.28318530718,41.5));
#6370 = ( GEOMETRIC_REPRESENTATION_CONTEXT(2) 
PARAMETRIC_REPRESENTATION_CONTEXT() REPRESENTATION_CONTEXT('2D SPACE',''
  ) );
#6371 = PCURVE('',#6372,#6377);
#6372 = CYLINDRICAL_SURFACE('',#6373,52.2);
#6373 = AXIS2_PLACEMENT_3D('',#6374,#6375,#6376);
#6374 = CARTESIAN_POINT('',(0.,0.,113.05));
#6375 = DIRECTION('',(0.,0.,1.));
#6376 = DIRECTION('',(1.,0.,-0.));
#6377 = DEFINITIONAL_REPRESENTATION('',(#6378),#6513);
#6378 = B_SPLINE_CURVE_WITH_KNOTS('',7,(#6379,#6380,#6381,#6382,#6383,
    #6384,#6385,#6386,#6387,#6388,#6389,#6390,#6391,#6392,#6393,#6394,
    #6395,#6396,#6397,#6398,#6399,#6400,#6401,#6402,#6403,#6404,#6405,
    #6406,#6407,#6408,#6409,#6410,#6411,#6412,#6413,#6414,#6415,#6416,
    #6417,#6418,#6419,#6420,#6421,#6422,#6423,#6424,#6425,#6426,#6427,
    #6428,#6429,#6430,#6431,#6432,#6433,#6434,#6435,#6436,#6437,#6438,
    #6439,#6440,#6441,#6442,#6443,#6444,#6445,#6446,#6447,#6448,#6449,
    #6450,#6451,#6452,#6453,#6454,#6455,#6456,#6457,#6458,#6459,#6460,
    #6461,#6462,#6463,#6464,#6465,#6466,#6467,#6468,#6469,#6470,#6471,
    #6472,#6473,#6474,#6475,#6476,#6477,#6478,#6479,#6480,#6481,#6482,
    #6483,#6484,#6485,#6486,#6487,#6488,#6489,#6490,#6491,#6492,#6493,
    #6494,#6495,#6496,#6497,#6498,#6499,#6500,#6501,#6502,#6503,#6504,
    #6505,#6506,#6507,#6508,#6509,#6510,#6511,#6512),.UNSPECIFIED.,.T.,
  .F.,(8,6,6,6,6,6,6,6,6,6,6,6,6,6,6,6,6,6,6,6,6,6,8),(0.,
    4.439477269232E-02,7.297656696146E-02,0.110775524488,0.144044280216,
    0.250095217553,0.307136218793,0.356112635891,0.389361687752,
    0.42713825763,0.470789062941,0.500040325593,0.529291890761,
    0.572942893256,0.610719634495,0.643968836557,0.692945474904,
    0.749986733825,0.82891325915,0.889268933904,0.927052745224,
    0.955623086645,1.),.UNSPECIFIED.);
#6379 = CARTESIAN_POINT('',(3.14159265359,26.95));
#6380 = CARTESIAN_POINT('',(3.152794431371,26.95));
#6381 = CARTESIAN_POINT('',(3.163976154948,26.916758395263));
#6382 = CARTESIAN_POINT('',(3.175064400139,26.850490062807));
#6383 = CARTESIAN_POINT('',(3.185986609155,26.752175266349));
#6384 = CARTESIAN_POINT('',(3.196672370512,26.623547066199));
#6385 = CARTESIAN_POINT('',(3.207054841996,26.467087009281));
#6386 = CARTESIAN_POINT('',(3.223521666064,26.169462223958));
#6387 = CARTESIAN_POINT('',(3.229827500126,26.042559215129));
#6388 = CARTESIAN_POINT('',(3.235983859392,25.905936852879));
#6389 = CARTESIAN_POINT('',(3.241985356291,25.760218105717));
#6390 = CARTESIAN_POINT('',(3.247827183901,25.60603274415));
#6391 = CARTESIAN_POINT('',(3.253505124705,25.444017954232));
#6392 = CARTESIAN_POINT('',(3.266303019431,25.051056024559));
#6393 = CARTESIAN_POINT('',(3.273299274301,24.814674306177));
#6394 = CARTESIAN_POINT('',(3.280004568851,24.566882694033));
#6395 = CARTESIAN_POINT('',(3.286420081279,24.308788532001));
#6396 = CARTESIAN_POINT('',(3.292547761658,24.041405863716));
#6397 = CARTESIAN_POINT('',(3.29839017051,23.765663686505));
#6398 = CARTESIAN_POINT('',(3.308844081126,23.233112150032));
#6399 = CARTESIAN_POINT('',(3.313520167636,22.97794489296));
#6400 = CARTESIAN_POINT('',(3.317981540039,22.717433219348));
#6401 = CARTESIAN_POINT('',(3.32223109688,22.452051388217));
#6402 = CARTESIAN_POINT('',(3.326271686311,22.182227181724));
#6403 = CARTESIAN_POINT('',(3.330106120273,21.90834195451));
#6404 = CARTESIAN_POINT('',(3.345311959075,20.745788192434));
#6405 = CARTESIAN_POINT('',(3.354826716175,19.822485139485));
#6406 = CARTESIAN_POINT('',(3.362356760904,18.872349825522));
#6407 = CARTESIAN_POINT('',(3.367962690318,17.903827966837));
#6408 = CARTESIAN_POINT('',(3.371687456205,16.92352926455));
#6409 = CARTESIAN_POINT('',(3.373552229145,15.937126199986));
#6410 = CARTESIAN_POINT('',(3.373552229145,14.41906016852));
#6411 = CARTESIAN_POINT('',(3.373012752394,13.8881501843));
#6412 = CARTESIAN_POINT('',(3.371933895249,13.358189925733));
#6413 = CARTESIAN_POINT('',(3.370314058392,12.830107102143));
#6414 = CARTESIAN_POINT('',(3.368150000154,12.304871340036));
#6415 = CARTESIAN_POINT('',(3.365436889834,11.783528269348));
#6416 = CARTESIAN_POINT('',(3.35936194411,10.82393384204));
#6417 = CARTESIAN_POINT('',(3.356146197567,10.384378183114));
#6418 = CARTESIAN_POINT('',(3.352516716379,9.949229280821));
#6419 = CARTESIAN_POINT('',(3.348467961444,9.519229514325));
#6420 = CARTESIAN_POINT('',(3.343993427994,9.095225971515));
#6421 = CARTESIAN_POINT('',(3.339085814019,8.678195426478));
#6422 = CARTESIAN_POINT('',(3.330106120273,7.99165804549));
#6423 = CARTESIAN_POINT('',(3.326271686311,7.717772818276));
#6424 = CARTESIAN_POINT('',(3.32223109688,7.447948611783));
#6425 = CARTESIAN_POINT('',(3.317981540039,7.182566780652));
#6426 = CARTESIAN_POINT('',(3.313520167636,6.92205510704));
#6427 = CARTESIAN_POINT('',(3.308844081126,6.666887849968));
#6428 = CARTESIAN_POINT('',(3.298390170614,6.134336318794));
#6429 = CARTESIAN_POINT('',(3.292547761534,5.858594131574));
#6430 = CARTESIAN_POINT('',(3.286420081194,5.591211463781));
#6431 = CARTESIAN_POINT('',(3.28000456896,5.333117309404));
#6432 = CARTESIAN_POINT('',(3.27329927442,5.085325698697));
#6433 = CARTESIAN_POINT('',(3.266303019294,4.848943971219));
#6434 = CARTESIAN_POINT('',(3.250594903461,4.366623117592));
#6435 = CARTESIAN_POINT('',(3.241772117127,4.124504863048));
#6436 = CARTESIAN_POINT('',(3.232565878548,3.901439910113));
#6437 = CARTESIAN_POINT('',(3.222998822154,3.69988797827));
#6438 = CARTESIAN_POINT('',(3.213097232818,3.522156371226));
#6439 = CARTESIAN_POINT('',(3.202890740068,3.370401466514));
#6440 = CARTESIAN_POINT('',(3.185390010862,3.163688649937));
#6441 = CARTESIAN_POINT('',(3.178251491315,3.093381189369));
#6442 = CARTESIAN_POINT('',(3.171018198461,3.036411006473));
#6443 = CARTESIAN_POINT('',(3.163712585749,2.993311048445));
#6444 = CARTESIAN_POINT('',(3.156357608657,2.964443623872));
#6445 = CARTESIAN_POINT('',(3.148976518057,2.95));
#6446 = CARTESIAN_POINT('',(3.134208712758,2.95));
#6447 = CARTESIAN_POINT('',(3.126827605926,2.964443925602));
#6448 = CARTESIAN_POINT('',(3.119472654725,2.993311523572));
#6449 = CARTESIAN_POINT('',(3.112167089072,3.036411316992));
#6450 = CARTESIAN_POINT('',(3.104933840786,3.093381055716));
#6451 = CARTESIAN_POINT('',(3.097795337219,3.163688166828));
#6452 = CARTESIAN_POINT('',(3.080294567112,3.370401466514));
#6453 = CARTESIAN_POINT('',(3.070088074362,3.522156371226));
#6454 = CARTESIAN_POINT('',(3.060186485025,3.69988797827));
#6455 = CARTESIAN_POINT('',(3.050619428632,3.901439910113));
#6456 = CARTESIAN_POINT('',(3.041413190052,4.124504863048));
#6457 = CARTESIAN_POINT('',(3.032590403718,4.366623117592));
#6458 = CARTESIAN_POINT('',(3.016882287749,4.848943975441));
#6459 = CARTESIAN_POINT('',(3.009886032879,5.085325693824));
#6460 = CARTESIAN_POINT('',(3.003180738329,5.333117305967));
#6461 = CARTESIAN_POINT('',(2.9967652259,5.591211467997));
#6462 = CARTESIAN_POINT('',(2.990637545521,5.858594136283));
#6463 = CARTESIAN_POINT('',(2.98479513667,6.134336313497));
#6464 = CARTESIAN_POINT('',(2.974341226054,6.666887849968));
#6465 = CARTESIAN_POINT('',(2.969665139543,6.92205510704));
#6466 = CARTESIAN_POINT('',(2.965203767141,7.182566780652));
#6467 = CARTESIAN_POINT('',(2.960954210299,7.447948611783));
#6468 = CARTESIAN_POINT('',(2.956913620869,7.717772818276));
#6469 = CARTESIAN_POINT('',(2.953079186906,7.99165804549));
#6470 = CARTESIAN_POINT('',(2.94409949316,8.678195426478));
#6471 = CARTESIAN_POINT('',(2.939191879186,9.095225971515));
#6472 = CARTESIAN_POINT('',(2.934717345736,9.519229514325));
#6473 = CARTESIAN_POINT('',(2.930668590801,9.949229280821));
#6474 = CARTESIAN_POINT('',(2.927039109612,10.384378183114));
#6475 = CARTESIAN_POINT('',(2.92382336307,10.82393384204));
#6476 = CARTESIAN_POINT('',(2.917748417346,11.783528269348));
#6477 = CARTESIAN_POINT('',(2.915035307026,12.304871340036));
#6478 = CARTESIAN_POINT('',(2.912871248788,12.830107102143));
#6479 = CARTESIAN_POINT('',(2.911251411931,13.358189925732));
#6480 = CARTESIAN_POINT('',(2.910172554785,13.8881501843));
#6481 = CARTESIAN_POINT('',(2.909633078035,14.419060168521));
#6482 = CARTESIAN_POINT('',(2.909633078035,15.684647811914));
#6483 = CARTESIAN_POINT('',(2.910665951541,16.419142112553));
#6484 = CARTESIAN_POINT('',(2.912730875889,17.151111641267));
#6485 = CARTESIAN_POINT('',(2.91583402724,17.878151009591));
#6486 = CARTESIAN_POINT('',(2.919987725903,18.597635552553));
#6487 = CARTESIAN_POINT('',(2.925209977047,19.306533740171));
#6488 = CARTESIAN_POINT('',(2.936353096093,20.532446488279));
#6489 = CARTESIAN_POINT('',(2.941820386614,21.0553540381));
#6490 = CARTESIAN_POINT('',(2.947938445451,21.568494137745));
#6491 = CARTESIAN_POINT('',(2.954722119178,22.070129796505));
#6492 = CARTESIAN_POINT('',(2.962187957766,22.558144309662));
#6493 = CARTESIAN_POINT('',(2.970353238482,23.029952874337));
#6494 = CARTESIAN_POINT('',(2.98479513667,23.765663686502));
#6495 = CARTESIAN_POINT('',(2.990637545521,24.041405863717));
#6496 = CARTESIAN_POINT('',(2.9967652259,24.308788532003));
#6497 = CARTESIAN_POINT('',(3.003180738329,24.566882694032));
#6498 = CARTESIAN_POINT('',(3.009886032879,24.814674306176));
#6499 = CARTESIAN_POINT('',(3.016882287749,25.05105602456));
#6500 = CARTESIAN_POINT('',(3.029680182475,25.444017954235));
#6501 = CARTESIAN_POINT('',(3.035358123278,25.60603274415));
#6502 = CARTESIAN_POINT('',(3.041199950888,25.760218105714));
#6503 = CARTESIAN_POINT('',(3.047201447788,25.905936852876));
#6504 = CARTESIAN_POINT('',(3.053357807054,26.04255921513));
#6505 = CARTESIAN_POINT('',(3.059663641116,26.169462223961));
#6506 = CARTESIAN_POINT('',(3.076130449346,26.467086723024));
#6507 = CARTESIAN_POINT('',(3.086512925154,26.623546957234));
#6508 = CARTESIAN_POINT('',(3.097198704759,26.752175453864));
#6509 = CARTESIAN_POINT('',(3.108120936719,26.850490405002));
#6510 = CARTESIAN_POINT('',(3.119209197979,26.916758639519));
#6511 = CARTESIAN_POINT('',(3.13039091703,26.95));
#6512 = CARTESIAN_POINT('',(3.14159265359,26.95));
#6513 = ( GEOMETRIC_REPRESENTATION_CONTEXT(2) 
PARAMETRIC_REPRESENTATION_CONTEXT() REPRESENTATION_CONTEXT('2D SPACE',''
  ) );
#6514 = ORIENTED_EDGE('',*,*,#6073,.F.);
#6515 = ORIENTED_EDGE('',*,*,#6041,.T.);
#6516 = ADVANCED_FACE('',(#6517,#7177),#6372,.F.);
#6517 = FACE_BOUND('',#6518,.F.);
#6518 = EDGE_LOOP('',(#6519,#6550,#6833,#6857));
#6519 = ORIENTED_EDGE('',*,*,#6520,.F.);
#6520 = EDGE_CURVE('',#6521,#6523,#6525,.T.);
#6521 = VERTEX_POINT('',#6522);
#6522 = CARTESIAN_POINT('',(-43.04001045538,29.53637587789,161.95));
#6523 = VERTEX_POINT('',#6524);
#6524 = CARTESIAN_POINT('',(-43.04001045538,-29.53637587789,161.95));
#6525 = SURFACE_CURVE('',#6526,(#6531,#6538),.PCURVE_S1.);
#6526 = CIRCLE('',#6527,52.2);
#6527 = AXIS2_PLACEMENT_3D('',#6528,#6529,#6530);
#6528 = CARTESIAN_POINT('',(0.,0.,161.95));
#6529 = DIRECTION('',(0.,0.,1.));
#6530 = DIRECTION('',(1.,0.,-0.));
#6531 = PCURVE('',#6372,#6532);
#6532 = DEFINITIONAL_REPRESENTATION('',(#6533),#6537);
#6533 = LINE('',#6534,#6535);
#6534 = CARTESIAN_POINT('',(0.,48.9));
#6535 = VECTOR('',#6536,1.);
#6536 = DIRECTION('',(1.,0.));
#6537 = ( GEOMETRIC_REPRESENTATION_CONTEXT(2) 
PARAMETRIC_REPRESENTATION_CONTEXT() REPRESENTATION_CONTEXT('2D SPACE',''
  ) );
#6538 = PCURVE('',#6539,#6544);
#6539 = PLANE('',#6540);
#6540 = AXIS2_PLACEMENT_3D('',#6541,#6542,#6543);
#6541 = CARTESIAN_POINT('',(0.,0.,161.95));
#6542 = DIRECTION('',(0.,0.,1.));
#6543 = DIRECTION('',(1.,0.,-0.));
#6544 = DEFINITIONAL_REPRESENTATION('',(#6545),#6549);
#6545 = CIRCLE('',#6546,52.2);
#6546 = AXIS2_PLACEMENT_2D('',#6547,#6548);
#6547 = CARTESIAN_POINT('',(0.,0.));
#6548 = DIRECTION('',(1.,0.));
#6549 = ( GEOMETRIC_REPRESENTATION_CONTEXT(2) 
PARAMETRIC_REPRESENTATION_CONTEXT() REPRESENTATION_CONTEXT('2D SPACE',''
  ) );
#6550 = ORIENTED_EDGE('',*,*,#6551,.F.);
#6551 = EDGE_CURVE('',#6552,#6521,#6554,.T.);
#6552 = VERTEX_POINT('',#6553);
#6553 = CARTESIAN_POINT('',(-30.38605932002,42.444403624035,113.051));
#6554 = SURFACE_CURVE('',#6555,(#6603,#6777),.PCURVE_S1.);
#6555 = B_SPLINE_CURVE_WITH_KNOTS('',6,(#6556,#6557,#6558,#6559,#6560,
    #6561,#6562,#6563,#6564,#6565,#6566,#6567,#6568,#6569,#6570,#6571,
    #6572,#6573,#6574,#6575,#6576,#6577,#6578,#6579,#6580,#6581,#6582,
    #6583,#6584,#6585,#6586,#6587,#6588,#6589,#6590,#6591,#6592,#6593,
    #6594,#6595,#6596,#6597,#6598,#6599,#6600,#6601,#6602),
  .UNSPECIFIED.,.F.,.F.,(7,5,5,5,5,5,5,5,5,7),(0.,6.354482365514E-02,
    0.123554039736,0.202922964837,0.279661518508,0.398872444203,
    0.468723221744,0.616096911369,0.777507920121,1.),.UNSPECIFIED.);
#6556 = CARTESIAN_POINT('',(-30.38655159671,42.444051197547,113.0499994)
  );
#6557 = CARTESIAN_POINT('',(-30.12995396362,42.627754614108,
    113.57154568125));
#6558 = CARTESIAN_POINT('',(-29.87939773434,42.804317279621,
    114.09736127843));
#6559 = CARTESIAN_POINT('',(-29.63542110343,42.97365708029,
    114.62748853296));
#6560 = CARTESIAN_POINT('',(-29.39859752896,43.135680776826,
    115.1619764075));
#6561 = CARTESIAN_POINT('',(-29.1695349322,43.290282386374,
    115.70088045209));
#6562 = CARTESIAN_POINT('',(-28.74049229481,43.576218430984,
    116.75741152221));
#6563 = CARTESIAN_POINT('',(-28.53958489027,43.708381034379,
    117.27459919033));
#6564 = CARTESIAN_POINT('',(-28.34675065189,43.833688729065,
    117.79574248413));
#6565 = CARTESIAN_POINT('',(-28.16258980176,43.952008782822,
    118.32078425057));
#6566 = CARTESIAN_POINT('',(-27.98770258468,44.063210729163,
    118.84969338465));
#6567 = CARTESIAN_POINT('',(-27.60443544999,44.304646251988,
    120.08711466791));
#6568 = CARTESIAN_POINT('',(-27.40336399318,44.429501330578,
    120.79880496804));
#6569 = CARTESIAN_POINT('',(-27.22112982175,44.541242137234,
    121.51673895095));
#6570 = CARTESIAN_POINT('',(-27.05921420735,44.639492741431,
    122.24027439269));
#6571 = CARTESIAN_POINT('',(-26.91890886327,44.72394356872,
    122.96892286894));
#6572 = CARTESIAN_POINT('',(-26.68759328495,44.862344154693,
    124.41146877662));
#6573 = CARTESIAN_POINT('',(-26.59512534418,44.917199144507,
    125.12492054439));
#6574 = CARTESIAN_POINT('',(-26.52501143478,44.958541590246,
    125.84150877406));
#6575 = CARTESIAN_POINT('',(-26.47800428294,44.986176019609,
    126.5601889283));
#6576 = CARTESIAN_POINT('',(-26.45448922205,45.,127.28000053034));
#6577 = CARTESIAN_POINT('',(-26.45448922205,45.,129.11849649454));
#6578 = CARTESIAN_POINT('',(-26.51123711162,44.966639072358,
    130.23546980118));
#6579 = CARTESIAN_POINT('',(-26.62444429662,44.900087647257,
    131.34820435712));
#6580 = CARTESIAN_POINT('',(-26.79198634967,44.800870009705,
    132.45381894614));
#6581 = CARTESIAN_POINT('',(-27.00985340685,44.669928547209,
    133.54877145744));
#6582 = CARTESIAN_POINT('',(-27.42598963702,44.414947988367,
    135.26095246916));
#6583 = CARTESIAN_POINT('',(-27.59514795618,44.310422476926,
    135.88878392947));
#6584 = CARTESIAN_POINT('',(-27.77881047114,44.195795353147,
    136.51177598033));
#6585 = CARTESIAN_POINT('',(-27.97601699936,44.071287853555,
    137.12976930889));
#6586 = CARTESIAN_POINT('',(-28.18576180657,43.937141145594,
    137.74253320343));
#6587 = CARTESIAN_POINT('',(-28.87377599418,43.490856668093,
    139.63092567138));
#6588 = CARTESIAN_POINT('',(-29.39166706703,43.146441587089,
    140.88733385149));
#6589 = CARTESIAN_POINT('',(-29.95227107012,42.762090112627,
    142.12009822579));
#6590 = CARTESIAN_POINT('',(-30.54802348273,42.339032953122,
    143.32991226722));
#6591 = CARTESIAN_POINT('',(-31.17248145354,41.87820908717,
    144.5173570544));
#6592 = CARTESIAN_POINT('',(-32.52999042845,40.834311951301,
    146.96014916257));
#6593 = CARTESIAN_POINT('',(-33.26825410107,40.243364696216,
    148.21215084301));
#6594 = CARTESIAN_POINT('',(-34.02822343545,39.607589270519,
    149.44001304012));
#6595 = CARTESIAN_POINT('',(-34.80452285782,38.926709251953,
    150.64470386217));
#6596 = CARTESIAN_POINT('',(-35.59301659248,38.199659258069,
    151.82719748406));
#6597 = CARTESIAN_POINT('',(-37.48938076031,36.355691376206,
    154.5888598307));
#6598 = CARTESIAN_POINT('',(-38.6039852839,35.196531413474,
    156.14703981287));
#6599 = CARTESIAN_POINT('',(-39.72485195256,33.942253221874,
    157.66460382849));
#6600 = CARTESIAN_POINT('',(-40.84413382401,32.586219752028,
    159.14082062687));
#6601 = CARTESIAN_POINT('',(-41.95292972425,31.120455381564,
    160.57185667977));
#6602 = CARTESIAN_POINT('',(-43.04001092867,29.536375188232,161.9500006)
  );
#6603 = PCURVE('',#6372,#6604);
#6604 = DEFINITIONAL_REPRESENTATION('',(#6605),#6776);
#6605 = B_SPLINE_CURVE_WITH_KNOTS('',9,(#6606,#6607,#6608,#6609,#6610,
    #6611,#6612,#6613,#6614,#6615,#6616,#6617,#6618,#6619,#6620,#6621,
    #6622,#6623,#6624,#6625,#6626,#6627,#6628,#6629,#6630,#6631,#6632,
    #6633,#6634,#6635,#6636,#6637,#6638,#6639,#6640,#6641,#6642,#6643,
    #6644,#6645,#6646,#6647,#6648,#6649,#6650,#6651,#6652,#6653,#6654,
    #6655,#6656,#6657,#6658,#6659,#6660,#6661,#6662,#6663,#6664,#6665,
    #6666,#6667,#6668,#6669,#6670,#6671,#6672,#6673,#6674,#6675,#6676,
    #6677,#6678,#6679,#6680,#6681,#6682,#6683,#6684,#6685,#6686,#6687,
    #6688,#6689,#6690,#6691,#6692,#6693,#6694,#6695,#6696,#6697,#6698,
    #6699,#6700,#6701,#6702,#6703,#6704,#6705,#6706,#6707,#6708,#6709,
    #6710,#6711,#6712,#6713,#6714,#6715,#6716,#6717,#6718,#6719,#6720,
    #6721,#6722,#6723,#6724,#6725,#6726,#6727,#6728,#6729,#6730,#6731,
    #6732,#6733,#6734,#6735,#6736,#6737,#6738,#6739,#6740,#6741,#6742,
    #6743,#6744,#6745,#6746,#6747,#6748,#6749,#6750,#6751,#6752,#6753,
    #6754,#6755,#6756,#6757,#6758,#6759,#6760,#6761,#6762,#6763,#6764,
    #6765,#6766,#6767,#6768,#6769,#6770,#6771,#6772,#6773,#6774,#6775),
  .UNSPECIFIED.,.F.,.F.,(10,8,8,8,8,8,8,8,8,8,8,8,8,8,8,8,8,8,8,8,8,10),
  (1.218392857824E-08,6.250001041342E-02,9.17968845835E-02,
    0.120178231436,0.133925446317,0.188055104913,0.200741743647,
    0.225718563653,0.274111152416,0.279782158912,0.36980938703,
    0.389502843181,0.399041861004,0.436601743682,0.471814133693,
    0.603860596234,0.616239952097,0.712179960036,0.748157463014,
    0.763897620567,0.778654018272,0.999999983856),.UNSPECIFIED.);
#6606 = CARTESIAN_POINT('',(2.192127232406,1.42108547152E-14));
#6607 = CARTESIAN_POINT('',(2.188163134506,0.341980563595));
#6608 = CARTESIAN_POINT('',(2.184269065954,0.685681991818));
#6609 = CARTESIAN_POINT('',(2.180447043129,1.031113876812));
#6610 = CARTESIAN_POINT('',(2.176699170368,1.378286548385));
#6611 = CARTESIAN_POINT('',(2.173027639993,1.727211072526));
#6612 = CARTESIAN_POINT('',(2.169434732335,2.077899249924));
#6613 = CARTESIAN_POINT('',(2.165922815757,2.430363614477));
#6614 = CARTESIAN_POINT('',(2.162494346687,2.784617431817));
#6615 = CARTESIAN_POINT('',(2.157585083515,3.307576541257));
#6616 = CARTESIAN_POINT('',(2.156037193201,3.474874512022));
#6617 = CARTESIAN_POINT('',(2.154508349528,3.642582094483));
#6618 = CARTESIAN_POINT('',(2.152999040872,3.810677146546));
#6619 = CARTESIAN_POINT('',(2.151509458413,3.979169258729));
#6620 = CARTESIAN_POINT('',(2.150039867449,4.148060365989));
#6621 = CARTESIAN_POINT('',(2.14859068041,4.317336999238));
#6622 = CARTESIAN_POINT('',(2.147162114081,4.487006649479));
#6623 = CARTESIAN_POINT('',(2.144390874659,4.821808640001));
#6624 = CARTESIAN_POINT('',(2.143046908287,4.98691752369));
#6625 = CARTESIAN_POINT('',(2.141722875413,5.152390284882));
#6626 = CARTESIAN_POINT('',(2.140419050439,5.318225909179));
#6627 = CARTESIAN_POINT('',(2.139135708058,5.484423537266));
#6628 = CARTESIAN_POINT('',(2.13787312327,5.650982464806));
#6629 = CARTESIAN_POINT('',(2.136631571389,5.817902142347));
#6630 = CARTESIAN_POINT('',(2.135411328057,5.985182175211));
#6631 = CARTESIAN_POINT('',(2.133632068903,6.234023020182));
#6632 = CARTESIAN_POINT('',(2.133056528935,6.315308729365));
#6633 = CARTESIAN_POINT('',(2.132486101284,6.396676614255));
#6634 = CARTESIAN_POINT('',(2.131920810061,6.478127191163));
#6635 = CARTESIAN_POINT('',(2.131360517895,6.559685472515));
#6636 = CARTESIAN_POINT('',(2.130805567191,6.641306525969));
#6637 = CARTESIAN_POINT('',(2.130255743833,6.723025677216));
#6638 = CARTESIAN_POINT('',(2.129711206575,6.804824618599));
#6639 = CARTESIAN_POINT('',(2.127048677194,7.209119405373));
#6640 = CARTESIAN_POINT('',(2.125007481899,7.532818504107));
#6641 = CARTESIAN_POINT('',(2.123050648472,7.857748802192));
#6642 = CARTESIAN_POINT('',(2.12118035511,8.183858672319));
#6643 = CARTESIAN_POINT('',(2.119398684833,8.511100456263));
#6644 = CARTESIAN_POINT('',(2.117707626357,8.839430460201));
#6645 = CARTESIAN_POINT('',(2.116109074956,9.168808950035));
#6646 = CARTESIAN_POINT('',(2.114604833339,9.499200146718));
#6647 = CARTESIAN_POINT('',(2.112866560752,9.908237551615));
#6648 = CARTESIAN_POINT('',(2.112541783572,9.985956762906));
#6649 = CARTESIAN_POINT('',(2.112222302998,10.063729445662));
#6650 = CARTESIAN_POINT('',(2.11190814078,10.141555202022));
#6651 = CARTESIAN_POINT('',(2.111599318393,10.219433646042));
#6652 = CARTESIAN_POINT('',(2.111295857034,10.297364403691));
#6653 = CARTESIAN_POINT('',(2.110997777627,10.375347112847));
#6654 = CARTESIAN_POINT('',(2.110705100819,10.453381423298));
#6655 = CARTESIAN_POINT('',(2.109852316,10.685197969431));
#6656 = CARTESIAN_POINT('',(2.109307800355,10.839128663389));
#6657 = CARTESIAN_POINT('',(2.108784461674,10.993255567795));
#6658 = CARTESIAN_POINT('',(2.108282599329,11.147532961797));
#6659 = CARTESIAN_POINT('',(2.107802142149,11.302016531467));
#6660 = CARTESIAN_POINT('',(2.1073434965,11.456626805098));
#6661 = CARTESIAN_POINT('',(2.106906629616,11.611403249706));
#6662 = CARTESIAN_POINT('',(2.106491753456,11.766315387214));
#6663 = CARTESIAN_POINT('',(2.105337959484,12.221758621138));
#6664 = CARTESIAN_POINT('',(2.104659898619,12.522651858449));
#6665 = CARTESIAN_POINT('',(2.104065695856,12.823975193528));
#6666 = CARTESIAN_POINT('',(2.10355612403,13.125666310344));
#6667 = CARTESIAN_POINT('',(2.103131823694,13.427664668915));
#6668 = CARTESIAN_POINT('',(2.102793303922,13.72991118661));
#6669 = CARTESIAN_POINT('',(2.102540943115,14.032347919447));
#6670 = CARTESIAN_POINT('',(2.102374989801,14.334917743391));
#6671 = CARTESIAN_POINT('',(2.102286255668,14.67303039803));
#6672 = CARTESIAN_POINT('',(2.10227813616,14.708497940424));
#6673 = CARTESIAN_POINT('',(2.102271205108,14.743966293462));
#6674 = CARTESIAN_POINT('',(2.102265462681,14.779435368967));
#6675 = CARTESIAN_POINT('',(2.102260909023,14.814905226993));
#6676 = CARTESIAN_POINT('',(2.102257544255,14.850375942872));
#6677 = CARTESIAN_POINT('',(2.102255368472,14.885847474254));
#6678 = CARTESIAN_POINT('',(2.102254381742,14.921319528148));
#6679 = CARTESIAN_POINT('',(2.10225779663,15.519907837583));
#6680 = CARTESIAN_POINT('',(2.102560673612,16.082659670204));
#6681 = CARTESIAN_POINT('',(2.103162541821,16.644768419753));
#6682 = CARTESIAN_POINT('',(2.104061427084,17.205949098276));
#6683 = CARTESIAN_POINT('',(2.105254032045,17.765904470005));
#6684 = CARTESIAN_POINT('',(2.106735713916,18.32431928542));
#6685 = CARTESIAN_POINT('',(2.108500462227,18.880854515317));
#6686 = CARTESIAN_POINT('',(2.110540876584,19.435141584863));
#6687 = CARTESIAN_POINT('',(2.113352859258,20.107446768907));
#6688 = CARTESIAN_POINT('',(2.113870343369,20.227990025891));
#6689 = CARTESIAN_POINT('',(2.114400504453,20.348402151133));
#6690 = CARTESIAN_POINT('',(2.114943246959,20.468678836349));
#6691 = CARTESIAN_POINT('',(2.11549847207,20.588815689594));
#6692 = CARTESIAN_POINT('',(2.116066077685,20.708808232384));
#6693 = CARTESIAN_POINT('',(2.116645958403,20.828651896829));
#6694 = CARTESIAN_POINT('',(2.117238005506,20.948342022758));
#6695 = CARTESIAN_POINT('',(2.11813471858,21.125772086017));
#6696 = CARTESIAN_POINT('',(2.118430156638,21.183632857751));
#6697 = CARTESIAN_POINT('',(2.118728416934,21.241457192204));
#6698 = CARTESIAN_POINT('',(2.119029472497,21.299241974958));
#6699 = CARTESIAN_POINT('',(2.119333314261,21.356987392569));
#6700 = CARTESIAN_POINT('',(2.119639940637,21.414695026949));
#6701 = CARTESIAN_POINT('',(2.11994933375,21.472363511262));
#6702 = CARTESIAN_POINT('',(2.120261460107,21.529988651991));
#6703 = CARTESIAN_POINT('',(2.121816147321,21.814320859383));
#6704 = CARTESIAN_POINT('',(2.123098715941,22.040494283145));
#6705 = CARTESIAN_POINT('',(2.124423411566,22.266091912506));
#6706 = CARTESIAN_POINT('',(2.125789598524,22.491109758137));
#6707 = CARTESIAN_POINT('',(2.127196633154,22.715543121592));
#6708 = CARTESIAN_POINT('',(2.128643863713,22.939386594901));
#6709 = CARTESIAN_POINT('',(2.130130630293,23.16263406016));
#6710 = CARTESIAN_POINT('',(2.131656264737,23.385278689125));
#6711 = CARTESIAN_POINT('',(2.134686177247,23.815470055622));
#6712 = CARTESIAN_POINT('',(2.136185834897,24.023091218695));
#6713 = CARTESIAN_POINT('',(2.137718476962,24.230166766557));
#6714 = CARTESIAN_POINT('',(2.139283619218,24.436699388337));
#6715 = CARTESIAN_POINT('',(2.14088058858,24.642669589707));
#6716 = CARTESIAN_POINT('',(2.142508836806,24.848072924768));
#6717 = CARTESIAN_POINT('',(2.144167882251,25.052913095233));
#6718 = CARTESIAN_POINT('',(2.145856971567,25.257161818389));
#6719 = CARTESIAN_POINT('',(2.154020560929,26.224553235796));
#6720 = CARTESIAN_POINT('',(2.160881297539,26.980034257441));
#6721 = CARTESIAN_POINT('',(2.168132266609,27.727451870436));
#6722 = CARTESIAN_POINT('',(2.175749521309,28.466960526492));
#6723 = CARTESIAN_POINT('',(2.183710827725,29.198692130595));
#6724 = CARTESIAN_POINT('',(2.191995759423,29.922764678636));
#6725 = CARTESIAN_POINT('',(2.200585792015,30.639290895052));
#6726 = CARTESIAN_POINT('',(2.209464397723,31.348386870461));
#6727 = CARTESIAN_POINT('',(2.219475209527,32.115973870748));
#6728 = CARTESIAN_POINT('',(2.220335687239,32.181702768285));
#6729 = CARTESIAN_POINT('',(2.221198563932,32.247367701391));
#6730 = CARTESIAN_POINT('',(2.222063827861,32.312968775678));
#6731 = CARTESIAN_POINT('',(2.222931465985,32.378505989337));
#6732 = CARTESIAN_POINT('',(2.223801465268,32.443979329586));
#6733 = CARTESIAN_POINT('',(2.224673813968,32.509388869121));
#6734 = CARTESIAN_POINT('',(2.225548502946,32.574734862571));
#6735 = CARTESIAN_POINT('',(2.233222463039,33.145960940832));
#6736 = CARTESIAN_POINT('',(2.240161221935,33.648236252464));
#6737 = CARTESIAN_POINT('',(2.247236729743,34.146882802035));
#6738 = CARTESIAN_POINT('',(2.25444446665,34.641942368231));
#6739 = CARTESIAN_POINT('',(2.261780452704,35.133458880542));
#6740 = CARTESIAN_POINT('',(2.269241233584,35.621477815579));
#6741 = CARTESIAN_POINT('',(2.276823866368,36.106045593386));
#6742 = CARTESIAN_POINT('',(2.284525905312,36.587208973757));
#6743 = CARTESIAN_POINT('',(2.295277693471,37.244191507097));
#6744 = CARTESIAN_POINT('',(2.298226514854,37.42289635819));
#6745 = CARTESIAN_POINT('',(2.301191748313,37.601131459408));
#6746 = CARTESIAN_POINT('',(2.304173299982,37.778899259866));
#6747 = CARTESIAN_POINT('',(2.307171085484,37.956202200157));
#6748 = CARTESIAN_POINT('',(2.31018502985,38.133042708297));
#6749 = CARTESIAN_POINT('',(2.313215067435,38.309423195672));
#6750 = CARTESIAN_POINT('',(2.31626114183,38.48534605298));
#6751 = CARTESIAN_POINT('',(2.320662858761,38.737580718201));
#6752 = CARTESIAN_POINT('',(2.322005572242,38.814260649834));
#6753 = CARTESIAN_POINT('',(2.323351342268,38.890853639209));
#6754 = CARTESIAN_POINT('',(2.324700165218,38.967359883558));
#6755 = CARTESIAN_POINT('',(2.326052037806,39.043779579145));
#6756 = CARTESIAN_POINT('',(2.327406957079,39.120112921207));
#6757 = CARTESIAN_POINT('',(2.328764920417,39.196360103893));
#6758 = CARTESIAN_POINT('',(2.33012592553,39.272521320199));
#6759 = CARTESIAN_POINT('',(2.332768762575,39.419917488506));
#6760 = CARTESIAN_POINT('',(2.3340502299,39.49116301617));
#6761 = CARTESIAN_POINT('',(2.335334351857,39.56233247699));
#6762 = CARTESIAN_POINT('',(2.336621163583,39.633428004736));
#6763 = CARTESIAN_POINT('',(2.337910646009,39.704448780672));
#6764 = CARTESIAN_POINT('',(2.339202767383,39.775393286154));
#6765 = CARTESIAN_POINT('',(2.340497553866,39.846263128591));
#6766 = CARTESIAN_POINT('',(2.341795066851,39.917061807374));
#6767 = CARTESIAN_POINT('',(2.362596631359,41.048581470851));
#6768 = CARTESIAN_POINT('',(2.382684399406,42.091931647811));
#6769 = CARTESIAN_POINT('',(2.403353972628,43.118229648547));
#6770 = CARTESIAN_POINT('',(2.424608829562,44.127584674708));
#6771 = CARTESIAN_POINT('',(2.446458671671,45.119788156765));
#6772 = CARTESIAN_POINT('',(2.468918032529,46.094282525156));
#6773 = CARTESIAN_POINT('',(2.492005247957,47.050128394066));
#6774 = CARTESIAN_POINT('',(2.515741787108,47.985970157834));
#6775 = CARTESIAN_POINT('',(2.540151944492,48.9));
#6776 = ( GEOMETRIC_REPRESENTATION_CONTEXT(2) 
PARAMETRIC_REPRESENTATION_CONTEXT() REPRESENTATION_CONTEXT('2D SPACE',''
  ) );
#6777 = PCURVE('',#6778,#6783);
#6778 = CYLINDRICAL_SURFACE('',#6779,52.2);
#6779 = AXIS2_PLACEMENT_3D('',#6780,#6781,#6782);
#6780 = CARTESIAN_POINT('',(0.,0.,161.95));
#6781 = DIRECTION('',(-0.,-0.,-1.));
#6782 = DIRECTION('',(1.,0.,0.));
#6783 = DEFINITIONAL_REPRESENTATION('',(#6784),#6832);
#6784 = B_SPLINE_CURVE_WITH_KNOTS('',6,(#6785,#6786,#6787,#6788,#6789,
    #6790,#6791,#6792,#6793,#6794,#6795,#6796,#6797,#6798,#6799,#6800,
    #6801,#6802,#6803,#6804,#6805,#6806,#6807,#6808,#6809,#6810,#6811,
    #6812,#6813,#6814,#6815,#6816,#6817,#6818,#6819,#6820,#6821,#6822,
    #6823,#6824,#6825,#6826,#6827,#6828,#6829,#6830,#6831),
  .UNSPECIFIED.,.F.,.F.,(7,5,5,5,5,5,5,5,5,7),(0.,6.354482365514E-02,
    0.123554039736,0.202922964837,0.279661518508,0.398872444203,
    0.468723221744,0.616096911369,0.777507920121,1.),.UNSPECIFIED.);
#6785 = CARTESIAN_POINT('',(-2.19212723936,48.9000006));
#6786 = CARTESIAN_POINT('',(-2.186081689375,48.378454318747));
#6787 = CARTESIAN_POINT('',(-2.18020987614,47.852638721565));
#6788 = CARTESIAN_POINT('',(-2.174520700264,47.322511467034));
#6789 = CARTESIAN_POINT('',(-2.169023851944,46.788023592494));
#6790 = CARTESIAN_POINT('',(-2.163729811465,46.249119547903));
#6791 = CARTESIAN_POINT('',(-2.153852534865,45.192588477784));
#6792 = CARTESIAN_POINT('',(-2.149245716961,44.675400809667));
#6793 = CARTESIAN_POINT('',(-2.144840222892,44.154257515865));
#6794 = CARTESIAN_POINT('',(-2.14064691314,43.629215749421));
#6795 = CARTESIAN_POINT('',(-2.136676694977,43.100306615349));
#6796 = CARTESIAN_POINT('',(-2.1279990456,41.86288533209));
#6797 = CARTESIAN_POINT('',(-2.123464996917,41.151195031956));
#6798 = CARTESIAN_POINT('',(-2.119369969953,40.433261049047));
#6799 = CARTESIAN_POINT('',(-2.115741783512,39.709725607304));
#6800 = CARTESIAN_POINT('',(-2.112604617763,38.98107713106));
#6801 = CARTESIAN_POINT('',(-2.107440667721,37.538531223371));
#6802 = CARTESIAN_POINT('',(-2.105381015589,36.825079455607));
#6803 = CARTESIAN_POINT('',(-2.103821725134,36.108491225935));
#6804 = CARTESIAN_POINT('',(-2.102777121612,35.389811071694));
#6805 = CARTESIAN_POINT('',(-2.102254564734,34.669999469657));
#6806 = CARTESIAN_POINT('',(-2.102254564734,32.831503505451));
#6807 = CARTESIAN_POINT('',(-2.103515628056,31.714530198815));
#6808 = CARTESIAN_POINT('',(-2.106031347616,30.60179564287));
#6809 = CARTESIAN_POINT('',(-2.109761504503,29.496181053858));
#6810 = CARTESIAN_POINT('',(-2.114630832279,28.401228542558));
#6811 = CARTESIAN_POINT('',(-2.123980285159,26.689047530835));
#6812 = CARTESIAN_POINT('',(-2.12778958771,26.061216070527));
#6813 = CARTESIAN_POINT('',(-2.131936987501,25.438224019663));
#6814 = CARTESIAN_POINT('',(-2.136404740192,24.820230691104));
#6815 = CARTESIAN_POINT('',(-2.141174264805,24.20746679657));
#6816 = CARTESIAN_POINT('',(-2.156884634754,22.319074328614));
#6817 = CARTESIAN_POINT('',(-2.168798779591,21.06266614851));
#6818 = CARTESIAN_POINT('',(-2.181817915615,19.829901774203));
#6819 = CARTESIAN_POINT('',(-2.195812444046,18.620087732775));
#6820 = CARTESIAN_POINT('',(-2.210677046221,17.4326429456));
#6821 = CARTESIAN_POINT('',(-2.243482975669,14.989850837426));
#6822 = CARTESIAN_POINT('',(-2.26159542159,13.737849156982));
#6823 = CARTESIAN_POINT('',(-2.280570050441,12.509986959874));
#6824 = CARTESIAN_POINT('',(-2.30034271639,11.305296137826));
#6825 = CARTESIAN_POINT('',(-2.320882081783,10.122802515934));
#6826 = CARTESIAN_POINT('',(-2.371553990759,7.361140169291));
#6827 = CARTESIAN_POINT('',(-2.402343172812,5.802960187124));
#6828 = CARTESIAN_POINT('',(-2.434534253909,4.285396171503));
#6829 = CARTESIAN_POINT('',(-2.468175774487,2.809179373122));
#6830 = CARTESIAN_POINT('',(-2.503347132655,1.378143320225));
#6831 = CARTESIAN_POINT('',(-2.540151960515,-6.E-07));
#6832 = ( GEOMETRIC_REPRESENTATION_CONTEXT(2) 
PARAMETRIC_REPRESENTATION_CONTEXT() REPRESENTATION_CONTEXT('2D SPACE',''
  ) );
#6833 = ORIENTED_EDGE('',*,*,#6834,.T.);
#6834 = EDGE_CURVE('',#6552,#6835,#6837,.T.);
#6835 = VERTEX_POINT('',#6836);
#6836 = CARTESIAN_POINT('',(-30.38605932002,-42.44440362403,113.051));
#6837 = SURFACE_CURVE('',#6838,(#6843,#6850),.PCURVE_S1.);
#6838 = CIRCLE('',#6839,52.2);
#6839 = AXIS2_PLACEMENT_3D('',#6840,#6841,#6842);
#6840 = CARTESIAN_POINT('',(0.,0.,113.051));
#6841 = DIRECTION('',(0.,0.,1.));
#6842 = DIRECTION('',(1.,0.,-0.));
#6843 = PCURVE('',#6372,#6844);
#6844 = DEFINITIONAL_REPRESENTATION('',(#6845),#6849);
#6845 = LINE('',#6846,#6847);
#6846 = CARTESIAN_POINT('',(0.,1.000000000005E-03));
#6847 = VECTOR('',#6848,1.);
#6848 = DIRECTION('',(1.,0.));
#6849 = ( GEOMETRIC_REPRESENTATION_CONTEXT(2) 
PARAMETRIC_REPRESENTATION_CONTEXT() REPRESENTATION_CONTEXT('2D SPACE',''
  ) );
#6850 = PCURVE('',#4016,#6851);
#6851 = DEFINITIONAL_REPRESENTATION('',(#6852),#6856);
#6852 = CIRCLE('',#6853,52.2);
#6853 = AXIS2_PLACEMENT_2D('',#6854,#6855);
#6854 = CARTESIAN_POINT('',(0.,0.));
#6855 = DIRECTION('',(1.,0.));
#6856 = ( GEOMETRIC_REPRESENTATION_CONTEXT(2) 
PARAMETRIC_REPRESENTATION_CONTEXT() REPRESENTATION_CONTEXT('2D SPACE',''
  ) );
#6857 = ORIENTED_EDGE('',*,*,#6858,.F.);
#6858 = EDGE_CURVE('',#6523,#6835,#6859,.T.);
#6859 = SURFACE_CURVE('',#6860,(#6908,#7121),.PCURVE_S1.);
#6860 = B_SPLINE_CURVE_WITH_KNOTS('',6,(#6861,#6862,#6863,#6864,#6865,
    #6866,#6867,#6868,#6869,#6870,#6871,#6872,#6873,#6874,#6875,#6876,
    #6877,#6878,#6879,#6880,#6881,#6882,#6883,#6884,#6885,#6886,#6887,
    #6888,#6889,#6890,#6891,#6892,#6893,#6894,#6895,#6896,#6897,#6898,
    #6899,#6900,#6901,#6902,#6903,#6904,#6905,#6906,#6907),
  .UNSPECIFIED.,.F.,.F.,(7,5,5,5,5,5,5,5,5,7),(0.,0.22294355552,
    0.384428278855,0.531292628001,0.601158954381,0.720337705075,
    0.797468354843,0.876584090505,0.937110624625,1.),.UNSPECIFIED.);
#6861 = CARTESIAN_POINT('',(-43.04001092867,-29.53637518823,161.9500006)
  );
#6862 = CARTESIAN_POINT('',(-41.95072305794,-31.12367090619,
    160.56905918522));
#6863 = CARTESIAN_POINT('',(-40.83963060568,-32.59217237654,
    159.13500860008));
#6864 = CARTESIAN_POINT('',(-39.71803098652,-33.95051573276,
    157.65560741332));
#6865 = CARTESIAN_POINT('',(-38.59487618597,-35.20672219666,
    156.13470591797));
#6866 = CARTESIAN_POINT('',(-37.47805899252,-36.3674617354,
    154.57303007574));
#6867 = CARTESIAN_POINT('',(-35.57937948013,-38.21236003325,
    151.80685425847));
#6868 = CARTESIAN_POINT('',(-34.79069101215,-38.93906747246,
    150.62350133358));
#6869 = CARTESIAN_POINT('',(-34.01425550232,-39.61957742237,
    149.41792262419));
#6870 = CARTESIAN_POINT('',(-33.25422100631,-40.25495108549,
    148.18913841998));
#6871 = CARTESIAN_POINT('',(-32.51598186463,-40.84545884276,
    146.93617713583));
#6872 = CARTESIAN_POINT('',(-31.16127106455,-41.88648191636,
    144.4960370339));
#6873 = CARTESIAN_POINT('',(-30.53938210738,-42.34517224871,
    143.31237479829));
#6874 = CARTESIAN_POINT('',(-29.94606830154,-42.76634733241,
    142.10648807797));
#6875 = CARTESIAN_POINT('',(-29.3877157817,-43.14907444826,
    140.8778039475));
#6876 = CARTESIAN_POINT('',(-28.87181506788,-43.49213343769,
    139.62563698951));
#6877 = CARTESIAN_POINT('',(-28.18540807441,-43.93736830867,
    137.7415178009));
#6878 = CARTESIAN_POINT('',(-27.97563391802,-44.07153130567,
    137.12860994511));
#6879 = CARTESIAN_POINT('',(-27.77840478674,-44.19605052605,
    136.51047047733));
#6880 = CARTESIAN_POINT('',(-27.594727119,-44.31068462265,
    135.88733039114));
#6881 = CARTESIAN_POINT('',(-27.42556172089,-44.41521220983,
    135.2593492005));
#6882 = CARTESIAN_POINT('',(-27.00955882864,-44.67010558671,
    133.54729037102));
#6883 = CARTESIAN_POINT('',(-26.79180516025,-44.80097731192,
    132.45262301183));
#6884 = CARTESIAN_POINT('',(-26.62435237869,-44.9001416829,
    131.34730131297));
#6885 = CARTESIAN_POINT('',(-26.51120632432,-44.96665717175,
    130.23486483206));
#6886 = CARTESIAN_POINT('',(-26.45448922205,-45.,129.11819304294));
#6887 = CARTESIAN_POINT('',(-26.45448922205,-45.,127.27632270461));
#6888 = CARTESIAN_POINT('',(-26.47824513066,-44.98603443047,
    126.55283796913));
#6889 = CARTESIAN_POINT('',(-26.52573328439,-44.95811723168,
    125.83050213783));
#6890 = CARTESIAN_POINT('',(-26.59656057971,-44.91635284734,
    125.1102888999));
#6891 = CARTESIAN_POINT('',(-26.68995930041,-44.8609404954,
    124.39325808379));
#6892 = CARTESIAN_POINT('',(-26.92258510838,-44.72173134395,
    122.94964970019));
#6893 = CARTESIAN_POINT('',(-27.06290761247,-44.63725375265,
    122.22343673667));
#6894 = CARTESIAN_POINT('',(-27.22468056657,-44.53907010688,
    121.50231631743));
#6895 = CARTESIAN_POINT('',(-27.40662279904,-44.42748749702,
    120.78677040905));
#6896 = CARTESIAN_POINT('',(-27.60726683542,-44.30287830027,
    120.07743268746));
#6897 = CARTESIAN_POINT('',(-27.9915253217,-44.06079051114,
    118.83776980979));
#6898 = CARTESIAN_POINT('',(-28.16811461401,-43.94848414736,
    118.30438174603));
#6899 = CARTESIAN_POINT('',(-28.35412674558,-43.82893915242,
    117.7749293444));
#6900 = CARTESIAN_POINT('',(-28.54894619791,-43.70228913018,
    117.24944365361));
#6901 = CARTESIAN_POINT('',(-28.75195773848,-43.56866992932,
    116.72798251552));
#6902 = CARTESIAN_POINT('',(-29.18136081412,-43.28229839646,
    115.67308236384));
#6903 = CARTESIAN_POINT('',(-29.40837670724,-43.12898877306,
    115.13991883789));
#6904 = CARTESIAN_POINT('',(-29.64297553328,-42.96841283559,
    114.61107978087));
#6905 = CARTESIAN_POINT('',(-29.88456883015,-42.80067298363,
    114.08651107881));
#6906 = CARTESIAN_POINT('',(-30.13260130776,-42.62585932708,
    113.56616483468));
#6907 = CARTESIAN_POINT('',(-30.38655159671,-42.44405119754,113.0499994)
  );
#6908 = PCURVE('',#6372,#6909);
#6909 = DEFINITIONAL_REPRESENTATION('',(#6910),#7120);
#6910 = B_SPLINE_CURVE_WITH_KNOTS('',10,(#6911,#6912,#6913,#6914,#6915,
    #6916,#6917,#6918,#6919,#6920,#6921,#6922,#6923,#6924,#6925,#6926,
    #6927,#6928,#6929,#6930,#6931,#6932,#6933,#6934,#6935,#6936,#6937,
    #6938,#6939,#6940,#6941,#6942,#6943,#6944,#6945,#6946,#6947,#6948,
    #6949,#6950,#6951,#6952,#6953,#6954,#6955,#6956,#6957,#6958,#6959,
    #6960,#6961,#6962,#6963,#6964,#6965,#6966,#6967,#6968,#6969,#6970,
    #6971,#6972,#6973,#6974,#6975,#6976,#6977,#6978,#6979,#6980,#6981,
    #6982,#6983,#6984,#6985,#6986,#6987,#6988,#6989,#6990,#6991,#6992,
    #6993,#6994,#6995,#6996,#6997,#6998,#6999,#7000,#7001,#7002,#7003,
    #7004,#7005,#7006,#7007,#7008,#7009,#7010,#7011,#7012,#7013,#7014,
    #7015,#7016,#7017,#7018,#7019,#7020,#7021,#7022,#7023,#7024,#7025,
    #7026,#7027,#7028,#7029,#7030,#7031,#7032,#7033,#7034,#7035,#7036,
    #7037,#7038,#7039,#7040,#7041,#7042,#7043,#7044,#7045,#7046,#7047,
    #7048,#7049,#7050,#7051,#7052,#7053,#7054,#7055,#7056,#7057,#7058,
    #7059,#7060,#7061,#7062,#7063,#7064,#7065,#7066,#7067,#7068,#7069,
    #7070,#7071,#7072,#7073,#7074,#7075,#7076,#7077,#7078,#7079,#7080,
    #7081,#7082,#7083,#7084,#7085,#7086,#7087,#7088,#7089,#7090,#7091,
    #7092,#7093,#7094,#7095,#7096,#7097,#7098,#7099,#7100,#7101,#7102,
    #7103,#7104,#7105,#7106,#7107,#7108,#7109,#7110,#7111,#7112,#7113,
    #7114,#7115,#7116,#7117,#7118,#7119),.UNSPECIFIED.,.F.,.F.,(11,9,9,9
    ,9,9,9,9,9,9,9,9,9,9,9,9,9,9,9,9,9,9,9,11),(1.614431589444E-08,
    0.125000012603,0.179687511054,0.205322275953,0.217739115201,
    0.229961941335,0.326216697146,0.368328152812,0.378198025234,
    0.3879136809,0.464424469264,0.531371409083,0.589949981425,
    0.602764044125,0.702073030047,0.711383247478,0.720402520613,
    0.790301887414,0.803408018689,0.852556010971,0.870986508076,
    0.87904985056,0.939524919188,0.999999987816),.UNSPECIFIED.);
#6911 = CARTESIAN_POINT('',(3.743033362688,48.9));
#6912 = CARTESIAN_POINT('',(3.755439934475,48.43544024013));
#6913 = CARTESIAN_POINT('',(3.767674654342,47.965315331663));
#6914 = CARTESIAN_POINT('',(3.779740572728,47.489853139399));
#6915 = CARTESIAN_POINT('',(3.791640582589,47.009254006306));
#6916 = CARTESIAN_POINT('',(3.803377398848,46.523691736479));
#6917 = CARTESIAN_POINT('',(3.814953537849,46.03331457811));
#6918 = CARTESIAN_POINT('',(3.826371296805,45.538246206447));
#6919 = CARTESIAN_POINT('',(3.837632733254,45.038586706768));
#6920 = CARTESIAN_POINT('',(3.848739644504,44.534413557337));
#6921 = CARTESIAN_POINT('',(3.864485879469,43.803256573955));
#6922 = CARTESIAN_POINT('',(3.869248924153,43.579877281747));
#6923 = CARTESIAN_POINT('',(3.873982807069,43.355649408316));
#6924 = CARTESIAN_POINT('',(3.878687643416,43.130576832045));
#6925 = CARTESIAN_POINT('',(3.883363537058,42.90466265171));
#6926 = CARTESIAN_POINT('',(3.888010579928,42.677909201057));
#6927 = CARTESIAN_POINT('',(3.892628851431,42.450318063373));
#6928 = CARTESIAN_POINT('',(3.897218417839,42.221890086062));
#6929 = CARTESIAN_POINT('',(3.901779331694,41.992625395221));
#6930 = CARTESIAN_POINT('',(3.908436146611,41.654663104735));
#6931 = CARTESIAN_POINT('',(3.910554374676,41.546618823461));
#6932 = CARTESIAN_POINT('',(3.912666319332,41.438390506541));
#6933 = CARTESIAN_POINT('',(3.914771983808,41.329978059993));
#6934 = CARTESIAN_POINT('',(3.916871370625,41.221381356012));
#6935 = CARTESIAN_POINT('',(3.918964481573,41.112600233292));
#6936 = CARTESIAN_POINT('',(3.9210513177,41.003634497342));
#6937 = CARTESIAN_POINT('',(3.923131879293,40.894483920803));
#6938 = CARTESIAN_POINT('',(3.925206165858,40.785148243769));
#6939 = CARTESIAN_POINT('',(3.928275868575,40.622577905983));
#6940 = CARTESIAN_POINT('',(3.929276088498,40.569485141203));
#6941 = CARTESIAN_POINT('',(3.930274835732,40.516348846562));
#6942 = CARTESIAN_POINT('',(3.931272110087,40.463168987085));
#6943 = CARTESIAN_POINT('',(3.932267911329,40.409945526033));
#6944 = CARTESIAN_POINT('',(3.933262239179,40.356678424907));
#6945 = CARTESIAN_POINT('',(3.934255093314,40.303367643459));
#6946 = CARTESIAN_POINT('',(3.935246473364,40.2500131397));
#6947 = CARTESIAN_POINT('',(3.936236378915,40.196614869909));
#6948 = CARTESIAN_POINT('',(3.938197795863,40.090565739889));
#6949 = CARTESIAN_POINT('',(3.939169360776,40.037915812901));
#6950 = CARTESIAN_POINT('',(3.940139455593,39.985225596189));
#6951 = CARTESIAN_POINT('',(3.941108184719,39.932489324715));
#6952 = CARTESIAN_POINT('',(3.942075489811,39.8797100925));
#6953 = CARTESIAN_POINT('',(3.943041287751,39.826892357689));
#6954 = CARTESIAN_POINT('',(3.94400559761,39.774035025192));
#6955 = CARTESIAN_POINT('',(3.944968477909,39.721134839741));
#6956 = CARTESIAN_POINT('',(3.945929881563,39.668194269838));
#6957 = CARTESIAN_POINT('',(3.954449352858,39.197981158282));
#6958 = CARTESIAN_POINT('',(3.961918052729,38.77820015494));
#6959 = CARTESIAN_POINT('',(3.969295734339,38.355839091086));
#6960 = CARTESIAN_POINT('',(3.976581936582,37.930866431702));
#6961 = CARTESIAN_POINT('',(3.983775918569,37.503249795782));
#6962 = CARTESIAN_POINT('',(3.990876653682,37.07295623569));
#6963 = CARTESIAN_POINT('',(3.997882823636,36.639952516512));
#6964 = CARTESIAN_POINT('',(4.004792812533,36.204205395414));
#6965 = CARTESIAN_POINT('',(4.011604700922,35.765681900997));
#6966 = CARTESIAN_POINT('',(4.021252566888,35.131266736499));
#6967 = CARTESIAN_POINT('',(4.024169670135,34.937646241235));
#6968 = CARTESIAN_POINT('',(4.027067382831,34.743485413889));
#6969 = CARTESIAN_POINT('',(4.029945506817,34.548781562483));
#6970 = CARTESIAN_POINT('',(4.032803832429,34.353532020992));
#6971 = CARTESIAN_POINT('',(4.035642138373,34.157734154315));
#6972 = CARTESIAN_POINT('',(4.038460191612,33.961385363245));
#6973 = CARTESIAN_POINT('',(4.041257747246,33.764483089428));
#6974 = CARTESIAN_POINT('',(4.044034548394,33.567024820338));
#6975 = CARTESIAN_POINT('',(4.047436211476,33.32259792406));
#6976 = CARTESIAN_POINT('',(4.048080942017,33.276157076925));
#6977 = CARTESIAN_POINT('',(4.048724514242,33.229685521141));
#6978 = CARTESIAN_POINT('',(4.049366924651,33.18318322517));
#6979 = CARTESIAN_POINT('',(4.050008169708,33.136650157633));
#6980 = CARTESIAN_POINT('',(4.050648245841,33.090086287309));
#6981 = CARTESIAN_POINT('',(4.051287149438,33.043491583143));
#6982 = CARTESIAN_POINT('',(4.051924876854,32.99686601425));
#6983 = CARTESIAN_POINT('',(4.052561424406,32.950209549914));
#6984 = CARTESIAN_POINT('',(4.053822224777,32.857564259755));
#6985 = CARTESIAN_POINT('',(4.054446512159,32.811576553422));
#6986 = CARTESIAN_POINT('',(4.055069654716,32.765558430192));
#6987 = CARTESIAN_POINT('',(4.05569164308,32.719510293423));
#6988 = CARTESIAN_POINT('',(4.05631246748,32.673432575699));
#6989 = CARTESIAN_POINT('',(4.056932125106,32.627325187525));
#6990 = CARTESIAN_POINT('',(4.057550621663,32.581187399272));
#6991 = CARTESIAN_POINT('',(4.058167967126,32.535018156352));
#6992 = CARTESIAN_POINT('',(4.058784165686,32.488816827637));
#6993 = CARTESIAN_POINT('',(4.064242594328,32.078503917984));
#6994 = CARTESIAN_POINT('',(4.06901401132,31.712477005563));
#6995 = CARTESIAN_POINT('',(4.073711591704,31.344485551187));
#6996 = CARTESIAN_POINT('',(4.078333332511,30.974512471869));
#6997 = CARTESIAN_POINT('',(4.082877090197,30.602541412199));
#6998 = CARTESIAN_POINT('',(4.087340583858,30.228556456252));
#6999 = CARTESIAN_POINT('',(4.091721398456,29.852541839489));
#7000 = CARTESIAN_POINT('',(4.096016988038,29.474481660667));
#7001 = CARTESIAN_POINT('',(4.100224678952,29.094359593737));
#7002 = CARTESIAN_POINT('',(4.107944042937,28.377732730024));
#7003 = CARTESIAN_POINT('',(4.111476973308,28.041715142828));
#7004 = CARTESIAN_POINT('',(4.114938588934,27.704094503568));
#7005 = CARTESIAN_POINT('',(4.118326941933,27.364858997657));
#7006 = CARTESIAN_POINT('',(4.12164001317,27.023996212944));
#7007 = CARTESIAN_POINT('',(4.124875713643,26.681493022138));
#7008 = CARTESIAN_POINT('',(4.128031885853,26.337335465231));
#7009 = CARTESIAN_POINT('',(4.131106305185,25.991508631914));
#7010 = CARTESIAN_POINT('',(4.134096681287,25.643996544008));
#7011 = CARTESIAN_POINT('',(4.13954164033,24.989219345012));
#7012 = CARTESIAN_POINT('',(4.142016415659,24.682360147021));
#7013 = CARTESIAN_POINT('',(4.144423072117,24.374234151986));
#7014 = CARTESIAN_POINT('',(4.146759727696,24.064868538139));
#7015 = CARTESIAN_POINT('',(4.149024531201,23.754287955747));
#7016 = CARTESIAN_POINT('',(4.151215661773,23.442514528996));
#7017 = CARTESIAN_POINT('',(4.153331328395,23.129567857878));
#7018 = CARTESIAN_POINT('',(4.155369769414,22.815465020077));
#7019 = CARTESIAN_POINT('',(4.157329252047,22.500220572856));
#7020 = CARTESIAN_POINT('',(4.159619063747,22.114639738517));
#7021 = CARTESIAN_POINT('',(4.160026199634,22.045378152741));
#7022 = CARTESIAN_POINT('',(4.160429431142,21.976067561479));
#7023 = CARTESIAN_POINT('',(4.160828841836,21.90668940302));
#7024 = CARTESIAN_POINT('',(4.161224240306,21.837275802827));
#7025 = CARTESIAN_POINT('',(4.161615739088,21.767802947783));
#7026 = CARTESIAN_POINT('',(4.162003384147,21.698259149883));
#7027 = CARTESIAN_POINT('',(4.162386915873,21.628689013435));
#7028 = CARTESIAN_POINT('',(4.162766542594,21.559051370623));
#7029 = CARTESIAN_POINT('',(4.166053471975,20.9492174546));
#7030 = CARTESIAN_POINT('',(4.168726011765,20.405585948568));
#7031 = CARTESIAN_POINT('',(4.171149051515,19.858909217029));
#7032 = CARTESIAN_POINT('',(4.173313128279,19.309595793074));
#7033 = CARTESIAN_POINT('',(4.175210054403,18.758019772357));
#7034 = CARTESIAN_POINT('',(4.176832896245,18.204525511755));
#7035 = CARTESIAN_POINT('',(4.178175952889,17.649432328032));
#7036 = CARTESIAN_POINT('',(4.179234734865,17.0930391965));
#7037 = CARTESIAN_POINT('',(4.18000594287,16.535629449682));
#7038 = CARTESIAN_POINT('',(4.18053258744,15.925148540939));
#7039 = CARTESIAN_POINT('',(4.180575182199,15.872815064934));
#7040 = CARTESIAN_POINT('',(4.180615229004,15.82047527242));
#7041 = CARTESIAN_POINT('',(4.180652726196,15.768129387015));
#7042 = CARTESIAN_POINT('',(4.180687672208,15.715777631528));
#7043 = CARTESIAN_POINT('',(4.180720065561,15.663420227994));
#7044 = CARTESIAN_POINT('',(4.18074990487,15.611057397708));
#7045 = CARTESIAN_POINT('',(4.180777188839,15.558689361257));
#7046 = CARTESIAN_POINT('',(4.180801916262,15.506316338558));
#7047 = CARTESIAN_POINT('',(4.18084556298,15.403197565147));
#7048 = CARTESIAN_POINT('',(4.180864639631,15.352452008922));
#7049 = CARTESIAN_POINT('',(4.180881314963,15.301702263428));
#7050 = CARTESIAN_POINT('',(4.180895588042,15.250948553262));
#7051 = CARTESIAN_POINT('',(4.180907458012,15.200191006271));
#7052 = CARTESIAN_POINT('',(4.180916924098,15.14942971542));
#7053 = CARTESIAN_POINT('',(4.180923985602,15.09866480066));
#7054 = CARTESIAN_POINT('',(4.180928641908,15.047896470799));
#7055 = CARTESIAN_POINT('',(4.180930892478,14.997125085364));
#7056 = CARTESIAN_POINT('',(4.180929530769,14.552853732599));
#7057 = CARTESIAN_POINT('',(4.180783803996,14.159409844526));
#7058 = CARTESIAN_POINT('',(4.180493624859,13.766138188682));
#7059 = CARTESIAN_POINT('',(4.180059396879,13.373158243994));
#7060 = CARTESIAN_POINT('',(4.179481861439,12.980591332134));
#7061 = CARTESIAN_POINT('',(4.178762100466,12.588561617758));
#7062 = CARTESIAN_POINT('',(4.177901539099,12.197197108744));
#7063 = CARTESIAN_POINT('',(4.176901948364,11.806630656437));
#7064 = CARTESIAN_POINT('',(4.175765447847,11.417000955883));
#7065 = CARTESIAN_POINT('',(4.174256207212,10.955600906732));
#7066 = CARTESIAN_POINT('',(4.174013178762,10.882786069148));
#7067 = CARTESIAN_POINT('',(4.173765443784,10.810011179228));
#7068 = CARTESIAN_POINT('',(4.173513012655,10.737275500439));
#7069 = CARTESIAN_POINT('',(4.173255901798,10.664579834198));
#7070 = CARTESIAN_POINT('',(4.172994134417,10.591926683719));
#7071 = CARTESIAN_POINT('',(4.172727733419,10.519318319423));
#7072 = CARTESIAN_POINT('',(4.172456714415,10.446754904087));
#7073 = CARTESIAN_POINT('',(4.172181086712,10.37423483586));
#7074 = CARTESIAN_POINT('',(4.17085005816,10.029976835251));
#7075 = CARTESIAN_POINT('',(4.169734706791,9.758820164269));
#7076 = CARTESIAN_POINT('',(4.168555667376,9.48830403577));
#7077 = CARTESIAN_POINT('',(4.167313828198,9.218444639111));
#7078 = CARTESIAN_POINT('',(4.166010114775,8.949259773032));
#7079 = CARTESIAN_POINT('',(4.164645490108,8.680768847089));
#7080 = CARTESIAN_POINT('',(4.163220954942,8.412992883078));
#7081 = CARTESIAN_POINT('',(4.161737548018,8.145954516472));
#7082 = CARTESIAN_POINT('',(4.160196346332,7.879677997846));
#7083 = CARTESIAN_POINT('',(4.15799926003,7.514630892986));
#7084 = CARTESIAN_POINT('',(4.157392084155,7.415183364096));
#7085 = CARTESIAN_POINT('',(4.156776996588,7.315847971726));
#7086 = CARTESIAN_POINT('',(4.156154056916,7.21662611193));
#7087 = CARTESIAN_POINT('',(4.155523325493,7.11751921274));
#7088 = CARTESIAN_POINT('',(4.154884863438,7.018528734176));
#7089 = CARTESIAN_POINT('',(4.15423873264,6.919656168259));
#7090 = CARTESIAN_POINT('',(4.153584995758,6.820903039018));
#7091 = CARTESIAN_POINT('',(4.152923716224,6.722270902504));
#7092 = CARTESIAN_POINT('',(4.15196237663,6.580663416179));
#7093 = CARTESIAN_POINT('',(4.151668363461,6.537588931678));
#7094 = CARTESIAN_POINT('',(4.151372925396,6.494538198252));
#7095 = CARTESIAN_POINT('',(4.151076064526,6.451510892279));
#7096 = CARTESIAN_POINT('',(4.150777787735,6.408507357141));
#7097 = CARTESIAN_POINT('',(4.150478104585,6.365528300869));
#7098 = CARTESIAN_POINT('',(4.150177020694,6.322573870247));
#7099 = CARTESIAN_POINT('',(4.149874533575,6.279643075794));
#7100 = CARTESIAN_POINT('',(4.149570637895,6.236734542016));
#7101 = CARTESIAN_POINT('',(4.146975666381,5.872212172298));
#7102 = CARTESIAN_POINT('',(4.144607392271,5.551882611016));
#7103 = CARTESIAN_POINT('',(4.142162463162,5.232869486237));
#7104 = CARTESIAN_POINT('',(4.139642409922,4.915141210484));
#7105 = CARTESIAN_POINT('',(4.137050051824,4.598802207853));
#7106 = CARTESIAN_POINT('',(4.134385397658,4.283668475342));
#7107 = CARTESIAN_POINT('',(4.131652804994,3.970008757606));
#7108 = CARTESIAN_POINT('',(4.128851656846,3.657577173035));
#7109 = CARTESIAN_POINT('',(4.125985576568,3.346572194099));
#7110 = CARTESIAN_POINT('',(4.120125359774,2.727248029411));
#7111 = CARTESIAN_POINT('',(4.117131276728,2.418934633256));
#7112 = CARTESIAN_POINT('',(4.114074821595,2.111961092572));
#7113 = CARTESIAN_POINT('',(4.110957550458,1.806318954562));
#7114 = CARTESIAN_POINT('',(4.107780972934,1.502000144968));
#7115 = CARTESIAN_POINT('',(4.104546552183,1.198996968692));
#7116 = CARTESIAN_POINT('',(4.101255704919,0.897302110413));
#7117 = CARTESIAN_POINT('',(4.097909801425,0.596908635206));
#7118 = CARTESIAN_POINT('',(4.09451016556,0.29780998916));
#7119 = CARTESIAN_POINT('',(4.091058074774,-2.84217094304E-14));
#7120 = ( GEOMETRIC_REPRESENTATION_CONTEXT(2) 
PARAMETRIC_REPRESENTATION_CONTEXT() REPRESENTATION_CONTEXT('2D SPACE',''
  ) );
#7121 = PCURVE('',#7122,#7127);
#7122 = CYLINDRICAL_SURFACE('',#7123,52.2);
#7123 = AXIS2_PLACEMENT_3D('',#7124,#7125,#7126);
#7124 = CARTESIAN_POINT('',(0.,0.,161.95));
#7125 = DIRECTION('',(-0.,-0.,-1.));
#7126 = DIRECTION('',(1.,0.,0.));
#7127 = DEFINITIONAL_REPRESENTATION('',(#7128),#7176);
#7128 = B_SPLINE_CURVE_WITH_KNOTS('',6,(#7129,#7130,#7131,#7132,#7133,
    #7134,#7135,#7136,#7137,#7138,#7139,#7140,#7141,#7142,#7143,#7144,
    #7145,#7146,#7147,#7148,#7149,#7150,#7151,#7152,#7153,#7154,#7155,
    #7156,#7157,#7158,#7159,#7160,#7161,#7162,#7163,#7164,#7165,#7166,
    #7167,#7168,#7169,#7170,#7171,#7172,#7173,#7174,#7175),
  .UNSPECIFIED.,.F.,.F.,(7,5,5,5,5,5,5,5,5,7),(0.,0.22294355552,
    0.384428278855,0.531292628001,0.601158954381,0.720337705075,
    0.797468354843,0.876584090505,0.937110624625,1.),.UNSPECIFIED.);
#7129 = CARTESIAN_POINT('',(-3.743033346664,-6.E-07));
#7130 = CARTESIAN_POINT('',(-3.77991288465,1.380940814779));
#7131 = CARTESIAN_POINT('',(-3.815152370341,2.814991399916));
#7132 = CARTESIAN_POINT('',(-3.848856047828,4.294392586678));
#7133 = CARTESIAN_POINT('',(-3.881103709228,5.815294082028));
#7134 = CARTESIAN_POINT('',(-3.911944007163,7.376969924257));
#7135 = CARTESIAN_POINT('',(-3.962660145269,10.143145741528));
#7136 = CARTESIAN_POINT('',(-3.983197806579,11.326498666418));
#7137 = CARTESIAN_POINT('',(-4.002967761849,12.532077375808));
#7138 = CARTESIAN_POINT('',(-4.021938415824,13.760861580017));
#7139 = CARTESIAN_POINT('',(-4.040045239689,15.01382286417));
#7140 = CARTESIAN_POINT('',(-4.072775114328,17.453962966094));
#7141 = CARTESIAN_POINT('',(-4.087575886242,18.637625201706));
#7142 = CARTESIAN_POINT('',(-4.101511490917,19.843511922024));
#7143 = CARTESIAN_POINT('',(-4.11447748181,21.072196052496));
#7144 = CARTESIAN_POINT('',(-4.126345499014,22.32436301049));
#7145 = CARTESIAN_POINT('',(-4.142019095779,24.208482199094));
#7146 = CARTESIAN_POINT('',(-4.146789262131,24.821390054887));
#7147 = CARTESIAN_POINT('',(-4.151257500798,25.439529522668));
#7148 = CARTESIAN_POINT('',(-4.155405217561,26.062669608855));
#7149 = CARTESIAN_POINT('',(-4.159214656383,26.690650799498));
#7150 = CARTESIAN_POINT('',(-4.16856105866,28.402709628978));
#7151 = CARTESIAN_POINT('',(-4.173427836697,29.497376988169));
#7152 = CARTESIAN_POINT('',(-4.177156002191,30.602698687028));
#7153 = CARTESIAN_POINT('',(-4.179670363284,31.715135167934));
#7154 = CARTESIAN_POINT('',(-4.180930742446,32.831806957052));
#7155 = CARTESIAN_POINT('',(-4.180930742446,34.673677295381));
#7156 = CARTESIAN_POINT('',(-4.180402833397,35.397162030865));
#7157 = CARTESIAN_POINT('',(-4.179347540939,36.119497862163));
#7158 = CARTESIAN_POINT('',(-4.17777237269,36.839711100093));
#7159 = CARTESIAN_POINT('',(-4.175691937683,37.556741916207));
#7160 = CARTESIAN_POINT('',(-4.170498495457,39.000350299805));
#7161 = CARTESIAN_POINT('',(-4.167360783711,39.726563263322));
#7162 = CARTESIAN_POINT('',(-4.163735599154,40.447683682565));
#7163 = CARTESIAN_POINT('',(-4.159646923747,41.163229590943));
#7164 = CARTESIAN_POINT('',(-4.155122315291,41.872567312539));
#7165 = CARTESIAN_POINT('',(-4.146421936867,43.112230190204));
#7166 = CARTESIAN_POINT('',(-4.142412851784,43.645618253964));
#7167 = CARTESIAN_POINT('',(-4.138177022262,44.175070655595));
#7168 = CARTESIAN_POINT('',(-4.133725630113,44.700556346382));
#7169 = CARTESIAN_POINT('',(-4.129069803339,45.222017484474));
#7170 = CARTESIAN_POINT('',(-4.11918215376,46.276917636159));
#7171 = CARTESIAN_POINT('',(-4.113934456586,46.810081162109));
#7172 = CARTESIAN_POINT('',(-4.108488439375,47.33892021913));
#7173 = CARTESIAN_POINT('',(-4.10285424234,47.863488921187));
#7174 = CARTESIAN_POINT('',(-4.097041245244,48.383835165312));
#7175 = CARTESIAN_POINT('',(-4.091058067819,48.9000006));
#7176 = ( GEOMETRIC_REPRESENTATION_CONTEXT(2) 
PARAMETRIC_REPRESENTATION_CONTEXT() REPRESENTATION_CONTEXT('2D SPACE',''
  ) );
#7177 = FACE_BOUND('',#7178,.F.);
#7178 = EDGE_LOOP('',(#7179));
#7179 = ORIENTED_EDGE('',*,*,#6096,.T.);
#7180 = ADVANCED_FACE('',(#7181),#7122,.F.);
#7181 = FACE_BOUND('',#7182,.T.);
#7182 = EDGE_LOOP('',(#7183,#7184,#7213,#7535));
#7183 = ORIENTED_EDGE('',*,*,#6858,.F.);
#7184 = ORIENTED_EDGE('',*,*,#7185,.T.);
#7185 = EDGE_CURVE('',#6523,#7186,#7188,.T.);
#7186 = VERTEX_POINT('',#7187);
#7187 = CARTESIAN_POINT('',(43.040010455389,-29.53637587789,161.95));
#7188 = SURFACE_CURVE('',#7189,(#7194,#7201),.PCURVE_S1.);
#7189 = CIRCLE('',#7190,52.2);
#7190 = AXIS2_PLACEMENT_3D('',#7191,#7192,#7193);
#7191 = CARTESIAN_POINT('',(0.,0.,161.95));
#7192 = DIRECTION('',(0.,0.,1.));
#7193 = DIRECTION('',(1.,0.,-0.));
#7194 = PCURVE('',#7122,#7195);
#7195 = DEFINITIONAL_REPRESENTATION('',(#7196),#7200);
#7196 = LINE('',#7197,#7198);
#7197 = CARTESIAN_POINT('',(-0.,0.));
#7198 = VECTOR('',#7199,1.);
#7199 = DIRECTION('',(-1.,0.));
#7200 = ( GEOMETRIC_REPRESENTATION_CONTEXT(2) 
PARAMETRIC_REPRESENTATION_CONTEXT() REPRESENTATION_CONTEXT('2D SPACE',''
  ) );
#7201 = PCURVE('',#7202,#7207);
#7202 = PLANE('',#7203);
#7203 = AXIS2_PLACEMENT_3D('',#7204,#7205,#7206);
#7204 = CARTESIAN_POINT('',(0.,0.,161.95));
#7205 = DIRECTION('',(0.,0.,1.));
#7206 = DIRECTION('',(1.,0.,-0.));
#7207 = DEFINITIONAL_REPRESENTATION('',(#7208),#7212);
#7208 = CIRCLE('',#7209,52.2);
#7209 = AXIS2_PLACEMENT_2D('',#7210,#7211);
#7210 = CARTESIAN_POINT('',(0.,0.));
#7211 = DIRECTION('',(1.,-0.));
#7212 = ( GEOMETRIC_REPRESENTATION_CONTEXT(2) 
PARAMETRIC_REPRESENTATION_CONTEXT() REPRESENTATION_CONTEXT('2D SPACE',''
  ) );
#7213 = ORIENTED_EDGE('',*,*,#7214,.T.);
#7214 = EDGE_CURVE('',#7186,#7215,#7217,.T.);
#7215 = VERTEX_POINT('',#7216);
#7216 = CARTESIAN_POINT('',(30.386059320024,-42.44440362403,113.051));
#7217 = SURFACE_CURVE('',#7218,(#7266,#7317),.PCURVE_S1.);
#7218 = B_SPLINE_CURVE_WITH_KNOTS('',6,(#7219,#7220,#7221,#7222,#7223,
    #7224,#7225,#7226,#7227,#7228,#7229,#7230,#7231,#7232,#7233,#7234,
    #7235,#7236,#7237,#7238,#7239,#7240,#7241,#7242,#7243,#7244,#7245,
    #7246,#7247,#7248,#7249,#7250,#7251,#7252,#7253,#7254,#7255,#7256,
    #7257,#7258,#7259,#7260,#7261,#7262,#7263,#7264,#7265),
  .UNSPECIFIED.,.F.,.F.,(7,5,5,5,5,5,5,5,5,7),(0.,0.222943555533,
    0.384428278876,0.531292628021,0.601158954397,0.720337705082,
    0.797468354846,0.876584090506,0.937110624625,1.),.UNSPECIFIED.);
#7219 = CARTESIAN_POINT('',(43.04001092867,-29.53637518823,161.9500006)
  );
#7220 = CARTESIAN_POINT('',(41.950723057933,-31.12367090621,
    160.5690591852));
#7221 = CARTESIAN_POINT('',(40.839630605703,-32.5921723765,
    159.1350086001));
#7222 = CARTESIAN_POINT('',(39.718030986523,-33.95051573277,
    157.65560741332));
#7223 = CARTESIAN_POINT('',(38.594876185949,-35.20672219669,
    156.13470591792));
#7224 = CARTESIAN_POINT('',(37.478058992544,-36.36746173538,
    154.57303007577));
#7225 = CARTESIAN_POINT('',(35.579379480125,-38.21236003326,
    151.80685425846));
#7226 = CARTESIAN_POINT('',(34.790691012154,-38.93906747245,
    150.62350133358));
#7227 = CARTESIAN_POINT('',(34.014255502334,-39.61957742237,
    149.4179226242));
#7228 = CARTESIAN_POINT('',(33.254221006311,-40.25495108549,
    148.18913841998));
#7229 = CARTESIAN_POINT('',(32.515981864634,-40.84545884276,
    146.93617713582));
#7230 = CARTESIAN_POINT('',(31.161271064597,-41.88648191633,
    144.49603703398));
#7231 = CARTESIAN_POINT('',(30.53938210736,-42.34517224873,
    143.31237479826));
#7232 = CARTESIAN_POINT('',(29.946068301506,-42.76634733243,
    142.1064880779));
#7233 = CARTESIAN_POINT('',(29.387715781707,-43.14907444825,
    140.87780394749));
#7234 = CARTESIAN_POINT('',(28.871815067916,-43.49213343767,
    139.62563698958));
#7235 = CARTESIAN_POINT('',(28.185408074412,-43.93736830867,
    137.7415178009));
#7236 = CARTESIAN_POINT('',(27.975633918025,-44.07153130567,
    137.12860994511));
#7237 = CARTESIAN_POINT('',(27.778404786744,-44.19605052605,
    136.51047047733));
#7238 = CARTESIAN_POINT('',(27.594727119008,-44.31068462265,
    135.88733039114));
#7239 = CARTESIAN_POINT('',(27.425561720898,-44.41521220983,
    135.2593492005));
#7240 = CARTESIAN_POINT('',(27.009558828644,-44.67010558671,
    133.54729037102));
#7241 = CARTESIAN_POINT('',(26.791805160255,-44.80097731192,
    132.45262301183));
#7242 = CARTESIAN_POINT('',(26.624352378696,-44.9001416829,
    131.34730131297));
#7243 = CARTESIAN_POINT('',(26.511206324325,-44.96665717175,
    130.23486483206));
#7244 = CARTESIAN_POINT('',(26.454489222058,-45.,129.11819304294));
#7245 = CARTESIAN_POINT('',(26.454489222058,-45.,127.2763227046));
#7246 = CARTESIAN_POINT('',(26.478245130664,-44.98603443047,
    126.55283796914));
#7247 = CARTESIAN_POINT('',(26.52573328439,-44.95811723168,
    125.83050213784));
#7248 = CARTESIAN_POINT('',(26.596560579717,-44.91635284734,
    125.11028889991));
#7249 = CARTESIAN_POINT('',(26.689959300416,-44.8609404954,
    124.39325808378));
#7250 = CARTESIAN_POINT('',(26.922585108388,-44.72173134395,
    122.94964970018));
#7251 = CARTESIAN_POINT('',(27.062907612472,-44.63725375265,
    122.22343673668));
#7252 = CARTESIAN_POINT('',(27.224680566571,-44.53907010688,
    121.50231631744));
#7253 = CARTESIAN_POINT('',(27.406622799041,-44.42748749703,
    120.78677040905));
#7254 = CARTESIAN_POINT('',(27.607266835429,-44.30287830027,
    120.07743268745));
#7255 = CARTESIAN_POINT('',(27.991525321707,-44.06079051114,
    118.83776980979));
#7256 = CARTESIAN_POINT('',(28.168114614013,-43.94848414736,
    118.30438174603));
#7257 = CARTESIAN_POINT('',(28.354126745584,-43.82893915242,
    117.7749293444));
#7258 = CARTESIAN_POINT('',(28.548946197916,-43.70228913018,
    117.24944365361));
#7259 = CARTESIAN_POINT('',(28.751957738483,-43.56866992932,
    116.72798251552));
#7260 = CARTESIAN_POINT('',(29.181360814128,-43.28229839646,
    115.67308236383));
#7261 = CARTESIAN_POINT('',(29.408376707243,-43.12898877306,
    115.13991883788));
#7262 = CARTESIAN_POINT('',(29.642975533283,-42.96841283559,
    114.61107978087));
#7263 = CARTESIAN_POINT('',(29.884568830149,-42.80067298363,
    114.08651107881));
#7264 = CARTESIAN_POINT('',(30.13260130776,-42.62585932708,
    113.56616483469));
#7265 = CARTESIAN_POINT('',(30.386551596718,-42.44405119754,113.0499994)
  );
#7266 = PCURVE('',#7122,#7267);
#7267 = DEFINITIONAL_REPRESENTATION('',(#7268),#7316);
#7268 = B_SPLINE_CURVE_WITH_KNOTS('',6,(#7269,#7270,#7271,#7272,#7273,
    #7274,#7275,#7276,#7277,#7278,#7279,#7280,#7281,#7282,#7283,#7284,
    #7285,#7286,#7287,#7288,#7289,#7290,#7291,#7292,#7293,#7294,#7295,
    #7296,#7297,#7298,#7299,#7300,#7301,#7302,#7303,#7304,#7305,#7306,
    #7307,#7308,#7309,#7310,#7311,#7312,#7313,#7314,#7315),
  .UNSPECIFIED.,.F.,.F.,(7,5,5,5,5,5,5,5,5,7),(0.,0.222943555533,
    0.384428278876,0.531292628021,0.601158954397,0.720337705082,
    0.797468354846,0.876584090506,0.937110624625,1.),.UNSPECIFIED.);
#7269 = CARTESIAN_POINT('',(-5.681744614105,-6.E-07));
#7270 = CARTESIAN_POINT('',(-5.644865076119,1.380940814798));
#7271 = CARTESIAN_POINT('',(-5.60962559043,2.814991399892));
#7272 = CARTESIAN_POINT('',(-5.575921912941,4.29439258667));
#7273 = CARTESIAN_POINT('',(-5.543674251541,5.815294082073));
#7274 = CARTESIAN_POINT('',(-5.512833953607,7.376969924225));
#7275 = CARTESIAN_POINT('',(-5.4621178155,10.14314574154));
#7276 = CARTESIAN_POINT('',(-5.441580154191,11.326498666415));
#7277 = CARTESIAN_POINT('',(-5.421810198921,12.532077375794));
#7278 = CARTESIAN_POINT('',(-5.402839544945,13.760861580017));
#7279 = CARTESIAN_POINT('',(-5.38473272108,15.013822864179));
#7280 = CARTESIAN_POINT('',(-5.352002846443,17.453962966018));
#7281 = CARTESIAN_POINT('',(-5.337202074526,18.637625201735));
#7282 = CARTESIAN_POINT('',(-5.323266469852,19.843511922098));
#7283 = CARTESIAN_POINT('',(-5.31030047896,21.072196052508));
#7284 = CARTESIAN_POINT('',(-5.298432461756,22.324363010416));
#7285 = CARTESIAN_POINT('',(-5.28275886499,24.208482199094));
#7286 = CARTESIAN_POINT('',(-5.277988698638,24.821390054887));
#7287 = CARTESIAN_POINT('',(-5.273520459971,25.439529522668));
#7288 = CARTESIAN_POINT('',(-5.269372743208,26.062669608855));
#7289 = CARTESIAN_POINT('',(-5.265563304386,26.690650799498));
#7290 = CARTESIAN_POINT('',(-5.256216902109,28.402709628979));
#7291 = CARTESIAN_POINT('',(-5.251350124072,29.497376988168));
#7292 = CARTESIAN_POINT('',(-5.247621958579,30.602698687031));
#7293 = CARTESIAN_POINT('',(-5.245107597486,31.715135167932));
#7294 = CARTESIAN_POINT('',(-5.243847218324,32.831806957052));
#7295 = CARTESIAN_POINT('',(-5.243847218324,34.673677295393));
#7296 = CARTESIAN_POINT('',(-5.244375127372,35.397162030857));
#7297 = CARTESIAN_POINT('',(-5.24543041983,36.119497862161));
#7298 = CARTESIAN_POINT('',(-5.247005588079,36.839711100083));
#7299 = CARTESIAN_POINT('',(-5.249086023087,37.556741916216));
#7300 = CARTESIAN_POINT('',(-5.254279465313,39.000350299812));
#7301 = CARTESIAN_POINT('',(-5.257417177058,39.726563263319));
#7302 = CARTESIAN_POINT('',(-5.261042361616,40.447683682557));
#7303 = CARTESIAN_POINT('',(-5.265131037023,41.163229590942));
#7304 = CARTESIAN_POINT('',(-5.269655645478,41.872567312549));
#7305 = CARTESIAN_POINT('',(-5.278356023902,43.112230190203));
#7306 = CARTESIAN_POINT('',(-5.282365108985,43.645618253961));
#7307 = CARTESIAN_POINT('',(-5.286600938508,44.175070655596));
#7308 = CARTESIAN_POINT('',(-5.291052330657,44.700556346387));
#7309 = CARTESIAN_POINT('',(-5.29570815743,45.222017484476));
#7310 = CARTESIAN_POINT('',(-5.305595807009,46.276917636166));
#7311 = CARTESIAN_POINT('',(-5.310843504183,46.810081162112));
#7312 = CARTESIAN_POINT('',(-5.316289521394,47.33892021913));
#7313 = CARTESIAN_POINT('',(-5.32192371843,47.863488921183));
#7314 = CARTESIAN_POINT('',(-5.327736715525,48.383835165304));
#7315 = CARTESIAN_POINT('',(-5.33371989295,48.9000006));
#7316 = ( GEOMETRIC_REPRESENTATION_CONTEXT(2) 
PARAMETRIC_REPRESENTATION_CONTEXT() REPRESENTATION_CONTEXT('2D SPACE',''
  ) );
#7317 = PCURVE('',#7318,#7323);
#7318 = CYLINDRICAL_SURFACE('',#7319,52.2);
#7319 = AXIS2_PLACEMENT_3D('',#7320,#7321,#7322);
#7320 = CARTESIAN_POINT('',(0.,0.,113.05));
#7321 = DIRECTION('',(0.,0.,1.));
#7322 = DIRECTION('',(1.,0.,-0.));
#7323 = DEFINITIONAL_REPRESENTATION('',(#7324),#7534);
#7324 = B_SPLINE_CURVE_WITH_KNOTS('',10,(#7325,#7326,#7327,#7328,#7329,
    #7330,#7331,#7332,#7333,#7334,#7335,#7336,#7337,#7338,#7339,#7340,
    #7341,#7342,#7343,#7344,#7345,#7346,#7347,#7348,#7349,#7350,#7351,
    #7352,#7353,#7354,#7355,#7356,#7357,#7358,#7359,#7360,#7361,#7362,
    #7363,#7364,#7365,#7366,#7367,#7368,#7369,#7370,#7371,#7372,#7373,
    #7374,#7375,#7376,#7377,#7378,#7379,#7380,#7381,#7382,#7383,#7384,
    #7385,#7386,#7387,#7388,#7389,#7390,#7391,#7392,#7393,#7394,#7395,
    #7396,#7397,#7398,#7399,#7400,#7401,#7402,#7403,#7404,#7405,#7406,
    #7407,#7408,#7409,#7410,#7411,#7412,#7413,#7414,#7415,#7416,#7417,
    #7418,#7419,#7420,#7421,#7422,#7423,#7424,#7425,#7426,#7427,#7428,
    #7429,#7430,#7431,#7432,#7433,#7434,#7435,#7436,#7437,#7438,#7439,
    #7440,#7441,#7442,#7443,#7444,#7445,#7446,#7447,#7448,#7449,#7450,
    #7451,#7452,#7453,#7454,#7455,#7456,#7457,#7458,#7459,#7460,#7461,
    #7462,#7463,#7464,#7465,#7466,#7467,#7468,#7469,#7470,#7471,#7472,
    #7473,#7474,#7475,#7476,#7477,#7478,#7479,#7480,#7481,#7482,#7483,
    #7484,#7485,#7486,#7487,#7488,#7489,#7490,#7491,#7492,#7493,#7494,
    #7495,#7496,#7497,#7498,#7499,#7500,#7501,#7502,#7503,#7504,#7505,
    #7506,#7507,#7508,#7509,#7510,#7511,#7512,#7513,#7514,#7515,#7516,
    #7517,#7518,#7519,#7520,#7521,#7522,#7523,#7524,#7525,#7526,#7527,
    #7528,#7529,#7530,#7531,#7532,#7533),.UNSPECIFIED.,.F.,.F.,(11,9,9,9
    ,9,9,9,9,9,9,9,9,9,9,9,9,9,9,9,9,9,9,9,11),(1.614431698066E-08,
    0.125000012603,0.179687511054,0.205322275953,0.217739115201,
    0.229961941335,0.326216697146,0.368328152812,0.378198025234,
    0.3879136809,0.464424469264,0.531371409083,0.589949981425,
    0.602764044125,0.702073030047,0.711383247478,0.720402520613,
    0.790301887414,0.803408018689,0.852556010971,0.870986508076,
    0.87904985056,0.939524919188,0.999999987816),.UNSPECIFIED.);
#7325 = CARTESIAN_POINT('',(5.681744598082,48.9));
#7326 = CARTESIAN_POINT('',(5.669338026295,48.435440240152));
#7327 = CARTESIAN_POINT('',(5.657103306428,47.965315331713));
#7328 = CARTESIAN_POINT('',(5.645037388043,47.489853139482));
#7329 = CARTESIAN_POINT('',(5.633137378183,47.009254006422));
#7330 = CARTESIAN_POINT('',(5.621400561925,46.523691736628));
#7331 = CARTESIAN_POINT('',(5.609824422925,46.033314578289));
#7332 = CARTESIAN_POINT('',(5.598406663969,45.538246206657));
#7333 = CARTESIAN_POINT('',(5.587145227521,45.038586707008));
#7334 = CARTESIAN_POINT('',(5.576038316272,44.534413557607));
#7335 = CARTESIAN_POINT('',(5.560292081307,43.803256574271));
#7336 = CARTESIAN_POINT('',(5.555529036624,43.579877282077));
#7337 = CARTESIAN_POINT('',(5.550795153707,43.355649408661));
#7338 = CARTESIAN_POINT('',(5.546090317361,43.130576832404));
#7339 = CARTESIAN_POINT('',(5.54141442372,42.904662652085));
#7340 = CARTESIAN_POINT('',(5.536767380849,42.677909201448));
#7341 = CARTESIAN_POINT('',(5.532149109346,42.45031806378));
#7342 = CARTESIAN_POINT('',(5.527559542939,42.221890086485));
#7343 = CARTESIAN_POINT('',(5.522998629084,41.99262539566));
#7344 = CARTESIAN_POINT('',(5.516341814168,41.654663105199));
#7345 = CARTESIAN_POINT('',(5.514223586102,41.546618823933));
#7346 = CARTESIAN_POINT('',(5.512111641447,41.438390507021));
#7347 = CARTESIAN_POINT('',(5.510005976971,41.32997806048));
#7348 = CARTESIAN_POINT('',(5.507906590154,41.221381356507));
#7349 = CARTESIAN_POINT('',(5.505813479206,41.112600233795));
#7350 = CARTESIAN_POINT('',(5.503726643079,41.003634497852));
#7351 = CARTESIAN_POINT('',(5.501646081486,40.894483921321));
#7352 = CARTESIAN_POINT('',(5.499571794921,40.785148244295));
#7353 = CARTESIAN_POINT('',(5.496502092205,40.622577906519));
#7354 = CARTESIAN_POINT('',(5.495501872281,40.569485141742));
#7355 = CARTESIAN_POINT('',(5.494503125047,40.516348847105));
#7356 = CARTESIAN_POINT('',(5.493505850692,40.463168987632));
#7357 = CARTESIAN_POINT('',(5.492510049451,40.409945526583));
#7358 = CARTESIAN_POINT('',(5.491515721601,40.35667842546));
#7359 = CARTESIAN_POINT('',(5.490522867466,40.303367644015));
#7360 = CARTESIAN_POINT('',(5.489531487416,40.250013140259));
#7361 = CARTESIAN_POINT('',(5.488541581865,40.196614870471));
#7362 = CARTESIAN_POINT('',(5.486580164916,40.090565740457));
#7363 = CARTESIAN_POINT('',(5.485608600002,40.037915813442));
#7364 = CARTESIAN_POINT('',(5.484638505182,39.985225596784));
#7365 = CARTESIAN_POINT('',(5.483669776044,39.932489325248));
#7366 = CARTESIAN_POINT('',(5.482702470946,39.879710092976));
#7367 = CARTESIAN_POINT('',(5.481736673015,39.826892358227));
#7368 = CARTESIAN_POINT('',(5.480772363167,39.774035025802));
#7369 = CARTESIAN_POINT('',(5.479809482869,39.721134840307));
#7370 = CARTESIAN_POINT('',(5.478848079217,39.668194270427));
#7371 = CARTESIAN_POINT('',(5.470328607922,39.197981158896));
#7372 = CARTESIAN_POINT('',(5.462859908052,38.778200155579));
#7373 = CARTESIAN_POINT('',(5.455482226442,38.355839091752));
#7374 = CARTESIAN_POINT('',(5.448196024199,37.930866432395));
#7375 = CARTESIAN_POINT('',(5.441002042213,37.503249796503));
#7376 = CARTESIAN_POINT('',(5.4339013071,37.072956236438));
#7377 = CARTESIAN_POINT('',(5.426895137146,36.639952517286));
#7378 = CARTESIAN_POINT('',(5.419985148249,36.204205396215));
#7379 = CARTESIAN_POINT('',(5.41317325986,35.765681901823));
#7380 = CARTESIAN_POINT('',(5.403525393895,35.131266737362));
#7381 = CARTESIAN_POINT('',(5.400608290647,34.93764624211));
#7382 = CARTESIAN_POINT('',(5.397710577952,34.743485414776));
#7383 = CARTESIAN_POINT('',(5.394832453965,34.54878156338));
#7384 = CARTESIAN_POINT('',(5.391974128353,34.353532021901));
#7385 = CARTESIAN_POINT('',(5.389135822409,34.157734155236));
#7386 = CARTESIAN_POINT('',(5.386317769171,33.961385364178));
#7387 = CARTESIAN_POINT('',(5.383520213537,33.764483090373));
#7388 = CARTESIAN_POINT('',(5.380743412389,33.567024821295));
#7389 = CARTESIAN_POINT('',(5.377341749307,33.322597925033));
#7390 = CARTESIAN_POINT('',(5.376697018766,33.2761570779));
#7391 = CARTESIAN_POINT('',(5.376053446541,33.229685522119));
#7392 = CARTESIAN_POINT('',(5.375411036132,33.183183226152));
#7393 = CARTESIAN_POINT('',(5.374769791075,33.136650158617));
#7394 = CARTESIAN_POINT('',(5.374129714942,33.090086288296));
#7395 = CARTESIAN_POINT('',(5.373490811345,33.043491584134));
#7396 = CARTESIAN_POINT('',(5.372853083929,32.996866015244));
#7397 = CARTESIAN_POINT('',(5.372216536377,32.950209550911));
#7398 = CARTESIAN_POINT('',(5.370955736006,32.857564260758));
#7399 = CARTESIAN_POINT('',(5.370331448624,32.811576554428));
#7400 = CARTESIAN_POINT('',(5.369708306067,32.765558431201));
#7401 = CARTESIAN_POINT('',(5.369086317703,32.719510294436));
#7402 = CARTESIAN_POINT('',(5.368465493303,32.673432576715));
#7403 = CARTESIAN_POINT('',(5.367845835677,32.627325188544));
#7404 = CARTESIAN_POINT('',(5.36722733912,32.581187400294));
#7405 = CARTESIAN_POINT('',(5.366609993657,32.535018157377));
#7406 = CARTESIAN_POINT('',(5.365993795097,32.488816828665));
#7407 = CARTESIAN_POINT('',(5.360535366455,32.078503919034));
#7408 = CARTESIAN_POINT('',(5.355763949463,31.712477006618));
#7409 = CARTESIAN_POINT('',(5.351066369079,31.344485552238));
#7410 = CARTESIAN_POINT('',(5.346444628271,30.97451247291));
#7411 = CARTESIAN_POINT('',(5.341900870585,30.602541413231));
#7412 = CARTESIAN_POINT('',(5.337437376923,30.228556457274));
#7413 = CARTESIAN_POINT('',(5.333056562325,29.852541840506));
#7414 = CARTESIAN_POINT('',(5.328760972743,29.474481661681));
#7415 = CARTESIAN_POINT('',(5.324553281828,29.094359594754));
#7416 = CARTESIAN_POINT('',(5.316833917843,28.37773273105));
#7417 = CARTESIAN_POINT('',(5.313300987472,28.041715143861));
#7418 = CARTESIAN_POINT('',(5.309839371846,27.704094504611));
#7419 = CARTESIAN_POINT('',(5.306451018847,27.36485899871));
#7420 = CARTESIAN_POINT('',(5.303137947609,27.023996214007));
#7421 = CARTESIAN_POINT('',(5.299902247136,26.681493023211));
#7422 = CARTESIAN_POINT('',(5.296746074926,26.33733546631));
#7423 = CARTESIAN_POINT('',(5.293671655594,25.991508632994));
#7424 = CARTESIAN_POINT('',(5.290681279492,25.64399654508));
#7425 = CARTESIAN_POINT('',(5.285236320448,24.989219346049));
#7426 = CARTESIAN_POINT('',(5.282761545119,24.682360148041));
#7427 = CARTESIAN_POINT('',(5.28035488866,24.374234152989));
#7428 = CARTESIAN_POINT('',(5.278018233081,24.064868539125));
#7429 = CARTESIAN_POINT('',(5.275753429575,23.754287956715));
#7430 = CARTESIAN_POINT('',(5.273562299003,23.442514529945));
#7431 = CARTESIAN_POINT('',(5.27144663238,23.129567858809));
#7432 = CARTESIAN_POINT('',(5.269408191361,22.815465020991));
#7433 = CARTESIAN_POINT('',(5.267448708728,22.500220573751));
#7434 = CARTESIAN_POINT('',(5.265158897027,22.114639739389));
#7435 = CARTESIAN_POINT('',(5.264751761147,22.045378153288));
#7436 = CARTESIAN_POINT('',(5.264348529499,21.976067563188));
#7437 = CARTESIAN_POINT('',(5.263949118936,21.906689402589));
#7438 = CARTESIAN_POINT('',(5.263553720251,21.837275803875));
#7439 = CARTESIAN_POINT('',(5.263162221428,21.767802949902));
#7440 = CARTESIAN_POINT('',(5.262774576744,21.698259149448));
#7441 = CARTESIAN_POINT('',(5.262391044856,21.628689014616));
#7442 = CARTESIAN_POINT('',(5.26201141818,21.559051371463));
#7443 = CARTESIAN_POINT('',(5.258724488798,20.949217455404));
#7444 = CARTESIAN_POINT('',(5.256051949008,20.405585949339));
#7445 = CARTESIAN_POINT('',(5.253628909258,19.858909217767));
#7446 = CARTESIAN_POINT('',(5.251464832493,19.309595793778));
#7447 = CARTESIAN_POINT('',(5.249567906368,18.758019773026));
#7448 = CARTESIAN_POINT('',(5.247945064526,18.204525512389));
#7449 = CARTESIAN_POINT('',(5.246602007882,17.64943232863));
#7450 = CARTESIAN_POINT('',(5.245543225905,17.093039197061));
#7451 = CARTESIAN_POINT('',(5.2447720179,16.535629450207));
#7452 = CARTESIAN_POINT('',(5.244245373329,15.925148541424));
#7453 = CARTESIAN_POINT('',(5.24420277857,15.872815065415));
#7454 = CARTESIAN_POINT('',(5.244162731766,15.820475272898));
#7455 = CARTESIAN_POINT('',(5.244125234574,15.768129387489));
#7456 = CARTESIAN_POINT('',(5.244090288562,15.715777631999));
#7457 = CARTESIAN_POINT('',(5.244057895209,15.663420228462));
#7458 = CARTESIAN_POINT('',(5.244028055899,15.611057398172));
#7459 = CARTESIAN_POINT('',(5.24400077193,15.558689361717));
#7460 = CARTESIAN_POINT('',(5.243976044508,15.506316339015));
#7461 = CARTESIAN_POINT('',(5.24393239779,15.403197565597));
#7462 = CARTESIAN_POINT('',(5.243913321139,15.352452009369));
#7463 = CARTESIAN_POINT('',(5.243896645807,15.301702263871));
#7464 = CARTESIAN_POINT('',(5.243882372728,15.250948553702));
#7465 = CARTESIAN_POINT('',(5.243870502758,15.200191006707));
#7466 = CARTESIAN_POINT('',(5.243861036672,15.149429715852));
#7467 = CARTESIAN_POINT('',(5.243853975167,15.09866480109));
#7468 = CARTESIAN_POINT('',(5.243849318861,15.047896471225));
#7469 = CARTESIAN_POINT('',(5.243847068291,14.997125085787));
#7470 = CARTESIAN_POINT('',(5.243848430001,14.552853732991));
#7471 = CARTESIAN_POINT('',(5.243994156774,14.159409844899));
#7472 = CARTESIAN_POINT('',(5.24428433591,13.766138189039));
#7473 = CARTESIAN_POINT('',(5.24471856389,13.373158244334));
#7474 = CARTESIAN_POINT('',(5.24529609933,12.980591332457));
#7475 = CARTESIAN_POINT('',(5.246015860302,12.58856161806));
#7476 = CARTESIAN_POINT('',(5.246876421669,12.197197109023));
#7477 = CARTESIAN_POINT('',(5.247876012404,11.806630656692));
#7478 = CARTESIAN_POINT('',(5.249012512922,11.417000956115));
#7479 = CARTESIAN_POINT('',(5.250521753557,10.95560090694));
#7480 = CARTESIAN_POINT('',(5.250764782008,10.882786069354));
#7481 = CARTESIAN_POINT('',(5.251012516985,10.810011179428));
#7482 = CARTESIAN_POINT('',(5.251264948113,10.737275500633));
#7483 = CARTESIAN_POINT('',(5.251522058971,10.664579834393));
#7484 = CARTESIAN_POINT('',(5.251783826353,10.591926683913));
#7485 = CARTESIAN_POINT('',(5.25205022735,10.519318319613));
#7486 = CARTESIAN_POINT('',(5.252321246353,10.44675490427));
#7487 = CARTESIAN_POINT('',(5.252596874057,10.374234836044));
#7488 = CARTESIAN_POINT('',(5.253927902608,10.029976835424));
#7489 = CARTESIAN_POINT('',(5.255043253978,9.758820164434));
#7490 = CARTESIAN_POINT('',(5.256222293393,9.488304035928));
#7491 = CARTESIAN_POINT('',(5.25746413257,9.218444639262));
#7492 = CARTESIAN_POINT('',(5.258767845994,8.949259773176));
#7493 = CARTESIAN_POINT('',(5.260132470661,8.680768847225));
#7494 = CARTESIAN_POINT('',(5.261557005827,8.412992883206));
#7495 = CARTESIAN_POINT('',(5.263040412751,8.145954516591));
#7496 = CARTESIAN_POINT('',(5.264581614437,7.879677997956));
#7497 = CARTESIAN_POINT('',(5.266778700739,7.514630893083));
#7498 = CARTESIAN_POINT('',(5.267385876613,7.415183364189));
#7499 = CARTESIAN_POINT('',(5.268000964181,7.315847971815));
#7500 = CARTESIAN_POINT('',(5.268623903853,7.216626112016));
#7501 = CARTESIAN_POINT('',(5.269254635276,7.117519212822));
#7502 = CARTESIAN_POINT('',(5.269893097331,7.018528734256));
#7503 = CARTESIAN_POINT('',(5.270539228129,6.919656168335));
#7504 = CARTESIAN_POINT('',(5.271192965011,6.820903039092));
#7505 = CARTESIAN_POINT('',(5.271854244545,6.722270902575));
#7506 = CARTESIAN_POINT('',(5.272815584139,6.580663416246));
#7507 = CARTESIAN_POINT('',(5.273109597308,6.537588931745));
#7508 = CARTESIAN_POINT('',(5.273405035372,6.494538198317));
#7509 = CARTESIAN_POINT('',(5.273701896242,6.451510892342));
#7510 = CARTESIAN_POINT('',(5.274000173034,6.408507357203));
#7511 = CARTESIAN_POINT('',(5.274299856185,6.36552830093));
#7512 = CARTESIAN_POINT('',(5.274600940075,6.322573870309));
#7513 = CARTESIAN_POINT('',(5.274903427193,6.279643075855));
#7514 = CARTESIAN_POINT('',(5.275207322874,6.236734542076));
#7515 = CARTESIAN_POINT('',(5.277802294388,5.872212172352));
#7516 = CARTESIAN_POINT('',(5.280170568731,5.55188261114));
#7517 = CARTESIAN_POINT('',(5.28261549669,5.232869485335));
#7518 = CARTESIAN_POINT('',(5.285135551705,4.915141212929));
#7519 = CARTESIAN_POINT('',(5.287727908813,4.598802203895));
#7520 = CARTESIAN_POINT('',(5.290392564377,4.283668479417));
#7521 = CARTESIAN_POINT('',(5.293125154567,3.9700087565));
#7522 = CARTESIAN_POINT('',(5.295926304301,3.657577173188));
#7523 = CARTESIAN_POINT('',(5.298792384201,3.346572194105));
#7524 = CARTESIAN_POINT('',(5.304652600995,2.72724802941));
#7525 = CARTESIAN_POINT('',(5.307646684042,2.418934633254));
#7526 = CARTESIAN_POINT('',(5.310703139175,2.111961092571));
#7527 = CARTESIAN_POINT('',(5.313820410311,1.806318954563));
#7528 = CARTESIAN_POINT('',(5.316996987835,1.502000144971));
#7529 = CARTESIAN_POINT('',(5.320231408586,1.198996968697));
#7530 = CARTESIAN_POINT('',(5.32352225585,0.897302110419));
#7531 = CARTESIAN_POINT('',(5.326868159345,0.596908635213));
#7532 = CARTESIAN_POINT('',(5.330267795209,0.297809989166));
#7533 = CARTESIAN_POINT('',(5.333719885995,2.84217094304E-14));
#7534 = ( GEOMETRIC_REPRESENTATION_CONTEXT(2) 
PARAMETRIC_REPRESENTATION_CONTEXT() REPRESENTATION_CONTEXT('2D SPACE',''
  ) );
#7535 = ORIENTED_EDGE('',*,*,#7536,.T.);
#7536 = EDGE_CURVE('',#7215,#6835,#7537,.T.);
#7537 = SURFACE_CURVE('',#7538,(#7543,#7550),.PCURVE_S1.);
#7538 = CIRCLE('',#7539,52.2);
#7539 = AXIS2_PLACEMENT_3D('',#7540,#7541,#7542);
#7540 = CARTESIAN_POINT('',(0.,0.,113.051));
#7541 = DIRECTION('',(0.,0.,-1.));
#7542 = DIRECTION('',(1.,0.,0.));
#7543 = PCURVE('',#7122,#7544);
#7544 = DEFINITIONAL_REPRESENTATION('',(#7545),#7549);
#7545 = LINE('',#7546,#7547);
#7546 = CARTESIAN_POINT('',(-6.28318530718,48.899));
#7547 = VECTOR('',#7548,1.);
#7548 = DIRECTION('',(1.,-0.));
#7549 = ( GEOMETRIC_REPRESENTATION_CONTEXT(2) 
PARAMETRIC_REPRESENTATION_CONTEXT() REPRESENTATION_CONTEXT('2D SPACE',''
  ) );
#7550 = PCURVE('',#4016,#7551);
#7551 = DEFINITIONAL_REPRESENTATION('',(#7552),#7560);
#7552 = ( BOUNDED_CURVE() B_SPLINE_CURVE(2,(#7553,#7554,#7555,#7556,
#7557,#7558,#7559),.UNSPECIFIED.,.T.,.F.) B_SPLINE_CURVE_WITH_KNOTS((1,2
    ,2,2,2,1),(-2.094395102393,0.,2.094395102393,4.188790204786,
6.28318530718,8.377580409573),.UNSPECIFIED.) CURVE() 
GEOMETRIC_REPRESENTATION_ITEM() RATIONAL_B_SPLINE_CURVE((1.,0.5,1.,0.5,
1.,0.5,1.)) REPRESENTATION_ITEM('') );
#7553 = CARTESIAN_POINT('',(52.2,0.));
#7554 = CARTESIAN_POINT('',(52.2,-90.41305215509));
#7555 = CARTESIAN_POINT('',(-26.1,-45.20652607754));
#7556 = CARTESIAN_POINT('',(-104.4,-1.27853125831E-14));
#7557 = CARTESIAN_POINT('',(-26.1,45.206526077548));
#7558 = CARTESIAN_POINT('',(52.2,90.413052155095));
#7559 = CARTESIAN_POINT('',(52.2,0.));
#7560 = ( GEOMETRIC_REPRESENTATION_CONTEXT(2) 
PARAMETRIC_REPRESENTATION_CONTEXT() REPRESENTATION_CONTEXT('2D SPACE',''
  ) );
#7561 = ADVANCED_FACE('',(#7562),#7202,.F.);
#7562 = FACE_BOUND('',#7563,.T.);
#7563 = EDGE_LOOP('',(#7564,#7595,#7620,#7621));
#7564 = ORIENTED_EDGE('',*,*,#7565,.T.);
#7565 = EDGE_CURVE('',#7566,#7568,#7570,.T.);
#7566 = VERTEX_POINT('',#7567);
#7567 = CARTESIAN_POINT('',(-39.09734645727,-29.53637587789,161.95));
#7568 = VERTEX_POINT('',#7569);
#7569 = CARTESIAN_POINT('',(39.097346457273,-29.53637587789,161.95));
#7570 = SURFACE_CURVE('',#7571,(#7576,#7583),.PCURVE_S1.);
#7571 = CIRCLE('',#7572,49.);
#7572 = AXIS2_PLACEMENT_3D('',#7573,#7574,#7575);
#7573 = CARTESIAN_POINT('',(0.,0.,161.95));
#7574 = DIRECTION('',(0.,0.,1.));
#7575 = DIRECTION('',(1.,0.,-0.));
#7576 = PCURVE('',#7202,#7577);
#7577 = DEFINITIONAL_REPRESENTATION('',(#7578),#7582);
#7578 = CIRCLE('',#7579,49.);
#7579 = AXIS2_PLACEMENT_2D('',#7580,#7581);
#7580 = CARTESIAN_POINT('',(0.,0.));
#7581 = DIRECTION('',(1.,-0.));
#7582 = ( GEOMETRIC_REPRESENTATION_CONTEXT(2) 
PARAMETRIC_REPRESENTATION_CONTEXT() REPRESENTATION_CONTEXT('2D SPACE',''
  ) );
#7583 = PCURVE('',#7584,#7589);
#7584 = CYLINDRICAL_SURFACE('',#7585,49.);
#7585 = AXIS2_PLACEMENT_3D('',#7586,#7587,#7588);
#7586 = CARTESIAN_POINT('',(0.,0.,178.));
#7587 = DIRECTION('',(-0.,-0.,-1.));
#7588 = DIRECTION('',(1.,0.,0.));
#7589 = DEFINITIONAL_REPRESENTATION('',(#7590),#7594);
#7590 = LINE('',#7591,#7592);
#7591 = CARTESIAN_POINT('',(-0.,16.05));
#7592 = VECTOR('',#7593,1.);
#7593 = DIRECTION('',(-1.,0.));
#7594 = ( GEOMETRIC_REPRESENTATION_CONTEXT(2) 
PARAMETRIC_REPRESENTATION_CONTEXT() REPRESENTATION_CONTEXT('2D SPACE',''
  ) );
#7595 = ORIENTED_EDGE('',*,*,#7596,.T.);
#7596 = EDGE_CURVE('',#7568,#7186,#7597,.T.);
#7597 = SURFACE_CURVE('',#7598,(#7602,#7608),.PCURVE_S1.);
#7598 = LINE('',#7599,#7600);
#7599 = CARTESIAN_POINT('',(-154.1,-29.53637587789,161.95));
#7600 = VECTOR('',#7601,1.);
#7601 = DIRECTION('',(1.,0.,0.));
#7602 = PCURVE('',#7202,#7603);
#7603 = DEFINITIONAL_REPRESENTATION('',(#7604),#7607);
#7604 = B_SPLINE_CURVE_WITH_KNOTS('',1,(#7605,#7606),.UNSPECIFIED.,.F.,
  .F.,(2,2),(91.46,216.74),.PIECEWISE_BEZIER_KNOTS.);
#7605 = CARTESIAN_POINT('',(-62.64,-29.53637587789));
#7606 = CARTESIAN_POINT('',(62.64,-29.53637587789));
#7607 = ( GEOMETRIC_REPRESENTATION_CONTEXT(2) 
PARAMETRIC_REPRESENTATION_CONTEXT() REPRESENTATION_CONTEXT('2D SPACE',''
  ) );
#7608 = PCURVE('',#7609,#7614);
#7609 = PLANE('',#7610);
#7610 = AXIS2_PLACEMENT_3D('',#7611,#7612,#7613);
#7611 = CARTESIAN_POINT('',(0.,0.,161.95));
#7612 = DIRECTION('',(0.,0.,1.));
#7613 = DIRECTION('',(1.,0.,-0.));
#7614 = DEFINITIONAL_REPRESENTATION('',(#7615),#7619);
#7615 = LINE('',#7616,#7617);
#7616 = CARTESIAN_POINT('',(-154.1,-29.53637587789));
#7617 = VECTOR('',#7618,1.);
#7618 = DIRECTION('',(1.,0.));
#7619 = ( GEOMETRIC_REPRESENTATION_CONTEXT(2) 
PARAMETRIC_REPRESENTATION_CONTEXT() REPRESENTATION_CONTEXT('2D SPACE',''
  ) );
#7620 = ORIENTED_EDGE('',*,*,#7185,.F.);
#7621 = ORIENTED_EDGE('',*,*,#7622,.T.);
#7622 = EDGE_CURVE('',#6523,#7566,#7623,.T.);
#7623 = SURFACE_CURVE('',#7624,(#7628,#7634),.PCURVE_S1.);
#7624 = LINE('',#7625,#7626);
#7625 = CARTESIAN_POINT('',(-154.1,-29.53637587789,161.95));
#7626 = VECTOR('',#7627,1.);
#7627 = DIRECTION('',(1.,0.,0.));
#7628 = PCURVE('',#7202,#7629);
#7629 = DEFINITIONAL_REPRESENTATION('',(#7630),#7633);
#7630 = B_SPLINE_CURVE_WITH_KNOTS('',1,(#7631,#7632),.UNSPECIFIED.,.F.,
  .F.,(2,2),(91.46,216.74),.PIECEWISE_BEZIER_KNOTS.);
#7631 = CARTESIAN_POINT('',(-62.64,-29.53637587789));
#7632 = CARTESIAN_POINT('',(62.64,-29.53637587789));
#7633 = ( GEOMETRIC_REPRESENTATION_CONTEXT(2) 
PARAMETRIC_REPRESENTATION_CONTEXT() REPRESENTATION_CONTEXT('2D SPACE',''
  ) );
#7634 = PCURVE('',#6539,#7635);
#7635 = DEFINITIONAL_REPRESENTATION('',(#7636),#7640);
#7636 = LINE('',#7637,#7638);
#7637 = CARTESIAN_POINT('',(-154.1,-29.53637587789));
#7638 = VECTOR('',#7639,1.);
#7639 = DIRECTION('',(1.,0.));
#7640 = ( GEOMETRIC_REPRESENTATION_CONTEXT(2) 
PARAMETRIC_REPRESENTATION_CONTEXT() REPRESENTATION_CONTEXT('2D SPACE',''
  ) );
#7641 = ADVANCED_FACE('',(#7642),#7609,.F.);
#7642 = FACE_BOUND('',#7643,.F.);
#7643 = EDGE_LOOP('',(#7644,#7645,#7669,#7698,#7725,#7754));
#7644 = ORIENTED_EDGE('',*,*,#7596,.T.);
#7645 = ORIENTED_EDGE('',*,*,#7646,.T.);
#7646 = EDGE_CURVE('',#7186,#7647,#7649,.T.);
#7647 = VERTEX_POINT('',#7648);
#7648 = CARTESIAN_POINT('',(52.2,-1.27853125831E-14,161.95));
#7649 = SURFACE_CURVE('',#7650,(#7655,#7662),.PCURVE_S1.);
#7650 = CIRCLE('',#7651,52.2);
#7651 = AXIS2_PLACEMENT_3D('',#7652,#7653,#7654);
#7652 = CARTESIAN_POINT('',(0.,0.,161.95));
#7653 = DIRECTION('',(0.,0.,1.));
#7654 = DIRECTION('',(1.,0.,-0.));
#7655 = PCURVE('',#7609,#7656);
#7656 = DEFINITIONAL_REPRESENTATION('',(#7657),#7661);
#7657 = CIRCLE('',#7658,52.2);
#7658 = AXIS2_PLACEMENT_2D('',#7659,#7660);
#7659 = CARTESIAN_POINT('',(0.,0.));
#7660 = DIRECTION('',(1.,0.));
#7661 = ( GEOMETRIC_REPRESENTATION_CONTEXT(2) 
PARAMETRIC_REPRESENTATION_CONTEXT() REPRESENTATION_CONTEXT('2D SPACE',''
  ) );
#7662 = PCURVE('',#7318,#7663);
#7663 = DEFINITIONAL_REPRESENTATION('',(#7664),#7668);
#7664 = LINE('',#7665,#7666);
#7665 = CARTESIAN_POINT('',(0.,48.9));
#7666 = VECTOR('',#7667,1.);
#7667 = DIRECTION('',(1.,0.));
#7668 = ( GEOMETRIC_REPRESENTATION_CONTEXT(2) 
PARAMETRIC_REPRESENTATION_CONTEXT() REPRESENTATION_CONTEXT('2D SPACE',''
  ) );
#7669 = ORIENTED_EDGE('',*,*,#7670,.T.);
#7670 = EDGE_CURVE('',#7647,#7671,#7673,.T.);
#7671 = VERTEX_POINT('',#7672);
#7672 = CARTESIAN_POINT('',(43.040010455389,29.53637587789,161.95));
#7673 = SURFACE_CURVE('',#7674,(#7679,#7686),.PCURVE_S1.);
#7674 = CIRCLE('',#7675,52.2);
#7675 = AXIS2_PLACEMENT_3D('',#7676,#7677,#7678);
#7676 = CARTESIAN_POINT('',(0.,0.,161.95));
#7677 = DIRECTION('',(0.,0.,1.));
#7678 = DIRECTION('',(1.,0.,-0.));
#7679 = PCURVE('',#7609,#7680);
#7680 = DEFINITIONAL_REPRESENTATION('',(#7681),#7685);
#7681 = CIRCLE('',#7682,52.2);
#7682 = AXIS2_PLACEMENT_2D('',#7683,#7684);
#7683 = CARTESIAN_POINT('',(0.,0.));
#7684 = DIRECTION('',(1.,0.));
#7685 = ( GEOMETRIC_REPRESENTATION_CONTEXT(2) 
PARAMETRIC_REPRESENTATION_CONTEXT() REPRESENTATION_CONTEXT('2D SPACE',''
  ) );
#7686 = PCURVE('',#7687,#7692);
#7687 = CYLINDRICAL_SURFACE('',#7688,52.2);
#7688 = AXIS2_PLACEMENT_3D('',#7689,#7690,#7691);
#7689 = CARTESIAN_POINT('',(0.,0.,113.05));
#7690 = DIRECTION('',(0.,0.,1.));
#7691 = DIRECTION('',(1.,0.,-0.));
#7692 = DEFINITIONAL_REPRESENTATION('',(#7693),#7697);
#7693 = LINE('',#7694,#7695);
#7694 = CARTESIAN_POINT('',(0.,48.9));
#7695 = VECTOR('',#7696,1.);
#7696 = DIRECTION('',(1.,0.));
#7697 = ( GEOMETRIC_REPRESENTATION_CONTEXT(2) 
PARAMETRIC_REPRESENTATION_CONTEXT() REPRESENTATION_CONTEXT('2D SPACE',''
  ) );
#7698 = ORIENTED_EDGE('',*,*,#7699,.F.);
#7699 = EDGE_CURVE('',#7700,#7671,#7702,.T.);
#7700 = VERTEX_POINT('',#7701);
#7701 = CARTESIAN_POINT('',(39.097346457273,29.53637587789,161.95));
#7702 = SURFACE_CURVE('',#7703,(#7707,#7714),.PCURVE_S1.);
#7703 = LINE('',#7704,#7705);
#7704 = CARTESIAN_POINT('',(-154.1,29.53637587789,161.95));
#7705 = VECTOR('',#7706,1.);
#7706 = DIRECTION('',(1.,0.,0.));
#7707 = PCURVE('',#7609,#7708);
#7708 = DEFINITIONAL_REPRESENTATION('',(#7709),#7713);
#7709 = LINE('',#7710,#7711);
#7710 = CARTESIAN_POINT('',(-154.1,29.53637587789));
#7711 = VECTOR('',#7712,1.);
#7712 = DIRECTION('',(1.,0.));
#7713 = ( GEOMETRIC_REPRESENTATION_CONTEXT(2) 
PARAMETRIC_REPRESENTATION_CONTEXT() REPRESENTATION_CONTEXT('2D SPACE',''
  ) );
#7714 = PCURVE('',#7715,#7720);
#7715 = PLANE('',#7716);
#7716 = AXIS2_PLACEMENT_3D('',#7717,#7718,#7719);
#7717 = CARTESIAN_POINT('',(0.,0.,161.95));
#7718 = DIRECTION('',(0.,0.,1.));
#7719 = DIRECTION('',(1.,0.,-0.));
#7720 = DEFINITIONAL_REPRESENTATION('',(#7721),#7724);
#7721 = B_SPLINE_CURVE_WITH_KNOTS('',1,(#7722,#7723),.UNSPECIFIED.,.F.,
  .F.,(2,2),(91.46,216.74),.PIECEWISE_BEZIER_KNOTS.);
#7722 = CARTESIAN_POINT('',(-62.64,29.53637587789));
#7723 = CARTESIAN_POINT('',(62.64,29.53637587789));
#7724 = ( GEOMETRIC_REPRESENTATION_CONTEXT(2) 
PARAMETRIC_REPRESENTATION_CONTEXT() REPRESENTATION_CONTEXT('2D SPACE',''
  ) );
#7725 = ORIENTED_EDGE('',*,*,#7726,.F.);
#7726 = EDGE_CURVE('',#7727,#7700,#7729,.T.);
#7727 = VERTEX_POINT('',#7728);
#7728 = CARTESIAN_POINT('',(49.,-1.200153863164E-14,161.95));
#7729 = SURFACE_CURVE('',#7730,(#7735,#7742),.PCURVE_S1.);
#7730 = CIRCLE('',#7731,49.);
#7731 = AXIS2_PLACEMENT_3D('',#7732,#7733,#7734);
#7732 = CARTESIAN_POINT('',(0.,0.,161.95));
#7733 = DIRECTION('',(0.,0.,1.));
#7734 = DIRECTION('',(1.,0.,-0.));
#7735 = PCURVE('',#7609,#7736);
#7736 = DEFINITIONAL_REPRESENTATION('',(#7737),#7741);
#7737 = CIRCLE('',#7738,49.);
#7738 = AXIS2_PLACEMENT_2D('',#7739,#7740);
#7739 = CARTESIAN_POINT('',(0.,0.));
#7740 = DIRECTION('',(1.,0.));
#7741 = ( GEOMETRIC_REPRESENTATION_CONTEXT(2) 
PARAMETRIC_REPRESENTATION_CONTEXT() REPRESENTATION_CONTEXT('2D SPACE',''
  ) );
#7742 = PCURVE('',#7743,#7748);
#7743 = CYLINDRICAL_SURFACE('',#7744,49.);
#7744 = AXIS2_PLACEMENT_3D('',#7745,#7746,#7747);
#7745 = CARTESIAN_POINT('',(0.,0.,161.94));
#7746 = DIRECTION('',(0.,0.,1.));
#7747 = DIRECTION('',(1.,0.,-0.));
#7748 = DEFINITIONAL_REPRESENTATION('',(#7749),#7753);
#7749 = LINE('',#7750,#7751);
#7750 = CARTESIAN_POINT('',(0.,9.999999999991E-03));
#7751 = VECTOR('',#7752,1.);
#7752 = DIRECTION('',(1.,0.));
#7753 = ( GEOMETRIC_REPRESENTATION_CONTEXT(2) 
PARAMETRIC_REPRESENTATION_CONTEXT() REPRESENTATION_CONTEXT('2D SPACE',''
  ) );
#7754 = ORIENTED_EDGE('',*,*,#7755,.F.);
#7755 = EDGE_CURVE('',#7568,#7727,#7756,.T.);
#7756 = SURFACE_CURVE('',#7757,(#7762,#7769),.PCURVE_S1.);
#7757 = CIRCLE('',#7758,49.);
#7758 = AXIS2_PLACEMENT_3D('',#7759,#7760,#7761);
#7759 = CARTESIAN_POINT('',(0.,0.,161.95));
#7760 = DIRECTION('',(0.,0.,1.));
#7761 = DIRECTION('',(1.,0.,-0.));
#7762 = PCURVE('',#7609,#7763);
#7763 = DEFINITIONAL_REPRESENTATION('',(#7764),#7768);
#7764 = CIRCLE('',#7765,49.);
#7765 = AXIS2_PLACEMENT_2D('',#7766,#7767);
#7766 = CARTESIAN_POINT('',(0.,0.));
#7767 = DIRECTION('',(1.,0.));
#7768 = ( GEOMETRIC_REPRESENTATION_CONTEXT(2) 
PARAMETRIC_REPRESENTATION_CONTEXT() REPRESENTATION_CONTEXT('2D SPACE',''
  ) );
#7769 = PCURVE('',#7770,#7775);
#7770 = CYLINDRICAL_SURFACE('',#7771,49.);
#7771 = AXIS2_PLACEMENT_3D('',#7772,#7773,#7774);
#7772 = CARTESIAN_POINT('',(0.,0.,161.94));
#7773 = DIRECTION('',(0.,0.,1.));
#7774 = DIRECTION('',(1.,0.,-0.));
#7775 = DEFINITIONAL_REPRESENTATION('',(#7776),#7780);
#7776 = LINE('',#7777,#7778);
#7777 = CARTESIAN_POINT('',(0.,9.999999999991E-03));
#7778 = VECTOR('',#7779,1.);
#7779 = DIRECTION('',(1.,0.));
#7780 = ( GEOMETRIC_REPRESENTATION_CONTEXT(2) 
PARAMETRIC_REPRESENTATION_CONTEXT() REPRESENTATION_CONTEXT('2D SPACE',''
  ) );
#7781 = ADVANCED_FACE('',(#7782),#7687,.F.);
#7782 = FACE_BOUND('',#7783,.F.);
#7783 = EDGE_LOOP('',(#7784,#7785,#7808,#7998,#8021,#8045));
#7784 = ORIENTED_EDGE('',*,*,#7670,.F.);
#7785 = ORIENTED_EDGE('',*,*,#7786,.F.);
#7786 = EDGE_CURVE('',#7787,#7647,#7789,.T.);
#7787 = VERTEX_POINT('',#7788);
#7788 = CARTESIAN_POINT('',(52.2,-4.923080132572E-15,140.));
#7789 = SURFACE_CURVE('',#7790,(#7794,#7801),.PCURVE_S1.);
#7790 = LINE('',#7791,#7792);
#7791 = CARTESIAN_POINT('',(52.2,-1.27853125831E-14,113.05));
#7792 = VECTOR('',#7793,1.);
#7793 = DIRECTION('',(0.,0.,1.));
#7794 = PCURVE('',#7687,#7795);
#7795 = DEFINITIONAL_REPRESENTATION('',(#7796),#7800);
#7796 = LINE('',#7797,#7798);
#7797 = CARTESIAN_POINT('',(0.,-0.));
#7798 = VECTOR('',#7799,1.);
#7799 = DIRECTION('',(0.,1.));
#7800 = ( GEOMETRIC_REPRESENTATION_CONTEXT(2) 
PARAMETRIC_REPRESENTATION_CONTEXT() REPRESENTATION_CONTEXT('2D SPACE',''
  ) );
#7801 = PCURVE('',#7318,#7802);
#7802 = DEFINITIONAL_REPRESENTATION('',(#7803),#7807);
#7803 = LINE('',#7804,#7805);
#7804 = CARTESIAN_POINT('',(6.28318530718,-0.));
#7805 = VECTOR('',#7806,1.);
#7806 = DIRECTION('',(0.,1.));
#7807 = ( GEOMETRIC_REPRESENTATION_CONTEXT(2) 
PARAMETRIC_REPRESENTATION_CONTEXT() REPRESENTATION_CONTEXT('2D SPACE',''
  ) );
#7808 = ORIENTED_EDGE('',*,*,#7809,.F.);
#7809 = EDGE_CURVE('',#7810,#7787,#7812,.T.);
#7810 = VERTEX_POINT('',#7811);
#7811 = CARTESIAN_POINT('',(52.2,-1.27853125831E-14,116.));
#7812 = SURFACE_CURVE('',#7813,(#7871,#7932),.PCURVE_S1.);
#7813 = B_SPLINE_CURVE_WITH_KNOTS('',6,(#7814,#7815,#7816,#7817,#7818,
    #7819,#7820,#7821,#7822,#7823,#7824,#7825,#7826,#7827,#7828,#7829,
    #7830,#7831,#7832,#7833,#7834,#7835,#7836,#7837,#7838,#7839,#7840,
    #7841,#7842,#7843,#7844,#7845,#7846,#7847,#7848,#7849,#7850,#7851,
    #7852,#7853,#7854,#7855,#7856,#7857,#7858,#7859,#7860,#7861,#7862,
    #7863,#7864,#7865,#7866,#7867,#7868,#7869,#7870),.UNSPECIFIED.,.F.,
  .F.,(7,5,5,5,5,5,5,5,5,5,5,7),(0.,8.873899647327E-02,0.145870041121,
    0.221424917407,0.287924548291,0.385879632027,0.49996425446,
    0.657820217178,0.778533783447,0.85410279882,0.911244535858,1.),
  .UNSPECIFIED.);
#7814 = CARTESIAN_POINT('',(52.2,4.594282438712E-15,116.));
#7815 = CARTESIAN_POINT('',(52.2,0.682188266883,116.));
#7816 = CARTESIAN_POINT('',(52.189301692652,1.362910886062,
    116.04653824663));
#7817 = CARTESIAN_POINT('',(52.167990582773,2.035251444993,
    116.13923870511));
#7818 = CARTESIAN_POINT('',(52.136861498493,2.692400753329,
    116.27593943836));
#7819 = CARTESIAN_POINT('',(52.097377926352,3.327971084072,
    116.45273667238));
#7820 = CARTESIAN_POINT('',(52.021756539616,4.327945375697,
    116.79996558859));
#7821 = CARTESIAN_POINT('',(51.989393514225,4.708866824062,
    116.95043086338));
#7822 = CARTESIAN_POINT('',(51.954683481092,5.078506535094,
    117.11428735993));
#7823 = CARTESIAN_POINT('',(51.918035729072,5.436390226244,
    117.29044127342));
#7824 = CARTESIAN_POINT('',(51.879857811512,5.782125133951,
    117.47778221191));
#7825 = CARTESIAN_POINT('',(51.788549529516,6.556149912707,
    117.93623779653));
#7826 = CARTESIAN_POINT('',(51.734552366771,6.975234868794,
    118.21496085273));
#7827 = CARTESIAN_POINT('',(51.679365360989,7.372715096683,
    118.50923464588));
#7828 = CARTESIAN_POINT('',(51.623717040467,7.748783073584,
    118.81718056414));
#7829 = CARTESIAN_POINT('',(51.568248879894,8.103725451134,
    119.13712806663));
#7830 = CARTESIAN_POINT('',(51.465338498428,8.731996063303,
    119.75843819251));
#7831 = CARTESIAN_POINT('',(51.41771972502,9.010078128336,
    120.05750187284));
#7832 = CARTESIAN_POINT('',(51.371019693281,9.272447493496,
    120.3638654615));
#7833 = CARTESIAN_POINT('',(51.325552846286,9.51941349939,
    120.67672614548));
#7834 = CARTESIAN_POINT('',(51.281589809125,9.751279200156,
    120.99538950024));
#7835 = CARTESIAN_POINT('',(51.177158376886,10.288078602721,
    121.79634977806));
#7836 = CARTESIAN_POINT('',(51.118715857984,10.575713541634,
    122.28477644889));
#7837 = CARTESIAN_POINT('',(51.064787498078,10.832108740965,
    122.78256931339));
#7838 = CARTESIAN_POINT('',(51.015957649584,11.058036153352,
    123.28810923738));
#7839 = CARTESIAN_POINT('',(50.972674006585,11.254142131522,
    123.80005054743));
#7840 = CARTESIAN_POINT('',(50.891729015729,11.61514270457,
    124.91957737929));
#7841 = CARTESIAN_POINT('',(50.856170325445,11.769567432902,
    125.52898892433));
#7842 = CARTESIAN_POINT('',(50.829155094391,11.884901494528,
    126.1434457355));
#7843 = CARTESIAN_POINT('',(50.811032215802,11.961630839287,
    126.76118217937));
#7844 = CARTESIAN_POINT('',(50.801968465799,12.,127.3805701966));
#7845 = CARTESIAN_POINT('',(50.801968465799,12.,128.8570891139));
#7846 = CARTESIAN_POINT('',(50.819320768718,11.926539259306,
    129.71396331201));
#7847 = CARTESIAN_POINT('',(50.854007877329,11.779690446764,
    130.5664728882));
#7848 = CARTESIAN_POINT('',(50.905412744398,11.558510448994,
    131.41038850476));
#7849 = CARTESIAN_POINT('',(50.972282329025,11.261186079982,
    132.240753172));
#7850 = CARTESIAN_POINT('',(51.113791832407,10.597488381882,
    133.67098465951));
#7851 = CARTESIAN_POINT('',(51.182900131465,10.263827409963,
    134.2791018475));
#7852 = CARTESIAN_POINT('',(51.258867053404,9.882794296191,
    134.8730384178));
#7853 = CARTESIAN_POINT('',(51.340472344972,9.452696780379,
    135.44958489531));
#7854 = CARTESIAN_POINT('',(51.426079960655,8.971670479126,
    136.00454269727));
#7855 = CARTESIAN_POINT('',(51.568248878871,8.103725457378,
    136.86287192718));
#7856 = CARTESIAN_POINT('',(51.623717042088,7.748783062108,
    137.18281944492));
#7857 = CARTESIAN_POINT('',(51.679365361007,7.37271509765,
    137.49076535469));
#7858 = CARTESIAN_POINT('',(51.734552365158,6.975234880728,
    137.78503913846));
#7859 = CARTESIAN_POINT('',(51.788549530497,6.556149904386,
    138.06376220839));
#7860 = CARTESIAN_POINT('',(51.879857811512,5.782125133951,
    138.52221778808));
#7861 = CARTESIAN_POINT('',(51.918035729072,5.436390226245,
    138.70955872657));
#7862 = CARTESIAN_POINT('',(51.954683481092,5.078506535094,
    138.88571264006));
#7863 = CARTESIAN_POINT('',(51.989393514225,4.708866824062,
    139.04956913662));
#7864 = CARTESIAN_POINT('',(52.021756539616,4.327945375697,
    139.2000344114));
#7865 = CARTESIAN_POINT('',(52.097377853619,3.327972045853,
    139.54726299364));
#7866 = CARTESIAN_POINT('',(52.1368614911,2.692401209686,139.72406054266
    ));
#7867 = CARTESIAN_POINT('',(52.167990660931,2.035250490481,
    139.86076163725));
#7868 = CARTESIAN_POINT('',(52.189301771399,1.362908546978,
    139.95346209532));
#7869 = CARTESIAN_POINT('',(52.2,0.682185756483,140.));
#7870 = CARTESIAN_POINT('',(52.2,1.469576158977E-15,140.));
#7871 = PCURVE('',#7687,#7872);
#7872 = DEFINITIONAL_REPRESENTATION('',(#7873),#7931);
#7873 = B_SPLINE_CURVE_WITH_KNOTS('',6,(#7874,#7875,#7876,#7877,#7878,
    #7879,#7880,#7881,#7882,#7883,#7884,#7885,#7886,#7887,#7888,#7889,
    #7890,#7891,#7892,#7893,#7894,#7895,#7896,#7897,#7898,#7899,#7900,
    #7901,#7902,#7903,#7904,#7905,#7906,#7907,#7908,#7909,#7910,#7911,
    #7912,#7913,#7914,#7915,#7916,#7917,#7918,#7919,#7920,#7921,#7922,
    #7923,#7924,#7925,#7926,#7927,#7928,#7929,#7930),.UNSPECIFIED.,.F.,
  .F.,(7,5,5,5,5,5,5,5,5,5,5,7),(0.,8.873899647327E-02,0.145870041121,
    0.221424917407,0.287924548291,0.385879632027,0.49996425446,
    0.657820217178,0.778533783447,0.85410279882,0.911244535858,1.),
  .UNSPECIFIED.);
#7874 = CARTESIAN_POINT('',(0.,2.95));
#7875 = CARTESIAN_POINT('',(1.306874074489E-02,2.95));
#7876 = CARTESIAN_POINT('',(2.610940560373E-02,2.996538246631));
#7877 = CARTESIAN_POINT('',(3.899350225915E-02,3.089238705115));
#7878 = CARTESIAN_POINT('',(5.159455997338E-02,3.225939438367));
#7879 = CARTESIAN_POINT('',(6.379260929344E-02,3.402736672388));
#7880 = CARTESIAN_POINT('',(8.300390403949E-02,3.749965588595));
#7881 = CARTESIAN_POINT('',(9.032722353467E-02,3.900430863381));
#7882 = CARTESIAN_POINT('',(9.743919250296E-02,4.064287359931));
#7883 = CARTESIAN_POINT('',(0.104330716299,4.240441273425));
#7884 = CARTESIAN_POINT('',(0.110994065342,4.427782211912));
#7885 = CARTESIAN_POINT('',(0.125924942522,4.886237796538));
#7886 = CARTESIAN_POINT('',(0.134019291986,5.164960852738));
#7887 = CARTESIAN_POINT('',(0.141706382717,5.459234645884));
#7888 = CARTESIAN_POINT('',(0.148988820986,5.767180564141));
#7889 = CARTESIAN_POINT('',(0.155870825775,6.087128066639));
#7890 = CARTESIAN_POINT('',(0.168067054827,6.708438192517));
#7891 = CARTESIAN_POINT('',(0.173471697734,7.007501872849));
#7892 = CARTESIAN_POINT('',(0.178576777985,7.313865461505));
#7893 = CARTESIAN_POINT('',(0.183387330364,7.626726145488));
#7894 = CARTESIAN_POINT('',(0.187908288615,7.945389500246));
#7895 = CARTESIAN_POINT('',(0.198384597985,8.746349778065));
#7896 = CARTESIAN_POINT('',(0.204007244972,9.234776448896));
#7897 = CARTESIAN_POINT('',(0.209026355015,9.732569313397));
#7898 = CARTESIAN_POINT('',(0.213454339821,10.238109237388));
#7899 = CARTESIAN_POINT('',(0.217301554368,10.75005054743));
#7900 = CARTESIAN_POINT('',(0.224388991046,11.86957737929));
#7901 = CARTESIAN_POINT('',(0.227424688771,12.478988924336));
#7902 = CARTESIAN_POINT('',(0.229693941825,13.0934457355));
#7903 = CARTESIAN_POINT('',(0.231204308104,13.711182179376));
#7904 = CARTESIAN_POINT('',(0.231959575555,14.330570196607));
#7905 = CARTESIAN_POINT('',(0.231959575555,15.8070891139));
#7906 = CARTESIAN_POINT('',(0.230513552647,16.663963312013));
#7907 = CARTESIAN_POINT('',(0.227622946492,17.516472888209));
#7908 = CARTESIAN_POINT('',(0.223272866161,18.360388504769));
#7909 = CARTESIAN_POINT('',(0.217435081501,19.190753172009));
#7910 = CARTESIAN_POINT('',(0.204434776419,20.620984659519));
#7911 = CARTESIAN_POINT('',(0.197907262344,21.229101847502));
#7912 = CARTESIAN_POINT('',(0.190464416893,21.8230384178));
#7913 = CARTESIAN_POINT('',(0.182078692488,22.399584895319));
#7914 = CARTESIAN_POINT('',(0.172719706116,22.954542697277));
#7915 = CARTESIAN_POINT('',(0.155870825897,23.812871927187));
#7916 = CARTESIAN_POINT('',(0.148988820764,24.132819444922));
#7917 = CARTESIAN_POINT('',(0.141706382735,24.440765354692));
#7918 = CARTESIAN_POINT('',(0.134019292217,24.735039138467));
#7919 = CARTESIAN_POINT('',(0.125924942362,25.013762208391));
#7920 = CARTESIAN_POINT('',(0.110994065342,25.472217788088));
#7921 = CARTESIAN_POINT('',(0.104330716299,25.659558726575));
#7922 = CARTESIAN_POINT('',(9.743919250296E-02,25.835712640069));
#7923 = CARTESIAN_POINT('',(9.032722353467E-02,25.99956913662));
#7924 = CARTESIAN_POINT('',(8.30039040395E-02,26.150034411405));
#7925 = CARTESIAN_POINT('',(6.379262777097E-02,26.497262993646));
#7926 = CARTESIAN_POINT('',(5.159456870119E-02,26.674060542669));
#7927 = CARTESIAN_POINT('',(3.899348392773E-02,26.810761637259));
#7928 = CARTESIAN_POINT('',(2.610936079394E-02,26.903462095327));
#7929 = CARTESIAN_POINT('',(1.306869265293E-02,26.95));
#7930 = CARTESIAN_POINT('',(0.,26.95));
#7931 = ( GEOMETRIC_REPRESENTATION_CONTEXT(2) 
PARAMETRIC_REPRESENTATION_CONTEXT() REPRESENTATION_CONTEXT('2D SPACE',''
  ) );
#7932 = PCURVE('',#7933,#7938);
#7933 = CYLINDRICAL_SURFACE('',#7934,12.);
#7934 = AXIS2_PLACEMENT_3D('',#7935,#7936,#7937);
#7935 = CARTESIAN_POINT('',(44.,0.,128.));
#7936 = DIRECTION('',(1.,0.,0.));
#7937 = DIRECTION('',(-0.,0.,1.));
#7938 = DEFINITIONAL_REPRESENTATION('',(#7939),#7997);
#7939 = B_SPLINE_CURVE_WITH_KNOTS('',6,(#7940,#7941,#7942,#7943,#7944,
    #7945,#7946,#7947,#7948,#7949,#7950,#7951,#7952,#7953,#7954,#7955,
    #7956,#7957,#7958,#7959,#7960,#7961,#7962,#7963,#7964,#7965,#7966,
    #7967,#7968,#7969,#7970,#7971,#7972,#7973,#7974,#7975,#7976,#7977,
    #7978,#7979,#7980,#7981,#7982,#7983,#7984,#7985,#7986,#7987,#7988,
    #7989,#7990,#7991,#7992,#7993,#7994,#7995,#7996),.UNSPECIFIED.,.F.,
  .F.,(7,5,5,5,5,5,5,5,5,5,5,7),(0.,8.873899647327E-02,0.145870041121,
    0.221424917407,0.287924548291,0.385879632027,0.49996425446,
    0.657820217178,0.778533783447,0.85410279882,0.911244535858,1.),
  .UNSPECIFIED.);
#7940 = CARTESIAN_POINT('',(3.14159265359,8.2));
#7941 = CARTESIAN_POINT('',(3.19844167583,8.2));
#7942 = CARTESIAN_POINT('',(3.255168555448,8.189301692652));
#7943 = CARTESIAN_POINT('',(3.311527671757,8.167990582773));
#7944 = CARTESIAN_POINT('',(3.367275017062,8.136861498493));
#7945 = CARTESIAN_POINT('',(3.422141472132,8.097377926352));
#7946 = CARTESIAN_POINT('',(3.510353515597,8.021756539616));
#7947 = CARTESIAN_POINT('',(3.544453613066,7.989393514225));
#7948 = CARTESIAN_POINT('',(3.578105835899,7.954683481092));
#7949 = CARTESIAN_POINT('',(3.611307617892,7.918035729072));
#7950 = CARTESIAN_POINT('',(3.644052853248,7.879857811512));
#7951 = CARTESIAN_POINT('',(3.719020248068,7.788549529516));
#7952 = CARTESIAN_POINT('',(3.760905567346,7.734552366771));
#7953 = CARTESIAN_POINT('',(3.802042073358,7.679365360989));
#7954 = CARTESIAN_POINT('',(3.842477951362,7.623717040467));
#7955 = CARTESIAN_POINT('',(3.88225704516,7.568248879894));
#7956 = CARTESIAN_POINT('',(3.955890438599,7.465338498428));
#7957 = CARTESIAN_POINT('',(3.989891675451,7.41771972502));
#7958 = CARTESIAN_POINT('',(4.023463308928,7.371019693281));
#7959 = CARTESIAN_POINT('',(4.056640469933,7.325552846286));
#7960 = CARTESIAN_POINT('',(4.089456965959,7.281589809125));
#7961 = CARTESIAN_POINT('',(4.169807368936,7.177158376886));
#7962 = CARTESIAN_POINT('',(4.216963103926,7.118715857984));
#7963 = CARTESIAN_POINT('',(4.263514913848,7.064787498078));
#7964 = CARTESIAN_POINT('',(4.30955559307,7.015957649584));
#7965 = CARTESIAN_POINT('',(4.355173927865,6.972674006585));
#7966 = CARTESIAN_POINT('',(4.453198221233,6.891729015729));
#7967 = CARTESIAN_POINT('',(4.50548123067,6.856170325445));
#7968 = CARTESIAN_POINT('',(4.557428497746,6.829155094391));
#7969 = CARTESIAN_POINT('',(4.609154201839,6.811032215802));
#7970 = CARTESIAN_POINT('',(4.660769830102,6.801968465799));
#7971 = CARTESIAN_POINT('',(4.78381307321,6.801968465799));
#7972 = CARTESIAN_POINT('',(4.855219355605,6.819320768718));
#7973 = CARTESIAN_POINT('',(4.926917206398,6.854007877329));
#7974 = CARTESIAN_POINT('',(4.999210601369,6.905412744398));
#7975 = CARTESIAN_POINT('',(5.072408225343,6.972282329025));
#7976 = CARTESIAN_POINT('',(5.203801843654,7.113791832407));
#7977 = CARTESIAN_POINT('',(5.261473756006,7.182900131465));
#7978 = CARTESIAN_POINT('',(5.320068943969,7.258867053404));
#7979 = CARTESIAN_POINT('',(5.379776506903,7.340472344972));
#7980 = CARTESIAN_POINT('',(5.440797650997,7.426079960655));
#7981 = CARTESIAN_POINT('',(5.542520914878,7.568248878871));
#7982 = CARTESIAN_POINT('',(5.582300010634,7.623717042088));
#7983 = CARTESIAN_POINT('',(5.622735887376,7.679365361007));
#7984 = CARTESIAN_POINT('',(5.663872392181,7.734552365158));
#7985 = CARTESIAN_POINT('',(5.705757713507,7.788549530497));
#7986 = CARTESIAN_POINT('',(5.780725107522,7.879857811512));
#7987 = CARTESIAN_POINT('',(5.813470342877,7.918035729072));
#7988 = CARTESIAN_POINT('',(5.84667212487,7.954683481092));
#7989 = CARTESIAN_POINT('',(5.880324347704,7.989393514225));
#7990 = CARTESIAN_POINT('',(5.914424445173,8.021756539616));
#7991 = CARTESIAN_POINT('',(6.002636403795,8.097377853619));
#7992 = CARTESIAN_POINT('',(6.057502907256,8.1368614911));
#7993 = CARTESIAN_POINT('',(6.113250372211,8.167990660931));
#7994 = CARTESIAN_POINT('',(6.169609600241,8.189301771399));
#7995 = CARTESIAN_POINT('',(6.226336494139,8.2));
#7996 = CARTESIAN_POINT('',(6.28318530718,8.2));
#7997 = ( GEOMETRIC_REPRESENTATION_CONTEXT(2) 
PARAMETRIC_REPRESENTATION_CONTEXT() REPRESENTATION_CONTEXT('2D SPACE',''
  ) );
#7998 = ORIENTED_EDGE('',*,*,#7999,.F.);
#7999 = EDGE_CURVE('',#8000,#7810,#8002,.T.);
#8000 = VERTEX_POINT('',#8001);
#8001 = CARTESIAN_POINT('',(52.2,-1.27853125831E-14,113.051));
#8002 = SURFACE_CURVE('',#8003,(#8007,#8014),.PCURVE_S1.);
#8003 = LINE('',#8004,#8005);
#8004 = CARTESIAN_POINT('',(52.2,-1.27853125831E-14,113.05));
#8005 = VECTOR('',#8006,1.);
#8006 = DIRECTION('',(0.,0.,1.));
#8007 = PCURVE('',#7687,#8008);
#8008 = DEFINITIONAL_REPRESENTATION('',(#8009),#8013);
#8009 = LINE('',#8010,#8011);
#8010 = CARTESIAN_POINT('',(0.,-0.));
#8011 = VECTOR('',#8012,1.);
#8012 = DIRECTION('',(0.,1.));
#8013 = ( GEOMETRIC_REPRESENTATION_CONTEXT(2) 
PARAMETRIC_REPRESENTATION_CONTEXT() REPRESENTATION_CONTEXT('2D SPACE',''
  ) );
#8014 = PCURVE('',#7318,#8015);
#8015 = DEFINITIONAL_REPRESENTATION('',(#8016),#8020);
#8016 = LINE('',#8017,#8018);
#8017 = CARTESIAN_POINT('',(6.28318530718,-0.));
#8018 = VECTOR('',#8019,1.);
#8019 = DIRECTION('',(0.,1.));
#8020 = ( GEOMETRIC_REPRESENTATION_CONTEXT(2) 
PARAMETRIC_REPRESENTATION_CONTEXT() REPRESENTATION_CONTEXT('2D SPACE',''
  ) );
#8021 = ORIENTED_EDGE('',*,*,#8022,.T.);
#8022 = EDGE_CURVE('',#8000,#8023,#8025,.T.);
#8023 = VERTEX_POINT('',#8024);
#8024 = CARTESIAN_POINT('',(30.386059320024,42.444403624035,113.051));
#8025 = SURFACE_CURVE('',#8026,(#8031,#8038),.PCURVE_S1.);
#8026 = CIRCLE('',#8027,52.2);
#8027 = AXIS2_PLACEMENT_3D('',#8028,#8029,#8030);
#8028 = CARTESIAN_POINT('',(0.,0.,113.051));
#8029 = DIRECTION('',(0.,0.,1.));
#8030 = DIRECTION('',(1.,0.,-0.));
#8031 = PCURVE('',#7687,#8032);
#8032 = DEFINITIONAL_REPRESENTATION('',(#8033),#8037);
#8033 = LINE('',#8034,#8035);
#8034 = CARTESIAN_POINT('',(0.,1.000000000005E-03));
#8035 = VECTOR('',#8036,1.);
#8036 = DIRECTION('',(1.,0.));
#8037 = ( GEOMETRIC_REPRESENTATION_CONTEXT(2) 
PARAMETRIC_REPRESENTATION_CONTEXT() REPRESENTATION_CONTEXT('2D SPACE',''
  ) );
#8038 = PCURVE('',#4016,#8039);
#8039 = DEFINITIONAL_REPRESENTATION('',(#8040),#8044);
#8040 = CIRCLE('',#8041,52.2);
#8041 = AXIS2_PLACEMENT_2D('',#8042,#8043);
#8042 = CARTESIAN_POINT('',(0.,0.));
#8043 = DIRECTION('',(1.,0.));
#8044 = ( GEOMETRIC_REPRESENTATION_CONTEXT(2) 
PARAMETRIC_REPRESENTATION_CONTEXT() REPRESENTATION_CONTEXT('2D SPACE',''
  ) );
#8045 = ORIENTED_EDGE('',*,*,#8046,.T.);
#8046 = EDGE_CURVE('',#8023,#7671,#8047,.T.);
#8047 = SURFACE_CURVE('',#8048,(#8096,#8270),.PCURVE_S1.);
#8048 = B_SPLINE_CURVE_WITH_KNOTS('',6,(#8049,#8050,#8051,#8052,#8053,
    #8054,#8055,#8056,#8057,#8058,#8059,#8060,#8061,#8062,#8063,#8064,
    #8065,#8066,#8067,#8068,#8069,#8070,#8071,#8072,#8073,#8074,#8075,
    #8076,#8077,#8078,#8079,#8080,#8081,#8082,#8083,#8084,#8085,#8086,
    #8087,#8088,#8089,#8090,#8091,#8092,#8093,#8094,#8095),
  .UNSPECIFIED.,.F.,.F.,(7,5,5,5,5,5,5,5,5,7),(0.,6.354482365157E-02,
    0.123554039729,0.202922964825,0.279661518493,0.398872444187,
    0.468723221729,0.616096911358,0.777507920113,1.),.UNSPECIFIED.);
#8049 = CARTESIAN_POINT('',(30.386551596718,42.444051197547,113.0499994)
  );
#8050 = CARTESIAN_POINT('',(30.129953963621,42.627754614108,
    113.57154568125));
#8051 = CARTESIAN_POINT('',(29.879397734343,42.804317279621,
    114.09736127843));
#8052 = CARTESIAN_POINT('',(29.635421103431,42.97365708029,
    114.62748853296));
#8053 = CARTESIAN_POINT('',(29.398597528968,43.135680776825,
    115.1619764075));
#8054 = CARTESIAN_POINT('',(29.169534932202,43.290282386373,
    115.70088045209));
#8055 = CARTESIAN_POINT('',(28.740492294813,43.576218430984,
    116.75741152221));
#8056 = CARTESIAN_POINT('',(28.539584890276,43.70838103438,
    117.27459919033));
#8057 = CARTESIAN_POINT('',(28.346750651891,43.833688729065,
    117.79574248413));
#8058 = CARTESIAN_POINT('',(28.162589801766,43.952008782822,
    118.32078425057));
#8059 = CARTESIAN_POINT('',(27.987702584687,44.063210729163,
    118.84969338465));
#8060 = CARTESIAN_POINT('',(27.604435449996,44.304646251988,
    120.0871146679));
#8061 = CARTESIAN_POINT('',(27.403363993183,44.429501330577,
    120.79880496804));
#8062 = CARTESIAN_POINT('',(27.221129821758,44.541242137234,
    121.51673895095));
#8063 = CARTESIAN_POINT('',(27.059214207354,44.639492741431,
    122.24027439269));
#8064 = CARTESIAN_POINT('',(26.91890886327,44.72394356872,
    122.96892286894));
#8065 = CARTESIAN_POINT('',(26.687593284953,44.862344154693,
    124.41146877663));
#8066 = CARTESIAN_POINT('',(26.595125344185,44.917199144506,
    125.12492054439));
#8067 = CARTESIAN_POINT('',(26.525011434789,44.958541590247,
    125.84150877405));
#8068 = CARTESIAN_POINT('',(26.478004282945,44.986176019609,
    126.5601889283));
#8069 = CARTESIAN_POINT('',(26.454489222058,45.,127.28000053035));
#8070 = CARTESIAN_POINT('',(26.454489222058,45.,129.11849649458));
#8071 = CARTESIAN_POINT('',(26.511237111626,44.966639072356,
    130.23546980117));
#8072 = CARTESIAN_POINT('',(26.624444296619,44.900087647258,
    131.3482043571));
#8073 = CARTESIAN_POINT('',(26.791986349669,44.800870009709,
    132.45381894612));
#8074 = CARTESIAN_POINT('',(27.009853406867,44.669928547204,
    133.54877145747));
#8075 = CARTESIAN_POINT('',(27.425989637027,44.414947988367,
    135.26095246916));
#8076 = CARTESIAN_POINT('',(27.59514795618,44.310422476926,
    135.88878392947));
#8077 = CARTESIAN_POINT('',(27.778810471146,44.195795353147,
    136.51177598033));
#8078 = CARTESIAN_POINT('',(27.976016999366,44.071287853555,
    137.12976930889));
#8079 = CARTESIAN_POINT('',(28.185761806575,43.937141145594,
    137.74253320343));
#8080 = CARTESIAN_POINT('',(28.873775994188,43.490856668093,
    139.63092567138));
#8081 = CARTESIAN_POINT('',(29.39166706703,43.146441587089,
    140.88733385148));
#8082 = CARTESIAN_POINT('',(29.952271070131,42.762090112627,
    142.1200982258));
#8083 = CARTESIAN_POINT('',(30.548023482728,42.339032953123,
    143.32991226722));
#8084 = CARTESIAN_POINT('',(31.172481453548,41.878209087169,
    144.5173570544));
#8085 = CARTESIAN_POINT('',(32.529990428458,40.834311951299,
    146.96014916257));
#8086 = CARTESIAN_POINT('',(33.268254101079,40.243364696216,
    148.21215084301));
#8087 = CARTESIAN_POINT('',(34.028223435453,39.607589270521,
    149.44001304012));
#8088 = CARTESIAN_POINT('',(34.804522857823,38.926709251954,
    150.64470386217));
#8089 = CARTESIAN_POINT('',(35.59301659249,38.199659258066,
    151.82719748407));
#8090 = CARTESIAN_POINT('',(37.489380760316,36.355691376202,
    154.58885983071));
#8091 = CARTESIAN_POINT('',(38.603985283898,35.196531413477,
    156.14703981287));
#8092 = CARTESIAN_POINT('',(39.724851952565,33.942253221877,
    157.66460382849));
#8093 = CARTESIAN_POINT('',(40.844133824021,32.586219752022,
    159.14082062688));
#8094 = CARTESIAN_POINT('',(41.952929724251,31.120455381565,
    160.57185667977));
#8095 = CARTESIAN_POINT('',(43.04001092867,29.536375188232,161.9500006)
  );
#8096 = PCURVE('',#7687,#8097);
#8097 = DEFINITIONAL_REPRESENTATION('',(#8098),#8269);
#8098 = B_SPLINE_CURVE_WITH_KNOTS('',9,(#8099,#8100,#8101,#8102,#8103,
    #8104,#8105,#8106,#8107,#8108,#8109,#8110,#8111,#8112,#8113,#8114,
    #8115,#8116,#8117,#8118,#8119,#8120,#8121,#8122,#8123,#8124,#8125,
    #8126,#8127,#8128,#8129,#8130,#8131,#8132,#8133,#8134,#8135,#8136,
    #8137,#8138,#8139,#8140,#8141,#8142,#8143,#8144,#8145,#8146,#8147,
    #8148,#8149,#8150,#8151,#8152,#8153,#8154,#8155,#8156,#8157,#8158,
    #8159,#8160,#8161,#8162,#8163,#8164,#8165,#8166,#8167,#8168,#8169,
    #8170,#8171,#8172,#8173,#8174,#8175,#8176,#8177,#8178,#8179,#8180,
    #8181,#8182,#8183,#8184,#8185,#8186,#8187,#8188,#8189,#8190,#8191,
    #8192,#8193,#8194,#8195,#8196,#8197,#8198,#8199,#8200,#8201,#8202,
    #8203,#8204,#8205,#8206,#8207,#8208,#8209,#8210,#8211,#8212,#8213,
    #8214,#8215,#8216,#8217,#8218,#8219,#8220,#8221,#8222,#8223,#8224,
    #8225,#8226,#8227,#8228,#8229,#8230,#8231,#8232,#8233,#8234,#8235,
    #8236,#8237,#8238,#8239,#8240,#8241,#8242,#8243,#8244,#8245,#8246,
    #8247,#8248,#8249,#8250,#8251,#8252,#8253,#8254,#8255,#8256,#8257,
    #8258,#8259,#8260,#8261,#8262,#8263,#8264,#8265,#8266,#8267,#8268),
  .UNSPECIFIED.,.F.,.F.,(10,8,8,8,8,8,8,8,8,8,8,8,8,8,8,8,8,8,8,8,8,10),
  (1.218392865546E-08,6.25000104134E-02,9.179688458347E-02,
    0.120178231436,0.133925446317,0.188055104913,0.200741743647,
    0.225718563653,0.274111152416,0.279782158912,0.36980938703,
    0.38950284318,0.399041861003,0.436601743682,0.471814133693,
    0.603860596233,0.616239952097,0.712179960036,0.748157463014,
    0.763897620566,0.778654018272,0.999999983856),.UNSPECIFIED.);
#8099 = CARTESIAN_POINT('',(0.949465421184,2.84217094304E-14));
#8100 = CARTESIAN_POINT('',(0.953429519084,0.341980563616));
#8101 = CARTESIAN_POINT('',(0.957323587636,0.685681991858));
#8102 = CARTESIAN_POINT('',(0.961145610461,1.031113876871));
#8103 = CARTESIAN_POINT('',(0.964893483222,1.378286548463));
#8104 = CARTESIAN_POINT('',(0.968565013598,1.727211072624));
#8105 = CARTESIAN_POINT('',(0.972157921256,2.077899250041));
#8106 = CARTESIAN_POINT('',(0.975669837834,2.430363614614));
#8107 = CARTESIAN_POINT('',(0.979098306905,2.784617431975));
#8108 = CARTESIAN_POINT('',(0.984007570077,3.307576541447));
#8109 = CARTESIAN_POINT('',(0.985555460388,3.474874512221));
#8110 = CARTESIAN_POINT('',(0.987084304061,3.642582094698));
#8111 = CARTESIAN_POINT('',(0.988593612711,3.810677146772));
#8112 = CARTESIAN_POINT('',(0.990083195173,3.979169258963));
#8113 = CARTESIAN_POINT('',(0.991552786145,4.148060366232));
#8114 = CARTESIAN_POINT('',(0.99300197318,4.31733699949));
#8115 = CARTESIAN_POINT('',(0.994430539511,4.487006649744));
#8116 = CARTESIAN_POINT('',(0.997201778933,4.821808640287));
#8117 = CARTESIAN_POINT('',(0.998545745305,4.986917523986));
#8118 = CARTESIAN_POINT('',(0.999869778179,5.152390285189));
#8119 = CARTESIAN_POINT('',(1.001173603153,5.318225909496));
#8120 = CARTESIAN_POINT('',(1.002456945534,5.484423537593));
#8121 = CARTESIAN_POINT('',(1.003719530322,5.650982465145));
#8122 = CARTESIAN_POINT('',(1.004961082203,5.817902142696));
#8123 = CARTESIAN_POINT('',(1.006181325535,5.985182175571));
#8124 = CARTESIAN_POINT('',(1.00796058469,6.234023020558));
#8125 = CARTESIAN_POINT('',(1.008536124655,6.315308729805));
#8126 = CARTESIAN_POINT('',(1.009106552263,6.396676614298));
#8127 = CARTESIAN_POINT('',(1.009671843487,6.478127191891));
#8128 = CARTESIAN_POINT('',(1.010232135694,6.559685472545));
#8129 = CARTESIAN_POINT('',(1.010787086339,6.641306526581));
#8130 = CARTESIAN_POINT('',(1.011336909758,6.723025677584));
#8131 = CARTESIAN_POINT('',(1.011881447018,6.804824619011));
#8132 = CARTESIAN_POINT('',(1.014543976399,7.209119405811));
#8133 = CARTESIAN_POINT('',(1.016585171694,7.532818504565));
#8134 = CARTESIAN_POINT('',(1.01854200512,7.857748802671));
#8135 = CARTESIAN_POINT('',(1.020412298483,8.18385867282));
#8136 = CARTESIAN_POINT('',(1.022193968759,8.511100456786));
#8137 = CARTESIAN_POINT('',(1.023885027236,8.839430460745));
#8138 = CARTESIAN_POINT('',(1.025483578636,9.168808950601));
#8139 = CARTESIAN_POINT('',(1.026987820254,9.499200147305));
#8140 = CARTESIAN_POINT('',(1.028726092841,9.908237552228));
#8141 = CARTESIAN_POINT('',(1.02905087002,9.985956763524));
#8142 = CARTESIAN_POINT('',(1.029370350594,10.063729446285));
#8143 = CARTESIAN_POINT('',(1.029684512812,10.141555202651));
#8144 = CARTESIAN_POINT('',(1.029993335199,10.219433646676));
#8145 = CARTESIAN_POINT('',(1.030296796558,10.297364404329));
#8146 = CARTESIAN_POINT('',(1.030594875965,10.37534711349));
#8147 = CARTESIAN_POINT('',(1.030887552773,10.453381423946));
#8148 = CARTESIAN_POINT('',(1.031740337592,10.685197970094));
#8149 = CARTESIAN_POINT('',(1.032284853244,10.839128664022));
#8150 = CARTESIAN_POINT('',(1.032808191934,10.993255568348));
#8151 = CARTESIAN_POINT('',(1.033310054267,11.147532962146));
#8152 = CARTESIAN_POINT('',(1.033790511272,11.302016532631));
#8153 = CARTESIAN_POINT('',(1.034249157075,11.456626805651));
#8154 = CARTESIAN_POINT('',(1.034686023974,11.611403250441));
#8155 = CARTESIAN_POINT('',(1.035100900136,11.766315387932));
#8156 = CARTESIAN_POINT('',(1.036254694107,12.221758621877));
#8157 = CARTESIAN_POINT('',(1.036932754972,12.522651859201));
#8158 = CARTESIAN_POINT('',(1.037526957736,12.823975194295));
#8159 = CARTESIAN_POINT('',(1.038036529561,13.125666311126));
#8160 = CARTESIAN_POINT('',(1.038460829897,13.427664669713));
#8161 = CARTESIAN_POINT('',(1.038799349669,13.729911187424));
#8162 = CARTESIAN_POINT('',(1.039051710476,14.032347920277));
#8163 = CARTESIAN_POINT('',(1.039217663789,14.334917744236));
#8164 = CARTESIAN_POINT('',(1.039306397922,14.67303039889));
#8165 = CARTESIAN_POINT('',(1.03931451743,14.708497941285));
#8166 = CARTESIAN_POINT('',(1.039321448482,14.743966294325));
#8167 = CARTESIAN_POINT('',(1.039327190909,14.779435369831));
#8168 = CARTESIAN_POINT('',(1.039331744567,14.814905227858));
#8169 = CARTESIAN_POINT('',(1.039335109335,14.850375943738));
#8170 = CARTESIAN_POINT('',(1.039337285118,14.885847475122));
#8171 = CARTESIAN_POINT('',(1.039338271848,14.921319529018));
#8172 = CARTESIAN_POINT('',(1.039334856959,15.519907838473));
#8173 = CARTESIAN_POINT('',(1.039031979977,16.082659671096));
#8174 = CARTESIAN_POINT('',(1.038430111768,16.64476842064));
#8175 = CARTESIAN_POINT('',(1.037531226504,17.205949099156));
#8176 = CARTESIAN_POINT('',(1.036338621542,17.765904470882));
#8177 = CARTESIAN_POINT('',(1.034856939672,18.324319286298));
#8178 = CARTESIAN_POINT('',(1.03309219136,18.8808545162));
#8179 = CARTESIAN_POINT('',(1.031051777003,19.435141585754));
#8180 = CARTESIAN_POINT('',(1.028239794328,20.107446769805));
#8181 = CARTESIAN_POINT('',(1.027722310217,20.227990026791));
#8182 = CARTESIAN_POINT('',(1.027192149133,20.348402152033));
#8183 = CARTESIAN_POINT('',(1.026649406627,20.46867883725));
#8184 = CARTESIAN_POINT('',(1.026094181516,20.588815690496));
#8185 = CARTESIAN_POINT('',(1.025526575901,20.708808233286));
#8186 = CARTESIAN_POINT('',(1.024946695183,20.828651897731));
#8187 = CARTESIAN_POINT('',(1.024354648079,20.94834202366));
#8188 = CARTESIAN_POINT('',(1.023457935005,21.125772086918));
#8189 = CARTESIAN_POINT('',(1.023162496947,21.183632858651));
#8190 = CARTESIAN_POINT('',(1.022864236651,21.241457193103));
#8191 = CARTESIAN_POINT('',(1.022563181088,21.299241975854));
#8192 = CARTESIAN_POINT('',(1.022259339324,21.356987393462));
#8193 = CARTESIAN_POINT('',(1.021952712948,21.414695027841));
#8194 = CARTESIAN_POINT('',(1.021643319835,21.472363512155));
#8195 = CARTESIAN_POINT('',(1.021331193478,21.529988652884));
#8196 = CARTESIAN_POINT('',(1.019776506264,21.814320860267));
#8197 = CARTESIAN_POINT('',(1.018493937643,22.040494284023));
#8198 = CARTESIAN_POINT('',(1.017169242019,22.266091913378));
#8199 = CARTESIAN_POINT('',(1.01580305506,22.491109759002));
#8200 = CARTESIAN_POINT('',(1.014396020431,22.715543122451));
#8201 = CARTESIAN_POINT('',(1.012948789872,22.939386595753));
#8202 = CARTESIAN_POINT('',(1.011462023291,23.162634061006));
#8203 = CARTESIAN_POINT('',(1.009936388847,23.385278689965));
#8204 = CARTESIAN_POINT('',(1.006906476337,23.815470056449));
#8205 = CARTESIAN_POINT('',(1.005406818689,24.023091219537));
#8206 = CARTESIAN_POINT('',(1.003874176613,24.230166767344));
#8207 = CARTESIAN_POINT('',(1.002309034365,24.436699389166));
#8208 = CARTESIAN_POINT('',(1.000712065004,24.642669590536));
#8209 = CARTESIAN_POINT('',(0.999083816771,24.848072925543));
#8210 = CARTESIAN_POINT('',(0.997424771335,25.052913096038));
#8211 = CARTESIAN_POINT('',(0.995735682016,25.257161819174));
#8212 = CARTESIAN_POINT('',(0.987572092654,26.22455323655));
#8213 = CARTESIAN_POINT('',(0.980711356044,26.980034258171));
#8214 = CARTESIAN_POINT('',(0.973460386974,27.727451871142));
#8215 = CARTESIAN_POINT('',(0.965843132274,28.466960527175));
#8216 = CARTESIAN_POINT('',(0.957881825858,29.198692131255));
#8217 = CARTESIAN_POINT('',(0.94959689416,29.922764679273));
#8218 = CARTESIAN_POINT('',(0.941006861568,30.639290895667));
#8219 = CARTESIAN_POINT('',(0.93212825586,31.348386871054));
#8220 = CARTESIAN_POINT('',(0.922117444055,32.115973871318));
#8221 = CARTESIAN_POINT('',(0.921256966343,32.181702768853));
#8222 = CARTESIAN_POINT('',(0.920394089651,32.247367701958));
#8223 = CARTESIAN_POINT('',(0.919528825722,32.312968776243));
#8224 = CARTESIAN_POINT('',(0.918661187597,32.3785059899));
#8225 = CARTESIAN_POINT('',(0.917791188315,32.443979330147));
#8226 = CARTESIAN_POINT('',(0.916918839614,32.50938886968));
#8227 = CARTESIAN_POINT('',(0.916044150636,32.574734863128));
#8228 = CARTESIAN_POINT('',(0.908370190544,33.145960941372));
#8229 = CARTESIAN_POINT('',(0.901431431647,33.648236252988));
#8230 = CARTESIAN_POINT('',(0.894355923839,34.146882802542));
#8231 = CARTESIAN_POINT('',(0.887148186932,34.641942368721));
#8232 = CARTESIAN_POINT('',(0.879812200878,35.133458881015));
#8233 = CARTESIAN_POINT('',(0.872351419999,35.621477816035));
#8234 = CARTESIAN_POINT('',(0.864768787215,36.106045593826));
#8235 = CARTESIAN_POINT('',(0.857066748271,36.587208974182));
#8236 = CARTESIAN_POINT('',(0.846314960112,37.244191507502));
#8237 = CARTESIAN_POINT('',(0.84336613873,37.422896358589));
#8238 = CARTESIAN_POINT('',(0.84040090527,37.601131459802));
#8239 = CARTESIAN_POINT('',(0.837419353601,37.778899260255));
#8240 = CARTESIAN_POINT('',(0.834421568099,37.95620220054));
#8241 = CARTESIAN_POINT('',(0.831407623733,38.133042708675));
#8242 = CARTESIAN_POINT('',(0.828377586148,38.309423196045));
#8243 = CARTESIAN_POINT('',(0.825331511753,38.485346053347));
#8244 = CARTESIAN_POINT('',(0.820929794823,38.737580718561));
#8245 = CARTESIAN_POINT('',(0.819587081342,38.814260650192));
#8246 = CARTESIAN_POINT('',(0.818241311316,38.890853639565));
#8247 = CARTESIAN_POINT('',(0.816892488366,38.967359883911));
#8248 = CARTESIAN_POINT('',(0.815540615778,39.043779579496));
#8249 = CARTESIAN_POINT('',(0.814185696505,39.120112921556));
#8250 = CARTESIAN_POINT('',(0.812827733167,39.19636010424));
#8251 = CARTESIAN_POINT('',(0.811466728054,39.272521320543));
#8252 = CARTESIAN_POINT('',(0.808823891008,39.419917488845));
#8253 = CARTESIAN_POINT('',(0.807542423684,39.491163016523));
#8254 = CARTESIAN_POINT('',(0.806258301727,39.562332477317));
#8255 = CARTESIAN_POINT('',(0.804971490001,39.63342800506));
#8256 = CARTESIAN_POINT('',(0.803682007575,39.704448781017));
#8257 = CARTESIAN_POINT('',(0.802389886201,39.775393286497));
#8258 = CARTESIAN_POINT('',(0.801095099718,39.846263128906));
#8259 = CARTESIAN_POINT('',(0.799797586733,39.917061807697));
#8260 = CARTESIAN_POINT('',(0.778996022225,41.048581471135));
#8261 = CARTESIAN_POINT('',(0.758908254179,42.091931648052));
#8262 = CARTESIAN_POINT('',(0.738238680958,43.118229648748));
#8263 = CARTESIAN_POINT('',(0.716983824024,44.127584674872));
#8264 = CARTESIAN_POINT('',(0.695133981916,45.119788156896));
#8265 = CARTESIAN_POINT('',(0.672674621058,46.094282525255));
#8266 = CARTESIAN_POINT('',(0.649587405631,47.050128394131));
#8267 = CARTESIAN_POINT('',(0.625850866481,47.985970157864));
#8268 = CARTESIAN_POINT('',(0.601440709098,48.9));
#8269 = ( GEOMETRIC_REPRESENTATION_CONTEXT(2) 
PARAMETRIC_REPRESENTATION_CONTEXT() REPRESENTATION_CONTEXT('2D SPACE',''
  ) );
#8270 = PCURVE('',#6778,#8271);
#8271 = DEFINITIONAL_REPRESENTATION('',(#8272),#8320);
#8272 = B_SPLINE_CURVE_WITH_KNOTS('',6,(#8273,#8274,#8275,#8276,#8277,
    #8278,#8279,#8280,#8281,#8282,#8283,#8284,#8285,#8286,#8287,#8288,
    #8289,#8290,#8291,#8292,#8293,#8294,#8295,#8296,#8297,#8298,#8299,
    #8300,#8301,#8302,#8303,#8304,#8305,#8306,#8307,#8308,#8309,#8310,
    #8311,#8312,#8313,#8314,#8315,#8316,#8317,#8318,#8319),
  .UNSPECIFIED.,.F.,.F.,(7,5,5,5,5,5,5,5,5,7),(0.,6.354482365157E-02,
    0.123554039729,0.202922964825,0.279661518493,0.398872444187,
    0.468723221729,0.616096911358,0.777507920113,1.),.UNSPECIFIED.);
#8273 = CARTESIAN_POINT('',(-0.949465414229,48.9000006));
#8274 = CARTESIAN_POINT('',(-0.955510964215,48.378454318745));
#8275 = CARTESIAN_POINT('',(-0.96138277745,47.852638721565));
#8276 = CARTESIAN_POINT('',(-0.967071953326,47.322511467035));
#8277 = CARTESIAN_POINT('',(-0.972568801645,46.788023592496));
#8278 = CARTESIAN_POINT('',(-0.977862842125,46.249119547905));
#8279 = CARTESIAN_POINT('',(-0.987740118725,45.192588477784));
#8280 = CARTESIAN_POINT('',(-0.992346936628,44.675400809665));
#8281 = CARTESIAN_POINT('',(-0.996752430698,44.154257515865));
#8282 = CARTESIAN_POINT('',(-1.00094574045,43.629215749423));
#8283 = CARTESIAN_POINT('',(-1.004915958613,43.100306615348));
#8284 = CARTESIAN_POINT('',(-1.01359360799,41.862885332091));
#8285 = CARTESIAN_POINT('',(-1.018127656673,41.151195031957));
#8286 = CARTESIAN_POINT('',(-1.022222683637,40.433261049048));
#8287 = CARTESIAN_POINT('',(-1.025850870078,39.709725607303));
#8288 = CARTESIAN_POINT('',(-1.028988035827,38.981077131059));
#8289 = CARTESIAN_POINT('',(-1.034151985868,37.538531223363));
#8290 = CARTESIAN_POINT('',(-1.036211638001,36.825079455607));
#8291 = CARTESIAN_POINT('',(-1.037770928456,36.108491225944));
#8292 = CARTESIAN_POINT('',(-1.038815531978,35.389811071694));
#8293 = CARTESIAN_POINT('',(-1.039338088856,34.66999946965));
#8294 = CARTESIAN_POINT('',(-1.039338088856,32.83150350542));
#8295 = CARTESIAN_POINT('',(-1.038077025533,31.714530198827));
#8296 = CARTESIAN_POINT('',(-1.035561305973,30.601795642892));
#8297 = CARTESIAN_POINT('',(-1.031831149087,29.496181053872));
#8298 = CARTESIAN_POINT('',(-1.02696182131,28.401228542527));
#8299 = CARTESIAN_POINT('',(-1.017612368431,26.689047530835));
#8300 = CARTESIAN_POINT('',(-1.01380306588,26.061216070527));
#8301 = CARTESIAN_POINT('',(-1.009655666088,25.438224019664));
#8302 = CARTESIAN_POINT('',(-1.005187913398,24.820230691104));
#8303 = CARTESIAN_POINT('',(-1.000418388785,24.207466796569));
#8304 = CARTESIAN_POINT('',(-0.984708018836,22.319074328613));
#8305 = CARTESIAN_POINT('',(-0.972793873999,21.062666148511));
#8306 = CARTESIAN_POINT('',(-0.959774737974,19.829901774199));
#8307 = CARTESIAN_POINT('',(-0.945780209543,18.620087732779));
#8308 = CARTESIAN_POINT('',(-0.930915607368,17.4326429456));
#8309 = CARTESIAN_POINT('',(-0.898109677921,14.989850837421));
#8310 = CARTESIAN_POINT('',(-0.879997231999,13.737849156984));
#8311 = CARTESIAN_POINT('',(-0.861022603149,12.509986959877));
#8312 = CARTESIAN_POINT('',(-0.8412499372,11.305296137828));
#8313 = CARTESIAN_POINT('',(-0.820710571807,10.12280251593));
#8314 = CARTESIAN_POINT('',(-0.770038662831,7.361140169285));
#8315 = CARTESIAN_POINT('',(-0.739249480778,5.802960187129));
#8316 = CARTESIAN_POINT('',(-0.707058399681,4.285396171505));
#8317 = CARTESIAN_POINT('',(-0.673416879103,2.809179373117));
#8318 = CARTESIAN_POINT('',(-0.638245520935,1.378143320225));
#8319 = CARTESIAN_POINT('',(-0.601440693074,-6.E-07));
#8320 = ( GEOMETRIC_REPRESENTATION_CONTEXT(2) 
PARAMETRIC_REPRESENTATION_CONTEXT() REPRESENTATION_CONTEXT('2D SPACE',''
  ) );
#8321 = ADVANCED_FACE('',(#8322),#7933,.F.);
#8322 = FACE_BOUND('',#8323,.F.);
#8323 = EDGE_LOOP('',(#8324,#8353,#8374,#8590,#8591));
#8324 = ORIENTED_EDGE('',*,*,#8325,.F.);
#8325 = EDGE_CURVE('',#8326,#8326,#8328,.T.);
#8326 = VERTEX_POINT('',#8327);
#8327 = CARTESIAN_POINT('',(83.1,2.939152317954E-15,140.));
#8328 = SURFACE_CURVE('',#8329,(#8334,#8341),.PCURVE_S1.);
#8329 = CIRCLE('',#8330,12.);
#8330 = AXIS2_PLACEMENT_3D('',#8331,#8332,#8333);
#8331 = CARTESIAN_POINT('',(83.1,0.,128.));
#8332 = DIRECTION('',(1.,0.,0.));
#8333 = DIRECTION('',(-0.,0.,1.));
#8334 = PCURVE('',#7933,#8335);
#8335 = DEFINITIONAL_REPRESENTATION('',(#8336),#8340);
#8336 = LINE('',#8337,#8338);
#8337 = CARTESIAN_POINT('',(0.,39.1));
#8338 = VECTOR('',#8339,1.);
#8339 = DIRECTION('',(1.,0.));
#8340 = ( GEOMETRIC_REPRESENTATION_CONTEXT(2) 
PARAMETRIC_REPRESENTATION_CONTEXT() REPRESENTATION_CONTEXT('2D SPACE',''
  ) );
#8341 = PCURVE('',#8342,#8347);
#8342 = PLANE('',#8343);
#8343 = AXIS2_PLACEMENT_3D('',#8344,#8345,#8346);
#8344 = CARTESIAN_POINT('',(83.1,0.,128.));
#8345 = DIRECTION('',(1.,0.,0.));
#8346 = DIRECTION('',(-0.,0.,1.));
#8347 = DEFINITIONAL_REPRESENTATION('',(#8348),#8352);
#8348 = CIRCLE('',#8349,12.);
#8349 = AXIS2_PLACEMENT_2D('',#8350,#8351);
#8350 = CARTESIAN_POINT('',(0.,0.));
#8351 = DIRECTION('',(1.,0.));
#8352 = ( GEOMETRIC_REPRESENTATION_CONTEXT(2) 
PARAMETRIC_REPRESENTATION_CONTEXT() REPRESENTATION_CONTEXT('2D SPACE',''
  ) );
#8353 = ORIENTED_EDGE('',*,*,#8354,.F.);
#8354 = EDGE_CURVE('',#7787,#8326,#8355,.T.);
#8355 = SEAM_CURVE('',#8356,(#8360,#8367),.PCURVE_S1.);
#8356 = LINE('',#8357,#8358);
#8357 = CARTESIAN_POINT('',(44.,2.939152317954E-15,140.));
#8358 = VECTOR('',#8359,1.);
#8359 = DIRECTION('',(1.,0.,0.));
#8360 = PCURVE('',#7933,#8361);
#8361 = DEFINITIONAL_REPRESENTATION('',(#8362),#8366);
#8362 = LINE('',#8363,#8364);
#8363 = CARTESIAN_POINT('',(6.28318530718,-0.));
#8364 = VECTOR('',#8365,1.);
#8365 = DIRECTION('',(0.,1.));
#8366 = ( GEOMETRIC_REPRESENTATION_CONTEXT(2) 
PARAMETRIC_REPRESENTATION_CONTEXT() REPRESENTATION_CONTEXT('2D SPACE',''
  ) );
#8367 = PCURVE('',#7933,#8368);
#8368 = DEFINITIONAL_REPRESENTATION('',(#8369),#8373);
#8369 = LINE('',#8370,#8371);
#8370 = CARTESIAN_POINT('',(0.,-0.));
#8371 = VECTOR('',#8372,1.);
#8372 = DIRECTION('',(0.,1.));
#8373 = ( GEOMETRIC_REPRESENTATION_CONTEXT(2) 
PARAMETRIC_REPRESENTATION_CONTEXT() REPRESENTATION_CONTEXT('2D SPACE',''
  ) );
#8374 = ORIENTED_EDGE('',*,*,#8375,.T.);
#8375 = EDGE_CURVE('',#7787,#7810,#8376,.T.);
#8376 = SURFACE_CURVE('',#8377,(#8446,#8518),.PCURVE_S1.);
#8377 = B_SPLINE_CURVE_WITH_KNOTS('',7,(#8378,#8379,#8380,#8381,#8382,
    #8383,#8384,#8385,#8386,#8387,#8388,#8389,#8390,#8391,#8392,#8393,
    #8394,#8395,#8396,#8397,#8398,#8399,#8400,#8401,#8402,#8403,#8404,
    #8405,#8406,#8407,#8408,#8409,#8410,#8411,#8412,#8413,#8414,#8415,
    #8416,#8417,#8418,#8419,#8420,#8421,#8422,#8423,#8424,#8425,#8426,
    #8427,#8428,#8429,#8430,#8431,#8432,#8433,#8434,#8435,#8436,#8437,
    #8438,#8439,#8440,#8441,#8442,#8443,#8444,#8445),.UNSPECIFIED.,.F.,
  .F.,(8,6,6,6,6,6,6,6,6,6,6,8),(0.,8.877705350188E-02,0.14593259966,
    0.221519878794,0.288048029047,0.500120062974,0.614186015186,
    0.712125071091,0.778613819139,0.854156330675,0.91127802568,1.),
  .UNSPECIFIED.);
#8378 = CARTESIAN_POINT('',(52.2,-5.329070518201E-15,140.));
#8379 = CARTESIAN_POINT('',(52.2,-0.584732800366,140.));
#8380 = CARTESIAN_POINT('',(52.192358351889,-1.168418709174,
    139.96675839524));
#8381 = CARTESIAN_POINT('',(52.17712391558,-1.747105491024,
    139.90049006281));
#8382 = CARTESIAN_POINT('',(52.154649546662,-2.31688686271,
    139.80217526638));
#8383 = CARTESIAN_POINT('',(52.125580477884,-2.873992276417,
    139.67354706621));
#8384 = CARTESIAN_POINT('',(52.090805964926,-3.414874971387,
    139.51708700922));
#8385 = CARTESIAN_POINT('',(52.025987633451,-4.271995792608,
    139.21946222396));
#8386 = CARTESIAN_POINT('',(51.998640092908,-4.600032124529,
    139.09255921513));
#8387 = CARTESIAN_POINT('',(51.969559209578,-4.92008951608,
    138.95593685287));
#8388 = CARTESIAN_POINT('',(51.938977301655,-5.231885259873,
    138.81021810571));
#8389 = CARTESIAN_POINT('',(51.907127752627,-5.535171628446,
    138.65603274415));
#8390 = CARTESIAN_POINT('',(51.874241393111,-5.82973578783,
    138.49401795423));
#8391 = CARTESIAN_POINT('',(51.7959771514,-6.493185598188,
    138.10105602455));
#8392 = CARTESIAN_POINT('',(51.749980127555,-6.855496309911,
    137.86467430617));
#8393 = CARTESIAN_POINT('',(51.703016934895,-7.202366427591,
    137.61688269403));
#8394 = CARTESIAN_POINT('',(51.655516080764,-7.533887086787,
    137.358788532));
#8395 = CARTESIAN_POINT('',(51.607868994589,-7.850195181455,
    137.09140586371));
#8396 = CARTESIAN_POINT('',(51.560429566334,-8.151462568102,
    136.8156636865));
#8397 = CARTESIAN_POINT('',(51.472220667934,-8.68998023568,
    136.28311215003));
#8398 = CARTESIAN_POINT('',(51.431325088851,-8.930626109755,
    136.02794489296));
#8399 = CARTESIAN_POINT('',(51.391033992598,-9.160003479855,
    135.76743321934));
#8400 = CARTESIAN_POINT('',(51.351533901712,-9.37829006745,
    135.50205138821));
#8401 = CARTESIAN_POINT('',(51.312991978526,-9.585660842466,
    135.23222718172));
#8402 = CARTESIAN_POINT('',(51.275557187307,-9.782288137968,
    134.9583419545));
#8403 = CARTESIAN_POINT('',(51.123980189307,-10.56142560859,
    133.79578819243));
#8404 = CARTESIAN_POINT('',(51.021124914197,-11.04739754514,
    132.87248513949));
#8405 = CARTESIAN_POINT('',(50.935201494783,-11.43098477921,
    131.92234982551));
#8406 = CARTESIAN_POINT('',(50.869042791213,-11.71604062277,
    130.95382796684));
#8407 = CARTESIAN_POINT('',(50.824345773653,-11.90526581978,
    129.97352926454));
#8408 = CARTESIAN_POINT('',(50.801968465799,-12.,128.98712619998));
#8409 = CARTESIAN_POINT('',(50.801968465799,-12.,127.46906016852));
#8410 = CARTESIAN_POINT('',(50.808442572944,-11.97259345663,
    126.9381501843));
#8411 = CARTESIAN_POINT('',(50.821388146424,-11.91778549942,
    126.40818992573));
#8412 = CARTESIAN_POINT('',(50.840733050557,-11.83547261097,
    125.88010710214));
#8413 = CARTESIAN_POINT('',(50.866329951241,-11.72544608195,
    125.35487134003));
#8414 = CARTESIAN_POINT('',(50.897950612407,-11.58739546608,
    124.83352826934));
#8415 = CARTESIAN_POINT('',(50.967332034041,-11.27796639945,
    123.87393382958));
#8416 = CARTESIAN_POINT('',(51.003590893178,-11.11406643902,
    123.43437819512));
#8417 = CARTESIAN_POINT('',(51.043860419402,-10.9289347782,
    122.99922929079));
#8418 = CARTESIAN_POINT('',(51.087899653517,-10.72222507802,
    122.56922950499));
#8419 = CARTESIAN_POINT('',(51.1354137217,-10.49353212488,
    122.14522595936));
#8420 = CARTESIAN_POINT('',(51.186044529593,-10.24240191934,
    121.72819543804));
#8421 = CARTESIAN_POINT('',(51.275557187307,-9.782288137968,
    121.04165804549));
#8422 = CARTESIAN_POINT('',(51.312991978526,-9.585660842466,
    120.76777281827));
#8423 = CARTESIAN_POINT('',(51.351533901712,-9.37829006745,
    120.49794861178));
#8424 = CARTESIAN_POINT('',(51.391033992598,-9.160003479855,
    120.23256678065));
#8425 = CARTESIAN_POINT('',(51.431325088851,-8.930626109755,
    119.97205510704));
#8426 = CARTESIAN_POINT('',(51.472220667934,-8.68998023568,
    119.71688784996));
#8427 = CARTESIAN_POINT('',(51.560429566333,-8.151462568107,
    119.1843363135));
#8428 = CARTESIAN_POINT('',(51.607868994589,-7.850195181455,
    118.90859413628));
#8429 = CARTESIAN_POINT('',(51.655516080765,-7.533887086783,
    118.64121146799));
#8430 = CARTESIAN_POINT('',(51.703016934896,-7.202366427588,
    118.38311730596));
#8431 = CARTESIAN_POINT('',(51.749980127555,-6.855496309912,
    118.13532569382));
#8432 = CARTESIAN_POINT('',(51.7959771514,-6.493185598192,
    117.89894397544));
#8433 = CARTESIAN_POINT('',(51.874241393111,-5.82973578783,
    117.50598204576));
#8434 = CARTESIAN_POINT('',(51.907127752627,-5.535171628446,
    117.34396725585));
#8435 = CARTESIAN_POINT('',(51.938977301655,-5.231885259873,
    117.18978189428));
#8436 = CARTESIAN_POINT('',(51.969559209578,-4.92008951608,
    117.04406314712));
#8437 = CARTESIAN_POINT('',(51.998640092908,-4.600032124529,
    116.90744078487));
#8438 = CARTESIAN_POINT('',(52.025987633451,-4.271995792608,
    116.78053777603));
#8439 = CARTESIAN_POINT('',(52.09080485396,-3.414889662175,
    116.48291809197));
#8440 = CARTESIAN_POINT('',(52.12557989865,-2.874004468734,
    116.32645539682));
#8441 = CARTESIAN_POINT('',(52.154649930697,-2.316886203114,
    116.19782299009));
#8442 = CARTESIAN_POINT('',(52.177124801467,-1.74708913518,
    116.09950608775));
#8443 = CARTESIAN_POINT('',(52.192358979397,-1.168391805261,
    116.03323885753));
#8444 = CARTESIAN_POINT('',(52.2,-0.584708683699,116.));
#8445 = CARTESIAN_POINT('',(52.2,-5.329070518201E-15,116.));
#8446 = PCURVE('',#7933,#8447);
#8447 = DEFINITIONAL_REPRESENTATION('',(#8448),#8517);
#8448 = B_SPLINE_CURVE_WITH_KNOTS('',7,(#8449,#8450,#8451,#8452,#8453,
    #8454,#8455,#8456,#8457,#8458,#8459,#8460,#8461,#8462,#8463,#8464,
    #8465,#8466,#8467,#8468,#8469,#8470,#8471,#8472,#8473,#8474,#8475,
    #8476,#8477,#8478,#8479,#8480,#8481,#8482,#8483,#8484,#8485,#8486,
    #8487,#8488,#8489,#8490,#8491,#8492,#8493,#8494,#8495,#8496,#8497,
    #8498,#8499,#8500,#8501,#8502,#8503,#8504,#8505,#8506,#8507,#8508,
    #8509,#8510,#8511,#8512,#8513,#8514,#8515,#8516),.UNSPECIFIED.,.F.,
  .F.,(8,6,6,6,6,6,6,6,6,6,6,8),(0.,8.877705350188E-02,0.14593259966,
    0.221519878794,0.288048029047,0.500120062974,0.614186015186,
    0.712125071091,0.778613819139,0.854156330675,0.91127802568,1.),
  .UNSPECIFIED.);
#8449 = CARTESIAN_POINT('',(0.,8.2));
#8450 = CARTESIAN_POINT('',(4.872773336387E-02,8.2));
#8451 = CARTESIAN_POINT('',(9.736822196942E-02,8.192358351889));
#8452 = CARTESIAN_POINT('',(0.145781111166,8.17712391558));
#8453 = CARTESIAN_POINT('',(0.193826737572,8.154649546662));
#8454 = CARTESIAN_POINT('',(0.241358493493,8.125580477884));
#8455 = CARTESIAN_POINT('',(0.288214985112,8.090805964926));
#8456 = CARTESIAN_POINT('',(0.363825308066,8.025987633451));
#8457 = CARTESIAN_POINT('',(0.393118074485,7.998640092908));
#8458 = CARTESIAN_POINT('',(0.422090801095,7.969559209578));
#8459 = CARTESIAN_POINT('',(0.450742517449,7.938977301655));
#8460 = CARTESIAN_POINT('',(0.479070745832,7.907127752627));
#8461 = CARTESIAN_POINT('',(0.507071481861,7.874241393111));
#8462 = CARTESIAN_POINT('',(0.571329248849,7.7959771514));
#8463 = CARTESIAN_POINT('',(0.607345679677,7.749980127555));
#8464 = CARTESIAN_POINT('',(0.642819488621,7.703016934895));
#8465 = CARTESIAN_POINT('',(0.677779081771,7.655516080764));
#8466 = CARTESIAN_POINT('',(0.712250753143,7.607868994589));
#8467 = CARTESIAN_POINT('',(0.746259187582,7.560429566334));
#8468 = CARTESIAN_POINT('',(0.809373524816,7.472220667934));
#8469 = CARTESIAN_POINT('',(0.83858438276,7.431325088851));
#8470 = CARTESIAN_POINT('',(0.867482812419,7.391033992598));
#8471 = CARTESIAN_POINT('',(0.896089438626,7.351533901712));
#8472 = CARTESIAN_POINT('',(0.924423958065,7.312991978526));
#8473 = CARTESIAN_POINT('',(0.952505861218,7.275557187307));
#8474 = CARTESIAN_POINT('',(1.069130450293,7.123980189307));
#8475 = CARTESIAN_POINT('',(1.155591920542,7.021124914197));
#8476 = CARTESIAN_POINT('',(1.24030335951,6.935201494783));
#8477 = CARTESIAN_POINT('',(1.323734663133,6.869042791213));
#8478 = CARTESIAN_POINT('',(1.406335597095,6.824345773653));
#8479 = CARTESIAN_POINT('',(1.488535810129,6.801968465799));
#8480 = CARTESIAN_POINT('',(1.615041312752,6.801968465799));
#8481 = CARTESIAN_POINT('',(1.65928378298,6.808442572944));
#8482 = CARTESIAN_POINT('',(1.703588650537,6.821388146424));
#8483 = CARTESIAN_POINT('',(1.748019923895,6.840733050557));
#8484 = CARTESIAN_POINT('',(1.792642079206,6.866329951241));
#8485 = CARTESIAN_POINT('',(1.837521432563,6.897950612407));
#8486 = CARTESIAN_POINT('',(1.92154225654,6.967332034041));
#8487 = CARTESIAN_POINT('',(1.960595903034,7.003590893178));
#8488 = CARTESIAN_POINT('',(1.999938672788,7.043860419402));
#8489 = CARTESIAN_POINT('',(2.039621169941,7.087899653517));
#8490 = CARTESIAN_POINT('',(2.079695271518,7.1354137217));
#8491 = CARTESIAN_POINT('',(2.120215017231,7.186044529593));
#8492 = CARTESIAN_POINT('',(2.189086792371,7.275557187307));
#8493 = CARTESIAN_POINT('',(2.217168695525,7.312991978526));
#8494 = CARTESIAN_POINT('',(2.245503214964,7.351533901712));
#8495 = CARTESIAN_POINT('',(2.274109841171,7.391033992598));
#8496 = CARTESIAN_POINT('',(2.303008270829,7.431325088851));
#8497 = CARTESIAN_POINT('',(2.332219128774,7.472220667934));
#8498 = CARTESIAN_POINT('',(2.395333466007,7.560429566333));
#8499 = CARTESIAN_POINT('',(2.429341900447,7.607868994589));
#8500 = CARTESIAN_POINT('',(2.46381357182,7.655516080765));
#8501 = CARTESIAN_POINT('',(2.498773164969,7.703016934896));
#8502 = CARTESIAN_POINT('',(2.534246973913,7.749980127555));
#8503 = CARTESIAN_POINT('',(2.57026340474,7.7959771514));
#8504 = CARTESIAN_POINT('',(2.634521171729,7.874241393111));
#8505 = CARTESIAN_POINT('',(2.662521907757,7.907127752627));
#8506 = CARTESIAN_POINT('',(2.690850136141,7.938977301655));
#8507 = CARTESIAN_POINT('',(2.719501852495,7.969559209578));
#8508 = CARTESIAN_POINT('',(2.748474579105,7.998640092908));
#8509 = CARTESIAN_POINT('',(2.777767345523,8.025987633451));
#8510 = CARTESIAN_POINT('',(2.85337637254,8.09080485396));
#8511 = CARTESIAN_POINT('',(2.900233132844,8.12557989865));
#8512 = CARTESIAN_POINT('',(2.947766002234,8.154649930697));
#8513 = CARTESIAN_POINT('',(2.995812928953,8.177124801467));
#8514 = CARTESIAN_POINT('',(3.044226673444,8.192358979397));
#8515 = CARTESIAN_POINT('',(3.092866929948,8.2));
#8516 = CARTESIAN_POINT('',(3.14159265359,8.2));
#8517 = ( GEOMETRIC_REPRESENTATION_CONTEXT(2) 
PARAMETRIC_REPRESENTATION_CONTEXT() REPRESENTATION_CONTEXT('2D SPACE',''
  ) );
#8518 = PCURVE('',#7318,#8519);
#8519 = DEFINITIONAL_REPRESENTATION('',(#8520),#8589);
#8520 = B_SPLINE_CURVE_WITH_KNOTS('',7,(#8521,#8522,#8523,#8524,#8525,
    #8526,#8527,#8528,#8529,#8530,#8531,#8532,#8533,#8534,#8535,#8536,
    #8537,#8538,#8539,#8540,#8541,#8542,#8543,#8544,#8545,#8546,#8547,
    #8548,#8549,#8550,#8551,#8552,#8553,#8554,#8555,#8556,#8557,#8558,
    #8559,#8560,#8561,#8562,#8563,#8564,#8565,#8566,#8567,#8568,#8569,
    #8570,#8571,#8572,#8573,#8574,#8575,#8576,#8577,#8578,#8579,#8580,
    #8581,#8582,#8583,#8584,#8585,#8586,#8587,#8588),.UNSPECIFIED.,.F.,
  .F.,(8,6,6,6,6,6,6,6,6,6,6,8),(0.,8.877705350188E-02,0.14593259966,
    0.221519878794,0.288048029047,0.500120062974,0.614186015186,
    0.712125071091,0.778613819139,0.854156330675,0.91127802568,1.),
  .UNSPECIFIED.);
#8521 = CARTESIAN_POINT('',(6.28318530718,26.95));
#8522 = CARTESIAN_POINT('',(6.271983529395,26.95));
#8523 = CARTESIAN_POINT('',(6.260801805821,26.916758395243));
#8524 = CARTESIAN_POINT('',(6.249713560633,26.850490062814));
#8525 = CARTESIAN_POINT('',(6.238791351617,26.752175266389));
#8526 = CARTESIAN_POINT('',(6.228105590257,26.623547066213));
#8527 = CARTESIAN_POINT('',(6.21772311877,26.467087009222));
#8528 = CARTESIAN_POINT('',(6.201256294705,26.169462223961));
#8529 = CARTESIAN_POINT('',(6.194950460644,26.04255921513));
#8530 = CARTESIAN_POINT('',(6.188794101377,25.905936852876));
#8531 = CARTESIAN_POINT('',(6.182792604478,25.760218105714));
#8532 = CARTESIAN_POINT('',(6.176950776868,25.60603274415));
#8533 = CARTESIAN_POINT('',(6.171272836064,25.444017954235));
#8534 = CARTESIAN_POINT('',(6.158474941338,25.051056024559));
#8535 = CARTESIAN_POINT('',(6.151478686469,24.814674306177));
#8536 = CARTESIAN_POINT('',(6.144773391918,24.566882694033));
#8537 = CARTESIAN_POINT('',(6.13835787949,24.308788532002));
#8538 = CARTESIAN_POINT('',(6.132230199111,24.041405863716));
#8539 = CARTESIAN_POINT('',(6.126387790259,23.765663686504));
#8540 = CARTESIAN_POINT('',(6.115933879643,23.233112150032));
#8541 = CARTESIAN_POINT('',(6.111257793133,22.97794489296));
#8542 = CARTESIAN_POINT('',(6.10679642073,22.717433219348));
#8543 = CARTESIAN_POINT('',(6.102546863889,22.452051388217));
#8544 = CARTESIAN_POINT('',(6.098506274458,22.182227181724));
#8545 = CARTESIAN_POINT('',(6.094671840496,21.908341954509));
#8546 = CARTESIAN_POINT('',(6.079466001694,20.745788192431));
#8547 = CARTESIAN_POINT('',(6.069951244594,19.82248513949));
#8548 = CARTESIAN_POINT('',(6.062421199866,18.872349825514));
#8549 = CARTESIAN_POINT('',(6.056815270452,17.903827966847));
#8550 = CARTESIAN_POINT('',(6.053090504565,16.923529264542));
#8551 = CARTESIAN_POINT('',(6.051225731624,15.937126199989));
#8552 = CARTESIAN_POINT('',(6.051225731624,14.41906016852));
#8553 = CARTESIAN_POINT('',(6.051765208375,13.8881501843));
#8554 = CARTESIAN_POINT('',(6.052844065521,13.358189925733));
#8555 = CARTESIAN_POINT('',(6.054463902378,12.830107102144));
#8556 = CARTESIAN_POINT('',(6.056627960616,12.304871340036));
#8557 = CARTESIAN_POINT('',(6.059341070936,11.783528269348));
#8558 = CARTESIAN_POINT('',(6.065416016739,10.823933829581));
#8559 = CARTESIAN_POINT('',(6.068631763081,10.384378195123));
#8560 = CARTESIAN_POINT('',(6.072261244324,9.949229290792));
#8561 = CARTESIAN_POINT('',(6.076309999445,9.519229504997));
#8562 = CARTESIAN_POINT('',(6.080784532886,9.095225959369));
#8563 = CARTESIAN_POINT('',(6.085692146599,8.678195438045));
#8564 = CARTESIAN_POINT('',(6.094671840496,7.99165804549));
#8565 = CARTESIAN_POINT('',(6.098506274458,7.717772818276));
#8566 = CARTESIAN_POINT('',(6.102546863889,7.447948611783));
#8567 = CARTESIAN_POINT('',(6.10679642073,7.182566780652));
#8568 = CARTESIAN_POINT('',(6.111257793133,6.92205510704));
#8569 = CARTESIAN_POINT('',(6.115933879643,6.666887849968));
#8570 = CARTESIAN_POINT('',(6.126387790259,6.134336313501));
#8571 = CARTESIAN_POINT('',(6.132230199111,5.858594136284));
#8572 = CARTESIAN_POINT('',(6.13835787949,5.591211467995));
#8573 = CARTESIAN_POINT('',(6.144773391919,5.333117305964));
#8574 = CARTESIAN_POINT('',(6.151478686469,5.085325693824));
#8575 = CARTESIAN_POINT('',(6.158474941338,4.848943975444));
#8576 = CARTESIAN_POINT('',(6.171272836064,4.455982045765));
#8577 = CARTESIAN_POINT('',(6.176950776868,4.29396725585));
#8578 = CARTESIAN_POINT('',(6.182792604478,4.139781894286));
#8579 = CARTESIAN_POINT('',(6.188794101377,3.994063147124));
#8580 = CARTESIAN_POINT('',(6.194950460644,3.85744078487));
#8581 = CARTESIAN_POINT('',(6.201256294705,3.730537776039));
#8582 = CARTESIAN_POINT('',(6.217722836534,3.432918091976));
#8583 = CARTESIAN_POINT('',(6.228105356554,3.276455396825));
#8584 = CARTESIAN_POINT('',(6.238791364581,3.147822990097));
#8585 = CARTESIAN_POINT('',(6.249713874237,3.049506087753));
#8586 = CARTESIAN_POINT('',(6.260802321266,2.983238857531));
#8587 = CARTESIAN_POINT('',(6.2719839914,2.95));
#8588 = CARTESIAN_POINT('',(6.28318530718,2.95));
#8589 = ( GEOMETRIC_REPRESENTATION_CONTEXT(2) 
PARAMETRIC_REPRESENTATION_CONTEXT() REPRESENTATION_CONTEXT('2D SPACE',''
  ) );
#8590 = ORIENTED_EDGE('',*,*,#7809,.T.);
#8591 = ORIENTED_EDGE('',*,*,#8354,.T.);
#8592 = ADVANCED_FACE('',(#8593,#8624),#8342,.T.);
#8593 = FACE_BOUND('',#8594,.T.);
#8594 = EDGE_LOOP('',(#8595));
#8595 = ORIENTED_EDGE('',*,*,#8596,.T.);
#8596 = EDGE_CURVE('',#8597,#8597,#8599,.T.);
#8597 = VERTEX_POINT('',#8598);
#8598 = CARTESIAN_POINT('',(83.1,4.163799117101E-15,145.));
#8599 = SURFACE_CURVE('',#8600,(#8605,#8612),.PCURVE_S1.);
#8600 = CIRCLE('',#8601,17.);
#8601 = AXIS2_PLACEMENT_3D('',#8602,#8603,#8604);
#8602 = CARTESIAN_POINT('',(83.1,0.,128.));
#8603 = DIRECTION('',(1.,0.,0.));
#8604 = DIRECTION('',(-0.,0.,1.));
#8605 = PCURVE('',#8342,#8606);
#8606 = DEFINITIONAL_REPRESENTATION('',(#8607),#8611);
#8607 = CIRCLE('',#8608,17.);
#8608 = AXIS2_PLACEMENT_2D('',#8609,#8610);
#8609 = CARTESIAN_POINT('',(0.,0.));
#8610 = DIRECTION('',(1.,0.));
#8611 = ( GEOMETRIC_REPRESENTATION_CONTEXT(2) 
PARAMETRIC_REPRESENTATION_CONTEXT() REPRESENTATION_CONTEXT('2D SPACE',''
  ) );
#8612 = PCURVE('',#8613,#8618);
#8613 = CYLINDRICAL_SURFACE('',#8614,17.);
#8614 = AXIS2_PLACEMENT_3D('',#8615,#8616,#8617);
#8615 = CARTESIAN_POINT('',(83.1,0.,128.));
#8616 = DIRECTION('',(1.,0.,0.));
#8617 = DIRECTION('',(-0.,0.,1.));
#8618 = DEFINITIONAL_REPRESENTATION('',(#8619),#8623);
#8619 = LINE('',#8620,#8621);
#8620 = CARTESIAN_POINT('',(0.,0.));
#8621 = VECTOR('',#8622,1.);
#8622 = DIRECTION('',(1.,0.));
#8623 = ( GEOMETRIC_REPRESENTATION_CONTEXT(2) 
PARAMETRIC_REPRESENTATION_CONTEXT() REPRESENTATION_CONTEXT('2D SPACE',''
  ) );
#8624 = FACE_BOUND('',#8625,.T.);
#8625 = EDGE_LOOP('',(#8626));
#8626 = ORIENTED_EDGE('',*,*,#8325,.F.);
#8627 = ADVANCED_FACE('',(#8628),#8613,.F.);
#8628 = FACE_BOUND('',#8629,.F.);
#8629 = EDGE_LOOP('',(#8630,#8659,#8680,#8681));
#8630 = ORIENTED_EDGE('',*,*,#8631,.F.);
#8631 = EDGE_CURVE('',#8632,#8632,#8634,.T.);
#8632 = VERTEX_POINT('',#8633);
#8633 = CARTESIAN_POINT('',(88.,4.163799117101E-15,145.));
#8634 = SURFACE_CURVE('',#8635,(#8640,#8647),.PCURVE_S1.);
#8635 = CIRCLE('',#8636,17.);
#8636 = AXIS2_PLACEMENT_3D('',#8637,#8638,#8639);
#8637 = CARTESIAN_POINT('',(88.,0.,128.));
#8638 = DIRECTION('',(1.,0.,0.));
#8639 = DIRECTION('',(-0.,0.,1.));
#8640 = PCURVE('',#8613,#8641);
#8641 = DEFINITIONAL_REPRESENTATION('',(#8642),#8646);
#8642 = LINE('',#8643,#8644);
#8643 = CARTESIAN_POINT('',(0.,4.9));
#8644 = VECTOR('',#8645,1.);
#8645 = DIRECTION('',(1.,0.));
#8646 = ( GEOMETRIC_REPRESENTATION_CONTEXT(2) 
PARAMETRIC_REPRESENTATION_CONTEXT() REPRESENTATION_CONTEXT('2D SPACE',''
  ) );
#8647 = PCURVE('',#8648,#8653);
#8648 = PLANE('',#8649);
#8649 = AXIS2_PLACEMENT_3D('',#8650,#8651,#8652);
#8650 = CARTESIAN_POINT('',(88.,0.,128.));
#8651 = DIRECTION('',(1.,0.,0.));
#8652 = DIRECTION('',(-0.,0.,1.));
#8653 = DEFINITIONAL_REPRESENTATION('',(#8654),#8658);
#8654 = CIRCLE('',#8655,17.);
#8655 = AXIS2_PLACEMENT_2D('',#8656,#8657);
#8656 = CARTESIAN_POINT('',(0.,0.));
#8657 = DIRECTION('',(1.,0.));
#8658 = ( GEOMETRIC_REPRESENTATION_CONTEXT(2) 
PARAMETRIC_REPRESENTATION_CONTEXT() REPRESENTATION_CONTEXT('2D SPACE',''
  ) );
#8659 = ORIENTED_EDGE('',*,*,#8660,.F.);
#8660 = EDGE_CURVE('',#8597,#8632,#8661,.T.);
#8661 = SEAM_CURVE('',#8662,(#8666,#8673),.PCURVE_S1.);
#8662 = LINE('',#8663,#8664);
#8663 = CARTESIAN_POINT('',(83.1,4.163799117101E-15,145.));
#8664 = VECTOR('',#8665,1.);
#8665 = DIRECTION('',(1.,0.,0.));
#8666 = PCURVE('',#8613,#8667);
#8667 = DEFINITIONAL_REPRESENTATION('',(#8668),#8672);
#8668 = LINE('',#8669,#8670);
#8669 = CARTESIAN_POINT('',(6.28318530718,-0.));
#8670 = VECTOR('',#8671,1.);
#8671 = DIRECTION('',(0.,1.));
#8672 = ( GEOMETRIC_REPRESENTATION_CONTEXT(2) 
PARAMETRIC_REPRESENTATION_CONTEXT() REPRESENTATION_CONTEXT('2D SPACE',''
  ) );
#8673 = PCURVE('',#8613,#8674);
#8674 = DEFINITIONAL_REPRESENTATION('',(#8675),#8679);
#8675 = LINE('',#8676,#8677);
#8676 = CARTESIAN_POINT('',(0.,-0.));
#8677 = VECTOR('',#8678,1.);
#8678 = DIRECTION('',(0.,1.));
#8679 = ( GEOMETRIC_REPRESENTATION_CONTEXT(2) 
PARAMETRIC_REPRESENTATION_CONTEXT() REPRESENTATION_CONTEXT('2D SPACE',''
  ) );
#8680 = ORIENTED_EDGE('',*,*,#8596,.T.);
#8681 = ORIENTED_EDGE('',*,*,#8660,.T.);
#8682 = ADVANCED_FACE('',(#8683,#8686),#8648,.F.);
#8683 = FACE_BOUND('',#8684,.F.);
#8684 = EDGE_LOOP('',(#8685));
#8685 = ORIENTED_EDGE('',*,*,#8631,.T.);
#8686 = FACE_BOUND('',#8687,.F.);
#8687 = EDGE_LOOP('',(#8688));
#8688 = ORIENTED_EDGE('',*,*,#8689,.F.);
#8689 = EDGE_CURVE('',#8690,#8690,#8692,.T.);
#8690 = VERTEX_POINT('',#8691);
#8691 = CARTESIAN_POINT('',(88.,2.939152317954E-15,140.));
#8692 = SURFACE_CURVE('',#8693,(#8698,#8705),.PCURVE_S1.);
#8693 = CIRCLE('',#8694,12.);
#8694 = AXIS2_PLACEMENT_3D('',#8695,#8696,#8697);
#8695 = CARTESIAN_POINT('',(88.,0.,128.));
#8696 = DIRECTION('',(1.,0.,0.));
#8697 = DIRECTION('',(-0.,0.,1.));
#8698 = PCURVE('',#8648,#8699);
#8699 = DEFINITIONAL_REPRESENTATION('',(#8700),#8704);
#8700 = CIRCLE('',#8701,12.);
#8701 = AXIS2_PLACEMENT_2D('',#8702,#8703);
#8702 = CARTESIAN_POINT('',(0.,0.));
#8703 = DIRECTION('',(1.,0.));
#8704 = ( GEOMETRIC_REPRESENTATION_CONTEXT(2) 
PARAMETRIC_REPRESENTATION_CONTEXT() REPRESENTATION_CONTEXT('2D SPACE',''
  ) );
#8705 = PCURVE('',#8706,#8711);
#8706 = CYLINDRICAL_SURFACE('',#8707,12.);
#8707 = AXIS2_PLACEMENT_3D('',#8708,#8709,#8710);
#8708 = CARTESIAN_POINT('',(44.,0.,128.));
#8709 = DIRECTION('',(1.,0.,0.));
#8710 = DIRECTION('',(-0.,0.,1.));
#8711 = DEFINITIONAL_REPRESENTATION('',(#8712),#8716);
#8712 = LINE('',#8713,#8714);
#8713 = CARTESIAN_POINT('',(0.,44.));
#8714 = VECTOR('',#8715,1.);
#8715 = DIRECTION('',(1.,0.));
#8716 = ( GEOMETRIC_REPRESENTATION_CONTEXT(2) 
PARAMETRIC_REPRESENTATION_CONTEXT() REPRESENTATION_CONTEXT('2D SPACE',''
  ) );
#8717 = ADVANCED_FACE('',(#8718),#8706,.F.);
#8718 = FACE_BOUND('',#8719,.F.);
#8719 = EDGE_LOOP('',(#8720,#8743,#8770,#8771));
#8720 = ORIENTED_EDGE('',*,*,#8721,.T.);
#8721 = EDGE_CURVE('',#8690,#8722,#8724,.T.);
#8722 = VERTEX_POINT('',#8723);
#8723 = CARTESIAN_POINT('',(89.2,2.939152317954E-15,140.));
#8724 = SEAM_CURVE('',#8725,(#8729,#8736),.PCURVE_S1.);
#8725 = LINE('',#8726,#8727);
#8726 = CARTESIAN_POINT('',(44.,2.939152317954E-15,140.));
#8727 = VECTOR('',#8728,1.);
#8728 = DIRECTION('',(1.,0.,0.));
#8729 = PCURVE('',#8706,#8730);
#8730 = DEFINITIONAL_REPRESENTATION('',(#8731),#8735);
#8731 = LINE('',#8732,#8733);
#8732 = CARTESIAN_POINT('',(6.28318530718,-0.));
#8733 = VECTOR('',#8734,1.);
#8734 = DIRECTION('',(0.,1.));
#8735 = ( GEOMETRIC_REPRESENTATION_CONTEXT(2) 
PARAMETRIC_REPRESENTATION_CONTEXT() REPRESENTATION_CONTEXT('2D SPACE',''
  ) );
#8736 = PCURVE('',#8706,#8737);
#8737 = DEFINITIONAL_REPRESENTATION('',(#8738),#8742);
#8738 = LINE('',#8739,#8740);
#8739 = CARTESIAN_POINT('',(0.,-0.));
#8740 = VECTOR('',#8741,1.);
#8741 = DIRECTION('',(0.,1.));
#8742 = ( GEOMETRIC_REPRESENTATION_CONTEXT(2) 
PARAMETRIC_REPRESENTATION_CONTEXT() REPRESENTATION_CONTEXT('2D SPACE',''
  ) );
#8743 = ORIENTED_EDGE('',*,*,#8744,.F.);
#8744 = EDGE_CURVE('',#8722,#8722,#8745,.T.);
#8745 = SURFACE_CURVE('',#8746,(#8751,#8758),.PCURVE_S1.);
#8746 = CIRCLE('',#8747,12.);
#8747 = AXIS2_PLACEMENT_3D('',#8748,#8749,#8750);
#8748 = CARTESIAN_POINT('',(89.2,0.,128.));
#8749 = DIRECTION('',(1.,0.,0.));
#8750 = DIRECTION('',(-0.,0.,1.));
#8751 = PCURVE('',#8706,#8752);
#8752 = DEFINITIONAL_REPRESENTATION('',(#8753),#8757);
#8753 = LINE('',#8754,#8755);
#8754 = CARTESIAN_POINT('',(0.,45.2));
#8755 = VECTOR('',#8756,1.);
#8756 = DIRECTION('',(1.,0.));
#8757 = ( GEOMETRIC_REPRESENTATION_CONTEXT(2) 
PARAMETRIC_REPRESENTATION_CONTEXT() REPRESENTATION_CONTEXT('2D SPACE',''
  ) );
#8758 = PCURVE('',#8759,#8764);
#8759 = PLANE('',#8760);
#8760 = AXIS2_PLACEMENT_3D('',#8761,#8762,#8763);
#8761 = CARTESIAN_POINT('',(89.2,0.,128.));
#8762 = DIRECTION('',(1.,0.,0.));
#8763 = DIRECTION('',(-0.,0.,1.));
#8764 = DEFINITIONAL_REPRESENTATION('',(#8765),#8769);
#8765 = CIRCLE('',#8766,12.);
#8766 = AXIS2_PLACEMENT_2D('',#8767,#8768);
#8767 = CARTESIAN_POINT('',(0.,0.));
#8768 = DIRECTION('',(1.,0.));
#8769 = ( GEOMETRIC_REPRESENTATION_CONTEXT(2) 
PARAMETRIC_REPRESENTATION_CONTEXT() REPRESENTATION_CONTEXT('2D SPACE',''
  ) );
#8770 = ORIENTED_EDGE('',*,*,#8721,.F.);
#8771 = ORIENTED_EDGE('',*,*,#8689,.T.);
#8772 = ADVANCED_FACE('',(#8773,#8804),#8759,.T.);
#8773 = FACE_BOUND('',#8774,.T.);
#8774 = EDGE_LOOP('',(#8775));
#8775 = ORIENTED_EDGE('',*,*,#8776,.T.);
#8776 = EDGE_CURVE('',#8777,#8777,#8779,.T.);
#8777 = VERTEX_POINT('',#8778);
#8778 = CARTESIAN_POINT('',(89.2,5.327213576291E-15,149.75));
#8779 = SURFACE_CURVE('',#8780,(#8785,#8792),.PCURVE_S1.);
#8780 = CIRCLE('',#8781,21.75);
#8781 = AXIS2_PLACEMENT_3D('',#8782,#8783,#8784);
#8782 = CARTESIAN_POINT('',(89.2,0.,128.));
#8783 = DIRECTION('',(1.,0.,0.));
#8784 = DIRECTION('',(-0.,0.,1.));
#8785 = PCURVE('',#8759,#8786);
#8786 = DEFINITIONAL_REPRESENTATION('',(#8787),#8791);
#8787 = CIRCLE('',#8788,21.75);
#8788 = AXIS2_PLACEMENT_2D('',#8789,#8790);
#8789 = CARTESIAN_POINT('',(0.,0.));
#8790 = DIRECTION('',(1.,0.));
#8791 = ( GEOMETRIC_REPRESENTATION_CONTEXT(2) 
PARAMETRIC_REPRESENTATION_CONTEXT() REPRESENTATION_CONTEXT('2D SPACE',''
  ) );
#8792 = PCURVE('',#8793,#8798);
#8793 = PLANE('',#8794);
#8794 = AXIS2_PLACEMENT_3D('',#8795,#8796,#8797);
#8795 = CARTESIAN_POINT('',(89.2,0.,128.));
#8796 = DIRECTION('',(1.,0.,0.));
#8797 = DIRECTION('',(-0.,0.,1.));
#8798 = DEFINITIONAL_REPRESENTATION('',(#8799),#8803);
#8799 = CIRCLE('',#8800,21.75);
#8800 = AXIS2_PLACEMENT_2D('',#8801,#8802);
#8801 = CARTESIAN_POINT('',(0.,0.));
#8802 = DIRECTION('',(1.,0.));
#8803 = ( GEOMETRIC_REPRESENTATION_CONTEXT(2) 
PARAMETRIC_REPRESENTATION_CONTEXT() REPRESENTATION_CONTEXT('2D SPACE',''
  ) );
#8804 = FACE_BOUND('',#8805,.T.);
#8805 = EDGE_LOOP('',(#8806));
#8806 = ORIENTED_EDGE('',*,*,#8744,.F.);
#8807 = ADVANCED_FACE('',(#8808,#8906),#8793,.T.);
#8808 = FACE_BOUND('',#8809,.T.);
#8809 = EDGE_LOOP('',(#8810,#8836,#8860,#8884));
#8810 = ORIENTED_EDGE('',*,*,#8811,.T.);
#8811 = EDGE_CURVE('',#8812,#8814,#8816,.T.);
#8812 = VERTEX_POINT('',#8813);
#8813 = CARTESIAN_POINT('',(89.2,0.888345571644,98.013155515371));
#8814 = VERTEX_POINT('',#8815);
#8815 = CARTESIAN_POINT('',(89.2,7.347880794884E-15,158.));
#8816 = SURFACE_CURVE('',#8817,(#8822,#8829),.PCURVE_S1.);
#8817 = CIRCLE('',#8818,30.);
#8818 = AXIS2_PLACEMENT_3D('',#8819,#8820,#8821);
#8819 = CARTESIAN_POINT('',(89.2,0.,128.));
#8820 = DIRECTION('',(1.,0.,0.));
#8821 = DIRECTION('',(-0.,0.,1.));
#8822 = PCURVE('',#8793,#8823);
#8823 = DEFINITIONAL_REPRESENTATION('',(#8824),#8828);
#8824 = CIRCLE('',#8825,30.);
#8825 = AXIS2_PLACEMENT_2D('',#8826,#8827);
#8826 = CARTESIAN_POINT('',(0.,0.));
#8827 = DIRECTION('',(1.,0.));
#8828 = ( GEOMETRIC_REPRESENTATION_CONTEXT(2) 
PARAMETRIC_REPRESENTATION_CONTEXT() REPRESENTATION_CONTEXT('2D SPACE',''
  ) );
#8829 = PCURVE('',#2174,#8830);
#8830 = DEFINITIONAL_REPRESENTATION('',(#8831),#8835);
#8831 = LINE('',#8832,#8833);
#8832 = CARTESIAN_POINT('',(0.,0.));
#8833 = VECTOR('',#8834,1.);
#8834 = DIRECTION('',(1.,0.));
#8835 = ( GEOMETRIC_REPRESENTATION_CONTEXT(2) 
PARAMETRIC_REPRESENTATION_CONTEXT() REPRESENTATION_CONTEXT('2D SPACE',''
  ) );
#8836 = ORIENTED_EDGE('',*,*,#8837,.T.);
#8837 = EDGE_CURVE('',#8814,#8838,#8840,.T.);
#8838 = VERTEX_POINT('',#8839);
#8839 = CARTESIAN_POINT('',(89.2,-0.888345571644,98.013155515371));
#8840 = SURFACE_CURVE('',#8841,(#8846,#8853),.PCURVE_S1.);
#8841 = CIRCLE('',#8842,30.);
#8842 = AXIS2_PLACEMENT_3D('',#8843,#8844,#8845);
#8843 = CARTESIAN_POINT('',(89.2,0.,128.));
#8844 = DIRECTION('',(1.,0.,0.));
#8845 = DIRECTION('',(-0.,0.,1.));
#8846 = PCURVE('',#8793,#8847);
#8847 = DEFINITIONAL_REPRESENTATION('',(#8848),#8852);
#8848 = CIRCLE('',#8849,30.);
#8849 = AXIS2_PLACEMENT_2D('',#8850,#8851);
#8850 = CARTESIAN_POINT('',(0.,0.));
#8851 = DIRECTION('',(1.,0.));
#8852 = ( GEOMETRIC_REPRESENTATION_CONTEXT(2) 
PARAMETRIC_REPRESENTATION_CONTEXT() REPRESENTATION_CONTEXT('2D SPACE',''
  ) );
#8853 = PCURVE('',#2174,#8854);
#8854 = DEFINITIONAL_REPRESENTATION('',(#8855),#8859);
#8855 = LINE('',#8856,#8857);
#8856 = CARTESIAN_POINT('',(0.,0.));
#8857 = VECTOR('',#8858,1.);
#8858 = DIRECTION('',(1.,0.));
#8859 = ( GEOMETRIC_REPRESENTATION_CONTEXT(2) 
PARAMETRIC_REPRESENTATION_CONTEXT() REPRESENTATION_CONTEXT('2D SPACE',''
  ) );
#8860 = ORIENTED_EDGE('',*,*,#8861,.F.);
#8861 = EDGE_CURVE('',#8862,#8838,#8864,.T.);
#8862 = VERTEX_POINT('',#8863);
#8863 = CARTESIAN_POINT('',(89.2,6.123233995737E-16,102.85));
#8864 = SURFACE_CURVE('',#8865,(#8870,#8877),.PCURVE_S1.);
#8865 = CIRCLE('',#8866,2.5);
#8866 = AXIS2_PLACEMENT_3D('',#8867,#8868,#8869);
#8867 = CARTESIAN_POINT('',(89.2,0.,100.35));
#8868 = DIRECTION('',(1.,0.,0.));
#8869 = DIRECTION('',(-0.,0.,1.));
#8870 = PCURVE('',#8793,#8871);
#8871 = DEFINITIONAL_REPRESENTATION('',(#8872),#8876);
#8872 = CIRCLE('',#8873,2.5);
#8873 = AXIS2_PLACEMENT_2D('',#8874,#8875);
#8874 = CARTESIAN_POINT('',(-27.65,0.));
#8875 = DIRECTION('',(1.,0.));
#8876 = ( GEOMETRIC_REPRESENTATION_CONTEXT(2) 
PARAMETRIC_REPRESENTATION_CONTEXT() REPRESENTATION_CONTEXT('2D SPACE',''
  ) );
#8877 = PCURVE('',#3943,#8878);
#8878 = DEFINITIONAL_REPRESENTATION('',(#8879),#8883);
#8879 = LINE('',#8880,#8881);
#8880 = CARTESIAN_POINT('',(0.,18.9));
#8881 = VECTOR('',#8882,1.);
#8882 = DIRECTION('',(1.,0.));
#8883 = ( GEOMETRIC_REPRESENTATION_CONTEXT(2) 
PARAMETRIC_REPRESENTATION_CONTEXT() REPRESENTATION_CONTEXT('2D SPACE',''
  ) );
#8884 = ORIENTED_EDGE('',*,*,#8885,.F.);
#8885 = EDGE_CURVE('',#8812,#8862,#8886,.T.);
#8886 = SURFACE_CURVE('',#8887,(#8892,#8899),.PCURVE_S1.);
#8887 = CIRCLE('',#8888,2.5);
#8888 = AXIS2_PLACEMENT_3D('',#8889,#8890,#8891);
#8889 = CARTESIAN_POINT('',(89.2,0.,100.35));
#8890 = DIRECTION('',(1.,0.,0.));
#8891 = DIRECTION('',(-0.,0.,1.));
#8892 = PCURVE('',#8793,#8893);
#8893 = DEFINITIONAL_REPRESENTATION('',(#8894),#8898);
#8894 = CIRCLE('',#8895,2.5);
#8895 = AXIS2_PLACEMENT_2D('',#8896,#8897);
#8896 = CARTESIAN_POINT('',(-27.65,0.));
#8897 = DIRECTION('',(1.,0.));
#8898 = ( GEOMETRIC_REPRESENTATION_CONTEXT(2) 
PARAMETRIC_REPRESENTATION_CONTEXT() REPRESENTATION_CONTEXT('2D SPACE',''
  ) );
#8899 = PCURVE('',#3943,#8900);
#8900 = DEFINITIONAL_REPRESENTATION('',(#8901),#8905);
#8901 = LINE('',#8902,#8903);
#8902 = CARTESIAN_POINT('',(0.,18.9));
#8903 = VECTOR('',#8904,1.);
#8904 = DIRECTION('',(1.,0.));
#8905 = ( GEOMETRIC_REPRESENTATION_CONTEXT(2) 
PARAMETRIC_REPRESENTATION_CONTEXT() REPRESENTATION_CONTEXT('2D SPACE',''
  ) );
#8906 = FACE_BOUND('',#8907,.T.);
#8907 = EDGE_LOOP('',(#8908));
#8908 = ORIENTED_EDGE('',*,*,#8776,.F.);
#8909 = ADVANCED_FACE('',(#8910),#7715,.F.);
#8910 = FACE_BOUND('',#8911,.T.);
#8911 = EDGE_LOOP('',(#8912,#8913,#8937,#8957));
#8912 = ORIENTED_EDGE('',*,*,#7699,.F.);
#8913 = ORIENTED_EDGE('',*,*,#8914,.T.);
#8914 = EDGE_CURVE('',#7700,#8915,#8917,.T.);
#8915 = VERTEX_POINT('',#8916);
#8916 = CARTESIAN_POINT('',(-39.09734645727,29.53637587789,161.95));
#8917 = SURFACE_CURVE('',#8918,(#8923,#8930),.PCURVE_S1.);
#8918 = CIRCLE('',#8919,49.);
#8919 = AXIS2_PLACEMENT_3D('',#8920,#8921,#8922);
#8920 = CARTESIAN_POINT('',(0.,0.,161.95));
#8921 = DIRECTION('',(0.,0.,1.));
#8922 = DIRECTION('',(1.,0.,-0.));
#8923 = PCURVE('',#7715,#8924);
#8924 = DEFINITIONAL_REPRESENTATION('',(#8925),#8929);
#8925 = CIRCLE('',#8926,49.);
#8926 = AXIS2_PLACEMENT_2D('',#8927,#8928);
#8927 = CARTESIAN_POINT('',(0.,0.));
#8928 = DIRECTION('',(1.,-0.));
#8929 = ( GEOMETRIC_REPRESENTATION_CONTEXT(2) 
PARAMETRIC_REPRESENTATION_CONTEXT() REPRESENTATION_CONTEXT('2D SPACE',''
  ) );
#8930 = PCURVE('',#7584,#8931);
#8931 = DEFINITIONAL_REPRESENTATION('',(#8932),#8936);
#8932 = LINE('',#8933,#8934);
#8933 = CARTESIAN_POINT('',(-0.,16.05));
#8934 = VECTOR('',#8935,1.);
#8935 = DIRECTION('',(-1.,0.));
#8936 = ( GEOMETRIC_REPRESENTATION_CONTEXT(2) 
PARAMETRIC_REPRESENTATION_CONTEXT() REPRESENTATION_CONTEXT('2D SPACE',''
  ) );
#8937 = ORIENTED_EDGE('',*,*,#8938,.F.);
#8938 = EDGE_CURVE('',#6521,#8915,#8939,.T.);
#8939 = SURFACE_CURVE('',#8940,(#8944,#8950),.PCURVE_S1.);
#8940 = LINE('',#8941,#8942);
#8941 = CARTESIAN_POINT('',(-154.1,29.53637587789,161.95));
#8942 = VECTOR('',#8943,1.);
#8943 = DIRECTION('',(1.,0.,0.));
#8944 = PCURVE('',#7715,#8945);
#8945 = DEFINITIONAL_REPRESENTATION('',(#8946),#8949);
#8946 = B_SPLINE_CURVE_WITH_KNOTS('',1,(#8947,#8948),.UNSPECIFIED.,.F.,
  .F.,(2,2),(91.46,216.74),.PIECEWISE_BEZIER_KNOTS.);
#8947 = CARTESIAN_POINT('',(-62.64,29.53637587789));
#8948 = CARTESIAN_POINT('',(62.64,29.53637587789));
#8949 = ( GEOMETRIC_REPRESENTATION_CONTEXT(2) 
PARAMETRIC_REPRESENTATION_CONTEXT() REPRESENTATION_CONTEXT('2D SPACE',''
  ) );
#8950 = PCURVE('',#6539,#8951);
#8951 = DEFINITIONAL_REPRESENTATION('',(#8952),#8956);
#8952 = LINE('',#8953,#8954);
#8953 = CARTESIAN_POINT('',(-154.1,29.53637587789));
#8954 = VECTOR('',#8955,1.);
#8955 = DIRECTION('',(1.,0.));
#8956 = ( GEOMETRIC_REPRESENTATION_CONTEXT(2) 
PARAMETRIC_REPRESENTATION_CONTEXT() REPRESENTATION_CONTEXT('2D SPACE',''
  ) );
#8957 = ORIENTED_EDGE('',*,*,#8958,.F.);
#8958 = EDGE_CURVE('',#7671,#6521,#8959,.T.);
#8959 = SURFACE_CURVE('',#8960,(#8965,#8972),.PCURVE_S1.);
#8960 = CIRCLE('',#8961,52.2);
#8961 = AXIS2_PLACEMENT_3D('',#8962,#8963,#8964);
#8962 = CARTESIAN_POINT('',(0.,0.,161.95));
#8963 = DIRECTION('',(0.,0.,1.));
#8964 = DIRECTION('',(1.,0.,-0.));
#8965 = PCURVE('',#7715,#8966);
#8966 = DEFINITIONAL_REPRESENTATION('',(#8967),#8971);
#8967 = CIRCLE('',#8968,52.2);
#8968 = AXIS2_PLACEMENT_2D('',#8969,#8970);
#8969 = CARTESIAN_POINT('',(0.,0.));
#8970 = DIRECTION('',(1.,-0.));
#8971 = ( GEOMETRIC_REPRESENTATION_CONTEXT(2) 
PARAMETRIC_REPRESENTATION_CONTEXT() REPRESENTATION_CONTEXT('2D SPACE',''
  ) );
#8972 = PCURVE('',#6778,#8973);
#8973 = DEFINITIONAL_REPRESENTATION('',(#8974),#8978);
#8974 = LINE('',#8975,#8976);
#8975 = CARTESIAN_POINT('',(-0.,0.));
#8976 = VECTOR('',#8977,1.);
#8977 = DIRECTION('',(-1.,0.));
#8978 = ( GEOMETRIC_REPRESENTATION_CONTEXT(2) 
PARAMETRIC_REPRESENTATION_CONTEXT() REPRESENTATION_CONTEXT('2D SPACE',''
  ) );
#8979 = ADVANCED_FACE('',(#8980),#7743,.F.);
#8980 = FACE_BOUND('',#8981,.F.);
#8981 = EDGE_LOOP('',(#8982,#9106,#9127));
#8982 = ORIENTED_EDGE('',*,*,#8983,.T.);
#8983 = EDGE_CURVE('',#7700,#8984,#8986,.T.);
#8984 = VERTEX_POINT('',#8985);
#8985 = CARTESIAN_POINT('',(49.,5.510910596163E-15,173.));
#8986 = SURFACE_CURVE('',#8987,(#9010,#9080),.PCURVE_S1.);
#8987 = B_SPLINE_CURVE_WITH_KNOTS('',6,(#8988,#8989,#8990,#8991,#8992,
    #8993,#8994,#8995,#8996,#8997,#8998,#8999,#9000,#9001,#9002,#9003,
    #9004,#9005,#9006,#9007,#9008,#9009),.UNSPECIFIED.,.F.,.F.,(7,5,5,5,
    7),(0.,0.255343735253,0.562175522894,0.730335614018,1.),
  .UNSPECIFIED.);
#8988 = CARTESIAN_POINT('',(39.097345936265,29.536376567548,161.9499994)
  );
#8989 = CARTESIAN_POINT('',(39.733498833583,28.694300023802,
    162.68260294445));
#8990 = CARTESIAN_POINT('',(40.361839501488,27.817313505926,
    163.40154401495));
#8991 = CARTESIAN_POINT('',(40.981013264476,26.903490534065,
    164.1059280321));
#8992 = CARTESIAN_POINT('',(41.589294810651,25.950858456439,
    164.79436456949));
#8993 = CARTESIAN_POINT('',(42.184530903169,24.957456900561,
    165.46493799532));
#8994 = CARTESIAN_POINT('',(43.460497412783,22.676422076032,
    166.89653402974));
#8995 = CARTESIAN_POINT('',(44.134650345539,21.369162197468,
    167.64896139444));
#8996 = CARTESIAN_POINT('',(44.781852424112,19.996330484266,
    168.36803705218));
#8997 = CARTESIAN_POINT('',(45.396367377512,18.554858047303,
    169.04813622614));
#8998 = CARTESIAN_POINT('',(45.97129553304,17.042106174818,
    169.68235263878));
#8999 = CARTESIAN_POINT('',(46.787418297802,14.586861188802,
    170.58027811929));
#9000 = CARTESIAN_POINT('',(47.062024783093,13.695586302234,
    170.88191033304));
#9001 = CARTESIAN_POINT('',(47.320677326549,12.782789642536,
    171.16560018754));
#9002 = CARTESIAN_POINT('',(47.561771644096,11.84907006902,
    171.42969382224));
#9003 = CARTESIAN_POINT('',(47.78373243971,10.895095877615,
    171.67256567969));
#9004 = CARTESIAN_POINT('',(48.307797711833,8.360497785063,
    172.24549303336));
#9005 = CARTESIAN_POINT('',(48.578001896584,6.746320551072,172.540334205
    ));
#9006 = CARTESIAN_POINT('',(48.78700545741,5.090887370642,
    172.76807251121));
#9007 = CARTESIAN_POINT('',(48.928786034559,3.40638752152,
    172.92245593409));
#9008 = CARTESIAN_POINT('',(49.,1.705253094088,173.));
#9009 = CARTESIAN_POINT('',(49.,5.510910596163E-15,173.));
#9010 = PCURVE('',#7743,#9011);
#9011 = DEFINITIONAL_REPRESENTATION('',(#9012),#9079);
#9012 = B_SPLINE_CURVE_WITH_KNOTS('',9,(#9013,#9014,#9015,#9016,#9017,
    #9018,#9019,#9020,#9021,#9022,#9023,#9024,#9025,#9026,#9027,#9028,
    #9029,#9030,#9031,#9032,#9033,#9034,#9035,#9036,#9037,#9038,#9039,
    #9040,#9041,#9042,#9043,#9044,#9045,#9046,#9047,#9048,#9049,#9050,
    #9051,#9052,#9053,#9054,#9055,#9056,#9057,#9058,#9059,#9060,#9061,
    #9062,#9063,#9064,#9065,#9066,#9067,#9068,#9069,#9070,#9071,#9072,
    #9073,#9074,#9075,#9076,#9077,#9078),.UNSPECIFIED.,.F.,.F.,(10,8,8,8
    ,8,8,8,8,10),(3.485428611466E-08,0.250000026141,0.296875024507,
    0.47265626838,0.538574234833,0.596252455479,0.697189341609,
    0.735040673908,1.),.UNSPECIFIED.);
#9013 = CARTESIAN_POINT('',(0.64698464294,1.000000000002E-02));
#9014 = CARTESIAN_POINT('',(0.632926504135,0.488181243853));
#9015 = CARTESIAN_POINT('',(0.618679702857,0.960905566361));
#9016 = CARTESIAN_POINT('',(0.604236924403,1.427973066946));
#9017 = CARTESIAN_POINT('',(0.589590853815,1.88912960404));
#9018 = CARTESIAN_POINT('',(0.574734173515,2.344065537362));
#9019 = CARTESIAN_POINT('',(0.559659560946,2.792414470193));
#9020 = CARTESIAN_POINT('',(0.544359686218,3.233751991647));
#9021 = CARTESIAN_POINT('',(0.528827209747,3.667594418951));
#9022 = CARTESIAN_POINT('',(0.510097449296,4.173235624863));
#9023 = CARTESIAN_POINT('',(0.50713168601,4.252790980243));
#9024 = CARTESIAN_POINT('',(0.504157585176,4.332056251485));
#9025 = CARTESIAN_POINT('',(0.501173818602,4.411061831823));
#9026 = CARTESIAN_POINT('',(0.498182654048,4.489741859448));
#9027 = CARTESIAN_POINT('',(0.49518160993,4.568157665177));
#9028 = CARTESIAN_POINT('',(0.492172287298,4.646260992613));
#9029 = CARTESIAN_POINT('',(0.489153925717,4.724066889465));
#9030 = CARTESIAN_POINT('',(0.474774404192,5.092189276803));
#9031 = CARTESIAN_POINT('',(0.46329662176,5.37851052362));
#9032 = CARTESIAN_POINT('',(0.451690804935,5.660310001791));
#9033 = CARTESIAN_POINT('',(0.439954458732,5.937351967314));
#9034 = CARTESIAN_POINT('',(0.428085094836,6.20938473756));
#9035 = CARTESIAN_POINT('',(0.416080227446,6.476140418549));
#9036 = CARTESIAN_POINT('',(0.403937369139,6.737334632237));
#9037 = CARTESIAN_POINT('',(0.391654026717,6.992666243793));
#9038 = CARTESIAN_POINT('',(0.374567823437,7.335248655787));
#9039 = CARTESIAN_POINT('',(0.369887842144,7.427811051501));
#9040 = CARTESIAN_POINT('',(0.365187621075,7.519487496796));
#9041 = CARTESIAN_POINT('',(0.36046702788,7.610260875209));
#9042 = CARTESIAN_POINT('',(0.355725929908,7.700113730757));
#9043 = CARTESIAN_POINT('',(0.350964194145,7.78902826565));
#9044 = CARTESIAN_POINT('',(0.346181687157,7.876986338006));
#9045 = CARTESIAN_POINT('',(0.341378275026,7.963969459568));
#9046 = CARTESIAN_POINT('',(0.332332428031,8.125199460528));
#9047 = CARTESIAN_POINT('',(0.328094893629,8.199679778622));
#9048 = CARTESIAN_POINT('',(0.323841284487,8.273384494102));
#9049 = CARTESIAN_POINT('',(0.319571272618,8.346304899476));
#9050 = CARTESIAN_POINT('',(0.315284744427,8.418428228223));
#9051 = CARTESIAN_POINT('',(0.310981844471,8.489737130181));
#9052 = CARTESIAN_POINT('',(0.306662757269,8.560213731988));
#9053 = CARTESIAN_POINT('',(0.302327528222,8.629842787152));
#9054 = CARTESIAN_POINT('',(0.290361443585,8.818948278279));
#9055 = CARTESIAN_POINT('',(0.282697454451,8.936643621404));
#9056 = CARTESIAN_POINT('',(0.274984690886,9.051608658856));
#9057 = CARTESIAN_POINT('',(0.267223571845,9.163758058146));
#9058 = CARTESIAN_POINT('',(0.259414501537,9.273006936656));
#9059 = CARTESIAN_POINT('',(0.251557869296,9.379270853182));
#9060 = CARTESIAN_POINT('',(0.243654049453,9.482465799484));
#9061 = CARTESIAN_POINT('',(0.235703401207,9.582508191831));
#9062 = CARTESIAN_POINT('',(0.224707343726,9.715617364071));
#9063 = CARTESIAN_POINT('',(0.221701821729,9.751465489931));
#9064 = CARTESIAN_POINT('',(0.218690262329,9.786849036551));
#9065 = CARTESIAN_POINT('',(0.215670499652,9.821787101508));
#9066 = CARTESIAN_POINT('',(0.212647727936,9.856219595444));
#9067 = CARTESIAN_POINT('',(0.209614061775,9.890227371128));
#9068 = CARTESIAN_POINT('',(0.206577419926,9.923720619514));
#9069 = CARTESIAN_POINT('',(0.203533015341,9.956747277626));
#9070 = CARTESIAN_POINT('',(0.179123683749,10.21710404094));
#9071 = CARTESIAN_POINT('',(0.157432144684,10.421318679431));
#9072 = CARTESIAN_POINT('',(0.135454386011,10.599921237199));
#9073 = CARTESIAN_POINT('',(0.113235437081,10.751209339709));
#9074 = CARTESIAN_POINT('',(9.081858376121E-02,10.873790756065));
#9075 = CARTESIAN_POINT('',(6.824577151941E-02,10.966582007367));
#9076 = CARTESIAN_POINT('',(4.555803012825E-02,11.028807616596));
#9077 = CARTESIAN_POINT('',(2.279591997749E-02,11.06));
#9078 = CARTESIAN_POINT('',(1.12467563187E-16,11.06));
#9079 = ( GEOMETRIC_REPRESENTATION_CONTEXT(2) 
PARAMETRIC_REPRESENTATION_CONTEXT() REPRESENTATION_CONTEXT('2D SPACE',''
  ) );
#9080 = PCURVE('',#7584,#9081);
#9081 = DEFINITIONAL_REPRESENTATION('',(#9082),#9105);
#9082 = B_SPLINE_CURVE_WITH_KNOTS('',6,(#9083,#9084,#9085,#9086,#9087,
    #9088,#9089,#9090,#9091,#9092,#9093,#9094,#9095,#9096,#9097,#9098,
    #9099,#9100,#9101,#9102,#9103,#9104),.UNSPECIFIED.,.F.,.F.,(7,5,5,5,
    7),(0.,0.255343735253,0.562175522894,0.730335614018,1.),
  .UNSPECIFIED.);
#9083 = CARTESIAN_POINT('',(-0.646984660579,16.0500006));
#9084 = CARTESIAN_POINT('',(-0.625446714113,15.317397055542));
#9085 = CARTESIAN_POINT('',(-0.603436415163,14.598455985046));
#9086 = CARTESIAN_POINT('',(-0.580921026325,13.894071967892));
#9087 = CARTESIAN_POINT('',(-0.557867813713,13.205635430507));
#9088 = CARTESIAN_POINT('',(-0.534243985257,12.535062004678));
#9089 = CARTESIAN_POINT('',(-0.480904017236,11.10346597026));
#9090 = CARTESIAN_POINT('',(-0.45090382843,10.351038605556));
#9091 = CARTESIAN_POINT('',(-0.419959852676,9.631962947816));
#9092 = CARTESIAN_POINT('',(-0.388016591609,8.951863773857));
#9093 = CARTESIAN_POINT('',(-0.355019166434,8.317647361217));
#9094 = CARTESIAN_POINT('',(-0.302216482691,7.419721880709));
#9095 = CARTESIAN_POINT('',(-0.283188046038,7.118089666956));
#9096 = CARTESIAN_POINT('',(-0.263833755235,6.834399812451));
#9097 = CARTESIAN_POINT('',(-0.244161669466,6.570306177759));
#9098 = CARTESIAN_POINT('',(-0.224178881502,6.32743432031));
#9099 = CARTESIAN_POINT('',(-0.171358265725,5.754506966633));
#9100 = CARTESIAN_POINT('',(-0.137981678161,5.459665794997));
#9101 = CARTESIAN_POINT('',(-0.103971510479,5.231927488789));
#9102 = CARTESIAN_POINT('',(-6.951811790192E-02,5.077544065901));
#9103 = CARTESIAN_POINT('',(-3.480108355282E-02,5.));
#9104 = CARTESIAN_POINT('',(0.,5.));
#9105 = ( GEOMETRIC_REPRESENTATION_CONTEXT(2) 
PARAMETRIC_REPRESENTATION_CONTEXT() REPRESENTATION_CONTEXT('2D SPACE',''
  ) );
#9106 = ORIENTED_EDGE('',*,*,#9107,.F.);
#9107 = EDGE_CURVE('',#7727,#8984,#9108,.T.);
#9108 = SURFACE_CURVE('',#9109,(#9113,#9120),.PCURVE_S1.);
#9109 = LINE('',#9110,#9111);
#9110 = CARTESIAN_POINT('',(49.,-1.200153863164E-14,161.94));
#9111 = VECTOR('',#9112,1.);
#9112 = DIRECTION('',(0.,0.,1.));
#9113 = PCURVE('',#7743,#9114);
#9114 = DEFINITIONAL_REPRESENTATION('',(#9115),#9119);
#9115 = LINE('',#9116,#9117);
#9116 = CARTESIAN_POINT('',(0.,-0.));
#9117 = VECTOR('',#9118,1.);
#9118 = DIRECTION('',(0.,1.));
#9119 = ( GEOMETRIC_REPRESENTATION_CONTEXT(2) 
PARAMETRIC_REPRESENTATION_CONTEXT() REPRESENTATION_CONTEXT('2D SPACE',''
  ) );
#9120 = PCURVE('',#7770,#9121);
#9121 = DEFINITIONAL_REPRESENTATION('',(#9122),#9126);
#9122 = LINE('',#9123,#9124);
#9123 = CARTESIAN_POINT('',(6.28318530718,-0.));
#9124 = VECTOR('',#9125,1.);
#9125 = DIRECTION('',(0.,1.));
#9126 = ( GEOMETRIC_REPRESENTATION_CONTEXT(2) 
PARAMETRIC_REPRESENTATION_CONTEXT() REPRESENTATION_CONTEXT('2D SPACE',''
  ) );
#9127 = ORIENTED_EDGE('',*,*,#7726,.T.);
#9128 = ADVANCED_FACE('',(#9129),#7770,.F.);
#9129 = FACE_BOUND('',#9130,.F.);
#9130 = EDGE_LOOP('',(#9131,#9132,#9239));
#9131 = ORIENTED_EDGE('',*,*,#9107,.T.);
#9132 = ORIENTED_EDGE('',*,*,#9133,.T.);
#9133 = EDGE_CURVE('',#8984,#7568,#9134,.T.);
#9134 = SURFACE_CURVE('',#9135,(#9158,#9213),.PCURVE_S1.);
#9135 = B_SPLINE_CURVE_WITH_KNOTS('',6,(#9136,#9137,#9138,#9139,#9140,
    #9141,#9142,#9143,#9144,#9145,#9146,#9147,#9148,#9149,#9150,#9151,
    #9152,#9153,#9154,#9155,#9156,#9157),.UNSPECIFIED.,.F.,.F.,(7,5,5,5,
    7),(0.,0.270245730523,0.437623749124,0.745260230497,1.),
  .UNSPECIFIED.);
#9136 = CARTESIAN_POINT('',(49.,0.,173.));
#9137 = CARTESIAN_POINT('',(49.,-1.708961525838,173.));
#9138 = CARTESIAN_POINT('',(48.928475950992,-3.413741165702,
    172.92211828836));
#9139 = CARTESIAN_POINT('',(48.786086579973,-5.101764994932,
    172.76707195363));
#9140 = CARTESIAN_POINT('',(48.576203621443,-6.760544337486,
    172.53837471717));
#9141 = CARTESIAN_POINT('',(48.304893964816,-8.377836183958,
    172.24232452898));
#9142 = CARTESIAN_POINT('',(47.780136788719,-10.91041074673,
    171.66863101689));
#9143 = CARTESIAN_POINT('',(47.558969155427,-11.85969485007,
    171.42662334327));
#9144 = CARTESIAN_POINT('',(47.318860533052,-12.78890366584,
    171.16360631169));
#9145 = CARTESIAN_POINT('',(47.061364330736,-13.69738006045,
    170.88118288459));
#9146 = CARTESIAN_POINT('',(46.788062155593,-14.58453505442,
    170.58098353434));
#9147 = CARTESIAN_POINT('',(45.972142121671,-17.04027053132,
    169.68328952834));
#9148 = CARTESIAN_POINT('',(45.395715807493,-18.55703292306,
    169.04742327604));
#9149 = CARTESIAN_POINT('',(44.779497305914,-20.0021402056,
    168.3654360934));
#9150 = CARTESIAN_POINT('',(44.130439431703,-21.3782533753,
    167.6442872879));
#9151 = CARTESIAN_POINT('',(43.454319226002,-22.68846779982,
    166.88964109326));
#9152 = CARTESIAN_POINT('',(42.177490698199,-24.96920286526,
    165.4570065458));
#9153 = CARTESIAN_POINT('',(41.583539722809,-25.95986962284,
    164.78785099951));
#9154 = CARTESIAN_POINT('',(40.976619704913,-26.90997407358,
    164.10092977005));
#9155 = CARTESIAN_POINT('',(40.35886685329,-27.82146227624,
    163.3981427142));
#9156 = CARTESIAN_POINT('',(39.731993743142,-28.69629231427,
    162.68086965896));
#9157 = CARTESIAN_POINT('',(39.097345936265,-29.53637656754,161.9499994)
  );
#9158 = PCURVE('',#7770,#9159);
#9159 = DEFINITIONAL_REPRESENTATION('',(#9160),#9212);
#9160 = B_SPLINE_CURVE_WITH_KNOTS('',8,(#9161,#9162,#9163,#9164,#9165,
    #9166,#9167,#9168,#9169,#9170,#9171,#9172,#9173,#9174,#9175,#9176,
    #9177,#9178,#9179,#9180,#9181,#9182,#9183,#9184,#9185,#9186,#9187,
    #9188,#9189,#9190,#9191,#9192,#9193,#9194,#9195,#9196,#9197,#9198,
    #9199,#9200,#9201,#9202,#9203,#9204,#9205,#9206,#9207,#9208,#9209,
    #9210,#9211),.UNSPECIFIED.,.F.,.F.,(9,7,7,7,7,7,7,9),(0.,
    0.249999991286,0.27343749047,0.364257799804,0.443725570472,
    0.721862767809,0.756629917476,0.999999965146),.UNSPECIFIED.);
#9161 = CARTESIAN_POINT('',(6.28318530718,11.06));
#9162 = CARTESIAN_POINT('',(6.258987354623,11.06));
#9163 = CARTESIAN_POINT('',(6.234828536862,11.024294540629));
#9164 = CARTESIAN_POINT('',(6.210759791563,10.953087344104));
#9165 = CARTESIAN_POINT('',(6.186832117776,10.847019276756));
#9166 = CARTESIAN_POINT('',(6.163097292779,10.707169479731));
#9167 = CARTESIAN_POINT('',(6.139608588919,10.535056499687));
#9168 = CARTESIAN_POINT('',(6.116421490447,10.332639419496));
#9169 = CARTESIAN_POINT('',(6.091454371603,10.080726448575));
#9170 = CARTESIAN_POINT('',(6.089317490419,10.058888586561));
#9171 = CARTESIAN_POINT('',(6.087183854793,10.036807851704));
#9172 = CARTESIAN_POINT('',(6.085053436123,10.01448537623));
#9173 = CARTESIAN_POINT('',(6.082926296133,9.991923340951));
#9174 = CARTESIAN_POINT('',(6.080802594027,9.969125075295));
#9175 = CARTESIAN_POINT('',(6.078682393904,9.946092892204));
#9176 = CARTESIAN_POINT('',(6.068361426626,9.832655374978));
#9177 = CARTESIAN_POINT('',(6.060205278789,9.73894352688));
#9178 = CARTESIAN_POINT('',(6.052097173747,9.641778210936));
#9179 = CARTESIAN_POINT('',(6.044037474551,9.541249995766));
#9180 = CARTESIAN_POINT('',(6.036026562278,9.437449932476));
#9181 = CARTESIAN_POINT('',(6.028064835873,9.330469565866));
#9182 = CARTESIAN_POINT('',(6.020152711973,9.220400945627));
#9183 = CARTESIAN_POINT('',(6.005411298423,9.00840536797));
#9184 = CARTESIAN_POINT('',(5.998570313978,8.907181094338));
#9185 = CARTESIAN_POINT('',(5.991767769292,8.803722455168));
#9186 = CARTESIAN_POINT('',(5.985004410516,8.6980995373));
#9187 = CARTESIAN_POINT('',(5.978280136145,8.590367765035));
#9188 = CARTESIAN_POINT('',(5.971595111515,8.480587339908));
#9189 = CARTESIAN_POINT('',(5.964950478262,8.368835642273));
#9190 = CARTESIAN_POINT('',(5.935228721041,7.857295278425));
#9191 = CARTESIAN_POINT('',(5.912599203802,7.435859860881));
#9192 = CARTESIAN_POINT('',(5.890441874691,6.993039478456));
#9193 = CARTESIAN_POINT('',(5.868741797846,6.530819809754));
#9194 = CARTESIAN_POINT('',(5.847484203478,6.050992784747));
#9195 = CARTESIAN_POINT('',(5.826654372911,5.555162882768));
#9196 = CARTESIAN_POINT('',(5.806237523608,5.044753430506));
#9197 = CARTESIAN_POINT('',(5.783716340527,4.455545333681));
#9198 = CARTESIAN_POINT('',(5.781220184642,4.389868890718));
#9199 = CARTESIAN_POINT('',(5.778730364581,4.323990491479));
#9200 = CARTESIAN_POINT('',(5.776246291893,4.257897550659));
#9201 = CARTESIAN_POINT('',(5.773768946379,4.191619388715));
#9202 = CARTESIAN_POINT('',(5.771297348753,4.125133042737));
#9203 = CARTESIAN_POINT('',(5.768831724586,4.058447375252));
#9204 = CARTESIAN_POINT('',(5.749154237276,3.523383961216));
#9205 = CARTESIAN_POINT('',(5.732227124923,3.045529914039));
#9206 = CARTESIAN_POINT('',(5.715580536208,2.558742110294));
#9207 = CARTESIAN_POINT('',(5.699204323194,2.063662805648));
#9208 = CARTESIAN_POINT('',(5.683088351543,1.560839180907));
#9209 = CARTESIAN_POINT('',(5.667222496654,1.050725814811));
#9210 = CARTESIAN_POINT('',(5.651596639794,0.533687156838));
#9211 = CARTESIAN_POINT('',(5.63620066424,1.000000000005E-02));
#9212 = ( GEOMETRIC_REPRESENTATION_CONTEXT(2) 
PARAMETRIC_REPRESENTATION_CONTEXT() REPRESENTATION_CONTEXT('2D SPACE',''
  ) );
#9213 = PCURVE('',#7584,#9214);
#9214 = DEFINITIONAL_REPRESENTATION('',(#9215),#9238);
#9215 = B_SPLINE_CURVE_WITH_KNOTS('',6,(#9216,#9217,#9218,#9219,#9220,
    #9221,#9222,#9223,#9224,#9225,#9226,#9227,#9228,#9229,#9230,#9231,
    #9232,#9233,#9234,#9235,#9236,#9237),.UNSPECIFIED.,.F.,.F.,(7,5,5,5,
    7),(0.,0.270245730523,0.437623749124,0.745260230497,1.),
  .UNSPECIFIED.);
#9216 = CARTESIAN_POINT('',(-6.28318530718,5.));
#9217 = CARTESIAN_POINT('',(-6.248308541346,5.));
#9218 = CARTESIAN_POINT('',(-6.213517114805,5.07788171164));
#9219 = CARTESIAN_POINT('',(-6.178991308552,5.232928046363));
#9220 = CARTESIAN_POINT('',(-6.144911399421,5.461625282824));
#9221 = CARTESIAN_POINT('',(-6.11146852988,5.757675471012));
#9222 = CARTESIAN_POINT('',(-6.058685491408,6.331368983109));
#9223 = CARTESIAN_POINT('',(-6.038799507075,6.573376656727));
#9224 = CARTESIAN_POINT('',(-6.019221462492,6.836393688303));
#9225 = CARTESIAN_POINT('',(-5.999958327186,7.118817115408));
#9226 = CARTESIAN_POINT('',(-5.981018018015,7.419016465657));
#9227 = CARTESIAN_POINT('',(-5.928207139853,8.316710471654));
#9228 = CARTESIAN_POINT('',(-5.895122589539,8.952576723953));
#9229 = CARTESIAN_POINT('',(-5.863097735275,9.6345639066));
#9230 = CARTESIAN_POINT('',(-5.832077254744,10.355712712092));
#9231 = CARTESIAN_POINT('',(-5.802005192041,11.110358906733));
#9232 = CARTESIAN_POINT('',(-5.74866197149,12.542993454193));
#9233 = CARTESIAN_POINT('',(-5.725099414022,13.21214900049));
#9234 = CARTESIAN_POINT('',(-5.702104528505,13.899070229944));
#9235 = CARTESIAN_POINT('',(-5.679644765896,14.601857285801));
#9236 = CARTESIAN_POINT('',(-5.657687635887,15.31913034104));
#9237 = CARTESIAN_POINT('',(-5.6362006466,16.0500006));
#9238 = ( GEOMETRIC_REPRESENTATION_CONTEXT(2) 
PARAMETRIC_REPRESENTATION_CONTEXT() REPRESENTATION_CONTEXT('2D SPACE',''
  ) );
#9239 = ORIENTED_EDGE('',*,*,#7755,.T.);
#9240 = ADVANCED_FACE('',(#9241),#7584,.F.);
#9241 = FACE_BOUND('',#9242,.T.);
#9242 = EDGE_LOOP('',(#9243,#9266,#9293,#9294,#9295,#9296,#9493,#9494));
#9243 = ORIENTED_EDGE('',*,*,#9244,.F.);
#9244 = EDGE_CURVE('',#9245,#8984,#9247,.T.);
#9245 = VERTEX_POINT('',#9246);
#9246 = CARTESIAN_POINT('',(49.,0.,178.));
#9247 = SEAM_CURVE('',#9248,(#9252,#9259),.PCURVE_S1.);
#9248 = LINE('',#9249,#9250);
#9249 = CARTESIAN_POINT('',(49.,0.,178.));
#9250 = VECTOR('',#9251,1.);
#9251 = DIRECTION('',(0.,0.,-1.));
#9252 = PCURVE('',#7584,#9253);
#9253 = DEFINITIONAL_REPRESENTATION('',(#9254),#9258);
#9254 = LINE('',#9255,#9256);
#9255 = CARTESIAN_POINT('',(-0.,0.));
#9256 = VECTOR('',#9257,1.);
#9257 = DIRECTION('',(-0.,1.));
#9258 = ( GEOMETRIC_REPRESENTATION_CONTEXT(2) 
PARAMETRIC_REPRESENTATION_CONTEXT() REPRESENTATION_CONTEXT('2D SPACE',''
  ) );
#9259 = PCURVE('',#7584,#9260);
#9260 = DEFINITIONAL_REPRESENTATION('',(#9261),#9265);
#9261 = LINE('',#9262,#9263);
#9262 = CARTESIAN_POINT('',(-6.28318530718,0.));
#9263 = VECTOR('',#9264,1.);
#9264 = DIRECTION('',(-0.,1.));
#9265 = ( GEOMETRIC_REPRESENTATION_CONTEXT(2) 
PARAMETRIC_REPRESENTATION_CONTEXT() REPRESENTATION_CONTEXT('2D SPACE',''
  ) );
#9266 = ORIENTED_EDGE('',*,*,#9267,.T.);
#9267 = EDGE_CURVE('',#9245,#9245,#9268,.T.);
#9268 = SURFACE_CURVE('',#9269,(#9274,#9281),.PCURVE_S1.);
#9269 = CIRCLE('',#9270,49.);
#9270 = AXIS2_PLACEMENT_3D('',#9271,#9272,#9273);
#9271 = CARTESIAN_POINT('',(0.,0.,178.));
#9272 = DIRECTION('',(0.,0.,1.));
#9273 = DIRECTION('',(1.,0.,-0.));
#9274 = PCURVE('',#7584,#9275);
#9275 = DEFINITIONAL_REPRESENTATION('',(#9276),#9280);
#9276 = LINE('',#9277,#9278);
#9277 = CARTESIAN_POINT('',(-0.,0.));
#9278 = VECTOR('',#9279,1.);
#9279 = DIRECTION('',(-1.,0.));
#9280 = ( GEOMETRIC_REPRESENTATION_CONTEXT(2) 
PARAMETRIC_REPRESENTATION_CONTEXT() REPRESENTATION_CONTEXT('2D SPACE',''
  ) );
#9281 = PCURVE('',#9282,#9287);
#9282 = PLANE('',#9283);
#9283 = AXIS2_PLACEMENT_3D('',#9284,#9285,#9286);
#9284 = CARTESIAN_POINT('',(0.,0.,178.));
#9285 = DIRECTION('',(0.,0.,1.));
#9286 = DIRECTION('',(1.,0.,-0.));
#9287 = DEFINITIONAL_REPRESENTATION('',(#9288),#9292);
#9288 = CIRCLE('',#9289,49.);
#9289 = AXIS2_PLACEMENT_2D('',#9290,#9291);
#9290 = CARTESIAN_POINT('',(0.,0.));
#9291 = DIRECTION('',(1.,0.));
#9292 = ( GEOMETRIC_REPRESENTATION_CONTEXT(2) 
PARAMETRIC_REPRESENTATION_CONTEXT() REPRESENTATION_CONTEXT('2D SPACE',''
  ) );
#9293 = ORIENTED_EDGE('',*,*,#9244,.T.);
#9294 = ORIENTED_EDGE('',*,*,#9133,.T.);
#9295 = ORIENTED_EDGE('',*,*,#7565,.F.);
#9296 = ORIENTED_EDGE('',*,*,#9297,.T.);
#9297 = EDGE_CURVE('',#7566,#8915,#9298,.T.);
#9298 = SURFACE_CURVE('',#9299,(#9342,#9415),.PCURVE_S1.);
#9299 = B_SPLINE_CURVE_WITH_KNOTS('',6,(#9300,#9301,#9302,#9303,#9304,
    #9305,#9306,#9307,#9308,#9309,#9310,#9311,#9312,#9313,#9314,#9315,
    #9316,#9317,#9318,#9319,#9320,#9321,#9322,#9323,#9324,#9325,#9326,
    #9327,#9328,#9329,#9330,#9331,#9332,#9333,#9334,#9335,#9336,#9337,
    #9338,#9339,#9340,#9341),.UNSPECIFIED.,.F.,.F.,(7,5,5,5,5,5,5,5,7),(
    0.,0.254739734689,0.562376216107,0.7297542347,0.999999965146,
    1.269659264688,1.437816183949,1.744642184062,1.999981068116),
  .UNSPECIFIED.);
#9300 = CARTESIAN_POINT('',(-39.09734645727,-29.53637587789,161.95));
#9301 = CARTESIAN_POINT('',(-39.73199417199,-28.69629171578,
    162.68087014965));
#9302 = CARTESIAN_POINT('',(-40.35886719138,-27.82146177739,
    163.39814309883));
#9303 = CARTESIAN_POINT('',(-40.97661995403,-26.9099736836,
    164.10093005201));
#9304 = CARTESIAN_POINT('',(-41.58353988534,-25.95986935175,
    164.78785118262));
#9305 = CARTESIAN_POINT('',(-42.17749077733,-24.9692027239,
    165.45700663459));
#9306 = CARTESIAN_POINT('',(-43.45431922599,-22.68846779983,
    166.88964109326));
#9307 = CARTESIAN_POINT('',(-44.13043943171,-21.37825337528,
    167.64428728792));
#9308 = CARTESIAN_POINT('',(-44.77949730591,-20.00214020559,
    168.36543609339));
#9309 = CARTESIAN_POINT('',(-45.39571580748,-18.55703292307,
    169.04742327604));
#9310 = CARTESIAN_POINT('',(-45.97214212167,-17.04027053131,
    169.68328952834));
#9311 = CARTESIAN_POINT('',(-46.78806215553,-14.58453505459,
    170.58098353427));
#9312 = CARTESIAN_POINT('',(-47.06136433076,-13.6973800604,
    170.88118288462));
#9313 = CARTESIAN_POINT('',(-47.3188605331,-12.78890366564,
    171.16360631175));
#9314 = CARTESIAN_POINT('',(-47.55896915542,-11.85969485002,
    171.42662334327));
#9315 = CARTESIAN_POINT('',(-47.78013678867,-10.91041074695,
    171.66863101684));
#9316 = CARTESIAN_POINT('',(-48.30489396481,-8.377836183966,
    172.24232452898));
#9317 = CARTESIAN_POINT('',(-48.57620362144,-6.760544337484,
    172.53837471717));
#9318 = CARTESIAN_POINT('',(-48.78608657997,-5.10176499492,
    172.76707195363));
#9319 = CARTESIAN_POINT('',(-48.92847595099,-3.413741165705,
    172.92211828835));
#9320 = CARTESIAN_POINT('',(-49.,-1.708961525847,173.));
#9321 = CARTESIAN_POINT('',(-49.,1.705253094083,173.));
#9322 = CARTESIAN_POINT('',(-48.92878603456,3.40638752152,
    172.92245593409));
#9323 = CARTESIAN_POINT('',(-48.78700545741,5.090887370647,
    172.76807251121));
#9324 = CARTESIAN_POINT('',(-48.57800189658,6.746320551074,172.540334205
    ));
#9325 = CARTESIAN_POINT('',(-48.30779771183,8.36049778506,
    172.24549303336));
#9326 = CARTESIAN_POINT('',(-47.78373243972,10.895095877562,
    171.6725656797));
#9327 = CARTESIAN_POINT('',(-47.56177164409,11.849070069033,
    171.42969382224));
#9328 = CARTESIAN_POINT('',(-47.32067732653,12.782789642583,
    171.16560018753));
#9329 = CARTESIAN_POINT('',(-47.06202478308,13.695586302246,
    170.88191033303));
#9330 = CARTESIAN_POINT('',(-46.78741829781,14.586861188759,
    170.5802781193));
#9331 = CARTESIAN_POINT('',(-45.97129553304,17.042106174815,
    169.68235263878));
#9332 = CARTESIAN_POINT('',(-45.39636737751,18.554858047306,
    169.04813622614));
#9333 = CARTESIAN_POINT('',(-44.78185242411,19.996330484266,
    168.36803705218));
#9334 = CARTESIAN_POINT('',(-44.13465034553,21.369162197471,
    167.64896139444));
#9335 = CARTESIAN_POINT('',(-43.46049741278,22.676422076029,
    166.89653402974));
#9336 = CARTESIAN_POINT('',(-42.18453098226,24.957456759154,
    165.46493808407));
#9337 = CARTESIAN_POINT('',(-41.58929497314,25.950858185244,
    164.79436475255));
#9338 = CARTESIAN_POINT('',(-40.98101351357,26.903490143957,
    164.10592831402));
#9339 = CARTESIAN_POINT('',(-40.36183983955,27.817313006976,
    163.40154439955));
#9340 = CARTESIAN_POINT('',(-39.73349926242,28.694299425265,
    162.68260343513));
#9341 = CARTESIAN_POINT('',(-39.09734645727,29.53637587789,161.95));
#9342 = PCURVE('',#7584,#9343);
#9343 = DEFINITIONAL_REPRESENTATION('',(#9344),#9414);
#9344 = B_SPLINE_CURVE_WITH_KNOTS('',3,(#9345,#9346,#9347,#9348,#9349,
    #9350,#9351,#9352,#9353,#9354,#9355,#9356,#9357,#9358,#9359,#9360,
    #9361,#9362,#9363,#9364,#9365,#9366,#9367,#9368,#9369,#9370,#9371,
    #9372,#9373,#9374,#9375,#9376,#9377,#9378,#9379,#9380,#9381,#9382,
    #9383,#9384,#9385,#9386,#9387,#9388,#9389,#9390,#9391,#9392,#9393,
    #9394,#9395,#9396,#9397,#9398,#9399,#9400,#9401,#9402,#9403,#9404,
    #9405,#9406,#9407,#9408,#9409,#9410,#9411,#9412,#9413),
  .UNSPECIFIED.,.F.,.F.,(4,1,1,1,1,1,1,1,1,1,1,1,1,1,1,1,1,1,1,1,1,1,1,1
    ,1,1,1,1,1,1,1,1,1,1,1,1,1,1,1,1,1,1,1,1,1,1,1,1,1,1,1,1,1,1,1,1,1,1
    ,1,1,1,1,1,1,1,1,4),(0.,3.03027434563E-02,6.06054869126E-02,
    9.09082303689E-02,0.121210973825,0.151513717281,0.181816460738,
    0.212119204194,0.24242194765,0.272724691107,0.303027434563,
    0.333330178019,0.363632921476,0.393935664932,0.424238408388,
    0.454541151844,0.484843895301,0.515146638757,0.545449382213,
    0.57575212567,0.606054869126,0.636357612582,0.666660356039,
    0.696963099495,0.727265842951,0.757568586407,0.787871329864,
    0.81817407332,0.848476816776,0.878779560233,0.909082303689,
    0.939385047145,0.969687790602,0.999990534058,1.030293277514,
    1.06059602097,1.090898764427,1.121201507883,1.151504251339,
    1.181806994796,1.212109738252,1.242412481708,1.272715225165,
    1.303017968621,1.333320712077,1.363623455533,1.39392619899,
    1.424228942446,1.454531685902,1.484834429359,1.515137172815,
    1.545439916271,1.575742659728,1.606045403184,1.63634814664,
    1.666650890096,1.696953633553,1.727256377009,1.757559120465,
    1.787861863922,1.818164607378,1.848467350834,1.878770094291,
    1.909072837747,1.939375581203,1.969678324659,1.999981068116),
  .QUASI_UNIFORM_KNOTS.);
#9345 = CARTESIAN_POINT('',(-3.78857729653,16.05));
#9346 = CARTESIAN_POINT('',(-3.783465296981,15.876120658872));
#9347 = CARTESIAN_POINT('',(-3.773174771298,15.530274666272));
#9348 = CARTESIAN_POINT('',(-3.757532838773,15.017480551039));
#9349 = CARTESIAN_POINT('',(-3.741678199694,14.510883880183));
#9350 = CARTESIAN_POINT('',(-3.725604285578,14.010757043356));
#9351 = CARTESIAN_POINT('',(-3.709304526932,13.517405731415));
#9352 = CARTESIAN_POINT('',(-3.692772348794,13.031173938312));
#9353 = CARTESIAN_POINT('',(-3.676001183688,12.552443455191));
#9354 = CARTESIAN_POINT('',(-3.658984415964,12.081633875991));
#9355 = CARTESIAN_POINT('',(-3.64171557416,11.619206064827));
#9356 = CARTESIAN_POINT('',(-3.62418263878,11.165521120751));
#9357 = CARTESIAN_POINT('',(-3.606379987574,10.721158667128));
#9358 = CARTESIAN_POINT('',(-3.588300939252,10.286709982053));
#9359 = CARTESIAN_POINT('',(-3.569939117253,9.862817096117));
#9360 = CARTESIAN_POINT('',(-3.551288077918,9.450163112894));
#9361 = CARTESIAN_POINT('',(-3.532341390831,9.049475448447));
#9362 = CARTESIAN_POINT('',(-3.513092634503,8.661526294923));
#9363 = CARTESIAN_POINT('',(-3.493535266211,8.287131391715));
#9364 = CARTESIAN_POINT('',(-3.473663066859,7.927158465147));
#9365 = CARTESIAN_POINT('',(-3.453468397948,7.582498809414));
#9366 = CARTESIAN_POINT('',(-3.432949270472,7.254187518417));
#9367 = CARTESIAN_POINT('',(-3.412113000107,6.943420945202));
#9368 = CARTESIAN_POINT('',(-3.390965028572,6.651355143509));
#9369 = CARTESIAN_POINT('',(-3.369509827803,6.379132592215));
#9370 = CARTESIAN_POINT('',(-3.347755433563,6.127925932594));
#9371 = CARTESIAN_POINT('',(-3.325694377997,5.898738162508));
#9372 = CARTESIAN_POINT('',(-3.303341755258,5.692830626971));
#9373 = CARTESIAN_POINT('',(-3.280736997068,5.511576461669));
#9374 = CARTESIAN_POINT('',(-3.257911994178,5.356117037283));
#9375 = CARTESIAN_POINT('',(-3.234899574582,5.227453140513));
#9376 = CARTESIAN_POINT('',(-3.211731697572,5.126420968916));
#9377 = CARTESIAN_POINT('',(-3.188438931799,5.053698877731));
#9378 = CARTESIAN_POINT('',(-3.1650551018,5.009805785487));
#9379 = CARTESIAN_POINT('',(-3.141599992788,4.995101673082));
#9380 = CARTESIAN_POINT('',(-3.118144665477,5.009787530722));
#9381 = CARTESIAN_POINT('',(-3.09476035013,5.053663708291));
#9382 = CARTESIAN_POINT('',(-3.071466890621,5.126370969503));
#9383 = CARTESIAN_POINT('',(-3.048298199811,5.227390769286));
#9384 = CARTESIAN_POINT('',(-3.025284929068,5.356044670968));
#9385 = CARTESIAN_POINT('',(-3.002459117766,5.51149604385));
#9386 = CARTESIAN_POINT('',(-2.979853697132,5.692742978444));
#9387 = CARTESIAN_POINT('',(-2.957500580613,5.898643529663));
#9388 = CARTESIAN_POINT('',(-2.935439533404,6.127819909541));
#9389 = CARTESIAN_POINT('',(-2.913684588361,6.379021997248));
#9390 = CARTESIAN_POINT('',(-2.892228916116,6.651240538308));
#9391 = CARTESIAN_POINT('',(-2.871080408562,6.943304392913));
#9392 = CARTESIAN_POINT('',(-2.850243604791,7.254070352967));
#9393 = CARTESIAN_POINT('',(-2.82972395436,7.582382159125));
#9394 = CARTESIAN_POINT('',(-2.809528810056,7.92704274532));
#9395 = CARTESIAN_POINT('',(-2.789656145276,8.287017524616));
#9396 = CARTESIAN_POINT('',(-2.770098323495,8.661415118577));
#9397 = CARTESIAN_POINT('',(-2.750849127038,9.049367703516));
#9398 = CARTESIAN_POINT('',(-2.731902014765,9.450059440888));
#9399 = CARTESIAN_POINT('',(-2.713250566855,9.862718031641));
#9400 = CARTESIAN_POINT('',(-2.694888354274,10.286615957004));
#9401 = CARTESIAN_POINT('',(-2.676808936063,10.721069972411));
#9402 = CARTESIAN_POINT('',(-2.659005933685,11.165438025286));
#9403 = CARTESIAN_POINT('',(-2.641472681596,11.619128347124));
#9404 = CARTESIAN_POINT('',(-2.624203507491,12.081562547333));
#9405 = CARTESIAN_POINT('',(-2.607186352227,12.552380706462));
#9406 = CARTESIAN_POINT('',(-2.590414838261,13.03111936837));
#9407 = CARTESIAN_POINT('',(-2.573882321686,13.517359643806));
#9408 = CARTESIAN_POINT('',(-2.557582239373,14.01071958157));
#9409 = CARTESIAN_POINT('',(-2.541508011843,14.510855277485));
#9410 = CARTESIAN_POINT('',(-2.525653067336,15.017461081691));
#9411 = CARTESIAN_POINT('',(-2.510010834387,15.530264674854));
#9412 = CARTESIAN_POINT('',(-2.499720109799,15.876117271861));
#9413 = CARTESIAN_POINT('',(-2.49460801065,16.05));
#9414 = ( GEOMETRIC_REPRESENTATION_CONTEXT(2) 
PARAMETRIC_REPRESENTATION_CONTEXT() REPRESENTATION_CONTEXT('2D SPACE',''
  ) );
#9415 = PCURVE('',#9416,#9421);
#9416 = CYLINDRICAL_SURFACE('',#9417,49.);
#9417 = AXIS2_PLACEMENT_3D('',#9418,#9419,#9420);
#9418 = CARTESIAN_POINT('',(0.,0.,161.94));
#9419 = DIRECTION('',(0.,0.,1.));
#9420 = DIRECTION('',(1.,0.,-0.));
#9421 = DEFINITIONAL_REPRESENTATION('',(#9422),#9492);
#9422 = B_SPLINE_CURVE_WITH_KNOTS('',3,(#9423,#9424,#9425,#9426,#9427,
    #9428,#9429,#9430,#9431,#9432,#9433,#9434,#9435,#9436,#9437,#9438,
    #9439,#9440,#9441,#9442,#9443,#9444,#9445,#9446,#9447,#9448,#9449,
    #9450,#9451,#9452,#9453,#9454,#9455,#9456,#9457,#9458,#9459,#9460,
    #9461,#9462,#9463,#9464,#9465,#9466,#9467,#9468,#9469,#9470,#9471,
    #9472,#9473,#9474,#9475,#9476,#9477,#9478,#9479,#9480,#9481,#9482,
    #9483,#9484,#9485,#9486,#9487,#9488,#9489,#9490,#9491),
  .UNSPECIFIED.,.F.,.F.,(4,1,1,1,1,1,1,1,1,1,1,1,1,1,1,1,1,1,1,1,1,1,1,1
    ,1,1,1,1,1,1,1,1,1,1,1,1,1,1,1,1,1,1,1,1,1,1,1,1,1,1,1,1,1,1,1,1,1,1
    ,1,1,1,1,1,1,1,1,4),(0.,3.03027434563E-02,6.06054869126E-02,
    9.09082303689E-02,0.121210973825,0.151513717281,0.181816460738,
    0.212119204194,0.24242194765,0.272724691107,0.303027434563,
    0.333330178019,0.363632921476,0.393935664932,0.424238408388,
    0.454541151844,0.484843895301,0.515146638757,0.545449382213,
    0.57575212567,0.606054869126,0.636357612582,0.666660356039,
    0.696963099495,0.727265842951,0.757568586407,0.787871329864,
    0.81817407332,0.848476816776,0.878779560233,0.909082303689,
    0.939385047145,0.969687790602,0.999990534058,1.030293277514,
    1.06059602097,1.090898764427,1.121201507883,1.151504251339,
    1.181806994796,1.212109738252,1.242412481708,1.272715225165,
    1.303017968621,1.333320712077,1.363623455533,1.39392619899,
    1.424228942446,1.454531685902,1.484834429359,1.515137172815,
    1.545439916271,1.575742659728,1.606045403184,1.63634814664,
    1.666650890096,1.696953633553,1.727256377009,1.757559120465,
    1.787861863922,1.818164607378,1.848467350834,1.878770094291,
    1.909072837747,1.939375581203,1.969678324659,1.999981068116),
  .QUASI_UNIFORM_KNOTS.);
#9423 = CARTESIAN_POINT('',(3.78857729653,1.000000000005E-02));
#9424 = CARTESIAN_POINT('',(3.783465296981,0.183879341128));
#9425 = CARTESIAN_POINT('',(3.773174771298,0.529725333728));
#9426 = CARTESIAN_POINT('',(3.757532838773,1.042519448961));
#9427 = CARTESIAN_POINT('',(3.741678199694,1.549116119817));
#9428 = CARTESIAN_POINT('',(3.725604285578,2.049242956644));
#9429 = CARTESIAN_POINT('',(3.709304526932,2.542594268585));
#9430 = CARTESIAN_POINT('',(3.692772348794,3.028826061688));
#9431 = CARTESIAN_POINT('',(3.676001183688,3.507556544809));
#9432 = CARTESIAN_POINT('',(3.658984415964,3.978366124009));
#9433 = CARTESIAN_POINT('',(3.64171557416,4.440793935173));
#9434 = CARTESIAN_POINT('',(3.62418263878,4.894478879249));
#9435 = CARTESIAN_POINT('',(3.606379987574,5.338841332872));
#9436 = CARTESIAN_POINT('',(3.588300939252,5.773290017947));
#9437 = CARTESIAN_POINT('',(3.569939117253,6.197182903883));
#9438 = CARTESIAN_POINT('',(3.551288077918,6.609836887106));
#9439 = CARTESIAN_POINT('',(3.532341390831,7.010524551553));
#9440 = CARTESIAN_POINT('',(3.513092634503,7.398473705077));
#9441 = CARTESIAN_POINT('',(3.493535266211,7.772868608285));
#9442 = CARTESIAN_POINT('',(3.473663066859,8.132841534853));
#9443 = CARTESIAN_POINT('',(3.453468397948,8.477501190586));
#9444 = CARTESIAN_POINT('',(3.432949270472,8.805812481583));
#9445 = CARTESIAN_POINT('',(3.412113000107,9.116579054798));
#9446 = CARTESIAN_POINT('',(3.390965028572,9.408644856491));
#9447 = CARTESIAN_POINT('',(3.369509827803,9.680867407785));
#9448 = CARTESIAN_POINT('',(3.347755433563,9.932074067406));
#9449 = CARTESIAN_POINT('',(3.325694377997,10.161261837492));
#9450 = CARTESIAN_POINT('',(3.303341755258,10.367169373029));
#9451 = CARTESIAN_POINT('',(3.280736997068,10.548423538331));
#9452 = CARTESIAN_POINT('',(3.257911994178,10.703882962717));
#9453 = CARTESIAN_POINT('',(3.234899574582,10.832546859487));
#9454 = CARTESIAN_POINT('',(3.211731697572,10.933579031084));
#9455 = CARTESIAN_POINT('',(3.188438931799,11.006301122269));
#9456 = CARTESIAN_POINT('',(3.1650551018,11.050194214513));
#9457 = CARTESIAN_POINT('',(3.141599992788,11.064898326918));
#9458 = CARTESIAN_POINT('',(3.118144665477,11.050212469278));
#9459 = CARTESIAN_POINT('',(3.09476035013,11.006336291709));
#9460 = CARTESIAN_POINT('',(3.071466890621,10.933629030497));
#9461 = CARTESIAN_POINT('',(3.048298199811,10.832609230714));
#9462 = CARTESIAN_POINT('',(3.025284929068,10.703955329032));
#9463 = CARTESIAN_POINT('',(3.002459117766,10.54850395615));
#9464 = CARTESIAN_POINT('',(2.979853697132,10.367257021556));
#9465 = CARTESIAN_POINT('',(2.957500580613,10.161356470337));
#9466 = CARTESIAN_POINT('',(2.935439533404,9.932180090459));
#9467 = CARTESIAN_POINT('',(2.913684588361,9.680978002752));
#9468 = CARTESIAN_POINT('',(2.892228916116,9.408759461692));
#9469 = CARTESIAN_POINT('',(2.871080408562,9.116695607087));
#9470 = CARTESIAN_POINT('',(2.850243604791,8.805929647033));
#9471 = CARTESIAN_POINT('',(2.82972395436,8.477617840875));
#9472 = CARTESIAN_POINT('',(2.809528810056,8.13295725468));
#9473 = CARTESIAN_POINT('',(2.789656145276,7.772982475384));
#9474 = CARTESIAN_POINT('',(2.770098323495,7.398584881423));
#9475 = CARTESIAN_POINT('',(2.750849127038,7.010632296484));
#9476 = CARTESIAN_POINT('',(2.731902014765,6.609940559112));
#9477 = CARTESIAN_POINT('',(2.713250566855,6.197281968359));
#9478 = CARTESIAN_POINT('',(2.694888354274,5.773384042996));
#9479 = CARTESIAN_POINT('',(2.676808936063,5.338930027589));
#9480 = CARTESIAN_POINT('',(2.659005933685,4.894561974714));
#9481 = CARTESIAN_POINT('',(2.641472681596,4.440871652876));
#9482 = CARTESIAN_POINT('',(2.624203507491,3.978437452667));
#9483 = CARTESIAN_POINT('',(2.607186352227,3.507619293538));
#9484 = CARTESIAN_POINT('',(2.590414838261,3.02888063163));
#9485 = CARTESIAN_POINT('',(2.573882321686,2.542640356194));
#9486 = CARTESIAN_POINT('',(2.557582239373,2.04928041843));
#9487 = CARTESIAN_POINT('',(2.541508011843,1.549144722515));
#9488 = CARTESIAN_POINT('',(2.525653067336,1.042538918309));
#9489 = CARTESIAN_POINT('',(2.510010834387,0.529735325146));
#9490 = CARTESIAN_POINT('',(2.499720109799,0.183882728139));
#9491 = CARTESIAN_POINT('',(2.49460801065,1.000000000005E-02));
#9492 = ( GEOMETRIC_REPRESENTATION_CONTEXT(2) 
PARAMETRIC_REPRESENTATION_CONTEXT() REPRESENTATION_CONTEXT('2D SPACE',''
  ) );
#9493 = ORIENTED_EDGE('',*,*,#8914,.F.);
#9494 = ORIENTED_EDGE('',*,*,#8983,.T.);
#9495 = ADVANCED_FACE('',(#9496),#9416,.F.);
#9496 = FACE_BOUND('',#9497,.F.);
#9497 = EDGE_LOOP('',(#9498,#9499));
#9498 = ORIENTED_EDGE('',*,*,#9297,.T.);
#9499 = ORIENTED_EDGE('',*,*,#9500,.T.);
#9500 = EDGE_CURVE('',#8915,#7566,#9501,.T.);
#9501 = SURFACE_CURVE('',#9502,(#9507,#9514),.PCURVE_S1.);
#9502 = CIRCLE('',#9503,49.);
#9503 = AXIS2_PLACEMENT_3D('',#9504,#9505,#9506);
#9504 = CARTESIAN_POINT('',(0.,0.,161.95));
#9505 = DIRECTION('',(0.,0.,1.));
#9506 = DIRECTION('',(1.,0.,-0.));
#9507 = PCURVE('',#9416,#9508);
#9508 = DEFINITIONAL_REPRESENTATION('',(#9509),#9513);
#9509 = LINE('',#9510,#9511);
#9510 = CARTESIAN_POINT('',(0.,9.999999999991E-03));
#9511 = VECTOR('',#9512,1.);
#9512 = DIRECTION('',(1.,0.));
#9513 = ( GEOMETRIC_REPRESENTATION_CONTEXT(2) 
PARAMETRIC_REPRESENTATION_CONTEXT() REPRESENTATION_CONTEXT('2D SPACE',''
  ) );
#9514 = PCURVE('',#6539,#9515);
#9515 = DEFINITIONAL_REPRESENTATION('',(#9516),#9520);
#9516 = CIRCLE('',#9517,49.);
#9517 = AXIS2_PLACEMENT_2D('',#9518,#9519);
#9518 = CARTESIAN_POINT('',(0.,0.));
#9519 = DIRECTION('',(1.,0.));
#9520 = ( GEOMETRIC_REPRESENTATION_CONTEXT(2) 
PARAMETRIC_REPRESENTATION_CONTEXT() REPRESENTATION_CONTEXT('2D SPACE',''
  ) );
#9521 = ADVANCED_FACE('',(#9522,#9548,#9579,#9582,#9613),#9282,.T.);
#9522 = FACE_BOUND('',#9523,.T.);
#9523 = EDGE_LOOP('',(#9524));
#9524 = ORIENTED_EDGE('',*,*,#9525,.T.);
#9525 = EDGE_CURVE('',#9526,#9526,#9528,.T.);
#9526 = VERTEX_POINT('',#9527);
#9527 = CARTESIAN_POINT('',(74.,0.,178.));
#9528 = SURFACE_CURVE('',#9529,(#9534,#9541),.PCURVE_S1.);
#9529 = CIRCLE('',#9530,74.);
#9530 = AXIS2_PLACEMENT_3D('',#9531,#9532,#9533);
#9531 = CARTESIAN_POINT('',(0.,0.,178.));
#9532 = DIRECTION('',(0.,0.,1.));
#9533 = DIRECTION('',(1.,0.,-0.));
#9534 = PCURVE('',#9282,#9535);
#9535 = DEFINITIONAL_REPRESENTATION('',(#9536),#9540);
#9536 = CIRCLE('',#9537,74.);
#9537 = AXIS2_PLACEMENT_2D('',#9538,#9539);
#9538 = CARTESIAN_POINT('',(0.,0.));
#9539 = DIRECTION('',(1.,0.));
#9540 = ( GEOMETRIC_REPRESENTATION_CONTEXT(2) 
PARAMETRIC_REPRESENTATION_CONTEXT() REPRESENTATION_CONTEXT('2D SPACE',''
  ) );
#9541 = PCURVE('',#723,#9542);
#9542 = DEFINITIONAL_REPRESENTATION('',(#9543),#9547);
#9543 = LINE('',#9544,#9545);
#9544 = CARTESIAN_POINT('',(0.,55.));
#9545 = VECTOR('',#9546,1.);
#9546 = DIRECTION('',(1.,0.));
#9547 = ( GEOMETRIC_REPRESENTATION_CONTEXT(2) 
PARAMETRIC_REPRESENTATION_CONTEXT() REPRESENTATION_CONTEXT('2D SPACE',''
  ) );
#9548 = FACE_BOUND('',#9549,.T.);
#9549 = EDGE_LOOP('',(#9550));
#9550 = ORIENTED_EDGE('',*,*,#9551,.F.);
#9551 = EDGE_CURVE('',#9552,#9552,#9554,.T.);
#9552 = VERTEX_POINT('',#9553);
#9553 = CARTESIAN_POINT('',(-28.5,-54.55960043842,178.));
#9554 = SURFACE_CURVE('',#9555,(#9560,#9567),.PCURVE_S1.);
#9555 = CIRCLE('',#9556,3.);
#9556 = AXIS2_PLACEMENT_3D('',#9557,#9558,#9559);
#9557 = CARTESIAN_POINT('',(-31.5,-54.55960043842,178.));
#9558 = DIRECTION('',(0.,0.,1.));
#9559 = DIRECTION('',(1.,0.,-0.));
#9560 = PCURVE('',#9282,#9561);
#9561 = DEFINITIONAL_REPRESENTATION('',(#9562),#9566);
#9562 = CIRCLE('',#9563,3.);
#9563 = AXIS2_PLACEMENT_2D('',#9564,#9565);
#9564 = CARTESIAN_POINT('',(-31.5,-54.55960043842));
#9565 = DIRECTION('',(1.,0.));
#9566 = ( GEOMETRIC_REPRESENTATION_CONTEXT(2) 
PARAMETRIC_REPRESENTATION_CONTEXT() REPRESENTATION_CONTEXT('2D SPACE',''
  ) );
#9567 = PCURVE('',#9568,#9573);
#9568 = CYLINDRICAL_SURFACE('',#9569,3.);
#9569 = AXIS2_PLACEMENT_3D('',#9570,#9571,#9572);
#9570 = CARTESIAN_POINT('',(-31.5,-54.55960043842,164.));
#9571 = DIRECTION('',(0.,0.,1.));
#9572 = DIRECTION('',(1.,0.,-0.));
#9573 = DEFINITIONAL_REPRESENTATION('',(#9574),#9578);
#9574 = LINE('',#9575,#9576);
#9575 = CARTESIAN_POINT('',(0.,14.));
#9576 = VECTOR('',#9577,1.);
#9577 = DIRECTION('',(1.,0.));
#9578 = ( GEOMETRIC_REPRESENTATION_CONTEXT(2) 
PARAMETRIC_REPRESENTATION_CONTEXT() REPRESENTATION_CONTEXT('2D SPACE',''
  ) );
#9579 = FACE_BOUND('',#9580,.T.);
#9580 = EDGE_LOOP('',(#9581));
#9581 = ORIENTED_EDGE('',*,*,#9267,.F.);
#9582 = FACE_BOUND('',#9583,.T.);
#9583 = EDGE_LOOP('',(#9584));
#9584 = ORIENTED_EDGE('',*,*,#9585,.F.);
#9585 = EDGE_CURVE('',#9586,#9586,#9588,.T.);
#9586 = VERTEX_POINT('',#9587);
#9587 = CARTESIAN_POINT('',(66.,-7.347880794884E-16,178.));
#9588 = SURFACE_CURVE('',#9589,(#9594,#9601),.PCURVE_S1.);
#9589 = CIRCLE('',#9590,3.);
#9590 = AXIS2_PLACEMENT_3D('',#9591,#9592,#9593);
#9591 = CARTESIAN_POINT('',(63.,0.,178.));
#9592 = DIRECTION('',(0.,0.,1.));
#9593 = DIRECTION('',(1.,0.,-0.));
#9594 = PCURVE('',#9282,#9595);
#9595 = DEFINITIONAL_REPRESENTATION('',(#9596),#9600);
#9596 = CIRCLE('',#9597,3.);
#9597 = AXIS2_PLACEMENT_2D('',#9598,#9599);
#9598 = CARTESIAN_POINT('',(63.,0.));
#9599 = DIRECTION('',(1.,0.));
#9600 = ( GEOMETRIC_REPRESENTATION_CONTEXT(2) 
PARAMETRIC_REPRESENTATION_CONTEXT() REPRESENTATION_CONTEXT('2D SPACE',''
  ) );
#9601 = PCURVE('',#9602,#9607);
#9602 = CYLINDRICAL_SURFACE('',#9603,3.);
#9603 = AXIS2_PLACEMENT_3D('',#9604,#9605,#9606);
#9604 = CARTESIAN_POINT('',(63.,0.,164.));
#9605 = DIRECTION('',(0.,0.,1.));
#9606 = DIRECTION('',(1.,0.,-0.));
#9607 = DEFINITIONAL_REPRESENTATION('',(#9608),#9612);
#9608 = LINE('',#9609,#9610);
#9609 = CARTESIAN_POINT('',(0.,14.));
#9610 = VECTOR('',#9611,1.);
#9611 = DIRECTION('',(1.,0.));
#9612 = ( GEOMETRIC_REPRESENTATION_CONTEXT(2) 
PARAMETRIC_REPRESENTATION_CONTEXT() REPRESENTATION_CONTEXT('2D SPACE',''
  ) );
#9613 = FACE_BOUND('',#9614,.T.);
#9614 = EDGE_LOOP('',(#9615));
#9615 = ORIENTED_EDGE('',*,*,#9616,.F.);
#9616 = EDGE_CURVE('',#9617,#9617,#9619,.T.);
#9617 = VERTEX_POINT('',#9618);
#9618 = CARTESIAN_POINT('',(-28.5,54.55960043842,178.));
#9619 = SURFACE_CURVE('',#9620,(#9625,#9632),.PCURVE_S1.);
#9620 = CIRCLE('',#9621,3.);
#9621 = AXIS2_PLACEMENT_3D('',#9622,#9623,#9624);
#9622 = CARTESIAN_POINT('',(-31.5,54.55960043842,178.));
#9623 = DIRECTION('',(0.,0.,1.));
#9624 = DIRECTION('',(1.,0.,-0.));
#9625 = PCURVE('',#9282,#9626);
#9626 = DEFINITIONAL_REPRESENTATION('',(#9627),#9631);
#9627 = CIRCLE('',#9628,3.);
#9628 = AXIS2_PLACEMENT_2D('',#9629,#9630);
#9629 = CARTESIAN_POINT('',(-31.5,54.55960043842));
#9630 = DIRECTION('',(1.,0.));
#9631 = ( GEOMETRIC_REPRESENTATION_CONTEXT(2) 
PARAMETRIC_REPRESENTATION_CONTEXT() REPRESENTATION_CONTEXT('2D SPACE',''
  ) );
#9632 = PCURVE('',#9633,#9638);
#9633 = CYLINDRICAL_SURFACE('',#9634,3.);
#9634 = AXIS2_PLACEMENT_3D('',#9635,#9636,#9637);
#9635 = CARTESIAN_POINT('',(-31.5,54.55960043842,164.));
#9636 = DIRECTION('',(0.,0.,1.));
#9637 = DIRECTION('',(1.,0.,-0.));
#9638 = DEFINITIONAL_REPRESENTATION('',(#9639),#9643);
#9639 = LINE('',#9640,#9641);
#9640 = CARTESIAN_POINT('',(0.,14.));
#9641 = VECTOR('',#9642,1.);
#9642 = DIRECTION('',(1.,0.));
#9643 = ( GEOMETRIC_REPRESENTATION_CONTEXT(2) 
PARAMETRIC_REPRESENTATION_CONTEXT() REPRESENTATION_CONTEXT('2D SPACE',''
  ) );
#9644 = ADVANCED_FACE('',(#9645),#9633,.F.);
#9645 = FACE_BOUND('',#9646,.F.);
#9646 = EDGE_LOOP('',(#9647,#9648,#9671,#9698));
#9647 = ORIENTED_EDGE('',*,*,#9616,.F.);
#9648 = ORIENTED_EDGE('',*,*,#9649,.F.);
#9649 = EDGE_CURVE('',#9650,#9617,#9652,.T.);
#9650 = VERTEX_POINT('',#9651);
#9651 = CARTESIAN_POINT('',(-28.5,54.55960043842,164.));
#9652 = SEAM_CURVE('',#9653,(#9657,#9664),.PCURVE_S1.);
#9653 = LINE('',#9654,#9655);
#9654 = CARTESIAN_POINT('',(-28.5,54.55960043842,164.));
#9655 = VECTOR('',#9656,1.);
#9656 = DIRECTION('',(0.,0.,1.));
#9657 = PCURVE('',#9633,#9658);
#9658 = DEFINITIONAL_REPRESENTATION('',(#9659),#9663);
#9659 = LINE('',#9660,#9661);
#9660 = CARTESIAN_POINT('',(6.28318530718,-0.));
#9661 = VECTOR('',#9662,1.);
#9662 = DIRECTION('',(0.,1.));
#9663 = ( GEOMETRIC_REPRESENTATION_CONTEXT(2) 
PARAMETRIC_REPRESENTATION_CONTEXT() REPRESENTATION_CONTEXT('2D SPACE',''
  ) );
#9664 = PCURVE('',#9633,#9665);
#9665 = DEFINITIONAL_REPRESENTATION('',(#9666),#9670);
#9666 = LINE('',#9667,#9668);
#9667 = CARTESIAN_POINT('',(0.,-0.));
#9668 = VECTOR('',#9669,1.);
#9669 = DIRECTION('',(0.,1.));
#9670 = ( GEOMETRIC_REPRESENTATION_CONTEXT(2) 
PARAMETRIC_REPRESENTATION_CONTEXT() REPRESENTATION_CONTEXT('2D SPACE',''
  ) );
#9671 = ORIENTED_EDGE('',*,*,#9672,.T.);
#9672 = EDGE_CURVE('',#9650,#9650,#9673,.T.);
#9673 = SURFACE_CURVE('',#9674,(#9679,#9686),.PCURVE_S1.);
#9674 = CIRCLE('',#9675,3.);
#9675 = AXIS2_PLACEMENT_3D('',#9676,#9677,#9678);
#9676 = CARTESIAN_POINT('',(-31.5,54.55960043842,164.));
#9677 = DIRECTION('',(0.,0.,1.));
#9678 = DIRECTION('',(1.,0.,-0.));
#9679 = PCURVE('',#9633,#9680);
#9680 = DEFINITIONAL_REPRESENTATION('',(#9681),#9685);
#9681 = LINE('',#9682,#9683);
#9682 = CARTESIAN_POINT('',(0.,0.));
#9683 = VECTOR('',#9684,1.);
#9684 = DIRECTION('',(1.,0.));
#9685 = ( GEOMETRIC_REPRESENTATION_CONTEXT(2) 
PARAMETRIC_REPRESENTATION_CONTEXT() REPRESENTATION_CONTEXT('2D SPACE',''
  ) );
#9686 = PCURVE('',#9687,#9692);
#9687 = PLANE('',#9688);
#9688 = AXIS2_PLACEMENT_3D('',#9689,#9690,#9691);
#9689 = CARTESIAN_POINT('',(-31.5,54.55960043842,164.));
#9690 = DIRECTION('',(0.,0.,1.));
#9691 = DIRECTION('',(1.,0.,-0.));
#9692 = DEFINITIONAL_REPRESENTATION('',(#9693),#9697);
#9693 = CIRCLE('',#9694,3.);
#9694 = AXIS2_PLACEMENT_2D('',#9695,#9696);
#9695 = CARTESIAN_POINT('',(0.,0.));
#9696 = DIRECTION('',(1.,0.));
#9697 = ( GEOMETRIC_REPRESENTATION_CONTEXT(2) 
PARAMETRIC_REPRESENTATION_CONTEXT() REPRESENTATION_CONTEXT('2D SPACE',''
  ) );
#9698 = ORIENTED_EDGE('',*,*,#9649,.T.);
#9699 = ADVANCED_FACE('',(#9700),#9687,.T.);
#9700 = FACE_BOUND('',#9701,.F.);
#9701 = EDGE_LOOP('',(#9702));
#9702 = ORIENTED_EDGE('',*,*,#9672,.F.);
#9703 = ADVANCED_FACE('',(#9704),#9602,.F.);
#9704 = FACE_BOUND('',#9705,.F.);
#9705 = EDGE_LOOP('',(#9706,#9707,#9730,#9757));
#9706 = ORIENTED_EDGE('',*,*,#9585,.F.);
#9707 = ORIENTED_EDGE('',*,*,#9708,.F.);
#9708 = EDGE_CURVE('',#9709,#9586,#9711,.T.);
#9709 = VERTEX_POINT('',#9710);
#9710 = CARTESIAN_POINT('',(66.,-7.347880794884E-16,164.));
#9711 = SEAM_CURVE('',#9712,(#9716,#9723),.PCURVE_S1.);
#9712 = LINE('',#9713,#9714);
#9713 = CARTESIAN_POINT('',(66.,-7.347880794884E-16,164.));
#9714 = VECTOR('',#9715,1.);
#9715 = DIRECTION('',(0.,0.,1.));
#9716 = PCURVE('',#9602,#9717);
#9717 = DEFINITIONAL_REPRESENTATION('',(#9718),#9722);
#9718 = LINE('',#9719,#9720);
#9719 = CARTESIAN_POINT('',(6.28318530718,-0.));
#9720 = VECTOR('',#9721,1.);
#9721 = DIRECTION('',(0.,1.));
#9722 = ( GEOMETRIC_REPRESENTATION_CONTEXT(2) 
PARAMETRIC_REPRESENTATION_CONTEXT() REPRESENTATION_CONTEXT('2D SPACE',''
  ) );
#9723 = PCURVE('',#9602,#9724);
#9724 = DEFINITIONAL_REPRESENTATION('',(#9725),#9729);
#9725 = LINE('',#9726,#9727);
#9726 = CARTESIAN_POINT('',(0.,-0.));
#9727 = VECTOR('',#9728,1.);
#9728 = DIRECTION('',(0.,1.));
#9729 = ( GEOMETRIC_REPRESENTATION_CONTEXT(2) 
PARAMETRIC_REPRESENTATION_CONTEXT() REPRESENTATION_CONTEXT('2D SPACE',''
  ) );
#9730 = ORIENTED_EDGE('',*,*,#9731,.T.);
#9731 = EDGE_CURVE('',#9709,#9709,#9732,.T.);
#9732 = SURFACE_CURVE('',#9733,(#9738,#9745),.PCURVE_S1.);
#9733 = CIRCLE('',#9734,3.);
#9734 = AXIS2_PLACEMENT_3D('',#9735,#9736,#9737);
#9735 = CARTESIAN_POINT('',(63.,0.,164.));
#9736 = DIRECTION('',(0.,0.,1.));
#9737 = DIRECTION('',(1.,0.,-0.));
#9738 = PCURVE('',#9602,#9739);
#9739 = DEFINITIONAL_REPRESENTATION('',(#9740),#9744);
#9740 = LINE('',#9741,#9742);
#9741 = CARTESIAN_POINT('',(0.,0.));
#9742 = VECTOR('',#9743,1.);
#9743 = DIRECTION('',(1.,0.));
#9744 = ( GEOMETRIC_REPRESENTATION_CONTEXT(2) 
PARAMETRIC_REPRESENTATION_CONTEXT() REPRESENTATION_CONTEXT('2D SPACE',''
  ) );
#9745 = PCURVE('',#9746,#9751);
#9746 = PLANE('',#9747);
#9747 = AXIS2_PLACEMENT_3D('',#9748,#9749,#9750);
#9748 = CARTESIAN_POINT('',(63.,0.,164.));
#9749 = DIRECTION('',(0.,0.,1.));
#9750 = DIRECTION('',(1.,0.,-0.));
#9751 = DEFINITIONAL_REPRESENTATION('',(#9752),#9756);
#9752 = CIRCLE('',#9753,3.);
#9753 = AXIS2_PLACEMENT_2D('',#9754,#9755);
#9754 = CARTESIAN_POINT('',(0.,0.));
#9755 = DIRECTION('',(1.,0.));
#9756 = ( GEOMETRIC_REPRESENTATION_CONTEXT(2) 
PARAMETRIC_REPRESENTATION_CONTEXT() REPRESENTATION_CONTEXT('2D SPACE',''
  ) );
#9757 = ORIENTED_EDGE('',*,*,#9708,.T.);
#9758 = ADVANCED_FACE('',(#9759),#9746,.T.);
#9759 = FACE_BOUND('',#9760,.F.);
#9760 = EDGE_LOOP('',(#9761));
#9761 = ORIENTED_EDGE('',*,*,#9731,.F.);
#9762 = ADVANCED_FACE('',(#9763),#9568,.F.);
#9763 = FACE_BOUND('',#9764,.F.);
#9764 = EDGE_LOOP('',(#9765,#9766,#9789,#9816));
#9765 = ORIENTED_EDGE('',*,*,#9551,.F.);
#9766 = ORIENTED_EDGE('',*,*,#9767,.F.);
#9767 = EDGE_CURVE('',#9768,#9552,#9770,.T.);
#9768 = VERTEX_POINT('',#9769);
#9769 = CARTESIAN_POINT('',(-28.5,-54.55960043842,164.));
#9770 = SEAM_CURVE('',#9771,(#9775,#9782),.PCURVE_S1.);
#9771 = LINE('',#9772,#9773);
#9772 = CARTESIAN_POINT('',(-28.5,-54.55960043842,164.));
#9773 = VECTOR('',#9774,1.);
#9774 = DIRECTION('',(0.,0.,1.));
#9775 = PCURVE('',#9568,#9776);
#9776 = DEFINITIONAL_REPRESENTATION('',(#9777),#9781);
#9777 = LINE('',#9778,#9779);
#9778 = CARTESIAN_POINT('',(6.28318530718,-0.));
#9779 = VECTOR('',#9780,1.);
#9780 = DIRECTION('',(0.,1.));
#9781 = ( GEOMETRIC_REPRESENTATION_CONTEXT(2) 
PARAMETRIC_REPRESENTATION_CONTEXT() REPRESENTATION_CONTEXT('2D SPACE',''
  ) );
#9782 = PCURVE('',#9568,#9783);
#9783 = DEFINITIONAL_REPRESENTATION('',(#9784),#9788);
#9784 = LINE('',#9785,#9786);
#9785 = CARTESIAN_POINT('',(0.,-0.));
#9786 = VECTOR('',#9787,1.);
#9787 = DIRECTION('',(0.,1.));
#9788 = ( GEOMETRIC_REPRESENTATION_CONTEXT(2) 
PARAMETRIC_REPRESENTATION_CONTEXT() REPRESENTATION_CONTEXT('2D SPACE',''
  ) );
#9789 = ORIENTED_EDGE('',*,*,#9790,.T.);
#9790 = EDGE_CURVE('',#9768,#9768,#9791,.T.);
#9791 = SURFACE_CURVE('',#9792,(#9797,#9804),.PCURVE_S1.);
#9792 = CIRCLE('',#9793,3.);
#9793 = AXIS2_PLACEMENT_3D('',#9794,#9795,#9796);
#9794 = CARTESIAN_POINT('',(-31.5,-54.55960043842,164.));
#9795 = DIRECTION('',(0.,0.,1.));
#9796 = DIRECTION('',(1.,0.,-0.));
#9797 = PCURVE('',#9568,#9798);
#9798 = DEFINITIONAL_REPRESENTATION('',(#9799),#9803);
#9799 = LINE('',#9800,#9801);
#9800 = CARTESIAN_POINT('',(0.,0.));
#9801 = VECTOR('',#9802,1.);
#9802 = DIRECTION('',(1.,0.));
#9803 = ( GEOMETRIC_REPRESENTATION_CONTEXT(2) 
PARAMETRIC_REPRESENTATION_CONTEXT() REPRESENTATION_CONTEXT('2D SPACE',''
  ) );
#9804 = PCURVE('',#9805,#9810);
#9805 = PLANE('',#9806);
#9806 = AXIS2_PLACEMENT_3D('',#9807,#9808,#9809);
#9807 = CARTESIAN_POINT('',(-31.5,-54.55960043842,164.));
#9808 = DIRECTION('',(0.,0.,1.));
#9809 = DIRECTION('',(1.,0.,-0.));
#9810 = DEFINITIONAL_REPRESENTATION('',(#9811),#9815);
#9811 = CIRCLE('',#9812,3.);
#9812 = AXIS2_PLACEMENT_2D('',#9813,#9814);
#9813 = CARTESIAN_POINT('',(0.,0.));
#9814 = DIRECTION('',(1.,0.));
#9815 = ( GEOMETRIC_REPRESENTATION_CONTEXT(2) 
PARAMETRIC_REPRESENTATION_CONTEXT() REPRESENTATION_CONTEXT('2D SPACE',''
  ) );
#9816 = ORIENTED_EDGE('',*,*,#9767,.T.);
#9817 = ADVANCED_FACE('',(#9818),#9805,.T.);
#9818 = FACE_BOUND('',#9819,.F.);
#9819 = EDGE_LOOP('',(#9820));
#9820 = ORIENTED_EDGE('',*,*,#9790,.F.);
#9821 = ADVANCED_FACE('',(#9822),#7318,.F.);
#9822 = FACE_BOUND('',#9823,.F.);
#9823 = EDGE_LOOP('',(#9824,#9825,#9847,#9848,#9849,#9850));
#9824 = ORIENTED_EDGE('',*,*,#7214,.T.);
#9825 = ORIENTED_EDGE('',*,*,#9826,.T.);
#9826 = EDGE_CURVE('',#7215,#8000,#9827,.T.);
#9827 = SURFACE_CURVE('',#9828,(#9833,#9840),.PCURVE_S1.);
#9828 = CIRCLE('',#9829,52.2);
#9829 = AXIS2_PLACEMENT_3D('',#9830,#9831,#9832);
#9830 = CARTESIAN_POINT('',(0.,0.,113.051));
#9831 = DIRECTION('',(0.,0.,1.));
#9832 = DIRECTION('',(1.,0.,-0.));
#9833 = PCURVE('',#7318,#9834);
#9834 = DEFINITIONAL_REPRESENTATION('',(#9835),#9839);
#9835 = LINE('',#9836,#9837);
#9836 = CARTESIAN_POINT('',(0.,1.000000000005E-03));
#9837 = VECTOR('',#9838,1.);
#9838 = DIRECTION('',(1.,0.));
#9839 = ( GEOMETRIC_REPRESENTATION_CONTEXT(2) 
PARAMETRIC_REPRESENTATION_CONTEXT() REPRESENTATION_CONTEXT('2D SPACE',''
  ) );
#9840 = PCURVE('',#4016,#9841);
#9841 = DEFINITIONAL_REPRESENTATION('',(#9842),#9846);
#9842 = CIRCLE('',#9843,52.2);
#9843 = AXIS2_PLACEMENT_2D('',#9844,#9845);
#9844 = CARTESIAN_POINT('',(0.,0.));
#9845 = DIRECTION('',(1.,0.));
#9846 = ( GEOMETRIC_REPRESENTATION_CONTEXT(2) 
PARAMETRIC_REPRESENTATION_CONTEXT() REPRESENTATION_CONTEXT('2D SPACE',''
  ) );
#9847 = ORIENTED_EDGE('',*,*,#7999,.T.);
#9848 = ORIENTED_EDGE('',*,*,#8375,.F.);
#9849 = ORIENTED_EDGE('',*,*,#7786,.T.);
#9850 = ORIENTED_EDGE('',*,*,#7646,.F.);
#9851 = ADVANCED_FACE('',(#9852),#6778,.F.);
#9852 = FACE_BOUND('',#9853,.T.);
#9853 = EDGE_LOOP('',(#9854,#9880,#9881,#9882));
#9854 = ORIENTED_EDGE('',*,*,#9855,.T.);
#9855 = EDGE_CURVE('',#6552,#8023,#9856,.T.);
#9856 = SURFACE_CURVE('',#9857,(#9862,#9869),.PCURVE_S1.);
#9857 = CIRCLE('',#9858,52.2);
#9858 = AXIS2_PLACEMENT_3D('',#9859,#9860,#9861);
#9859 = CARTESIAN_POINT('',(0.,0.,113.051));
#9860 = DIRECTION('',(0.,0.,-1.));
#9861 = DIRECTION('',(1.,0.,0.));
#9862 = PCURVE('',#6778,#9863);
#9863 = DEFINITIONAL_REPRESENTATION('',(#9864),#9868);
#9864 = LINE('',#9865,#9866);
#9865 = CARTESIAN_POINT('',(-6.28318530718,48.899));
#9866 = VECTOR('',#9867,1.);
#9867 = DIRECTION('',(1.,-0.));
#9868 = ( GEOMETRIC_REPRESENTATION_CONTEXT(2) 
PARAMETRIC_REPRESENTATION_CONTEXT() REPRESENTATION_CONTEXT('2D SPACE',''
  ) );
#9869 = PCURVE('',#4016,#9870);
#9870 = DEFINITIONAL_REPRESENTATION('',(#9871),#9879);
#9871 = ( BOUNDED_CURVE() B_SPLINE_CURVE(2,(#9872,#9873,#9874,#9875,
#9876,#9877,#9878),.UNSPECIFIED.,.T.,.F.) B_SPLINE_CURVE_WITH_KNOTS((1,2
    ,2,2,2,1),(-2.094395102393,0.,2.094395102393,4.188790204786,
6.28318530718,8.377580409573),.UNSPECIFIED.) CURVE() 
GEOMETRIC_REPRESENTATION_ITEM() RATIONAL_B_SPLINE_CURVE((1.,0.5,1.,0.5,
1.,0.5,1.)) REPRESENTATION_ITEM('') );
#9872 = CARTESIAN_POINT('',(52.2,0.));
#9873 = CARTESIAN_POINT('',(52.2,-90.41305215509));
#9874 = CARTESIAN_POINT('',(-26.1,-45.20652607754));
#9875 = CARTESIAN_POINT('',(-104.4,-1.27853125831E-14));
#9876 = CARTESIAN_POINT('',(-26.1,45.206526077548));
#9877 = CARTESIAN_POINT('',(52.2,90.413052155095));
#9878 = CARTESIAN_POINT('',(52.2,0.));
#9879 = ( GEOMETRIC_REPRESENTATION_CONTEXT(2) 
PARAMETRIC_REPRESENTATION_CONTEXT() REPRESENTATION_CONTEXT('2D SPACE',''
  ) );
#9880 = ORIENTED_EDGE('',*,*,#8046,.T.);
#9881 = ORIENTED_EDGE('',*,*,#8958,.T.);
#9882 = ORIENTED_EDGE('',*,*,#6551,.F.);
#9883 = ADVANCED_FACE('',(#9884),#6539,.F.);
#9884 = FACE_BOUND('',#9885,.F.);
#9885 = EDGE_LOOP('',(#9886,#9887,#9888,#9889));
#9886 = ORIENTED_EDGE('',*,*,#7622,.T.);
#9887 = ORIENTED_EDGE('',*,*,#9500,.F.);
#9888 = ORIENTED_EDGE('',*,*,#8938,.F.);
#9889 = ORIENTED_EDGE('',*,*,#6520,.T.);
#9890 = ADVANCED_FACE('',(#9891),#4231,.F.);
#9891 = FACE_BOUND('',#9892,.F.);
#9892 = EDGE_LOOP('',(#9893,#9914,#9915,#9916,#9917,#9918));
#9893 = ORIENTED_EDGE('',*,*,#9894,.T.);
#9894 = EDGE_CURVE('',#4976,#4122,#9895,.T.);
#9895 = SEAM_CURVE('',#9896,(#9900,#9907),.PCURVE_S1.);
#9896 = LINE('',#9897,#9898);
#9897 = CARTESIAN_POINT('',(-151.5,6.123233995737E-16,90.35));
#9898 = VECTOR('',#9899,1.);
#9899 = DIRECTION('',(1.,0.,0.));
#9900 = PCURVE('',#4231,#9901);
#9901 = DEFINITIONAL_REPRESENTATION('',(#9902),#9906);
#9902 = LINE('',#9903,#9904);
#9903 = CARTESIAN_POINT('',(6.28318530718,-0.));
#9904 = VECTOR('',#9905,1.);
#9905 = DIRECTION('',(0.,1.));
#9906 = ( GEOMETRIC_REPRESENTATION_CONTEXT(2) 
PARAMETRIC_REPRESENTATION_CONTEXT() REPRESENTATION_CONTEXT('2D SPACE',''
  ) );
#9907 = PCURVE('',#4231,#9908);
#9908 = DEFINITIONAL_REPRESENTATION('',(#9909),#9913);
#9909 = LINE('',#9910,#9911);
#9910 = CARTESIAN_POINT('',(0.,-0.));
#9911 = VECTOR('',#9912,1.);
#9912 = DIRECTION('',(0.,1.));
#9913 = ( GEOMETRIC_REPRESENTATION_CONTEXT(2) 
PARAMETRIC_REPRESENTATION_CONTEXT() REPRESENTATION_CONTEXT('2D SPACE',''
  ) );
#9914 = ORIENTED_EDGE('',*,*,#4121,.F.);
#9915 = ORIENTED_EDGE('',*,*,#9894,.F.);
#9916 = ORIENTED_EDGE('',*,*,#5184,.F.);
#9917 = ORIENTED_EDGE('',*,*,#5305,.T.);
#9918 = ORIENTED_EDGE('',*,*,#4998,.F.);
#9919 = ADVANCED_FACE('',(#9920),#3160,.F.);
#9920 = FACE_BOUND('',#9921,.T.);
#9921 = EDGE_LOOP('',(#9922,#9923,#9924,#9925,#9926,#9927,#9950,#9977));
#9922 = ORIENTED_EDGE('',*,*,#3004,.T.);
#9923 = ORIENTED_EDGE('',*,*,#3201,.T.);
#9924 = ORIENTED_EDGE('',*,*,#3225,.F.);
#9925 = ORIENTED_EDGE('',*,*,#3641,.T.);
#9926 = ORIENTED_EDGE('',*,*,#3665,.T.);
#9927 = ORIENTED_EDGE('',*,*,#9928,.T.);
#9928 = EDGE_CURVE('',#2982,#9929,#9931,.T.);
#9929 = VERTEX_POINT('',#9930);
#9930 = CARTESIAN_POINT('',(71.3,0.,80.75));
#9931 = SEAM_CURVE('',#9932,(#9936,#9943),.PCURVE_S1.);
#9932 = LINE('',#9933,#9934);
#9933 = CARTESIAN_POINT('',(71.3,0.,113.05));
#9934 = VECTOR('',#9935,1.);
#9935 = DIRECTION('',(0.,0.,-1.));
#9936 = PCURVE('',#3160,#9937);
#9937 = DEFINITIONAL_REPRESENTATION('',(#9938),#9942);
#9938 = LINE('',#9939,#9940);
#9939 = CARTESIAN_POINT('',(-0.,0.));
#9940 = VECTOR('',#9941,1.);
#9941 = DIRECTION('',(-0.,1.));
#9942 = ( GEOMETRIC_REPRESENTATION_CONTEXT(2) 
PARAMETRIC_REPRESENTATION_CONTEXT() REPRESENTATION_CONTEXT('2D SPACE',''
  ) );
#9943 = PCURVE('',#3160,#9944);
#9944 = DEFINITIONAL_REPRESENTATION('',(#9945),#9949);
#9945 = LINE('',#9946,#9947);
#9946 = CARTESIAN_POINT('',(-6.28318530718,0.));
#9947 = VECTOR('',#9948,1.);
#9948 = DIRECTION('',(-0.,1.));
#9949 = ( GEOMETRIC_REPRESENTATION_CONTEXT(2) 
PARAMETRIC_REPRESENTATION_CONTEXT() REPRESENTATION_CONTEXT('2D SPACE',''
  ) );
#9950 = ORIENTED_EDGE('',*,*,#9951,.F.);
#9951 = EDGE_CURVE('',#9929,#9929,#9952,.T.);
#9952 = SURFACE_CURVE('',#9953,(#9958,#9965),.PCURVE_S1.);
#9953 = CIRCLE('',#9954,71.3);
#9954 = AXIS2_PLACEMENT_3D('',#9955,#9956,#9957);
#9955 = CARTESIAN_POINT('',(0.,0.,80.75));
#9956 = DIRECTION('',(0.,0.,1.));
#9957 = DIRECTION('',(1.,0.,-0.));
#9958 = PCURVE('',#3160,#9959);
#9959 = DEFINITIONAL_REPRESENTATION('',(#9960),#9964);
#9960 = LINE('',#9961,#9962);
#9961 = CARTESIAN_POINT('',(-0.,32.3));
#9962 = VECTOR('',#9963,1.);
#9963 = DIRECTION('',(-1.,0.));
#9964 = ( GEOMETRIC_REPRESENTATION_CONTEXT(2) 
PARAMETRIC_REPRESENTATION_CONTEXT() REPRESENTATION_CONTEXT('2D SPACE',''
  ) );
#9965 = PCURVE('',#9966,#9971);
#9966 = CONICAL_SURFACE('',#9967,71.3,0.785398163397);
#9967 = AXIS2_PLACEMENT_3D('',#9968,#9969,#9970);
#9968 = CARTESIAN_POINT('',(0.,0.,80.75));
#9969 = DIRECTION('',(-0.,-0.,-1.));
#9970 = DIRECTION('',(1.,0.,0.));
#9971 = DEFINITIONAL_REPRESENTATION('',(#9972),#9976);
#9972 = LINE('',#9973,#9974);
#9973 = CARTESIAN_POINT('',(-0.,0.));
#9974 = VECTOR('',#9975,1.);
#9975 = DIRECTION('',(-1.,0.));
#9976 = ( GEOMETRIC_REPRESENTATION_CONTEXT(2) 
PARAMETRIC_REPRESENTATION_CONTEXT() REPRESENTATION_CONTEXT('2D SPACE',''
  ) );
#9977 = ORIENTED_EDGE('',*,*,#9928,.F.);
#9978 = ADVANCED_FACE('',(#9979),#9966,.F.);
#9979 = FACE_BOUND('',#9980,.T.);
#9980 = EDGE_LOOP('',(#9981,#9982,#10005,#10027));
#9981 = ORIENTED_EDGE('',*,*,#9951,.T.);
#9982 = ORIENTED_EDGE('',*,*,#9983,.T.);
#9983 = EDGE_CURVE('',#9929,#9984,#9986,.T.);
#9984 = VERTEX_POINT('',#9985);
#9985 = CARTESIAN_POINT('',(75.3,0.,76.75));
#9986 = SEAM_CURVE('',#9987,(#9991,#9998),.PCURVE_S1.);
#9987 = LINE('',#9988,#9989);
#9988 = CARTESIAN_POINT('',(71.3,0.,80.75));
#9989 = VECTOR('',#9990,1.);
#9990 = DIRECTION('',(0.707106781187,0.,-0.707106781187));
#9991 = PCURVE('',#9966,#9992);
#9992 = DEFINITIONAL_REPRESENTATION('',(#9993),#9997);
#9993 = LINE('',#9994,#9995);
#9994 = CARTESIAN_POINT('',(-0.,0.));
#9995 = VECTOR('',#9996,1.);
#9996 = DIRECTION('',(-0.,1.));
#9997 = ( GEOMETRIC_REPRESENTATION_CONTEXT(2) 
PARAMETRIC_REPRESENTATION_CONTEXT() REPRESENTATION_CONTEXT('2D SPACE',''
  ) );
#9998 = PCURVE('',#9966,#9999);
#9999 = DEFINITIONAL_REPRESENTATION('',(#10000),#10004);
#10000 = LINE('',#10001,#10002);
#10001 = CARTESIAN_POINT('',(-6.28318530718,0.));
#10002 = VECTOR('',#10003,1.);
#10003 = DIRECTION('',(-0.,1.));
#10004 = ( GEOMETRIC_REPRESENTATION_CONTEXT(2) 
PARAMETRIC_REPRESENTATION_CONTEXT() REPRESENTATION_CONTEXT('2D SPACE',''
  ) );
#10005 = ORIENTED_EDGE('',*,*,#10006,.F.);
#10006 = EDGE_CURVE('',#9984,#9984,#10007,.T.);
#10007 = SURFACE_CURVE('',#10008,(#10013,#10020),.PCURVE_S1.);
#10008 = CIRCLE('',#10009,75.3);
#10009 = AXIS2_PLACEMENT_3D('',#10010,#10011,#10012);
#10010 = CARTESIAN_POINT('',(0.,0.,76.75));
#10011 = DIRECTION('',(0.,0.,1.));
#10012 = DIRECTION('',(1.,0.,-0.));
#10013 = PCURVE('',#9966,#10014);
#10014 = DEFINITIONAL_REPRESENTATION('',(#10015),#10019);
#10015 = LINE('',#10016,#10017);
#10016 = CARTESIAN_POINT('',(-0.,4.));
#10017 = VECTOR('',#10018,1.);
#10018 = DIRECTION('',(-1.,0.));
#10019 = ( GEOMETRIC_REPRESENTATION_CONTEXT(2) 
PARAMETRIC_REPRESENTATION_CONTEXT() REPRESENTATION_CONTEXT('2D SPACE',''
  ) );
#10020 = PCURVE('',#43,#10021);
#10021 = DEFINITIONAL_REPRESENTATION('',(#10022),#10026);
#10022 = LINE('',#10023,#10024);
#10023 = CARTESIAN_POINT('',(-0.,0.));
#10024 = VECTOR('',#10025,1.);
#10025 = DIRECTION('',(-1.,0.));
#10026 = ( GEOMETRIC_REPRESENTATION_CONTEXT(2) 
PARAMETRIC_REPRESENTATION_CONTEXT() REPRESENTATION_CONTEXT('2D SPACE',''
  ) );
#10027 = ORIENTED_EDGE('',*,*,#9983,.F.);
#10028 = ADVANCED_FACE('',(#10029,#10032,#10039),#4016,.F.);
#10029 = FACE_BOUND('',#10030,.F.);
#10030 = EDGE_LOOP('',(#10031));
#10031 = ORIENTED_EDGE('',*,*,#4001,.T.);
#10032 = FACE_BOUND('',#10033,.F.);
#10033 = EDGE_LOOP('',(#10034,#10035,#10036,#10037,#10038));
#10034 = ORIENTED_EDGE('',*,*,#9826,.F.);
#10035 = ORIENTED_EDGE('',*,*,#7536,.T.);
#10036 = ORIENTED_EDGE('',*,*,#6834,.F.);
#10037 = ORIENTED_EDGE('',*,*,#9855,.T.);
#10038 = ORIENTED_EDGE('',*,*,#8022,.F.);
#10039 = FACE_BOUND('',#10040,.F.);
#10040 = EDGE_LOOP('',(#10041));
#10041 = ORIENTED_EDGE('',*,*,#10042,.F.);
#10042 = EDGE_CURVE('',#10043,#10043,#10045,.T.);
#10043 = VERTEX_POINT('',#10044);
#10044 = CARTESIAN_POINT('',(3.,62.,113.051));
#10045 = SURFACE_CURVE('',#10046,(#10051,#10058),.PCURVE_S1.);
#10046 = CIRCLE('',#10047,3.);
#10047 = AXIS2_PLACEMENT_3D('',#10048,#10049,#10050);
#10048 = CARTESIAN_POINT('',(0.,62.,113.051));
#10049 = DIRECTION('',(0.,0.,1.));
#10050 = DIRECTION('',(1.,0.,-0.));
#10051 = PCURVE('',#4016,#10052);
#10052 = DEFINITIONAL_REPRESENTATION('',(#10053),#10057);
#10053 = CIRCLE('',#10054,3.);
#10054 = AXIS2_PLACEMENT_2D('',#10055,#10056);
#10055 = CARTESIAN_POINT('',(0.,62.));
#10056 = DIRECTION('',(1.,0.));
#10057 = ( GEOMETRIC_REPRESENTATION_CONTEXT(2) 
PARAMETRIC_REPRESENTATION_CONTEXT() REPRESENTATION_CONTEXT('2D SPACE',''
  ) );
#10058 = PCURVE('',#10059,#10064);
#10059 = CYLINDRICAL_SURFACE('',#10060,3.);
#10060 = AXIS2_PLACEMENT_3D('',#10061,#10062,#10063);
#10061 = CARTESIAN_POINT('',(0.,62.,112.05));
#10062 = DIRECTION('',(0.,0.,1.));
#10063 = DIRECTION('',(1.,0.,-0.));
#10064 = DEFINITIONAL_REPRESENTATION('',(#10065),#10069);
#10065 = LINE('',#10066,#10067);
#10066 = CARTESIAN_POINT('',(0.,1.001));
#10067 = VECTOR('',#10068,1.);
#10068 = DIRECTION('',(1.,0.));
#10069 = ( GEOMETRIC_REPRESENTATION_CONTEXT(2) 
PARAMETRIC_REPRESENTATION_CONTEXT() REPRESENTATION_CONTEXT('2D SPACE',''
  ) );
#10070 = ADVANCED_FACE('',(#10071),#10059,.F.);
#10071 = FACE_BOUND('',#10072,.F.);
#10072 = EDGE_LOOP('',(#10073,#10096,#10123,#10124));
#10073 = ORIENTED_EDGE('',*,*,#10074,.T.);
#10074 = EDGE_CURVE('',#10043,#10075,#10077,.T.);
#10075 = VERTEX_POINT('',#10076);
#10076 = CARTESIAN_POINT('',(3.,62.,121.05));
#10077 = SEAM_CURVE('',#10078,(#10082,#10089),.PCURVE_S1.);
#10078 = LINE('',#10079,#10080);
#10079 = CARTESIAN_POINT('',(3.,62.,112.05));
#10080 = VECTOR('',#10081,1.);
#10081 = DIRECTION('',(0.,0.,1.));
#10082 = PCURVE('',#10059,#10083);
#10083 = DEFINITIONAL_REPRESENTATION('',(#10084),#10088);
#10084 = LINE('',#10085,#10086);
#10085 = CARTESIAN_POINT('',(6.28318530718,-0.));
#10086 = VECTOR('',#10087,1.);
#10087 = DIRECTION('',(0.,1.));
#10088 = ( GEOMETRIC_REPRESENTATION_CONTEXT(2) 
PARAMETRIC_REPRESENTATION_CONTEXT() REPRESENTATION_CONTEXT('2D SPACE',''
  ) );
#10089 = PCURVE('',#10059,#10090);
#10090 = DEFINITIONAL_REPRESENTATION('',(#10091),#10095);
#10091 = LINE('',#10092,#10093);
#10092 = CARTESIAN_POINT('',(0.,-0.));
#10093 = VECTOR('',#10094,1.);
#10094 = DIRECTION('',(0.,1.));
#10095 = ( GEOMETRIC_REPRESENTATION_CONTEXT(2) 
PARAMETRIC_REPRESENTATION_CONTEXT() REPRESENTATION_CONTEXT('2D SPACE',''
  ) );
#10096 = ORIENTED_EDGE('',*,*,#10097,.F.);
#10097 = EDGE_CURVE('',#10075,#10075,#10098,.T.);
#10098 = SURFACE_CURVE('',#10099,(#10104,#10111),.PCURVE_S1.);
#10099 = CIRCLE('',#10100,3.);
#10100 = AXIS2_PLACEMENT_3D('',#10101,#10102,#10103);
#10101 = CARTESIAN_POINT('',(0.,62.,121.05));
#10102 = DIRECTION('',(0.,0.,1.));
#10103 = DIRECTION('',(1.,0.,-0.));
#10104 = PCURVE('',#10059,#10105);
#10105 = DEFINITIONAL_REPRESENTATION('',(#10106),#10110);
#10106 = LINE('',#10107,#10108);
#10107 = CARTESIAN_POINT('',(0.,9.));
#10108 = VECTOR('',#10109,1.);
#10109 = DIRECTION('',(1.,0.));
#10110 = ( GEOMETRIC_REPRESENTATION_CONTEXT(2) 
PARAMETRIC_REPRESENTATION_CONTEXT() REPRESENTATION_CONTEXT('2D SPACE',''
  ) );
#10111 = PCURVE('',#10112,#10117);
#10112 = PLANE('',#10113);
#10113 = AXIS2_PLACEMENT_3D('',#10114,#10115,#10116);
#10114 = CARTESIAN_POINT('',(0.,62.,121.05));
#10115 = DIRECTION('',(0.,0.,1.));
#10116 = DIRECTION('',(1.,0.,-0.));
#10117 = DEFINITIONAL_REPRESENTATION('',(#10118),#10122);
#10118 = CIRCLE('',#10119,3.);
#10119 = AXIS2_PLACEMENT_2D('',#10120,#10121);
#10120 = CARTESIAN_POINT('',(0.,0.));
#10121 = DIRECTION('',(1.,0.));
#10122 = ( GEOMETRIC_REPRESENTATION_CONTEXT(2) 
PARAMETRIC_REPRESENTATION_CONTEXT() REPRESENTATION_CONTEXT('2D SPACE',''
  ) );
#10123 = ORIENTED_EDGE('',*,*,#10074,.F.);
#10124 = ORIENTED_EDGE('',*,*,#10042,.T.);
#10125 = ADVANCED_FACE('',(#10126),#10112,.F.);
#10126 = FACE_BOUND('',#10127,.F.);
#10127 = EDGE_LOOP('',(#10128));
#10128 = ORIENTED_EDGE('',*,*,#10097,.T.);
#10129 = ADVANCED_FACE('',(#10130),#3943,.F.);
#10130 = FACE_BOUND('',#10131,.F.);
#10131 = EDGE_LOOP('',(#10132,#10163,#10182,#10183,#10204,#10205,#10206,
    #10207,#10208));
#10132 = ORIENTED_EDGE('',*,*,#10133,.F.);
#10133 = EDGE_CURVE('',#10134,#10136,#10138,.T.);
#10134 = VERTEX_POINT('',#10135);
#10135 = CARTESIAN_POINT('',(89.7,-0.888345571643,98.013155515371));
#10136 = VERTEX_POINT('',#10137);
#10137 = CARTESIAN_POINT('',(89.7,0.888345571643,98.013155515371));
#10138 = SURFACE_CURVE('',#10139,(#10144,#10151),.PCURVE_S1.);
#10139 = CIRCLE('',#10140,2.5);
#10140 = AXIS2_PLACEMENT_3D('',#10141,#10142,#10143);
#10141 = CARTESIAN_POINT('',(89.7,0.,100.35));
#10142 = DIRECTION('',(1.,0.,0.));
#10143 = DIRECTION('',(-0.,0.,1.));
#10144 = PCURVE('',#3943,#10145);
#10145 = DEFINITIONAL_REPRESENTATION('',(#10146),#10150);
#10146 = LINE('',#10147,#10148);
#10147 = CARTESIAN_POINT('',(0.,19.4));
#10148 = VECTOR('',#10149,1.);
#10149 = DIRECTION('',(1.,0.));
#10150 = ( GEOMETRIC_REPRESENTATION_CONTEXT(2) 
PARAMETRIC_REPRESENTATION_CONTEXT() REPRESENTATION_CONTEXT('2D SPACE',''
  ) );
#10151 = PCURVE('',#10152,#10157);
#10152 = PLANE('',#10153);
#10153 = AXIS2_PLACEMENT_3D('',#10154,#10155,#10156);
#10154 = CARTESIAN_POINT('',(89.7,0.,100.35));
#10155 = DIRECTION('',(1.,0.,0.));
#10156 = DIRECTION('',(-0.,0.,1.));
#10157 = DEFINITIONAL_REPRESENTATION('',(#10158),#10162);
#10158 = CIRCLE('',#10159,2.5);
#10159 = AXIS2_PLACEMENT_2D('',#10160,#10161);
#10160 = CARTESIAN_POINT('',(0.,0.));
#10161 = DIRECTION('',(1.,0.));
#10162 = ( GEOMETRIC_REPRESENTATION_CONTEXT(2) 
PARAMETRIC_REPRESENTATION_CONTEXT() REPRESENTATION_CONTEXT('2D SPACE',''
  ) );
#10163 = ORIENTED_EDGE('',*,*,#10164,.F.);
#10164 = EDGE_CURVE('',#8838,#10134,#10165,.T.);
#10165 = SURFACE_CURVE('',#10166,(#10170,#10176),.PCURVE_S1.);
#10166 = LINE('',#10167,#10168);
#10167 = CARTESIAN_POINT('',(89.2,-0.888345571643,98.013155515371));
#10168 = VECTOR('',#10169,1.);
#10169 = DIRECTION('',(1.,0.,0.));
#10170 = PCURVE('',#3943,#10171);
#10171 = DEFINITIONAL_REPRESENTATION('',(#10172),#10175);
#10172 = B_SPLINE_CURVE_WITH_KNOTS('',1,(#10173,#10174),.UNSPECIFIED.,
  .F.,.F.,(2,2),(-6.000000070117E-07,0.5000006),
  .PIECEWISE_BEZIER_KNOTS.);
#10173 = CARTESIAN_POINT('',(2.778316767841,18.8999994));
#10174 = CARTESIAN_POINT('',(2.778316767841,19.4000006));
#10175 = ( GEOMETRIC_REPRESENTATION_CONTEXT(2) 
PARAMETRIC_REPRESENTATION_CONTEXT() REPRESENTATION_CONTEXT('2D SPACE',''
  ) );
#10176 = PCURVE('',#2174,#10177);
#10177 = DEFINITIONAL_REPRESENTATION('',(#10178),#10181);
#10178 = B_SPLINE_CURVE_WITH_KNOTS('',1,(#10179,#10180),.UNSPECIFIED.,
  .F.,.F.,(2,2),(-6.000000070117E-07,0.5000006),
  .PIECEWISE_BEZIER_KNOTS.);
#10179 = CARTESIAN_POINT('',(3.111976805389,-6.000000070117E-07));
#10180 = CARTESIAN_POINT('',(3.111976805389,0.5000006));
#10181 = ( GEOMETRIC_REPRESENTATION_CONTEXT(2) 
PARAMETRIC_REPRESENTATION_CONTEXT() REPRESENTATION_CONTEXT('2D SPACE',''
  ) );
#10182 = ORIENTED_EDGE('',*,*,#8861,.F.);
#10183 = ORIENTED_EDGE('',*,*,#10184,.F.);
#10184 = EDGE_CURVE('',#3882,#8862,#10185,.T.);
#10185 = SEAM_CURVE('',#10186,(#10190,#10197),.PCURVE_S1.);
#10186 = LINE('',#10187,#10188);
#10187 = CARTESIAN_POINT('',(70.3,6.123233995737E-16,102.85));
#10188 = VECTOR('',#10189,1.);
#10189 = DIRECTION('',(1.,0.,0.));
#10190 = PCURVE('',#3943,#10191);
#10191 = DEFINITIONAL_REPRESENTATION('',(#10192),#10196);
#10192 = LINE('',#10193,#10194);
#10193 = CARTESIAN_POINT('',(6.28318530718,-0.));
#10194 = VECTOR('',#10195,1.);
#10195 = DIRECTION('',(0.,1.));
#10196 = ( GEOMETRIC_REPRESENTATION_CONTEXT(2) 
PARAMETRIC_REPRESENTATION_CONTEXT() REPRESENTATION_CONTEXT('2D SPACE',''
  ) );
#10197 = PCURVE('',#3943,#10198);
#10198 = DEFINITIONAL_REPRESENTATION('',(#10199),#10203);
#10199 = LINE('',#10200,#10201);
#10200 = CARTESIAN_POINT('',(0.,-0.));
#10201 = VECTOR('',#10202,1.);
#10202 = DIRECTION('',(0.,1.));
#10203 = ( GEOMETRIC_REPRESENTATION_CONTEXT(2) 
PARAMETRIC_REPRESENTATION_CONTEXT() REPRESENTATION_CONTEXT('2D SPACE',''
  ) );
#10204 = ORIENTED_EDGE('',*,*,#3881,.T.);
#10205 = ORIENTED_EDGE('',*,*,#4029,.T.);
#10206 = ORIENTED_EDGE('',*,*,#10184,.T.);
#10207 = ORIENTED_EDGE('',*,*,#8885,.F.);
#10208 = ORIENTED_EDGE('',*,*,#10209,.T.);
#10209 = EDGE_CURVE('',#8812,#10136,#10210,.T.);
#10210 = SURFACE_CURVE('',#10211,(#10215,#10221),.PCURVE_S1.);
#10211 = LINE('',#10212,#10213);
#10212 = CARTESIAN_POINT('',(89.2,0.888345571643,98.013155515371));
#10213 = VECTOR('',#10214,1.);
#10214 = DIRECTION('',(1.,0.,0.));
#10215 = PCURVE('',#3943,#10216);
#10216 = DEFINITIONAL_REPRESENTATION('',(#10217),#10220);
#10217 = B_SPLINE_CURVE_WITH_KNOTS('',1,(#10218,#10219),.UNSPECIFIED.,
  .F.,.F.,(2,2),(-6.000000070117E-07,0.5000006),
  .PIECEWISE_BEZIER_KNOTS.);
#10218 = CARTESIAN_POINT('',(3.504868539338,18.8999994));
#10219 = CARTESIAN_POINT('',(3.504868539338,19.4000006));
#10220 = ( GEOMETRIC_REPRESENTATION_CONTEXT(2) 
PARAMETRIC_REPRESENTATION_CONTEXT() REPRESENTATION_CONTEXT('2D SPACE',''
  ) );
#10221 = PCURVE('',#2174,#10222);
#10222 = DEFINITIONAL_REPRESENTATION('',(#10223),#10226);
#10223 = B_SPLINE_CURVE_WITH_KNOTS('',1,(#10224,#10225),.UNSPECIFIED.,
  .F.,.F.,(2,2),(-6.000000070117E-07,0.5000006),
  .PIECEWISE_BEZIER_KNOTS.);
#10224 = CARTESIAN_POINT('',(3.171208501791,-6.000000070117E-07));
#10225 = CARTESIAN_POINT('',(3.171208501791,0.5000006));
#10226 = ( GEOMETRIC_REPRESENTATION_CONTEXT(2) 
PARAMETRIC_REPRESENTATION_CONTEXT() REPRESENTATION_CONTEXT('2D SPACE',''
  ) );
#10227 = ADVANCED_FACE('',(#10228),#10152,.F.);
#10228 = FACE_BOUND('',#10229,.F.);
#10229 = EDGE_LOOP('',(#10230,#10252));
#10230 = ORIENTED_EDGE('',*,*,#10231,.F.);
#10231 = EDGE_CURVE('',#10134,#10136,#10232,.T.);
#10232 = SURFACE_CURVE('',#10233,(#10238,#10245),.PCURVE_S1.);
#10233 = CIRCLE('',#10234,30.);
#10234 = AXIS2_PLACEMENT_3D('',#10235,#10236,#10237);
#10235 = CARTESIAN_POINT('',(89.7,0.,128.));
#10236 = DIRECTION('',(1.,0.,0.));
#10237 = DIRECTION('',(-0.,0.,1.));
#10238 = PCURVE('',#10152,#10239);
#10239 = DEFINITIONAL_REPRESENTATION('',(#10240),#10244);
#10240 = CIRCLE('',#10241,30.);
#10241 = AXIS2_PLACEMENT_2D('',#10242,#10243);
#10242 = CARTESIAN_POINT('',(27.65,0.));
#10243 = DIRECTION('',(1.,0.));
#10244 = ( GEOMETRIC_REPRESENTATION_CONTEXT(2) 
PARAMETRIC_REPRESENTATION_CONTEXT() REPRESENTATION_CONTEXT('2D SPACE',''
  ) );
#10245 = PCURVE('',#2174,#10246);
#10246 = DEFINITIONAL_REPRESENTATION('',(#10247),#10251);
#10247 = LINE('',#10248,#10249);
#10248 = CARTESIAN_POINT('',(0.,0.5));
#10249 = VECTOR('',#10250,1.);
#10250 = DIRECTION('',(1.,0.));
#10251 = ( GEOMETRIC_REPRESENTATION_CONTEXT(2) 
PARAMETRIC_REPRESENTATION_CONTEXT() REPRESENTATION_CONTEXT('2D SPACE',''
  ) );
#10252 = ORIENTED_EDGE('',*,*,#10133,.T.);
#10253 = ADVANCED_FACE('',(#10254),#2451,.F.);
#10254 = FACE_BOUND('',#10255,.F.);
#10255 = EDGE_LOOP('',(#10256,#10257,#10258,#10259));
#10256 = ORIENTED_EDGE('',*,*,#2672,.T.);
#10257 = ORIENTED_EDGE('',*,*,#2840,.T.);
#10258 = ORIENTED_EDGE('',*,*,#2436,.F.);
#10259 = ORIENTED_EDGE('',*,*,#10260,.T.);
#10260 = EDGE_CURVE('',#2408,#2673,#10261,.T.);
#10261 = SURFACE_CURVE('',#10262,(#10266,#10272),.PCURVE_S1.);
#10262 = LINE('',#10263,#10264);
#10263 = CARTESIAN_POINT('',(151.5,0.,87.85));
#10264 = VECTOR('',#10265,1.);
#10265 = DIRECTION('',(0.,-1.,0.));
#10266 = PCURVE('',#2451,#10267);
#10267 = DEFINITIONAL_REPRESENTATION('',(#10268),#10271);
#10268 = B_SPLINE_CURVE_WITH_KNOTS('',1,(#10269,#10270),.UNSPECIFIED.,
  .F.,.F.,(2,2),(-2.,2.),.PIECEWISE_BEZIER_KNOTS.);
#10269 = CARTESIAN_POINT('',(0.,-2.));
#10270 = CARTESIAN_POINT('',(0.,2.));
#10271 = ( GEOMETRIC_REPRESENTATION_CONTEXT(2) 
PARAMETRIC_REPRESENTATION_CONTEXT() REPRESENTATION_CONTEXT('2D SPACE',''
  ) );
#10272 = PCURVE('',#2424,#10273);
#10273 = DEFINITIONAL_REPRESENTATION('',(#10274),#10277);
#10274 = B_SPLINE_CURVE_WITH_KNOTS('',1,(#10275,#10276),.UNSPECIFIED.,
  .F.,.F.,(2,2),(-2.,2.),.PIECEWISE_BEZIER_KNOTS.);
#10275 = CARTESIAN_POINT('',(0.,2.));
#10276 = CARTESIAN_POINT('',(0.,-2.));
#10277 = ( GEOMETRIC_REPRESENTATION_CONTEXT(2) 
PARAMETRIC_REPRESENTATION_CONTEXT() REPRESENTATION_CONTEXT('2D SPACE',''
  ) );
#10278 = ADVANCED_FACE('',(#10279),#2424,.T.);
#10279 = FACE_BOUND('',#10280,.T.);
#10280 = EDGE_LOOP('',(#10281,#10282,#10283));
#10281 = ORIENTED_EDGE('',*,*,#2693,.T.);
#10282 = ORIENTED_EDGE('',*,*,#2407,.T.);
#10283 = ORIENTED_EDGE('',*,*,#10260,.T.);
#10284 = ADVANCED_FACE('',(#10285),#2174,.F.);
#10285 = FACE_BOUND('',#10286,.F.);
#10286 = EDGE_LOOP('',(#10287,#10308,#10309,#10310,#10311,#10312,#10313,
    #10314));
#10287 = ORIENTED_EDGE('',*,*,#10288,.T.);
#10288 = EDGE_CURVE('',#8814,#2158,#10289,.T.);
#10289 = SEAM_CURVE('',#10290,(#10294,#10301),.PCURVE_S1.);
#10290 = LINE('',#10291,#10292);
#10291 = CARTESIAN_POINT('',(89.2,7.347880794884E-15,158.));
#10292 = VECTOR('',#10293,1.);
#10293 = DIRECTION('',(1.,0.,0.));
#10294 = PCURVE('',#2174,#10295);
#10295 = DEFINITIONAL_REPRESENTATION('',(#10296),#10300);
#10296 = LINE('',#10297,#10298);
#10297 = CARTESIAN_POINT('',(6.28318530718,-0.));
#10298 = VECTOR('',#10299,1.);
#10299 = DIRECTION('',(0.,1.));
#10300 = ( GEOMETRIC_REPRESENTATION_CONTEXT(2) 
PARAMETRIC_REPRESENTATION_CONTEXT() REPRESENTATION_CONTEXT('2D SPACE',''
  ) );
#10301 = PCURVE('',#2174,#10302);
#10302 = DEFINITIONAL_REPRESENTATION('',(#10303),#10307);
#10303 = LINE('',#10304,#10305);
#10304 = CARTESIAN_POINT('',(0.,-0.));
#10305 = VECTOR('',#10306,1.);
#10306 = DIRECTION('',(0.,1.));
#10307 = ( GEOMETRIC_REPRESENTATION_CONTEXT(2) 
PARAMETRIC_REPRESENTATION_CONTEXT() REPRESENTATION_CONTEXT('2D SPACE',''
  ) );
#10308 = ORIENTED_EDGE('',*,*,#2157,.F.);
#10309 = ORIENTED_EDGE('',*,*,#10288,.F.);
#10310 = ORIENTED_EDGE('',*,*,#8837,.T.);
#10311 = ORIENTED_EDGE('',*,*,#10164,.T.);
#10312 = ORIENTED_EDGE('',*,*,#10231,.T.);
#10313 = ORIENTED_EDGE('',*,*,#10209,.F.);
#10314 = ORIENTED_EDGE('',*,*,#8811,.T.);
#10315 = ADVANCED_FACE('',(#10316),#1751,.F.);
#10316 = FACE_BOUND('',#10317,.F.);
#10317 = EDGE_LOOP('',(#10318,#10319,#10342,#10369));
#10318 = ORIENTED_EDGE('',*,*,#1734,.F.);
#10319 = ORIENTED_EDGE('',*,*,#10320,.F.);
#10320 = EDGE_CURVE('',#10321,#1735,#10323,.T.);
#10321 = VERTEX_POINT('',#10322);
#10322 = CARTESIAN_POINT('',(142.1,22.041946960968,100.66186271093));
#10323 = SEAM_CURVE('',#10324,(#10328,#10335),.PCURVE_S1.);
#10324 = LINE('',#10325,#10326);
#10325 = CARTESIAN_POINT('',(142.1,22.041946960968,100.66186271093));
#10326 = VECTOR('',#10327,1.);
#10327 = DIRECTION('',(1.,0.,0.));
#10328 = PCURVE('',#1751,#10329);
#10329 = DEFINITIONAL_REPRESENTATION('',(#10330),#10334);
#10330 = LINE('',#10331,#10332);
#10331 = CARTESIAN_POINT('',(6.28318530718,-0.));
#10332 = VECTOR('',#10333,1.);
#10333 = DIRECTION('',(0.,1.));
#10334 = ( GEOMETRIC_REPRESENTATION_CONTEXT(2) 
PARAMETRIC_REPRESENTATION_CONTEXT() REPRESENTATION_CONTEXT('2D SPACE',''
  ) );
#10335 = PCURVE('',#1751,#10336);
#10336 = DEFINITIONAL_REPRESENTATION('',(#10337),#10341);
#10337 = LINE('',#10338,#10339);
#10338 = CARTESIAN_POINT('',(0.,-0.));
#10339 = VECTOR('',#10340,1.);
#10340 = DIRECTION('',(0.,1.));
#10341 = ( GEOMETRIC_REPRESENTATION_CONTEXT(2) 
PARAMETRIC_REPRESENTATION_CONTEXT() REPRESENTATION_CONTEXT('2D SPACE',''
  ) );
#10342 = ORIENTED_EDGE('',*,*,#10343,.T.);
#10343 = EDGE_CURVE('',#10321,#10321,#10344,.T.);
#10344 = SURFACE_CURVE('',#10345,(#10350,#10357),.PCURVE_S1.);
#10345 = CIRCLE('',#10346,3.);
#10346 = AXIS2_PLACEMENT_3D('',#10347,#10348,#10349);
#10347 = CARTESIAN_POINT('',(142.1,22.041946960968,97.661862710939));
#10348 = DIRECTION('',(1.,0.,0.));
#10349 = DIRECTION('',(-0.,0.,1.));
#10350 = PCURVE('',#1751,#10351);
#10351 = DEFINITIONAL_REPRESENTATION('',(#10352),#10356);
#10352 = LINE('',#10353,#10354);
#10353 = CARTESIAN_POINT('',(0.,0.));
#10354 = VECTOR('',#10355,1.);
#10355 = DIRECTION('',(1.,0.));
#10356 = ( GEOMETRIC_REPRESENTATION_CONTEXT(2) 
PARAMETRIC_REPRESENTATION_CONTEXT() REPRESENTATION_CONTEXT('2D SPACE',''
  ) );
#10357 = PCURVE('',#10358,#10363);
#10358 = PLANE('',#10359);
#10359 = AXIS2_PLACEMENT_3D('',#10360,#10361,#10362);
#10360 = CARTESIAN_POINT('',(142.1,22.041946960968,97.661862710939));
#10361 = DIRECTION('',(1.,0.,0.));
#10362 = DIRECTION('',(-0.,0.,1.));
#10363 = DEFINITIONAL_REPRESENTATION('',(#10364),#10368);
#10364 = CIRCLE('',#10365,3.);
#10365 = AXIS2_PLACEMENT_2D('',#10366,#10367);
#10366 = CARTESIAN_POINT('',(0.,0.));
#10367 = DIRECTION('',(1.,0.));
#10368 = ( GEOMETRIC_REPRESENTATION_CONTEXT(2) 
PARAMETRIC_REPRESENTATION_CONTEXT() REPRESENTATION_CONTEXT('2D SPACE',''
  ) );
#10369 = ORIENTED_EDGE('',*,*,#10320,.T.);
#10370 = ADVANCED_FACE('',(#10371),#10358,.T.);
#10371 = FACE_BOUND('',#10372,.F.);
#10372 = EDGE_LOOP('',(#10373));
#10373 = ORIENTED_EDGE('',*,*,#10343,.F.);
#10374 = ADVANCED_FACE('',(#10375),#1040,.T.);
#10375 = FACE_BOUND('',#10376,.T.);
#10376 = EDGE_LOOP('',(#10377,#10401,#10402,#10426));
#10377 = ORIENTED_EDGE('',*,*,#10378,.T.);
#10378 = EDGE_CURVE('',#10379,#1026,#10381,.T.);
#10379 = VERTEX_POINT('',#10380);
#10380 = CARTESIAN_POINT('',(-66.3324958071,-44.72135954999,123.));
#10381 = SURFACE_CURVE('',#10382,(#10387,#10394),.PCURVE_S1.);
#10382 = CIRCLE('',#10383,80.);
#10383 = AXIS2_PLACEMENT_3D('',#10384,#10385,#10386);
#10384 = CARTESIAN_POINT('',(0.,0.,123.));
#10385 = DIRECTION('',(0.,0.,1.));
#10386 = DIRECTION('',(1.,0.,-0.));
#10387 = PCURVE('',#1040,#10388);
#10388 = DEFINITIONAL_REPRESENTATION('',(#10389),#10393);
#10389 = CIRCLE('',#10390,80.);
#10390 = AXIS2_PLACEMENT_2D('',#10391,#10392);
#10391 = CARTESIAN_POINT('',(0.,0.));
#10392 = DIRECTION('',(1.,0.));
#10393 = ( GEOMETRIC_REPRESENTATION_CONTEXT(2) 
PARAMETRIC_REPRESENTATION_CONTEXT() REPRESENTATION_CONTEXT('2D SPACE',''
  ) );
#10394 = PCURVE('',#1071,#10395);
#10395 = DEFINITIONAL_REPRESENTATION('',(#10396),#10400);
#10396 = LINE('',#10397,#10398);
#10397 = CARTESIAN_POINT('',(-0.,-9.607359798385E-02));
#10398 = VECTOR('',#10399,1.);
#10399 = DIRECTION('',(-1.,-0.));
#10400 = ( GEOMETRIC_REPRESENTATION_CONTEXT(2) 
PARAMETRIC_REPRESENTATION_CONTEXT() REPRESENTATION_CONTEXT('2D SPACE',''
  ) );
#10401 = ORIENTED_EDGE('',*,*,#1025,.F.);
#10402 = ORIENTED_EDGE('',*,*,#10403,.F.);
#10403 = EDGE_CURVE('',#10404,#841,#10406,.T.);
#10404 = VERTEX_POINT('',#10405);
#10405 = CARTESIAN_POINT('',(-58.95761189193,-44.72135954999,123.));
#10406 = SURFACE_CURVE('',#10407,(#10412,#10419),.PCURVE_S1.);
#10407 = CIRCLE('',#10408,74.);
#10408 = AXIS2_PLACEMENT_3D('',#10409,#10410,#10411);
#10409 = CARTESIAN_POINT('',(0.,0.,123.));
#10410 = DIRECTION('',(0.,0.,1.));
#10411 = DIRECTION('',(1.,0.,-0.));
#10412 = PCURVE('',#1040,#10413);
#10413 = DEFINITIONAL_REPRESENTATION('',(#10414),#10418);
#10414 = CIRCLE('',#10415,74.);
#10415 = AXIS2_PLACEMENT_2D('',#10416,#10417);
#10416 = CARTESIAN_POINT('',(0.,0.));
#10417 = DIRECTION('',(1.,0.));
#10418 = ( GEOMETRIC_REPRESENTATION_CONTEXT(2) 
PARAMETRIC_REPRESENTATION_CONTEXT() REPRESENTATION_CONTEXT('2D SPACE',''
  ) );
#10419 = PCURVE('',#723,#10420);
#10420 = DEFINITIONAL_REPRESENTATION('',(#10421),#10425);
#10421 = LINE('',#10422,#10423);
#10422 = CARTESIAN_POINT('',(0.,0.));
#10423 = VECTOR('',#10424,1.);
#10424 = DIRECTION('',(1.,0.));
#10425 = ( GEOMETRIC_REPRESENTATION_CONTEXT(2) 
PARAMETRIC_REPRESENTATION_CONTEXT() REPRESENTATION_CONTEXT('2D SPACE',''
  ) );
#10426 = ORIENTED_EDGE('',*,*,#10427,.F.);
#10427 = EDGE_CURVE('',#10379,#10404,#10428,.T.);
#10428 = SURFACE_CURVE('',#10429,(#10433,#10439),.PCURVE_S1.);
#10429 = LINE('',#10430,#10431);
#10430 = CARTESIAN_POINT('',(-154.1,-44.72135954999,123.));
#10431 = VECTOR('',#10432,1.);
#10432 = DIRECTION('',(1.,0.,0.));
#10433 = PCURVE('',#1040,#10434);
#10434 = DEFINITIONAL_REPRESENTATION('',(#10435),#10438);
#10435 = B_SPLINE_CURVE_WITH_KNOTS('',1,(#10436,#10437),.UNSPECIFIED.,
  .F.,.F.,(2,2),(58.1,250.1),.PIECEWISE_BEZIER_KNOTS.);
#10436 = CARTESIAN_POINT('',(-96.,-44.72135954999));
#10437 = CARTESIAN_POINT('',(96.,-44.72135954999));
#10438 = ( GEOMETRIC_REPRESENTATION_CONTEXT(2) 
PARAMETRIC_REPRESENTATION_CONTEXT() REPRESENTATION_CONTEXT('2D SPACE',''
  ) );
#10439 = PCURVE('',#553,#10440);
#10440 = DEFINITIONAL_REPRESENTATION('',(#10441),#10444);
#10441 = B_SPLINE_CURVE_WITH_KNOTS('',1,(#10442,#10443),.UNSPECIFIED.,
  .F.,.F.,(2,2),(58.1,250.1),.PIECEWISE_BEZIER_KNOTS.);
#10442 = CARTESIAN_POINT('',(1.682137341136,58.1));
#10443 = CARTESIAN_POINT('',(1.682137341136,250.1));
#10444 = ( GEOMETRIC_REPRESENTATION_CONTEXT(2) 
PARAMETRIC_REPRESENTATION_CONTEXT() REPRESENTATION_CONTEXT('2D SPACE',''
  ) );
#10445 = ADVANCED_FACE('',(#10446),#1071,.T.);
#10446 = FACE_BOUND('',#10447,.T.);
#10447 = EDGE_LOOP('',(#10448,#10472,#10473,#10474));
#10448 = ORIENTED_EDGE('',*,*,#10449,.T.);
#10449 = EDGE_CURVE('',#10450,#1052,#10452,.T.);
#10450 = VERTEX_POINT('',#10451);
#10451 = CARTESIAN_POINT('',(-67.51291527976,-44.71051368396,
    122.90392640201));
#10452 = SURFACE_CURVE('',#10453,(#10458,#10465),.PCURVE_S1.);
#10453 = CIRCLE('',#10454,80.975451610081);
#10454 = AXIS2_PLACEMENT_3D('',#10455,#10456,#10457);
#10455 = CARTESIAN_POINT('',(0.,0.,122.90392640201));
#10456 = DIRECTION('',(0.,0.,1.));
#10457 = DIRECTION('',(1.,0.,-0.));
#10458 = PCURVE('',#1071,#10459);
#10459 = DEFINITIONAL_REPRESENTATION('',(#10460),#10464);
#10460 = LINE('',#10461,#10462);
#10461 = CARTESIAN_POINT('',(-0.,-0.));
#10462 = VECTOR('',#10463,1.);
#10463 = DIRECTION('',(-1.,-0.));
#10464 = ( GEOMETRIC_REPRESENTATION_CONTEXT(2) 
PARAMETRIC_REPRESENTATION_CONTEXT() REPRESENTATION_CONTEXT('2D SPACE',''
  ) );
#10465 = PCURVE('',#1105,#10466);
#10466 = DEFINITIONAL_REPRESENTATION('',(#10467),#10471);
#10467 = LINE('',#10468,#10469);
#10468 = CARTESIAN_POINT('',(-0.,-0.28452873946));
#10469 = VECTOR('',#10470,1.);
#10470 = DIRECTION('',(-1.,-0.));
#10471 = ( GEOMETRIC_REPRESENTATION_CONTEXT(2) 
PARAMETRIC_REPRESENTATION_CONTEXT() REPRESENTATION_CONTEXT('2D SPACE',''
  ) );
#10472 = ORIENTED_EDGE('',*,*,#1051,.T.);
#10473 = ORIENTED_EDGE('',*,*,#10378,.F.);
#10474 = ORIENTED_EDGE('',*,*,#10475,.T.);
#10475 = EDGE_CURVE('',#10379,#10450,#10476,.T.);
#10476 = SURFACE_CURVE('',#10477,(#10483,#10492),.PCURVE_S1.);
#10477 = B_SPLINE_CURVE_WITH_KNOTS('',4,(#10478,#10479,#10480,#10481,
    #10482),.UNSPECIFIED.,.F.,.F.,(5,5),(0.,1.),
  .PIECEWISE_BEZIER_KNOTS.);
#10478 = CARTESIAN_POINT('',(-66.3324958071,-44.72135954999,123.));
#10479 = CARTESIAN_POINT('',(-66.62845176216,-44.71867388666,
    122.97597869693));
#10480 = CARTESIAN_POINT('',(-66.92383066039,-44.71597101983,
    122.95195931722));
#10481 = CARTESIAN_POINT('',(-67.21864727501,-44.71325095156,
    122.9279418794));
#10482 = CARTESIAN_POINT('',(-67.51291527976,-44.71051368396,
    122.90392640201));
#10483 = PCURVE('',#1071,#10484);
#10484 = DEFINITIONAL_REPRESENTATION('',(#10485),#10491);
#10485 = B_SPLINE_CURVE_WITH_KNOTS('',4,(#10486,#10487,#10488,#10489,
    #10490),.UNSPECIFIED.,.F.,.F.,(5,5),(0.,1.),
  .PIECEWISE_BEZIER_KNOTS.);
#10486 = CARTESIAN_POINT('',(-3.734792429739,-9.607359798397E-02));
#10487 = CARTESIAN_POINT('',(-3.732696539204,-7.205229492299E-02));
#10488 = CARTESIAN_POINT('',(-3.730621541686,-4.803291521123E-02));
#10489 = CARTESIAN_POINT('',(-3.728566924435,-2.401547739312E-02));
#10490 = CARTESIAN_POINT('',(-3.726532209441,0.));
#10491 = ( GEOMETRIC_REPRESENTATION_CONTEXT(2) 
PARAMETRIC_REPRESENTATION_CONTEXT() REPRESENTATION_CONTEXT('2D SPACE',''
  ) );
#10492 = PCURVE('',#553,#10493);
#10493 = DEFINITIONAL_REPRESENTATION('',(#10494),#10500);
#10494 = B_SPLINE_CURVE_WITH_KNOTS('',4,(#10495,#10496,#10497,#10498,
    #10499),.UNSPECIFIED.,.F.,.F.,(5,5),(0.,1.),
  .PIECEWISE_BEZIER_KNOTS.);
#10495 = CARTESIAN_POINT('',(1.682137341136,87.767504192894));
#10496 = CARTESIAN_POINT('',(1.682674473801,87.471548237833));
#10497 = CARTESIAN_POINT('',(1.683211606468,87.176169339601));
#10498 = CARTESIAN_POINT('',(1.683748739135,86.881352724981));
#10499 = CARTESIAN_POINT('',(1.684285871801,86.587084720236));
#10500 = ( GEOMETRIC_REPRESENTATION_CONTEXT(2) 
PARAMETRIC_REPRESENTATION_CONTEXT() REPRESENTATION_CONTEXT('2D SPACE',''
  ) );
#10501 = ADVANCED_FACE('',(#10502),#1105,.T.);
#10502 = FACE_BOUND('',#10503,.T.);
#10503 = EDGE_LOOP('',(#10504,#10528,#10529,#10530));
#10504 = ORIENTED_EDGE('',*,*,#10505,.T.);
#10505 = EDGE_CURVE('',#10506,#1086,#10508,.T.);
#10506 = VERTEX_POINT('',#10507);
#10507 = CARTESIAN_POINT('',(-68.65681898137,-44.67716551535,
    122.61939766255));
#10508 = SURFACE_CURVE('',#10509,(#10514,#10521),.PCURVE_S1.);
#10509 = CIRCLE('',#10510,81.913417161825);
#10510 = AXIS2_PLACEMENT_3D('',#10511,#10512,#10513);
#10511 = CARTESIAN_POINT('',(0.,0.,122.61939766255));
#10512 = DIRECTION('',(0.,0.,1.));
#10513 = DIRECTION('',(1.,0.,-0.));
#10514 = PCURVE('',#1105,#10515);
#10515 = DEFINITIONAL_REPRESENTATION('',(#10516),#10520);
#10516 = LINE('',#10517,#10518);
#10517 = CARTESIAN_POINT('',(-0.,-0.));
#10518 = VECTOR('',#10519,1.);
#10519 = DIRECTION('',(-1.,-0.));
#10520 = ( GEOMETRIC_REPRESENTATION_CONTEXT(2) 
PARAMETRIC_REPRESENTATION_CONTEXT() REPRESENTATION_CONTEXT('2D SPACE',''
  ) );
#10521 = PCURVE('',#1139,#10522);
#10522 = DEFINITIONAL_REPRESENTATION('',(#10523),#10527);
#10523 = LINE('',#10524,#10525);
#10524 = CARTESIAN_POINT('',(-0.,-0.462049601044));
#10525 = VECTOR('',#10526,1.);
#10526 = DIRECTION('',(-1.,-0.));
#10527 = ( GEOMETRIC_REPRESENTATION_CONTEXT(2) 
PARAMETRIC_REPRESENTATION_CONTEXT() REPRESENTATION_CONTEXT('2D SPACE',''
  ) );
#10528 = ORIENTED_EDGE('',*,*,#1085,.T.);
#10529 = ORIENTED_EDGE('',*,*,#10449,.F.);
#10530 = ORIENTED_EDGE('',*,*,#10531,.T.);
#10531 = EDGE_CURVE('',#10450,#10506,#10532,.T.);
#10532 = SURFACE_CURVE('',#10533,(#10539,#10548),.PCURVE_S1.);
#10533 = B_SPLINE_CURVE_WITH_KNOTS('',4,(#10534,#10535,#10536,#10537,
    #10538),.UNSPECIFIED.,.F.,.F.,(5,5),(0.,1.),
  .PIECEWISE_BEZIER_KNOTS.);
#10534 = CARTESIAN_POINT('',(-67.51291527976,-44.71051368396,
    122.90392640201));
#10535 = CARTESIAN_POINT('',(-67.79964108008,-44.70240308912,
    122.83276792));
#10536 = CARTESIAN_POINT('',(-68.08586065182,-44.69414149237,
    122.76162664897));
#10537 = CARTESIAN_POINT('',(-68.37158365825,-44.68572894849,
    122.69050306968));
#10538 = CARTESIAN_POINT('',(-68.65681898137,-44.67716551535,
    122.61939766255));
#10539 = PCURVE('',#1105,#10540);
#10540 = DEFINITIONAL_REPRESENTATION('',(#10541),#10547);
#10541 = B_SPLINE_CURVE_WITH_KNOTS('',4,(#10542,#10543,#10544,#10545,
    #10546),.UNSPECIFIED.,.F.,.F.,(5,5),(0.,1.),
  .PIECEWISE_BEZIER_KNOTS.);
#10542 = CARTESIAN_POINT('',(-3.726532209441,-0.28452873946));
#10543 = CARTESIAN_POINT('',(-3.724493597381,-0.213370257451));
#10544 = CARTESIAN_POINT('',(-3.7224726308,-0.142228986417));
#10545 = CARTESIAN_POINT('',(-3.720468906678,-7.110540713189E-02));
#10546 = CARTESIAN_POINT('',(-3.718482047442,0.));
#10547 = ( GEOMETRIC_REPRESENTATION_CONTEXT(2) 
PARAMETRIC_REPRESENTATION_CONTEXT() REPRESENTATION_CONTEXT('2D SPACE',''
  ) );
#10548 = PCURVE('',#553,#10549);
#10549 = DEFINITIONAL_REPRESENTATION('',(#10550),#10556);
#10550 = B_SPLINE_CURVE_WITH_KNOTS('',4,(#10551,#10552,#10553,#10554,
    #10555),.UNSPECIFIED.,.F.,.F.,(5,5),(0.,1.),
  .PIECEWISE_BEZIER_KNOTS.);
#10551 = CARTESIAN_POINT('',(1.684285871801,86.587084720236));
#10552 = CARTESIAN_POINT('',(1.685877409811,86.300358919918));
#10553 = CARTESIAN_POINT('',(1.687468947825,86.01413934818));
#10554 = CARTESIAN_POINT('',(1.689060485838,85.728416341748));
#10555 = CARTESIAN_POINT('',(1.690652023849,85.443181018628));
#10556 = ( GEOMETRIC_REPRESENTATION_CONTEXT(2) 
PARAMETRIC_REPRESENTATION_CONTEXT() REPRESENTATION_CONTEXT('2D SPACE',''
  ) );
#10557 = ADVANCED_FACE('',(#10558),#1139,.T.);
#10558 = FACE_BOUND('',#10559,.T.);
#10559 = EDGE_LOOP('',(#10560,#10584,#10585,#10586));
#10560 = ORIENTED_EDGE('',*,*,#10561,.T.);
#10561 = EDGE_CURVE('',#10562,#1120,#10564,.T.);
#10562 = VERTEX_POINT('',#10563);
#10563 = CARTESIAN_POINT('',(-69.72308961302,-44.6190925314,
    122.15734806151));
#10564 = SURFACE_CURVE('',#10565,(#10570,#10577),.PCURVE_S1.);
#10565 = CIRCLE('',#10566,82.777851165098);
#10566 = AXIS2_PLACEMENT_3D('',#10567,#10568,#10569);
#10567 = CARTESIAN_POINT('',(0.,0.,122.15734806151));
#10568 = DIRECTION('',(0.,0.,1.));
#10569 = DIRECTION('',(1.,0.,-0.));
#10570 = PCURVE('',#1139,#10571);
#10571 = DEFINITIONAL_REPRESENTATION('',(#10572),#10576);
#10572 = LINE('',#10573,#10574);
#10573 = CARTESIAN_POINT('',(-0.,-0.));
#10574 = VECTOR('',#10575,1.);
#10575 = DIRECTION('',(-1.,-0.));
#10576 = ( GEOMETRIC_REPRESENTATION_CONTEXT(2) 
PARAMETRIC_REPRESENTATION_CONTEXT() REPRESENTATION_CONTEXT('2D SPACE',''
  ) );
#10577 = PCURVE('',#1173,#10578);
#10578 = DEFINITIONAL_REPRESENTATION('',(#10579),#10583);
#10579 = LINE('',#10580,#10581);
#10580 = CARTESIAN_POINT('',(-0.,-0.62181415558));
#10581 = VECTOR('',#10582,1.);
#10582 = DIRECTION('',(-1.,-0.));
#10583 = ( GEOMETRIC_REPRESENTATION_CONTEXT(2) 
PARAMETRIC_REPRESENTATION_CONTEXT() REPRESENTATION_CONTEXT('2D SPACE',''
  ) );
#10584 = ORIENTED_EDGE('',*,*,#1119,.T.);
#10585 = ORIENTED_EDGE('',*,*,#10505,.F.);
#10586 = ORIENTED_EDGE('',*,*,#10587,.T.);
#10587 = EDGE_CURVE('',#10506,#10562,#10588,.T.);
#10588 = SURFACE_CURVE('',#10589,(#10595,#10604),.PCURVE_S1.);
#10589 = B_SPLINE_CURVE_WITH_KNOTS('',4,(#10590,#10591,#10592,#10593,
    #10594),.UNSPECIFIED.,.F.,.F.,(5,5),(0.,1.),
  .PIECEWISE_BEZIER_KNOTS.);
#10590 = CARTESIAN_POINT('',(-68.65681898137,-44.67716551535,
    122.61939766255));
#10591 = CARTESIAN_POINT('',(-68.92387861734,-44.66324509455,
    122.50381117147));
#10592 = CARTESIAN_POINT('',(-69.1906098432,-44.64892595442,
    122.38827269927));
#10593 = CARTESIAN_POINT('',(-69.45701337138,-44.63420834343,
    122.27278430911));
#10594 = CARTESIAN_POINT('',(-69.72308961302,-44.6190925314,
    122.15734806151));
#10595 = PCURVE('',#1139,#10596);
#10596 = DEFINITIONAL_REPRESENTATION('',(#10597),#10603);
#10597 = B_SPLINE_CURVE_WITH_KNOTS('',4,(#10598,#10599,#10600,#10601,
    #10602),.UNSPECIFIED.,.F.,.F.,(5,5),(0.,1.),
  .PIECEWISE_BEZIER_KNOTS.);
#10598 = CARTESIAN_POINT('',(-3.718482047442,-0.462049601044));
#10599 = CARTESIAN_POINT('',(-3.716561396428,-0.346463109966));
#10600 = CARTESIAN_POINT('',(-3.714652373412,-0.23092463776));
#10601 = CARTESIAN_POINT('',(-3.712754760543,-0.115436247606));
#10602 = CARTESIAN_POINT('',(-3.710868351336,0.));
#10603 = ( GEOMETRIC_REPRESENTATION_CONTEXT(2) 
PARAMETRIC_REPRESENTATION_CONTEXT() REPRESENTATION_CONTEXT('2D SPACE',''
  ) );
#10604 = PCURVE('',#553,#10605);
#10605 = DEFINITIONAL_REPRESENTATION('',(#10606),#10612);
#10606 = B_SPLINE_CURVE_WITH_KNOTS('',4,(#10607,#10608,#10609,#10610,
    #10611),.UNSPECIFIED.,.F.,.F.,(5,5),(0.,1.),
  .PIECEWISE_BEZIER_KNOTS.);
#10607 = CARTESIAN_POINT('',(1.690652023849,85.443181018627));
#10608 = CARTESIAN_POINT('',(1.693239173005,85.176121382658));
#10609 = CARTESIAN_POINT('',(1.695826322163,84.909390156797));
#10610 = CARTESIAN_POINT('',(1.698413471321,84.642986628615));
#10611 = CARTESIAN_POINT('',(1.701000620478,84.376910386978));
#10612 = ( GEOMETRIC_REPRESENTATION_CONTEXT(2) 
PARAMETRIC_REPRESENTATION_CONTEXT() REPRESENTATION_CONTEXT('2D SPACE',''
  ) );
#10613 = ADVANCED_FACE('',(#10614),#1173,.T.);
#10614 = FACE_BOUND('',#10615,.T.);
#10615 = EDGE_LOOP('',(#10616,#10640,#10641,#10642));
#10616 = ORIENTED_EDGE('',*,*,#10617,.T.);
#10617 = EDGE_CURVE('',#10618,#1154,#10620,.T.);
#10618 = VERTEX_POINT('',#10619);
#10619 = CARTESIAN_POINT('',(-70.67513527988,-44.53325362152,
    121.53553390593));
#10620 = SURFACE_CURVE('',#10621,(#10626,#10633),.PCURVE_S1.);
#10621 = CIRCLE('',#10622,83.535533905933);
#10622 = AXIS2_PLACEMENT_3D('',#10623,#10624,#10625);
#10623 = CARTESIAN_POINT('',(0.,0.,121.53553390593));
#10624 = DIRECTION('',(0.,0.,1.));
#10625 = DIRECTION('',(1.,0.,-0.));
#10626 = PCURVE('',#1173,#10627);
#10627 = DEFINITIONAL_REPRESENTATION('',(#10628),#10632);
#10628 = LINE('',#10629,#10630);
#10629 = CARTESIAN_POINT('',(-0.,-0.));
#10630 = VECTOR('',#10631,1.);
#10631 = DIRECTION('',(-1.,-0.));
#10632 = ( GEOMETRIC_REPRESENTATION_CONTEXT(2) 
PARAMETRIC_REPRESENTATION_CONTEXT() REPRESENTATION_CONTEXT('2D SPACE',''
  ) );
#10633 = PCURVE('',#1207,#10634);
#10634 = DEFINITIONAL_REPRESENTATION('',(#10635),#10639);
#10635 = LINE('',#10636,#10637);
#10636 = CARTESIAN_POINT('',(-0.,-0.757682740835));
#10637 = VECTOR('',#10638,1.);
#10638 = DIRECTION('',(-1.,-0.));
#10639 = ( GEOMETRIC_REPRESENTATION_CONTEXT(2) 
PARAMETRIC_REPRESENTATION_CONTEXT() REPRESENTATION_CONTEXT('2D SPACE',''
  ) );
#10640 = ORIENTED_EDGE('',*,*,#1153,.F.);
#10641 = ORIENTED_EDGE('',*,*,#10561,.F.);
#10642 = ORIENTED_EDGE('',*,*,#10643,.T.);
#10643 = EDGE_CURVE('',#10562,#10618,#10644,.T.);
#10644 = SURFACE_CURVE('',#10645,(#10651,#10660),.PCURVE_S1.);
#10645 = B_SPLINE_CURVE_WITH_KNOTS('',4,(#10646,#10647,#10648,#10649,
    #10650),.UNSPECIFIED.,.F.,.F.,(5,5),(0.,1.),
  .PIECEWISE_BEZIER_KNOTS.);
#10646 = CARTESIAN_POINT('',(-69.72308961302,-44.6190925314,
    122.15734806151));
#10647 = CARTESIAN_POINT('',(-69.96122880977,-44.59871738185,
    122.00174736979));
#10648 = CARTESIAN_POINT('',(-70.19928897745,-44.57761872811,
    121.8462414174));
#10649 = CARTESIAN_POINT('',(-70.43726086078,-44.55579723096,
    121.69083525059));
#10650 = CARTESIAN_POINT('',(-70.67513527988,-44.53325362152,
    121.53553390593));
#10651 = PCURVE('',#1173,#10652);
#10652 = DEFINITIONAL_REPRESENTATION('',(#10653),#10659);
#10653 = B_SPLINE_CURVE_WITH_KNOTS('',4,(#10654,#10655,#10656,#10657,
    #10658),.UNSPECIFIED.,.F.,.F.,(5,5),(0.,1.),
  .PIECEWISE_BEZIER_KNOTS.);
#10654 = CARTESIAN_POINT('',(-3.710868351336,-0.62181415558));
#10655 = CARTESIAN_POINT('',(-3.709110343496,-0.466213463865));
#10656 = CARTESIAN_POINT('',(-3.707356226137,-0.310707511472));
#10657 = CARTESIAN_POINT('',(-3.705605983578,-0.155301344664));
#10658 = CARTESIAN_POINT('',(-3.703859599132,0.));
#10659 = ( GEOMETRIC_REPRESENTATION_CONTEXT(2) 
PARAMETRIC_REPRESENTATION_CONTEXT() REPRESENTATION_CONTEXT('2D SPACE',''
  ) );
#10660 = PCURVE('',#553,#10661);
#10661 = DEFINITIONAL_REPRESENTATION('',(#10662),#10668);
#10662 = B_SPLINE_CURVE_WITH_KNOTS('',4,(#10663,#10664,#10665,#10666,
    #10667),.UNSPECIFIED.,.F.,.F.,(5,5),(0.,1.),
  .PIECEWISE_BEZIER_KNOTS.);
#10663 = CARTESIAN_POINT('',(1.701000620478,84.376910386979));
#10664 = CARTESIAN_POINT('',(1.704487932363,84.13877119023));
#10665 = CARTESIAN_POINT('',(1.707975244249,83.90071102255));
#10666 = CARTESIAN_POINT('',(1.711462556135,83.66273913922));
#10667 = CARTESIAN_POINT('',(1.714949868021,83.424864720111));
#10668 = ( GEOMETRIC_REPRESENTATION_CONTEXT(2) 
PARAMETRIC_REPRESENTATION_CONTEXT() REPRESENTATION_CONTEXT('2D SPACE',''
  ) );
#10669 = ADVANCED_FACE('',(#10670),#1207,.T.);
#10670 = FACE_BOUND('',#10671,.T.);
#10671 = EDGE_LOOP('',(#10672,#10696,#10697,#10698));
#10672 = ORIENTED_EDGE('',*,*,#10673,.T.);
#10673 = EDGE_CURVE('',#10674,#1188,#10676,.T.);
#10674 = VERTEX_POINT('',#10675);
#10675 = CARTESIAN_POINT('',(-71.48159669831,-44.41666991351,
    120.77785116509));
#10676 = SURFACE_CURVE('',#10677,(#10682,#10689),.PCURVE_S1.);
#10677 = CIRCLE('',#10678,84.157348061513);
#10678 = AXIS2_PLACEMENT_3D('',#10679,#10680,#10681);
#10679 = CARTESIAN_POINT('',(0.,0.,120.77785116509));
#10680 = DIRECTION('',(0.,0.,1.));
#10681 = DIRECTION('',(1.,0.,-0.));
#10682 = PCURVE('',#1207,#10683);
#10683 = DEFINITIONAL_REPRESENTATION('',(#10684),#10688);
#10684 = LINE('',#10685,#10686);
#10685 = CARTESIAN_POINT('',(-0.,-0.));
#10686 = VECTOR('',#10687,1.);
#10687 = DIRECTION('',(-1.,-0.));
#10688 = ( GEOMETRIC_REPRESENTATION_CONTEXT(2) 
PARAMETRIC_REPRESENTATION_CONTEXT() REPRESENTATION_CONTEXT('2D SPACE',''
  ) );
#10689 = PCURVE('',#1241,#10690);
#10690 = DEFINITIONAL_REPRESENTATION('',(#10691),#10695);
#10691 = LINE('',#10692,#10693);
#10692 = CARTESIAN_POINT('',(-0.,-0.864434003273));
#10693 = VECTOR('',#10694,1.);
#10694 = DIRECTION('',(-1.,-0.));
#10695 = ( GEOMETRIC_REPRESENTATION_CONTEXT(2) 
PARAMETRIC_REPRESENTATION_CONTEXT() REPRESENTATION_CONTEXT('2D SPACE',''
  ) );
#10696 = ORIENTED_EDGE('',*,*,#1187,.F.);
#10697 = ORIENTED_EDGE('',*,*,#10617,.F.);
#10698 = ORIENTED_EDGE('',*,*,#10699,.T.);
#10699 = EDGE_CURVE('',#10618,#10674,#10700,.T.);
#10700 = SURFACE_CURVE('',#10701,(#10707,#10716),.PCURVE_S1.);
#10701 = B_SPLINE_CURVE_WITH_KNOTS('',4,(#10702,#10703,#10704,#10705,
    #10706),.UNSPECIFIED.,.F.,.F.,(5,5),(0.,1.),
  .PIECEWISE_BEZIER_KNOTS.);
#10702 = CARTESIAN_POINT('',(-70.67513527988,-44.53325362152,
    121.53553390593));
#10703 = CARTESIAN_POINT('',(-70.87646038352,-44.50572186131,
    121.34586954046));
#10704 = CARTESIAN_POINT('',(-71.07799059869,-44.47711307607,
    121.15636151632));
#10705 = CARTESIAN_POINT('',(-71.2797084683,-44.44742859753,
    120.96701900778));
#10706 = CARTESIAN_POINT('',(-71.48159669831,-44.41666991351,
    120.77785116509));
#10707 = PCURVE('',#1207,#10708);
#10708 = DEFINITIONAL_REPRESENTATION('',(#10709),#10715);
#10709 = B_SPLINE_CURVE_WITH_KNOTS('',4,(#10710,#10711,#10712,#10713,
    #10714),.UNSPECIFIED.,.F.,.F.,(5,5),(0.,1.),
  .PIECEWISE_BEZIER_KNOTS.);
#10710 = CARTESIAN_POINT('',(-3.703859599132,-0.757682740835));
#10711 = CARTESIAN_POINT('',(-3.702295944383,-0.568018375363));
#10712 = CARTESIAN_POINT('',(-3.700727842117,-0.378510351226));
#10713 = CARTESIAN_POINT('',(-3.699155442318,-0.189167842689));
#10714 = CARTESIAN_POINT('',(-3.697578887854,0.));
#10715 = ( GEOMETRIC_REPRESENTATION_CONTEXT(2) 
PARAMETRIC_REPRESENTATION_CONTEXT() REPRESENTATION_CONTEXT('2D SPACE',''
  ) );
#10716 = PCURVE('',#553,#10717);
#10717 = DEFINITIONAL_REPRESENTATION('',(#10718),#10724);
#10718 = B_SPLINE_CURVE_WITH_KNOTS('',4,(#10719,#10720,#10721,#10722,
    #10723),.UNSPECIFIED.,.F.,.F.,(5,5),(0.,1.),
  .PIECEWISE_BEZIER_KNOTS.);
#10719 = CARTESIAN_POINT('',(1.714949868021,83.424864720111));
#10720 = CARTESIAN_POINT('',(1.719208806006,83.22353961648));
#10721 = CARTESIAN_POINT('',(1.723467743993,83.02200940131));
#10722 = CARTESIAN_POINT('',(1.727726681979,82.820291531693));
#10723 = CARTESIAN_POINT('',(1.731985619964,82.618403301688));
#10724 = ( GEOMETRIC_REPRESENTATION_CONTEXT(2) 
PARAMETRIC_REPRESENTATION_CONTEXT() REPRESENTATION_CONTEXT('2D SPACE',''
  ) );
#10725 = ADVANCED_FACE('',(#10726),#1241,.T.);
#10726 = FACE_BOUND('',#10727,.T.);
#10727 = EDGE_LOOP('',(#10728,#10752,#10753,#10754));
#10728 = ORIENTED_EDGE('',*,*,#10729,.T.);
#10729 = EDGE_CURVE('',#10730,#1222,#10732,.T.);
#10730 = VERTEX_POINT('',#10731);
#10731 = CARTESIAN_POINT('',(-72.11681692069,-44.26745054779,
    119.91341716182));
#10732 = SURFACE_CURVE('',#10733,(#10738,#10745),.PCURVE_S1.);
#10733 = CIRCLE('',#10734,84.619397662556);
#10734 = AXIS2_PLACEMENT_3D('',#10735,#10736,#10737);
#10735 = CARTESIAN_POINT('',(0.,0.,119.91341716182));
#10736 = DIRECTION('',(0.,0.,1.));
#10737 = DIRECTION('',(1.,0.,-0.));
#10738 = PCURVE('',#1241,#10739);
#10739 = DEFINITIONAL_REPRESENTATION('',(#10740),#10744);
#10740 = LINE('',#10741,#10742);
#10741 = CARTESIAN_POINT('',(-0.,-0.));
#10742 = VECTOR('',#10743,1.);
#10743 = DIRECTION('',(-1.,-0.));
#10744 = ( GEOMETRIC_REPRESENTATION_CONTEXT(2) 
PARAMETRIC_REPRESENTATION_CONTEXT() REPRESENTATION_CONTEXT('2D SPACE',''
  ) );
#10745 = PCURVE('',#1275,#10746);
#10746 = DEFINITIONAL_REPRESENTATION('',(#10747),#10751);
#10747 = LINE('',#10748,#10749);
#10748 = CARTESIAN_POINT('',(-0.,-0.937965551745));
#10749 = VECTOR('',#10750,1.);
#10750 = DIRECTION('',(-1.,-0.));
#10751 = ( GEOMETRIC_REPRESENTATION_CONTEXT(2) 
PARAMETRIC_REPRESENTATION_CONTEXT() REPRESENTATION_CONTEXT('2D SPACE',''
  ) );
#10752 = ORIENTED_EDGE('',*,*,#1221,.F.);
#10753 = ORIENTED_EDGE('',*,*,#10673,.F.);
#10754 = ORIENTED_EDGE('',*,*,#10755,.T.);
#10755 = EDGE_CURVE('',#10674,#10730,#10756,.T.);
#10756 = SURFACE_CURVE('',#10757,(#10763,#10772),.PCURVE_S1.);
#10757 = B_SPLINE_CURVE_WITH_KNOTS('',4,(#10758,#10759,#10760,#10761,
    #10762),.UNSPECIFIED.,.F.,.F.,(5,5),(0.,1.),
  .PIECEWISE_BEZIER_KNOTS.);
#10758 = CARTESIAN_POINT('',(-71.48159669831,-44.41666991351,
    120.77785116509));
#10759 = CARTESIAN_POINT('',(-71.63968788073,-44.38147266914,
    120.56138589682));
#10760 = CARTESIAN_POINT('',(-71.79826956994,-44.34486882934,
    120.34514934066));
#10761 = CARTESIAN_POINT('',(-71.95731989757,-44.30686062348,
    120.1291552074));
#10762 = CARTESIAN_POINT('',(-72.11681692069,-44.26745054779,
    119.91341716182));
#10763 = PCURVE('',#1241,#10764);
#10764 = DEFINITIONAL_REPRESENTATION('',(#10765),#10771);
#10765 = B_SPLINE_CURVE_WITH_KNOTS('',4,(#10766,#10767,#10768,#10769,
    #10770),.UNSPECIFIED.,.F.,.F.,(5,5),(0.,1.),
  .PIECEWISE_BEZIER_KNOTS.);
#10766 = CARTESIAN_POINT('',(-3.697578887854,-0.864434003273));
#10767 = CARTESIAN_POINT('',(-3.69623220321,-0.647968734999));
#10768 = CARTESIAN_POINT('',(-3.694873183262,-0.431732178837));
#10769 = CARTESIAN_POINT('',(-3.693502071153,-0.215738045583));
#10770 = CARTESIAN_POINT('',(-3.692119104129,0.));
#10771 = ( GEOMETRIC_REPRESENTATION_CONTEXT(2) 
PARAMETRIC_REPRESENTATION_CONTEXT() REPRESENTATION_CONTEXT('2D SPACE',''
  ) );
#10772 = PCURVE('',#553,#10773);
#10773 = DEFINITIONAL_REPRESENTATION('',(#10774),#10780);
#10774 = B_SPLINE_CURVE_WITH_KNOTS('',4,(#10775,#10776,#10777,#10778,
    #10779),.UNSPECIFIED.,.F.,.F.,(5,5),(0.,1.),
  .PIECEWISE_BEZIER_KNOTS.);
#10775 = CARTESIAN_POINT('',(1.731985619964,82.618403301688));
#10776 = CARTESIAN_POINT('',(1.736859134091,82.460312119261));
#10777 = CARTESIAN_POINT('',(1.741732648221,82.301730430056));
#10778 = CARTESIAN_POINT('',(1.746606162351,82.142680102425));
#10779 = CARTESIAN_POINT('',(1.751479676478,81.983183079309));
#10780 = ( GEOMETRIC_REPRESENTATION_CONTEXT(2) 
PARAMETRIC_REPRESENTATION_CONTEXT() REPRESENTATION_CONTEXT('2D SPACE',''
  ) );
#10781 = ADVANCED_FACE('',(#10782),#1275,.T.);
#10782 = FACE_BOUND('',#10783,.T.);
#10783 = EDGE_LOOP('',(#10784,#10808,#10809,#10810));
#10784 = ORIENTED_EDGE('',*,*,#10785,.T.);
#10785 = EDGE_CURVE('',#10786,#1256,#10788,.T.);
#10786 = VERTEX_POINT('',#10787);
#10787 = CARTESIAN_POINT('',(-72.56114106132,-44.08579733154,
    118.97545161008));
#10788 = SURFACE_CURVE('',#10789,(#10794,#10801),.PCURVE_S1.);
#10789 = CIRCLE('',#10790,84.903926402016);
#10790 = AXIS2_PLACEMENT_3D('',#10791,#10792,#10793);
#10791 = CARTESIAN_POINT('',(0.,0.,118.97545161008));
#10792 = DIRECTION('',(0.,0.,1.));
#10793 = DIRECTION('',(1.,0.,-0.));
#10794 = PCURVE('',#1275,#10795);
#10795 = DEFINITIONAL_REPRESENTATION('',(#10796),#10800);
#10796 = LINE('',#10797,#10798);
#10797 = CARTESIAN_POINT('',(-0.,-0.));
#10798 = VECTOR('',#10799,1.);
#10799 = DIRECTION('',(-1.,-0.));
#10800 = ( GEOMETRIC_REPRESENTATION_CONTEXT(2) 
PARAMETRIC_REPRESENTATION_CONTEXT() REPRESENTATION_CONTEXT('2D SPACE',''
  ) );
#10801 = PCURVE('',#469,#10802);
#10802 = DEFINITIONAL_REPRESENTATION('',(#10803),#10807);
#10803 = LINE('',#10804,#10805);
#10804 = CARTESIAN_POINT('',(-0.,-0.975451610081));
#10805 = VECTOR('',#10806,1.);
#10806 = DIRECTION('',(-1.,-0.));
#10807 = ( GEOMETRIC_REPRESENTATION_CONTEXT(2) 
PARAMETRIC_REPRESENTATION_CONTEXT() REPRESENTATION_CONTEXT('2D SPACE',''
  ) );
#10808 = ORIENTED_EDGE('',*,*,#1255,.F.);
#10809 = ORIENTED_EDGE('',*,*,#10729,.F.);
#10810 = ORIENTED_EDGE('',*,*,#10811,.T.);
#10811 = EDGE_CURVE('',#10730,#10786,#10812,.T.);
#10812 = SURFACE_CURVE('',#10813,(#10819,#10828),.PCURVE_S1.);
#10813 = B_SPLINE_CURVE_WITH_KNOTS('',4,(#10814,#10815,#10816,#10817,
    #10818),.UNSPECIFIED.,.F.,.F.,(5,5),(0.,1.),
  .PIECEWISE_BEZIER_KNOTS.);
#10814 = CARTESIAN_POINT('',(-72.11681692069,-44.26745054779,
    119.91341716182));
#10815 = CARTESIAN_POINT('',(-72.22679643748,-44.22452823657,
    119.6784524892));
#10816 = CARTESIAN_POINT('',(-72.33752479179,-44.1799430512,
    119.44379158273));
#10817 = CARTESIAN_POINT('',(-72.44898037812,-44.13369821654,
    119.20945209595));
#10818 = CARTESIAN_POINT('',(-72.56114106132,-44.08579733154,
    118.97545161008));
#10819 = PCURVE('',#1275,#10820);
#10820 = DEFINITIONAL_REPRESENTATION('',(#10821),#10827);
#10821 = B_SPLINE_CURVE_WITH_KNOTS('',4,(#10822,#10823,#10824,#10825,
    #10826),.UNSPECIFIED.,.F.,.F.,(5,5),(0.,1.),
  .PIECEWISE_BEZIER_KNOTS.);
#10822 = CARTESIAN_POINT('',(-3.692119104129,-0.937965551745));
#10823 = CARTESIAN_POINT('',(-3.691006891675,-0.703000879126));
#10824 = CARTESIAN_POINT('',(-3.689875800209,-0.468339972656));
#10825 = CARTESIAN_POINT('',(-3.688726080279,-0.234000485872));
#10826 = CARTESIAN_POINT('',(-3.68755798295,0.));
#10827 = ( GEOMETRIC_REPRESENTATION_CONTEXT(2) 
PARAMETRIC_REPRESENTATION_CONTEXT() REPRESENTATION_CONTEXT('2D SPACE',''
  ) );
#10828 = PCURVE('',#553,#10829);
#10829 = DEFINITIONAL_REPRESENTATION('',(#10830),#10836);
#10830 = B_SPLINE_CURVE_WITH_KNOTS('',4,(#10831,#10832,#10833,#10834,
    #10835),.UNSPECIFIED.,.F.,.F.,(5,5),(0.,1.),
  .PIECEWISE_BEZIER_KNOTS.);
#10831 = CARTESIAN_POINT('',(1.751479676478,81.983183079309));
#10832 = CARTESIAN_POINT('',(1.756787519367,81.873203562512));
#10833 = CARTESIAN_POINT('',(1.762095362261,81.762475208206));
#10834 = CARTESIAN_POINT('',(1.767403205157,81.651019621871));
#10835 = CARTESIAN_POINT('',(1.772711048046,81.538858938679));
#10836 = ( GEOMETRIC_REPRESENTATION_CONTEXT(2) 
PARAMETRIC_REPRESENTATION_CONTEXT() REPRESENTATION_CONTEXT('2D SPACE',''
  ) );
#10837 = ADVANCED_FACE('',(#10838),#1391,.T.);
#10838 = FACE_BOUND('',#10839,.T.);
#10839 = EDGE_LOOP('',(#10840,#10841,#10863,#10973));
#10840 = ORIENTED_EDGE('',*,*,#1317,.F.);
#10841 = ORIENTED_EDGE('',*,*,#10842,.T.);
#10842 = EDGE_CURVE('',#265,#286,#10843,.T.);
#10843 = SURFACE_CURVE('',#10844,(#10849,#10856),.PCURVE_S1.);
#10844 = CIRCLE('',#10845,85.);
#10845 = AXIS2_PLACEMENT_3D('',#10846,#10847,#10848);
#10846 = CARTESIAN_POINT('',(0.,0.,83.));
#10847 = DIRECTION('',(0.,0.,1.));
#10848 = DIRECTION('',(1.,0.,-0.));
#10849 = PCURVE('',#1391,#10850);
#10850 = DEFINITIONAL_REPRESENTATION('',(#10851),#10855);
#10851 = LINE('',#10852,#10853);
#10852 = CARTESIAN_POINT('',(0.,0.));
#10853 = VECTOR('',#10854,1.);
#10854 = DIRECTION('',(1.,0.));
#10855 = ( GEOMETRIC_REPRESENTATION_CONTEXT(2) 
PARAMETRIC_REPRESENTATION_CONTEXT() REPRESENTATION_CONTEXT('2D SPACE',''
  ) );
#10856 = PCURVE('',#248,#10857);
#10857 = DEFINITIONAL_REPRESENTATION('',(#10858),#10862);
#10858 = CIRCLE('',#10859,85.);
#10859 = AXIS2_PLACEMENT_2D('',#10860,#10861);
#10860 = CARTESIAN_POINT('',(0.,0.));
#10861 = DIRECTION('',(1.,-0.));
#10862 = ( GEOMETRIC_REPRESENTATION_CONTEXT(2) 
PARAMETRIC_REPRESENTATION_CONTEXT() REPRESENTATION_CONTEXT('2D SPACE',''
  ) );
#10863 = ORIENTED_EDGE('',*,*,#10864,.T.);
#10864 = EDGE_CURVE('',#286,#10865,#10867,.T.);
#10865 = VERTEX_POINT('',#10866);
#10866 = CARTESIAN_POINT('',(-72.8010988928,43.874821936961,118.));
#10867 = SURFACE_CURVE('',#10868,(#10901,#10937),.PCURVE_S1.);
#10868 = B_SPLINE_CURVE_WITH_KNOTS('',6,(#10869,#10870,#10871,#10872,
    #10873,#10874,#10875,#10876,#10877,#10878,#10879,#10880,#10881,
    #10882,#10883,#10884,#10885,#10886,#10887,#10888,#10889,#10890,
    #10891,#10892,#10893,#10894,#10895,#10896,#10897,#10898,#10899,
    #10900),.UNSPECIFIED.,.F.,.F.,(7,5,5,5,5,5,7),(0.,0.16501244064,
    0.265981364102,0.392581332565,0.488672733991,0.772207230296,1.),
  .UNSPECIFIED.);
#10869 = CARTESIAN_POINT('',(-85.,2.449293598295E-15,83.));
#10870 = CARTESIAN_POINT('',(-85.,2.040056127609,83.));
#10871 = CARTESIAN_POINT('',(-84.94124464342,4.076220078501,
    83.110982391366));
#10872 = CARTESIAN_POINT('',(-84.82415510387,6.092829629799,
    83.33215129625));
#10873 = CARTESIAN_POINT('',(-84.65185049813,8.07434627368,
    83.659093563001));
#10874 = CARTESIAN_POINT('',(-84.43009346658,10.005703817626,
    84.083805934384));
#10875 = CARTESIAN_POINT('',(-84.00560113925,13.014987911682,
    84.906929897516));
#10876 = CARTESIAN_POINT('',(-83.82871418202,14.134442752249,
    85.251909001079));
#10877 = CARTESIAN_POINT('',(-83.63750150726,15.229885101324,
    85.627438198691));
#10878 = CARTESIAN_POINT('',(-83.43344327548,16.300300110612,
    86.031506812008));
#10879 = CARTESIAN_POINT('',(-83.21805862782,17.344773610556,
    86.462047551292));
#10880 = CARTESIAN_POINT('',(-82.71055003016,19.638558312669,
    87.487277634256));
#10881 = CARTESIAN_POINT('',(-82.41277137309,20.872803540272,
    88.096000075609));
#10882 = CARTESIAN_POINT('',(-82.10218589855,22.065323184122,
    88.739689267076));
#10883 = CARTESIAN_POINT('',(-81.78126794029,23.216392118296,
    89.41525206753));
#10884 = CARTESIAN_POINT('',(-81.4523237452,24.326424348699,
    90.119879939786));
#10885 = CARTESIAN_POINT('',(-80.86333930553,26.207707348823,
    91.405970150365));
#10886 = CARTESIAN_POINT('',(-80.60575207064,26.996280434994,
    91.976292054569));
#10887 = CARTESIAN_POINT('',(-80.3456028479,27.762029039421,
    92.560998000426));
#10888 = CARTESIAN_POINT('',(-80.08370942074,28.5053358025,
    93.159203588941));
#10889 = CARTESIAN_POINT('',(-79.82083147158,29.226589810128,
    93.770130249238));
#10890 = CARTESIAN_POINT('',(-78.78117771619,31.990471264066,
    96.231304833645));
#10891 = CARTESIAN_POINT('',(-78.00172572052,33.867564744483,
    98.175624515332));
#10892 = CARTESIAN_POINT('',(-77.23796597925,35.565667849588,
    100.20774634566));
#10893 = CARTESIAN_POINT('',(-76.50514290323,37.09251395476,
    102.31527721233));
#10894 = CARTESIAN_POINT('',(-75.81637308897,38.454096867598,
    104.48992513751));
#10895 = CARTESIAN_POINT('',(-74.67515583271,40.617837714227,
    108.52312203895));
#10896 = CARTESIAN_POINT('',(-74.20294716682,41.477201748284,
    110.35948722774));
#10897 = CARTESIAN_POINT('',(-73.77385998152,42.232396264132,
    112.22992619469));
#10898 = CARTESIAN_POINT('',(-73.39396492414,42.883751270601,
    114.12960740037));
#10899 = CARTESIAN_POINT('',(-73.06836763266,43.431345313704,
    116.05425408933));
#10900 = CARTESIAN_POINT('',(-72.80109881038,43.874822073713,118.0000006
    ));
#10901 = PCURVE('',#1391,#10902);
#10902 = DEFINITIONAL_REPRESENTATION('',(#10903),#10936);
#10903 = B_SPLINE_CURVE_WITH_KNOTS('',6,(#10904,#10905,#10906,#10907,
    #10908,#10909,#10910,#10911,#10912,#10913,#10914,#10915,#10916,
    #10917,#10918,#10919,#10920,#10921,#10922,#10923,#10924,#10925,
    #10926,#10927,#10928,#10929,#10930,#10931,#10932,#10933,#10934,
    #10935),.UNSPECIFIED.,.F.,.F.,(7,5,5,5,5,5,7),(0.,0.16501244064,
    0.265981364102,0.392581332565,0.488672733991,0.772207230296,1.),
  .UNSPECIFIED.);
#10904 = CARTESIAN_POINT('',(3.14159265359,0.));
#10905 = CARTESIAN_POINT('',(3.117591993265,-3.145116851676E-16));
#10906 = CARTESIAN_POINT('',(3.093637118551,0.110982391366));
#10907 = CARTESIAN_POINT('',(3.069887437517,0.33215129625));
#10908 = CARTESIAN_POINT('',(3.046501236604,0.659093563001));
#10909 = CARTESIAN_POINT('',(3.023637715424,1.083805934384));
#10910 = CARTESIAN_POINT('',(2.987883877109,1.906929897516));
#10911 = CARTESIAN_POINT('',(2.974552254507,2.251909001079));
#10912 = CARTESIAN_POINT('',(2.961472316708,2.627438198691));
#10913 = CARTESIAN_POINT('',(2.948654627232,3.031506812008));
#10914 = CARTESIAN_POINT('',(2.936109454206,3.462047551292));
#10915 = CARTESIAN_POINT('',(2.908471124579,4.487277634256));
#10916 = CARTESIAN_POINT('',(2.893536656306,5.096000075609));
#10917 = CARTESIAN_POINT('',(2.879042395778,5.739689267076));
#10918 = CARTESIAN_POINT('',(2.864986804945,6.41525206753));
#10919 = CARTESIAN_POINT('',(2.851367861452,7.119879939786));
#10920 = CARTESIAN_POINT('',(2.828175784304,8.405970150365));
#10921 = CARTESIAN_POINT('',(2.818416789581,8.976292054569));
#10922 = CARTESIAN_POINT('',(2.808903244698,9.560998000426));
#10923 = CARTESIAN_POINT('',(2.799632368949,10.159203588941));
#10924 = CARTESIAN_POINT('',(2.79060147304,10.770130249238));
#10925 = CARTESIAN_POINT('',(2.75586087102,13.231304833645));
#10926 = CARTESIAN_POINT('',(2.731962841391,15.175624515332));
#10927 = CARTESIAN_POINT('',(2.710069347271,17.207746345668));
#10928 = CARTESIAN_POINT('',(2.6901516046,19.315277212331));
#10929 = CARTESIAN_POINT('',(2.672202663114,21.489925137516));
#10930 = CARTESIAN_POINT('',(2.643423221977,25.523122038956));
#10931 = CARTESIAN_POINT('',(2.631888961152,27.359487227746));
#10932 = CARTESIAN_POINT('',(2.621671601459,29.229926194691));
#10933 = CARTESIAN_POINT('',(2.612800963449,31.129607400379));
#10934 = CARTESIAN_POINT('',(2.605306030133,33.054254089333));
#10935 = CARTESIAN_POINT('',(2.599214408341,35.0000006));
#10936 = ( GEOMETRIC_REPRESENTATION_CONTEXT(2) 
PARAMETRIC_REPRESENTATION_CONTEXT() REPRESENTATION_CONTEXT('2D SPACE',''
  ) );
#10937 = PCURVE('',#553,#10938);
#10938 = DEFINITIONAL_REPRESENTATION('',(#10939),#10972);
#10939 = B_SPLINE_CURVE_WITH_KNOTS('',6,(#10940,#10941,#10942,#10943,
    #10944,#10945,#10946,#10947,#10948,#10949,#10950,#10951,#10952,
    #10953,#10954,#10955,#10956,#10957,#10958,#10959,#10960,#10961,
    #10962,#10963,#10964,#10965,#10966,#10967,#10968,#10969,#10970,
    #10971),.UNSPECIFIED.,.F.,.F.,(7,5,5,5,5,5,7),(0.,0.16501244064,
    0.265981364102,0.392581332565,0.488672733991,0.772207230296,1.),
  .UNSPECIFIED.);
#10940 = CARTESIAN_POINT('',(3.14159265359,69.1));
#10941 = CARTESIAN_POINT('',(3.186927234203,69.1));
#10942 = CARTESIAN_POINT('',(3.232175319228,69.158755356571));
#10943 = CARTESIAN_POINT('',(3.277156590799,69.275844896125));
#10944 = CARTESIAN_POINT('',(3.321690177828,69.448149501865));
#10945 = CARTESIAN_POINT('',(3.365578601852,69.669906533416));
#10946 = CARTESIAN_POINT('',(3.43490810252,70.094398860747));
#10947 = CARTESIAN_POINT('',(3.460926055071,70.271285817975));
#10948 = CARTESIAN_POINT('',(3.486641221615,70.462498492734));
#10949 = CARTESIAN_POINT('',(3.512049157107,70.666556724511));
#10950 = CARTESIAN_POINT('',(3.537143466667,70.881941372176));
#10951 = CARTESIAN_POINT('',(3.592976307937,71.389449969831));
#10952 = CARTESIAN_POINT('',(3.623536440902,71.687228626901));
#10953 = CARTESIAN_POINT('',(3.65362102081,71.997814101447));
#10954 = CARTESIAN_POINT('',(3.683252928981,72.318732059702));
#10955 = CARTESIAN_POINT('',(3.712453534383,72.6476762548));
#10956 = CARTESIAN_POINT('',(3.763095115679,73.236660694461));
#10957 = CARTESIAN_POINT('',(3.784714149667,73.494247929355));
#10958 = CARTESIAN_POINT('',(3.806113634513,73.754397152092));
#10959 = CARTESIAN_POINT('',(3.827306292957,74.016290579256));
#10960 = CARTESIAN_POINT('',(3.848304717473,74.279168528413));
#10961 = CARTESIAN_POINT('',(3.930546219796,75.318822283801));
#10962 = CARTESIAN_POINT('',(3.990432368532,76.098274279479));
#10963 = CARTESIAN_POINT('',(4.049062439251,76.862034020745));
#10964 = CARTESIAN_POINT('',(4.106695480314,77.594857096764));
#10965 = CARTESIAN_POINT('',(4.163583968859,78.283626911022));
#10966 = CARTESIAN_POINT('',(4.265293921265,79.424844167287));
#10967 = CARTESIAN_POINT('',(4.310281983918,79.897052833175));
#10968 = CARTESIAN_POINT('',(4.355010427697,80.326140018472));
#10969 = CARTESIAN_POINT('',(4.399543528032,80.706035075857));
#10970 = CARTESIAN_POINT('',(4.443948223097,81.031632367338));
#10971 = CARTESIAN_POINT('',(4.488295901759,81.298901189611));
#10972 = ( GEOMETRIC_REPRESENTATION_CONTEXT(2) 
PARAMETRIC_REPRESENTATION_CONTEXT() REPRESENTATION_CONTEXT('2D SPACE',''
  ) );
#10973 = ORIENTED_EDGE('',*,*,#10974,.F.);
#10974 = EDGE_CURVE('',#1318,#10865,#10975,.T.);
#10975 = SURFACE_CURVE('',#10976,(#10981,#10988),.PCURVE_S1.);
#10976 = CIRCLE('',#10977,85.);
#10977 = AXIS2_PLACEMENT_3D('',#10978,#10979,#10980);
#10978 = CARTESIAN_POINT('',(0.,0.,118.));
#10979 = DIRECTION('',(0.,0.,1.));
#10980 = DIRECTION('',(1.,0.,-0.));
#10981 = PCURVE('',#1391,#10982);
#10982 = DEFINITIONAL_REPRESENTATION('',(#10983),#10987);
#10983 = LINE('',#10984,#10985);
#10984 = CARTESIAN_POINT('',(0.,35.));
#10985 = VECTOR('',#10986,1.);
#10986 = DIRECTION('',(1.,0.));
#10987 = ( GEOMETRIC_REPRESENTATION_CONTEXT(2) 
PARAMETRIC_REPRESENTATION_CONTEXT() REPRESENTATION_CONTEXT('2D SPACE',''
  ) );
#10988 = PCURVE('',#1452,#10989);
#10989 = DEFINITIONAL_REPRESENTATION('',(#10990),#10994);
#10990 = LINE('',#10991,#10992);
#10991 = CARTESIAN_POINT('',(-0.,-0.));
#10992 = VECTOR('',#10993,1.);
#10993 = DIRECTION('',(-1.,-0.));
#10994 = ( GEOMETRIC_REPRESENTATION_CONTEXT(2) 
PARAMETRIC_REPRESENTATION_CONTEXT() REPRESENTATION_CONTEXT('2D SPACE',''
  ) );
#10995 = ADVANCED_FACE('',(#10996),#1452,.T.);
#10996 = FACE_BOUND('',#10997,.T.);
#10997 = EDGE_LOOP('',(#10998,#10999,#11000,#11029));
#10998 = ORIENTED_EDGE('',*,*,#1432,.F.);
#10999 = ORIENTED_EDGE('',*,*,#10974,.T.);
#11000 = ORIENTED_EDGE('',*,*,#11001,.T.);
#11001 = EDGE_CURVE('',#10865,#11002,#11004,.T.);
#11002 = VERTEX_POINT('',#11003);
#11003 = CARTESIAN_POINT('',(-72.56114106132,44.085797331544,
    118.97545161008));
#11004 = SURFACE_CURVE('',#11005,(#11011,#11020),.PCURVE_S1.);
#11005 = B_SPLINE_CURVE_WITH_KNOTS('',4,(#11006,#11007,#11008,#11009,
    #11010),.UNSPECIFIED.,.F.,.F.,(5,5),(0.,1.),
  .PIECEWISE_BEZIER_KNOTS.);
#11006 = CARTESIAN_POINT('',(-72.8010988928,43.874821936961,118.));
#11007 = CARTESIAN_POINT('',(-72.73971973795,43.930258013947,
    118.24322480066));
#11008 = CARTESIAN_POINT('',(-72.67925622438,43.983901660897,
    118.48688286977));
#11009 = CARTESIAN_POINT('',(-72.61972470349,44.035749390936,
    118.73096254855));
#11010 = CARTESIAN_POINT('',(-72.56114106132,44.085797331544,
    118.97545161008));
#11011 = PCURVE('',#1452,#11012);
#11012 = DEFINITIONAL_REPRESENTATION('',(#11013),#11019);
#11013 = B_SPLINE_CURVE_WITH_KNOTS('',4,(#11014,#11015,#11016,#11017,
    #11018),.UNSPECIFIED.,.F.,.F.,(5,5),(0.,1.),
  .PIECEWISE_BEZIER_KNOTS.);
#11014 = CARTESIAN_POINT('',(-2.599214410219,1.684672614342E-14));
#11015 = CARTESIAN_POINT('',(-2.598283087477,-0.243224800668));
#11016 = CARTESIAN_POINT('',(-2.59737468618,-0.486882869772));
#11017 = CARTESIAN_POINT('',(-2.596489374575,-0.730962548557));
#11018 = CARTESIAN_POINT('',(-2.59562732423,-0.975451610081));
#11019 = ( GEOMETRIC_REPRESENTATION_CONTEXT(2) 
PARAMETRIC_REPRESENTATION_CONTEXT() REPRESENTATION_CONTEXT('2D SPACE',''
  ) );
#11020 = PCURVE('',#553,#11021);
#11021 = DEFINITIONAL_REPRESENTATION('',(#11022),#11028);
#11022 = B_SPLINE_CURVE_WITH_KNOTS('',4,(#11023,#11024,#11025,#11026,
    #11027),.UNSPECIFIED.,.F.,.F.,(5,5),(0.,1.),
  .PIECEWISE_BEZIER_KNOTS.);
#11023 = CARTESIAN_POINT('',(4.488295888083,81.298901107195));
#11024 = CARTESIAN_POINT('',(4.493839495782,81.360280262047));
#11025 = CARTESIAN_POINT('',(4.49938363943,81.420743775619));
#11026 = CARTESIAN_POINT('',(4.504928503441,81.480275296509));
#11027 = CARTESIAN_POINT('',(4.510474259134,81.538858938679));
#11028 = ( GEOMETRIC_REPRESENTATION_CONTEXT(2) 
PARAMETRIC_REPRESENTATION_CONTEXT() REPRESENTATION_CONTEXT('2D SPACE',''
  ) );
#11029 = ORIENTED_EDGE('',*,*,#11030,.F.);
#11030 = EDGE_CURVE('',#1433,#11002,#11031,.T.);
#11031 = SURFACE_CURVE('',#11032,(#11037,#11044),.PCURVE_S1.);
#11032 = CIRCLE('',#11033,84.903926402016);
#11033 = AXIS2_PLACEMENT_3D('',#11034,#11035,#11036);
#11034 = CARTESIAN_POINT('',(0.,0.,118.97545161008));
#11035 = DIRECTION('',(0.,0.,1.));
#11036 = DIRECTION('',(1.,0.,-0.));
#11037 = PCURVE('',#1452,#11038);
#11038 = DEFINITIONAL_REPRESENTATION('',(#11039),#11043);
#11039 = LINE('',#11040,#11041);
#11040 = CARTESIAN_POINT('',(-0.,-0.975451610081));
#11041 = VECTOR('',#11042,1.);
#11042 = DIRECTION('',(-1.,-0.));
#11043 = ( GEOMETRIC_REPRESENTATION_CONTEXT(2) 
PARAMETRIC_REPRESENTATION_CONTEXT() REPRESENTATION_CONTEXT('2D SPACE',''
  ) );
#11044 = PCURVE('',#1486,#11045);
#11045 = DEFINITIONAL_REPRESENTATION('',(#11046),#11050);
#11046 = LINE('',#11047,#11048);
#11047 = CARTESIAN_POINT('',(-0.,-0.));
#11048 = VECTOR('',#11049,1.);
#11049 = DIRECTION('',(-1.,-0.));
#11050 = ( GEOMETRIC_REPRESENTATION_CONTEXT(2) 
PARAMETRIC_REPRESENTATION_CONTEXT() REPRESENTATION_CONTEXT('2D SPACE',''
  ) );
#11051 = ADVANCED_FACE('',(#11052),#1486,.T.);
#11052 = FACE_BOUND('',#11053,.T.);
#11053 = EDGE_LOOP('',(#11054,#11055,#11056,#11085));
#11054 = ORIENTED_EDGE('',*,*,#1466,.F.);
#11055 = ORIENTED_EDGE('',*,*,#11030,.T.);
#11056 = ORIENTED_EDGE('',*,*,#11057,.T.);
#11057 = EDGE_CURVE('',#11002,#11058,#11060,.T.);
#11058 = VERTEX_POINT('',#11059);
#11059 = CARTESIAN_POINT('',(-72.11681692069,44.267450547793,
    119.91341716182));
#11060 = SURFACE_CURVE('',#11061,(#11067,#11076),.PCURVE_S1.);
#11061 = B_SPLINE_CURVE_WITH_KNOTS('',4,(#11062,#11063,#11064,#11065,
    #11066),.UNSPECIFIED.,.F.,.F.,(5,5),(0.,1.),
  .PIECEWISE_BEZIER_KNOTS.);
#11062 = CARTESIAN_POINT('',(-72.56114106132,44.085797331544,
    118.97545161008));
#11063 = CARTESIAN_POINT('',(-72.44907127325,44.13365939762,
    119.20926246174));
#11064 = CARTESIAN_POINT('',(-72.33764902077,44.179892192136,
    119.44352947248));
#11065 = CARTESIAN_POINT('',(-72.22689167693,44.224491066955,
    119.67824901582));
#11066 = CARTESIAN_POINT('',(-72.11681692069,44.267450547793,
    119.91341716182));
#11067 = PCURVE('',#1486,#11068);
#11068 = DEFINITIONAL_REPRESENTATION('',(#11069),#11075);
#11069 = B_SPLINE_CURVE_WITH_KNOTS('',4,(#11070,#11071,#11072,#11073,
    #11074),.UNSPECIFIED.,.F.,.F.,(5,5),(0.,1.),
  .PIECEWISE_BEZIER_KNOTS.);
#11070 = CARTESIAN_POINT('',(-2.59562732423,-1.696093822064E-14));
#11071 = CARTESIAN_POINT('',(-2.594460173528,-0.23381085166));
#11072 = CARTESIAN_POINT('',(-2.593310782876,-0.468077862406));
#11073 = CARTESIAN_POINT('',(-2.592179378652,-0.702797405739));
#11074 = CARTESIAN_POINT('',(-2.591066203051,-0.937965551745));
#11075 = ( GEOMETRIC_REPRESENTATION_CONTEXT(2) 
PARAMETRIC_REPRESENTATION_CONTEXT() REPRESENTATION_CONTEXT('2D SPACE',''
  ) );
#11076 = PCURVE('',#553,#11077);
#11077 = DEFINITIONAL_REPRESENTATION('',(#11078),#11084);
#11078 = B_SPLINE_CURVE_WITH_KNOTS('',4,(#11079,#11080,#11081,#11082,
    #11083),.UNSPECIFIED.,.F.,.F.,(5,5),(0.,1.),
  .PIECEWISE_BEZIER_KNOTS.);
#11079 = CARTESIAN_POINT('',(4.510474259134,81.538858938679));
#11080 = CARTESIAN_POINT('',(4.515777800542,81.650928726749));
#11081 = CARTESIAN_POINT('',(4.521084011943,81.762350979226));
#11082 = CARTESIAN_POINT('',(4.526393191357,81.873108323068));
#11083 = CARTESIAN_POINT('',(4.531705630702,81.983183079309));
#11084 = ( GEOMETRIC_REPRESENTATION_CONTEXT(2) 
PARAMETRIC_REPRESENTATION_CONTEXT() REPRESENTATION_CONTEXT('2D SPACE',''
  ) );
#11085 = ORIENTED_EDGE('',*,*,#11086,.F.);
#11086 = EDGE_CURVE('',#1467,#11058,#11087,.T.);
#11087 = SURFACE_CURVE('',#11088,(#11093,#11100),.PCURVE_S1.);
#11088 = CIRCLE('',#11089,84.619397662556);
#11089 = AXIS2_PLACEMENT_3D('',#11090,#11091,#11092);
#11090 = CARTESIAN_POINT('',(0.,0.,119.91341716182));
#11091 = DIRECTION('',(0.,0.,1.));
#11092 = DIRECTION('',(1.,0.,-0.));
#11093 = PCURVE('',#1486,#11094);
#11094 = DEFINITIONAL_REPRESENTATION('',(#11095),#11099);
#11095 = LINE('',#11096,#11097);
#11096 = CARTESIAN_POINT('',(-0.,-0.937965551745));
#11097 = VECTOR('',#11098,1.);
#11098 = DIRECTION('',(-1.,-0.));
#11099 = ( GEOMETRIC_REPRESENTATION_CONTEXT(2) 
PARAMETRIC_REPRESENTATION_CONTEXT() REPRESENTATION_CONTEXT('2D SPACE',''
  ) );
#11100 = PCURVE('',#1520,#11101);
#11101 = DEFINITIONAL_REPRESENTATION('',(#11102),#11106);
#11102 = LINE('',#11103,#11104);
#11103 = CARTESIAN_POINT('',(-0.,-0.));
#11104 = VECTOR('',#11105,1.);
#11105 = DIRECTION('',(-1.,-0.));
#11106 = ( GEOMETRIC_REPRESENTATION_CONTEXT(2) 
PARAMETRIC_REPRESENTATION_CONTEXT() REPRESENTATION_CONTEXT('2D SPACE',''
  ) );
#11107 = ADVANCED_FACE('',(#11108),#1520,.T.);
#11108 = FACE_BOUND('',#11109,.T.);
#11109 = EDGE_LOOP('',(#11110,#11111,#11112,#11141));
#11110 = ORIENTED_EDGE('',*,*,#1500,.F.);
#11111 = ORIENTED_EDGE('',*,*,#11086,.T.);
#11112 = ORIENTED_EDGE('',*,*,#11113,.T.);
#11113 = EDGE_CURVE('',#11058,#11114,#11116,.T.);
#11114 = VERTEX_POINT('',#11115);
#11115 = CARTESIAN_POINT('',(-71.48159669831,44.416669913519,
    120.77785116509));
#11116 = SURFACE_CURVE('',#11117,(#11123,#11132),.PCURVE_S1.);
#11117 = B_SPLINE_CURVE_WITH_KNOTS('',4,(#11118,#11119,#11120,#11121,
    #11122),.UNSPECIFIED.,.F.,.F.,(5,5),(0.,1.),
  .PIECEWISE_BEZIER_KNOTS.);
#11118 = CARTESIAN_POINT('',(-72.11681692069,44.267450547793,
    119.91341716182));
#11119 = CARTESIAN_POINT('',(-71.95743768434,44.306831519589,
    120.12899588727));
#11120 = CARTESIAN_POINT('',(-71.79843281862,44.344830399189,
    120.34492725901));
#11121 = CARTESIAN_POINT('',(-71.63981483629,44.381444403907,
    120.5612120638));
#11122 = CARTESIAN_POINT('',(-71.48159669831,44.416669913519,
    120.77785116509));
#11123 = PCURVE('',#1520,#11124);
#11124 = DEFINITIONAL_REPRESENTATION('',(#11125),#11131);
#11125 = B_SPLINE_CURVE_WITH_KNOTS('',4,(#11126,#11127,#11128,#11129,
    #11130),.UNSPECIFIED.,.F.,.F.,(5,5),(0.,1.),
  .PIECEWISE_BEZIER_KNOTS.);
#11126 = CARTESIAN_POINT('',(-2.591066203051,5.145044360099E-15));
#11127 = CARTESIAN_POINT('',(-2.589684257333,-0.215578725449));
#11128 = CARTESIAN_POINT('',(-2.588313527636,-0.431510097186));
#11129 = CARTESIAN_POINT('',(-2.586954185428,-0.647794901981));
#11130 = CARTESIAN_POINT('',(-2.585606419325,-0.864434003273));
#11131 = ( GEOMETRIC_REPRESENTATION_CONTEXT(2) 
PARAMETRIC_REPRESENTATION_CONTEXT() REPRESENTATION_CONTEXT('2D SPACE',''
  ) );
#11132 = PCURVE('',#553,#11133);
#11133 = DEFINITIONAL_REPRESENTATION('',(#11134),#11140);
#11134 = B_SPLINE_CURVE_WITH_KNOTS('',4,(#11135,#11136,#11137,#11138,
    #11139),.UNSPECIFIED.,.F.,.F.,(5,5),(0.,1.),
  .PIECEWISE_BEZIER_KNOTS.);
#11135 = CARTESIAN_POINT('',(4.531705630702,81.983183079309));
#11136 = CARTESIAN_POINT('',(4.536575545793,82.142562315657));
#11137 = CARTESIAN_POINT('',(4.541447650704,82.301567181377));
#11138 = CARTESIAN_POINT('',(4.5463222594,82.46018516371));
#11139 = CARTESIAN_POINT('',(4.551199687215,82.618403301688));
#11140 = ( GEOMETRIC_REPRESENTATION_CONTEXT(2) 
PARAMETRIC_REPRESENTATION_CONTEXT() REPRESENTATION_CONTEXT('2D SPACE',''
  ) );
#11141 = ORIENTED_EDGE('',*,*,#11142,.F.);
#11142 = EDGE_CURVE('',#1501,#11114,#11143,.T.);
#11143 = SURFACE_CURVE('',#11144,(#11149,#11156),.PCURVE_S1.);
#11144 = CIRCLE('',#11145,84.157348061513);
#11145 = AXIS2_PLACEMENT_3D('',#11146,#11147,#11148);
#11146 = CARTESIAN_POINT('',(0.,0.,120.77785116509));
#11147 = DIRECTION('',(0.,0.,1.));
#11148 = DIRECTION('',(1.,0.,-0.));
#11149 = PCURVE('',#1520,#11150);
#11150 = DEFINITIONAL_REPRESENTATION('',(#11151),#11155);
#11151 = LINE('',#11152,#11153);
#11152 = CARTESIAN_POINT('',(-0.,-0.864434003273));
#11153 = VECTOR('',#11154,1.);
#11154 = DIRECTION('',(-1.,-0.));
#11155 = ( GEOMETRIC_REPRESENTATION_CONTEXT(2) 
PARAMETRIC_REPRESENTATION_CONTEXT() REPRESENTATION_CONTEXT('2D SPACE',''
  ) );
#11156 = PCURVE('',#1554,#11157);
#11157 = DEFINITIONAL_REPRESENTATION('',(#11158),#11162);
#11158 = LINE('',#11159,#11160);
#11159 = CARTESIAN_POINT('',(-0.,-0.));
#11160 = VECTOR('',#11161,1.);
#11161 = DIRECTION('',(-1.,-0.));
#11162 = ( GEOMETRIC_REPRESENTATION_CONTEXT(2) 
PARAMETRIC_REPRESENTATION_CONTEXT() REPRESENTATION_CONTEXT('2D SPACE',''
  ) );
#11163 = ADVANCED_FACE('',(#11164),#1554,.T.);
#11164 = FACE_BOUND('',#11165,.T.);
#11165 = EDGE_LOOP('',(#11166,#11167,#11168,#11197));
#11166 = ORIENTED_EDGE('',*,*,#1534,.F.);
#11167 = ORIENTED_EDGE('',*,*,#11142,.T.);
#11168 = ORIENTED_EDGE('',*,*,#11169,.T.);
#11169 = EDGE_CURVE('',#11114,#11170,#11172,.T.);
#11170 = VERTEX_POINT('',#11171);
#11171 = CARTESIAN_POINT('',(-70.67513527988,44.53325362152,
    121.53553390593));
#11172 = SURFACE_CURVE('',#11173,(#11179,#11188),.PCURVE_S1.);
#11173 = B_SPLINE_CURVE_WITH_KNOTS('',4,(#11174,#11175,#11176,#11177,
    #11178),.UNSPECIFIED.,.F.,.F.,(5,5),(0.,1.),
  .PIECEWISE_BEZIER_KNOTS.);
#11174 = CARTESIAN_POINT('',(-71.48159669831,44.416669913519,
    120.77785116509));
#11175 = CARTESIAN_POINT('',(-71.27974244109,44.447423421605,
    120.96698717552));
#11176 = CARTESIAN_POINT('',(-71.07804319541,44.477105415399,
    121.15631212151));
#11177 = CARTESIAN_POINT('',(-70.87650528879,44.505715720396,
    121.3458272361));
#11178 = CARTESIAN_POINT('',(-70.67513527988,44.53325362152,
    121.53553390593));
#11179 = PCURVE('',#1554,#11180);
#11180 = DEFINITIONAL_REPRESENTATION('',(#11181),#11187);
#11181 = B_SPLINE_CURVE_WITH_KNOTS('',4,(#11182,#11183,#11184,#11185,
    #11186),.UNSPECIFIED.,.F.,.F.,(5,5),(0.,1.),
  .PIECEWISE_BEZIER_KNOTS.);
#11182 = CARTESIAN_POINT('',(-2.585606419325,3.045457811096E-15));
#11183 = CARTESIAN_POINT('',(-2.584030130157,-0.189136010424));
#11184 = CARTESIAN_POINT('',(-2.582457874843,-0.378460956414));
#11185 = CARTESIAN_POINT('',(-2.580889711567,-0.567976071002));
#11186 = CARTESIAN_POINT('',(-2.579325708047,-0.757682740835));
#11187 = ( GEOMETRIC_REPRESENTATION_CONTEXT(2) 
PARAMETRIC_REPRESENTATION_CONTEXT() REPRESENTATION_CONTEXT('2D SPACE',''
  ) );
#11188 = PCURVE('',#553,#11189);
#11189 = DEFINITIONAL_REPRESENTATION('',(#11190),#11196);
#11190 = B_SPLINE_CURVE_WITH_KNOTS('',4,(#11191,#11192,#11193,#11194,
    #11195),.UNSPECIFIED.,.F.,.F.,(5,5),(0.,1.),
  .PIECEWISE_BEZIER_KNOTS.);
#11191 = CARTESIAN_POINT('',(4.551199687215,82.618403301688));
#11192 = CARTESIAN_POINT('',(4.555457908527,82.820257558902));
#11193 = CARTESIAN_POINT('',(4.559716452443,83.021956804587));
#11194 = CARTESIAN_POINT('',(4.563975551223,83.223494711208));
#11195 = CARTESIAN_POINT('',(4.568235439159,83.424864720111));
#11196 = ( GEOMETRIC_REPRESENTATION_CONTEXT(2) 
PARAMETRIC_REPRESENTATION_CONTEXT() REPRESENTATION_CONTEXT('2D SPACE',''
  ) );
#11197 = ORIENTED_EDGE('',*,*,#11198,.F.);
#11198 = EDGE_CURVE('',#1535,#11170,#11199,.T.);
#11199 = SURFACE_CURVE('',#11200,(#11205,#11212),.PCURVE_S1.);
#11200 = CIRCLE('',#11201,83.535533905933);
#11201 = AXIS2_PLACEMENT_3D('',#11202,#11203,#11204);
#11202 = CARTESIAN_POINT('',(0.,0.,121.53553390593));
#11203 = DIRECTION('',(0.,0.,1.));
#11204 = DIRECTION('',(1.,0.,-0.));
#11205 = PCURVE('',#1554,#11206);
#11206 = DEFINITIONAL_REPRESENTATION('',(#11207),#11211);
#11207 = LINE('',#11208,#11209);
#11208 = CARTESIAN_POINT('',(-0.,-0.757682740835));
#11209 = VECTOR('',#11210,1.);
#11210 = DIRECTION('',(-1.,-0.));
#11211 = ( GEOMETRIC_REPRESENTATION_CONTEXT(2) 
PARAMETRIC_REPRESENTATION_CONTEXT() REPRESENTATION_CONTEXT('2D SPACE',''
  ) );
#11212 = PCURVE('',#1588,#11213);
#11213 = DEFINITIONAL_REPRESENTATION('',(#11214),#11218);
#11214 = LINE('',#11215,#11216);
#11215 = CARTESIAN_POINT('',(-0.,-0.));
#11216 = VECTOR('',#11217,1.);
#11217 = DIRECTION('',(-1.,-0.));
#11218 = ( GEOMETRIC_REPRESENTATION_CONTEXT(2) 
PARAMETRIC_REPRESENTATION_CONTEXT() REPRESENTATION_CONTEXT('2D SPACE',''
  ) );
#11219 = ADVANCED_FACE('',(#11220),#1588,.T.);
#11220 = FACE_BOUND('',#11221,.T.);
#11221 = EDGE_LOOP('',(#11222,#11223,#11224,#11253));
#11222 = ORIENTED_EDGE('',*,*,#1568,.F.);
#11223 = ORIENTED_EDGE('',*,*,#11198,.T.);
#11224 = ORIENTED_EDGE('',*,*,#11225,.T.);
#11225 = EDGE_CURVE('',#11170,#11226,#11228,.T.);
#11226 = VERTEX_POINT('',#11227);
#11227 = CARTESIAN_POINT('',(-69.72308961302,44.619092531401,
    122.15734806151));
#11228 = SURFACE_CURVE('',#11229,(#11235,#11244),.PCURVE_S1.);
#11229 = B_SPLINE_CURVE_WITH_KNOTS('',4,(#11230,#11231,#11232,#11233,
    #11234),.UNSPECIFIED.,.F.,.F.,(5,5),(0.,1.),
  .PIECEWISE_BEZIER_KNOTS.);
#11230 = CARTESIAN_POINT('',(-70.67513527988,44.53325362152,
    121.53553390593));
#11231 = CARTESIAN_POINT('',(-70.4371117792,44.555811359583,
    121.69093258165));
#11232 = CARTESIAN_POINT('',(-70.19909527077,44.57763616894,
    121.84636793457));
#11233 = CARTESIAN_POINT('',(-69.96108734596,44.598729485471,
    122.00183980257));
#11234 = CARTESIAN_POINT('',(-69.72308961302,44.619092531401,
    122.15734806151));
#11235 = PCURVE('',#1588,#11236);
#11236 = DEFINITIONAL_REPRESENTATION('',(#11237),#11243);
#11237 = B_SPLINE_CURVE_WITH_KNOTS('',4,(#11238,#11239,#11240,#11241,
    #11242),.UNSPECIFIED.,.F.,.F.,(5,5),(0.,1.),
  .PIECEWISE_BEZIER_KNOTS.);
#11238 = CARTESIAN_POINT('',(-2.579325708047,-2.787559425324E-14));
#11239 = CARTESIAN_POINT('',(-2.577578229101,-0.155398675722));
#11240 = CARTESIAN_POINT('',(-2.575827654978,-0.310834028638));
#11241 = CARTESIAN_POINT('',(-2.57407391936,-0.466305896638));
#11242 = CARTESIAN_POINT('',(-2.572316955843,-0.62181415558));
#11243 = ( GEOMETRIC_REPRESENTATION_CONTEXT(2) 
PARAMETRIC_REPRESENTATION_CONTEXT() REPRESENTATION_CONTEXT('2D SPACE',''
  ) );
#11244 = PCURVE('',#553,#11245);
#11245 = DEFINITIONAL_REPRESENTATION('',(#11246),#11252);
#11246 = B_SPLINE_CURVE_WITH_KNOTS('',4,(#11247,#11248,#11249,#11250,
    #11251),.UNSPECIFIED.,.F.,.F.,(5,5),(0.,1.),
  .PIECEWISE_BEZIER_KNOTS.);
#11247 = CARTESIAN_POINT('',(4.568235439159,83.424864720111));
#11248 = CARTESIAN_POINT('',(4.571724936626,83.662888220794));
#11249 = CARTESIAN_POINT('',(4.575212900942,83.900904729225));
#11250 = CARTESIAN_POINT('',(4.578699446413,84.138912654038));
#11251 = CARTESIAN_POINT('',(4.582184686702,84.376910386979));
#11252 = ( GEOMETRIC_REPRESENTATION_CONTEXT(2) 
PARAMETRIC_REPRESENTATION_CONTEXT() REPRESENTATION_CONTEXT('2D SPACE',''
  ) );
#11253 = ORIENTED_EDGE('',*,*,#11254,.F.);
#11254 = EDGE_CURVE('',#1569,#11226,#11255,.T.);
#11255 = SURFACE_CURVE('',#11256,(#11261,#11268),.PCURVE_S1.);
#11256 = CIRCLE('',#11257,82.777851165098);
#11257 = AXIS2_PLACEMENT_3D('',#11258,#11259,#11260);
#11258 = CARTESIAN_POINT('',(0.,0.,122.15734806151));
#11259 = DIRECTION('',(0.,0.,1.));
#11260 = DIRECTION('',(1.,0.,-0.));
#11261 = PCURVE('',#1588,#11262);
#11262 = DEFINITIONAL_REPRESENTATION('',(#11263),#11267);
#11263 = LINE('',#11264,#11265);
#11264 = CARTESIAN_POINT('',(-0.,-0.62181415558));
#11265 = VECTOR('',#11266,1.);
#11266 = DIRECTION('',(-1.,-0.));
#11267 = ( GEOMETRIC_REPRESENTATION_CONTEXT(2) 
PARAMETRIC_REPRESENTATION_CONTEXT() REPRESENTATION_CONTEXT('2D SPACE',''
  ) );
#11268 = PCURVE('',#1622,#11269);
#11269 = DEFINITIONAL_REPRESENTATION('',(#11270),#11274);
#11270 = LINE('',#11271,#11272);
#11271 = CARTESIAN_POINT('',(-0.,-0.));
#11272 = VECTOR('',#11273,1.);
#11273 = DIRECTION('',(-1.,-0.));
#11274 = ( GEOMETRIC_REPRESENTATION_CONTEXT(2) 
PARAMETRIC_REPRESENTATION_CONTEXT() REPRESENTATION_CONTEXT('2D SPACE',''
  ) );
#11275 = ADVANCED_FACE('',(#11276),#1622,.T.);
#11276 = FACE_BOUND('',#11277,.T.);
#11277 = EDGE_LOOP('',(#11278,#11279,#11280,#11309));
#11278 = ORIENTED_EDGE('',*,*,#1602,.T.);
#11279 = ORIENTED_EDGE('',*,*,#11254,.T.);
#11280 = ORIENTED_EDGE('',*,*,#11281,.T.);
#11281 = EDGE_CURVE('',#11226,#11282,#11284,.T.);
#11282 = VERTEX_POINT('',#11283);
#11283 = CARTESIAN_POINT('',(-68.65681898137,44.677165515354,
    122.61939766255));
#11284 = SURFACE_CURVE('',#11285,(#11291,#11300),.PCURVE_S1.);
#11285 = B_SPLINE_CURVE_WITH_KNOTS('',4,(#11286,#11287,#11288,#11289,
    #11290),.UNSPECIFIED.,.F.,.F.,(5,5),(0.,1.),
  .PIECEWISE_BEZIER_KNOTS.);
#11286 = CARTESIAN_POINT('',(-69.72308961302,44.619092531401,
    122.15734806151));
#11287 = CARTESIAN_POINT('',(-69.45701337138,44.634208343435,
    122.27278430911));
#11288 = CARTESIAN_POINT('',(-69.1906098432,44.648925954424,
    122.38827269927));
#11289 = CARTESIAN_POINT('',(-68.92387861734,44.663245094555,
    122.50381117147));
#11290 = CARTESIAN_POINT('',(-68.65681898137,44.677165515354,
    122.61939766255));
#11291 = PCURVE('',#1622,#11292);
#11292 = DEFINITIONAL_REPRESENTATION('',(#11293),#11299);
#11293 = B_SPLINE_CURVE_WITH_KNOTS('',4,(#11294,#11295,#11296,#11297,
    #11298),.UNSPECIFIED.,.F.,.F.,(5,5),(0.,1.),
  .PIECEWISE_BEZIER_KNOTS.);
#11294 = CARTESIAN_POINT('',(-2.572316955843,6.814527965779E-14));
#11295 = CARTESIAN_POINT('',(-2.570430546636,-0.115436247606));
#11296 = CARTESIAN_POINT('',(-2.568532933768,-0.23092463776));
#11297 = CARTESIAN_POINT('',(-2.566623910752,-0.346463109966));
#11298 = CARTESIAN_POINT('',(-2.564703259738,-0.462049601044));
#11299 = ( GEOMETRIC_REPRESENTATION_CONTEXT(2) 
PARAMETRIC_REPRESENTATION_CONTEXT() REPRESENTATION_CONTEXT('2D SPACE',''
  ) );
#11300 = PCURVE('',#553,#11301);
#11301 = DEFINITIONAL_REPRESENTATION('',(#11302),#11308);
#11302 = B_SPLINE_CURVE_WITH_KNOTS('',4,(#11303,#11304,#11305,#11306,
    #11307),.UNSPECIFIED.,.F.,.F.,(5,5),(0.,1.),
  .PIECEWISE_BEZIER_KNOTS.);
#11303 = CARTESIAN_POINT('',(4.582184686702,84.376910386978));
#11304 = CARTESIAN_POINT('',(4.584771835858,84.642986628615));
#11305 = CARTESIAN_POINT('',(4.587358985016,84.909390156797));
#11306 = CARTESIAN_POINT('',(4.589946134174,85.176121382658));
#11307 = CARTESIAN_POINT('',(4.592533283331,85.443181018628));
#11308 = ( GEOMETRIC_REPRESENTATION_CONTEXT(2) 
PARAMETRIC_REPRESENTATION_CONTEXT() REPRESENTATION_CONTEXT('2D SPACE',''
  ) );
#11309 = ORIENTED_EDGE('',*,*,#11310,.F.);
#11310 = EDGE_CURVE('',#1603,#11282,#11311,.T.);
#11311 = SURFACE_CURVE('',#11312,(#11317,#11324),.PCURVE_S1.);
#11312 = CIRCLE('',#11313,81.913417161825);
#11313 = AXIS2_PLACEMENT_3D('',#11314,#11315,#11316);
#11314 = CARTESIAN_POINT('',(0.,0.,122.61939766255));
#11315 = DIRECTION('',(0.,0.,1.));
#11316 = DIRECTION('',(1.,0.,-0.));
#11317 = PCURVE('',#1622,#11318);
#11318 = DEFINITIONAL_REPRESENTATION('',(#11319),#11323);
#11319 = LINE('',#11320,#11321);
#11320 = CARTESIAN_POINT('',(-0.,-0.462049601044));
#11321 = VECTOR('',#11322,1.);
#11322 = DIRECTION('',(-1.,-0.));
#11323 = ( GEOMETRIC_REPRESENTATION_CONTEXT(2) 
PARAMETRIC_REPRESENTATION_CONTEXT() REPRESENTATION_CONTEXT('2D SPACE',''
  ) );
#11324 = PCURVE('',#1656,#11325);
#11325 = DEFINITIONAL_REPRESENTATION('',(#11326),#11330);
#11326 = LINE('',#11327,#11328);
#11327 = CARTESIAN_POINT('',(-0.,-0.));
#11328 = VECTOR('',#11329,1.);
#11329 = DIRECTION('',(-1.,-0.));
#11330 = ( GEOMETRIC_REPRESENTATION_CONTEXT(2) 
PARAMETRIC_REPRESENTATION_CONTEXT() REPRESENTATION_CONTEXT('2D SPACE',''
  ) );
#11331 = ADVANCED_FACE('',(#11332),#1656,.T.);
#11332 = FACE_BOUND('',#11333,.T.);
#11333 = EDGE_LOOP('',(#11334,#11335,#11336,#11365));
#11334 = ORIENTED_EDGE('',*,*,#1636,.T.);
#11335 = ORIENTED_EDGE('',*,*,#11310,.T.);
#11336 = ORIENTED_EDGE('',*,*,#11337,.T.);
#11337 = EDGE_CURVE('',#11282,#11338,#11340,.T.);
#11338 = VERTEX_POINT('',#11339);
#11339 = CARTESIAN_POINT('',(-67.51291527976,44.710513683964,
    122.90392640201));
#11340 = SURFACE_CURVE('',#11341,(#11347,#11356),.PCURVE_S1.);
#11341 = B_SPLINE_CURVE_WITH_KNOTS('',4,(#11342,#11343,#11344,#11345,
    #11346),.UNSPECIFIED.,.F.,.F.,(5,5),(0.,1.),
  .PIECEWISE_BEZIER_KNOTS.);
#11342 = CARTESIAN_POINT('',(-68.65681898137,44.677165515354,
    122.61939766255));
#11343 = CARTESIAN_POINT('',(-68.37158365825,44.685728948495,
    122.69050306968));
#11344 = CARTESIAN_POINT('',(-68.08586065182,44.694141492372,
    122.76162664897));
#11345 = CARTESIAN_POINT('',(-67.79964108008,44.702403089127,
    122.83276792));
#11346 = CARTESIAN_POINT('',(-67.51291527976,44.710513683964,
    122.90392640201));
#11347 = PCURVE('',#1656,#11348);
#11348 = DEFINITIONAL_REPRESENTATION('',(#11349),#11355);
#11349 = B_SPLINE_CURVE_WITH_KNOTS('',4,(#11350,#11351,#11352,#11353,
    #11354),.UNSPECIFIED.,.F.,.F.,(5,5),(0.,1.),
  .PIECEWISE_BEZIER_KNOTS.);
#11350 = CARTESIAN_POINT('',(-2.564703259738,8.134623950999E-14));
#11351 = CARTESIAN_POINT('',(-2.562716400501,-7.110540713194E-02));
#11352 = CARTESIAN_POINT('',(-2.56071267638,-0.142228986417));
#11353 = CARTESIAN_POINT('',(-2.558691709799,-0.213370257451));
#11354 = CARTESIAN_POINT('',(-2.556653097739,-0.28452873946));
#11355 = ( GEOMETRIC_REPRESENTATION_CONTEXT(2) 
PARAMETRIC_REPRESENTATION_CONTEXT() REPRESENTATION_CONTEXT('2D SPACE',''
  ) );
#11356 = PCURVE('',#553,#11357);
#11357 = DEFINITIONAL_REPRESENTATION('',(#11358),#11364);
#11358 = B_SPLINE_CURVE_WITH_KNOTS('',4,(#11359,#11360,#11361,#11362,
    #11363),.UNSPECIFIED.,.F.,.F.,(5,5),(0.,1.),
  .PIECEWISE_BEZIER_KNOTS.);
#11359 = CARTESIAN_POINT('',(4.592533283331,85.443181018627));
#11360 = CARTESIAN_POINT('',(4.594124821341,85.728416341748));
#11361 = CARTESIAN_POINT('',(4.595716359355,86.01413934818));
#11362 = CARTESIAN_POINT('',(4.597307897368,86.300358919918));
#11363 = CARTESIAN_POINT('',(4.598899435379,86.587084720236));
#11364 = ( GEOMETRIC_REPRESENTATION_CONTEXT(2) 
PARAMETRIC_REPRESENTATION_CONTEXT() REPRESENTATION_CONTEXT('2D SPACE',''
  ) );
#11365 = ORIENTED_EDGE('',*,*,#11366,.F.);
#11366 = EDGE_CURVE('',#1637,#11338,#11367,.T.);
#11367 = SURFACE_CURVE('',#11368,(#11373,#11380),.PCURVE_S1.);
#11368 = CIRCLE('',#11369,80.975451610081);
#11369 = AXIS2_PLACEMENT_3D('',#11370,#11371,#11372);
#11370 = CARTESIAN_POINT('',(0.,0.,122.90392640201));
#11371 = DIRECTION('',(0.,0.,1.));
#11372 = DIRECTION('',(1.,0.,-0.));
#11373 = PCURVE('',#1656,#11374);
#11374 = DEFINITIONAL_REPRESENTATION('',(#11375),#11379);
#11375 = LINE('',#11376,#11377);
#11376 = CARTESIAN_POINT('',(-0.,-0.28452873946));
#11377 = VECTOR('',#11378,1.);
#11378 = DIRECTION('',(-1.,-0.));
#11379 = ( GEOMETRIC_REPRESENTATION_CONTEXT(2) 
PARAMETRIC_REPRESENTATION_CONTEXT() REPRESENTATION_CONTEXT('2D SPACE',''
  ) );
#11380 = PCURVE('',#1690,#11381);
#11381 = DEFINITIONAL_REPRESENTATION('',(#11382),#11386);
#11382 = LINE('',#11383,#11384);
#11383 = CARTESIAN_POINT('',(-0.,-0.));
#11384 = VECTOR('',#11385,1.);
#11385 = DIRECTION('',(-1.,-0.));
#11386 = ( GEOMETRIC_REPRESENTATION_CONTEXT(2) 
PARAMETRIC_REPRESENTATION_CONTEXT() REPRESENTATION_CONTEXT('2D SPACE',''
  ) );
#11387 = ADVANCED_FACE('',(#11388),#1690,.T.);
#11388 = FACE_BOUND('',#11389,.T.);
#11389 = EDGE_LOOP('',(#11390,#11391,#11392,#11421));
#11390 = ORIENTED_EDGE('',*,*,#1670,.T.);
#11391 = ORIENTED_EDGE('',*,*,#11366,.T.);
#11392 = ORIENTED_EDGE('',*,*,#11393,.T.);
#11393 = EDGE_CURVE('',#11338,#11394,#11396,.T.);
#11394 = VERTEX_POINT('',#11395);
#11395 = CARTESIAN_POINT('',(-66.3324958071,44.721359549996,123.));
#11396 = SURFACE_CURVE('',#11397,(#11403,#11412),.PCURVE_S1.);
#11397 = B_SPLINE_CURVE_WITH_KNOTS('',4,(#11398,#11399,#11400,#11401,
    #11402),.UNSPECIFIED.,.F.,.F.,(5,5),(0.,1.),
  .PIECEWISE_BEZIER_KNOTS.);
#11398 = CARTESIAN_POINT('',(-67.51291527976,44.710513683964,
    122.90392640201));
#11399 = CARTESIAN_POINT('',(-67.21864727502,44.713250951559,
    122.9279418794));
#11400 = CARTESIAN_POINT('',(-66.92383066039,44.715971019832,
    122.95195931722));
#11401 = CARTESIAN_POINT('',(-66.62845176216,44.718673886668,
    122.97597869693));
#11402 = CARTESIAN_POINT('',(-66.3324958071,44.721359549996,123.));
#11403 = PCURVE('',#1690,#11404);
#11404 = DEFINITIONAL_REPRESENTATION('',(#11405),#11411);
#11405 = B_SPLINE_CURVE_WITH_KNOTS('',4,(#11406,#11407,#11408,#11409,
    #11410),.UNSPECIFIED.,.F.,.F.,(5,5),(0.,1.),
  .PIECEWISE_BEZIER_KNOTS.);
#11406 = CARTESIAN_POINT('',(-2.556653097739,-1.024422794387E-13));
#11407 = CARTESIAN_POINT('',(-2.554618382745,-2.401547739306E-02));
#11408 = CARTESIAN_POINT('',(-2.552563765493,-4.803291521118E-02));
#11409 = CARTESIAN_POINT('',(-2.550488767976,-7.205229492329E-02));
#11410 = CARTESIAN_POINT('',(-2.54839287744,-9.607359798385E-02));
#11411 = ( GEOMETRIC_REPRESENTATION_CONTEXT(2) 
PARAMETRIC_REPRESENTATION_CONTEXT() REPRESENTATION_CONTEXT('2D SPACE',''
  ) );
#11412 = PCURVE('',#553,#11413);
#11413 = DEFINITIONAL_REPRESENTATION('',(#11414),#11420);
#11414 = B_SPLINE_CURVE_WITH_KNOTS('',4,(#11415,#11416,#11417,#11418,
    #11419),.UNSPECIFIED.,.F.,.F.,(5,5),(0.,1.),
  .PIECEWISE_BEZIER_KNOTS.);
#11415 = CARTESIAN_POINT('',(4.598899435379,86.587084720237));
#11416 = CARTESIAN_POINT('',(4.599436568044,86.88135272498));
#11417 = CARTESIAN_POINT('',(4.599973700711,87.176169339601));
#11418 = CARTESIAN_POINT('',(4.600510833378,87.471548237837));
#11419 = CARTESIAN_POINT('',(4.601047966044,87.767504192892));
#11420 = ( GEOMETRIC_REPRESENTATION_CONTEXT(2) 
PARAMETRIC_REPRESENTATION_CONTEXT() REPRESENTATION_CONTEXT('2D SPACE',''
  ) );
#11421 = ORIENTED_EDGE('',*,*,#11422,.F.);
#11422 = EDGE_CURVE('',#1671,#11394,#11423,.T.);
#11423 = SURFACE_CURVE('',#11424,(#11429,#11436),.PCURVE_S1.);
#11424 = CIRCLE('',#11425,80.);
#11425 = AXIS2_PLACEMENT_3D('',#11426,#11427,#11428);
#11426 = CARTESIAN_POINT('',(0.,0.,123.));
#11427 = DIRECTION('',(0.,0.,1.));
#11428 = DIRECTION('',(1.,0.,-0.));
#11429 = PCURVE('',#1690,#11430);
#11430 = DEFINITIONAL_REPRESENTATION('',(#11431),#11435);
#11431 = LINE('',#11432,#11433);
#11432 = CARTESIAN_POINT('',(-0.,-9.607359798385E-02));
#11433 = VECTOR('',#11434,1.);
#11434 = DIRECTION('',(-1.,-0.));
#11435 = ( GEOMETRIC_REPRESENTATION_CONTEXT(2) 
PARAMETRIC_REPRESENTATION_CONTEXT() REPRESENTATION_CONTEXT('2D SPACE',''
  ) );
#11436 = PCURVE('',#1717,#11437);
#11437 = DEFINITIONAL_REPRESENTATION('',(#11438),#11442);
#11438 = CIRCLE('',#11439,80.);
#11439 = AXIS2_PLACEMENT_2D('',#11440,#11441);
#11440 = CARTESIAN_POINT('',(0.,0.));
#11441 = DIRECTION('',(1.,0.));
#11442 = ( GEOMETRIC_REPRESENTATION_CONTEXT(2) 
PARAMETRIC_REPRESENTATION_CONTEXT() REPRESENTATION_CONTEXT('2D SPACE',''
  ) );
#11443 = ADVANCED_FACE('',(#11444),#1717,.T.);
#11444 = FACE_BOUND('',#11445,.T.);
#11445 = EDGE_LOOP('',(#11446,#11447,#11448,#11469));
#11446 = ORIENTED_EDGE('',*,*,#1704,.T.);
#11447 = ORIENTED_EDGE('',*,*,#11422,.T.);
#11448 = ORIENTED_EDGE('',*,*,#11449,.T.);
#11449 = EDGE_CURVE('',#11394,#11450,#11452,.T.);
#11450 = VERTEX_POINT('',#11451);
#11451 = CARTESIAN_POINT('',(-58.95761189193,44.721359549996,123.));
#11452 = SURFACE_CURVE('',#11453,(#11457,#11463),.PCURVE_S1.);
#11453 = LINE('',#11454,#11455);
#11454 = CARTESIAN_POINT('',(-154.1,44.721359549996,123.));
#11455 = VECTOR('',#11456,1.);
#11456 = DIRECTION('',(1.,0.,0.));
#11457 = PCURVE('',#1717,#11458);
#11458 = DEFINITIONAL_REPRESENTATION('',(#11459),#11462);
#11459 = B_SPLINE_CURVE_WITH_KNOTS('',1,(#11460,#11461),.UNSPECIFIED.,
  .F.,.F.,(2,2),(58.1,250.1),.PIECEWISE_BEZIER_KNOTS.);
#11460 = CARTESIAN_POINT('',(-96.,44.721359549996));
#11461 = CARTESIAN_POINT('',(96.,44.721359549996));
#11462 = ( GEOMETRIC_REPRESENTATION_CONTEXT(2) 
PARAMETRIC_REPRESENTATION_CONTEXT() REPRESENTATION_CONTEXT('2D SPACE',''
  ) );
#11463 = PCURVE('',#553,#11464);
#11464 = DEFINITIONAL_REPRESENTATION('',(#11465),#11468);
#11465 = B_SPLINE_CURVE_WITH_KNOTS('',1,(#11466,#11467),.UNSPECIFIED.,
  .F.,.F.,(2,2),(58.1,250.1),.PIECEWISE_BEZIER_KNOTS.);
#11466 = CARTESIAN_POINT('',(4.601047966044,58.1));
#11467 = CARTESIAN_POINT('',(4.601047966044,250.1));
#11468 = ( GEOMETRIC_REPRESENTATION_CONTEXT(2) 
PARAMETRIC_REPRESENTATION_CONTEXT() REPRESENTATION_CONTEXT('2D SPACE',''
  ) );
#11469 = ORIENTED_EDGE('',*,*,#11470,.F.);
#11470 = EDGE_CURVE('',#598,#11450,#11471,.T.);
#11471 = SURFACE_CURVE('',#11472,(#11477,#11484),.PCURVE_S1.);
#11472 = CIRCLE('',#11473,74.);
#11473 = AXIS2_PLACEMENT_3D('',#11474,#11475,#11476);
#11474 = CARTESIAN_POINT('',(0.,0.,123.));
#11475 = DIRECTION('',(0.,0.,1.));
#11476 = DIRECTION('',(1.,0.,-0.));
#11477 = PCURVE('',#1717,#11478);
#11478 = DEFINITIONAL_REPRESENTATION('',(#11479),#11483);
#11479 = CIRCLE('',#11480,74.);
#11480 = AXIS2_PLACEMENT_2D('',#11481,#11482);
#11481 = CARTESIAN_POINT('',(0.,0.));
#11482 = DIRECTION('',(1.,0.));
#11483 = ( GEOMETRIC_REPRESENTATION_CONTEXT(2) 
PARAMETRIC_REPRESENTATION_CONTEXT() REPRESENTATION_CONTEXT('2D SPACE',''
  ) );
#11484 = PCURVE('',#723,#11485);
#11485 = DEFINITIONAL_REPRESENTATION('',(#11486),#11490);
#11486 = LINE('',#11487,#11488);
#11487 = CARTESIAN_POINT('',(0.,0.));
#11488 = VECTOR('',#11489,1.);
#11489 = DIRECTION('',(1.,0.));
#11490 = ( GEOMETRIC_REPRESENTATION_CONTEXT(2) 
PARAMETRIC_REPRESENTATION_CONTEXT() REPRESENTATION_CONTEXT('2D SPACE',''
  ) );
#11491 = ADVANCED_FACE('',(#11492),#723,.T.);
#11492 = FACE_BOUND('',#11493,.T.);
#11493 = EDGE_LOOP('',(#11494,#11495,#11496,#11678,#11858,#11859,#11860,
    #11881,#11882));
#11494 = ORIENTED_EDGE('',*,*,#597,.F.);
#11495 = ORIENTED_EDGE('',*,*,#11470,.T.);
#11496 = ORIENTED_EDGE('',*,*,#11497,.T.);
#11497 = EDGE_CURVE('',#11450,#11498,#11500,.T.);
#11498 = VERTEX_POINT('',#11499);
#11499 = CARTESIAN_POINT('',(-74.,1.102182119233E-14,173.));
#11500 = SURFACE_CURVE('',#11501,(#11558,#11618),.PCURVE_S1.);
#11501 = B_SPLINE_CURVE_WITH_KNOTS('',7,(#11502,#11503,#11504,#11505,
    #11506,#11507,#11508,#11509,#11510,#11511,#11512,#11513,#11514,
    #11515,#11516,#11517,#11518,#11519,#11520,#11521,#11522,#11523,
    #11524,#11525,#11526,#11527,#11528,#11529,#11530,#11531,#11532,
    #11533,#11534,#11535,#11536,#11537,#11538,#11539,#11540,#11541,
    #11542,#11543,#11544,#11545,#11546,#11547,#11548,#11549,#11550,
    #11551,#11552,#11553,#11554,#11555,#11556,#11557),.UNSPECIFIED.,.F.,
  .F.,(8,6,6,6,6,6,6,6,6,8),(0.,2.227318506761E-02,4.339728339885E-02,
    6.448762952631E-02,0.271324351836,0.443907362628,0.708953227706,
    0.802577098537,0.877507601694,1.),.UNSPECIFIED.);
#11502 = CARTESIAN_POINT('',(-58.95761194281,44.721359482914,122.9999994
    ));
#11503 = CARTESIAN_POINT('',(-58.93933205025,44.745458455413,
    123.21554713659));
#11504 = CARTESIAN_POINT('',(-58.92195269881,44.768346345092,
    123.43123897118));
#11505 = CARTESIAN_POINT('',(-58.90547798761,44.790022041206,
    123.64706658702));
#11506 = CARTESIAN_POINT('',(-58.88991172355,44.810484505245,
    123.86302158607));
#11507 = CARTESIAN_POINT('',(-58.87525742137,44.829732770939,
    124.07909548897));
#11508 = CARTESIAN_POINT('',(-58.86151830362,44.847765944249,
    124.2952797351));
#11509 = CARTESIAN_POINT('',(-58.83653774083,44.880532850201,
    124.71669331054));
#11510 = CARTESIAN_POINT('',(-58.82520400171,44.895388809773,
    124.92191242775));
#11511 = CARTESIAN_POINT('',(-58.8146985809,44.909150382429,
    125.12721566122));
#11512 = CARTESIAN_POINT('',(-58.80502372455,44.921816936713,
    125.33259559299));
#11513 = CARTESIAN_POINT('',(-58.79618142733,44.933387909374,
    125.5380447601));
#11514 = CARTESIAN_POINT('',(-58.78817343247,44.943862805367,
    125.74355565455));
#11515 = CARTESIAN_POINT('',(-58.77384049081,44.962604605499,
    126.15435733917));
#11516 = CARTESIAN_POINT('',(-58.76751287217,44.970875012922,
    126.35964796765));
#11517 = CARTESIAN_POINT('',(-58.76201985873,44.978051996412,
    126.56498509113));
#11518 = CARTESIAN_POINT('',(-58.75736267463,44.98413520578,
    126.77036116984));
#11519 = CARTESIAN_POINT('',(-58.75354228528,44.989124364373,
    126.97576864192));
#11520 = CARTESIAN_POINT('',(-58.75055939731,44.993019269067,
    127.18119992345));
#11521 = CARTESIAN_POINT('',(-58.72737866877,45.023284992723,
    129.40150691507));
#11522 = CARTESIAN_POINT('',(-58.78695598748,44.945467197832,
    131.41614153059));
#11523 = CARTESIAN_POINT('',(-58.92729541014,44.762600734309,
    133.42475113354));
#11524 = CARTESIAN_POINT('',(-59.14645970453,44.47517965612,
    135.42150660725));
#11525 = CARTESIAN_POINT('',(-59.4403905421,44.084002352238,
    137.40025343329));
#11526 = CARTESIAN_POINT('',(-59.80305691297,43.590437104852,
    139.35433205688));
#11527 = CARTESIAN_POINT('',(-60.5803438864,42.501672856947,
    142.88037008455));
#11528 = CARTESIAN_POINT('',(-60.976595573,41.936587159143,
    144.46284313062));
#11529 = CARTESIAN_POINT('',(-61.4117837969,41.30206215812,
    146.02250964155));
#11530 = CARTESIAN_POINT('',(-61.88184247993,40.598206957268,
    147.55770226738));
#11531 = CARTESIAN_POINT('',(-62.38244767355,39.824902898264,
    149.06647406357));
#11532 = CARTESIAN_POINT('',(-62.9090504731,38.981860361079,
    150.54656312243));
#11533 = CARTESIAN_POINT('',(-64.29824624665,36.666200958301,
    154.22035890275));
#11534 = CARTESIAN_POINT('',(-65.18911534119,35.099234166403,
    156.37002111495));
#11535 = CARTESIAN_POINT('',(-66.11471790798,33.362344605483,
    158.44188380026));
#11536 = CARTESIAN_POINT('',(-67.05980265213,31.446923074565,
    160.42937458023));
#11537 = CARTESIAN_POINT('',(-68.0071292743,29.342237696038,
    162.32069144831));
#11538 = CARTESIAN_POINT('',(-68.93573321202,27.036682149063,
    164.09749769943));
#11539 = CARTESIAN_POINT('',(-70.13197139444,23.630376235283,
    166.31096110484));
#11540 = CARTESIAN_POINT('',(-70.43878957066,22.714450077203,
    166.87137645509));
#11541 = CARTESIAN_POINT('',(-70.73896093158,21.771408382622,
    167.41311287594));
#11542 = CARTESIAN_POINT('',(-71.03120141692,20.80094807701,
    167.93474880455));
#11543 = CARTESIAN_POINT('',(-71.31415250546,19.802814043761,
    168.43474633025));
#11544 = CARTESIAN_POINT('',(-71.58638090843,18.77680980463,
    168.91144439346));
#11545 = CARTESIAN_POINT('',(-72.05446336365,16.879253347655,
    169.72448955145));
#11546 = CARTESIAN_POINT('',(-72.25474250093,16.017650197766,
    170.06990495094));
#11547 = CARTESIAN_POINT('',(-72.44631783703,15.138415084939,
    170.3981619029));
#11548 = CARTESIAN_POINT('',(-72.62830098245,14.242001872984,
    170.70814825236));
#11549 = CARTESIAN_POINT('',(-72.79981772658,13.32890204119,
    170.99877340999));
#11550 = CARTESIAN_POINT('',(-72.96001276836,12.399644770444,
    171.26896579228));
#11551 = CARTESIAN_POINT('',(-73.3500651034,9.910210232709,
    171.92423909106));
#11552 = CARTESIAN_POINT('',(-73.55998268159,8.321499593123,
    172.27403143638));
#11553 = CARTESIAN_POINT('',(-73.73310286759,6.696542565347,
    172.56062253024));
#11554 = CARTESIAN_POINT('',(-73.86569821648,5.043496240363,
    172.77914812459));
#11555 = CARTESIAN_POINT('',(-73.95514629751,3.370722856448,
    172.92624059955));
#11556 = CARTESIAN_POINT('',(-74.,1.686712071981,173.));
#11557 = CARTESIAN_POINT('',(-74.,1.004210375301E-14,173.));
#11558 = PCURVE('',#723,#11559);
#11559 = DEFINITIONAL_REPRESENTATION('',(#11560),#11617);
#11560 = B_SPLINE_CURVE_WITH_KNOTS('',7,(#11561,#11562,#11563,#11564,
    #11565,#11566,#11567,#11568,#11569,#11570,#11571,#11572,#11573,
    #11574,#11575,#11576,#11577,#11578,#11579,#11580,#11581,#11582,
    #11583,#11584,#11585,#11586,#11587,#11588,#11589,#11590,#11591,
    #11592,#11593,#11594,#11595,#11596,#11597,#11598,#11599,#11600,
    #11601,#11602,#11603,#11604,#11605,#11606,#11607,#11608,#11609,
    #11610,#11611,#11612,#11613,#11614,#11615,#11616),.UNSPECIFIED.,.F.,
  .F.,(8,6,6,6,6,6,6,6,6,8),(0.,2.227318506761E-02,4.339728339885E-02,
    6.448762952631E-02,0.271324351836,0.443907362628,0.708953227706,
    0.802577098537,0.877507601694,1.),.UNSPECIFIED.);
#11561 = CARTESIAN_POINT('',(2.492652052829,-6.E-07));
#11562 = CARTESIAN_POINT('',(2.492243302004,0.215547136594));
#11563 = CARTESIAN_POINT('',(2.491854944887,0.431238971187));
#11564 = CARTESIAN_POINT('',(2.491487026816,0.647066587027));
#11565 = CARTESIAN_POINT('',(2.491139589995,0.86302158607));
#11566 = CARTESIAN_POINT('',(2.490812673502,1.079095488975));
#11567 = CARTESIAN_POINT('',(2.49050631328,1.295279735108));
#11568 = CARTESIAN_POINT('',(2.489949514107,1.716693310546));
#11569 = CARTESIAN_POINT('',(2.489697005458,1.921912427759));
#11570 = CARTESIAN_POINT('',(2.48946304415,2.127215661229));
#11571 = CARTESIAN_POINT('',(2.489247655358,2.332595592999));
#11572 = CARTESIAN_POINT('',(2.489050861474,2.538044760102));
#11573 = CARTESIAN_POINT('',(2.488872682107,2.743555654559));
#11574 = CARTESIAN_POINT('',(2.48855384099,3.154357339172));
#11575 = CARTESIAN_POINT('',(2.488413119696,3.359647967653));
#11576 = CARTESIAN_POINT('',(2.488290986923,3.564985091134));
#11577 = CARTESIAN_POINT('',(2.488187456478,3.770361169842));
#11578 = CARTESIAN_POINT('',(2.488102539256,3.975768641925));
#11579 = CARTESIAN_POINT('',(2.488036243242,4.18119992345));
#11580 = CARTESIAN_POINT('',(2.487521068085,6.401506915078));
#11581 = CARTESIAN_POINT('',(2.488845458373,8.416141530597));
#11582 = CARTESIAN_POINT('',(2.491960494651,10.424751133546));
#11583 = CARTESIAN_POINT('',(2.496844876676,12.42150660725));
#11584 = CARTESIAN_POINT('',(2.503456676747,14.400253433293));
#11585 = CARTESIAN_POINT('',(2.511732668426,16.354332056887));
#11586 = CARTESIAN_POINT('',(2.529810409334,19.880370084557));
#11587 = CARTESIAN_POINT('',(2.53913672271,21.462843130622));
#11588 = CARTESIAN_POINT('',(2.549533386074,23.022509641551));
#11589 = CARTESIAN_POINT('',(2.560969273822,24.557702267387));
#11590 = CARTESIAN_POINT('',(2.57341549359,26.066474063579));
#11591 = CARTESIAN_POINT('',(2.586845720258,27.54656312243));
#11592 = CARTESIAN_POINT('',(2.623337570132,31.220358902759));
#11593 = CARTESIAN_POINT('',(2.647689111752,33.370021114958));
#11594 = CARTESIAN_POINT('',(2.674268837705,35.44188380026));
#11595 = CARTESIAN_POINT('',(2.703104314129,37.429374580236));
#11596 = CARTESIAN_POINT('',(2.734257655447,39.320691448315));
#11597 = CARTESIAN_POINT('',(2.767811737916,41.097497699433));
#11598 = CARTESIAN_POINT('',(2.816598901397,43.310961104848));
#11599 = CARTESIAN_POINT('',(2.829650898813,43.871376455099));
#11600 = CARTESIAN_POINT('',(2.843022236013,44.413112875941));
#11601 = CARTESIAN_POINT('',(2.856715153855,44.934748804559));
#11602 = CARTESIAN_POINT('',(2.870731814703,45.434746330251));
#11603 = CARTESIAN_POINT('',(2.885074280842,45.911444393465));
#11604 = CARTESIAN_POINT('',(2.91148558372,46.724489551455));
#11605 = CARTESIAN_POINT('',(2.923438209474,47.069904950945));
#11606 = CARTESIAN_POINT('',(2.935596642687,47.398161902908));
#11607 = CARTESIAN_POINT('',(2.947955129191,47.708148252369));
#11608 = CARTESIAN_POINT('',(2.960507897136,47.99877340999));
#11609 = CARTESIAN_POINT('',(2.973249166018,48.268965792284));
#11610 = CARTESIAN_POINT('',(3.007300606131,48.924239091062));
#11611 = CARTESIAN_POINT('',(3.028950008024,49.27403143638));
#11612 = CARTESIAN_POINT('',(3.051021737186,49.560622530248));
#11613 = CARTESIAN_POINT('',(3.073417965896,49.779148124598));
#11614 = CARTESIAN_POINT('',(3.096042341097,49.926240599553));
#11615 = CARTESIAN_POINT('',(3.118799247212,50.));
#11616 = CARTESIAN_POINT('',(3.14159265359,50.));
#11617 = ( GEOMETRIC_REPRESENTATION_CONTEXT(2) 
PARAMETRIC_REPRESENTATION_CONTEXT() REPRESENTATION_CONTEXT('2D SPACE',''
  ) );
#11618 = PCURVE('',#553,#11619);
#11619 = DEFINITIONAL_REPRESENTATION('',(#11620),#11677);
#11620 = B_SPLINE_CURVE_WITH_KNOTS('',7,(#11621,#11622,#11623,#11624,
    #11625,#11626,#11627,#11628,#11629,#11630,#11631,#11632,#11633,
    #11634,#11635,#11636,#11637,#11638,#11639,#11640,#11641,#11642,
    #11643,#11644,#11645,#11646,#11647,#11648,#11649,#11650,#11651,
    #11652,#11653,#11654,#11655,#11656,#11657,#11658,#11659,#11660,
    #11661,#11662,#11663,#11664,#11665,#11666,#11667,#11668,#11669,
    #11670,#11671,#11672,#11673,#11674,#11675,#11676),.UNSPECIFIED.,.F.,
  .F.,(8,6,6,6,6,6,6,6,6,8),(0.,2.227318506761E-02,4.339728339885E-02,
    6.448762952631E-02,0.271324351836,0.443907362628,0.708953227706,
    0.802577098537,0.877507601694,1.),.UNSPECIFIED.);
#11621 = CARTESIAN_POINT('',(4.601047952627,95.142388057181));
#11622 = CARTESIAN_POINT('',(4.605867746549,95.160667949748));
#11623 = CARTESIAN_POINT('',(4.610687732479,95.178047301182));
#11624 = CARTESIAN_POINT('',(4.615507906911,95.194522012386));
#11625 = CARTESIAN_POINT('',(4.620328264748,95.210088276445));
#11626 = CARTESIAN_POINT('',(4.625148799311,95.224742578625));
#11627 = CARTESIAN_POINT('',(4.629969502331,95.238481696373));
#11628 = CARTESIAN_POINT('',(4.639362514488,95.26346225917));
#11629 = CARTESIAN_POINT('',(4.643934807908,95.274795998289));
#11630 = CARTESIAN_POINT('',(4.648507235798,95.285301419091));
#11631 = CARTESIAN_POINT('',(4.653079788873,95.294976275442));
#11632 = CARTESIAN_POINT('',(4.657652456979,95.303818572662));
#11633 = CARTESIAN_POINT('',(4.662225229094,95.311826567523));
#11634 = CARTESIAN_POINT('',(4.671363651011,95.32615950919));
#11635 = CARTESIAN_POINT('',(4.67592930075,95.332487127829));
#11636 = CARTESIAN_POINT('',(4.680495030693,95.337980141269));
#11637 = CARTESIAN_POINT('',(4.685060828571,95.342637325363));
#11638 = CARTESIAN_POINT('',(4.689626681685,95.346457714718));
#11639 = CARTESIAN_POINT('',(4.694192576919,95.349440602688));
#11640 = CARTESIAN_POINT('',(4.743537316097,95.372621331224));
#11641 = CARTESIAN_POINT('',(4.788279219559,95.31304401252));
#11642 = CARTESIAN_POINT('',(4.833002197857,95.172704589855));
#11643 = CARTESIAN_POINT('',(4.877722105651,94.95354029547));
#11644 = CARTESIAN_POINT('',(4.922447622592,94.659609457894));
#11645 = CARTESIAN_POINT('',(4.967174591053,94.296943087025));
#11646 = CARTESIAN_POINT('',(5.04918137114,93.5196561136));
#11647 = CARTESIAN_POINT('',(5.086486963613,93.123404426992));
#11648 = CARTESIAN_POINT('',(5.123848326441,92.688216203093));
#11649 = CARTESIAN_POINT('',(5.161314241732,92.218157520064));
#11650 = CARTESIAN_POINT('',(5.198931483672,91.717552326442));
#11651 = CARTESIAN_POINT('',(5.236745863995,91.190949526894));
#11652 = CARTESIAN_POINT('',(5.333250335599,89.801753753346));
#11653 = CARTESIAN_POINT('',(5.392230416458,88.910884658801));
#11654 = CARTESIAN_POINT('',(5.452087603624,87.985282092019));
#11655 = CARTESIAN_POINT('',(5.513152979374,87.040197347868));
#11656 = CARTESIAN_POINT('',(5.575756648934,86.092870725694));
#11657 = CARTESIAN_POINT('',(5.640231912193,85.164266787979));
#11658 = CARTESIAN_POINT('',(5.730505406725,83.968028605555));
#11659 = CARTESIAN_POINT('',(5.754358203134,83.661210429336));
#11660 = CARTESIAN_POINT('',(5.778511477536,83.361039068414));
#11661 = CARTESIAN_POINT('',(5.802977365148,83.068798583074));
#11662 = CARTESIAN_POINT('',(5.827768441589,82.785847494538));
#11663 = CARTESIAN_POINT('',(5.852897877863,82.513619091567));
#11664 = CARTESIAN_POINT('',(5.898773517254,82.045536636347));
#11665 = CARTESIAN_POINT('',(5.919395869626,81.845257499063));
#11666 = CARTESIAN_POINT('',(5.940242063716,81.653682162961));
#11667 = CARTESIAN_POINT('',(5.961308338652,81.471699017545));
#11668 = CARTESIAN_POINT('',(5.982591733905,81.300182273419));
#11669 = CARTESIAN_POINT('',(6.004090061776,81.13998723164));
#11670 = CARTESIAN_POINT('',(6.061295204486,80.749934896595));
#11671 = CARTESIAN_POINT('',(6.097415591311,80.540017318402));
#11672 = CARTESIAN_POINT('',(6.134030448104,80.366897132406));
#11673 = CARTESIAN_POINT('',(6.171021596706,80.234301783516));
#11674 = CARTESIAN_POINT('',(6.208280356035,80.144853702485));
#11675 = CARTESIAN_POINT('',(6.245702816691,80.1));
#11676 = CARTESIAN_POINT('',(6.28318530718,80.1));
#11677 = ( GEOMETRIC_REPRESENTATION_CONTEXT(2) 
PARAMETRIC_REPRESENTATION_CONTEXT() REPRESENTATION_CONTEXT('2D SPACE',''
  ) );
#11678 = ORIENTED_EDGE('',*,*,#11679,.T.);
#11679 = EDGE_CURVE('',#11498,#10404,#11680,.T.);
#11680 = SURFACE_CURVE('',#11681,(#11738,#11798),.PCURVE_S1.);
#11681 = B_SPLINE_CURVE_WITH_KNOTS('',7,(#11682,#11683,#11684,#11685,
    #11686,#11687,#11688,#11689,#11690,#11691,#11692,#11693,#11694,
    #11695,#11696,#11697,#11698,#11699,#11700,#11701,#11702,#11703,
    #11704,#11705,#11706,#11707,#11708,#11709,#11710,#11711,#11712,
    #11713,#11714,#11715,#11716,#11717,#11718,#11719,#11720,#11721,
    #11722,#11723,#11724,#11725,#11726,#11727,#11728,#11729,#11730,
    #11731,#11732,#11733,#11734,#11735,#11736,#11737),.UNSPECIFIED.,.F.,
  .F.,(8,6,6,6,6,6,6,6,6,8),(0.,0.122008980461,0.196986753527,
    0.29048261255,0.556095649246,0.728781915349,0.935734389289,
    0.957129918104,0.978559916161,1.),.UNSPECIFIED.);
#11682 = CARTESIAN_POINT('',(-74.,7.105427357601E-15,173.));
#11683 = CARTESIAN_POINT('',(-74.,-1.680012167916,173.));
#11684 = CARTESIAN_POINT('',(-73.95550192572,-3.35737951994,
    172.92682540937));
#11685 = CARTESIAN_POINT('',(-73.86675866794,-5.023650439994,
    172.78089198055));
#11686 = CARTESIAN_POINT('',(-73.73519486286,-6.670418677353,
    172.56407027978));
#11687 = CARTESIAN_POINT('',(-73.56339476661,-8.289402880222,
    172.27967982329));
#11688 = CARTESIAN_POINT('',(-73.35503345507,-9.872522965415,
    171.93251744102));
#11689 = CARTESIAN_POINT('',(-72.96709158557,-12.35800663425,
    171.28089839298));
#11690 = CARTESIAN_POINT('',(-72.80723490972,-13.28845948039,
    171.01132560494));
#11691 = CARTESIAN_POINT('',(-72.6360139891,-14.20275848691,
    170.7212582645));
#11692 = CARTESIAN_POINT('',(-72.4542856958,-15.10036819467,
    170.41177024768));
#11693 = CARTESIAN_POINT('',(-72.26292633936,-15.98079097569,
    170.08395512669));
#11694 = CARTESIAN_POINT('',(-72.06282689965,-16.84356694783,
    169.73892875097));
#11695 = CARTESIAN_POINT('',(-71.59559272488,-18.74160740271,
    168.92755082381));
#11696 = CARTESIAN_POINT('',(-71.32406307702,-19.7670241272,
    168.4522039273));
#11697 = CARTESIAN_POINT('',(-71.04180309118,-20.76464661407,
    167.95357757518));
#11698 = CARTESIAN_POINT('',(-70.75024220904,-21.73466659021,
    167.4333293723));
#11699 = CARTESIAN_POINT('',(-70.45073577587,-22.6773343737,
    166.89299484736));
#11700 = CARTESIAN_POINT('',(-70.14456527736,-23.59294828934,
    166.33399420832));
#11701 = CARTESIAN_POINT('',(-68.94763611299,-27.00711433537,
    164.12026785217));
#11702 = CARTESIAN_POINT('',(-68.01724497753,-29.31975676286,
    162.34088325112));
#11703 = CARTESIAN_POINT('',(-67.06787379278,-31.43056169273,
    160.4463451087));
#11704 = CARTESIAN_POINT('',(-66.12064604395,-33.35121884947,
    158.45515109599));
#11705 = CARTESIAN_POINT('',(-65.19291934346,-35.0925431664,
    156.37919913665));
#11706 = CARTESIAN_POINT('',(-64.30004045336,-36.66321091422,
    154.2251056084));
#11707 = CARTESIAN_POINT('',(-62.90871233005,-38.98242353887,
    150.54566769121));
#11708 = CARTESIAN_POINT('',(-62.38180527211,-39.82593102142,
    149.06466739176));
#11709 = CARTESIAN_POINT('',(-61.88092987881,-40.59961647877,
    147.55495072269));
#11710 = CARTESIAN_POINT('',(-61.4106434228,-41.30376956099,
    146.01878408178));
#11711 = CARTESIAN_POINT('',(-60.9752775848,-41.93850870697,
    144.45811820244));
#11712 = CARTESIAN_POINT('',(-60.57890539412,-42.50372414805,
    142.87462360136));
#11713 = CARTESIAN_POINT('',(-59.80150857071,-43.59256215897,
    139.3463710351));
#11714 = CARTESIAN_POINT('',(-59.43887405402,-44.08604395834,
    137.39108550905));
#11715 = CARTESIAN_POINT('',(-59.14507253386,-44.47701717704,
    135.41111640187));
#11716 = CARTESIAN_POINT('',(-58.9261427073,-44.76411057916,
    133.41313981849));
#11717 = CARTESIAN_POINT('',(-58.78614398655,-44.94652543449,
    131.40332556917));
#11718 = CARTESIAN_POINT('',(-58.72700797458,-45.02376919283,
    129.38751739975));
#11719 = CARTESIAN_POINT('',(-58.75080383199,-44.9927001028,
    127.16310993414));
#11720 = CARTESIAN_POINT('',(-58.75389579283,-44.9886627324,
    126.9547066559));
#11721 = CARTESIAN_POINT('',(-58.75784963425,-44.98349921163,
    126.74632840515));
#11722 = CARTESIAN_POINT('',(-58.76266460312,-44.97720975693,
    126.53798309901));
#11723 = CARTESIAN_POINT('',(-58.76833967235,-44.96979466259,
    126.3296786308));
#11724 = CARTESIAN_POINT('',(-58.77487354092,-44.9612543007,126.12142287
    ));
#11725 = CARTESIAN_POINT('',(-58.78966763418,-44.94190837051,
    125.70468903542));
#11726 = CARTESIAN_POINT('',(-58.79793062655,-44.93109917273,
    125.49621113185));
#11727 = CARTESIAN_POINT('',(-58.80705202645,-44.91916198106,
    125.28779783424));
#11728 = CARTESIAN_POINT('',(-58.81702998345,-44.90609732073,
    125.07945697687));
#11729 = CARTESIAN_POINT('',(-58.82786238119,-44.89190578895,
    124.87119634561));
#11730 = CARTESIAN_POINT('',(-58.83954683737,-44.87658805489,
    124.6630236779));
#11731 = CARTESIAN_POINT('',(-58.86462046909,-44.84369392577,
    124.24677171862));
#11732 = CARTESIAN_POINT('',(-58.87801044986,-44.82611646736,
    124.03869250611));
#11733 = CARTESIAN_POINT('',(-58.8922479925,-44.80741322771,
    123.83071672359));
#11734 = CARTESIAN_POINT('',(-58.90733019294,-44.78758501179,
    123.6228519991));
#11735 = CARTESIAN_POINT('',(-58.92325389659,-44.76663268637,
    123.41510589041));
#11736 = CARTESIAN_POINT('',(-58.94001569841,-44.74455717997,
    123.20748588498));
#11737 = CARTESIAN_POINT('',(-58.95761194281,-44.72135948291,122.9999994
    ));
#11738 = PCURVE('',#723,#11739);
#11739 = DEFINITIONAL_REPRESENTATION('',(#11740),#11797);
#11740 = B_SPLINE_CURVE_WITH_KNOTS('',7,(#11741,#11742,#11743,#11744,
    #11745,#11746,#11747,#11748,#11749,#11750,#11751,#11752,#11753,
    #11754,#11755,#11756,#11757,#11758,#11759,#11760,#11761,#11762,
    #11763,#11764,#11765,#11766,#11767,#11768,#11769,#11770,#11771,
    #11772,#11773,#11774,#11775,#11776,#11777,#11778,#11779,#11780,
    #11781,#11782,#11783,#11784,#11785,#11786,#11787,#11788,#11789,
    #11790,#11791,#11792,#11793,#11794,#11795,#11796),.UNSPECIFIED.,.F.,
  .F.,(8,6,6,6,6,6,6,6,6,8),(0.,0.122008980461,0.196986753527,
    0.29048261255,0.556095649246,0.728781915349,0.935734389289,
    0.957129918104,0.978559916161,1.),.UNSPECIFIED.);
#11741 = CARTESIAN_POINT('',(3.14159265359,50.));
#11742 = CARTESIAN_POINT('',(3.164295520724,50.));
#11743 = CARTESIAN_POINT('',(3.186962650631,49.926825409371));
#11744 = CARTESIAN_POINT('',(3.209498925433,49.780891980555));
#11745 = CARTESIAN_POINT('',(3.231809633987,49.564070279784));
#11746 = CARTESIAN_POINT('',(3.253799340094,49.279679823298));
#11747 = CARTESIAN_POINT('',(3.275371155722,48.932517441021));
#11748 = CARTESIAN_POINT('',(3.309365440363,48.28089839298));
#11749 = CARTESIAN_POINT('',(3.322121850902,48.011325604944));
#11750 = CARTESIAN_POINT('',(3.334689801269,47.721258264507));
#11751 = CARTESIAN_POINT('',(3.347063441396,47.411770247689));
#11752 = CARTESIAN_POINT('',(3.359236929385,47.08395512669));
#11753 = CARTESIAN_POINT('',(3.37120444014,46.738928750971));
#11754 = CARTESIAN_POINT('',(3.397619350814,45.927550823812));
#11755 = CARTESIAN_POINT('',(3.411951728276,45.452203927304));
#11756 = CARTESIAN_POINT('',(3.425959199492,44.953577575183));
#11757 = CARTESIAN_POINT('',(3.439643779011,44.433329372302));
#11758 = CARTESIAN_POINT('',(3.45300758174,43.892994847369));
#11759 = CARTESIAN_POINT('',(3.46605280189,43.333994208326));
#11760 = CARTESIAN_POINT('',(3.51494328417,41.120267852179));
#11761 = CARTESIAN_POINT('',(3.548594909255,39.340883251122));
#11762 = CARTESIAN_POINT('',(3.57983469302,37.446345108704));
#11763 = CARTESIAN_POINT('',(3.608746217294,35.455151095998));
#11764 = CARTESIAN_POINT('',(3.635392213913,33.379199136653));
#11765 = CARTESIAN_POINT('',(3.659800614705,31.225105608408));
#11766 = CARTESIAN_POINT('',(3.696348463869,27.545667691217));
#11767 = CARTESIAN_POINT('',(3.70978619364,26.064667391762));
#11768 = CARTESIAN_POINT('',(3.72223872041,24.554950722698));
#11769 = CARTESIAN_POINT('',(3.733679662978,23.018784081784));
#11770 = CARTESIAN_POINT('',(3.744080069688,21.458118202445));
#11771 = CARTESIAN_POINT('',(3.753408753464,19.874623601365));
#11772 = CARTESIAN_POINT('',(3.771488168181,16.346371035102));
#11773 = CARTESIAN_POINT('',(3.779762995858,14.391085509057));
#11774 = CARTESIAN_POINT('',(3.786371542073,12.41111640187));
#11775 = CARTESIAN_POINT('',(3.791250482308,10.413139818492));
#11776 = CARTESIAN_POINT('',(3.794357874081,8.403325569174));
#11777 = CARTESIAN_POINT('',(3.795672479723,6.387517399759));
#11778 = CARTESIAN_POINT('',(3.795143631313,4.163109934148));
#11779 = CARTESIAN_POINT('',(3.795074910636,3.954706655909));
#11780 = CARTESIAN_POINT('',(3.794987026232,3.746328405153));
#11781 = CARTESIAN_POINT('',(3.794879986612,3.537983099016));
#11782 = CARTESIAN_POINT('',(3.794753803366,3.329678630805));
#11783 = CARTESIAN_POINT('',(3.794608491168,3.121422870001));
#11784 = CARTESIAN_POINT('',(3.794279379483,2.704689035423));
#11785 = CARTESIAN_POINT('',(3.794095518311,2.496211131855));
#11786 = CARTESIAN_POINT('',(3.793892502128,2.287797834247));
#11787 = CARTESIAN_POINT('',(3.793670351747,2.079456976877));
#11788 = CARTESIAN_POINT('',(3.79342909092,1.871196345611));
#11789 = CARTESIAN_POINT('',(3.793168746337,1.663023677901));
#11790 = CARTESIAN_POINT('',(3.79260981743,1.246771718622));
#11791 = CARTESIAN_POINT('',(3.792311215074,1.038692506113));
#11792 = CARTESIAN_POINT('',(3.791993570264,0.830716723594));
#11793 = CARTESIAN_POINT('',(3.791656915381,0.622851999108));
#11794 = CARTESIAN_POINT('',(3.791301285491,0.415105890414));
#11795 = CARTESIAN_POINT('',(3.790926718338,0.207485884984));
#11796 = CARTESIAN_POINT('',(3.790533254351,-6.E-07));
#11797 = ( GEOMETRIC_REPRESENTATION_CONTEXT(2) 
PARAMETRIC_REPRESENTATION_CONTEXT() REPRESENTATION_CONTEXT('2D SPACE',''
  ) );
#11798 = PCURVE('',#553,#11799);
#11799 = DEFINITIONAL_REPRESENTATION('',(#11800),#11857);
#11800 = B_SPLINE_CURVE_WITH_KNOTS('',7,(#11801,#11802,#11803,#11804,
    #11805,#11806,#11807,#11808,#11809,#11810,#11811,#11812,#11813,
    #11814,#11815,#11816,#11817,#11818,#11819,#11820,#11821,#11822,
    #11823,#11824,#11825,#11826,#11827,#11828,#11829,#11830,#11831,
    #11832,#11833,#11834,#11835,#11836,#11837,#11838,#11839,#11840,
    #11841,#11842,#11843,#11844,#11845,#11846,#11847,#11848,#11849,
    #11850,#11851,#11852,#11853,#11854,#11855,#11856),.UNSPECIFIED.,.F.,
  .F.,(8,6,6,6,6,6,6,6,6,8),(0.,0.122008980461,0.196986753527,
    0.29048261255,0.556095649246,0.728781915349,0.935734389289,
    0.957129918104,0.978559916161,1.),.UNSPECIFIED.);
#11801 = CARTESIAN_POINT('',(0.,80.1));
#11802 = CARTESIAN_POINT('',(3.733360373146E-02,80.1));
#11803 = CARTESIAN_POINT('',(7.460843259092E-02,80.144498074277));
#11804 = CARTESIAN_POINT('',(0.111721671672,80.233241332058));
#11805 = CARTESIAN_POINT('',(0.148570280378,80.364805137133));
#11806 = CARTESIAN_POINT('',(0.185046529183,80.536605233383));
#11807 = CARTESIAN_POINT('',(0.221033350161,80.744966544927));
#11808 = CARTESIAN_POINT('',(0.278132944555,81.132908414427));
#11809 = CARTESIAN_POINT('',(0.299652928951,81.29276509028));
#11810 = CARTESIAN_POINT('',(0.320957934374,81.4639860109));
#11811 = CARTESIAN_POINT('',(0.342045692251,81.645714304197));
#11812 = CARTESIAN_POINT('',(0.362913156302,81.837073660633));
#11813 = CARTESIAN_POINT('',(0.383556473297,82.037173100349));
#11814 = CARTESIAN_POINT('',(0.429427423296,82.504407275119));
#11815 = CARTESIAN_POINT('',(0.454532411061,82.775936922972));
#11816 = CARTESIAN_POINT('',(0.479299735641,83.05819690882));
#11817 = CARTESIAN_POINT('',(0.503742464692,83.349757790957));
#11818 = CARTESIAN_POINT('',(0.527873068652,83.649264224125));
#11819 = CARTESIAN_POINT('',(0.551703574391,83.955434722631));
#11820 = CARTESIAN_POINT('',(0.642126761,85.15236388701));
#11821 = CARTESIAN_POINT('',(0.706760121011,86.082755022461));
#11822 = CARTESIAN_POINT('',(0.769510818932,87.032126207212));
#11823 = CARTESIAN_POINT('',(0.830714356975,87.979353956049));
#11824 = CARTESIAN_POINT('',(0.890703067259,88.907080656534));
#11825 = CARTESIAN_POINT('',(0.949810305952,89.799959546637));
#11826 = CARTESIAN_POINT('',(1.046462950107,91.191287669946));
#11827 = CARTESIAN_POINT('',(1.084299971587,91.718194727889));
#11828 = CARTESIAN_POINT('',(1.121939660519,92.21907012119));
#11829 = CARTESIAN_POINT('',(1.159427895596,92.689356577197));
#11830 = CARTESIAN_POINT('',(1.196811522033,93.124722415192));
#11831 = CARTESIAN_POINT('',(1.234139399777,93.521094605874));
#11832 = CARTESIAN_POINT('',(1.316193685889,94.29849142929));
#11833 = CARTESIAN_POINT('',(1.3609461023,94.661125945975));
#11834 = CARTESIAN_POINT('',(1.405697218777,94.954927466138));
#11835 = CARTESIAN_POINT('',(1.450442759128,95.1738572927));
#11836 = CARTESIAN_POINT('',(1.49519132164,95.313856013445));
#11837 = CARTESIAN_POINT('',(1.539958691141,95.372992025413));
#11838 = CARTESIAN_POINT('',(1.589394789619,95.34919616801));
#11839 = CARTESIAN_POINT('',(1.594026774911,95.346104207167));
#11840 = CARTESIAN_POINT('',(1.598658715941,95.342150365744));
#11841 = CARTESIAN_POINT('',(1.603290599029,95.337335396875));
#11842 = CARTESIAN_POINT('',(1.607922410953,95.331660327643));
#11843 = CARTESIAN_POINT('',(1.612554138949,95.325126459077));
#11844 = CARTESIAN_POINT('',(1.62182486425,95.310332365815));
#11845 = CARTESIAN_POINT('',(1.626463861492,95.302069373445));
#11846 = CARTESIAN_POINT('',(1.631102750084,95.292947973543));
#11847 = CARTESIAN_POINT('',(1.635741518606,95.282970016542));
#11848 = CARTESIAN_POINT('',(1.640380156577,95.272137618804));
#11849 = CARTESIAN_POINT('',(1.645018654448,95.260453162623));
#11850 = CARTESIAN_POINT('',(1.654297535749,95.235379530906));
#11851 = CARTESIAN_POINT('',(1.658937919267,95.221989550135));
#11852 = CARTESIAN_POINT('',(1.663578145561,95.207752007494));
#11853 = CARTESIAN_POINT('',(1.668218207405,95.192669807059));
#11854 = CARTESIAN_POINT('',(1.672858098945,95.176746103401));
#11855 = CARTESIAN_POINT('',(1.677497815697,95.159984301588));
#11856 = CARTESIAN_POINT('',(1.682137354552,95.142388057181));
#11857 = ( GEOMETRIC_REPRESENTATION_CONTEXT(2) 
PARAMETRIC_REPRESENTATION_CONTEXT() REPRESENTATION_CONTEXT('2D SPACE',''
  ) );
#11858 = ORIENTED_EDGE('',*,*,#10403,.T.);
#11859 = ORIENTED_EDGE('',*,*,#840,.F.);
#11860 = ORIENTED_EDGE('',*,*,#11861,.T.);
#11861 = EDGE_CURVE('',#600,#9526,#11862,.T.);
#11862 = SEAM_CURVE('',#11863,(#11867,#11874),.PCURVE_S1.);
#11863 = LINE('',#11864,#11865);
#11864 = CARTESIAN_POINT('',(74.,0.,123.));
#11865 = VECTOR('',#11866,1.);
#11866 = DIRECTION('',(0.,0.,1.));
#11867 = PCURVE('',#723,#11868);
#11868 = DEFINITIONAL_REPRESENTATION('',(#11869),#11873);
#11869 = LINE('',#11870,#11871);
#11870 = CARTESIAN_POINT('',(0.,0.));
#11871 = VECTOR('',#11872,1.);
#11872 = DIRECTION('',(0.,1.));
#11873 = ( GEOMETRIC_REPRESENTATION_CONTEXT(2) 
PARAMETRIC_REPRESENTATION_CONTEXT() REPRESENTATION_CONTEXT('2D SPACE',''
  ) );
#11874 = PCURVE('',#723,#11875);
#11875 = DEFINITIONAL_REPRESENTATION('',(#11876),#11880);
#11876 = LINE('',#11877,#11878);
#11877 = CARTESIAN_POINT('',(6.28318530718,0.));
#11878 = VECTOR('',#11879,1.);
#11879 = DIRECTION('',(0.,1.));
#11880 = ( GEOMETRIC_REPRESENTATION_CONTEXT(2) 
PARAMETRIC_REPRESENTATION_CONTEXT() REPRESENTATION_CONTEXT('2D SPACE',''
  ) );
#11881 = ORIENTED_EDGE('',*,*,#9525,.F.);
#11882 = ORIENTED_EDGE('',*,*,#11861,.F.);
#11883 = ADVANCED_FACE('',(#11884),#469,.T.);
#11884 = FACE_BOUND('',#11885,.T.);
#11885 = EDGE_LOOP('',(#11886,#11887,#11888,#11889));
#11886 = ORIENTED_EDGE('',*,*,#452,.T.);
#11887 = ORIENTED_EDGE('',*,*,#1289,.F.);
#11888 = ORIENTED_EDGE('',*,*,#10785,.F.);
#11889 = ORIENTED_EDGE('',*,*,#11890,.T.);
#11890 = EDGE_CURVE('',#10786,#453,#11891,.T.);
#11891 = SURFACE_CURVE('',#11892,(#11898,#11907),.PCURVE_S1.);
#11892 = B_SPLINE_CURVE_WITH_KNOTS('',4,(#11893,#11894,#11895,#11896,
    #11897),.UNSPECIFIED.,.F.,.F.,(5,5),(0.,1.),
  .PIECEWISE_BEZIER_KNOTS.);
#11893 = CARTESIAN_POINT('',(-72.56114106132,-44.08579733154,
    118.97545161008));
#11894 = CARTESIAN_POINT('',(-72.61972470478,-44.03574938983,
    118.73096254316));
#11895 = CARTESIAN_POINT('',(-72.67925622305,-43.98390166208,
    118.48688287501));
#11896 = CARTESIAN_POINT('',(-72.73971974121,-43.930258011,
    118.24322478774));
#11897 = CARTESIAN_POINT('',(-72.8010988928,-43.87482193696,118.));
#11898 = PCURVE('',#469,#11899);
#11899 = DEFINITIONAL_REPRESENTATION('',(#11900),#11906);
#11900 = B_SPLINE_CURVE_WITH_KNOTS('',4,(#11901,#11902,#11903,#11904,
    #11905),.UNSPECIFIED.,.F.,.F.,(5,5),(0.,1.),
  .PIECEWISE_BEZIER_KNOTS.);
#11901 = CARTESIAN_POINT('',(-3.68755798295,-0.975451610081));
#11902 = CARTESIAN_POINT('',(-3.686695932585,-0.730962543162));
#11903 = CARTESIAN_POINT('',(-3.685810621019,-0.486882875015));
#11904 = CARTESIAN_POINT('',(-3.684902219653,-0.243224787747));
#11905 = CARTESIAN_POINT('',(-3.68397089696,0.));
#11906 = ( GEOMETRIC_REPRESENTATION_CONTEXT(2) 
PARAMETRIC_REPRESENTATION_CONTEXT() REPRESENTATION_CONTEXT('2D SPACE',''
  ) );
#11907 = PCURVE('',#553,#11908);
#11908 = DEFINITIONAL_REPRESENTATION('',(#11909),#11915);
#11909 = B_SPLINE_CURVE_WITH_KNOTS('',4,(#11910,#11911,#11912,#11913,
    #11914),.UNSPECIFIED.,.F.,.F.,(5,5),(0.,1.),
  .PIECEWISE_BEZIER_KNOTS.);
#11910 = CARTESIAN_POINT('',(1.772711048046,81.538858938679));
#11911 = CARTESIAN_POINT('',(1.778256803861,81.480275295216));
#11912 = CARTESIAN_POINT('',(1.78380166763,81.420743776941));
#11913 = CARTESIAN_POINT('',(1.789345811692,81.360280258786));
#11914 = CARTESIAN_POINT('',(1.794889419096,81.298901107195));
#11915 = ( GEOMETRIC_REPRESENTATION_CONTEXT(2) 
PARAMETRIC_REPRESENTATION_CONTEXT() REPRESENTATION_CONTEXT('2D SPACE',''
  ) );
#11916 = ADVANCED_FACE('',(#11917),#553,.T.);
#11917 = FACE_BOUND('',#11918,.T.);
#11918 = EDGE_LOOP('',(#11919,#11920,#11941,#11942,#11943,#11944,#11945,
    #11946,#11947,#11948,#11949,#11950,#11951,#11952,#11953,#11954,
    #11955,#11956,#11957,#11958,#11959,#11960,#11961,#11962,#11963));
#11919 = ORIENTED_EDGE('',*,*,#11679,.F.);
#11920 = ORIENTED_EDGE('',*,*,#11921,.F.);
#11921 = EDGE_CURVE('',#5333,#11498,#11922,.T.);
#11922 = SEAM_CURVE('',#11923,(#11927,#11934),.PCURVE_S1.);
#11923 = LINE('',#11924,#11925);
#11924 = CARTESIAN_POINT('',(-154.1,1.102182119233E-14,173.));
#11925 = VECTOR('',#11926,1.);
#11926 = DIRECTION('',(1.,0.,0.));
#11927 = PCURVE('',#553,#11928);
#11928 = DEFINITIONAL_REPRESENTATION('',(#11929),#11933);
#11929 = LINE('',#11930,#11931);
#11930 = CARTESIAN_POINT('',(6.28318530718,-0.));
#11931 = VECTOR('',#11932,1.);
#11932 = DIRECTION('',(0.,1.));
#11933 = ( GEOMETRIC_REPRESENTATION_CONTEXT(2) 
PARAMETRIC_REPRESENTATION_CONTEXT() REPRESENTATION_CONTEXT('2D SPACE',''
  ) );
#11934 = PCURVE('',#553,#11935);
#11935 = DEFINITIONAL_REPRESENTATION('',(#11936),#11940);
#11936 = LINE('',#11937,#11938);
#11937 = CARTESIAN_POINT('',(0.,-0.));
#11938 = VECTOR('',#11939,1.);
#11939 = DIRECTION('',(0.,1.));
#11940 = ( GEOMETRIC_REPRESENTATION_CONTEXT(2) 
PARAMETRIC_REPRESENTATION_CONTEXT() REPRESENTATION_CONTEXT('2D SPACE',''
  ) );
#11941 = ORIENTED_EDGE('',*,*,#5332,.T.);
#11942 = ORIENTED_EDGE('',*,*,#11921,.T.);
#11943 = ORIENTED_EDGE('',*,*,#11497,.F.);
#11944 = ORIENTED_EDGE('',*,*,#11449,.F.);
#11945 = ORIENTED_EDGE('',*,*,#11393,.F.);
#11946 = ORIENTED_EDGE('',*,*,#11337,.F.);
#11947 = ORIENTED_EDGE('',*,*,#11281,.F.);
#11948 = ORIENTED_EDGE('',*,*,#11225,.F.);
#11949 = ORIENTED_EDGE('',*,*,#11169,.F.);
#11950 = ORIENTED_EDGE('',*,*,#11113,.F.);
#11951 = ORIENTED_EDGE('',*,*,#11057,.F.);
#11952 = ORIENTED_EDGE('',*,*,#11001,.F.);
#11953 = ORIENTED_EDGE('',*,*,#10864,.F.);
#11954 = ORIENTED_EDGE('',*,*,#481,.F.);
#11955 = ORIENTED_EDGE('',*,*,#11890,.F.);
#11956 = ORIENTED_EDGE('',*,*,#10811,.F.);
#11957 = ORIENTED_EDGE('',*,*,#10755,.F.);
#11958 = ORIENTED_EDGE('',*,*,#10699,.F.);
#11959 = ORIENTED_EDGE('',*,*,#10643,.F.);
#11960 = ORIENTED_EDGE('',*,*,#10587,.F.);
#11961 = ORIENTED_EDGE('',*,*,#10531,.F.);
#11962 = ORIENTED_EDGE('',*,*,#10475,.F.);
#11963 = ORIENTED_EDGE('',*,*,#10427,.T.);
#11964 = ADVANCED_FACE('',(#11965),#248,.F.);
#11965 = FACE_BOUND('',#11966,.T.);
#11966 = EDGE_LOOP('',(#11967,#11968,#11969,#11970));
#11967 = ORIENTED_EDGE('',*,*,#264,.F.);
#11968 = ORIENTED_EDGE('',*,*,#233,.T.);
#11969 = ORIENTED_EDGE('',*,*,#314,.F.);
#11970 = ORIENTED_EDGE('',*,*,#10842,.F.);
#11971 = ADVANCED_FACE('',(#11972),#43,.F.);
#11972 = FACE_BOUND('',#11973,.T.);
#11973 = EDGE_LOOP('',(#11974,#11975,#11996,#11997));
#11974 = ORIENTED_EDGE('',*,*,#10006,.T.);
#11975 = ORIENTED_EDGE('',*,*,#11976,.T.);
#11976 = EDGE_CURVE('',#9984,#22,#11977,.T.);
#11977 = SEAM_CURVE('',#11978,(#11982,#11989),.PCURVE_S1.);
#11978 = LINE('',#11979,#11980);
#11979 = CARTESIAN_POINT('',(75.3,0.,76.75));
#11980 = VECTOR('',#11981,1.);
#11981 = DIRECTION('',(0.,0.,-1.));
#11982 = PCURVE('',#43,#11983);
#11983 = DEFINITIONAL_REPRESENTATION('',(#11984),#11988);
#11984 = LINE('',#11985,#11986);
#11985 = CARTESIAN_POINT('',(-0.,0.));
#11986 = VECTOR('',#11987,1.);
#11987 = DIRECTION('',(-0.,1.));
#11988 = ( GEOMETRIC_REPRESENTATION_CONTEXT(2) 
PARAMETRIC_REPRESENTATION_CONTEXT() REPRESENTATION_CONTEXT('2D SPACE',''
  ) );
#11989 = PCURVE('',#43,#11990);
#11990 = DEFINITIONAL_REPRESENTATION('',(#11991),#11995);
#11991 = LINE('',#11992,#11993);
#11992 = CARTESIAN_POINT('',(-6.28318530718,0.));
#11993 = VECTOR('',#11994,1.);
#11994 = DIRECTION('',(-0.,1.));
#11995 = ( GEOMETRIC_REPRESENTATION_CONTEXT(2) 
PARAMETRIC_REPRESENTATION_CONTEXT() REPRESENTATION_CONTEXT('2D SPACE',''
  ) );
#11996 = ORIENTED_EDGE('',*,*,#21,.F.);
#11997 = ORIENTED_EDGE('',*,*,#11976,.F.);
#11998 = ( GEOMETRIC_REPRESENTATION_CONTEXT(3) 
GLOBAL_UNCERTAINTY_ASSIGNED_CONTEXT((#12002)) 
GLOBAL_UNIT_ASSIGNED_CONTEXT((#11999,#12000,#12001)) 
REPRESENTATION_CONTEXT('Context #1',
  '3D Context with UNIT and UNCERTAINTY') );
#11999 = ( LENGTH_UNIT() NAMED_UNIT(*) SI_UNIT(.MILLI.,.METRE.) );
#12000 = ( NAMED_UNIT(*) PLANE_ANGLE_UNIT() SI_UNIT($,.RADIAN.) );
#12001 = ( NAMED_UNIT(*) SI_UNIT($,.STERADIAN.) SOLID_ANGLE_UNIT() );
#12002 = UNCERTAINTY_MEASURE_WITH_UNIT(LENGTH_MEASURE(2.E-07),#11999,
  'distance_accuracy_value','confusion accuracy');
#12003 = PRODUCT_RELATED_PRODUCT_CATEGORY('part',$,(#7));
ENDSEC;
END-ISO-10303-21;
