ISO-10303-21;
HEADER;
FILE_DESCRIPTION(('Open CASCADE Model'),'2;1');
FILE_NAME('Open CASCADE Shape Model','2026-09-23T09:53:12',('Author'),(
    'Open CASCADE'),'Open CASCADE STEP processor 7.9','Open CASCADE 7.9'
  ,'Unknown');
FILE_SCHEMA(('AUTOMOTIVE_DESIGN { 1 0 10303 214 1 1 1 1 }'));
ENDSEC;
DATA;
#1 = APPLICATION_PROTOCOL_DEFINITION('international standard',
  'automotive_design',2000,#2);
#2 = APPLICATION_CONTEXT(
  'core data for automotive mechanical design processes');
#3 = SHAPE_DEFINITION_REPRESENTATION(#4,#10);
#4 = PRODUCT_DEFINITION_SHAPE('','',#5);
#5 = PRODUCT_DEFINITION('design','',#6,#9);
#6 = PRODUCT_DEFINITION_FORMATION('','',#7);
#7 = PRODUCT('Open CASCADE STEP translator 7.9 22',
  'Open CASCADE STEP translator 7.9 22','',(#8));
#8 = PRODUCT_CONTEXT('',#2,'mechanical');
#9 = PRODUCT_DEFINITION_CONTEXT('part definition',#2,'design');
#10 = ADVANCED_BREP_SHAPE_REPRESENTATION('',(#11,#15),#2812);
#11 = AXIS2_PLACEMENT_3D('',#12,#13,#14);
#12 = CARTESIAN_POINT('',(0.,0.,0.));
#13 = DIRECTION('',(0.,0.,1.));
#14 = DIRECTION('',(1.,0.,-0.));
#15 = MANIFOLD_SOLID_BREP('',#16);
#16 = CLOSED_SHELL('',(#17,#329,#405,#507,#562,#597,#1361,#1387,#1392,
    #1418,#1423,#1427,#1620,#1692,#1718,#1785,#1816,#1888,#1894,#2115,
    #2386,#2441,#2476,#2531,#2629,#2656,#2683,#2690,#2737,#2764,#2791,
    #2798,#2805));
#17 = ADVANCED_FACE('',(#18,#105,#217),#31,.T.);
#18 = FACE_BOUND('',#19,.T.);
#19 = EDGE_LOOP('',(#20,#54,#77,#104));
#20 = ORIENTED_EDGE('',*,*,#21,.F.);
#21 = EDGE_CURVE('',#22,#22,#24,.T.);
#22 = VERTEX_POINT('',#23);
#23 = CARTESIAN_POINT('',(25.3,-6.196712803686E-15,81.));
#24 = SURFACE_CURVE('',#25,(#30,#42),.PCURVE_S1.);
#25 = CIRCLE('',#26,25.3);
#26 = AXIS2_PLACEMENT_3D('',#27,#28,#29);
#27 = CARTESIAN_POINT('',(0.,0.,81.));
#28 = DIRECTION('',(0.,0.,1.));
#29 = DIRECTION('',(1.,0.,-0.));
#30 = PCURVE('',#31,#36);
#31 = CYLINDRICAL_SURFACE('',#32,25.3);
#32 = AXIS2_PLACEMENT_3D('',#33,#34,#35);
#33 = CARTESIAN_POINT('',(0.,0.,25.9));
#34 = DIRECTION('',(0.,0.,1.));
#35 = DIRECTION('',(1.,0.,-0.));
#36 = DEFINITIONAL_REPRESENTATION('',(#37),#41);
#37 = LINE('',#38,#39);
#38 = CARTESIAN_POINT('',(0.,55.1));
#39 = VECTOR('',#40,1.);
#40 = DIRECTION('',(1.,0.));
#41 = ( GEOMETRIC_REPRESENTATION_CONTEXT(2) 
PARAMETRIC_REPRESENTATION_CONTEXT() REPRESENTATION_CONTEXT('2D SPACE',''
  ) );
#42 = PCURVE('',#43,#48);
#43 = PLANE('',#44);
#44 = AXIS2_PLACEMENT_3D('',#45,#46,#47);
#45 = CARTESIAN_POINT('',(0.,0.,81.));
#46 = DIRECTION('',(0.,0.,1.));
#47 = DIRECTION('',(1.,0.,-0.));
#48 = DEFINITIONAL_REPRESENTATION('',(#49),#53);
#49 = CIRCLE('',#50,25.3);
#50 = AXIS2_PLACEMENT_2D('',#51,#52);
#51 = CARTESIAN_POINT('',(0.,0.));
#52 = DIRECTION('',(1.,0.));
#53 = ( GEOMETRIC_REPRESENTATION_CONTEXT(2) 
PARAMETRIC_REPRESENTATION_CONTEXT() REPRESENTATION_CONTEXT('2D SPACE',''
  ) );
#54 = ORIENTED_EDGE('',*,*,#55,.F.);
#55 = EDGE_CURVE('',#56,#22,#58,.T.);
#56 = VERTEX_POINT('',#57);
#57 = CARTESIAN_POINT('',(25.3,-6.196712803686E-15,25.9));
#58 = SEAM_CURVE('',#59,(#63,#70),.PCURVE_S1.);
#59 = LINE('',#60,#61);
#60 = CARTESIAN_POINT('',(25.3,-6.196712803686E-15,25.9));
#61 = VECTOR('',#62,1.);
#62 = DIRECTION('',(0.,0.,1.));
#63 = PCURVE('',#31,#64);
#64 = DEFINITIONAL_REPRESENTATION('',(#65),#69);
#65 = LINE('',#66,#67);
#66 = CARTESIAN_POINT('',(6.28318530718,-0.));
#67 = VECTOR('',#68,1.);
#68 = DIRECTION('',(0.,1.));
#69 = ( GEOMETRIC_REPRESENTATION_CONTEXT(2) 
PARAMETRIC_REPRESENTATION_CONTEXT() REPRESENTATION_CONTEXT('2D SPACE',''
  ) );
#70 = PCURVE('',#31,#71);
#71 = DEFINITIONAL_REPRESENTATION('',(#72),#76);
#72 = LINE('',#73,#74);
#73 = CARTESIAN_POINT('',(0.,-0.));
#74 = VECTOR('',#75,1.);
#75 = DIRECTION('',(0.,1.));
#76 = ( GEOMETRIC_REPRESENTATION_CONTEXT(2) 
PARAMETRIC_REPRESENTATION_CONTEXT() REPRESENTATION_CONTEXT('2D SPACE',''
  ) );
#77 = ORIENTED_EDGE('',*,*,#78,.T.);
#78 = EDGE_CURVE('',#56,#56,#79,.T.);
#79 = SURFACE_CURVE('',#80,(#85,#92),.PCURVE_S1.);
#80 = CIRCLE('',#81,25.3);
#81 = AXIS2_PLACEMENT_3D('',#82,#83,#84);
#82 = CARTESIAN_POINT('',(0.,0.,25.9));
#83 = DIRECTION('',(0.,0.,1.));
#84 = DIRECTION('',(1.,0.,-0.));
#85 = PCURVE('',#31,#86);
#86 = DEFINITIONAL_REPRESENTATION('',(#87),#91);
#87 = LINE('',#88,#89);
#88 = CARTESIAN_POINT('',(0.,0.));
#89 = VECTOR('',#90,1.);
#90 = DIRECTION('',(1.,0.));
#91 = ( GEOMETRIC_REPRESENTATION_CONTEXT(2) 
PARAMETRIC_REPRESENTATION_CONTEXT() REPRESENTATION_CONTEXT('2D SPACE',''
  ) );
#92 = PCURVE('',#93,#98);
#93 = PLANE('',#94);
#94 = AXIS2_PLACEMENT_3D('',#95,#96,#97);
#95 = CARTESIAN_POINT('',(0.,0.,25.9));
#96 = DIRECTION('',(0.,0.,1.));
#97 = DIRECTION('',(1.,0.,-0.));
#98 = DEFINITIONAL_REPRESENTATION('',(#99),#103);
#99 = CIRCLE('',#100,25.3);
#100 = AXIS2_PLACEMENT_2D('',#101,#102);
#101 = CARTESIAN_POINT('',(0.,0.));
#102 = DIRECTION('',(1.,0.));
#103 = ( GEOMETRIC_REPRESENTATION_CONTEXT(2) 
PARAMETRIC_REPRESENTATION_CONTEXT() REPRESENTATION_CONTEXT('2D SPACE',''
  ) );
#104 = ORIENTED_EDGE('',*,*,#55,.T.);
#105 = FACE_BOUND('',#106,.T.);
#106 = EDGE_LOOP('',(#107,#135,#164,#190));
#107 = ORIENTED_EDGE('',*,*,#108,.F.);
#108 = EDGE_CURVE('',#109,#111,#113,.T.);
#109 = VERTEX_POINT('',#110);
#110 = CARTESIAN_POINT('',(-10.,23.239836488237,27.));
#111 = VERTEX_POINT('',#112);
#112 = CARTESIAN_POINT('',(-10.,23.239836488237,53.));
#113 = SURFACE_CURVE('',#114,(#118,#124),.PCURVE_S1.);
#114 = LINE('',#115,#116);
#115 = CARTESIAN_POINT('',(-10.,23.239836488237,25.9));
#116 = VECTOR('',#117,1.);
#117 = DIRECTION('',(0.,0.,1.));
#118 = PCURVE('',#31,#119);
#119 = DEFINITIONAL_REPRESENTATION('',(#120),#123);
#120 = B_SPLINE_CURVE_WITH_KNOTS('',1,(#121,#122),.UNSPECIFIED.,.F.,.F.,
  (2,2),(-5.999999999062E-07,29.7),.PIECEWISE_BEZIER_KNOTS.);
#121 = CARTESIAN_POINT('',(1.977143853185,-5.999999999062E-07));
#122 = CARTESIAN_POINT('',(1.977143853185,29.7));
#123 = ( GEOMETRIC_REPRESENTATION_CONTEXT(2) 
PARAMETRIC_REPRESENTATION_CONTEXT() REPRESENTATION_CONTEXT('2D SPACE',''
  ) );
#124 = PCURVE('',#125,#130);
#125 = PLANE('',#126);
#126 = AXIS2_PLACEMENT_3D('',#127,#128,#129);
#127 = CARTESIAN_POINT('',(-10.,15.,27.));
#128 = DIRECTION('',(1.,0.,-0.));
#129 = DIRECTION('',(0.,0.,1.));
#130 = DEFINITIONAL_REPRESENTATION('',(#131),#134);
#131 = B_SPLINE_CURVE_WITH_KNOTS('',1,(#132,#133),.UNSPECIFIED.,.F.,.F.,
  (2,2),(-5.999999999062E-07,29.7),.PIECEWISE_BEZIER_KNOTS.);
#132 = CARTESIAN_POINT('',(-1.1000006,-8.239836488237));
#133 = CARTESIAN_POINT('',(28.6,-8.239836488237));
#134 = ( GEOMETRIC_REPRESENTATION_CONTEXT(2) 
PARAMETRIC_REPRESENTATION_CONTEXT() REPRESENTATION_CONTEXT('2D SPACE',''
  ) );
#135 = ORIENTED_EDGE('',*,*,#136,.F.);
#136 = EDGE_CURVE('',#137,#109,#139,.T.);
#137 = VERTEX_POINT('',#138);
#138 = CARTESIAN_POINT('',(10.,23.239836488237,27.));
#139 = SURFACE_CURVE('',#140,(#145,#152),.PCURVE_S1.);
#140 = CIRCLE('',#141,25.3);
#141 = AXIS2_PLACEMENT_3D('',#142,#143,#144);
#142 = CARTESIAN_POINT('',(0.,0.,27.));
#143 = DIRECTION('',(0.,0.,1.));
#144 = DIRECTION('',(1.,0.,-0.));
#145 = PCURVE('',#31,#146);
#146 = DEFINITIONAL_REPRESENTATION('',(#147),#151);
#147 = LINE('',#148,#149);
#148 = CARTESIAN_POINT('',(0.,1.1));
#149 = VECTOR('',#150,1.);
#150 = DIRECTION('',(1.,0.));
#151 = ( GEOMETRIC_REPRESENTATION_CONTEXT(2) 
PARAMETRIC_REPRESENTATION_CONTEXT() REPRESENTATION_CONTEXT('2D SPACE',''
  ) );
#152 = PCURVE('',#153,#158);
#153 = PLANE('',#154);
#154 = AXIS2_PLACEMENT_3D('',#155,#156,#157);
#155 = CARTESIAN_POINT('',(-10.,15.,27.));
#156 = DIRECTION('',(0.,0.,1.));
#157 = DIRECTION('',(1.,0.,-0.));
#158 = DEFINITIONAL_REPRESENTATION('',(#159),#163);
#159 = CIRCLE('',#160,25.3);
#160 = AXIS2_PLACEMENT_2D('',#161,#162);
#161 = CARTESIAN_POINT('',(10.,-15.));
#162 = DIRECTION('',(1.,0.));
#163 = ( GEOMETRIC_REPRESENTATION_CONTEXT(2) 
PARAMETRIC_REPRESENTATION_CONTEXT() REPRESENTATION_CONTEXT('2D SPACE',''
  ) );
#164 = ORIENTED_EDGE('',*,*,#165,.T.);
#165 = EDGE_CURVE('',#137,#166,#168,.T.);
#166 = VERTEX_POINT('',#167);
#167 = CARTESIAN_POINT('',(10.,23.239836488237,53.));
#168 = SURFACE_CURVE('',#169,(#173,#179),.PCURVE_S1.);
#169 = LINE('',#170,#171);
#170 = CARTESIAN_POINT('',(10.,23.239836488237,25.9));
#171 = VECTOR('',#172,1.);
#172 = DIRECTION('',(0.,0.,1.));
#173 = PCURVE('',#31,#174);
#174 = DEFINITIONAL_REPRESENTATION('',(#175),#178);
#175 = B_SPLINE_CURVE_WITH_KNOTS('',1,(#176,#177),.UNSPECIFIED.,.F.,.F.,
  (2,2),(-5.999999999062E-07,29.7),.PIECEWISE_BEZIER_KNOTS.);
#176 = CARTESIAN_POINT('',(1.164448800405,-5.999999999062E-07));
#177 = CARTESIAN_POINT('',(1.164448800405,29.7));
#178 = ( GEOMETRIC_REPRESENTATION_CONTEXT(2) 
PARAMETRIC_REPRESENTATION_CONTEXT() REPRESENTATION_CONTEXT('2D SPACE',''
  ) );
#179 = PCURVE('',#180,#185);
#180 = PLANE('',#181);
#181 = AXIS2_PLACEMENT_3D('',#182,#183,#184);
#182 = CARTESIAN_POINT('',(10.,15.,27.));
#183 = DIRECTION('',(1.,0.,-0.));
#184 = DIRECTION('',(0.,0.,1.));
#185 = DEFINITIONAL_REPRESENTATION('',(#186),#189);
#186 = B_SPLINE_CURVE_WITH_KNOTS('',1,(#187,#188),.UNSPECIFIED.,.F.,.F.,
  (2,2),(-5.999999999062E-07,29.7),.PIECEWISE_BEZIER_KNOTS.);
#187 = CARTESIAN_POINT('',(-1.1000006,-8.239836488237));
#188 = CARTESIAN_POINT('',(28.6,-8.239836488237));
#189 = ( GEOMETRIC_REPRESENTATION_CONTEXT(2) 
PARAMETRIC_REPRESENTATION_CONTEXT() REPRESENTATION_CONTEXT('2D SPACE',''
  ) );
#190 = ORIENTED_EDGE('',*,*,#191,.T.);
#191 = EDGE_CURVE('',#166,#111,#192,.T.);
#192 = SURFACE_CURVE('',#193,(#198,#205),.PCURVE_S1.);
#193 = CIRCLE('',#194,25.3);
#194 = AXIS2_PLACEMENT_3D('',#195,#196,#197);
#195 = CARTESIAN_POINT('',(0.,0.,53.));
#196 = DIRECTION('',(0.,0.,1.));
#197 = DIRECTION('',(1.,0.,-0.));
#198 = PCURVE('',#31,#199);
#199 = DEFINITIONAL_REPRESENTATION('',(#200),#204);
#200 = LINE('',#201,#202);
#201 = CARTESIAN_POINT('',(0.,27.1));
#202 = VECTOR('',#203,1.);
#203 = DIRECTION('',(1.,0.));
#204 = ( GEOMETRIC_REPRESENTATION_CONTEXT(2) 
PARAMETRIC_REPRESENTATION_CONTEXT() REPRESENTATION_CONTEXT('2D SPACE',''
  ) );
#205 = PCURVE('',#206,#211);
#206 = PLANE('',#207);
#207 = AXIS2_PLACEMENT_3D('',#208,#209,#210);
#208 = CARTESIAN_POINT('',(-10.,15.,53.));
#209 = DIRECTION('',(0.,0.,1.));
#210 = DIRECTION('',(1.,0.,-0.));
#211 = DEFINITIONAL_REPRESENTATION('',(#212),#216);
#212 = CIRCLE('',#213,25.3);
#213 = AXIS2_PLACEMENT_2D('',#214,#215);
#214 = CARTESIAN_POINT('',(10.,-15.));
#215 = DIRECTION('',(1.,0.));
#216 = ( GEOMETRIC_REPRESENTATION_CONTEXT(2) 
PARAMETRIC_REPRESENTATION_CONTEXT() REPRESENTATION_CONTEXT('2D SPACE',''
  ) );
#217 = FACE_BOUND('',#218,.T.);
#218 = EDGE_LOOP('',(#219,#250,#276,#305));
#219 = ORIENTED_EDGE('',*,*,#220,.F.);
#220 = EDGE_CURVE('',#221,#223,#225,.T.);
#221 = VERTEX_POINT('',#222);
#222 = CARTESIAN_POINT('',(-10.,-23.23983648823,27.));
#223 = VERTEX_POINT('',#224);
#224 = CARTESIAN_POINT('',(10.,-23.23983648823,27.));
#225 = SURFACE_CURVE('',#226,(#231,#238),.PCURVE_S1.);
#226 = CIRCLE('',#227,25.3);
#227 = AXIS2_PLACEMENT_3D('',#228,#229,#230);
#228 = CARTESIAN_POINT('',(0.,0.,27.));
#229 = DIRECTION('',(0.,0.,1.));
#230 = DIRECTION('',(1.,0.,-0.));
#231 = PCURVE('',#31,#232);
#232 = DEFINITIONAL_REPRESENTATION('',(#233),#237);
#233 = LINE('',#234,#235);
#234 = CARTESIAN_POINT('',(0.,1.1));
#235 = VECTOR('',#236,1.);
#236 = DIRECTION('',(1.,0.));
#237 = ( GEOMETRIC_REPRESENTATION_CONTEXT(2) 
PARAMETRIC_REPRESENTATION_CONTEXT() REPRESENTATION_CONTEXT('2D SPACE',''
  ) );
#238 = PCURVE('',#239,#244);
#239 = PLANE('',#240);
#240 = AXIS2_PLACEMENT_3D('',#241,#242,#243);
#241 = CARTESIAN_POINT('',(-10.,-51.5,27.));
#242 = DIRECTION('',(0.,0.,1.));
#243 = DIRECTION('',(1.,0.,-0.));
#244 = DEFINITIONAL_REPRESENTATION('',(#245),#249);
#245 = CIRCLE('',#246,25.3);
#246 = AXIS2_PLACEMENT_2D('',#247,#248);
#247 = CARTESIAN_POINT('',(10.,51.5));
#248 = DIRECTION('',(1.,0.));
#249 = ( GEOMETRIC_REPRESENTATION_CONTEXT(2) 
PARAMETRIC_REPRESENTATION_CONTEXT() REPRESENTATION_CONTEXT('2D SPACE',''
  ) );
#250 = ORIENTED_EDGE('',*,*,#251,.T.);
#251 = EDGE_CURVE('',#221,#252,#254,.T.);
#252 = VERTEX_POINT('',#253);
#253 = CARTESIAN_POINT('',(-10.,-23.23983648823,53.));
#254 = SURFACE_CURVE('',#255,(#259,#265),.PCURVE_S1.);
#255 = LINE('',#256,#257);
#256 = CARTESIAN_POINT('',(-10.,-23.23983648823,25.9));
#257 = VECTOR('',#258,1.);
#258 = DIRECTION('',(0.,0.,1.));
#259 = PCURVE('',#31,#260);
#260 = DEFINITIONAL_REPRESENTATION('',(#261),#264);
#261 = B_SPLINE_CURVE_WITH_KNOTS('',1,(#262,#263),.UNSPECIFIED.,.F.,.F.,
  (2,2),(-5.999999999062E-07,29.7),.PIECEWISE_BEZIER_KNOTS.);
#262 = CARTESIAN_POINT('',(4.306041453995,-5.999999999062E-07));
#263 = CARTESIAN_POINT('',(4.306041453995,29.7));
#264 = ( GEOMETRIC_REPRESENTATION_CONTEXT(2) 
PARAMETRIC_REPRESENTATION_CONTEXT() REPRESENTATION_CONTEXT('2D SPACE',''
  ) );
#265 = PCURVE('',#266,#271);
#266 = PLANE('',#267);
#267 = AXIS2_PLACEMENT_3D('',#268,#269,#270);
#268 = CARTESIAN_POINT('',(-10.,-51.5,27.));
#269 = DIRECTION('',(1.,0.,-0.));
#270 = DIRECTION('',(0.,0.,1.));
#271 = DEFINITIONAL_REPRESENTATION('',(#272),#275);
#272 = B_SPLINE_CURVE_WITH_KNOTS('',1,(#273,#274),.UNSPECIFIED.,.F.,.F.,
  (2,2),(-5.999999999062E-07,29.7),.PIECEWISE_BEZIER_KNOTS.);
#273 = CARTESIAN_POINT('',(-1.1000006,-28.26016351176));
#274 = CARTESIAN_POINT('',(28.6,-28.26016351176));
#275 = ( GEOMETRIC_REPRESENTATION_CONTEXT(2) 
PARAMETRIC_REPRESENTATION_CONTEXT() REPRESENTATION_CONTEXT('2D SPACE',''
  ) );
#276 = ORIENTED_EDGE('',*,*,#277,.T.);
#277 = EDGE_CURVE('',#252,#278,#280,.T.);
#278 = VERTEX_POINT('',#279);
#279 = CARTESIAN_POINT('',(10.,-23.23983648823,53.));
#280 = SURFACE_CURVE('',#281,(#286,#293),.PCURVE_S1.);
#281 = CIRCLE('',#282,25.3);
#282 = AXIS2_PLACEMENT_3D('',#283,#284,#285);
#283 = CARTESIAN_POINT('',(0.,0.,53.));
#284 = DIRECTION('',(0.,0.,1.));
#285 = DIRECTION('',(1.,0.,-0.));
#286 = PCURVE('',#31,#287);
#287 = DEFINITIONAL_REPRESENTATION('',(#288),#292);
#288 = LINE('',#289,#290);
#289 = CARTESIAN_POINT('',(0.,27.1));
#290 = VECTOR('',#291,1.);
#291 = DIRECTION('',(1.,0.));
#292 = ( GEOMETRIC_REPRESENTATION_CONTEXT(2) 
PARAMETRIC_REPRESENTATION_CONTEXT() REPRESENTATION_CONTEXT('2D SPACE',''
  ) );
#293 = PCURVE('',#294,#299);
#294 = PLANE('',#295);
#295 = AXIS2_PLACEMENT_3D('',#296,#297,#298);
#296 = CARTESIAN_POINT('',(-10.,-51.5,53.));
#297 = DIRECTION('',(0.,0.,1.));
#298 = DIRECTION('',(1.,0.,-0.));
#299 = DEFINITIONAL_REPRESENTATION('',(#300),#304);
#300 = CIRCLE('',#301,25.3);
#301 = AXIS2_PLACEMENT_2D('',#302,#303);
#302 = CARTESIAN_POINT('',(10.,51.5));
#303 = DIRECTION('',(1.,0.));
#304 = ( GEOMETRIC_REPRESENTATION_CONTEXT(2) 
PARAMETRIC_REPRESENTATION_CONTEXT() REPRESENTATION_CONTEXT('2D SPACE',''
  ) );
#305 = ORIENTED_EDGE('',*,*,#306,.F.);
#306 = EDGE_CURVE('',#223,#278,#307,.T.);
#307 = SURFACE_CURVE('',#308,(#312,#318),.PCURVE_S1.);
#308 = LINE('',#309,#310);
#309 = CARTESIAN_POINT('',(10.,-23.23983648823,25.9));
#310 = VECTOR('',#311,1.);
#311 = DIRECTION('',(0.,0.,1.));
#312 = PCURVE('',#31,#313);
#313 = DEFINITIONAL_REPRESENTATION('',(#314),#317);
#314 = B_SPLINE_CURVE_WITH_KNOTS('',1,(#315,#316),.UNSPECIFIED.,.F.,.F.,
  (2,2),(-5.999999999062E-07,29.7),.PIECEWISE_BEZIER_KNOTS.);
#315 = CARTESIAN_POINT('',(5.118736506774,-5.999999999062E-07));
#316 = CARTESIAN_POINT('',(5.118736506774,29.7));
#317 = ( GEOMETRIC_REPRESENTATION_CONTEXT(2) 
PARAMETRIC_REPRESENTATION_CONTEXT() REPRESENTATION_CONTEXT('2D SPACE',''
  ) );
#318 = PCURVE('',#319,#324);
#319 = PLANE('',#320);
#320 = AXIS2_PLACEMENT_3D('',#321,#322,#323);
#321 = CARTESIAN_POINT('',(10.,-51.5,27.));
#322 = DIRECTION('',(1.,0.,-0.));
#323 = DIRECTION('',(0.,0.,1.));
#324 = DEFINITIONAL_REPRESENTATION('',(#325),#328);
#325 = B_SPLINE_CURVE_WITH_KNOTS('',1,(#326,#327),.UNSPECIFIED.,.F.,.F.,
  (2,2),(-5.999999999062E-07,29.7),.PIECEWISE_BEZIER_KNOTS.);
#326 = CARTESIAN_POINT('',(-1.1000006,-28.26016351176));
#327 = CARTESIAN_POINT('',(28.6,-28.26016351176));
#328 = ( GEOMETRIC_REPRESENTATION_CONTEXT(2) 
PARAMETRIC_REPRESENTATION_CONTEXT() REPRESENTATION_CONTEXT('2D SPACE',''
  ) );
#329 = ADVANCED_FACE('',(#330),#266,.F.);
#330 = FACE_BOUND('',#331,.F.);
#331 = EDGE_LOOP('',(#332,#355,#383,#404));
#332 = ORIENTED_EDGE('',*,*,#333,.F.);
#333 = EDGE_CURVE('',#334,#252,#336,.T.);
#334 = VERTEX_POINT('',#335);
#335 = CARTESIAN_POINT('',(-10.,-51.5,53.));
#336 = SURFACE_CURVE('',#337,(#341,#348),.PCURVE_S1.);
#337 = LINE('',#338,#339);
#338 = CARTESIAN_POINT('',(-10.,-51.5,53.));
#339 = VECTOR('',#340,1.);
#340 = DIRECTION('',(-0.,1.,0.));
#341 = PCURVE('',#266,#342);
#342 = DEFINITIONAL_REPRESENTATION('',(#343),#347);
#343 = LINE('',#344,#345);
#344 = CARTESIAN_POINT('',(26.,0.));
#345 = VECTOR('',#346,1.);
#346 = DIRECTION('',(0.,-1.));
#347 = ( GEOMETRIC_REPRESENTATION_CONTEXT(2) 
PARAMETRIC_REPRESENTATION_CONTEXT() REPRESENTATION_CONTEXT('2D SPACE',''
  ) );
#348 = PCURVE('',#294,#349);
#349 = DEFINITIONAL_REPRESENTATION('',(#350),#354);
#350 = LINE('',#351,#352);
#351 = CARTESIAN_POINT('',(0.,0.));
#352 = VECTOR('',#353,1.);
#353 = DIRECTION('',(0.,1.));
#354 = ( GEOMETRIC_REPRESENTATION_CONTEXT(2) 
PARAMETRIC_REPRESENTATION_CONTEXT() REPRESENTATION_CONTEXT('2D SPACE',''
  ) );
#355 = ORIENTED_EDGE('',*,*,#356,.F.);
#356 = EDGE_CURVE('',#357,#334,#359,.T.);
#357 = VERTEX_POINT('',#358);
#358 = CARTESIAN_POINT('',(-10.,-51.5,27.));
#359 = SURFACE_CURVE('',#360,(#364,#371),.PCURVE_S1.);
#360 = LINE('',#361,#362);
#361 = CARTESIAN_POINT('',(-10.,-51.5,27.));
#362 = VECTOR('',#363,1.);
#363 = DIRECTION('',(0.,0.,1.));
#364 = PCURVE('',#266,#365);
#365 = DEFINITIONAL_REPRESENTATION('',(#366),#370);
#366 = LINE('',#367,#368);
#367 = CARTESIAN_POINT('',(0.,0.));
#368 = VECTOR('',#369,1.);
#369 = DIRECTION('',(1.,0.));
#370 = ( GEOMETRIC_REPRESENTATION_CONTEXT(2) 
PARAMETRIC_REPRESENTATION_CONTEXT() REPRESENTATION_CONTEXT('2D SPACE',''
  ) );
#371 = PCURVE('',#372,#377);
#372 = PLANE('',#373);
#373 = AXIS2_PLACEMENT_3D('',#374,#375,#376);
#374 = CARTESIAN_POINT('',(-10.,-51.5,27.));
#375 = DIRECTION('',(-0.,1.,0.));
#376 = DIRECTION('',(0.,0.,1.));
#377 = DEFINITIONAL_REPRESENTATION('',(#378),#382);
#378 = LINE('',#379,#380);
#379 = CARTESIAN_POINT('',(0.,0.));
#380 = VECTOR('',#381,1.);
#381 = DIRECTION('',(1.,0.));
#382 = ( GEOMETRIC_REPRESENTATION_CONTEXT(2) 
PARAMETRIC_REPRESENTATION_CONTEXT() REPRESENTATION_CONTEXT('2D SPACE',''
  ) );
#383 = ORIENTED_EDGE('',*,*,#384,.T.);
#384 = EDGE_CURVE('',#357,#221,#385,.T.);
#385 = SURFACE_CURVE('',#386,(#390,#397),.PCURVE_S1.);
#386 = LINE('',#387,#388);
#387 = CARTESIAN_POINT('',(-10.,-51.5,27.));
#388 = VECTOR('',#389,1.);
#389 = DIRECTION('',(-0.,1.,0.));
#390 = PCURVE('',#266,#391);
#391 = DEFINITIONAL_REPRESENTATION('',(#392),#396);
#392 = LINE('',#393,#394);
#393 = CARTESIAN_POINT('',(0.,0.));
#394 = VECTOR('',#395,1.);
#395 = DIRECTION('',(0.,-1.));
#396 = ( GEOMETRIC_REPRESENTATION_CONTEXT(2) 
PARAMETRIC_REPRESENTATION_CONTEXT() REPRESENTATION_CONTEXT('2D SPACE',''
  ) );
#397 = PCURVE('',#239,#398);
#398 = DEFINITIONAL_REPRESENTATION('',(#399),#403);
#399 = LINE('',#400,#401);
#400 = CARTESIAN_POINT('',(0.,0.));
#401 = VECTOR('',#402,1.);
#402 = DIRECTION('',(0.,1.));
#403 = ( GEOMETRIC_REPRESENTATION_CONTEXT(2) 
PARAMETRIC_REPRESENTATION_CONTEXT() REPRESENTATION_CONTEXT('2D SPACE',''
  ) );
#404 = ORIENTED_EDGE('',*,*,#251,.T.);
#405 = ADVANCED_FACE('',(#406,#476),#372,.F.);
#406 = FACE_BOUND('',#407,.F.);
#407 = EDGE_LOOP('',(#408,#431,#432,#455));
#408 = ORIENTED_EDGE('',*,*,#409,.F.);
#409 = EDGE_CURVE('',#357,#410,#412,.T.);
#410 = VERTEX_POINT('',#411);
#411 = CARTESIAN_POINT('',(10.,-51.5,27.));
#412 = SURFACE_CURVE('',#413,(#417,#424),.PCURVE_S1.);
#413 = LINE('',#414,#415);
#414 = CARTESIAN_POINT('',(-10.,-51.5,27.));
#415 = VECTOR('',#416,1.);
#416 = DIRECTION('',(1.,0.,-0.));
#417 = PCURVE('',#372,#418);
#418 = DEFINITIONAL_REPRESENTATION('',(#419),#423);
#419 = LINE('',#420,#421);
#420 = CARTESIAN_POINT('',(0.,0.));
#421 = VECTOR('',#422,1.);
#422 = DIRECTION('',(0.,1.));
#423 = ( GEOMETRIC_REPRESENTATION_CONTEXT(2) 
PARAMETRIC_REPRESENTATION_CONTEXT() REPRESENTATION_CONTEXT('2D SPACE',''
  ) );
#424 = PCURVE('',#239,#425);
#425 = DEFINITIONAL_REPRESENTATION('',(#426),#430);
#426 = LINE('',#427,#428);
#427 = CARTESIAN_POINT('',(0.,0.));
#428 = VECTOR('',#429,1.);
#429 = DIRECTION('',(1.,0.));
#430 = ( GEOMETRIC_REPRESENTATION_CONTEXT(2) 
PARAMETRIC_REPRESENTATION_CONTEXT() REPRESENTATION_CONTEXT('2D SPACE',''
  ) );
#431 = ORIENTED_EDGE('',*,*,#356,.T.);
#432 = ORIENTED_EDGE('',*,*,#433,.T.);
#433 = EDGE_CURVE('',#334,#434,#436,.T.);
#434 = VERTEX_POINT('',#435);
#435 = CARTESIAN_POINT('',(10.,-51.5,53.));
#436 = SURFACE_CURVE('',#437,(#441,#448),.PCURVE_S1.);
#437 = LINE('',#438,#439);
#438 = CARTESIAN_POINT('',(-10.,-51.5,53.));
#439 = VECTOR('',#440,1.);
#440 = DIRECTION('',(1.,0.,-0.));
#441 = PCURVE('',#372,#442);
#442 = DEFINITIONAL_REPRESENTATION('',(#443),#447);
#443 = LINE('',#444,#445);
#444 = CARTESIAN_POINT('',(26.,0.));
#445 = VECTOR('',#446,1.);
#446 = DIRECTION('',(0.,1.));
#447 = ( GEOMETRIC_REPRESENTATION_CONTEXT(2) 
PARAMETRIC_REPRESENTATION_CONTEXT() REPRESENTATION_CONTEXT('2D SPACE',''
  ) );
#448 = PCURVE('',#294,#449);
#449 = DEFINITIONAL_REPRESENTATION('',(#450),#454);
#450 = LINE('',#451,#452);
#451 = CARTESIAN_POINT('',(0.,0.));
#452 = VECTOR('',#453,1.);
#453 = DIRECTION('',(1.,0.));
#454 = ( GEOMETRIC_REPRESENTATION_CONTEXT(2) 
PARAMETRIC_REPRESENTATION_CONTEXT() REPRESENTATION_CONTEXT('2D SPACE',''
  ) );
#455 = ORIENTED_EDGE('',*,*,#456,.F.);
#456 = EDGE_CURVE('',#410,#434,#457,.T.);
#457 = SURFACE_CURVE('',#458,(#462,#469),.PCURVE_S1.);
#458 = LINE('',#459,#460);
#459 = CARTESIAN_POINT('',(10.,-51.5,27.));
#460 = VECTOR('',#461,1.);
#461 = DIRECTION('',(0.,0.,1.));
#462 = PCURVE('',#372,#463);
#463 = DEFINITIONAL_REPRESENTATION('',(#464),#468);
#464 = LINE('',#465,#466);
#465 = CARTESIAN_POINT('',(0.,20.));
#466 = VECTOR('',#467,1.);
#467 = DIRECTION('',(1.,0.));
#468 = ( GEOMETRIC_REPRESENTATION_CONTEXT(2) 
PARAMETRIC_REPRESENTATION_CONTEXT() REPRESENTATION_CONTEXT('2D SPACE',''
  ) );
#469 = PCURVE('',#319,#470);
#470 = DEFINITIONAL_REPRESENTATION('',(#471),#475);
#471 = LINE('',#472,#473);
#472 = CARTESIAN_POINT('',(0.,0.));
#473 = VECTOR('',#474,1.);
#474 = DIRECTION('',(1.,0.));
#475 = ( GEOMETRIC_REPRESENTATION_CONTEXT(2) 
PARAMETRIC_REPRESENTATION_CONTEXT() REPRESENTATION_CONTEXT('2D SPACE',''
  ) );
#476 = FACE_BOUND('',#477,.F.);
#477 = EDGE_LOOP('',(#478));
#478 = ORIENTED_EDGE('',*,*,#479,.F.);
#479 = EDGE_CURVE('',#480,#480,#482,.T.);
#480 = VERTEX_POINT('',#481);
#481 = CARTESIAN_POINT('',(-1.224646799147E-15,-51.5,43.));
#482 = SURFACE_CURVE('',#483,(#488,#495),.PCURVE_S1.);
#483 = CIRCLE('',#484,5.);
#484 = AXIS2_PLACEMENT_3D('',#485,#486,#487);
#485 = CARTESIAN_POINT('',(0.,-51.5,38.));
#486 = DIRECTION('',(0.,1.,0.));
#487 = DIRECTION('',(0.,-0.,1.));
#488 = PCURVE('',#372,#489);
#489 = DEFINITIONAL_REPRESENTATION('',(#490),#494);
#490 = CIRCLE('',#491,5.);
#491 = AXIS2_PLACEMENT_2D('',#492,#493);
#492 = CARTESIAN_POINT('',(11.,10.));
#493 = DIRECTION('',(1.,0.));
#494 = ( GEOMETRIC_REPRESENTATION_CONTEXT(2) 
PARAMETRIC_REPRESENTATION_CONTEXT() REPRESENTATION_CONTEXT('2D SPACE',''
  ) );
#495 = PCURVE('',#496,#501);
#496 = CYLINDRICAL_SURFACE('',#497,5.);
#497 = AXIS2_PLACEMENT_3D('',#498,#499,#500);
#498 = CARTESIAN_POINT('',(0.,-52.5,38.));
#499 = DIRECTION('',(0.,1.,0.));
#500 = DIRECTION('',(0.,-0.,1.));
#501 = DEFINITIONAL_REPRESENTATION('',(#502),#506);
#502 = LINE('',#503,#504);
#503 = CARTESIAN_POINT('',(0.,1.));
#504 = VECTOR('',#505,1.);
#505 = DIRECTION('',(1.,0.));
#506 = ( GEOMETRIC_REPRESENTATION_CONTEXT(2) 
PARAMETRIC_REPRESENTATION_CONTEXT() REPRESENTATION_CONTEXT('2D SPACE',''
  ) );
#507 = ADVANCED_FACE('',(#508),#496,.F.);
#508 = FACE_BOUND('',#509,.F.);
#509 = EDGE_LOOP('',(#510,#533,#560,#561));
#510 = ORIENTED_EDGE('',*,*,#511,.T.);
#511 = EDGE_CURVE('',#480,#512,#514,.T.);
#512 = VERTEX_POINT('',#513);
#513 = CARTESIAN_POINT('',(-1.224646799147E-15,-41.5,43.));
#514 = SEAM_CURVE('',#515,(#519,#526),.PCURVE_S1.);
#515 = LINE('',#516,#517);
#516 = CARTESIAN_POINT('',(-1.224646799147E-15,-52.5,43.));
#517 = VECTOR('',#518,1.);
#518 = DIRECTION('',(0.,1.,0.));
#519 = PCURVE('',#496,#520);
#520 = DEFINITIONAL_REPRESENTATION('',(#521),#525);
#521 = LINE('',#522,#523);
#522 = CARTESIAN_POINT('',(6.28318530718,-0.));
#523 = VECTOR('',#524,1.);
#524 = DIRECTION('',(0.,1.));
#525 = ( GEOMETRIC_REPRESENTATION_CONTEXT(2) 
PARAMETRIC_REPRESENTATION_CONTEXT() REPRESENTATION_CONTEXT('2D SPACE',''
  ) );
#526 = PCURVE('',#496,#527);
#527 = DEFINITIONAL_REPRESENTATION('',(#528),#532);
#528 = LINE('',#529,#530);
#529 = CARTESIAN_POINT('',(0.,-0.));
#530 = VECTOR('',#531,1.);
#531 = DIRECTION('',(0.,1.));
#532 = ( GEOMETRIC_REPRESENTATION_CONTEXT(2) 
PARAMETRIC_REPRESENTATION_CONTEXT() REPRESENTATION_CONTEXT('2D SPACE',''
  ) );
#533 = ORIENTED_EDGE('',*,*,#534,.F.);
#534 = EDGE_CURVE('',#512,#512,#535,.T.);
#535 = SURFACE_CURVE('',#536,(#541,#548),.PCURVE_S1.);
#536 = CIRCLE('',#537,5.);
#537 = AXIS2_PLACEMENT_3D('',#538,#539,#540);
#538 = CARTESIAN_POINT('',(0.,-41.5,38.));
#539 = DIRECTION('',(0.,1.,0.));
#540 = DIRECTION('',(0.,-0.,1.));
#541 = PCURVE('',#496,#542);
#542 = DEFINITIONAL_REPRESENTATION('',(#543),#547);
#543 = LINE('',#544,#545);
#544 = CARTESIAN_POINT('',(0.,11.));
#545 = VECTOR('',#546,1.);
#546 = DIRECTION('',(1.,0.));
#547 = ( GEOMETRIC_REPRESENTATION_CONTEXT(2) 
PARAMETRIC_REPRESENTATION_CONTEXT() REPRESENTATION_CONTEXT('2D SPACE',''
  ) );
#548 = PCURVE('',#549,#554);
#549 = PLANE('',#550);
#550 = AXIS2_PLACEMENT_3D('',#551,#552,#553);
#551 = CARTESIAN_POINT('',(0.,-41.5,38.));
#552 = DIRECTION('',(0.,1.,0.));
#553 = DIRECTION('',(0.,-0.,1.));
#554 = DEFINITIONAL_REPRESENTATION('',(#555),#559);
#555 = CIRCLE('',#556,5.);
#556 = AXIS2_PLACEMENT_2D('',#557,#558);
#557 = CARTESIAN_POINT('',(0.,0.));
#558 = DIRECTION('',(1.,0.));
#559 = ( GEOMETRIC_REPRESENTATION_CONTEXT(2) 
PARAMETRIC_REPRESENTATION_CONTEXT() REPRESENTATION_CONTEXT('2D SPACE',''
  ) );
#560 = ORIENTED_EDGE('',*,*,#511,.F.);
#561 = ORIENTED_EDGE('',*,*,#479,.T.);
#562 = ADVANCED_FACE('',(#563,#566),#549,.F.);
#563 = FACE_BOUND('',#564,.F.);
#564 = EDGE_LOOP('',(#565));
#565 = ORIENTED_EDGE('',*,*,#534,.T.);
#566 = FACE_BOUND('',#567,.F.);
#567 = EDGE_LOOP('',(#568));
#568 = ORIENTED_EDGE('',*,*,#569,.F.);
#569 = EDGE_CURVE('',#570,#570,#572,.T.);
#570 = VERTEX_POINT('',#571);
#571 = CARTESIAN_POINT('',(-6.123233995737E-16,-41.5,40.5));
#572 = SURFACE_CURVE('',#573,(#578,#585),.PCURVE_S1.);
#573 = CIRCLE('',#574,2.5);
#574 = AXIS2_PLACEMENT_3D('',#575,#576,#577);
#575 = CARTESIAN_POINT('',(0.,-41.5,38.));
#576 = DIRECTION('',(0.,1.,0.));
#577 = DIRECTION('',(0.,-0.,1.));
#578 = PCURVE('',#549,#579);
#579 = DEFINITIONAL_REPRESENTATION('',(#580),#584);
#580 = CIRCLE('',#581,2.5);
#581 = AXIS2_PLACEMENT_2D('',#582,#583);
#582 = CARTESIAN_POINT('',(0.,0.));
#583 = DIRECTION('',(1.,0.));
#584 = ( GEOMETRIC_REPRESENTATION_CONTEXT(2) 
PARAMETRIC_REPRESENTATION_CONTEXT() REPRESENTATION_CONTEXT('2D SPACE',''
  ) );
#585 = PCURVE('',#586,#591);
#586 = CYLINDRICAL_SURFACE('',#587,2.5);
#587 = AXIS2_PLACEMENT_3D('',#588,#589,#590);
#588 = CARTESIAN_POINT('',(0.,-52.5,38.));
#589 = DIRECTION('',(0.,1.,0.));
#590 = DIRECTION('',(0.,-0.,1.));
#591 = DEFINITIONAL_REPRESENTATION('',(#592),#596);
#592 = LINE('',#593,#594);
#593 = CARTESIAN_POINT('',(0.,11.));
#594 = VECTOR('',#595,1.);
#595 = DIRECTION('',(1.,0.));
#596 = ( GEOMETRIC_REPRESENTATION_CONTEXT(2) 
PARAMETRIC_REPRESENTATION_CONTEXT() REPRESENTATION_CONTEXT('2D SPACE',''
  ) );
#597 = ADVANCED_FACE('',(#598,#1030,#1203),#586,.F.);
#598 = FACE_BOUND('',#599,.F.);
#599 = EDGE_LOOP('',(#600,#623,#624,#625,#815,#842,#937));
#600 = ORIENTED_EDGE('',*,*,#601,.F.);
#601 = EDGE_CURVE('',#570,#602,#604,.T.);
#602 = VERTEX_POINT('',#603);
#603 = CARTESIAN_POINT('',(-6.123233995737E-16,-22.5,40.5));
#604 = SEAM_CURVE('',#605,(#609,#616),.PCURVE_S1.);
#605 = LINE('',#606,#607);
#606 = CARTESIAN_POINT('',(-6.123233995737E-16,-52.5,40.5));
#607 = VECTOR('',#608,1.);
#608 = DIRECTION('',(0.,1.,0.));
#609 = PCURVE('',#586,#610);
#610 = DEFINITIONAL_REPRESENTATION('',(#611),#615);
#611 = LINE('',#612,#613);
#612 = CARTESIAN_POINT('',(0.,-0.));
#613 = VECTOR('',#614,1.);
#614 = DIRECTION('',(0.,1.));
#615 = ( GEOMETRIC_REPRESENTATION_CONTEXT(2) 
PARAMETRIC_REPRESENTATION_CONTEXT() REPRESENTATION_CONTEXT('2D SPACE',''
  ) );
#616 = PCURVE('',#586,#617);
#617 = DEFINITIONAL_REPRESENTATION('',(#618),#622);
#618 = LINE('',#619,#620);
#619 = CARTESIAN_POINT('',(6.28318530718,-0.));
#620 = VECTOR('',#621,1.);
#621 = DIRECTION('',(0.,1.));
#622 = ( GEOMETRIC_REPRESENTATION_CONTEXT(2) 
PARAMETRIC_REPRESENTATION_CONTEXT() REPRESENTATION_CONTEXT('2D SPACE',''
  ) );
#623 = ORIENTED_EDGE('',*,*,#569,.T.);
#624 = ORIENTED_EDGE('',*,*,#601,.T.);
#625 = ORIENTED_EDGE('',*,*,#626,.F.);
#626 = EDGE_CURVE('',#627,#602,#629,.T.);
#627 = VERTEX_POINT('',#628);
#628 = CARTESIAN_POINT('',(-6.123233995737E-16,-18.5,40.5));
#629 = SURFACE_CURVE('',#630,(#688,#749),.PCURVE_S1.);
#630 = B_SPLINE_CURVE_WITH_KNOTS('',6,(#631,#632,#633,#634,#635,#636,
    #637,#638,#639,#640,#641,#642,#643,#644,#645,#646,#647,#648,#649,
    #650,#651,#652,#653,#654,#655,#656,#657,#658,#659,#660,#661,#662,
    #663,#664,#665,#666,#667,#668,#669,#670,#671,#672,#673,#674,#675,
    #676,#677,#678,#679,#680,#681,#682,#683,#684,#685,#686,#687),
  .UNSPECIFIED.,.F.,.F.,(7,5,5,5,5,5,5,5,5,5,5,7),(0.,0.11441609453,
    0.166152441948,0.287286950355,0.409922206328,0.442976541365,
    0.499173588245,0.5881701635,0.712599495615,0.834971263027,
    0.886092919224,1.),.UNSPECIFIED.);
#631 = CARTESIAN_POINT('',(0.,-18.5,40.5));
#632 = CARTESIAN_POINT('',(-0.146963037185,-18.5,40.5));
#633 = CARTESIAN_POINT('',(-0.292553409769,-18.51295901127,
    40.489632512505));
#634 = CARTESIAN_POINT('',(-0.43449267424,-18.53842229103,
    40.469263214512));
#635 = CARTESIAN_POINT('',(-0.570580885379,-18.57523597434,
    40.439990294772));
#636 = CARTESIAN_POINT('',(-0.698826475532,-18.62155316429,
    40.403627002894));
#637 = CARTESIAN_POINT('',(-0.871223615325,-18.69877010289,
    40.34397015874));
#638 = CARTESIAN_POINT('',(-0.923227034429,-18.72433708113,
    40.32433579839));
#639 = CARTESIAN_POINT('',(-0.973560017909,-18.75129874394,
    40.303774611454));
#640 = CARTESIAN_POINT('',(-1.022235152955,-18.77953799202,
    40.282410922072));
#641 = CARTESIAN_POINT('',(-1.069270654758,-18.80894920302,
    40.260361721098));
#642 = CARTESIAN_POINT('',(-1.221035223264,-18.91082466812,
    40.184762788902));
#643 = CARTESIAN_POINT('',(-1.318583727493,-18.98816174988,
    40.128601144485));
#644 = CARTESIAN_POINT('',(-1.407802563998,-19.07037766202,
    40.070560924829));
#645 = CARTESIAN_POINT('',(-1.489219116572,-19.15682648891,
    40.011697890991));
#646 = CARTESIAN_POINT('',(-1.563280743854,-19.24719269225,
    39.952936429021));
#647 = CARTESIAN_POINT('',(-1.698085860655,-19.43688634113,
    39.83698297241));
#648 = CARTESIAN_POINT('',(-1.75863062969,-19.53627891768,
    39.779838210817));
#649 = CARTESIAN_POINT('',(-1.812190824286,-19.63959775213,
    39.724972711946));
#650 = CARTESIAN_POINT('',(-1.858683294431,-19.74681115154,
    39.673757316088));
#651 = CARTESIAN_POINT('',(-1.89790123984,-19.85794814257,
    39.628010364137));
#652 = CARTESIAN_POINT('',(-1.937836925635,-20.00419359163,
    39.579546077294));
#653 = CARTESIAN_POINT('',(-1.945748446788,-20.03552591902,
    39.56981053047));
#654 = CARTESIAN_POINT('',(-1.95307910398,-20.06712342036,
    39.560676029326));
#655 = CARTESIAN_POINT('',(-1.959816375418,-20.09897095934,
    39.552187005678));
#656 = CARTESIAN_POINT('',(-1.965948888483,-20.13105616013,
    39.544385145409));
#657 = CARTESIAN_POINT('',(-1.980847003607,-20.21830650021,
    39.525279600419));
#658 = CARTESIAN_POINT('',(-1.98845721409,-20.27394808338,
    39.515338038837));
#659 = CARTESIAN_POINT('',(-1.994213658955,-20.33009985357,
    39.507716038796));
#660 = CARTESIAN_POINT('',(-1.998068704643,-20.38658940054,
    39.502574560495));
#661 = CARTESIAN_POINT('',(-2.,-20.44326593227,39.5));
#662 = CARTESIAN_POINT('',(-2.,-20.58984702947,39.5));
#663 = CARTESIAN_POINT('',(-1.995156555344,-20.67927189612,
    39.506457799897));
#664 = CARTESIAN_POINT('',(-1.98555467714,-20.76794488484,
    39.519260885444));
#665 = CARTESIAN_POINT('',(-1.971310673851,-20.85547748995,
    39.537925728012));
#666 = CARTESIAN_POINT('',(-1.952613388666,-20.94131556626,
    39.561592540351));
#667 = CARTESIAN_POINT('',(-1.898283169261,-21.14117136715,
    39.627576169469));
#668 = CARTESIAN_POINT('',(-1.858670446857,-21.25353985626,
    39.673810972229));
#669 = CARTESIAN_POINT('',(-1.811625201163,-21.3618999837,
    39.725635610243));
#670 = CARTESIAN_POINT('',(-1.757359384778,-21.46628154224,
    39.781171273524));
#671 = CARTESIAN_POINT('',(-1.69595774805,-21.56665079496,
    39.839007791949));
#672 = CARTESIAN_POINT('',(-1.559410194155,-21.75769500408,
    39.956065568236));
#673 = CARTESIAN_POINT('',(-1.484531862598,-21.84846932818,
    40.01522842098));
#674 = CARTESIAN_POINT('',(-1.402188221169,-21.93526693457,
    40.074456806262));
#675 = CARTESIAN_POINT('',(-1.311918702562,-22.01775727099,
    40.132808266107));
#676 = CARTESIAN_POINT('',(-1.213183022391,-22.09526865842,
    40.189200624064));
#677 = CARTESIAN_POINT('',(-1.060524321203,-22.19652639654,
    40.264465374405));
#678 = CARTESIAN_POINT('',(-1.013971469444,-22.22530694554,
    40.286071107548));
#679 = CARTESIAN_POINT('',(-0.965826567547,-22.25293984226,
    40.30699925036));
#680 = CARTESIAN_POINT('',(-0.916073334844,-22.27932291141,
    40.327137236261));
#681 = CARTESIAN_POINT('',(-0.864700895182,-22.3043433496,
    40.346365707793));
#682 = CARTESIAN_POINT('',(-0.693617872046,-22.3803160113,
    40.405094952627));
#683 = CARTESIAN_POINT('',(-0.566170898151,-22.42595185905,
    40.440934754819));
#684 = CARTESIAN_POINT('',(-0.431032797477,-22.46219877397,
    40.469760005514));
#685 = CARTESIAN_POINT('',(-0.290168618514,-22.48725504288,
    40.489803772014));
#686 = CARTESIAN_POINT('',(-0.145744230186,-22.5,40.5));
#687 = CARTESIAN_POINT('',(-4.440892098501E-16,-22.5,40.5));
#688 = PCURVE('',#586,#689);
#689 = DEFINITIONAL_REPRESENTATION('',(#690),#748);
#690 = B_SPLINE_CURVE_WITH_KNOTS('',6,(#691,#692,#693,#694,#695,#696,
    #697,#698,#699,#700,#701,#702,#703,#704,#705,#706,#707,#708,#709,
    #710,#711,#712,#713,#714,#715,#716,#717,#718,#719,#720,#721,#722,
    #723,#724,#725,#726,#727,#728,#729,#730,#731,#732,#733,#734,#735,
    #736,#737,#738,#739,#740,#741,#742,#743,#744,#745,#746,#747),
  .UNSPECIFIED.,.F.,.F.,(7,5,5,5,5,5,5,5,5,5,5,7),(0.,0.11441609453,
    0.166152441948,0.287286950355,0.409922206328,0.442976541365,
    0.499173588245,0.5881701635,0.712599495615,0.834971263027,
    0.886092919224,1.),.UNSPECIFIED.);
#691 = CARTESIAN_POINT('',(6.28318530718,34.));
#692 = CARTESIAN_POINT('',(6.224400092306,34.));
#693 = CARTESIAN_POINT('',(6.166163827905,33.987040988722));
#694 = CARTESIAN_POINT('',(6.109022992287,33.961577708968));
#695 = CARTESIAN_POINT('',(6.053523640267,33.924764025655));
#696 = CARTESIAN_POINT('',(6.000289205175,33.878446835707));
#697 = CARTESIAN_POINT('',(5.927318292763,33.801229897106));
#698 = CARTESIAN_POINT('',(5.905092173445,33.775662918865));
#699 = CARTESIAN_POINT('',(5.883355414597,33.748701256055));
#700 = CARTESIAN_POINT('',(5.862102721362,33.720462007976));
#701 = CARTESIAN_POINT('',(5.841329619118,33.691050796975));
#702 = CARTESIAN_POINT('',(5.773509052558,33.589175331873));
#703 = CARTESIAN_POINT('',(5.72856653951,33.511838250111));
#704 = CARTESIAN_POINT('',(5.686078119222,33.429622337979));
#705 = CARTESIAN_POINT('',(5.645955018237,33.343173511081));
#706 = CARTESIAN_POINT('',(5.608168269266,33.252807307748));
#707 = CARTESIAN_POINT('',(5.537042888574,33.063113658862));
#708 = CARTESIAN_POINT('',(5.503776665163,32.963721082313));
#709 = CARTESIAN_POINT('',(5.4731416164,32.860402247866));
#710 = CARTESIAN_POINT('',(5.445491816933,32.753188848455));
#711 = CARTESIAN_POINT('',(5.421393705697,32.642051857424));
#712 = CARTESIAN_POINT('',(5.396274323223,32.495806408367));
#713 = CARTESIAN_POINT('',(5.391256494407,32.464474080973));
#714 = CARTESIAN_POINT('',(5.386571707203,32.432876579634));
#715 = CARTESIAN_POINT('',(5.382236737141,32.401029040656));
#716 = CARTESIAN_POINT('',(5.378267341255,32.368943839861));
#717 = CARTESIAN_POINT('',(5.368576308835,32.281693499783));
#718 = CARTESIAN_POINT('',(5.363568507697,32.226051916613));
#719 = CARTESIAN_POINT('',(5.359747965523,32.16990014643));
#720 = CARTESIAN_POINT('',(5.357177449055,32.113410599456));
#721 = CARTESIAN_POINT('',(5.355890089178,32.056734067722));
#722 = CARTESIAN_POINT('',(5.355890089178,31.910152970524));
#723 = CARTESIAN_POINT('',(5.359118962153,31.820728103875));
#724 = CARTESIAN_POINT('',(5.365520635986,31.732055115151));
#725 = CARTESIAN_POINT('',(5.37491135654,31.644522510045));
#726 = CARTESIAN_POINT('',(5.386973370311,31.558684433731));
#727 = CARTESIAN_POINT('',(5.421162519589,31.35882863285));
#728 = CARTESIAN_POINT('',(5.445511482411,31.246460143733));
#729 = CARTESIAN_POINT('',(5.473489717597,31.138100016293));
#730 = CARTESIAN_POINT('',(5.504512406371,31.033718457753));
#731 = CARTESIAN_POINT('',(5.53821635063,30.933349205035));
#732 = CARTESIAN_POINT('',(5.61015827995,30.742304995915));
#733 = CARTESIAN_POINT('',(5.648299986438,30.651530671818));
#734 = CARTESIAN_POINT('',(5.688807548491,30.564733065429));
#735 = CARTESIAN_POINT('',(5.731713784139,30.48224272901));
#736 = CARTESIAN_POINT('',(5.777111535659,30.404731341572));
#737 = CARTESIAN_POINT('',(5.845193206252,30.303473603452));
#738 = CARTESIAN_POINT('',(5.865716551985,30.274693054455));
#739 = CARTESIAN_POINT('',(5.886705520126,30.24706015774));
#740 = CARTESIAN_POINT('',(5.908164140359,30.220677088583));
#741 = CARTESIAN_POINT('',(5.930097217361,30.195656650398));
#742 = CARTESIAN_POINT('',(6.002450268442,30.1196839887));
#743 = CARTESIAN_POINT('',(6.055321896085,30.074048140946));
#744 = CARTESIAN_POINT('',(6.110415949714,30.037801226028));
#745 = CARTESIAN_POINT('',(6.167117748904,30.012744957115));
#746 = CARTESIAN_POINT('',(6.224887615105,30.));
#747 = CARTESIAN_POINT('',(6.28318530718,30.));
#748 = ( GEOMETRIC_REPRESENTATION_CONTEXT(2) 
PARAMETRIC_REPRESENTATION_CONTEXT() REPRESENTATION_CONTEXT('2D SPACE',''
  ) );
#749 = PCURVE('',#750,#755);
#750 = CYLINDRICAL_SURFACE('',#751,2.);
#751 = AXIS2_PLACEMENT_3D('',#752,#753,#754);
#752 = CARTESIAN_POINT('',(0.,-20.5,36.));
#753 = DIRECTION('',(0.,0.,1.));
#754 = DIRECTION('',(1.,0.,-0.));
#755 = DEFINITIONAL_REPRESENTATION('',(#756),#814);
#756 = B_SPLINE_CURVE_WITH_KNOTS('',6,(#757,#758,#759,#760,#761,#762,
    #763,#764,#765,#766,#767,#768,#769,#770,#771,#772,#773,#774,#775,
    #776,#777,#778,#779,#780,#781,#782,#783,#784,#785,#786,#787,#788,
    #789,#790,#791,#792,#793,#794,#795,#796,#797,#798,#799,#800,#801,
    #802,#803,#804,#805,#806,#807,#808,#809,#810,#811,#812,#813),
  .UNSPECIFIED.,.F.,.F.,(7,5,5,5,5,5,5,5,5,5,5,7),(0.,0.11441609453,
    0.166152441948,0.287286950355,0.409922206328,0.442976541365,
    0.499173588245,0.5881701635,0.712599495615,0.834971263027,
    0.886092919224,1.),.UNSPECIFIED.);
#757 = CARTESIAN_POINT('',(1.570796326795,4.5));
#758 = CARTESIAN_POINT('',(1.644277845387,4.5));
#759 = CARTESIAN_POINT('',(1.717072994518,4.489632512505));
#760 = CARTESIAN_POINT('',(1.788757032385,4.469263214512));
#761 = CARTESIAN_POINT('',(1.858876120558,4.439990294772));
#762 = CARTESIAN_POINT('',(1.926863483752,4.403627002894));
#763 = CARTESIAN_POINT('',(2.021313509448,4.34397015874));
#764 = CARTESIAN_POINT('',(2.050269430146,4.32433579839));
#765 = CARTESIAN_POINT('',(2.078793374811,4.303774611454));
#766 = CARTESIAN_POINT('',(2.106906478811,4.282410922072));
#767 = CARTESIAN_POINT('',(2.134629174274,4.260361721098));
#768 = CARTESIAN_POINT('',(2.226022684224,4.184762788902));
#769 = CARTESIAN_POINT('',(2.288070831839,4.128601144485));
#770 = CARTESIAN_POINT('',(2.34849284461,4.070560924829));
#771 = CARTESIAN_POINT('',(2.407655347086,4.011697890991));
#772 = CARTESIAN_POINT('',(2.465936619762,3.952936429021));
#773 = CARTESIAN_POINT('',(2.582293935758,3.83698297241));
#774 = CARTESIAN_POINT('',(2.640339264865,3.779838210817));
#775 = CARTESIAN_POINT('',(2.698321447297,3.724972711946));
#776 = CARTESIAN_POINT('',(2.756540238547,3.673757316088));
#777 = CARTESIAN_POINT('',(2.81531182498,3.628010364137));
#778 = CARTESIAN_POINT('',(2.891111875062,3.579546077294));
#779 = CARTESIAN_POINT('',(2.907266753278,3.56981053047));
#780 = CARTESIAN_POINT('',(2.923480532977,3.560676029326));
#781 = CARTESIAN_POINT('',(2.939752041034,3.552187005678));
#782 = CARTESIAN_POINT('',(2.956081858705,3.544385145409));
#783 = CARTESIAN_POINT('',(3.000338427929,3.525279600419));
#784 = CARTESIAN_POINT('',(3.028402725463,3.515338038837));
#785 = CARTESIAN_POINT('',(3.056601563711,3.507716038796));
#786 = CARTESIAN_POINT('',(3.084887313533,3.502574560495));
#787 = CARTESIAN_POINT('',(3.113225619729,3.5));
#788 = CARTESIAN_POINT('',(3.186516168328,3.5));
#789 = CARTESIAN_POINT('',(3.231228521912,3.506457799897));
#790 = CARTESIAN_POINT('',(3.27572859651,3.519260885444));
#791 = CARTESIAN_POINT('',(3.319975750215,3.537925728012));
#792 = CARTESIAN_POINT('',(3.363844049524,3.561592540351));
#793 = CARTESIAN_POINT('',(3.467398520561,3.627576169469));
#794 = CARTESIAN_POINT('',(3.526811172682,3.673810972229));
#795 = CARTESIAN_POINT('',(3.585659107238,3.725635610243));
#796 = CARTESIAN_POINT('',(3.644268774212,3.781171273524));
#797 = CARTESIAN_POINT('',(3.702949154788,3.839007791949));
#798 = CARTESIAN_POINT('',(3.820362020685,3.956065568236));
#799 = CARTESIAN_POINT('',(3.879057450122,4.01522842098));
#800 = CARTESIAN_POINT('',(3.938660457674,4.074456806262));
#801 = CARTESIAN_POINT('',(3.999556606857,4.132808266107));
#802 = CARTESIAN_POINT('',(4.062119475902,4.189200624064));
#803 = CARTESIAN_POINT('',(4.153713428456,4.264465374405));
#804 = CARTESIAN_POINT('',(4.181065231265,4.286071107548));
#805 = CARTESIAN_POINT('',(4.208798130947,4.30699925036));
#806 = CARTESIAN_POINT('',(4.236931253299,4.327137236261));
#807 = CARTESIAN_POINT('',(4.265484437446,4.346365707793));
#808 = CARTESIAN_POINT('',(4.359080973347,4.405094952627));
#809 = CARTESIAN_POINT('',(4.426581011652,4.440934754819));
#810 = CARTESIAN_POINT('',(4.496175844048,4.469760005514));
#811 = CARTESIAN_POINT('',(4.567304706334,4.489803772014));
#812 = CARTESIAN_POINT('',(4.639516865292,4.5));
#813 = CARTESIAN_POINT('',(4.712388980385,4.5));
#814 = ( GEOMETRIC_REPRESENTATION_CONTEXT(2) 
PARAMETRIC_REPRESENTATION_CONTEXT() REPRESENTATION_CONTEXT('2D SPACE',''
  ) );
#815 = ORIENTED_EDGE('',*,*,#816,.F.);
#816 = EDGE_CURVE('',#627,#627,#817,.T.);
#817 = SURFACE_CURVE('',#818,(#823,#830),.PCURVE_S1.);
#818 = CIRCLE('',#819,2.5);
#819 = AXIS2_PLACEMENT_3D('',#820,#821,#822);
#820 = CARTESIAN_POINT('',(0.,-18.5,38.));
#821 = DIRECTION('',(0.,1.,0.));
#822 = DIRECTION('',(0.,-0.,1.));
#823 = PCURVE('',#586,#824);
#824 = DEFINITIONAL_REPRESENTATION('',(#825),#829);
#825 = LINE('',#826,#827);
#826 = CARTESIAN_POINT('',(0.,34.));
#827 = VECTOR('',#828,1.);
#828 = DIRECTION('',(1.,0.));
#829 = ( GEOMETRIC_REPRESENTATION_CONTEXT(2) 
PARAMETRIC_REPRESENTATION_CONTEXT() REPRESENTATION_CONTEXT('2D SPACE',''
  ) );
#830 = PCURVE('',#831,#836);
#831 = PLANE('',#832);
#832 = AXIS2_PLACEMENT_3D('',#833,#834,#835);
#833 = CARTESIAN_POINT('',(0.,-18.5,38.));
#834 = DIRECTION('',(0.,1.,0.));
#835 = DIRECTION('',(0.,-0.,1.));
#836 = DEFINITIONAL_REPRESENTATION('',(#837),#841);
#837 = CIRCLE('',#838,2.5);
#838 = AXIS2_PLACEMENT_2D('',#839,#840);
#839 = CARTESIAN_POINT('',(0.,0.));
#840 = DIRECTION('',(1.,0.));
#841 = ( GEOMETRIC_REPRESENTATION_CONTEXT(2) 
PARAMETRIC_REPRESENTATION_CONTEXT() REPRESENTATION_CONTEXT('2D SPACE',''
  ) );
#842 = ORIENTED_EDGE('',*,*,#843,.F.);
#843 = EDGE_CURVE('',#844,#627,#846,.T.);
#844 = VERTEX_POINT('',#845);
#845 = CARTESIAN_POINT('',(2.,-20.5,39.5));
#846 = SURFACE_CURVE('',#847,(#875,#906),.PCURVE_S1.);
#847 = B_SPLINE_CURVE_WITH_KNOTS('',6,(#848,#849,#850,#851,#852,#853,
    #854,#855,#856,#857,#858,#859,#860,#861,#862,#863,#864,#865,#866,
    #867,#868,#869,#870,#871,#872,#873,#874),.UNSPECIFIED.,.F.,.F.,(7,5,
    5,5,5,7),(0.,0.177699444627,0.426147468031,0.670487152394,
    0.772561753509,1.),.UNSPECIFIED.);
#848 = CARTESIAN_POINT('',(2.,-20.5,39.5));
#849 = CARTESIAN_POINT('',(2.,-20.41015297052,39.5));
#850 = CARTESIAN_POINT('',(1.995156555344,-20.32072810387,
    39.506457799897));
#851 = CARTESIAN_POINT('',(1.98555467714,-20.23205511515,39.519260885444
    ));
#852 = CARTESIAN_POINT('',(1.97131067385,-20.14452251004,39.537925728012
    ));
#853 = CARTESIAN_POINT('',(1.952613388666,-20.05868443373,
    39.561592540351));
#854 = CARTESIAN_POINT('',(1.898283169261,-19.85882863285,
    39.627576169469));
#855 = CARTESIAN_POINT('',(1.858670446857,-19.74646014373,
    39.673810972229));
#856 = CARTESIAN_POINT('',(1.811625201163,-19.63810001629,
    39.725635610243));
#857 = CARTESIAN_POINT('',(1.757359384778,-19.53371845775,
    39.781171273524));
#858 = CARTESIAN_POINT('',(1.69595774805,-19.43334920503,39.839007791949
    ));
#859 = CARTESIAN_POINT('',(1.559410194155,-19.24230499591,
    39.956065568236));
#860 = CARTESIAN_POINT('',(1.484531862598,-19.15153067181,40.01522842098
    ));
#861 = CARTESIAN_POINT('',(1.402188221169,-19.06473306542,
    40.074456806262));
#862 = CARTESIAN_POINT('',(1.311918702562,-18.98224272901,
    40.132808266107));
#863 = CARTESIAN_POINT('',(1.213183022391,-18.90473134157,
    40.189200624064));
#864 = CARTESIAN_POINT('',(1.060524321177,-18.80347360343,
    40.264465374418));
#865 = CARTESIAN_POINT('',(1.013971469458,-18.77469305445,
    40.286071107545));
#866 = CARTESIAN_POINT('',(0.96582656758,-18.74706015775,40.306999250347
    ));
#867 = CARTESIAN_POINT('',(0.916073334848,-18.72067708858,
    40.327137236257));
#868 = CARTESIAN_POINT('',(0.864700895143,-18.69565665038,
    40.346365707807));
#869 = CARTESIAN_POINT('',(0.693617872046,-18.6196839887,40.405094952627
    ));
#870 = CARTESIAN_POINT('',(0.566170898151,-18.57404814094,
    40.440934754819));
#871 = CARTESIAN_POINT('',(0.431032797477,-18.53780122602,
    40.469760005514));
#872 = CARTESIAN_POINT('',(0.290168618514,-18.51274495711,
    40.489803772014));
#873 = CARTESIAN_POINT('',(0.145744230186,-18.5,40.5));
#874 = CARTESIAN_POINT('',(3.061616997868E-16,-18.5,40.5));
#875 = PCURVE('',#586,#876);
#876 = DEFINITIONAL_REPRESENTATION('',(#877),#905);
#877 = B_SPLINE_CURVE_WITH_KNOTS('',6,(#878,#879,#880,#881,#882,#883,
    #884,#885,#886,#887,#888,#889,#890,#891,#892,#893,#894,#895,#896,
    #897,#898,#899,#900,#901,#902,#903,#904),.UNSPECIFIED.,.F.,.F.,(7,5,
    5,5,5,7),(0.,0.177699444627,0.426147468031,0.670487152394,
    0.772561753509,1.),.UNSPECIFIED.);
#878 = CARTESIAN_POINT('',(0.927295218002,32.));
#879 = CARTESIAN_POINT('',(0.927295218002,32.089847029476));
#880 = CARTESIAN_POINT('',(0.924066345026,32.179271896125));
#881 = CARTESIAN_POINT('',(0.917664671194,32.26794488485));
#882 = CARTESIAN_POINT('',(0.90827395064,32.355477489955));
#883 = CARTESIAN_POINT('',(0.896211936869,32.441315566268));
#884 = CARTESIAN_POINT('',(0.862022787591,32.64117136715));
#885 = CARTESIAN_POINT('',(0.837673824769,32.753539856267));
#886 = CARTESIAN_POINT('',(0.809695589583,32.861899983707));
#887 = CARTESIAN_POINT('',(0.778672900809,32.966281542247));
#888 = CARTESIAN_POINT('',(0.74496895655,33.066650794965));
#889 = CARTESIAN_POINT('',(0.67302702723,33.257695004085));
#890 = CARTESIAN_POINT('',(0.634885320742,33.348469328181));
#891 = CARTESIAN_POINT('',(0.594377758688,33.435266934571));
#892 = CARTESIAN_POINT('',(0.551471523041,33.51775727099));
#893 = CARTESIAN_POINT('',(0.50607377152,33.595268658428));
#894 = CARTESIAN_POINT('',(0.437992100915,33.696526396566));
#895 = CARTESIAN_POINT('',(0.4174687552,33.725306945541));
#896 = CARTESIAN_POINT('',(0.396479787068,33.752939842243));
#897 = CARTESIAN_POINT('',(0.375021166822,33.779322911412));
#898 = CARTESIAN_POINT('',(0.353088089802,33.804343349619));
#899 = CARTESIAN_POINT('',(0.280735038738,33.8803160113));
#900 = CARTESIAN_POINT('',(0.227863411095,33.925951859054));
#901 = CARTESIAN_POINT('',(0.172769357465,33.962198773972));
#902 = CARTESIAN_POINT('',(0.116067558276,33.987255042885));
#903 = CARTESIAN_POINT('',(5.829769207439E-02,34.));
#904 = CARTESIAN_POINT('',(0.,34.));
#905 = ( GEOMETRIC_REPRESENTATION_CONTEXT(2) 
PARAMETRIC_REPRESENTATION_CONTEXT() REPRESENTATION_CONTEXT('2D SPACE',''
  ) );
#906 = PCURVE('',#750,#907);
#907 = DEFINITIONAL_REPRESENTATION('',(#908),#936);
#908 = B_SPLINE_CURVE_WITH_KNOTS('',6,(#909,#910,#911,#912,#913,#914,
    #915,#916,#917,#918,#919,#920,#921,#922,#923,#924,#925,#926,#927,
    #928,#929,#930,#931,#932,#933,#934,#935),.UNSPECIFIED.,.F.,.F.,(7,5,
    5,5,5,7),(0.,0.177699444627,0.426147468031,0.670487152394,
    0.772561753509,1.),.UNSPECIFIED.);
#909 = CARTESIAN_POINT('',(0.,3.5));
#910 = CARTESIAN_POINT('',(4.492351473788E-02,3.5));
#911 = CARTESIAN_POINT('',(8.963586832244E-02,3.506457799897));
#912 = CARTESIAN_POINT('',(0.13413594292,3.519260885444));
#913 = CARTESIAN_POINT('',(0.178383096625,3.537925728012));
#914 = CARTESIAN_POINT('',(0.222251395934,3.561592540351));
#915 = CARTESIAN_POINT('',(0.325805866971,3.627576169469));
#916 = CARTESIAN_POINT('',(0.385218519092,3.673810972229));
#917 = CARTESIAN_POINT('',(0.444066453648,3.725635610243));
#918 = CARTESIAN_POINT('',(0.502676120622,3.781171273524));
#919 = CARTESIAN_POINT('',(0.561356501198,3.839007791949));
#920 = CARTESIAN_POINT('',(0.678769367096,3.956065568236));
#921 = CARTESIAN_POINT('',(0.737464796532,4.01522842098));
#922 = CARTESIAN_POINT('',(0.797067804085,4.074456806262));
#923 = CARTESIAN_POINT('',(0.857963953267,4.132808266107));
#924 = CARTESIAN_POINT('',(0.920526822312,4.189200624064));
#925 = CARTESIAN_POINT('',(1.012120774882,4.264465374418));
#926 = CARTESIAN_POINT('',(1.039472577668,4.286071107545));
#927 = CARTESIAN_POINT('',(1.067205477339,4.306999250347));
#928 = CARTESIAN_POINT('',(1.095338599706,4.327137236257));
#929 = CARTESIAN_POINT('',(1.123891783877,4.346365707807));
#930 = CARTESIAN_POINT('',(1.217488319757,4.405094952627));
#931 = CARTESIAN_POINT('',(1.284988358062,4.440934754819));
#932 = CARTESIAN_POINT('',(1.354583190458,4.469760005514));
#933 = CARTESIAN_POINT('',(1.425712052744,4.489803772014));
#934 = CARTESIAN_POINT('',(1.497924211702,4.5));
#935 = CARTESIAN_POINT('',(1.570796326795,4.5));
#936 = ( GEOMETRIC_REPRESENTATION_CONTEXT(2) 
PARAMETRIC_REPRESENTATION_CONTEXT() REPRESENTATION_CONTEXT('2D SPACE',''
  ) );
#937 = ORIENTED_EDGE('',*,*,#938,.F.);
#938 = EDGE_CURVE('',#602,#844,#939,.T.);
#939 = SURFACE_CURVE('',#940,(#968,#999),.PCURVE_S1.);
#940 = B_SPLINE_CURVE_WITH_KNOTS('',6,(#941,#942,#943,#944,#945,#946,
    #947,#948,#949,#950,#951,#952,#953,#954,#955,#956,#957,#958,#959,
    #960,#961,#962,#963,#964,#965,#966,#967),.UNSPECIFIED.,.F.,.F.,(7,5,
    5,5,5,7),(0.,0.229299118608,0.332982948044,0.57574631102,
    0.821517293632,1.),.UNSPECIFIED.);
#941 = CARTESIAN_POINT('',(-1.836970198721E-16,-22.5,40.5));
#942 = CARTESIAN_POINT('',(0.146963037071,-22.5,40.5));
#943 = CARTESIAN_POINT('',(0.292553409795,-22.48704098874,
    40.489632512521));
#944 = CARTESIAN_POINT('',(0.434492674352,-22.46157770894,
    40.469263214492));
#945 = CARTESIAN_POINT('',(0.570580885411,-22.42476402562,
    40.439990294747));
#946 = CARTESIAN_POINT('',(0.698826475428,-22.37844683575,40.40362700293
    ));
#947 = CARTESIAN_POINT('',(0.871223615223,-22.30122989715,
    40.343970158775));
#948 = CARTESIAN_POINT('',(0.923227034444,-22.27566291884,
    40.324335798378));
#949 = CARTESIAN_POINT('',(0.973560018,-22.248701256,40.303774611416));
#950 = CARTESIAN_POINT('',(1.022235152989,-22.22046200796,
    40.282410922062));
#951 = CARTESIAN_POINT('',(1.069270654681,-22.19105079702,
    40.260361721136));
#952 = CARTESIAN_POINT('',(1.221035223264,-22.08917533187,
    40.184762788902));
#953 = CARTESIAN_POINT('',(1.318583727493,-22.01183825011,
    40.128601144485));
#954 = CARTESIAN_POINT('',(1.407802563998,-21.92962233797,
    40.070560924829));
#955 = CARTESIAN_POINT('',(1.489219116572,-21.84317351108,
    40.011697890991));
#956 = CARTESIAN_POINT('',(1.563280743854,-21.75280730774,
    39.952936429021));
#957 = CARTESIAN_POINT('',(1.698085860655,-21.56311365886,39.83698297241
    ));
#958 = CARTESIAN_POINT('',(1.75863062969,-21.46372108231,39.779838210817
    ));
#959 = CARTESIAN_POINT('',(1.812190824286,-21.36040224786,
    39.724972711945));
#960 = CARTESIAN_POINT('',(1.858683294431,-21.25318884845,
    39.673757316088));
#961 = CARTESIAN_POINT('',(1.89790123984,-21.14205185742,39.628010364137
    ));
#962 = CARTESIAN_POINT('',(1.952202753074,-20.94319840018,
    39.562112306773));
#963 = CARTESIAN_POINT('',(1.971060451493,-20.85701188465,
    39.538253525831));
#964 = CARTESIAN_POINT('',(1.985427787634,-20.76911201457,
    39.519430084889));
#965 = CARTESIAN_POINT('',(1.995113597287,-20.68005906944,
    39.506515073634));
#966 = CARTESIAN_POINT('',(2.,-20.59024460307,39.5));
#967 = CARTESIAN_POINT('',(2.,-20.5,39.5));
#968 = PCURVE('',#586,#969);
#969 = DEFINITIONAL_REPRESENTATION('',(#970),#998);
#970 = B_SPLINE_CURVE_WITH_KNOTS('',6,(#971,#972,#973,#974,#975,#976,
    #977,#978,#979,#980,#981,#982,#983,#984,#985,#986,#987,#988,#989,
    #990,#991,#992,#993,#994,#995,#996,#997),.UNSPECIFIED.,.F.,.F.,(7,5,
    5,5,5,7),(0.,0.229299118608,0.332982948044,0.57574631102,
    0.821517293632,1.),.UNSPECIFIED.);
#971 = CARTESIAN_POINT('',(0.,30.));
#972 = CARTESIAN_POINT('',(5.878521482826E-02,30.));
#973 = CARTESIAN_POINT('',(0.117021479285,30.012959011258));
#974 = CARTESIAN_POINT('',(0.174162314936,30.038422291055));
#975 = CARTESIAN_POINT('',(0.229661666928,30.075235974379));
#976 = CARTESIAN_POINT('',(0.282896101961,30.121553164247));
#977 = CARTESIAN_POINT('',(0.355867014373,30.198770102848));
#978 = CARTESIAN_POINT('',(0.378093133742,30.224337081151));
#979 = CARTESIAN_POINT('',(0.399829892622,30.251298743995));
#980 = CARTESIAN_POINT('',(0.421082585832,30.279537992035));
#981 = CARTESIAN_POINT('',(0.441855688027,30.308949202973));
#982 = CARTESIAN_POINT('',(0.509676254621,30.410824668127));
#983 = CARTESIAN_POINT('',(0.55461876767,30.488161749889));
#984 = CARTESIAN_POINT('',(0.597107187958,30.570377662021));
#985 = CARTESIAN_POINT('',(0.637230288943,30.656826488919));
#986 = CARTESIAN_POINT('',(0.675017037913,30.747192692252));
#987 = CARTESIAN_POINT('',(0.746142418605,30.936886341138));
#988 = CARTESIAN_POINT('',(0.779408642016,31.036278917687));
#989 = CARTESIAN_POINT('',(0.81004369078,31.139597752135));
#990 = CARTESIAN_POINT('',(0.837693490246,31.246811151544));
#991 = CARTESIAN_POINT('',(0.861791601482,31.357948142576));
#992 = CARTESIAN_POINT('',(0.89594703046,31.556801599811));
#993 = CARTESIAN_POINT('',(0.908109014655,31.642988115345));
#994 = CARTESIAN_POINT('',(0.917580068166,31.730887985422));
#995 = CARTESIAN_POINT('',(0.924037709005,31.819940930552));
#996 = CARTESIAN_POINT('',(0.927295218002,31.909755396923));
#997 = CARTESIAN_POINT('',(0.927295218002,32.));
#998 = ( GEOMETRIC_REPRESENTATION_CONTEXT(2) 
PARAMETRIC_REPRESENTATION_CONTEXT() REPRESENTATION_CONTEXT('2D SPACE',''
  ) );
#999 = PCURVE('',#750,#1000);
#1000 = DEFINITIONAL_REPRESENTATION('',(#1001),#1029);
#1001 = B_SPLINE_CURVE_WITH_KNOTS('',6,(#1002,#1003,#1004,#1005,#1006,
    #1007,#1008,#1009,#1010,#1011,#1012,#1013,#1014,#1015,#1016,#1017,
    #1018,#1019,#1020,#1021,#1022,#1023,#1024,#1025,#1026,#1027,#1028),
  .UNSPECIFIED.,.F.,.F.,(7,5,5,5,5,7),(0.,0.229299118608,0.332982948044,
    0.57574631102,0.821517293632,1.),.UNSPECIFIED.);
#1002 = CARTESIAN_POINT('',(4.712388980385,4.5));
#1003 = CARTESIAN_POINT('',(4.78587049892,4.5));
#1004 = CARTESIAN_POINT('',(4.858665648121,4.489632512521));
#1005 = CARTESIAN_POINT('',(4.930349686029,4.469263214492));
#1006 = CARTESIAN_POINT('',(5.000468774169,4.439990294747));
#1007 = CARTESIAN_POINT('',(5.068456137285,4.40362700293));
#1008 = CARTESIAN_POINT('',(5.162906162982,4.343970158775));
#1009 = CARTESIAN_POINT('',(5.191862083746,4.324335798378));
#1010 = CARTESIAN_POINT('',(5.220386028453,4.303774611416));
#1011 = CARTESIAN_POINT('',(5.248499132419,4.282410922062));
#1012 = CARTESIAN_POINT('',(5.276221827818,4.260361721136));
#1013 = CARTESIAN_POINT('',(5.367615337814,4.184762788902));
#1014 = CARTESIAN_POINT('',(5.429663485429,4.128601144485));
#1015 = CARTESIAN_POINT('',(5.490085498199,4.070560924829));
#1016 = CARTESIAN_POINT('',(5.549248000676,4.011697890991));
#1017 = CARTESIAN_POINT('',(5.607529273352,3.952936429021));
#1018 = CARTESIAN_POINT('',(5.723886589348,3.83698297241));
#1019 = CARTESIAN_POINT('',(5.781931918454,3.779838210817));
#1020 = CARTESIAN_POINT('',(5.839914100887,3.724972711945));
#1021 = CARTESIAN_POINT('',(5.898132892137,3.673757316088));
#1022 = CARTESIAN_POINT('',(5.95690447857,3.628010364137));
#1023 = CARTESIAN_POINT('',(6.059971631186,3.562112306773));
#1024 = CARTESIAN_POINT('',(6.104026541289,3.538253525831));
#1025 = CARTESIAN_POINT('',(6.148463615917,3.519430084889));
#1026 = CARTESIAN_POINT('',(6.193155854128,3.506515073634));
#1027 = CARTESIAN_POINT('',(6.238063005641,3.5));
#1028 = CARTESIAN_POINT('',(6.28318530718,3.5));
#1029 = ( GEOMETRIC_REPRESENTATION_CONTEXT(2) 
PARAMETRIC_REPRESENTATION_CONTEXT() REPRESENTATION_CONTEXT('2D SPACE',''
  ) );
#1030 = FACE_BOUND('',#1031,.F.);
#1031 = EDGE_LOOP('',(#1032,#1060));
#1032 = ORIENTED_EDGE('',*,*,#1033,.F.);
#1033 = EDGE_CURVE('',#1034,#1036,#1038,.T.);
#1034 = VERTEX_POINT('',#1035);
#1035 = CARTESIAN_POINT('',(1.5,-21.82287565553,36.));
#1036 = VERTEX_POINT('',#1037);
#1037 = CARTESIAN_POINT('',(1.5,-19.17712434446,36.));
#1038 = SURFACE_CURVE('',#1039,(#1043,#1049),.PCURVE_S1.);
#1039 = LINE('',#1040,#1041);
#1040 = CARTESIAN_POINT('',(1.5,-52.5,36.));
#1041 = VECTOR('',#1042,1.);
#1042 = DIRECTION('',(0.,1.,0.));
#1043 = PCURVE('',#586,#1044);
#1044 = DEFINITIONAL_REPRESENTATION('',(#1045),#1048);
#1045 = B_SPLINE_CURVE_WITH_KNOTS('',1,(#1046,#1047),.UNSPECIFIED.,.F.,
  .F.,(2,2),(29.6,34.0000006),.PIECEWISE_BEZIER_KNOTS.);
#1046 = CARTESIAN_POINT('',(2.498091544797,29.6));
#1047 = CARTESIAN_POINT('',(2.498091544797,34.0000006));
#1048 = ( GEOMETRIC_REPRESENTATION_CONTEXT(2) 
PARAMETRIC_REPRESENTATION_CONTEXT() REPRESENTATION_CONTEXT('2D SPACE',''
  ) );
#1049 = PCURVE('',#1050,#1055);
#1050 = PLANE('',#1051);
#1051 = AXIS2_PLACEMENT_3D('',#1052,#1053,#1054);
#1052 = CARTESIAN_POINT('',(0.,-20.5,36.));
#1053 = DIRECTION('',(0.,0.,1.));
#1054 = DIRECTION('',(1.,0.,-0.));
#1055 = DEFINITIONAL_REPRESENTATION('',(#1056),#1059);
#1056 = B_SPLINE_CURVE_WITH_KNOTS('',1,(#1057,#1058),.UNSPECIFIED.,.F.,
  .F.,(2,2),(29.6,34.0000006),.PIECEWISE_BEZIER_KNOTS.);
#1057 = CARTESIAN_POINT('',(1.5,-2.4));
#1058 = CARTESIAN_POINT('',(1.5,2.0000006));
#1059 = ( GEOMETRIC_REPRESENTATION_CONTEXT(2) 
PARAMETRIC_REPRESENTATION_CONTEXT() REPRESENTATION_CONTEXT('2D SPACE',''
  ) );
#1060 = ORIENTED_EDGE('',*,*,#1061,.F.);
#1061 = EDGE_CURVE('',#1036,#1034,#1062,.T.);
#1062 = SURFACE_CURVE('',#1063,(#1096,#1147),.PCURVE_S1.);
#1063 = B_SPLINE_CURVE_WITH_KNOTS('',6,(#1064,#1065,#1066,#1067,#1068,
    #1069,#1070,#1071,#1072,#1073,#1074,#1075,#1076,#1077,#1078,#1079,
    #1080,#1081,#1082,#1083,#1084,#1085,#1086,#1087,#1088,#1089,#1090,
    #1091,#1092,#1093,#1094,#1095),.UNSPECIFIED.,.F.,.F.,(7,5,5,5,5,5,7)
  ,(0.,0.142638764597,0.64248802475,0.999999164135,1.35549433022,
    1.857852552737,1.999952655364),.UNSPECIFIED.);
#1064 = CARTESIAN_POINT('',(1.5,-19.17712434446,36.));
#1065 = CARTESIAN_POINT('',(1.522753084055,-19.20292391673,
    36.017064813039));
#1066 = CARTESIAN_POINT('',(1.544867305351,-19.22907248257,
    36.03413574878));
#1067 = CARTESIAN_POINT('',(1.566352555196,-19.25556248134,
    36.051187988461));
#1068 = CARTESIAN_POINT('',(1.587217484096,-19.28238803707,
    36.068196114976));
#1069 = CARTESIAN_POINT('',(1.607469501752,-19.30954495847,
    36.085134112878));
#1070 = CARTESIAN_POINT('',(1.69595774805,-19.43334920503,
    36.160992208051));
#1071 = CARTESIAN_POINT('',(1.757359384778,-19.53371845775,
    36.218828726476));
#1072 = CARTESIAN_POINT('',(1.811625201163,-19.63810001629,
    36.274364389757));
#1073 = CARTESIAN_POINT('',(1.858670446857,-19.74646014373,
    36.326189027771));
#1074 = CARTESIAN_POINT('',(1.898283169261,-19.85882863285,
    36.372423830531));
#1075 = CARTESIAN_POINT('',(1.952613388666,-20.05868443373,
    36.438407459649));
#1076 = CARTESIAN_POINT('',(1.971310673851,-20.14452251004,
    36.462074271988));
#1077 = CARTESIAN_POINT('',(1.98555467714,-20.23205511515,
    36.480739114556));
#1078 = CARTESIAN_POINT('',(1.995156555344,-20.32072810387,
    36.493542200103));
#1079 = CARTESIAN_POINT('',(2.,-20.41015297052,36.5));
#1080 = CARTESIAN_POINT('',(2.,-20.58934039012,36.5));
#1081 = CARTESIAN_POINT('',(1.995211023217,-20.67826891878,
    36.493614819217));
#1082 = CARTESIAN_POINT('',(1.98571554362,-20.76645792943,
    36.480953620324));
#1083 = CARTESIAN_POINT('',(1.971627863367,-20.85352266415,
    36.462489870267));
#1084 = CARTESIAN_POINT('',(1.953133920216,-20.93891654423,
    36.439066676447));
#1085 = CARTESIAN_POINT('',(1.899044053929,-21.13903724646,
    36.373310803314));
#1086 = CARTESIAN_POINT('',(1.859342313095,-21.25203568157,
    36.326924051242));
#1087 = CARTESIAN_POINT('',(1.812129673435,-21.36098662915,
    36.274868980668));
#1088 = CARTESIAN_POINT('',(1.757621930975,-21.46591948743,
    36.219057098014));
#1089 = CARTESIAN_POINT('',(1.695907287597,-21.5667984264,
    36.160921248299));
#1090 = CARTESIAN_POINT('',(1.607092180109,-21.69096084935,
    36.084818596275));
#1091 = CARTESIAN_POINT('',(1.586906496166,-21.7180116928,
    36.067942652385));
#1092 = CARTESIAN_POINT('',(1.566112405673,-21.74473355884,
    36.050997410371));
#1093 = CARTESIAN_POINT('',(1.544702580255,-21.77112227952,
    36.034008597295));
#1094 = CARTESIAN_POINT('',(1.522668409309,-21.79717209539,
    36.017001306979));
#1095 = CARTESIAN_POINT('',(1.5,-21.82287565553,36.));
#1096 = PCURVE('',#586,#1097);
#1097 = DEFINITIONAL_REPRESENTATION('',(#1098),#1146);
#1098 = B_SPLINE_CURVE_WITH_KNOTS('',3,(#1099,#1100,#1101,#1102,#1103,
    #1104,#1105,#1106,#1107,#1108,#1109,#1110,#1111,#1112,#1113,#1114,
    #1115,#1116,#1117,#1118,#1119,#1120,#1121,#1122,#1123,#1124,#1125,
    #1126,#1127,#1128,#1129,#1130,#1131,#1132,#1133,#1134,#1135,#1136,
    #1137,#1138,#1139,#1140,#1141,#1142,#1143,#1144,#1145),
  .UNSPECIFIED.,.F.,.F.,(4,1,1,1,1,1,1,1,1,1,1,1,1,1,1,1,1,1,1,1,1,1,1,1
    ,1,1,1,1,1,1,1,1,1,1,1,1,1,1,1,1,1,1,1,1,4),(0.,4.54534694401E-02,
    9.090693888019E-02,0.13636040832,0.18181387776,0.2272673472,
    0.272720816641,0.318174286081,0.363627755521,0.409081224961,
    0.454534694401,0.499988163841,0.545441633281,0.590895102721,
    0.636348572161,0.681802041601,0.727255511042,0.772708980482,
    0.818162449922,0.863615919362,0.909069388802,0.954522858242,
    0.999976327682,1.045429797122,1.090883266562,1.136336736002,
    1.181790205442,1.227243674883,1.272697144323,1.318150613763,
    1.363604083203,1.409057552643,1.454511022083,1.499964491523,
    1.545417960963,1.590871430403,1.636324899843,1.681778369284,
    1.727231838724,1.772685308164,1.818138777604,1.863592247044,
    1.909045716484,1.954499185924,1.999952655364),
  .QUASI_UNIFORM_KNOTS.);
#1099 = CARTESIAN_POINT('',(2.498091544797,33.322875655532));
#1100 = CARTESIAN_POINT('',(2.490841318764,33.306432478385));
#1101 = CARTESIAN_POINT('',(2.476545818324,33.273193726969));
#1102 = CARTESIAN_POINT('',(2.455723797299,33.222297685222));
#1103 = CARTESIAN_POINT('',(2.435528136613,33.170385808999));
#1104 = CARTESIAN_POINT('',(2.415968321155,33.117470366526));
#1105 = CARTESIAN_POINT('',(2.397055696639,33.063552550161));
#1106 = CARTESIAN_POINT('',(2.378809101421,33.008635997639));
#1107 = CARTESIAN_POINT('',(2.361252935137,32.952723040868));
#1108 = CARTESIAN_POINT('',(2.344417475515,32.895815359055));
#1109 = CARTESIAN_POINT('',(2.328338633473,32.837913444197));
#1110 = CARTESIAN_POINT('',(2.313057915249,32.779016598317));
#1111 = CARTESIAN_POINT('',(2.298622207516,32.719122018524));
#1112 = CARTESIAN_POINT('',(2.285084104446,32.658227026242));
#1113 = CARTESIAN_POINT('',(2.272500242652,32.596319659102));
#1114 = CARTESIAN_POINT('',(2.260937025952,32.5334126952));
#1115 = CARTESIAN_POINT('',(2.250448718208,32.4694156124));
#1116 = CARTESIAN_POINT('',(2.241115636922,32.404334524655));
#1117 = CARTESIAN_POINT('',(2.233043482703,32.338384224253));
#1118 = CARTESIAN_POINT('',(2.226313823573,32.271700428099));
#1119 = CARTESIAN_POINT('',(2.220997500289,32.204418808836));
#1120 = CARTESIAN_POINT('',(2.217151552108,32.136649303851));
#1121 = CARTESIAN_POINT('',(2.214820483006,32.068513452653));
#1122 = CARTESIAN_POINT('',(2.214036303967,32.000034727086));
#1123 = CARTESIAN_POINT('',(2.214818915841,31.931554245973));
#1124 = CARTESIAN_POINT('',(2.217148601906,31.86341487864));
#1125 = CARTESIAN_POINT('',(2.220993424202,31.795640687422));
#1126 = CARTESIAN_POINT('',(2.22630887922,31.728354126337));
#1127 = CARTESIAN_POINT('',(2.233037856916,31.661665933838));
#1128 = CARTESIAN_POINT('',(2.241109320415,31.595712865499));
#1129 = CARTESIAN_POINT('',(2.250441581038,31.530630989777));
#1130 = CARTESIAN_POINT('',(2.260928125232,31.466638508744));
#1131 = CARTESIAN_POINT('',(2.272491322066,31.403726257101));
#1132 = CARTESIAN_POINT('',(2.285074961707,31.341815857772));
#1133 = CARTESIAN_POINT('',(2.29861317078,31.280916873316));
#1134 = CARTESIAN_POINT('',(2.313049165848,31.221018271464));
#1135 = CARTESIAN_POINT('',(2.32833037495,31.162117216683));
#1136 = CARTESIAN_POINT('',(2.344409877289,31.104211057983));
#1137 = CARTESIAN_POINT('',(2.361246137582,31.047299179082));
#1138 = CARTESIAN_POINT('',(2.378803207028,30.991382176214));
#1139 = CARTESIAN_POINT('',(2.397050761951,30.936461836338));
#1140 = CARTESIAN_POINT('',(2.415964366276,30.882540559439));
#1141 = CARTESIAN_POINT('',(2.435525090694,30.829622177375));
#1142 = CARTESIAN_POINT('',(2.455721688538,30.777707559954));
#1143 = CARTESIAN_POINT('',(2.476544697815,30.726808898687));
#1144 = CARTESIAN_POINT('',(2.490840928256,30.693568407148));
#1145 = CARTESIAN_POINT('',(2.498091544797,30.677124344468));
#1146 = ( GEOMETRIC_REPRESENTATION_CONTEXT(2) 
PARAMETRIC_REPRESENTATION_CONTEXT() REPRESENTATION_CONTEXT('2D SPACE',''
  ) );
#1147 = PCURVE('',#1148,#1153);
#1148 = CYLINDRICAL_SURFACE('',#1149,2.);
#1149 = AXIS2_PLACEMENT_3D('',#1150,#1151,#1152);
#1150 = CARTESIAN_POINT('',(0.,-20.5,36.));
#1151 = DIRECTION('',(0.,0.,1.));
#1152 = DIRECTION('',(1.,0.,-0.));
#1153 = DEFINITIONAL_REPRESENTATION('',(#1154),#1202);
#1154 = B_SPLINE_CURVE_WITH_KNOTS('',3,(#1155,#1156,#1157,#1158,#1159,
    #1160,#1161,#1162,#1163,#1164,#1165,#1166,#1167,#1168,#1169,#1170,
    #1171,#1172,#1173,#1174,#1175,#1176,#1177,#1178,#1179,#1180,#1181,
    #1182,#1183,#1184,#1185,#1186,#1187,#1188,#1189,#1190,#1191,#1192,
    #1193,#1194,#1195,#1196,#1197,#1198,#1199,#1200,#1201),
  .UNSPECIFIED.,.F.,.F.,(4,1,1,1,1,1,1,1,1,1,1,1,1,1,1,1,1,1,1,1,1,1,1,1
    ,1,1,1,1,1,1,1,1,1,1,1,1,1,1,1,1,1,1,1,1,4),(0.,4.54534694401E-02,
    9.090693888019E-02,0.13636040832,0.18181387776,0.2272673472,
    0.272720816641,0.318174286081,0.363627755521,0.409081224961,
    0.454534694401,0.499988163841,0.545441633281,0.590895102721,
    0.636348572161,0.681802041601,0.727255511042,0.772708980482,
    0.818162449922,0.863615919362,0.909069388802,0.954522858242,
    0.999976327682,1.045429797122,1.090883266562,1.136336736002,
    1.181790205442,1.227243674883,1.272697144323,1.318150613763,
    1.363604083203,1.409057552643,1.454511022083,1.499964491523,
    1.545417960963,1.590871430403,1.636324899843,1.681778369284,
    1.727231838724,1.772685308164,1.818138777604,1.863592247044,
    1.909045716484,1.954499185924,1.999952655364),
  .QUASI_UNIFORM_KNOTS.);
#1155 = CARTESIAN_POINT('',(7.005919554993,7.105427357601E-15));
#1156 = CARTESIAN_POINT('',(6.994957810376,1.087560957874E-02));
#1157 = CARTESIAN_POINT('',(6.973115872402,3.263374114388E-02));
#1158 = CARTESIAN_POINT('',(6.940560989385,6.519182440873E-02));
#1159 = CARTESIAN_POINT('',(6.908177693277,9.757153381404E-02));
#1160 = CARTESIAN_POINT('',(6.875928872244,0.129671539231));
#1161 = CARTESIAN_POINT('',(6.843773950274,0.161389857665));
#1162 = CARTESIAN_POINT('',(6.811677142009,0.192614577433));
#1163 = CARTESIAN_POINT('',(6.779604331103,0.223225964933));
#1164 = CARTESIAN_POINT('',(6.747523074436,0.25309529688));
#1165 = CARTESIAN_POINT('',(6.715401854344,0.282084741679));
#1166 = CARTESIAN_POINT('',(6.683209717252,0.310047072209));
#1167 = CARTESIAN_POINT('',(6.650915472734,0.336825860147));
#1168 = CARTESIAN_POINT('',(6.618488560228,0.362254769027));
#1169 = CARTESIAN_POINT('',(6.585893914456,0.386160827097));
#1170 = CARTESIAN_POINT('',(6.553109325134,0.408353538555));
#1171 = CARTESIAN_POINT('',(6.520058898652,0.428667517765));
#1172 = CARTESIAN_POINT('',(6.486717153894,0.446889806393));
#1173 = CARTESIAN_POINT('',(6.453162813331,0.462759664136));
#1174 = CARTESIAN_POINT('',(6.419430759231,0.476066939495));
#1175 = CARTESIAN_POINT('',(6.385553776488,0.486628416925));
#1176 = CARTESIAN_POINT('',(6.351549986848,0.494295578019));
#1177 = CARTESIAN_POINT('',(6.317442057783,0.498953605309));
#1178 = CARTESIAN_POINT('',(6.283202667296,0.500522413212));
#1179 = CARTESIAN_POINT('',(6.248962419598,0.498956739473));
#1180 = CARTESIAN_POINT('',(6.214852789207,0.494301467692));
#1181 = CARTESIAN_POINT('',(6.180846739504,0.486636530466));
#1182 = CARTESIAN_POINT('',(6.146967385895,0.476076740799));
#1183 = CARTESIAN_POINT('',(6.113233244957,0.462770758311));
#1184 = CARTESIAN_POINT('',(6.079677653445,0.446902183089));
#1185 = CARTESIAN_POINT('',(6.04633567609,0.428681404806));
#1186 = CARTESIAN_POINT('',(6.013287847578,0.408370703776));
#1187 = CARTESIAN_POINT('',(5.980500755615,0.386177858752));
#1188 = CARTESIAN_POINT('',(5.94790476151,0.362272040749));
#1189 = CARTESIAN_POINT('',(5.915475985545,0.336842727161));
#1190 = CARTESIAN_POINT('',(5.883179832039,0.310063189557));
#1191 = CARTESIAN_POINT('',(5.850985650376,0.282099737022));
#1192 = CARTESIAN_POINT('',(5.818862321202,0.253108879161));
#1193 = CARTESIAN_POINT('',(5.786778928344,0.223237912008));
#1194 = CARTESIAN_POINT('',(5.754704006012,0.192624749699));
#1195 = CARTESIAN_POINT('',(5.722605169483,0.161398207262));
#1196 = CARTESIAN_POINT('',(5.690448340764,0.129678090243));
#1197 = CARTESIAN_POINT('',(5.658197856791,9.757646292982E-02));
#1198 = CARTESIAN_POINT('',(5.625812949928,6.519515167131E-02));
#1199 = CARTESIAN_POINT('',(5.593256459568,3.263545471496E-02));
#1200 = CARTESIAN_POINT('',(5.571413394271,1.087619562249E-02));
#1201 = CARTESIAN_POINT('',(5.560451059366,-7.105427357601E-15));
#1202 = ( GEOMETRIC_REPRESENTATION_CONTEXT(2) 
PARAMETRIC_REPRESENTATION_CONTEXT() REPRESENTATION_CONTEXT('2D SPACE',''
  ) );
#1203 = FACE_BOUND('',#1204,.F.);
#1204 = EDGE_LOOP('',(#1205,#1233));
#1205 = ORIENTED_EDGE('',*,*,#1206,.T.);
#1206 = EDGE_CURVE('',#1207,#1209,#1211,.T.);
#1207 = VERTEX_POINT('',#1208);
#1208 = CARTESIAN_POINT('',(-1.5,-21.82287565553,36.));
#1209 = VERTEX_POINT('',#1210);
#1210 = CARTESIAN_POINT('',(-1.5,-19.17712434446,36.));
#1211 = SURFACE_CURVE('',#1212,(#1216,#1222),.PCURVE_S1.);
#1212 = LINE('',#1213,#1214);
#1213 = CARTESIAN_POINT('',(-1.5,-52.5,36.));
#1214 = VECTOR('',#1215,1.);
#1215 = DIRECTION('',(0.,1.,0.));
#1216 = PCURVE('',#586,#1217);
#1217 = DEFINITIONAL_REPRESENTATION('',(#1218),#1221);
#1218 = B_SPLINE_CURVE_WITH_KNOTS('',1,(#1219,#1220),.UNSPECIFIED.,.F.,
  .F.,(2,2),(29.6,34.0000006),.PIECEWISE_BEZIER_KNOTS.);
#1219 = CARTESIAN_POINT('',(3.785093762383,29.6));
#1220 = CARTESIAN_POINT('',(3.785093762383,34.0000006));
#1221 = ( GEOMETRIC_REPRESENTATION_CONTEXT(2) 
PARAMETRIC_REPRESENTATION_CONTEXT() REPRESENTATION_CONTEXT('2D SPACE',''
  ) );
#1222 = PCURVE('',#1223,#1228);
#1223 = PLANE('',#1224);
#1224 = AXIS2_PLACEMENT_3D('',#1225,#1226,#1227);
#1225 = CARTESIAN_POINT('',(0.,-20.5,36.));
#1226 = DIRECTION('',(0.,0.,1.));
#1227 = DIRECTION('',(1.,0.,-0.));
#1228 = DEFINITIONAL_REPRESENTATION('',(#1229),#1232);
#1229 = B_SPLINE_CURVE_WITH_KNOTS('',1,(#1230,#1231),.UNSPECIFIED.,.F.,
  .F.,(2,2),(29.6,34.0000006),.PIECEWISE_BEZIER_KNOTS.);
#1230 = CARTESIAN_POINT('',(-1.5,-2.4));
#1231 = CARTESIAN_POINT('',(-1.5,2.0000006));
#1232 = ( GEOMETRIC_REPRESENTATION_CONTEXT(2) 
PARAMETRIC_REPRESENTATION_CONTEXT() REPRESENTATION_CONTEXT('2D SPACE',''
  ) );
#1233 = ORIENTED_EDGE('',*,*,#1234,.T.);
#1234 = EDGE_CURVE('',#1209,#1207,#1235,.T.);
#1235 = SURFACE_CURVE('',#1236,(#1274,#1315),.PCURVE_S1.);
#1236 = B_SPLINE_CURVE_WITH_KNOTS('',6,(#1237,#1238,#1239,#1240,#1241,
    #1242,#1243,#1244,#1245,#1246,#1247,#1248,#1249,#1250,#1251,#1252,
    #1253,#1254,#1255,#1256,#1257,#1258,#1259,#1260,#1261,#1262,#1263,
    #1264,#1265,#1266,#1267,#1268,#1269,#1270,#1271,#1272,#1273),
  .UNSPECIFIED.,.F.,.F.,(7,5,5,5,5,5,5,7),(0.,7.115392602693E-02,
    0.322698779951,0.500705181789,0.614853090408,0.679450940949,
    0.928834579844,1.),.UNSPECIFIED.);
#1237 = CARTESIAN_POINT('',(-1.4999992,-19.17712343735,35.9999994));
#1238 = CARTESIAN_POINT('',(-1.522667761294,-19.20282713849,
    36.017000806803));
#1239 = CARTESIAN_POINT('',(-1.544702076533,-19.2288770996,
    36.034008197589));
#1240 = CARTESIAN_POINT('',(-1.566112038747,-19.25526596962,
    36.05099711136));
#1241 = CARTESIAN_POINT('',(-1.586906258706,-19.28198798897,
    36.06794245386));
#1242 = CARTESIAN_POINT('',(-1.607092064922,-19.30903898961,
    36.084818497575));
#1243 = CARTESIAN_POINT('',(-1.695907287597,-19.43320157359,
    36.160921248299));
#1244 = CARTESIAN_POINT('',(-1.757621930975,-19.53408051256,
    36.219057098014));
#1245 = CARTESIAN_POINT('',(-1.812129673435,-19.63901337084,
    36.274868980668));
#1246 = CARTESIAN_POINT('',(-1.859342313095,-19.74796431842,
    36.326924051242));
#1247 = CARTESIAN_POINT('',(-1.899044053929,-19.86096275353,
    36.373310803313));
#1248 = CARTESIAN_POINT('',(-1.953133920217,-20.06108345576,
    36.439066676447));
#1249 = CARTESIAN_POINT('',(-1.971627863367,-20.14647733584,
    36.462489870267));
#1250 = CARTESIAN_POINT('',(-1.98571554362,-20.23354207056,
    36.480953620324));
#1251 = CARTESIAN_POINT('',(-1.995211023217,-20.32173108121,
    36.493614819217));
#1252 = CARTESIAN_POINT('',(-2.,-20.41065960987,36.5));
#1253 = CARTESIAN_POINT('',(-2.,-20.55729017935,36.5));
#1254 = CARTESIAN_POINT('',(-1.998030655771,-20.61452009651,
    36.497374734905));
#1255 = CARTESIAN_POINT('',(-1.994099948548,-20.67155753466,
    36.492132297194));
#1256 = CARTESIAN_POINT('',(-1.988230994229,-20.72824797551,
    36.484362425869));
#1257 = CARTESIAN_POINT('',(-1.980473110226,-20.78441429439,
    36.474232079799));
#1258 = CARTESIAN_POINT('',(-1.965502619606,-20.87123192678,
    36.455047965019));
#1259 = CARTESIAN_POINT('',(-1.959512563709,-20.90239134079,
    36.447432029165));
#1260 = CARTESIAN_POINT('',(-1.952952140555,-20.93332579034,
    36.439169054368));
#1261 = CARTESIAN_POINT('',(-1.945831794514,-20.96402391862,
    36.430297325383));
#1262 = CARTESIAN_POINT('',(-1.938162988397,-20.99447191922,
    36.420857560856));
#1263 = CARTESIAN_POINT('',(-1.898283169261,-21.14117136715,
    36.372423830531));
#1264 = CARTESIAN_POINT('',(-1.858670446857,-21.25353985626,
    36.326189027771));
#1265 = CARTESIAN_POINT('',(-1.811625201163,-21.3618999837,
    36.274364389757));
#1266 = CARTESIAN_POINT('',(-1.757359384778,-21.46628154224,
    36.218828726476));
#1267 = CARTESIAN_POINT('',(-1.69595774805,-21.56665079496,
    36.160992208051));
#1268 = CARTESIAN_POINT('',(-1.607469386631,-21.69045520259,
    36.085134014188));
#1269 = CARTESIAN_POINT('',(-1.587217246741,-21.7176122812,
    36.068195916462));
#1270 = CARTESIAN_POINT('',(-1.56635218839,-21.74443799025,
    36.051187689457));
#1271 = CARTESIAN_POINT('',(-1.544866801736,-21.77092813835,
    36.034135349075));
#1272 = CARTESIAN_POINT('',(-1.522752436106,-21.79707684941,
    36.017064312859));
#1273 = CARTESIAN_POINT('',(-1.4999992,-21.82287656264,35.9999994));
#1274 = PCURVE('',#586,#1275);
#1275 = DEFINITIONAL_REPRESENTATION('',(#1276),#1314);
#1276 = B_SPLINE_CURVE_WITH_KNOTS('',6,(#1277,#1278,#1279,#1280,#1281,
    #1282,#1283,#1284,#1285,#1286,#1287,#1288,#1289,#1290,#1291,#1292,
    #1293,#1294,#1295,#1296,#1297,#1298,#1299,#1300,#1301,#1302,#1303,
    #1304,#1305,#1306,#1307,#1308,#1309,#1310,#1311,#1312,#1313),
  .UNSPECIFIED.,.F.,.F.,(7,5,5,5,5,5,5,7),(0.,7.115392602693E-02,
    0.322698779951,0.500705181789,0.614853090408,0.679450940949,
    0.928834579844,1.),.UNSPECIFIED.);
#1277 = CARTESIAN_POINT('',(3.785093362383,33.322876562647));
#1278 = CARTESIAN_POINT('',(3.79642763963,33.29717286151));
#1279 = CARTESIAN_POINT('',(3.807560401431,33.271122900392));
#1280 = CARTESIAN_POINT('',(3.818491541525,33.244734030374));
#1281 = CARTESIAN_POINT('',(3.829219965301,33.218012011022));
#1282 = CARTESIAN_POINT('',(3.839743589794,33.190961010387));
#1283 = CARTESIAN_POINT('',(3.886527813539,33.066798426405));
#1284 = CARTESIAN_POINT('',(3.920404378587,32.965919487437));
#1285 = CARTESIAN_POINT('',(3.95157318648,32.860986629151));
#1286 = CARTESIAN_POINT('',(3.979664494152,32.752035681576));
#1287 = CARTESIAN_POINT('',(4.00408279053,32.639037246469));
#1288 = CARTESIAN_POINT('',(4.038140502694,32.438916544232));
#1289 = CARTESIAN_POINT('',(4.050075705493,32.353522664151));
#1290 = CARTESIAN_POINT('',(4.059364581703,32.266457929435));
#1291 = CARTESIAN_POINT('',(4.065695307127,32.178268918781));
#1292 = CARTESIAN_POINT('',(4.068887871591,32.089340390123));
#1293 = CARTESIAN_POINT('',(4.068887871591,31.942709820644));
#1294 = CARTESIAN_POINT('',(4.067575155006,31.885479903489));
#1295 = CARTESIAN_POINT('',(4.064954171122,31.828442465333));
#1296 = CARTESIAN_POINT('',(4.061059310431,31.771752024487));
#1297 = CARTESIAN_POINT('',(4.055955652992,31.71558570561));
#1298 = CARTESIAN_POINT('',(4.046222034144,31.628768073213));
#1299 = CARTESIAN_POINT('',(4.042346320843,31.597608659202));
#1300 = CARTESIAN_POINT('',(4.0381261444,31.56667420966));
#1301 = CARTESIAN_POINT('',(4.033575974243,31.535976081376));
#1302 = CARTESIAN_POINT('',(4.02871118172,31.505528080778));
#1303 = CARTESIAN_POINT('',(4.00361544118,31.35882863285));
#1304 = CARTESIAN_POINT('',(3.979266478359,31.246460143733));
#1305 = CARTESIAN_POINT('',(3.951288243172,31.138100016293));
#1306 = CARTESIAN_POINT('',(3.920265554398,31.033718457753));
#1307 = CARTESIAN_POINT('',(3.886561610139,30.933349205035));
#1308 = CARTESIAN_POINT('',(3.839940317694,30.809544797403));
#1309 = CARTESIAN_POINT('',(3.829380423396,30.782387718793));
#1310 = CARTESIAN_POINT('',(3.818614157615,30.755562009749));
#1311 = CARTESIAN_POINT('',(3.80764362996,30.729071861649));
#1312 = CARTESIAN_POINT('',(3.796469977023,30.702923150585));
#1313 = CARTESIAN_POINT('',(3.785093362383,30.677123437353));
#1314 = ( GEOMETRIC_REPRESENTATION_CONTEXT(2) 
PARAMETRIC_REPRESENTATION_CONTEXT() REPRESENTATION_CONTEXT('2D SPACE',''
  ) );
#1315 = PCURVE('',#1316,#1321);
#1316 = CYLINDRICAL_SURFACE('',#1317,2.);
#1317 = AXIS2_PLACEMENT_3D('',#1318,#1319,#1320);
#1318 = CARTESIAN_POINT('',(0.,-20.5,36.));
#1319 = DIRECTION('',(0.,0.,1.));
#1320 = DIRECTION('',(1.,0.,-0.));
#1321 = DEFINITIONAL_REPRESENTATION('',(#1322),#1360);
#1322 = B_SPLINE_CURVE_WITH_KNOTS('',6,(#1323,#1324,#1325,#1326,#1327,
    #1328,#1329,#1330,#1331,#1332,#1333,#1334,#1335,#1336,#1337,#1338,
    #1339,#1340,#1341,#1342,#1343,#1344,#1345,#1346,#1347,#1348,#1349,
    #1350,#1351,#1352,#1353,#1354,#1355,#1356,#1357,#1358,#1359),
  .UNSPECIFIED.,.F.,.F.,(7,5,5,5,5,5,5,7),(0.,7.115392602693E-02,
    0.322698779951,0.500705181789,0.614853090408,0.679450940949,
    0.928834579844,1.),.UNSPECIFIED.);
#1323 = CARTESIAN_POINT('',(2.418857801033,-6.E-07));
#1324 = CARTESIAN_POINT('',(2.43599361093,1.700080680319E-02));
#1325 = CARTESIAN_POINT('',(2.453049541806,3.400819758922E-02));
#1326 = CARTESIAN_POINT('',(2.470035072928,5.099711136008E-02));
#1327 = CARTESIAN_POINT('',(2.486959590888,6.794245386001E-02));
#1328 = CARTESIAN_POINT('',(2.503832389608,8.481849757545E-02));
#1329 = CARTESIAN_POINT('',(2.580161432312,0.160921248299));
#1330 = CARTESIAN_POINT('',(2.639138556665,0.219057098014));
#1331 = CARTESIAN_POINT('',(2.698045378836,0.274868980668));
#1332 = CARTESIAN_POINT('',(2.757194298328,0.326924051242));
#1333 = CARTESIAN_POINT('',(2.816916214103,0.373310803313));
#1334 = CARTESIAN_POINT('',(2.920567081319,0.439066676447));
#1335 = CARTESIAN_POINT('',(2.964197657082,0.462489870267));
#1336 = CARTESIAN_POINT('',(3.008202942863,0.480953620324));
#1337 = CARTESIAN_POINT('',(3.052458271502,0.493614819217));
#1338 = CARTESIAN_POINT('',(3.096922458528,0.5));
#1339 = CARTESIAN_POINT('',(3.170237743268,0.5));
#1340 = CARTESIAN_POINT('',(3.198852744875,0.497374734905));
#1341 = CARTESIAN_POINT('',(3.227413652959,0.492132297194));
#1342 = CARTESIAN_POINT('',(3.255885465595,0.484362425869));
#1343 = CARTESIAN_POINT('',(3.284219297101,0.474232079799));
#1344 = CARTESIAN_POINT('',(3.328268749096,0.455047965019));
#1345 = CARTESIAN_POINT('',(3.344130807984,0.447432029165));
#1346 = CARTESIAN_POINT('',(3.359937747287,0.439169054368));
#1347 = CARTESIAN_POINT('',(3.375690089108,0.430297325383));
#1348 = CARTESIAN_POINT('',(3.391386797786,0.420857560856));
#1349 = CARTESIAN_POINT('',(3.467398520561,0.372423830531));
#1350 = CARTESIAN_POINT('',(3.526811172682,0.326189027771));
#1351 = CARTESIAN_POINT('',(3.585659107238,0.274364389757));
#1352 = CARTESIAN_POINT('',(3.644268774212,0.218828726476));
#1353 = CARTESIAN_POINT('',(3.702949154788,0.160992208051));
#1354 = CARTESIAN_POINT('',(3.779037461143,8.513401418763E-02));
#1355 = CARTESIAN_POINT('',(3.795972567104,6.819591646185E-02));
#1356 = CARTESIAN_POINT('',(3.812959695347,5.118768945711E-02));
#1357 = CARTESIAN_POINT('',(3.830008251371,3.413534907457E-02));
#1358 = CARTESIAN_POINT('',(3.847127688152,1.706431285925E-02));
#1359 = CARTESIAN_POINT('',(3.864327506146,-6.E-07));
#1360 = ( GEOMETRIC_REPRESENTATION_CONTEXT(2) 
PARAMETRIC_REPRESENTATION_CONTEXT() REPRESENTATION_CONTEXT('2D SPACE',''
  ) );
#1361 = ADVANCED_FACE('',(#1362),#1316,.F.);
#1362 = FACE_BOUND('',#1363,.F.);
#1363 = EDGE_LOOP('',(#1364,#1386));
#1364 = ORIENTED_EDGE('',*,*,#1365,.T.);
#1365 = EDGE_CURVE('',#1209,#1207,#1366,.T.);
#1366 = SURFACE_CURVE('',#1367,(#1372,#1379),.PCURVE_S1.);
#1367 = CIRCLE('',#1368,2.);
#1368 = AXIS2_PLACEMENT_3D('',#1369,#1370,#1371);
#1369 = CARTESIAN_POINT('',(0.,-20.5,36.));
#1370 = DIRECTION('',(0.,0.,1.));
#1371 = DIRECTION('',(1.,0.,-0.));
#1372 = PCURVE('',#1316,#1373);
#1373 = DEFINITIONAL_REPRESENTATION('',(#1374),#1378);
#1374 = LINE('',#1375,#1376);
#1375 = CARTESIAN_POINT('',(0.,0.));
#1376 = VECTOR('',#1377,1.);
#1377 = DIRECTION('',(1.,0.));
#1378 = ( GEOMETRIC_REPRESENTATION_CONTEXT(2) 
PARAMETRIC_REPRESENTATION_CONTEXT() REPRESENTATION_CONTEXT('2D SPACE',''
  ) );
#1379 = PCURVE('',#1223,#1380);
#1380 = DEFINITIONAL_REPRESENTATION('',(#1381),#1385);
#1381 = CIRCLE('',#1382,2.);
#1382 = AXIS2_PLACEMENT_2D('',#1383,#1384);
#1383 = CARTESIAN_POINT('',(0.,0.));
#1384 = DIRECTION('',(1.,0.));
#1385 = ( GEOMETRIC_REPRESENTATION_CONTEXT(2) 
PARAMETRIC_REPRESENTATION_CONTEXT() REPRESENTATION_CONTEXT('2D SPACE',''
  ) );
#1386 = ORIENTED_EDGE('',*,*,#1234,.F.);
#1387 = ADVANCED_FACE('',(#1388),#1223,.T.);
#1388 = FACE_BOUND('',#1389,.T.);
#1389 = EDGE_LOOP('',(#1390,#1391));
#1390 = ORIENTED_EDGE('',*,*,#1365,.T.);
#1391 = ORIENTED_EDGE('',*,*,#1206,.T.);
#1392 = ADVANCED_FACE('',(#1393),#1148,.F.);
#1393 = FACE_BOUND('',#1394,.F.);
#1394 = EDGE_LOOP('',(#1395,#1396));
#1395 = ORIENTED_EDGE('',*,*,#1061,.T.);
#1396 = ORIENTED_EDGE('',*,*,#1397,.T.);
#1397 = EDGE_CURVE('',#1034,#1036,#1398,.T.);
#1398 = SURFACE_CURVE('',#1399,(#1404,#1411),.PCURVE_S1.);
#1399 = CIRCLE('',#1400,2.);
#1400 = AXIS2_PLACEMENT_3D('',#1401,#1402,#1403);
#1401 = CARTESIAN_POINT('',(0.,-20.5,36.));
#1402 = DIRECTION('',(-0.,0.,1.));
#1403 = DIRECTION('',(0.75,-0.661437827766,0.));
#1404 = PCURVE('',#1148,#1405);
#1405 = DEFINITIONAL_REPRESENTATION('',(#1406),#1410);
#1406 = LINE('',#1407,#1408);
#1407 = CARTESIAN_POINT('',(5.560451059366,0.));
#1408 = VECTOR('',#1409,1.);
#1409 = DIRECTION('',(1.,0.));
#1410 = ( GEOMETRIC_REPRESENTATION_CONTEXT(2) 
PARAMETRIC_REPRESENTATION_CONTEXT() REPRESENTATION_CONTEXT('2D SPACE',''
  ) );
#1411 = PCURVE('',#1050,#1412);
#1412 = DEFINITIONAL_REPRESENTATION('',(#1413),#1417);
#1413 = CIRCLE('',#1414,2.);
#1414 = AXIS2_PLACEMENT_2D('',#1415,#1416);
#1415 = CARTESIAN_POINT('',(0.,0.));
#1416 = DIRECTION('',(0.75,-0.661437827766));
#1417 = ( GEOMETRIC_REPRESENTATION_CONTEXT(2) 
PARAMETRIC_REPRESENTATION_CONTEXT() REPRESENTATION_CONTEXT('2D SPACE',''
  ) );
#1418 = ADVANCED_FACE('',(#1419),#1050,.T.);
#1419 = FACE_BOUND('',#1420,.T.);
#1420 = EDGE_LOOP('',(#1421,#1422));
#1421 = ORIENTED_EDGE('',*,*,#1397,.T.);
#1422 = ORIENTED_EDGE('',*,*,#1033,.F.);
#1423 = ADVANCED_FACE('',(#1424),#831,.F.);
#1424 = FACE_BOUND('',#1425,.F.);
#1425 = EDGE_LOOP('',(#1426));
#1426 = ORIENTED_EDGE('',*,*,#816,.T.);
#1427 = ADVANCED_FACE('',(#1428),#750,.F.);
#1428 = FACE_BOUND('',#1429,.F.);
#1429 = EDGE_LOOP('',(#1430,#1431,#1454,#1509,#1564,#1617,#1618,#1619));
#1430 = ORIENTED_EDGE('',*,*,#938,.T.);
#1431 = ORIENTED_EDGE('',*,*,#1432,.T.);
#1432 = EDGE_CURVE('',#844,#1433,#1435,.T.);
#1433 = VERTEX_POINT('',#1434);
#1434 = CARTESIAN_POINT('',(2.,-20.5,67.3));
#1435 = SEAM_CURVE('',#1436,(#1440,#1447),.PCURVE_S1.);
#1436 = LINE('',#1437,#1438);
#1437 = CARTESIAN_POINT('',(2.,-20.5,36.));
#1438 = VECTOR('',#1439,1.);
#1439 = DIRECTION('',(0.,0.,1.));
#1440 = PCURVE('',#750,#1441);
#1441 = DEFINITIONAL_REPRESENTATION('',(#1442),#1446);
#1442 = LINE('',#1443,#1444);
#1443 = CARTESIAN_POINT('',(0.,-0.));
#1444 = VECTOR('',#1445,1.);
#1445 = DIRECTION('',(0.,1.));
#1446 = ( GEOMETRIC_REPRESENTATION_CONTEXT(2) 
PARAMETRIC_REPRESENTATION_CONTEXT() REPRESENTATION_CONTEXT('2D SPACE',''
  ) );
#1447 = PCURVE('',#750,#1448);
#1448 = DEFINITIONAL_REPRESENTATION('',(#1449),#1453);
#1449 = LINE('',#1450,#1451);
#1450 = CARTESIAN_POINT('',(6.28318530718,-0.));
#1451 = VECTOR('',#1452,1.);
#1452 = DIRECTION('',(0.,1.));
#1453 = ( GEOMETRIC_REPRESENTATION_CONTEXT(2) 
PARAMETRIC_REPRESENTATION_CONTEXT() REPRESENTATION_CONTEXT('2D SPACE',''
  ) );
#1454 = ORIENTED_EDGE('',*,*,#1455,.F.);
#1455 = EDGE_CURVE('',#1456,#1433,#1458,.T.);
#1456 = VERTEX_POINT('',#1457);
#1457 = CARTESIAN_POINT('',(2.449293598295E-16,-22.5,65.3));
#1458 = SURFACE_CURVE('',#1459,(#1464,#1484),.PCURVE_S1.);
#1459 = ELLIPSE('',#1460,2.828427124746,2.);
#1460 = AXIS2_PLACEMENT_3D('',#1461,#1462,#1463);
#1461 = CARTESIAN_POINT('',(0.,-20.5,67.3));
#1462 = DIRECTION('',(0.,-0.707106781187,0.707106781187));
#1463 = DIRECTION('',(0.,0.707106781187,0.707106781187));
#1464 = PCURVE('',#750,#1465);
#1465 = DEFINITIONAL_REPRESENTATION('',(#1466),#1483);
#1466 = B_SPLINE_CURVE_WITH_KNOTS('',8,(#1467,#1468,#1469,#1470,#1471,
    #1472,#1473,#1474,#1475,#1476,#1477,#1478,#1479,#1480,#1481,#1482),
  .UNSPECIFIED.,.F.,.F.,(9,7,9),(1.570796326795,3.14159265359,
    4.712388980385),.UNSPECIFIED.);
#1467 = CARTESIAN_POINT('',(3.14159265359,31.3));
#1468 = CARTESIAN_POINT('',(3.337942194439,30.907300918301));
#1469 = CARTESIAN_POINT('',(3.53429173529,30.514601743351));
#1470 = CARTESIAN_POINT('',(3.730641276145,30.144973477552));
#1471 = CARTESIAN_POINT('',(3.926990816995,29.821482498868));
#1472 = CARTESIAN_POINT('',(4.123340357839,29.564363907339));
#1473 = CARTESIAN_POINT('',(4.319689898688,29.388121551972));
#1474 = CARTESIAN_POINT('',(4.516039439535,29.3));
#1475 = CARTESIAN_POINT('',(4.908738521234,29.3));
#1476 = CARTESIAN_POINT('',(5.105088062084,29.38812155191));
#1477 = CARTESIAN_POINT('',(5.301437602934,29.564363907411));
#1478 = CARTESIAN_POINT('',(5.497787143786,29.821482498519));
#1479 = CARTESIAN_POINT('',(5.694136684632,30.144973477625));
#1480 = CARTESIAN_POINT('',(5.890486225482,30.514601743293));
#1481 = CARTESIAN_POINT('',(6.08683576633,30.907300918301));
#1482 = CARTESIAN_POINT('',(6.28318530718,31.3));
#1483 = ( GEOMETRIC_REPRESENTATION_CONTEXT(2) 
PARAMETRIC_REPRESENTATION_CONTEXT() REPRESENTATION_CONTEXT('2D SPACE',''
  ) );
#1484 = PCURVE('',#1485,#1490);
#1485 = CYLINDRICAL_SURFACE('',#1486,2.);
#1486 = AXIS2_PLACEMENT_3D('',#1487,#1488,#1489);
#1487 = CARTESIAN_POINT('',(0.,-22.5,67.3));
#1488 = DIRECTION('',(0.,1.,0.));
#1489 = DIRECTION('',(0.,-0.,1.));
#1490 = DEFINITIONAL_REPRESENTATION('',(#1491),#1508);
#1491 = B_SPLINE_CURVE_WITH_KNOTS('',8,(#1492,#1493,#1494,#1495,#1496,
    #1497,#1498,#1499,#1500,#1501,#1502,#1503,#1504,#1505,#1506,#1507),
  .UNSPECIFIED.,.F.,.F.,(9,7,9),(1.570796326795,3.14159265359,
    4.712388980385),.UNSPECIFIED.);
#1492 = CARTESIAN_POINT('',(4.712388980385,2.));
#1493 = CARTESIAN_POINT('',(4.516039439535,1.607300918301));
#1494 = CARTESIAN_POINT('',(4.319689898682,1.214601743363));
#1495 = CARTESIAN_POINT('',(4.123340357841,0.844973477576));
#1496 = CARTESIAN_POINT('',(3.926990816974,0.521482498844));
#1497 = CARTESIAN_POINT('',(3.730641276137,0.26436390732));
#1498 = CARTESIAN_POINT('',(3.534291735286,8.812155197245E-02));
#1499 = CARTESIAN_POINT('',(3.337942194439,4.809176734304E-17));
#1500 = CARTESIAN_POINT('',(2.94524311274,-4.809176734304E-17));
#1501 = CARTESIAN_POINT('',(2.748893571889,8.812155197222E-02));
#1502 = CARTESIAN_POINT('',(2.552544031039,0.26436390732));
#1503 = CARTESIAN_POINT('',(2.356194490188,0.521482498847));
#1504 = CARTESIAN_POINT('',(2.15984494934,0.844973477577));
#1505 = CARTESIAN_POINT('',(1.963495408492,1.214601743364));
#1506 = CARTESIAN_POINT('',(1.767145867644,1.607300918301));
#1507 = CARTESIAN_POINT('',(1.570796326795,2.));
#1508 = ( GEOMETRIC_REPRESENTATION_CONTEXT(2) 
PARAMETRIC_REPRESENTATION_CONTEXT() REPRESENTATION_CONTEXT('2D SPACE',''
  ) );
#1509 = ORIENTED_EDGE('',*,*,#1510,.F.);
#1510 = EDGE_CURVE('',#1511,#1456,#1513,.T.);
#1511 = VERTEX_POINT('',#1512);
#1512 = CARTESIAN_POINT('',(-2.,-20.5,67.3));
#1513 = SURFACE_CURVE('',#1514,(#1519,#1539),.PCURVE_S1.);
#1514 = ELLIPSE('',#1515,2.828427124746,2.);
#1515 = AXIS2_PLACEMENT_3D('',#1516,#1517,#1518);
#1516 = CARTESIAN_POINT('',(0.,-20.5,67.3));
#1517 = DIRECTION('',(0.,-0.707106781187,0.707106781187));
#1518 = DIRECTION('',(0.,0.707106781187,0.707106781187));
#1519 = PCURVE('',#750,#1520);
#1520 = DEFINITIONAL_REPRESENTATION('',(#1521),#1538);
#1521 = B_SPLINE_CURVE_WITH_KNOTS('',8,(#1522,#1523,#1524,#1525,#1526,
    #1527,#1528,#1529,#1530,#1531,#1532,#1533,#1534,#1535,#1536,#1537),
  .UNSPECIFIED.,.F.,.F.,(9,7,9),(1.570796326795,3.14159265359,
    4.712388980385),.UNSPECIFIED.);
#1522 = CARTESIAN_POINT('',(3.14159265359,31.3));
#1523 = CARTESIAN_POINT('',(3.337942194439,30.907300918301));
#1524 = CARTESIAN_POINT('',(3.53429173529,30.514601743351));
#1525 = CARTESIAN_POINT('',(3.730641276145,30.144973477552));
#1526 = CARTESIAN_POINT('',(3.926990816995,29.821482498868));
#1527 = CARTESIAN_POINT('',(4.123340357839,29.564363907339));
#1528 = CARTESIAN_POINT('',(4.319689898688,29.388121551972));
#1529 = CARTESIAN_POINT('',(4.516039439535,29.3));
#1530 = CARTESIAN_POINT('',(4.908738521234,29.3));
#1531 = CARTESIAN_POINT('',(5.105088062084,29.38812155191));
#1532 = CARTESIAN_POINT('',(5.301437602934,29.564363907411));
#1533 = CARTESIAN_POINT('',(5.497787143786,29.821482498519));
#1534 = CARTESIAN_POINT('',(5.694136684632,30.144973477625));
#1535 = CARTESIAN_POINT('',(5.890486225482,30.514601743293));
#1536 = CARTESIAN_POINT('',(6.08683576633,30.907300918301));
#1537 = CARTESIAN_POINT('',(6.28318530718,31.3));
#1538 = ( GEOMETRIC_REPRESENTATION_CONTEXT(2) 
PARAMETRIC_REPRESENTATION_CONTEXT() REPRESENTATION_CONTEXT('2D SPACE',''
  ) );
#1539 = PCURVE('',#1540,#1545);
#1540 = CYLINDRICAL_SURFACE('',#1541,2.);
#1541 = AXIS2_PLACEMENT_3D('',#1542,#1543,#1544);
#1542 = CARTESIAN_POINT('',(0.,-22.5,67.3));
#1543 = DIRECTION('',(0.,1.,0.));
#1544 = DIRECTION('',(0.,-0.,1.));
#1545 = DEFINITIONAL_REPRESENTATION('',(#1546),#1563);
#1546 = B_SPLINE_CURVE_WITH_KNOTS('',8,(#1547,#1548,#1549,#1550,#1551,
    #1552,#1553,#1554,#1555,#1556,#1557,#1558,#1559,#1560,#1561,#1562),
  .UNSPECIFIED.,.F.,.F.,(9,7,9),(1.570796326795,3.14159265359,
    4.712388980385),.UNSPECIFIED.);
#1547 = CARTESIAN_POINT('',(4.712388980385,2.));
#1548 = CARTESIAN_POINT('',(4.516039439535,1.607300918301));
#1549 = CARTESIAN_POINT('',(4.319689898682,1.214601743363));
#1550 = CARTESIAN_POINT('',(4.123340357841,0.844973477576));
#1551 = CARTESIAN_POINT('',(3.926990816974,0.521482498844));
#1552 = CARTESIAN_POINT('',(3.730641276137,0.26436390732));
#1553 = CARTESIAN_POINT('',(3.534291735286,8.812155197245E-02));
#1554 = CARTESIAN_POINT('',(3.337942194439,4.809176734304E-17));
#1555 = CARTESIAN_POINT('',(2.94524311274,-4.809176734304E-17));
#1556 = CARTESIAN_POINT('',(2.748893571889,8.812155197222E-02));
#1557 = CARTESIAN_POINT('',(2.552544031039,0.26436390732));
#1558 = CARTESIAN_POINT('',(2.356194490188,0.521482498847));
#1559 = CARTESIAN_POINT('',(2.15984494934,0.844973477577));
#1560 = CARTESIAN_POINT('',(1.963495408492,1.214601743364));
#1561 = CARTESIAN_POINT('',(1.767145867644,1.607300918301));
#1562 = CARTESIAN_POINT('',(1.570796326795,2.));
#1563 = ( GEOMETRIC_REPRESENTATION_CONTEXT(2) 
PARAMETRIC_REPRESENTATION_CONTEXT() REPRESENTATION_CONTEXT('2D SPACE',''
  ) );
#1564 = ORIENTED_EDGE('',*,*,#1565,.F.);
#1565 = EDGE_CURVE('',#1433,#1511,#1566,.T.);
#1566 = SURFACE_CURVE('',#1567,(#1572,#1592),.PCURVE_S1.);
#1567 = ELLIPSE('',#1568,2.828427124746,2.);
#1568 = AXIS2_PLACEMENT_3D('',#1569,#1570,#1571);
#1569 = CARTESIAN_POINT('',(0.,-20.5,67.3));
#1570 = DIRECTION('',(0.,0.707106781187,0.707106781187));
#1571 = DIRECTION('',(0.,-0.707106781187,0.707106781187));
#1572 = PCURVE('',#750,#1573);
#1573 = DEFINITIONAL_REPRESENTATION('',(#1574),#1591);
#1574 = B_SPLINE_CURVE_WITH_KNOTS('',8,(#1575,#1576,#1577,#1578,#1579,
    #1580,#1581,#1582,#1583,#1584,#1585,#1586,#1587,#1588,#1589,#1590),
  .UNSPECIFIED.,.F.,.F.,(9,7,9),(1.570796326795,3.14159265359,
    4.712388980385),.UNSPECIFIED.);
#1575 = CARTESIAN_POINT('',(0.,31.3));
#1576 = CARTESIAN_POINT('',(0.196349540849,30.907300918301));
#1577 = CARTESIAN_POINT('',(0.392699081699,30.514601743351));
#1578 = CARTESIAN_POINT('',(0.589048622546,30.144973477552));
#1579 = CARTESIAN_POINT('',(0.785398163394,29.821482498868));
#1580 = CARTESIAN_POINT('',(0.981747704246,29.564363907339));
#1581 = CARTESIAN_POINT('',(1.178097245097,29.388121551972));
#1582 = CARTESIAN_POINT('',(1.374446785946,29.3));
#1583 = CARTESIAN_POINT('',(1.767145867644,29.3));
#1584 = CARTESIAN_POINT('',(1.963495408492,29.38812155191));
#1585 = CARTESIAN_POINT('',(2.159844949341,29.564363907411));
#1586 = CARTESIAN_POINT('',(2.356194490196,29.821482498519));
#1587 = CARTESIAN_POINT('',(2.552544031038,30.144973477625));
#1588 = CARTESIAN_POINT('',(2.748893571891,30.514601743293));
#1589 = CARTESIAN_POINT('',(2.94524311274,30.907300918301));
#1590 = CARTESIAN_POINT('',(3.14159265359,31.3));
#1591 = ( GEOMETRIC_REPRESENTATION_CONTEXT(2) 
PARAMETRIC_REPRESENTATION_CONTEXT() REPRESENTATION_CONTEXT('2D SPACE',''
  ) );
#1592 = PCURVE('',#1593,#1598);
#1593 = CYLINDRICAL_SURFACE('',#1594,2.);
#1594 = AXIS2_PLACEMENT_3D('',#1595,#1596,#1597);
#1595 = CARTESIAN_POINT('',(0.,-22.5,67.3));
#1596 = DIRECTION('',(0.,1.,0.));
#1597 = DIRECTION('',(0.,-0.,1.));
#1598 = DEFINITIONAL_REPRESENTATION('',(#1599),#1616);
#1599 = B_SPLINE_CURVE_WITH_KNOTS('',8,(#1600,#1601,#1602,#1603,#1604,
    #1605,#1606,#1607,#1608,#1609,#1610,#1611,#1612,#1613,#1614,#1615),
  .UNSPECIFIED.,.F.,.F.,(9,7,9),(1.570796326795,3.14159265359,
    4.712388980385),.UNSPECIFIED.);
#1600 = CARTESIAN_POINT('',(1.570796326795,2.));
#1601 = CARTESIAN_POINT('',(1.767145867644,2.392699081699));
#1602 = CARTESIAN_POINT('',(1.963495408493,2.785398256636));
#1603 = CARTESIAN_POINT('',(2.15984494934,3.155026522434));
#1604 = CARTESIAN_POINT('',(2.356194490185,3.478517501146));
#1605 = CARTESIAN_POINT('',(2.552544031038,3.73563609269));
#1606 = CARTESIAN_POINT('',(2.748893571892,3.911878448026));
#1607 = CARTESIAN_POINT('',(2.94524311274,4.));
#1608 = CARTESIAN_POINT('',(3.337942194439,4.));
#1609 = CARTESIAN_POINT('',(3.534291735288,3.911878448027));
#1610 = CARTESIAN_POINT('',(3.730641276132,3.73563609269));
#1611 = CARTESIAN_POINT('',(3.926990816992,3.478517501157));
#1612 = CARTESIAN_POINT('',(4.12334035783,3.155026522427));
#1613 = CARTESIAN_POINT('',(4.319689898686,2.785398256635));
#1614 = CARTESIAN_POINT('',(4.516039439535,2.392699081699));
#1615 = CARTESIAN_POINT('',(4.712388980385,2.));
#1616 = ( GEOMETRIC_REPRESENTATION_CONTEXT(2) 
PARAMETRIC_REPRESENTATION_CONTEXT() REPRESENTATION_CONTEXT('2D SPACE',''
  ) );
#1617 = ORIENTED_EDGE('',*,*,#1432,.F.);
#1618 = ORIENTED_EDGE('',*,*,#843,.T.);
#1619 = ORIENTED_EDGE('',*,*,#626,.T.);
#1620 = ADVANCED_FACE('',(#1621),#1485,.F.);
#1621 = FACE_BOUND('',#1622,.F.);
#1622 = EDGE_LOOP('',(#1623,#1664,#1691));
#1623 = ORIENTED_EDGE('',*,*,#1624,.F.);
#1624 = EDGE_CURVE('',#1625,#1433,#1627,.T.);
#1625 = VERTEX_POINT('',#1626);
#1626 = CARTESIAN_POINT('',(-4.898587196589E-16,-22.5,69.3));
#1627 = SURFACE_CURVE('',#1628,(#1633,#1646),.PCURVE_S1.);
#1628 = ELLIPSE('',#1629,2.828427124746,2.);
#1629 = AXIS2_PLACEMENT_3D('',#1630,#1631,#1632);
#1630 = CARTESIAN_POINT('',(0.,-20.5,67.3));
#1631 = DIRECTION('',(0.,0.707106781187,0.707106781187));
#1632 = DIRECTION('',(0.,-0.707106781187,0.707106781187));
#1633 = PCURVE('',#1485,#1634);
#1634 = DEFINITIONAL_REPRESENTATION('',(#1635),#1645);
#1635 = B_SPLINE_CURVE_WITH_KNOTS('',8,(#1636,#1637,#1638,#1639,#1640,
    #1641,#1642,#1643,#1644),.UNSPECIFIED.,.F.,.F.,(9,9),(0.,
    1.570796326795),.PIECEWISE_BEZIER_KNOTS.);
#1636 = CARTESIAN_POINT('',(0.,0.));
#1637 = CARTESIAN_POINT('',(0.196349540849,0.));
#1638 = CARTESIAN_POINT('',(0.392699081698,8.812155197222E-02));
#1639 = CARTESIAN_POINT('',(0.58904862255,0.26436390732));
#1640 = CARTESIAN_POINT('',(0.785398163394,0.521482498847));
#1641 = CARTESIAN_POINT('',(0.981747704248,0.844973477577));
#1642 = CARTESIAN_POINT('',(1.178097245095,1.214601743364));
#1643 = CARTESIAN_POINT('',(1.374446785946,1.607300918301));
#1644 = CARTESIAN_POINT('',(1.570796326795,2.));
#1645 = ( GEOMETRIC_REPRESENTATION_CONTEXT(2) 
PARAMETRIC_REPRESENTATION_CONTEXT() REPRESENTATION_CONTEXT('2D SPACE',''
  ) );
#1646 = PCURVE('',#1647,#1652);
#1647 = CYLINDRICAL_SURFACE('',#1648,2.);
#1648 = AXIS2_PLACEMENT_3D('',#1649,#1650,#1651);
#1649 = CARTESIAN_POINT('',(0.,-20.5,36.));
#1650 = DIRECTION('',(0.,0.,1.));
#1651 = DIRECTION('',(1.,0.,-0.));
#1652 = DEFINITIONAL_REPRESENTATION('',(#1653),#1663);
#1653 = B_SPLINE_CURVE_WITH_KNOTS('',8,(#1654,#1655,#1656,#1657,#1658,
    #1659,#1660,#1661,#1662),.UNSPECIFIED.,.F.,.F.,(9,9),(0.,
    1.570796326795),.PIECEWISE_BEZIER_KNOTS.);
#1654 = CARTESIAN_POINT('',(4.712388980385,33.3));
#1655 = CARTESIAN_POINT('',(4.908738521234,33.3));
#1656 = CARTESIAN_POINT('',(5.105088062084,33.211878448041));
#1657 = CARTESIAN_POINT('',(5.301437602931,33.035636092507));
#1658 = CARTESIAN_POINT('',(5.497787143784,32.778517501254));
#1659 = CARTESIAN_POINT('',(5.694136684631,32.455026522235));
#1660 = CARTESIAN_POINT('',(5.890486225482,32.085398256648));
#1661 = CARTESIAN_POINT('',(6.08683576633,31.692699081699));
#1662 = CARTESIAN_POINT('',(6.28318530718,31.3));
#1663 = ( GEOMETRIC_REPRESENTATION_CONTEXT(2) 
PARAMETRIC_REPRESENTATION_CONTEXT() REPRESENTATION_CONTEXT('2D SPACE',''
  ) );
#1664 = ORIENTED_EDGE('',*,*,#1665,.T.);
#1665 = EDGE_CURVE('',#1625,#1456,#1666,.T.);
#1666 = SURFACE_CURVE('',#1667,(#1672,#1679),.PCURVE_S1.);
#1667 = CIRCLE('',#1668,2.);
#1668 = AXIS2_PLACEMENT_3D('',#1669,#1670,#1671);
#1669 = CARTESIAN_POINT('',(0.,-22.5,67.3));
#1670 = DIRECTION('',(0.,1.,0.));
#1671 = DIRECTION('',(0.,-0.,1.));
#1672 = PCURVE('',#1485,#1673);
#1673 = DEFINITIONAL_REPRESENTATION('',(#1674),#1678);
#1674 = LINE('',#1675,#1676);
#1675 = CARTESIAN_POINT('',(0.,0.));
#1676 = VECTOR('',#1677,1.);
#1677 = DIRECTION('',(1.,0.));
#1678 = ( GEOMETRIC_REPRESENTATION_CONTEXT(2) 
PARAMETRIC_REPRESENTATION_CONTEXT() REPRESENTATION_CONTEXT('2D SPACE',''
  ) );
#1679 = PCURVE('',#1680,#1685);
#1680 = PLANE('',#1681);
#1681 = AXIS2_PLACEMENT_3D('',#1682,#1683,#1684);
#1682 = CARTESIAN_POINT('',(0.,-22.5,67.3));
#1683 = DIRECTION('',(0.,1.,0.));
#1684 = DIRECTION('',(0.,-0.,1.));
#1685 = DEFINITIONAL_REPRESENTATION('',(#1686),#1690);
#1686 = CIRCLE('',#1687,2.);
#1687 = AXIS2_PLACEMENT_2D('',#1688,#1689);
#1688 = CARTESIAN_POINT('',(0.,0.));
#1689 = DIRECTION('',(1.,0.));
#1690 = ( GEOMETRIC_REPRESENTATION_CONTEXT(2) 
PARAMETRIC_REPRESENTATION_CONTEXT() REPRESENTATION_CONTEXT('2D SPACE',''
  ) );
#1691 = ORIENTED_EDGE('',*,*,#1455,.T.);
#1692 = ADVANCED_FACE('',(#1693),#1680,.T.);
#1693 = FACE_BOUND('',#1694,.T.);
#1694 = EDGE_LOOP('',(#1695,#1717));
#1695 = ORIENTED_EDGE('',*,*,#1696,.T.);
#1696 = EDGE_CURVE('',#1456,#1625,#1697,.T.);
#1697 = SURFACE_CURVE('',#1698,(#1703,#1710),.PCURVE_S1.);
#1698 = CIRCLE('',#1699,2.);
#1699 = AXIS2_PLACEMENT_3D('',#1700,#1701,#1702);
#1700 = CARTESIAN_POINT('',(0.,-22.5,67.3));
#1701 = DIRECTION('',(0.,1.,0.));
#1702 = DIRECTION('',(0.,-0.,1.));
#1703 = PCURVE('',#1680,#1704);
#1704 = DEFINITIONAL_REPRESENTATION('',(#1705),#1709);
#1705 = CIRCLE('',#1706,2.);
#1706 = AXIS2_PLACEMENT_2D('',#1707,#1708);
#1707 = CARTESIAN_POINT('',(0.,0.));
#1708 = DIRECTION('',(1.,0.));
#1709 = ( GEOMETRIC_REPRESENTATION_CONTEXT(2) 
PARAMETRIC_REPRESENTATION_CONTEXT() REPRESENTATION_CONTEXT('2D SPACE',''
  ) );
#1710 = PCURVE('',#1540,#1711);
#1711 = DEFINITIONAL_REPRESENTATION('',(#1712),#1716);
#1712 = LINE('',#1713,#1714);
#1713 = CARTESIAN_POINT('',(0.,0.));
#1714 = VECTOR('',#1715,1.);
#1715 = DIRECTION('',(1.,0.));
#1716 = ( GEOMETRIC_REPRESENTATION_CONTEXT(2) 
PARAMETRIC_REPRESENTATION_CONTEXT() REPRESENTATION_CONTEXT('2D SPACE',''
  ) );
#1717 = ORIENTED_EDGE('',*,*,#1665,.T.);
#1718 = ADVANCED_FACE('',(#1719),#1647,.F.);
#1719 = FACE_BOUND('',#1720,.F.);
#1720 = EDGE_LOOP('',(#1721,#1750,#1751));
#1721 = ORIENTED_EDGE('',*,*,#1722,.F.);
#1722 = EDGE_CURVE('',#1625,#1723,#1725,.T.);
#1723 = VERTEX_POINT('',#1724);
#1724 = CARTESIAN_POINT('',(-4.459261800488E-14,-18.5,69.3));
#1725 = SURFACE_CURVE('',#1726,(#1731,#1738),.PCURVE_S1.);
#1726 = CIRCLE('',#1727,2.);
#1727 = AXIS2_PLACEMENT_3D('',#1728,#1729,#1730);
#1728 = CARTESIAN_POINT('',(0.,-20.5,69.3));
#1729 = DIRECTION('',(0.,0.,1.));
#1730 = DIRECTION('',(-2.449293598295E-16,-1.,0.));
#1731 = PCURVE('',#1647,#1732);
#1732 = DEFINITIONAL_REPRESENTATION('',(#1733),#1737);
#1733 = LINE('',#1734,#1735);
#1734 = CARTESIAN_POINT('',(4.712388980385,33.3));
#1735 = VECTOR('',#1736,1.);
#1736 = DIRECTION('',(1.,0.));
#1737 = ( GEOMETRIC_REPRESENTATION_CONTEXT(2) 
PARAMETRIC_REPRESENTATION_CONTEXT() REPRESENTATION_CONTEXT('2D SPACE',''
  ) );
#1738 = PCURVE('',#1739,#1744);
#1739 = PLANE('',#1740);
#1740 = AXIS2_PLACEMENT_3D('',#1741,#1742,#1743);
#1741 = CARTESIAN_POINT('',(0.,-20.5,69.3));
#1742 = DIRECTION('',(0.,0.,1.));
#1743 = DIRECTION('',(1.,0.,-0.));
#1744 = DEFINITIONAL_REPRESENTATION('',(#1745),#1749);
#1745 = CIRCLE('',#1746,2.);
#1746 = AXIS2_PLACEMENT_2D('',#1747,#1748);
#1747 = CARTESIAN_POINT('',(0.,0.));
#1748 = DIRECTION('',(-2.449293598295E-16,-1.));
#1749 = ( GEOMETRIC_REPRESENTATION_CONTEXT(2) 
PARAMETRIC_REPRESENTATION_CONTEXT() REPRESENTATION_CONTEXT('2D SPACE',''
  ) );
#1750 = ORIENTED_EDGE('',*,*,#1624,.T.);
#1751 = ORIENTED_EDGE('',*,*,#1752,.T.);
#1752 = EDGE_CURVE('',#1433,#1723,#1753,.T.);
#1753 = SURFACE_CURVE('',#1754,(#1759,#1772),.PCURVE_S1.);
#1754 = ELLIPSE('',#1755,2.828427124746,2.);
#1755 = AXIS2_PLACEMENT_3D('',#1756,#1757,#1758);
#1756 = CARTESIAN_POINT('',(0.,-20.5,67.3));
#1757 = DIRECTION('',(0.,-0.707106781187,0.707106781187));
#1758 = DIRECTION('',(0.,0.707106781187,0.707106781187));
#1759 = PCURVE('',#1647,#1760);
#1760 = DEFINITIONAL_REPRESENTATION('',(#1761),#1771);
#1761 = B_SPLINE_CURVE_WITH_KNOTS('',8,(#1762,#1763,#1764,#1765,#1766,
    #1767,#1768,#1769,#1770),.UNSPECIFIED.,.F.,.F.,(9,9),(4.712388980385
    ,6.28318530718),.PIECEWISE_BEZIER_KNOTS.);
#1762 = CARTESIAN_POINT('',(6.28318530718,31.3));
#1763 = CARTESIAN_POINT('',(6.479534848029,31.692699081699));
#1764 = CARTESIAN_POINT('',(6.675884388877,32.085398256651));
#1765 = CARTESIAN_POINT('',(6.872233929727,32.455026522206));
#1766 = CARTESIAN_POINT('',(7.068583470575,32.778517501283));
#1767 = CARTESIAN_POINT('',(7.264933011426,33.035636092507));
#1768 = CARTESIAN_POINT('',(7.461282552274,33.211878448059));
#1769 = CARTESIAN_POINT('',(7.657632093125,33.3));
#1770 = CARTESIAN_POINT('',(7.853981633974,33.3));
#1771 = ( GEOMETRIC_REPRESENTATION_CONTEXT(2) 
PARAMETRIC_REPRESENTATION_CONTEXT() REPRESENTATION_CONTEXT('2D SPACE',''
  ) );
#1772 = PCURVE('',#1593,#1773);
#1773 = DEFINITIONAL_REPRESENTATION('',(#1774),#1784);
#1774 = B_SPLINE_CURVE_WITH_KNOTS('',8,(#1775,#1776,#1777,#1778,#1779,
    #1780,#1781,#1782,#1783),.UNSPECIFIED.,.F.,.F.,(9,9),(4.712388980385
    ,6.28318530718),.PIECEWISE_BEZIER_KNOTS.);
#1775 = CARTESIAN_POINT('',(1.570796326795,2.));
#1776 = CARTESIAN_POINT('',(1.374446785946,2.392699081699));
#1777 = CARTESIAN_POINT('',(1.178097245096,2.785398256632));
#1778 = CARTESIAN_POINT('',(0.981747704245,3.155026522427));
#1779 = CARTESIAN_POINT('',(0.785398163398,3.478517501131));
#1780 = CARTESIAN_POINT('',(0.589048622547,3.735636092682));
#1781 = CARTESIAN_POINT('',(0.392699081699,3.911878448022));
#1782 = CARTESIAN_POINT('',(0.196349540849,4.));
#1783 = CARTESIAN_POINT('',(2.449293598295E-16,4.));
#1784 = ( GEOMETRIC_REPRESENTATION_CONTEXT(2) 
PARAMETRIC_REPRESENTATION_CONTEXT() REPRESENTATION_CONTEXT('2D SPACE',''
  ) );
#1785 = ADVANCED_FACE('',(#1786),#1739,.F.);
#1786 = FACE_BOUND('',#1787,.F.);
#1787 = EDGE_LOOP('',(#1788,#1815));
#1788 = ORIENTED_EDGE('',*,*,#1789,.T.);
#1789 = EDGE_CURVE('',#1723,#1625,#1790,.T.);
#1790 = SURFACE_CURVE('',#1791,(#1796,#1803),.PCURVE_S1.);
#1791 = CIRCLE('',#1792,2.);
#1792 = AXIS2_PLACEMENT_3D('',#1793,#1794,#1795);
#1793 = CARTESIAN_POINT('',(0.,-20.5,69.3));
#1794 = DIRECTION('',(0.,0.,1.));
#1795 = DIRECTION('',(1.,0.,-0.));
#1796 = PCURVE('',#1739,#1797);
#1797 = DEFINITIONAL_REPRESENTATION('',(#1798),#1802);
#1798 = CIRCLE('',#1799,2.);
#1799 = AXIS2_PLACEMENT_2D('',#1800,#1801);
#1800 = CARTESIAN_POINT('',(0.,0.));
#1801 = DIRECTION('',(1.,0.));
#1802 = ( GEOMETRIC_REPRESENTATION_CONTEXT(2) 
PARAMETRIC_REPRESENTATION_CONTEXT() REPRESENTATION_CONTEXT('2D SPACE',''
  ) );
#1803 = PCURVE('',#1804,#1809);
#1804 = CYLINDRICAL_SURFACE('',#1805,2.);
#1805 = AXIS2_PLACEMENT_3D('',#1806,#1807,#1808);
#1806 = CARTESIAN_POINT('',(0.,-20.5,36.));
#1807 = DIRECTION('',(0.,0.,1.));
#1808 = DIRECTION('',(1.,0.,-0.));
#1809 = DEFINITIONAL_REPRESENTATION('',(#1810),#1814);
#1810 = LINE('',#1811,#1812);
#1811 = CARTESIAN_POINT('',(0.,33.3));
#1812 = VECTOR('',#1813,1.);
#1813 = DIRECTION('',(1.,0.));
#1814 = ( GEOMETRIC_REPRESENTATION_CONTEXT(2) 
PARAMETRIC_REPRESENTATION_CONTEXT() REPRESENTATION_CONTEXT('2D SPACE',''
  ) );
#1815 = ORIENTED_EDGE('',*,*,#1722,.T.);
#1816 = ADVANCED_FACE('',(#1817),#1804,.F.);
#1817 = FACE_BOUND('',#1818,.F.);
#1818 = EDGE_LOOP('',(#1819,#1853,#1854));
#1819 = ORIENTED_EDGE('',*,*,#1820,.T.);
#1820 = EDGE_CURVE('',#1511,#1625,#1821,.T.);
#1821 = SURFACE_CURVE('',#1822,(#1827,#1840),.PCURVE_S1.);
#1822 = ELLIPSE('',#1823,2.828427124746,2.);
#1823 = AXIS2_PLACEMENT_3D('',#1824,#1825,#1826);
#1824 = CARTESIAN_POINT('',(0.,-20.5,67.3));
#1825 = DIRECTION('',(0.,0.707106781187,0.707106781187));
#1826 = DIRECTION('',(0.,-0.707106781187,0.707106781187));
#1827 = PCURVE('',#1804,#1828);
#1828 = DEFINITIONAL_REPRESENTATION('',(#1829),#1839);
#1829 = B_SPLINE_CURVE_WITH_KNOTS('',8,(#1830,#1831,#1832,#1833,#1834,
    #1835,#1836,#1837,#1838),.UNSPECIFIED.,.F.,.F.,(9,9),(4.712388980385
    ,6.28318530718),.PIECEWISE_BEZIER_KNOTS.);
#1830 = CARTESIAN_POINT('',(3.14159265359,31.3));
#1831 = CARTESIAN_POINT('',(3.337942194439,31.692699081699));
#1832 = CARTESIAN_POINT('',(3.534291735285,32.085398256651));
#1833 = CARTESIAN_POINT('',(3.730641276143,32.455026522206));
#1834 = CARTESIAN_POINT('',(3.926990816963,32.778517501283));
#1835 = CARTESIAN_POINT('',(4.123340357846,33.035636092507));
#1836 = CARTESIAN_POINT('',(4.319689898684,33.211878448059));
#1837 = CARTESIAN_POINT('',(4.516039439535,33.3));
#1838 = CARTESIAN_POINT('',(4.712388980385,33.3));
#1839 = ( GEOMETRIC_REPRESENTATION_CONTEXT(2) 
PARAMETRIC_REPRESENTATION_CONTEXT() REPRESENTATION_CONTEXT('2D SPACE',''
  ) );
#1840 = PCURVE('',#1540,#1841);
#1841 = DEFINITIONAL_REPRESENTATION('',(#1842),#1852);
#1842 = B_SPLINE_CURVE_WITH_KNOTS('',8,(#1843,#1844,#1845,#1846,#1847,
    #1848,#1849,#1850,#1851),.UNSPECIFIED.,.F.,.F.,(9,9),(4.712388980385
    ,6.28318530718),.PIECEWISE_BEZIER_KNOTS.);
#1843 = CARTESIAN_POINT('',(4.712388980385,2.));
#1844 = CARTESIAN_POINT('',(4.908738521234,1.607300918301));
#1845 = CARTESIAN_POINT('',(5.105088062086,1.214601743363));
#1846 = CARTESIAN_POINT('',(5.301437602935,0.844973477575));
#1847 = CARTESIAN_POINT('',(5.497787143762,0.521482498846));
#1848 = CARTESIAN_POINT('',(5.694136684629,0.264363907319));
#1849 = CARTESIAN_POINT('',(5.890486225479,8.812155197251E-02));
#1850 = CARTESIAN_POINT('',(6.08683576633,9.618353468609E-17));
#1851 = CARTESIAN_POINT('',(6.28318530718,0.));
#1852 = ( GEOMETRIC_REPRESENTATION_CONTEXT(2) 
PARAMETRIC_REPRESENTATION_CONTEXT() REPRESENTATION_CONTEXT('2D SPACE',''
  ) );
#1853 = ORIENTED_EDGE('',*,*,#1789,.F.);
#1854 = ORIENTED_EDGE('',*,*,#1855,.T.);
#1855 = EDGE_CURVE('',#1723,#1511,#1856,.T.);
#1856 = SURFACE_CURVE('',#1857,(#1862,#1875),.PCURVE_S1.);
#1857 = ELLIPSE('',#1858,2.828427124746,2.);
#1858 = AXIS2_PLACEMENT_3D('',#1859,#1860,#1861);
#1859 = CARTESIAN_POINT('',(0.,-20.5,67.3));
#1860 = DIRECTION('',(0.,-0.707106781187,0.707106781187));
#1861 = DIRECTION('',(0.,0.707106781187,0.707106781187));
#1862 = PCURVE('',#1804,#1863);
#1863 = DEFINITIONAL_REPRESENTATION('',(#1864),#1874);
#1864 = B_SPLINE_CURVE_WITH_KNOTS('',8,(#1865,#1866,#1867,#1868,#1869,
    #1870,#1871,#1872,#1873),.UNSPECIFIED.,.F.,.F.,(9,9),(0.,
    1.570796326795),.PIECEWISE_BEZIER_KNOTS.);
#1865 = CARTESIAN_POINT('',(1.570796326795,33.3));
#1866 = CARTESIAN_POINT('',(1.767145867644,33.3));
#1867 = CARTESIAN_POINT('',(1.963495408492,33.211878448041));
#1868 = CARTESIAN_POINT('',(2.159844949342,33.035636092507));
#1869 = CARTESIAN_POINT('',(2.356194490194,32.778517501254));
#1870 = CARTESIAN_POINT('',(2.552544031039,32.455026522235));
#1871 = CARTESIAN_POINT('',(2.74889357189,32.085398256648));
#1872 = CARTESIAN_POINT('',(2.94524311274,31.692699081699));
#1873 = CARTESIAN_POINT('',(3.14159265359,31.3));
#1874 = ( GEOMETRIC_REPRESENTATION_CONTEXT(2) 
PARAMETRIC_REPRESENTATION_CONTEXT() REPRESENTATION_CONTEXT('2D SPACE',''
  ) );
#1875 = PCURVE('',#1593,#1876);
#1876 = DEFINITIONAL_REPRESENTATION('',(#1877),#1887);
#1877 = B_SPLINE_CURVE_WITH_KNOTS('',8,(#1878,#1879,#1880,#1881,#1882,
    #1883,#1884,#1885,#1886),.UNSPECIFIED.,.F.,.F.,(9,9),(0.,
    1.570796326795),.PIECEWISE_BEZIER_KNOTS.);
#1878 = CARTESIAN_POINT('',(6.28318530718,4.));
#1879 = CARTESIAN_POINT('',(6.08683576633,4.));
#1880 = CARTESIAN_POINT('',(5.890486225481,3.911878448027));
#1881 = CARTESIAN_POINT('',(5.694136684632,3.73563609269));
#1882 = CARTESIAN_POINT('',(5.497787143785,3.478517501157));
#1883 = CARTESIAN_POINT('',(5.301437602933,3.155026522427));
#1884 = CARTESIAN_POINT('',(5.105088062084,2.785398256635));
#1885 = CARTESIAN_POINT('',(4.908738521234,2.392699081699));
#1886 = CARTESIAN_POINT('',(4.712388980385,2.));
#1887 = ( GEOMETRIC_REPRESENTATION_CONTEXT(2) 
PARAMETRIC_REPRESENTATION_CONTEXT() REPRESENTATION_CONTEXT('2D SPACE',''
  ) );
#1888 = ADVANCED_FACE('',(#1889),#1540,.F.);
#1889 = FACE_BOUND('',#1890,.F.);
#1890 = EDGE_LOOP('',(#1891,#1892,#1893));
#1891 = ORIENTED_EDGE('',*,*,#1696,.T.);
#1892 = ORIENTED_EDGE('',*,*,#1820,.F.);
#1893 = ORIENTED_EDGE('',*,*,#1510,.T.);
#1894 = ADVANCED_FACE('',(#1895),#1593,.F.);
#1895 = FACE_BOUND('',#1896,.F.);
#1896 = EDGE_LOOP('',(#1897,#2090,#2111,#2112,#2113,#2114));
#1897 = ORIENTED_EDGE('',*,*,#1898,.F.);
#1898 = EDGE_CURVE('',#1899,#1899,#1901,.T.);
#1899 = VERTEX_POINT('',#1900);
#1900 = CARTESIAN_POINT('',(-4.898587196589E-16,-15.,69.3));
#1901 = SURFACE_CURVE('',#1902,(#1961,#2023),.PCURVE_S1.);
#1902 = B_SPLINE_CURVE_WITH_KNOTS('',8,(#1903,#1904,#1905,#1906,#1907,
    #1908,#1909,#1910,#1911,#1912,#1913,#1914,#1915,#1916,#1917,#1918,
    #1919,#1920,#1921,#1922,#1923,#1924,#1925,#1926,#1927,#1928,#1929,
    #1930,#1931,#1932,#1933,#1934,#1935,#1936,#1937,#1938,#1939,#1940,
    #1941,#1942,#1943,#1944,#1945,#1946,#1947,#1948,#1949,#1950,#1951,
    #1952,#1953,#1954,#1955,#1956,#1957,#1958,#1959,#1960),
  .UNSPECIFIED.,.T.,.F.,(9,7,7,7,7,7,7,7,9),(0.,0.137113767327,
    0.278965489607,0.448305796458,0.594650689456,0.689292830524,
    0.793397414843,0.898473435067,1.),.UNSPECIFIED.);
#1903 = CARTESIAN_POINT('',(-1.554312234475E-15,-15.,69.3));
#1904 = CARTESIAN_POINT('',(0.232167756086,-15.,69.3));
#1905 = CARTESIAN_POINT('',(0.459057778196,-14.99589310778,
    69.26919924065));
#1906 = CARTESIAN_POINT('',(0.676051193268,-14.98800660007,
    69.210046523317));
#1907 = CARTESIAN_POINT('',(0.87914738307,-14.97710658928,
    69.125694378217));
#1908 = CARTESIAN_POINT('',(1.065045916101,-14.96426524797,
    69.019978704874));
#1909 = CARTESIAN_POINT('',(1.231286450262,-14.95063684445,
    68.897391400317));
#1910 = CARTESIAN_POINT('',(1.376424647206,-14.93723320639,
    68.76304442178));
#1911 = CARTESIAN_POINT('',(1.628297443473,-14.91191525118,
    68.47735081408));
#1912 = CARTESIAN_POINT('',(1.736435810514,-14.89977652058,
    68.322282934694));
#1913 = CARTESIAN_POINT('',(1.825312640823,-14.88899219594,
    68.16006888213));
#1914 = CARTESIAN_POINT('',(1.895604406249,-14.87999766881,
    67.992726411816));
#1915 = CARTESIAN_POINT('',(1.947896857699,-14.87307847036,
    67.821836533809));
#1916 = CARTESIAN_POINT('',(1.982620649783,-14.86840685469,
    67.648689025838));
#1917 = CARTESIAN_POINT('',(2.,-14.86606874731,67.474397205928));
#1918 = CARTESIAN_POINT('',(2.,-14.86606874731,67.091807417697));
#1919 = CARTESIAN_POINT('',(1.975232912033,-14.86940068892,
    66.88322371895));
#1920 = CARTESIAN_POINT('',(1.925529847554,-14.87608781851,
    66.676006682205));
#1921 = CARTESIAN_POINT('',(1.850196979806,-14.8859868957,
    66.472279004035));
#1922 = CARTESIAN_POINT('',(1.748284803266,-14.89874877975,
    66.274739558897));
#1923 = CARTESIAN_POINT('',(1.618819399417,-14.91371608907,
    66.086844770402));
#1924 = CARTESIAN_POINT('',(1.461060105068,-14.92984362323,
    65.913021581933));
#1925 = CARTESIAN_POINT('',(1.113922361148,-14.95945394894,65.625844265)
  );
#1926 = CARTESIAN_POINT('',(0.925460005457,-14.97353487962,
    65.502283588895));
#1927 = CARTESIAN_POINT('',(0.71225308,-14.98654406909,65.398804754757)
  );
#1928 = CARTESIAN_POINT('',(0.47946732337,-14.99677247853,
    65.323253709101));
#1929 = CARTESIAN_POINT('',(0.234132499654,-15.0026620498,
    65.280821243914));
#1930 = CARTESIAN_POINT('',(-1.578318845747E-02,-15.00350517008,
    65.273988969256));
#1931 = CARTESIAN_POINT('',(-0.262111210524,-14.99955699132,
    65.302426977591));
#1932 = CARTESIAN_POINT('',(-0.649529399428,-14.98670365852,
    65.401899061714));
#1933 = CARTESIAN_POINT('',(-0.798170563502,-14.98000558838,
    65.454621895797));
#1934 = CARTESIAN_POINT('',(-0.941864338398,-14.97184495652,
    65.520629528538));
#1935 = CARTESIAN_POINT('',(-1.079237708737,-14.96249618597,
    65.599376800026));
#1936 = CARTESIAN_POINT('',(-1.208990559265,-14.95230382794,
    65.690149935859));
#1937 = CARTESIAN_POINT('',(-1.329911998269,-14.94165942368,
    65.792074465363));
#1938 = CARTESIAN_POINT('',(-1.440906017066,-14.93097186676,
    65.904127164078));
#1939 = CARTESIAN_POINT('',(-1.651157127524,-14.90925679827,
    66.158277098065));
#1940 = CARTESIAN_POINT('',(-1.748163376575,-14.89829917745,
    66.302297977061));
#1941 = CARTESIAN_POINT('',(-1.830761507998,-14.88827853793,
    66.455678587801));
#1942 = CARTESIAN_POINT('',(-1.897910539943,-14.87969173402,
    66.616719673094));
#1943 = CARTESIAN_POINT('',(-1.948816325663,-14.8729550788,
    66.783600129143));
#1944 = CARTESIAN_POINT('',(-1.982938459983,-14.86836387637,
    66.954414519879));
#1945 = CARTESIAN_POINT('',(-2.,-14.86606874731,67.127206764756));
#1946 = CARTESIAN_POINT('',(-2.,-14.86606874731,67.474405628725));
#1947 = CARTESIAN_POINT('',(-1.982619001319,-14.86840707432,
    67.648697157722));
#1948 = CARTESIAN_POINT('',(-1.947894820376,-14.87307874824,
    67.821840733596));
#1949 = CARTESIAN_POINT('',(-1.895603528337,-14.87999776374,
    67.992726682541));
#1950 = CARTESIAN_POINT('',(-1.825313283737,-14.88899209416,
    68.16006727668));
#1951 = CARTESIAN_POINT('',(-1.736436857022,-14.89977641664,
    68.322281730165));
#1952 = CARTESIAN_POINT('',(-1.628297415764,-14.91191525396,
    68.47735084551));
#1953 = CARTESIAN_POINT('',(-1.376473230153,-14.93722832289,
    68.762989315243));
#1954 = CARTESIAN_POINT('',(-1.231339045632,-14.95063248658,
    68.897355541442));
#1955 = CARTESIAN_POINT('',(-1.065061672404,-14.96426524072,
    69.019985867467));
#1956 = CARTESIAN_POINT('',(-0.879102032474,-14.97711134187,
    69.125734890759));
#1957 = CARTESIAN_POINT('',(-0.675945730436,-14.98801294359,
    69.210094028621));
#1958 = CARTESIAN_POINT('',(-0.458922691696,-14.99589686144,
    69.269227409241));
#1959 = CARTESIAN_POINT('',(-0.232061582174,-15.,69.3));
#1960 = CARTESIAN_POINT('',(-1.554312234475E-15,-15.,69.3));
#1961 = PCURVE('',#1593,#1962);
#1962 = DEFINITIONAL_REPRESENTATION('',(#1963),#2022);
#1963 = B_SPLINE_CURVE_WITH_KNOTS('',8,(#1964,#1965,#1966,#1967,#1968,
    #1969,#1970,#1971,#1972,#1973,#1974,#1975,#1976,#1977,#1978,#1979,
    #1980,#1981,#1982,#1983,#1984,#1985,#1986,#1987,#1988,#1989,#1990,
    #1991,#1992,#1993,#1994,#1995,#1996,#1997,#1998,#1999,#2000,#2001,
    #2002,#2003,#2004,#2005,#2006,#2007,#2008,#2009,#2010,#2011,#2012,
    #2013,#2014,#2015,#2016,#2017,#2018,#2019,#2020,#2021),
  .UNSPECIFIED.,.F.,.F.,(9,7,7,7,7,7,7,7,9),(0.,0.137113767327,
    0.278965489607,0.448305796458,0.594650689456,0.689292830524,
    0.793397414843,0.898473435067,1.),.UNSPECIFIED.);
#1964 = CARTESIAN_POINT('',(0.,7.5));
#1965 = CARTESIAN_POINT('',(0.116083878043,7.5));
#1966 = CARTESIAN_POINT('',(0.229528818889,7.504106892215));
#1967 = CARTESIAN_POINT('',(0.340409373377,7.511993399926));
#1968 = CARTESIAN_POINT('',(0.448653487291,7.522893410713));
#1969 = CARTESIAN_POINT('',(0.554056974594,7.535734752023));
#1970 = CARTESIAN_POINT('',(0.656251647352,7.549363155543));
#1971 = CARTESIAN_POINT('',(0.754630083861,7.562766793607));
#1972 = CARTESIAN_POINT('',(0.945064287052,7.588084748818));
#1973 = CARTESIAN_POINT('',(1.038980038457,7.600223479415));
#1974 = CARTESIAN_POINT('',(1.13059010779,7.611007804057));
#1975 = CARTESIAN_POINT('',(1.220397113195,7.620002331181));
#1976 = CARTESIAN_POINT('',(1.308867447704,7.626921529631));
#1977 = CARTESIAN_POINT('',(1.39645192325,7.631593145307));
#1978 = CARTESIAN_POINT('',(1.483597723831,7.633931252681));
#1979 = CARTESIAN_POINT('',(1.674892617947,7.633931252681));
#1980 = CARTESIAN_POINT('',(1.779184117115,7.630599311076));
#1981 = CARTESIAN_POINT('',(1.884512614056,7.62391218149));
#1982 = CARTESIAN_POINT('',(1.991559362621,7.614013104297));
#1983 = CARTESIAN_POINT('',(2.100979393212,7.601251220248));
#1984 = CARTESIAN_POINT('',(2.213428245703,7.586283910921));
#1985 = CARTESIAN_POINT('',(2.329605848547,7.570156376765));
#1986 = CARTESIAN_POINT('',(2.554869818488,7.540546051055));
#1987 = CARTESIAN_POINT('',(2.66685666083,7.52646512038));
#1988 = CARTESIAN_POINT('',(2.783709922775,7.51345593091));
#1989 = CARTESIAN_POINT('',(2.903737459592,7.503227521465));
#1990 = CARTESIAN_POINT('',(3.025728395755,7.497337950197));
#1991 = CARTESIAN_POINT('',(3.148639249479,7.496494829917));
#1992 = CARTESIAN_POINT('',(3.271470213532,7.500443008677));
#1993 = CARTESIAN_POINT('',(3.471462431264,7.513296341473));
#1994 = CARTESIAN_POINT('',(3.550003874584,7.519994411617));
#1995 = CARTESIAN_POINT('',(3.628539742948,7.528155043477));
#1996 = CARTESIAN_POINT('',(3.707074952721,7.537503814029));
#1997 = CARTESIAN_POINT('',(3.785614704841,7.547696172055));
#1998 = CARTESIAN_POINT('',(3.864159345912,7.558340576312));
#1999 = CARTESIAN_POINT('',(3.942703375066,7.569028133232));
#2000 = CARTESIAN_POINT('',(4.107625870798,7.590743201721));
#2001 = CARTESIAN_POINT('',(4.194027725465,7.601700822544));
#2002 = CARTESIAN_POINT('',(4.280426532152,7.611721462063));
#2003 = CARTESIAN_POINT('',(4.366818093775,7.620308265974));
#2004 = CARTESIAN_POINT('',(4.453206047644,7.627044921194));
#2005 = CARTESIAN_POINT('',(4.539596424386,7.631636123621));
#2006 = CARTESIAN_POINT('',(4.625992362763,7.633931252681));
#2007 = CARTESIAN_POINT('',(4.799591794747,7.633931252681));
#2008 = CARTESIAN_POINT('',(4.886737439358,7.631592925672));
#2009 = CARTESIAN_POINT('',(4.974320112176,7.626921251757));
#2010 = CARTESIAN_POINT('',(5.062788510012,7.62000223626));
#2011 = CARTESIAN_POINT('',(5.152594368776,7.611007905831));
#2012 = CARTESIAN_POINT('',(5.244204476641,7.600223583359));
#2013 = CARTESIAN_POINT('',(5.338121041078,7.588084746033));
#2014 = CARTESIAN_POINT('',(5.528518491067,7.562771677107));
#2015 = CARTESIAN_POINT('',(5.626902830009,7.549367513415));
#2016 = CARTESIAN_POINT('',(5.729124302907,7.535734759273));
#2017 = CARTESIAN_POINT('',(5.834560547516,7.522888658126));
#2018 = CARTESIAN_POINT('',(5.942831898183,7.511987056407));
#2019 = CARTESIAN_POINT('',(6.053724041216,7.504103138558));
#2020 = CARTESIAN_POINT('',(6.167154516093,7.5));
#2021 = CARTESIAN_POINT('',(6.28318530718,7.5));
#2022 = ( GEOMETRIC_REPRESENTATION_CONTEXT(2) 
PARAMETRIC_REPRESENTATION_CONTEXT() REPRESENTATION_CONTEXT('2D SPACE',''
  ) );
#2023 = PCURVE('',#2024,#2029);
#2024 = CYLINDRICAL_SURFACE('',#2025,15.);
#2025 = AXIS2_PLACEMENT_3D('',#2026,#2027,#2028);
#2026 = CARTESIAN_POINT('',(0.,0.,24.9));
#2027 = DIRECTION('',(0.,0.,1.));
#2028 = DIRECTION('',(1.,0.,-0.));
#2029 = DEFINITIONAL_REPRESENTATION('',(#2030),#2089);
#2030 = B_SPLINE_CURVE_WITH_KNOTS('',8,(#2031,#2032,#2033,#2034,#2035,
    #2036,#2037,#2038,#2039,#2040,#2041,#2042,#2043,#2044,#2045,#2046,
    #2047,#2048,#2049,#2050,#2051,#2052,#2053,#2054,#2055,#2056,#2057,
    #2058,#2059,#2060,#2061,#2062,#2063,#2064,#2065,#2066,#2067,#2068,
    #2069,#2070,#2071,#2072,#2073,#2074,#2075,#2076,#2077,#2078,#2079,
    #2080,#2081,#2082,#2083,#2084,#2085,#2086,#2087,#2088),
  .UNSPECIFIED.,.T.,.F.,(9,7,7,7,7,7,7,7,9),(0.,0.137113767327,
    0.278965489607,0.448305796458,0.594650689456,0.689292830524,
    0.793397414843,0.898473435067,1.),.UNSPECIFIED.);
#2031 = CARTESIAN_POINT('',(4.712388980385,44.4));
#2032 = CARTESIAN_POINT('',(4.72786683079,44.4));
#2033 = CARTESIAN_POINT('',(4.74299283984,44.36919924065));
#2034 = CARTESIAN_POINT('',(4.757464684941,44.310046523317));
#2035 = CARTESIAN_POINT('',(4.77102036553,44.225694378217));
#2036 = CARTESIAN_POINT('',(4.783440902448,44.119978704874));
#2037 = CARTESIAN_POINT('',(4.794559800124,43.997391400317));
#2038 = CARTESIAN_POINT('',(4.804276528976,43.86304442178));
#2039 = CARTESIAN_POINT('',(4.821152666548,43.57735081408));
#2040 = CARTESIAN_POINT('',(4.828406680666,43.422282934694));
#2041 = CARTESIAN_POINT('',(4.834374962163,43.26006888213));
#2042 = CARTESIAN_POINT('',(4.839099194197,43.092726411816));
#2043 = CARTESIAN_POINT('',(4.842615731724,42.921836533809));
#2044 = CARTESIAN_POINT('',(4.844951508597,42.748689025838));
#2045 = CARTESIAN_POINT('',(4.846120569795,42.574397205928));
#2046 = CARTESIAN_POINT('',(4.846120569795,42.191807417697));
#2047 = CARTESIAN_POINT('',(4.844454553355,41.98322371895));
#2048 = CARTESIAN_POINT('',(4.841111169947,41.776006682205));
#2049 = CARTESIAN_POINT('',(4.836045816311,41.572279004035));
#2050 = CARTESIAN_POINT('',(4.829198893155,41.374739558897));
#2051 = CARTESIAN_POINT('',(4.820511326399,41.186844770402));
#2052 = CARTESIAN_POINT('',(4.809940718725,41.013021581933));
#2053 = CARTESIAN_POINT('',(4.786714164511,40.725844265));
#2054 = CARTESIAN_POINT('',(4.774115687898,40.602283588895));
#2055 = CARTESIAN_POINT('',(4.759877690016,40.498804754757));
#2056 = CARTESIAN_POINT('',(4.744348461375,40.423253709101));
#2057 = CARTESIAN_POINT('',(4.727994948601,40.380821243914));
#2058 = CARTESIAN_POINT('',(4.711339011116,40.373988969256));
#2059 = CARTESIAN_POINT('',(4.694917450053,40.402426977591));
#2060 = CARTESIAN_POINT('',(4.669075360246,40.501899061714));
#2061 = CARTESIAN_POINT('',(4.659156591301,40.554621895797));
#2062 = CARTESIAN_POINT('',(4.649562643628,40.620629528538));
#2063 = CARTESIAN_POINT('',(4.640384310515,40.699376800026));
#2064 = CARTESIAN_POINT('',(4.631708286947,40.790149935859));
#2065 = CARTESIAN_POINT('',(4.623616148719,40.892074465363));
#2066 = CARTESIAN_POINT('',(4.616182501229,41.004127164078));
#2067 = CARTESIAN_POINT('',(4.602091199949,41.258277098065));
#2068 = CARTESIAN_POINT('',(4.595583294853,41.402297977061));
#2069 = CARTESIAN_POINT('',(4.590036623707,41.5556785878));
#2070 = CARTESIAN_POINT('',(4.585523682113,41.716719673094));
#2071 = CARTESIAN_POINT('',(4.582100390578,41.883600129143));
#2072 = CARTESIAN_POINT('',(4.57980506552,42.054414519879));
#2073 = CARTESIAN_POINT('',(4.578657390975,42.227206764756));
#2074 = CARTESIAN_POINT('',(4.578657390975,42.574405628725));
#2075 = CARTESIAN_POINT('',(4.579826563028,42.748697157722));
#2076 = CARTESIAN_POINT('',(4.582162366135,42.921840733596));
#2077 = CARTESIAN_POINT('',(4.585678825437,43.092726682541));
#2078 = CARTESIAN_POINT('',(4.590402955218,43.26006727668));
#2079 = CARTESIAN_POINT('',(4.596371210019,43.422281730165));
#2080 = CARTESIAN_POINT('',(4.603625296078,43.57735084551));
#2081 = CARTESIAN_POINT('',(4.620498176609,43.862989315243));
#2082 = CARTESIAN_POINT('',(4.630214642611,43.997355541442));
#2083 = CARTESIAN_POINT('',(4.641336012701,44.119985867467));
#2084 = CARTESIAN_POINT('',(4.653760631968,44.225734890759));
#2085 = CARTESIAN_POINT('',(4.667320315005,44.310094028621));
#2086 = CARTESIAN_POINT('',(4.681794126563,44.369227409241));
#2087 = CARTESIAN_POINT('',(4.69691820824,44.4));
#2088 = CARTESIAN_POINT('',(4.712388980385,44.4));
#2089 = ( GEOMETRIC_REPRESENTATION_CONTEXT(2) 
PARAMETRIC_REPRESENTATION_CONTEXT() REPRESENTATION_CONTEXT('2D SPACE',''
  ) );
#2090 = ORIENTED_EDGE('',*,*,#2091,.F.);
#2091 = EDGE_CURVE('',#1723,#1899,#2092,.T.);
#2092 = SEAM_CURVE('',#2093,(#2097,#2104),.PCURVE_S1.);
#2093 = LINE('',#2094,#2095);
#2094 = CARTESIAN_POINT('',(-4.898587196589E-16,-22.5,69.3));
#2095 = VECTOR('',#2096,1.);
#2096 = DIRECTION('',(0.,1.,0.));
#2097 = PCURVE('',#1593,#2098);
#2098 = DEFINITIONAL_REPRESENTATION('',(#2099),#2103);
#2099 = LINE('',#2100,#2101);
#2100 = CARTESIAN_POINT('',(6.28318530718,-0.));
#2101 = VECTOR('',#2102,1.);
#2102 = DIRECTION('',(0.,1.));
#2103 = ( GEOMETRIC_REPRESENTATION_CONTEXT(2) 
PARAMETRIC_REPRESENTATION_CONTEXT() REPRESENTATION_CONTEXT('2D SPACE',''
  ) );
#2104 = PCURVE('',#1593,#2105);
#2105 = DEFINITIONAL_REPRESENTATION('',(#2106),#2110);
#2106 = LINE('',#2107,#2108);
#2107 = CARTESIAN_POINT('',(0.,-0.));
#2108 = VECTOR('',#2109,1.);
#2109 = DIRECTION('',(0.,1.));
#2110 = ( GEOMETRIC_REPRESENTATION_CONTEXT(2) 
PARAMETRIC_REPRESENTATION_CONTEXT() REPRESENTATION_CONTEXT('2D SPACE',''
  ) );
#2111 = ORIENTED_EDGE('',*,*,#1752,.F.);
#2112 = ORIENTED_EDGE('',*,*,#1565,.T.);
#2113 = ORIENTED_EDGE('',*,*,#1855,.F.);
#2114 = ORIENTED_EDGE('',*,*,#2091,.T.);
#2115 = ADVANCED_FACE('',(#2116,#2188,#2383),#2024,.F.);
#2116 = FACE_BOUND('',#2117,.F.);
#2117 = EDGE_LOOP('',(#2118,#2142,#2165,#2187));
#2118 = ORIENTED_EDGE('',*,*,#2119,.T.);
#2119 = EDGE_CURVE('',#2120,#2120,#2122,.T.);
#2120 = VERTEX_POINT('',#2121);
#2121 = CARTESIAN_POINT('',(15.,-3.673940397442E-15,25.9));
#2122 = SURFACE_CURVE('',#2123,(#2128,#2135),.PCURVE_S1.);
#2123 = CIRCLE('',#2124,15.);
#2124 = AXIS2_PLACEMENT_3D('',#2125,#2126,#2127);
#2125 = CARTESIAN_POINT('',(0.,0.,25.9));
#2126 = DIRECTION('',(0.,0.,1.));
#2127 = DIRECTION('',(1.,0.,-0.));
#2128 = PCURVE('',#2024,#2129);
#2129 = DEFINITIONAL_REPRESENTATION('',(#2130),#2134);
#2130 = LINE('',#2131,#2132);
#2131 = CARTESIAN_POINT('',(0.,1.));
#2132 = VECTOR('',#2133,1.);
#2133 = DIRECTION('',(1.,0.));
#2134 = ( GEOMETRIC_REPRESENTATION_CONTEXT(2) 
PARAMETRIC_REPRESENTATION_CONTEXT() REPRESENTATION_CONTEXT('2D SPACE',''
  ) );
#2135 = PCURVE('',#93,#2136);
#2136 = DEFINITIONAL_REPRESENTATION('',(#2137),#2141);
#2137 = CIRCLE('',#2138,15.);
#2138 = AXIS2_PLACEMENT_2D('',#2139,#2140);
#2139 = CARTESIAN_POINT('',(0.,0.));
#2140 = DIRECTION('',(1.,0.));
#2141 = ( GEOMETRIC_REPRESENTATION_CONTEXT(2) 
PARAMETRIC_REPRESENTATION_CONTEXT() REPRESENTATION_CONTEXT('2D SPACE',''
  ) );
#2142 = ORIENTED_EDGE('',*,*,#2143,.T.);
#2143 = EDGE_CURVE('',#2120,#2144,#2146,.T.);
#2144 = VERTEX_POINT('',#2145);
#2145 = CARTESIAN_POINT('',(15.,-3.673940397442E-15,81.));
#2146 = SEAM_CURVE('',#2147,(#2151,#2158),.PCURVE_S1.);
#2147 = LINE('',#2148,#2149);
#2148 = CARTESIAN_POINT('',(15.,-3.673940397442E-15,24.9));
#2149 = VECTOR('',#2150,1.);
#2150 = DIRECTION('',(0.,0.,1.));
#2151 = PCURVE('',#2024,#2152);
#2152 = DEFINITIONAL_REPRESENTATION('',(#2153),#2157);
#2153 = LINE('',#2154,#2155);
#2154 = CARTESIAN_POINT('',(0.,-0.));
#2155 = VECTOR('',#2156,1.);
#2156 = DIRECTION('',(0.,1.));
#2157 = ( GEOMETRIC_REPRESENTATION_CONTEXT(2) 
PARAMETRIC_REPRESENTATION_CONTEXT() REPRESENTATION_CONTEXT('2D SPACE',''
  ) );
#2158 = PCURVE('',#2024,#2159);
#2159 = DEFINITIONAL_REPRESENTATION('',(#2160),#2164);
#2160 = LINE('',#2161,#2162);
#2161 = CARTESIAN_POINT('',(6.28318530718,-0.));
#2162 = VECTOR('',#2163,1.);
#2163 = DIRECTION('',(0.,1.));
#2164 = ( GEOMETRIC_REPRESENTATION_CONTEXT(2) 
PARAMETRIC_REPRESENTATION_CONTEXT() REPRESENTATION_CONTEXT('2D SPACE',''
  ) );
#2165 = ORIENTED_EDGE('',*,*,#2166,.F.);
#2166 = EDGE_CURVE('',#2144,#2144,#2167,.T.);
#2167 = SURFACE_CURVE('',#2168,(#2173,#2180),.PCURVE_S1.);
#2168 = CIRCLE('',#2169,15.);
#2169 = AXIS2_PLACEMENT_3D('',#2170,#2171,#2172);
#2170 = CARTESIAN_POINT('',(0.,0.,81.));
#2171 = DIRECTION('',(0.,0.,1.));
#2172 = DIRECTION('',(1.,0.,-0.));
#2173 = PCURVE('',#2024,#2174);
#2174 = DEFINITIONAL_REPRESENTATION('',(#2175),#2179);
#2175 = LINE('',#2176,#2177);
#2176 = CARTESIAN_POINT('',(0.,56.1));
#2177 = VECTOR('',#2178,1.);
#2178 = DIRECTION('',(1.,0.));
#2179 = ( GEOMETRIC_REPRESENTATION_CONTEXT(2) 
PARAMETRIC_REPRESENTATION_CONTEXT() REPRESENTATION_CONTEXT('2D SPACE',''
  ) );
#2180 = PCURVE('',#43,#2181);
#2181 = DEFINITIONAL_REPRESENTATION('',(#2182),#2186);
#2182 = CIRCLE('',#2183,15.);
#2183 = AXIS2_PLACEMENT_2D('',#2184,#2185);
#2184 = CARTESIAN_POINT('',(0.,0.));
#2185 = DIRECTION('',(1.,0.));
#2186 = ( GEOMETRIC_REPRESENTATION_CONTEXT(2) 
PARAMETRIC_REPRESENTATION_CONTEXT() REPRESENTATION_CONTEXT('2D SPACE',''
  ) );
#2187 = ORIENTED_EDGE('',*,*,#2143,.F.);
#2188 = FACE_BOUND('',#2189,.F.);
#2189 = EDGE_LOOP('',(#2190));
#2190 = ORIENTED_EDGE('',*,*,#2191,.F.);
#2191 = EDGE_CURVE('',#2192,#2192,#2194,.T.);
#2192 = VERTEX_POINT('',#2193);
#2193 = CARTESIAN_POINT('',(-6.123233995737E-16,15.,40.5));
#2194 = SURFACE_CURVE('',#2195,(#2254,#2316),.PCURVE_S1.);
#2195 = B_SPLINE_CURVE_WITH_KNOTS('',8,(#2196,#2197,#2198,#2199,#2200,
    #2201,#2202,#2203,#2204,#2205,#2206,#2207,#2208,#2209,#2210,#2211,
    #2212,#2213,#2214,#2215,#2216,#2217,#2218,#2219,#2220,#2221,#2222,
    #2223,#2224,#2225,#2226,#2227,#2228,#2229,#2230,#2231,#2232,#2233,
    #2234,#2235,#2236,#2237,#2238,#2239,#2240,#2241,#2242,#2243,#2244,
    #2245,#2246,#2247,#2248,#2249,#2250,#2251,#2252,#2253),
  .UNSPECIFIED.,.T.,.F.,(9,7,7,7,7,7,7,7,9),(0.,0.131667743763,
    0.280908023495,0.452789210554,0.598573850453,0.692547557775,
    0.795912689532,0.904360444466,1.),.UNSPECIFIED.);
#2196 = CARTESIAN_POINT('',(0.,15.,40.5));
#2197 = CARTESIAN_POINT('',(0.279950304192,15.,40.5));
#2198 = CARTESIAN_POINT('',(0.553473621087,14.994028650782,
    40.464173109985));
#2199 = CARTESIAN_POINT('',(0.815356346502,14.982566596453,
    40.395395782642));
#2200 = CARTESIAN_POINT('',(1.061073929531,14.966685299553,
    40.297321445393));
#2201 = CARTESIAN_POINT('',(1.28687957278,14.947870448192,
    40.174366009196));
#2202 = CARTESIAN_POINT('',(1.489955495706,14.927731893313,
    40.031689830108));
#2203 = CARTESIAN_POINT('',(1.668599749072,14.907709097109,
    39.875171365252));
#2204 = CARTESIAN_POINT('',(1.996772633684,14.867540239545,
    39.525702738213));
#2205 = CARTESIAN_POINT('',(2.143604245464,14.847199464835,
    39.326023930404));
#2206 = CARTESIAN_POINT('',(2.263997753358,14.829021519928,
    39.116304960147));
#2207 = CARTESIAN_POINT('',(2.359036585585,14.813811918272,
    38.899482151675));
#2208 = CARTESIAN_POINT('',(2.429653535162,14.802090289539,
    38.677787476621));
#2209 = CARTESIAN_POINT('',(2.476526849789,14.794167110097,
    38.452994016655));
#2210 = CARTESIAN_POINT('',(2.5,14.790199457749,38.226602816878));
#2211 = CARTESIAN_POINT('',(2.5,14.790199457749,37.739019779207));
#2212 = CARTESIAN_POINT('',(2.46886334733,14.795462204949,
    37.478477295684));
#2213 = CARTESIAN_POINT('',(2.406775145274,14.805958200459,
    37.220374257839));
#2214 = CARTESIAN_POINT('',(2.313076343109,14.821416962344,
    36.966898647243));
#2215 = CARTESIAN_POINT('',(2.186541767421,14.841306330767,
    36.720894997936));
#2216 = CARTESIAN_POINT('',(2.025547741426,14.86468556201,
    36.486169896761));
#2217 = CARTESIAN_POINT('',(1.82833342078,14.890028363421,
    36.267938378933));
#2218 = CARTESIAN_POINT('',(1.394431943385,14.936387252728,
    35.908983859368));
#2219 = CARTESIAN_POINT('',(1.160135662055,14.95834700735,
    35.754781366096));
#2220 = CARTESIAN_POINT('',(0.894170871901,14.978734838456,
    35.624956277392));
#2221 = CARTESIAN_POINT('',(0.603045929148,14.994831080281,
    35.529804885092));
#2222 = CARTESIAN_POINT('',(0.295708021666,15.004140395394,
    35.476135762469));
#2223 = CARTESIAN_POINT('',(-1.767892076405E-02,15.005518241558,
    35.467244969853));
#2224 = CARTESIAN_POINT('',(-0.326677418457,14.999349472034,
    35.502786826434));
#2225 = CARTESIAN_POINT('',(-0.811914086176,14.979219931677,
    35.627374427154));
#2226 = CARTESIAN_POINT('',(-0.99771242009,14.968749355217,
    35.693276982539));
#2227 = CARTESIAN_POINT('',(-1.177330105833,14.955989025149,
    35.775787327993));
#2228 = CARTESIAN_POINT('',(-1.349047747241,14.941365430913,
    35.874221513532));
#2229 = CARTESIAN_POINT('',(-1.511237611138,14.925415007979,
    35.987686454163));
#2230 = CARTESIAN_POINT('',(-1.66238845138,14.908748610798,
    36.115091671013));
#2231 = CARTESIAN_POINT('',(-1.801133711645,14.892005988097,
    36.255160393938));
#2232 = CARTESIAN_POINT('',(-2.063939522789,14.857974985694,
    36.572838048092));
#2233 = CARTESIAN_POINT('',(-2.185203844898,14.840792544862,
    36.752868650379));
#2234 = CARTESIAN_POINT('',(-2.288455689039,14.825070617364,
    36.944602768892));
#2235 = CARTESIAN_POINT('',(-2.37239091836,14.811592280777,
    37.145907990257));
#2236 = CARTESIAN_POINT('',(-2.436020020901,14.801014633897,
    37.354504721571));
#2237 = CARTESIAN_POINT('',(-2.478671460346,14.793804249618,
    37.568014506071));
#2238 = CARTESIAN_POINT('',(-2.5,14.790199457749,37.784000484183));
#2239 = CARTESIAN_POINT('',(-2.5,14.790199457749,38.226620545621));
#2240 = CARTESIAN_POINT('',(-2.476523241187,14.794167714899,
    38.453012696869));
#2241 = CARTESIAN_POINT('',(-2.429648522744,14.802091146237,
    38.677798668736));
#2242 = CARTESIAN_POINT('',(-2.359033723909,14.813812331509,
    38.899484253828));
#2243 = CARTESIAN_POINT('',(-2.263998781481,14.829021278961,
    39.116301085798));
#2244 = CARTESIAN_POINT('',(-2.143607729338,14.847198973982,
    39.326018961268));
#2245 = CARTESIAN_POINT('',(-1.996775047542,14.867539944085,
    39.525700167714));
#2246 = CARTESIAN_POINT('',(-1.66866007071,14.907701713649,
    39.875107129232));
#2247 = CARTESIAN_POINT('',(-1.490018913397,14.927725574532,
    40.031648779238));
#2248 = CARTESIAN_POINT('',(-1.286896625339,14.947870700475,
    40.174375410226));
#2249 = CARTESIAN_POINT('',(-1.061016596067,14.966692425879,
    40.297369411762));
#2250 = CARTESIAN_POINT('',(-0.81522718366,14.982575873472,
    40.395451359097));
#2251 = CARTESIAN_POINT('',(-0.553310009391,14.994034102787,
    40.464205846754));
#2252 = CARTESIAN_POINT('',(-0.279822407707,15.,40.5));
#2253 = CARTESIAN_POINT('',(0.,15.,40.5));
#2254 = PCURVE('',#2024,#2255);
#2255 = DEFINITIONAL_REPRESENTATION('',(#2256),#2315);
#2256 = B_SPLINE_CURVE_WITH_KNOTS('',8,(#2257,#2258,#2259,#2260,#2261,
    #2262,#2263,#2264,#2265,#2266,#2267,#2268,#2269,#2270,#2271,#2272,
    #2273,#2274,#2275,#2276,#2277,#2278,#2279,#2280,#2281,#2282,#2283,
    #2284,#2285,#2286,#2287,#2288,#2289,#2290,#2291,#2292,#2293,#2294,
    #2295,#2296,#2297,#2298,#2299,#2300,#2301,#2302,#2303,#2304,#2305,
    #2306,#2307,#2308,#2309,#2310,#2311,#2312,#2313,#2314),
  .UNSPECIFIED.,.T.,.F.,(9,7,7,7,7,7,7,7,9),(0.,0.131667743763,
    0.280908023495,0.452789210554,0.598573850453,0.692547557775,
    0.795912689532,0.904360444466,1.),.UNSPECIFIED.);
#2257 = CARTESIAN_POINT('',(1.570796326795,15.6));
#2258 = CARTESIAN_POINT('',(1.552132973182,15.6));
#2259 = CARTESIAN_POINT('',(1.533898074056,15.564173109985));
#2260 = CARTESIAN_POINT('',(1.516429368407,15.495395782642));
#2261 = CARTESIAN_POINT('',(1.500020295749,15.397321445393));
#2262 = CARTESIAN_POINT('',(1.484918474088,15.274366009196));
#2263 = CARTESIAN_POINT('',(1.471315536593,15.131689830108));
#2264 = CARTESIAN_POINT('',(1.459331977218,14.975171365252));
#2265 = CARTESIAN_POINT('',(1.437290503249,14.625702738213));
#2266 = CARTESIAN_POINT('',(1.427409489807,14.426023930404));
#2267 = CARTESIAN_POINT('',(1.419293034187,14.216304960147));
#2268 = CARTESIAN_POINT('',(1.412876722946,13.999482151675));
#2269 = CARTESIAN_POINT('',(1.408104540912,13.777787476621));
#2270 = CARTESIAN_POINT('',(1.404935321005,13.552994016655));
#2271 = CARTESIAN_POINT('',(1.403348247575,13.326602816878));
#2272 = CARTESIAN_POINT('',(1.403348247575,12.839019779207));
#2273 = CARTESIAN_POINT('',(1.405453466176,12.578477295684));
#2274 = CARTESIAN_POINT('',(1.409651409582,12.320374257839));
#2275 = CARTESIAN_POINT('',(1.415982380406,12.066898647243));
#2276 = CARTESIAN_POINT('',(1.424521057724,11.820894997936));
#2277 = CARTESIAN_POINT('',(1.435364786471,11.586169896761));
#2278 = CARTESIAN_POINT('',(1.448617491844,11.367938378933));
#2279 = CARTESIAN_POINT('',(1.477708891009,11.008983859368));
#2280 = CARTESIAN_POINT('',(1.49339577074,10.854781366096));
#2281 = CARTESIAN_POINT('',(1.511174473789,10.724956277392));
#2282 = CARTESIAN_POINT('',(1.530603079603,10.629804885092));
#2283 = CARTESIAN_POINT('',(1.551088161697,10.576135762469));
#2284 = CARTESIAN_POINT('',(1.571970546595,10.567244969853));
#2285 = CARTESIAN_POINT('',(1.592569780509,10.602786826434));
#2286 = CARTESIAN_POINT('',(1.624946714829,10.727374427154));
#2287 = CARTESIAN_POINT('',(1.63735155989,10.793276982539));
#2288 = CARTESIAN_POINT('',(1.649354150995,10.875787327993));
#2289 = CARTESIAN_POINT('',(1.660841325056,10.974221513532));
#2290 = CARTESIAN_POINT('',(1.671704547,11.087686454163));
#2291 = CARTESIAN_POINT('',(1.681841426369,11.215091671013));
#2292 = CARTESIAN_POINT('',(1.69115786189,11.355160393938));
#2293 = CARTESIAN_POINT('',(1.708824528997,11.672838048092));
#2294 = CARTESIAN_POINT('',(1.716988966485,11.852868650379));
#2295 = CARTESIAN_POINT('',(1.723951277774,12.044602768892));
#2296 = CARTESIAN_POINT('',(1.729618419217,12.245907990257));
#2297 = CARTESIAN_POINT('',(1.733918543408,12.454504721571));
#2298 = CARTESIAN_POINT('',(1.736802351411,12.668014506071));
#2299 = CARTESIAN_POINT('',(1.738244406015,12.884000484183));
#2300 = CARTESIAN_POINT('',(1.738244406015,13.326620545621));
#2301 = CARTESIAN_POINT('',(1.736657088706,13.553012696869));
#2302 = CARTESIAN_POINT('',(1.73348777362,13.777798668736));
#2303 = CARTESIAN_POINT('',(1.728715737912,13.999484253828));
#2304 = CARTESIAN_POINT('',(1.722299689668,14.216301085798));
#2305 = CARTESIAN_POINT('',(1.714183398225,14.426018961268));
#2306 = CARTESIAN_POINT('',(1.704302312466,14.625700167714));
#2307 = CARTESIAN_POINT('',(1.682264727827,14.975107129232));
#2308 = CARTESIAN_POINT('',(1.670281364994,15.131648779238));
#2309 = CARTESIAN_POINT('',(1.656675306954,15.274375410226));
#2310 = CARTESIAN_POINT('',(1.641568511755,15.397369411762));
#2311 = CARTESIAN_POINT('',(1.625154659818,15.495451359096));
#2312 = CARTESIAN_POINT('',(1.607683672362,15.564205846754));
#2313 = CARTESIAN_POINT('',(1.589451153975,15.6));
#2314 = CARTESIAN_POINT('',(1.570796326795,15.6));
#2315 = ( GEOMETRIC_REPRESENTATION_CONTEXT(2) 
PARAMETRIC_REPRESENTATION_CONTEXT() REPRESENTATION_CONTEXT('2D SPACE',''
  ) );
#2316 = PCURVE('',#2317,#2322);
#2317 = CYLINDRICAL_SURFACE('',#2318,2.5);
#2318 = AXIS2_PLACEMENT_3D('',#2319,#2320,#2321);
#2319 = CARTESIAN_POINT('',(0.,14.,38.));
#2320 = DIRECTION('',(0.,1.,0.));
#2321 = DIRECTION('',(0.,-0.,1.));
#2322 = DEFINITIONAL_REPRESENTATION('',(#2323),#2382);
#2323 = B_SPLINE_CURVE_WITH_KNOTS('',8,(#2324,#2325,#2326,#2327,#2328,
    #2329,#2330,#2331,#2332,#2333,#2334,#2335,#2336,#2337,#2338,#2339,
    #2340,#2341,#2342,#2343,#2344,#2345,#2346,#2347,#2348,#2349,#2350,
    #2351,#2352,#2353,#2354,#2355,#2356,#2357,#2358,#2359,#2360,#2361,
    #2362,#2363,#2364,#2365,#2366,#2367,#2368,#2369,#2370,#2371,#2372,
    #2373,#2374,#2375,#2376,#2377,#2378,#2379,#2380,#2381),
  .UNSPECIFIED.,.F.,.F.,(9,7,7,7,7,7,7,7,9),(0.,0.131667743763,
    0.280908023495,0.452789210554,0.598573850453,0.692547557775,
    0.795912689532,0.904360444466,1.),.UNSPECIFIED.);
#2324 = CARTESIAN_POINT('',(0.,1.));
#2325 = CARTESIAN_POINT('',(0.111980121677,1.));
#2326 = CARTESIAN_POINT('',(0.22138936439,0.994028650782));
#2327 = CARTESIAN_POINT('',(0.32828240319,0.982566596453));
#2328 = CARTESIAN_POINT('',(0.432575912475,0.966685299553));
#2329 = CARTESIAN_POINT('',(0.53406191978,0.947870448192));
#2330 = CARTESIAN_POINT('',(0.632376661366,0.927731893313));
#2331 = CARTESIAN_POINT('',(0.726931703083,0.907709097109));
#2332 = CARTESIAN_POINT('',(0.918692288597,0.867540239545));
#2333 = CARTESIAN_POINT('',(1.017121533699,0.847199464835));
#2334 = CARTESIAN_POINT('',(1.11284947223,0.829021519928));
#2335 = CARTESIAN_POINT('',(1.206473549345,0.813811918272));
#2336 = CARTESIAN_POINT('',(1.298546083842,0.802090289539));
#2337 = CARTESIAN_POINT('',(1.389598901239,0.794167110097));
#2338 = CARTESIAN_POINT('',(1.480155200044,0.790199457749));
#2339 = CARTESIAN_POINT('',(1.675188415112,0.790199457749));
#2340 = CARTESIAN_POINT('',(1.779404969246,0.795462204949));
#2341 = CARTESIAN_POINT('',(1.884381325705,0.805958200459));
#2342 = CARTESIAN_POINT('',(1.990945725944,0.821416962344));
#2343 = CARTESIAN_POINT('',(2.099915427206,0.841306330767));
#2344 = CARTESIAN_POINT('',(2.212137612222,0.86468556201));
#2345 = CARTESIAN_POINT('',(2.328563276228,0.890028363421));
#2346 = CARTESIAN_POINT('',(2.553816498785,0.936387252728));
#2347 = CARTESIAN_POINT('',(2.665345042841,0.95834700735));
#2348 = CARTESIAN_POINT('',(2.782099937088,0.978734838456));
#2349 = CARTESIAN_POINT('',(2.90225844096,0.994831080281));
#2350 = CARTESIAN_POINT('',(3.02453394784,1.004140395394));
#2351 = CARTESIAN_POINT('',(3.147820925768,1.005518241558));
#2352 = CARTESIAN_POINT('',(3.271073099588,0.999349472034));
#2353 = CARTESIAN_POINT('',(3.47146339634,0.979219931677));
#2354 = CARTESIAN_POINT('',(3.550003481904,0.968749355217));
#2355 = CARTESIAN_POINT('',(3.628539719816,0.955989025149));
#2356 = CARTESIAN_POINT('',(3.707075308572,0.941365430913));
#2357 = CARTESIAN_POINT('',(3.785614295873,0.925415007979));
#2358 = CARTESIAN_POINT('',(3.864158473915,0.908748610798));
#2359 = CARTESIAN_POINT('',(3.942704122018,0.892005988097));
#2360 = CARTESIAN_POINT('',(4.107621549269,0.857974985694));
#2361 = CARTESIAN_POINT('',(4.194026416194,0.840792544862));
#2362 = CARTESIAN_POINT('',(4.280428809776,0.825070617364));
#2363 = CARTESIAN_POINT('',(4.366821490443,0.811592280777));
#2364 = CARTESIAN_POINT('',(4.453207719178,0.801014633897));
#2365 = CARTESIAN_POINT('',(4.539594994521,0.793804249618));
#2366 = CARTESIAN_POINT('',(4.625989174058,0.790199457749));
#2367 = CARTESIAN_POINT('',(4.803037198633,0.790199457749));
#2368 = CARTESIAN_POINT('',(4.893593858653,0.794167714899));
#2369 = CARTESIAN_POINT('',(4.984643979296,0.802091146237));
#2370 = CARTESIAN_POINT('',(5.076712986477,0.813812331509));
#2371 = CARTESIAN_POINT('',(5.17033433229,0.829021278961));
#2372 = CARTESIAN_POINT('',(5.266061378909,0.847198973982));
#2373 = CARTESIAN_POINT('',(5.364491608098,0.867539944085));
#2374 = CARTESIAN_POINT('',(5.556218356479,0.907701713649));
#2375 = CARTESIAN_POINT('',(5.650779319742,0.927725574532));
#2376 = CARTESIAN_POINT('',(5.749120127174,0.947870700475));
#2377 = CARTESIAN_POINT('',(5.850637805592,0.966692425879));
#2378 = CARTESIAN_POINT('',(5.95495746868,0.982575873472));
#2379 = CARTESIAN_POINT('',(6.061861396565,0.994034102787));
#2380 = CARTESIAN_POINT('',(6.171256344097,1.));
#2381 = CARTESIAN_POINT('',(6.28318530718,1.));
#2382 = ( GEOMETRIC_REPRESENTATION_CONTEXT(2) 
PARAMETRIC_REPRESENTATION_CONTEXT() REPRESENTATION_CONTEXT('2D SPACE',''
  ) );
#2383 = FACE_BOUND('',#2384,.F.);
#2384 = EDGE_LOOP('',(#2385));
#2385 = ORIENTED_EDGE('',*,*,#1898,.T.);
#2386 = ADVANCED_FACE('',(#2387),#2317,.F.);
#2387 = FACE_BOUND('',#2388,.F.);
#2388 = EDGE_LOOP('',(#2389,#2418,#2439,#2440));
#2389 = ORIENTED_EDGE('',*,*,#2390,.F.);
#2390 = EDGE_CURVE('',#2391,#2391,#2393,.T.);
#2391 = VERTEX_POINT('',#2392);
#2392 = CARTESIAN_POINT('',(-6.123233995737E-16,41.5,40.5));
#2393 = SURFACE_CURVE('',#2394,(#2399,#2406),.PCURVE_S1.);
#2394 = CIRCLE('',#2395,2.5);
#2395 = AXIS2_PLACEMENT_3D('',#2396,#2397,#2398);
#2396 = CARTESIAN_POINT('',(0.,41.5,38.));
#2397 = DIRECTION('',(0.,1.,0.));
#2398 = DIRECTION('',(0.,-0.,1.));
#2399 = PCURVE('',#2317,#2400);
#2400 = DEFINITIONAL_REPRESENTATION('',(#2401),#2405);
#2401 = LINE('',#2402,#2403);
#2402 = CARTESIAN_POINT('',(0.,27.5));
#2403 = VECTOR('',#2404,1.);
#2404 = DIRECTION('',(1.,0.));
#2405 = ( GEOMETRIC_REPRESENTATION_CONTEXT(2) 
PARAMETRIC_REPRESENTATION_CONTEXT() REPRESENTATION_CONTEXT('2D SPACE',''
  ) );
#2406 = PCURVE('',#2407,#2412);
#2407 = PLANE('',#2408);
#2408 = AXIS2_PLACEMENT_3D('',#2409,#2410,#2411);
#2409 = CARTESIAN_POINT('',(0.,41.5,38.));
#2410 = DIRECTION('',(0.,1.,0.));
#2411 = DIRECTION('',(0.,-0.,1.));
#2412 = DEFINITIONAL_REPRESENTATION('',(#2413),#2417);
#2413 = CIRCLE('',#2414,2.5);
#2414 = AXIS2_PLACEMENT_2D('',#2415,#2416);
#2415 = CARTESIAN_POINT('',(0.,0.));
#2416 = DIRECTION('',(1.,0.));
#2417 = ( GEOMETRIC_REPRESENTATION_CONTEXT(2) 
PARAMETRIC_REPRESENTATION_CONTEXT() REPRESENTATION_CONTEXT('2D SPACE',''
  ) );
#2418 = ORIENTED_EDGE('',*,*,#2419,.F.);
#2419 = EDGE_CURVE('',#2192,#2391,#2420,.T.);
#2420 = SEAM_CURVE('',#2421,(#2425,#2432),.PCURVE_S1.);
#2421 = LINE('',#2422,#2423);
#2422 = CARTESIAN_POINT('',(-6.123233995737E-16,14.,40.5));
#2423 = VECTOR('',#2424,1.);
#2424 = DIRECTION('',(0.,1.,0.));
#2425 = PCURVE('',#2317,#2426);
#2426 = DEFINITIONAL_REPRESENTATION('',(#2427),#2431);
#2427 = LINE('',#2428,#2429);
#2428 = CARTESIAN_POINT('',(6.28318530718,-0.));
#2429 = VECTOR('',#2430,1.);
#2430 = DIRECTION('',(0.,1.));
#2431 = ( GEOMETRIC_REPRESENTATION_CONTEXT(2) 
PARAMETRIC_REPRESENTATION_CONTEXT() REPRESENTATION_CONTEXT('2D SPACE',''
  ) );
#2432 = PCURVE('',#2317,#2433);
#2433 = DEFINITIONAL_REPRESENTATION('',(#2434),#2438);
#2434 = LINE('',#2435,#2436);
#2435 = CARTESIAN_POINT('',(0.,-0.));
#2436 = VECTOR('',#2437,1.);
#2437 = DIRECTION('',(0.,1.));
#2438 = ( GEOMETRIC_REPRESENTATION_CONTEXT(2) 
PARAMETRIC_REPRESENTATION_CONTEXT() REPRESENTATION_CONTEXT('2D SPACE',''
  ) );
#2439 = ORIENTED_EDGE('',*,*,#2191,.T.);
#2440 = ORIENTED_EDGE('',*,*,#2419,.T.);
#2441 = ADVANCED_FACE('',(#2442,#2473),#2407,.T.);
#2442 = FACE_BOUND('',#2443,.T.);
#2443 = EDGE_LOOP('',(#2444));
#2444 = ORIENTED_EDGE('',*,*,#2445,.T.);
#2445 = EDGE_CURVE('',#2446,#2446,#2448,.T.);
#2446 = VERTEX_POINT('',#2447);
#2447 = CARTESIAN_POINT('',(-1.224646799147E-15,41.5,43.));
#2448 = SURFACE_CURVE('',#2449,(#2454,#2461),.PCURVE_S1.);
#2449 = CIRCLE('',#2450,5.);
#2450 = AXIS2_PLACEMENT_3D('',#2451,#2452,#2453);
#2451 = CARTESIAN_POINT('',(0.,41.5,38.));
#2452 = DIRECTION('',(0.,1.,0.));
#2453 = DIRECTION('',(0.,-0.,1.));
#2454 = PCURVE('',#2407,#2455);
#2455 = DEFINITIONAL_REPRESENTATION('',(#2456),#2460);
#2456 = CIRCLE('',#2457,5.);
#2457 = AXIS2_PLACEMENT_2D('',#2458,#2459);
#2458 = CARTESIAN_POINT('',(0.,0.));
#2459 = DIRECTION('',(1.,0.));
#2460 = ( GEOMETRIC_REPRESENTATION_CONTEXT(2) 
PARAMETRIC_REPRESENTATION_CONTEXT() REPRESENTATION_CONTEXT('2D SPACE',''
  ) );
#2461 = PCURVE('',#2462,#2467);
#2462 = CYLINDRICAL_SURFACE('',#2463,5.);
#2463 = AXIS2_PLACEMENT_3D('',#2464,#2465,#2466);
#2464 = CARTESIAN_POINT('',(0.,41.5,38.));
#2465 = DIRECTION('',(0.,1.,0.));
#2466 = DIRECTION('',(0.,-0.,1.));
#2467 = DEFINITIONAL_REPRESENTATION('',(#2468),#2472);
#2468 = LINE('',#2469,#2470);
#2469 = CARTESIAN_POINT('',(0.,0.));
#2470 = VECTOR('',#2471,1.);
#2471 = DIRECTION('',(1.,0.));
#2472 = ( GEOMETRIC_REPRESENTATION_CONTEXT(2) 
PARAMETRIC_REPRESENTATION_CONTEXT() REPRESENTATION_CONTEXT('2D SPACE',''
  ) );
#2473 = FACE_BOUND('',#2474,.T.);
#2474 = EDGE_LOOP('',(#2475));
#2475 = ORIENTED_EDGE('',*,*,#2390,.F.);
#2476 = ADVANCED_FACE('',(#2477),#2462,.F.);
#2477 = FACE_BOUND('',#2478,.F.);
#2478 = EDGE_LOOP('',(#2479,#2508,#2529,#2530));
#2479 = ORIENTED_EDGE('',*,*,#2480,.F.);
#2480 = EDGE_CURVE('',#2481,#2481,#2483,.T.);
#2481 = VERTEX_POINT('',#2482);
#2482 = CARTESIAN_POINT('',(-1.224646799147E-15,51.5,43.));
#2483 = SURFACE_CURVE('',#2484,(#2489,#2496),.PCURVE_S1.);
#2484 = CIRCLE('',#2485,5.);
#2485 = AXIS2_PLACEMENT_3D('',#2486,#2487,#2488);
#2486 = CARTESIAN_POINT('',(0.,51.5,38.));
#2487 = DIRECTION('',(0.,1.,0.));
#2488 = DIRECTION('',(0.,-0.,1.));
#2489 = PCURVE('',#2462,#2490);
#2490 = DEFINITIONAL_REPRESENTATION('',(#2491),#2495);
#2491 = LINE('',#2492,#2493);
#2492 = CARTESIAN_POINT('',(0.,10.));
#2493 = VECTOR('',#2494,1.);
#2494 = DIRECTION('',(1.,0.));
#2495 = ( GEOMETRIC_REPRESENTATION_CONTEXT(2) 
PARAMETRIC_REPRESENTATION_CONTEXT() REPRESENTATION_CONTEXT('2D SPACE',''
  ) );
#2496 = PCURVE('',#2497,#2502);
#2497 = PLANE('',#2498);
#2498 = AXIS2_PLACEMENT_3D('',#2499,#2500,#2501);
#2499 = CARTESIAN_POINT('',(-10.,51.5,27.));
#2500 = DIRECTION('',(-0.,1.,0.));
#2501 = DIRECTION('',(0.,0.,1.));
#2502 = DEFINITIONAL_REPRESENTATION('',(#2503),#2507);
#2503 = CIRCLE('',#2504,5.);
#2504 = AXIS2_PLACEMENT_2D('',#2505,#2506);
#2505 = CARTESIAN_POINT('',(11.,10.));
#2506 = DIRECTION('',(1.,0.));
#2507 = ( GEOMETRIC_REPRESENTATION_CONTEXT(2) 
PARAMETRIC_REPRESENTATION_CONTEXT() REPRESENTATION_CONTEXT('2D SPACE',''
  ) );
#2508 = ORIENTED_EDGE('',*,*,#2509,.F.);
#2509 = EDGE_CURVE('',#2446,#2481,#2510,.T.);
#2510 = SEAM_CURVE('',#2511,(#2515,#2522),.PCURVE_S1.);
#2511 = LINE('',#2512,#2513);
#2512 = CARTESIAN_POINT('',(-1.224646799147E-15,41.5,43.));
#2513 = VECTOR('',#2514,1.);
#2514 = DIRECTION('',(0.,1.,0.));
#2515 = PCURVE('',#2462,#2516);
#2516 = DEFINITIONAL_REPRESENTATION('',(#2517),#2521);
#2517 = LINE('',#2518,#2519);
#2518 = CARTESIAN_POINT('',(6.28318530718,-0.));
#2519 = VECTOR('',#2520,1.);
#2520 = DIRECTION('',(0.,1.));
#2521 = ( GEOMETRIC_REPRESENTATION_CONTEXT(2) 
PARAMETRIC_REPRESENTATION_CONTEXT() REPRESENTATION_CONTEXT('2D SPACE',''
  ) );
#2522 = PCURVE('',#2462,#2523);
#2523 = DEFINITIONAL_REPRESENTATION('',(#2524),#2528);
#2524 = LINE('',#2525,#2526);
#2525 = CARTESIAN_POINT('',(0.,-0.));
#2526 = VECTOR('',#2527,1.);
#2527 = DIRECTION('',(0.,1.));
#2528 = ( GEOMETRIC_REPRESENTATION_CONTEXT(2) 
PARAMETRIC_REPRESENTATION_CONTEXT() REPRESENTATION_CONTEXT('2D SPACE',''
  ) );
#2529 = ORIENTED_EDGE('',*,*,#2445,.T.);
#2530 = ORIENTED_EDGE('',*,*,#2509,.T.);
#2531 = ADVANCED_FACE('',(#2532,#2626),#2497,.T.);
#2532 = FACE_BOUND('',#2533,.T.);
#2533 = EDGE_LOOP('',(#2534,#2559,#2582,#2605));
#2534 = ORIENTED_EDGE('',*,*,#2535,.F.);
#2535 = EDGE_CURVE('',#2536,#2538,#2540,.T.);
#2536 = VERTEX_POINT('',#2537);
#2537 = CARTESIAN_POINT('',(-10.,51.5,27.));
#2538 = VERTEX_POINT('',#2539);
#2539 = CARTESIAN_POINT('',(10.,51.5,27.));
#2540 = SURFACE_CURVE('',#2541,(#2545,#2552),.PCURVE_S1.);
#2541 = LINE('',#2542,#2543);
#2542 = CARTESIAN_POINT('',(-10.,51.5,27.));
#2543 = VECTOR('',#2544,1.);
#2544 = DIRECTION('',(1.,0.,-0.));
#2545 = PCURVE('',#2497,#2546);
#2546 = DEFINITIONAL_REPRESENTATION('',(#2547),#2551);
#2547 = LINE('',#2548,#2549);
#2548 = CARTESIAN_POINT('',(0.,0.));
#2549 = VECTOR('',#2550,1.);
#2550 = DIRECTION('',(0.,1.));
#2551 = ( GEOMETRIC_REPRESENTATION_CONTEXT(2) 
PARAMETRIC_REPRESENTATION_CONTEXT() REPRESENTATION_CONTEXT('2D SPACE',''
  ) );
#2552 = PCURVE('',#153,#2553);
#2553 = DEFINITIONAL_REPRESENTATION('',(#2554),#2558);
#2554 = LINE('',#2555,#2556);
#2555 = CARTESIAN_POINT('',(0.,36.5));
#2556 = VECTOR('',#2557,1.);
#2557 = DIRECTION('',(1.,0.));
#2558 = ( GEOMETRIC_REPRESENTATION_CONTEXT(2) 
PARAMETRIC_REPRESENTATION_CONTEXT() REPRESENTATION_CONTEXT('2D SPACE',''
  ) );
#2559 = ORIENTED_EDGE('',*,*,#2560,.T.);
#2560 = EDGE_CURVE('',#2536,#2561,#2563,.T.);
#2561 = VERTEX_POINT('',#2562);
#2562 = CARTESIAN_POINT('',(-10.,51.5,53.));
#2563 = SURFACE_CURVE('',#2564,(#2568,#2575),.PCURVE_S1.);
#2564 = LINE('',#2565,#2566);
#2565 = CARTESIAN_POINT('',(-10.,51.5,27.));
#2566 = VECTOR('',#2567,1.);
#2567 = DIRECTION('',(0.,0.,1.));
#2568 = PCURVE('',#2497,#2569);
#2569 = DEFINITIONAL_REPRESENTATION('',(#2570),#2574);
#2570 = LINE('',#2571,#2572);
#2571 = CARTESIAN_POINT('',(0.,0.));
#2572 = VECTOR('',#2573,1.);
#2573 = DIRECTION('',(1.,0.));
#2574 = ( GEOMETRIC_REPRESENTATION_CONTEXT(2) 
PARAMETRIC_REPRESENTATION_CONTEXT() REPRESENTATION_CONTEXT('2D SPACE',''
  ) );
#2575 = PCURVE('',#125,#2576);
#2576 = DEFINITIONAL_REPRESENTATION('',(#2577),#2581);
#2577 = LINE('',#2578,#2579);
#2578 = CARTESIAN_POINT('',(0.,-36.5));
#2579 = VECTOR('',#2580,1.);
#2580 = DIRECTION('',(1.,0.));
#2581 = ( GEOMETRIC_REPRESENTATION_CONTEXT(2) 
PARAMETRIC_REPRESENTATION_CONTEXT() REPRESENTATION_CONTEXT('2D SPACE',''
  ) );
#2582 = ORIENTED_EDGE('',*,*,#2583,.T.);
#2583 = EDGE_CURVE('',#2561,#2584,#2586,.T.);
#2584 = VERTEX_POINT('',#2585);
#2585 = CARTESIAN_POINT('',(10.,51.5,53.));
#2586 = SURFACE_CURVE('',#2587,(#2591,#2598),.PCURVE_S1.);
#2587 = LINE('',#2588,#2589);
#2588 = CARTESIAN_POINT('',(-10.,51.5,53.));
#2589 = VECTOR('',#2590,1.);
#2590 = DIRECTION('',(1.,0.,-0.));
#2591 = PCURVE('',#2497,#2592);
#2592 = DEFINITIONAL_REPRESENTATION('',(#2593),#2597);
#2593 = LINE('',#2594,#2595);
#2594 = CARTESIAN_POINT('',(26.,0.));
#2595 = VECTOR('',#2596,1.);
#2596 = DIRECTION('',(0.,1.));
#2597 = ( GEOMETRIC_REPRESENTATION_CONTEXT(2) 
PARAMETRIC_REPRESENTATION_CONTEXT() REPRESENTATION_CONTEXT('2D SPACE',''
  ) );
#2598 = PCURVE('',#206,#2599);
#2599 = DEFINITIONAL_REPRESENTATION('',(#2600),#2604);
#2600 = LINE('',#2601,#2602);
#2601 = CARTESIAN_POINT('',(0.,36.5));
#2602 = VECTOR('',#2603,1.);
#2603 = DIRECTION('',(1.,0.));
#2604 = ( GEOMETRIC_REPRESENTATION_CONTEXT(2) 
PARAMETRIC_REPRESENTATION_CONTEXT() REPRESENTATION_CONTEXT('2D SPACE',''
  ) );
#2605 = ORIENTED_EDGE('',*,*,#2606,.F.);
#2606 = EDGE_CURVE('',#2538,#2584,#2607,.T.);
#2607 = SURFACE_CURVE('',#2608,(#2612,#2619),.PCURVE_S1.);
#2608 = LINE('',#2609,#2610);
#2609 = CARTESIAN_POINT('',(10.,51.5,27.));
#2610 = VECTOR('',#2611,1.);
#2611 = DIRECTION('',(0.,0.,1.));
#2612 = PCURVE('',#2497,#2613);
#2613 = DEFINITIONAL_REPRESENTATION('',(#2614),#2618);
#2614 = LINE('',#2615,#2616);
#2615 = CARTESIAN_POINT('',(0.,20.));
#2616 = VECTOR('',#2617,1.);
#2617 = DIRECTION('',(1.,0.));
#2618 = ( GEOMETRIC_REPRESENTATION_CONTEXT(2) 
PARAMETRIC_REPRESENTATION_CONTEXT() REPRESENTATION_CONTEXT('2D SPACE',''
  ) );
#2619 = PCURVE('',#180,#2620);
#2620 = DEFINITIONAL_REPRESENTATION('',(#2621),#2625);
#2621 = LINE('',#2622,#2623);
#2622 = CARTESIAN_POINT('',(0.,-36.5));
#2623 = VECTOR('',#2624,1.);
#2624 = DIRECTION('',(1.,0.));
#2625 = ( GEOMETRIC_REPRESENTATION_CONTEXT(2) 
PARAMETRIC_REPRESENTATION_CONTEXT() REPRESENTATION_CONTEXT('2D SPACE',''
  ) );
#2626 = FACE_BOUND('',#2627,.T.);
#2627 = EDGE_LOOP('',(#2628));
#2628 = ORIENTED_EDGE('',*,*,#2480,.F.);
#2629 = ADVANCED_FACE('',(#2630),#294,.T.);
#2630 = FACE_BOUND('',#2631,.T.);
#2631 = EDGE_LOOP('',(#2632,#2633,#2634,#2655));
#2632 = ORIENTED_EDGE('',*,*,#333,.F.);
#2633 = ORIENTED_EDGE('',*,*,#433,.T.);
#2634 = ORIENTED_EDGE('',*,*,#2635,.T.);
#2635 = EDGE_CURVE('',#434,#278,#2636,.T.);
#2636 = SURFACE_CURVE('',#2637,(#2641,#2648),.PCURVE_S1.);
#2637 = LINE('',#2638,#2639);
#2638 = CARTESIAN_POINT('',(10.,-51.5,53.));
#2639 = VECTOR('',#2640,1.);
#2640 = DIRECTION('',(-0.,1.,0.));
#2641 = PCURVE('',#294,#2642);
#2642 = DEFINITIONAL_REPRESENTATION('',(#2643),#2647);
#2643 = LINE('',#2644,#2645);
#2644 = CARTESIAN_POINT('',(20.,0.));
#2645 = VECTOR('',#2646,1.);
#2646 = DIRECTION('',(0.,1.));
#2647 = ( GEOMETRIC_REPRESENTATION_CONTEXT(2) 
PARAMETRIC_REPRESENTATION_CONTEXT() REPRESENTATION_CONTEXT('2D SPACE',''
  ) );
#2648 = PCURVE('',#319,#2649);
#2649 = DEFINITIONAL_REPRESENTATION('',(#2650),#2654);
#2650 = LINE('',#2651,#2652);
#2651 = CARTESIAN_POINT('',(26.,0.));
#2652 = VECTOR('',#2653,1.);
#2653 = DIRECTION('',(0.,-1.));
#2654 = ( GEOMETRIC_REPRESENTATION_CONTEXT(2) 
PARAMETRIC_REPRESENTATION_CONTEXT() REPRESENTATION_CONTEXT('2D SPACE',''
  ) );
#2655 = ORIENTED_EDGE('',*,*,#277,.F.);
#2656 = ADVANCED_FACE('',(#2657),#319,.T.);
#2657 = FACE_BOUND('',#2658,.T.);
#2658 = EDGE_LOOP('',(#2659,#2660,#2661,#2682));
#2659 = ORIENTED_EDGE('',*,*,#2635,.F.);
#2660 = ORIENTED_EDGE('',*,*,#456,.F.);
#2661 = ORIENTED_EDGE('',*,*,#2662,.T.);
#2662 = EDGE_CURVE('',#410,#223,#2663,.T.);
#2663 = SURFACE_CURVE('',#2664,(#2668,#2675),.PCURVE_S1.);
#2664 = LINE('',#2665,#2666);
#2665 = CARTESIAN_POINT('',(10.,-51.5,27.));
#2666 = VECTOR('',#2667,1.);
#2667 = DIRECTION('',(-0.,1.,0.));
#2668 = PCURVE('',#319,#2669);
#2669 = DEFINITIONAL_REPRESENTATION('',(#2670),#2674);
#2670 = LINE('',#2671,#2672);
#2671 = CARTESIAN_POINT('',(0.,0.));
#2672 = VECTOR('',#2673,1.);
#2673 = DIRECTION('',(0.,-1.));
#2674 = ( GEOMETRIC_REPRESENTATION_CONTEXT(2) 
PARAMETRIC_REPRESENTATION_CONTEXT() REPRESENTATION_CONTEXT('2D SPACE',''
  ) );
#2675 = PCURVE('',#239,#2676);
#2676 = DEFINITIONAL_REPRESENTATION('',(#2677),#2681);
#2677 = LINE('',#2678,#2679);
#2678 = CARTESIAN_POINT('',(20.,0.));
#2679 = VECTOR('',#2680,1.);
#2680 = DIRECTION('',(0.,1.));
#2681 = ( GEOMETRIC_REPRESENTATION_CONTEXT(2) 
PARAMETRIC_REPRESENTATION_CONTEXT() REPRESENTATION_CONTEXT('2D SPACE',''
  ) );
#2682 = ORIENTED_EDGE('',*,*,#306,.T.);
#2683 = ADVANCED_FACE('',(#2684),#239,.F.);
#2684 = FACE_BOUND('',#2685,.F.);
#2685 = EDGE_LOOP('',(#2686,#2687,#2688,#2689));
#2686 = ORIENTED_EDGE('',*,*,#384,.F.);
#2687 = ORIENTED_EDGE('',*,*,#409,.T.);
#2688 = ORIENTED_EDGE('',*,*,#2662,.T.);
#2689 = ORIENTED_EDGE('',*,*,#220,.F.);
#2690 = ADVANCED_FACE('',(#2691),#180,.T.);
#2691 = FACE_BOUND('',#2692,.T.);
#2692 = EDGE_LOOP('',(#2693,#2714,#2715,#2736));
#2693 = ORIENTED_EDGE('',*,*,#2694,.F.);
#2694 = EDGE_CURVE('',#166,#2584,#2695,.T.);
#2695 = SURFACE_CURVE('',#2696,(#2700,#2707),.PCURVE_S1.);
#2696 = LINE('',#2697,#2698);
#2697 = CARTESIAN_POINT('',(10.,15.,53.));
#2698 = VECTOR('',#2699,1.);
#2699 = DIRECTION('',(-0.,1.,0.));
#2700 = PCURVE('',#180,#2701);
#2701 = DEFINITIONAL_REPRESENTATION('',(#2702),#2706);
#2702 = LINE('',#2703,#2704);
#2703 = CARTESIAN_POINT('',(26.,0.));
#2704 = VECTOR('',#2705,1.);
#2705 = DIRECTION('',(0.,-1.));
#2706 = ( GEOMETRIC_REPRESENTATION_CONTEXT(2) 
PARAMETRIC_REPRESENTATION_CONTEXT() REPRESENTATION_CONTEXT('2D SPACE',''
  ) );
#2707 = PCURVE('',#206,#2708);
#2708 = DEFINITIONAL_REPRESENTATION('',(#2709),#2713);
#2709 = LINE('',#2710,#2711);
#2710 = CARTESIAN_POINT('',(20.,0.));
#2711 = VECTOR('',#2712,1.);
#2712 = DIRECTION('',(0.,1.));
#2713 = ( GEOMETRIC_REPRESENTATION_CONTEXT(2) 
PARAMETRIC_REPRESENTATION_CONTEXT() REPRESENTATION_CONTEXT('2D SPACE',''
  ) );
#2714 = ORIENTED_EDGE('',*,*,#165,.F.);
#2715 = ORIENTED_EDGE('',*,*,#2716,.T.);
#2716 = EDGE_CURVE('',#137,#2538,#2717,.T.);
#2717 = SURFACE_CURVE('',#2718,(#2722,#2729),.PCURVE_S1.);
#2718 = LINE('',#2719,#2720);
#2719 = CARTESIAN_POINT('',(10.,15.,27.));
#2720 = VECTOR('',#2721,1.);
#2721 = DIRECTION('',(-0.,1.,0.));
#2722 = PCURVE('',#180,#2723);
#2723 = DEFINITIONAL_REPRESENTATION('',(#2724),#2728);
#2724 = LINE('',#2725,#2726);
#2725 = CARTESIAN_POINT('',(0.,0.));
#2726 = VECTOR('',#2727,1.);
#2727 = DIRECTION('',(0.,-1.));
#2728 = ( GEOMETRIC_REPRESENTATION_CONTEXT(2) 
PARAMETRIC_REPRESENTATION_CONTEXT() REPRESENTATION_CONTEXT('2D SPACE',''
  ) );
#2729 = PCURVE('',#153,#2730);
#2730 = DEFINITIONAL_REPRESENTATION('',(#2731),#2735);
#2731 = LINE('',#2732,#2733);
#2732 = CARTESIAN_POINT('',(20.,0.));
#2733 = VECTOR('',#2734,1.);
#2734 = DIRECTION('',(0.,1.));
#2735 = ( GEOMETRIC_REPRESENTATION_CONTEXT(2) 
PARAMETRIC_REPRESENTATION_CONTEXT() REPRESENTATION_CONTEXT('2D SPACE',''
  ) );
#2736 = ORIENTED_EDGE('',*,*,#2606,.T.);
#2737 = ADVANCED_FACE('',(#2738),#206,.T.);
#2738 = FACE_BOUND('',#2739,.T.);
#2739 = EDGE_LOOP('',(#2740,#2761,#2762,#2763));
#2740 = ORIENTED_EDGE('',*,*,#2741,.F.);
#2741 = EDGE_CURVE('',#111,#2561,#2742,.T.);
#2742 = SURFACE_CURVE('',#2743,(#2747,#2754),.PCURVE_S1.);
#2743 = LINE('',#2744,#2745);
#2744 = CARTESIAN_POINT('',(-10.,15.,53.));
#2745 = VECTOR('',#2746,1.);
#2746 = DIRECTION('',(-0.,1.,0.));
#2747 = PCURVE('',#206,#2748);
#2748 = DEFINITIONAL_REPRESENTATION('',(#2749),#2753);
#2749 = LINE('',#2750,#2751);
#2750 = CARTESIAN_POINT('',(0.,0.));
#2751 = VECTOR('',#2752,1.);
#2752 = DIRECTION('',(0.,1.));
#2753 = ( GEOMETRIC_REPRESENTATION_CONTEXT(2) 
PARAMETRIC_REPRESENTATION_CONTEXT() REPRESENTATION_CONTEXT('2D SPACE',''
  ) );
#2754 = PCURVE('',#125,#2755);
#2755 = DEFINITIONAL_REPRESENTATION('',(#2756),#2760);
#2756 = LINE('',#2757,#2758);
#2757 = CARTESIAN_POINT('',(26.,0.));
#2758 = VECTOR('',#2759,1.);
#2759 = DIRECTION('',(0.,-1.));
#2760 = ( GEOMETRIC_REPRESENTATION_CONTEXT(2) 
PARAMETRIC_REPRESENTATION_CONTEXT() REPRESENTATION_CONTEXT('2D SPACE',''
  ) );
#2761 = ORIENTED_EDGE('',*,*,#191,.F.);
#2762 = ORIENTED_EDGE('',*,*,#2694,.T.);
#2763 = ORIENTED_EDGE('',*,*,#2583,.F.);
#2764 = ADVANCED_FACE('',(#2765),#153,.F.);
#2765 = FACE_BOUND('',#2766,.F.);
#2766 = EDGE_LOOP('',(#2767,#2788,#2789,#2790));
#2767 = ORIENTED_EDGE('',*,*,#2768,.F.);
#2768 = EDGE_CURVE('',#109,#2536,#2769,.T.);
#2769 = SURFACE_CURVE('',#2770,(#2774,#2781),.PCURVE_S1.);
#2770 = LINE('',#2771,#2772);
#2771 = CARTESIAN_POINT('',(-10.,15.,27.));
#2772 = VECTOR('',#2773,1.);
#2773 = DIRECTION('',(-0.,1.,0.));
#2774 = PCURVE('',#153,#2775);
#2775 = DEFINITIONAL_REPRESENTATION('',(#2776),#2780);
#2776 = LINE('',#2777,#2778);
#2777 = CARTESIAN_POINT('',(0.,0.));
#2778 = VECTOR('',#2779,1.);
#2779 = DIRECTION('',(0.,1.));
#2780 = ( GEOMETRIC_REPRESENTATION_CONTEXT(2) 
PARAMETRIC_REPRESENTATION_CONTEXT() REPRESENTATION_CONTEXT('2D SPACE',''
  ) );
#2781 = PCURVE('',#125,#2782);
#2782 = DEFINITIONAL_REPRESENTATION('',(#2783),#2787);
#2783 = LINE('',#2784,#2785);
#2784 = CARTESIAN_POINT('',(0.,0.));
#2785 = VECTOR('',#2786,1.);
#2786 = DIRECTION('',(0.,-1.));
#2787 = ( GEOMETRIC_REPRESENTATION_CONTEXT(2) 
PARAMETRIC_REPRESENTATION_CONTEXT() REPRESENTATION_CONTEXT('2D SPACE',''
  ) );
#2788 = ORIENTED_EDGE('',*,*,#136,.F.);
#2789 = ORIENTED_EDGE('',*,*,#2716,.T.);
#2790 = ORIENTED_EDGE('',*,*,#2535,.F.);
#2791 = ADVANCED_FACE('',(#2792),#125,.F.);
#2792 = FACE_BOUND('',#2793,.F.);
#2793 = EDGE_LOOP('',(#2794,#2795,#2796,#2797));
#2794 = ORIENTED_EDGE('',*,*,#2741,.F.);
#2795 = ORIENTED_EDGE('',*,*,#108,.F.);
#2796 = ORIENTED_EDGE('',*,*,#2768,.T.);
#2797 = ORIENTED_EDGE('',*,*,#2560,.T.);
#2798 = ADVANCED_FACE('',(#2799,#2802),#93,.F.);
#2799 = FACE_BOUND('',#2800,.F.);
#2800 = EDGE_LOOP('',(#2801));
#2801 = ORIENTED_EDGE('',*,*,#78,.T.);
#2802 = FACE_BOUND('',#2803,.F.);
#2803 = EDGE_LOOP('',(#2804));
#2804 = ORIENTED_EDGE('',*,*,#2119,.F.);
#2805 = ADVANCED_FACE('',(#2806,#2809),#43,.T.);
#2806 = FACE_BOUND('',#2807,.T.);
#2807 = EDGE_LOOP('',(#2808));
#2808 = ORIENTED_EDGE('',*,*,#21,.T.);
#2809 = FACE_BOUND('',#2810,.T.);
#2810 = EDGE_LOOP('',(#2811));
#2811 = ORIENTED_EDGE('',*,*,#2166,.F.);
#2812 = ( GEOMETRIC_REPRESENTATION_CONTEXT(3) 
GLOBAL_UNCERTAINTY_ASSIGNED_CONTEXT((#2816)) 
GLOBAL_UNIT_ASSIGNED_CONTEXT((#2813,#2814,#2815)) REPRESENTATION_CONTEXT
('Context #1','3D Context with UNIT and UNCERTAINTY') );
#2813 = ( LENGTH_UNIT() NAMED_UNIT(*) SI_UNIT(.MILLI.,.METRE.) );
#2814 = ( NAMED_UNIT(*) PLANE_ANGLE_UNIT() SI_UNIT($,.RADIAN.) );
#2815 = ( NAMED_UNIT(*) SI_UNIT($,.STERADIAN.) SOLID_ANGLE_UNIT() );
#2816 = UNCERTAINTY_MEASURE_WITH_UNIT(LENGTH_MEASURE(1.E-07),#2813,
  'distance_accuracy_value','confusion accuracy');
#2817 = PRODUCT_RELATED_PRODUCT_CATEGORY('part',$,(#7));
ENDSEC;
END-ISO-10303-21;
