ISO-10303-21;
HEADER;
FILE_DESCRIPTION(('Open CASCADE Model'),'2;1');
FILE_NAME('Open CASCADE Shape Model','2026-09-23T01:45:35',('Author'),(
    'Open CASCADE'),'Open CASCADE STEP processor 7.9','Open CASCADE 7.9'
  ,'Unknown');
FILE_SCHEMA(('AUTOMOTIVE_DESIGN { 1 0 10303 214 1 1 1 1 }'));
ENDSEC;
DATA;
#1 = APPLICATION_PROTOCOL_DEFINITION('international standard',
  'automotive_design',2000,#2);
#2 = APPLICATION_CONTEXT(
  'core data for automotive mechanical design processes');
#3 = SHAPE_DEFINITION_REPRESENTATION(#4,#10);
#4 = PRODUCT_DEFINITION_SHAPE('','',#5);
#5 = PRODUCT_DEFINITION('design','',#6,#9);
#6 = PRODUCT_DEFINITION_FORMATION('','',#7);
#7 = PRODUCT('Open CASCADE STEP translator 7.9 57',
  'Open CASCADE STEP translator 7.9 57','',(#8));
#8 = PRODUCT_CONTEXT('',#2,'mechanical');
#9 = PRODUCT_DEFINITION_CONTEXT('part definition',#2,'design');
#10 = ADVANCED_BREP_SHAPE_REPRESENTATION('',(#11,#15),#1873);
#11 = AXIS2_PLACEMENT_3D('',#12,#13,#14);
#12 = CARTESIAN_POINT('',(0.,0.,0.));
#13 = DIRECTION('',(0.,0.,1.));
#14 = DIRECTION('',(1.,0.,-0.));
#15 = MANIFOLD_SOLID_BREP('',#16);
#16 = CLOSED_SHELL('',(#17,#1053,#1269,#1445,#1495,#1545,#1595,#1645,
    #1695,#1722,#1752,#1759,#1809,#1836,#1863));
#17 = ADVANCED_FACE('',(#18,#105,#342,#579,#816),#31,.T.);
#18 = FACE_BOUND('',#19,.T.);
#19 = EDGE_LOOP('',(#20,#54,#77,#104));
#20 = ORIENTED_EDGE('',*,*,#21,.F.);
#21 = EDGE_CURVE('',#22,#22,#24,.T.);
#22 = VERTEX_POINT('',#23);
#23 = CARTESIAN_POINT('',(44.1,-1.080138476848E-14,198.));
#24 = SURFACE_CURVE('',#25,(#30,#42),.PCURVE_S1.);
#25 = CIRCLE('',#26,44.1);
#26 = AXIS2_PLACEMENT_3D('',#27,#28,#29);
#27 = CARTESIAN_POINT('',(0.,0.,198.));
#28 = DIRECTION('',(0.,0.,1.));
#29 = DIRECTION('',(1.,0.,-0.));
#30 = PCURVE('',#31,#36);
#31 = CYLINDRICAL_SURFACE('',#32,44.1);
#32 = AXIS2_PLACEMENT_3D('',#33,#34,#35);
#33 = CARTESIAN_POINT('',(0.,0.,178.));
#34 = DIRECTION('',(0.,0.,1.));
#35 = DIRECTION('',(1.,0.,-0.));
#36 = DEFINITIONAL_REPRESENTATION('',(#37),#41);
#37 = LINE('',#38,#39);
#38 = CARTESIAN_POINT('',(0.,20.));
#39 = VECTOR('',#40,1.);
#40 = DIRECTION('',(1.,0.));
#41 = ( GEOMETRIC_REPRESENTATION_CONTEXT(2) 
PARAMETRIC_REPRESENTATION_CONTEXT() REPRESENTATION_CONTEXT('2D SPACE',''
  ) );
#42 = PCURVE('',#43,#48);
#43 = PLANE('',#44);
#44 = AXIS2_PLACEMENT_3D('',#45,#46,#47);
#45 = CARTESIAN_POINT('',(0.,0.,198.));
#46 = DIRECTION('',(0.,0.,1.));
#47 = DIRECTION('',(1.,0.,-0.));
#48 = DEFINITIONAL_REPRESENTATION('',(#49),#53);
#49 = CIRCLE('',#50,44.1);
#50 = AXIS2_PLACEMENT_2D('',#51,#52);
#51 = CARTESIAN_POINT('',(0.,0.));
#52 = DIRECTION('',(1.,0.));
#53 = ( GEOMETRIC_REPRESENTATION_CONTEXT(2) 
PARAMETRIC_REPRESENTATION_CONTEXT() REPRESENTATION_CONTEXT('2D SPACE',''
  ) );
#54 = ORIENTED_EDGE('',*,*,#55,.F.);
#55 = EDGE_CURVE('',#56,#22,#58,.T.);
#56 = VERTEX_POINT('',#57);
#57 = CARTESIAN_POINT('',(44.1,-1.080138476848E-14,178.));
#58 = SEAM_CURVE('',#59,(#63,#70),.PCURVE_S1.);
#59 = LINE('',#60,#61);
#60 = CARTESIAN_POINT('',(44.1,-1.080138476848E-14,178.));
#61 = VECTOR('',#62,1.);
#62 = DIRECTION('',(0.,0.,1.));
#63 = PCURVE('',#31,#64);
#64 = DEFINITIONAL_REPRESENTATION('',(#65),#69);
#65 = LINE('',#66,#67);
#66 = CARTESIAN_POINT('',(6.28318530718,-0.));
#67 = VECTOR('',#68,1.);
#68 = DIRECTION('',(0.,1.));
#69 = ( GEOMETRIC_REPRESENTATION_CONTEXT(2) 
PARAMETRIC_REPRESENTATION_CONTEXT() REPRESENTATION_CONTEXT('2D SPACE',''
  ) );
#70 = PCURVE('',#31,#71);
#71 = DEFINITIONAL_REPRESENTATION('',(#72),#76);
#72 = LINE('',#73,#74);
#73 = CARTESIAN_POINT('',(0.,-0.));
#74 = VECTOR('',#75,1.);
#75 = DIRECTION('',(0.,1.));
#76 = ( GEOMETRIC_REPRESENTATION_CONTEXT(2) 
PARAMETRIC_REPRESENTATION_CONTEXT() REPRESENTATION_CONTEXT('2D SPACE',''
  ) );
#77 = ORIENTED_EDGE('',*,*,#78,.T.);
#78 = EDGE_CURVE('',#56,#56,#79,.T.);
#79 = SURFACE_CURVE('',#80,(#85,#92),.PCURVE_S1.);
#80 = CIRCLE('',#81,44.1);
#81 = AXIS2_PLACEMENT_3D('',#82,#83,#84);
#82 = CARTESIAN_POINT('',(0.,0.,178.));
#83 = DIRECTION('',(0.,0.,1.));
#84 = DIRECTION('',(1.,0.,-0.));
#85 = PCURVE('',#31,#86);
#86 = DEFINITIONAL_REPRESENTATION('',(#87),#91);
#87 = LINE('',#88,#89);
#88 = CARTESIAN_POINT('',(0.,0.));
#89 = VECTOR('',#90,1.);
#90 = DIRECTION('',(1.,0.));
#91 = ( GEOMETRIC_REPRESENTATION_CONTEXT(2) 
PARAMETRIC_REPRESENTATION_CONTEXT() REPRESENTATION_CONTEXT('2D SPACE',''
  ) );
#92 = PCURVE('',#93,#98);
#93 = PLANE('',#94);
#94 = AXIS2_PLACEMENT_3D('',#95,#96,#97);
#95 = CARTESIAN_POINT('',(0.,0.,178.));
#96 = DIRECTION('',(0.,0.,1.));
#97 = DIRECTION('',(1.,0.,-0.));
#98 = DEFINITIONAL_REPRESENTATION('',(#99),#103);
#99 = CIRCLE('',#100,44.1);
#100 = AXIS2_PLACEMENT_2D('',#101,#102);
#101 = CARTESIAN_POINT('',(0.,0.));
#102 = DIRECTION('',(1.,0.));
#103 = ( GEOMETRIC_REPRESENTATION_CONTEXT(2) 
PARAMETRIC_REPRESENTATION_CONTEXT() REPRESENTATION_CONTEXT('2D SPACE',''
  ) );
#104 = ORIENTED_EDGE('',*,*,#55,.T.);
#105 = FACE_BOUND('',#106,.T.);
#106 = EDGE_LOOP('',(#107));
#107 = ORIENTED_EDGE('',*,*,#108,.F.);
#108 = EDGE_CURVE('',#109,#109,#111,.T.);
#109 = VERTEX_POINT('',#110);
#110 = CARTESIAN_POINT('',(-22.,38.220544213813,192.1));
#111 = SURFACE_CURVE('',#112,(#185,#261),.PCURVE_S1.);
#112 = B_SPLINE_CURVE_WITH_KNOTS('',8,(#113,#114,#115,#116,#117,#118,
    #119,#120,#121,#122,#123,#124,#125,#126,#127,#128,#129,#130,#131,
    #132,#133,#134,#135,#136,#137,#138,#139,#140,#141,#142,#143,#144,
    #145,#146,#147,#148,#149,#150,#151,#152,#153,#154,#155,#156,#157,
    #158,#159,#160,#161,#162,#163,#164,#165,#166,#167,#168,#169,#170,
    #171,#172,#173,#174,#175,#176,#177,#178,#179,#180,#181,#182,#183,
    #184),.UNSPECIFIED.,.T.,.F.,(9,7,7,7,7,7,7,7,7,7,9),(0.,
    8.233330942477E-02,0.164736399807,0.245387295281,0.407695665746,
    0.575604369773,0.745042164917,0.803759512465,0.859181709175,
    0.951480071464,1.),.UNSPECIFIED.);
#113 = CARTESIAN_POINT('',(-22.,38.220544213813,192.1));
#114 = CARTESIAN_POINT('',(-21.72821327841,38.376986462294,192.1));
#115 = CARTESIAN_POINT('',(-21.45415793485,38.531794167449,
    192.07889443453));
#116 = CARTESIAN_POINT('',(-21.18050834007,38.683389217358,
    192.03606869741));
#117 = CARTESIAN_POINT('',(-20.90996763313,38.830341289884,
    191.97143480703));
#118 = CARTESIAN_POINT('',(-20.64520248173,38.97139962404,
    191.88541396056));
#119 = CARTESIAN_POINT('',(-20.38876697846,39.105513010578,
    191.77892079104));
#120 = CARTESIAN_POINT('',(-20.14301567316,39.231838001828,
    191.6533493274));
#121 = CARTESIAN_POINT('',(-19.67679832335,39.467732602668,
    191.36765096799));
#122 = CARTESIAN_POINT('',(-19.4568345492,39.577045061531,
    191.20778946837));
#123 = CARTESIAN_POINT('',(-19.25135022711,39.677465105517,
    191.03251238392));
#124 = CARTESIAN_POINT('',(-19.06142948805,39.768878257762,
    190.84346171789));
#125 = CARTESIAN_POINT('',(-18.88797816934,39.851249490476,
    190.64237743003));
#126 = CARTESIAN_POINT('',(-18.73169895482,39.924613252563,
    190.43108816576));
#127 = CARTESIAN_POINT('',(-18.5930682715,39.989067210743,
    190.21150053595));
#128 = CARTESIAN_POINT('',(-18.35412927672,40.099287756302,
    189.76447711828));
#129 = CARTESIAN_POINT('',(-18.25285334812,40.145522094961,
    189.53690538361));
#130 = CARTESIAN_POINT('',(-18.16849680771,40.183712805543,
    189.30409732421));
#131 = CARTESIAN_POINT('',(-18.10105313159,40.214056250518,
    189.06720200824));
#132 = CARTESIAN_POINT('',(-18.05050479111,40.236703825187,
    188.82730892689));
#133 = CARTESIAN_POINT('',(-18.0168284231,40.251760713425,
    188.58546493018));
#134 = CARTESIAN_POINT('',(-18.,40.259284643421,188.34269116283));
#135 = CARTESIAN_POINT('',(-18.,40.259284643421,187.61158871908));
#136 = CARTESIAN_POINT('',(-18.06815632031,40.228811561018,
    187.11906237678));
#137 = CARTESIAN_POINT('',(-18.20647527425,40.166969921921,
    186.63285440612));
#138 = CARTESIAN_POINT('',(-18.41535400739,40.072803095515,
    186.16387392596));
#139 = CARTESIAN_POINT('',(-18.69359315529,39.945186628127,
    185.72336539611));
#140 = CARTESIAN_POINT('',(-19.03850701538,39.782836070175,185.322757388
    ));
#141 = CARTESIAN_POINT('',(-19.4459409505,39.584540799192,
    184.97381861203));
#142 = CARTESIAN_POINT('',(-20.39008275353,39.106828088902,
    184.39524777102));
#143 = CARTESIAN_POINT('',(-20.91866949058,38.830968888172,
    184.17756265932));
#144 = CARTESIAN_POINT('',(-21.47911022213,38.527402120848,
    184.04749863169));
#145 = CARTESIAN_POINT('',(-22.05194906746,38.203816901375,
    184.01025778155));
#146 = CARTESIAN_POINT('',(-22.61707543365,37.870416113586,
    184.06517914365));
#147 = CARTESIAN_POINT('',(-23.15537914734,37.539887402838,184.205830836
    ));
#148 = CARTESIAN_POINT('',(-23.65026682531,37.225669602143,
    184.41997402473));
#149 = CARTESIAN_POINT('',(-24.53372615017,36.649514619582,
    184.9613585953));
#150 = CARTESIAN_POINT('',(-24.93258943488,36.380710614211,
    185.29653833983));
#151 = CARTESIAN_POINT('',(-25.27743442976,36.141249962775,
    185.68619643434));
#152 = CARTESIAN_POINT('',(-25.56114767443,35.939356204436,
    186.12057255748));
#153 = CARTESIAN_POINT('',(-25.77846388377,35.782060693212,
    186.58949888533));
#154 = CARTESIAN_POINT('',(-25.92561711118,35.674653561833,
    187.08269030091));
#155 = CARTESIAN_POINT('',(-26.,35.620359346868,187.58976420539));
#156 = CARTESIAN_POINT('',(-26.,35.620359346868,188.27681823856));
#157 = CARTESIAN_POINT('',(-25.99106705868,35.626879407737,
    188.45360708202));
#158 = CARTESIAN_POINT('',(-25.97320691058,35.639916206349,
    188.62984158283));
#159 = CARTESIAN_POINT('',(-25.94646118055,35.659419453185,
    188.80499728737));
#160 = CARTESIAN_POINT('',(-25.91090835242,35.685293051955,
    188.97855216218));
#161 = CARTESIAN_POINT('',(-25.86666473762,35.717396259218,
    189.14998852029));
#162 = CARTESIAN_POINT('',(-25.81388544384,35.755544843999,
    189.31879494742));
#163 = CARTESIAN_POINT('',(-25.69507523411,35.841012250102,
    189.64084411289));
#164 = CARTESIAN_POINT('',(-25.62995489398,35.887695976775,
    189.79442692999));
#165 = CARTESIAN_POINT('',(-25.55754458488,35.939390805891,
    189.94486096513));
#166 = CARTESIAN_POINT('',(-25.47799741348,35.995904387679,
    190.09179367512));
#167 = CARTESIAN_POINT('',(-25.39148093862,36.057025889663,
    190.23487571918));
#168 = CARTESIAN_POINT('',(-25.29817877843,36.122527242208,190.37376099)
  );
#169 = CARTESIAN_POINT('',(-25.19829221739,36.192164384045,
    190.50810664486));
#170 = CARTESIAN_POINT('',(-24.91509577273,36.388106589547,
    190.85318251111));
#171 = CARTESIAN_POINT('',(-24.72038638064,36.521365971493,
    191.05539856798));
#172 = CARTESIAN_POINT('',(-24.50879880736,36.664351479256,
    191.24274061895));
#173 = CARTESIAN_POINT('',(-24.28130882313,36.815879372243,
    191.41372451933));
#174 = CARTESIAN_POINT('',(-24.03900121424,36.974704129159,
    191.56686196479));
#175 = CARTESIAN_POINT('',(-23.78308910978,37.139535260549,
    191.70065945593));
#176 = CARTESIAN_POINT('',(-23.51493421868,37.309054148384,
    191.8136169308));
#177 = CARTESIAN_POINT('',(-23.08947198426,37.572809754354,
    191.95185799077));
#178 = CARTESIAN_POINT('',(-22.93992064986,37.664613711317,
    191.99331248279));
#179 = CARTESIAN_POINT('',(-22.7877400192,37.757085127245,
    192.02833746049));
#180 = CARTESIAN_POINT('',(-22.63327471441,37.849966122429,
    192.05670635052));
#181 = CARTESIAN_POINT('',(-22.47688598129,37.943000803262,
    192.07821840257));
#182 = CARTESIAN_POINT('',(-22.31894973573,38.035937471703,
    192.09269900491));
#183 = CARTESIAN_POINT('',(-22.15985461015,38.12853083473,192.1));
#184 = CARTESIAN_POINT('',(-22.,38.220544213813,192.1));
#185 = PCURVE('',#31,#186);
#186 = DEFINITIONAL_REPRESENTATION('',(#187),#260);
#187 = B_SPLINE_CURVE_WITH_KNOTS('',8,(#188,#189,#190,#191,#192,#193,
    #194,#195,#196,#197,#198,#199,#200,#201,#202,#203,#204,#205,#206,
    #207,#208,#209,#210,#211,#212,#213,#214,#215,#216,#217,#218,#219,
    #220,#221,#222,#223,#224,#225,#226,#227,#228,#229,#230,#231,#232,
    #233,#234,#235,#236,#237,#238,#239,#240,#241,#242,#243,#244,#245,
    #246,#247,#248,#249,#250,#251,#252,#253,#254,#255,#256,#257,#258,
    #259),.UNSPECIFIED.,.T.,.F.,(9,7,7,7,7,7,7,7,7,7,9),(0.,
    8.233330942477E-02,0.164736399807,0.245387295281,0.407695665746,
    0.575604369773,0.745042164917,0.803759512465,0.859181709175,
    0.951480071464,1.),.UNSPECIFIED.);
#188 = CARTESIAN_POINT('',(2.093086412141,14.1));
#189 = CARTESIAN_POINT('',(2.085975400846,14.1));
#190 = CARTESIAN_POINT('',(2.078838294264,14.078894434531));
#191 = CARTESIAN_POINT('',(2.071744960417,14.036068697411));
#192 = CARTESIAN_POINT('',(2.064764127532,13.971434807033));
#193 = CARTESIAN_POINT('',(2.057961890257,13.885413960563));
#194 = CARTESIAN_POINT('',(2.051400078412,13.778920791042));
#195 = CARTESIAN_POINT('',(2.04513448824,13.653349327407));
#196 = CARTESIAN_POINT('',(2.033286445406,13.367650967997));
#197 = CARTESIAN_POINT('',(2.027716787299,13.207789468378));
#198 = CARTESIAN_POINT('',(2.022530811636,13.032512383926));
#199 = CARTESIAN_POINT('',(2.017751473781,12.843461717897));
#200 = CARTESIAN_POINT('',(2.013397449634,12.642377430037));
#201 = CARTESIAN_POINT('',(2.009482698194,12.431088165767));
#202 = CARTESIAN_POINT('',(2.006016011724,12.211500535959));
#203 = CARTESIAN_POINT('',(2.000049215148,11.764477118288));
#204 = CARTESIAN_POINT('',(1.99752473663,11.536905383613));
#205 = CARTESIAN_POINT('',(1.995425004693,11.304097324215));
#206 = CARTESIAN_POINT('',(1.993748022307,11.067202008246));
#207 = CARTESIAN_POINT('',(1.992492012396,10.827308926893));
#208 = CARTESIAN_POINT('',(1.991655521532,10.585464930188));
#209 = CARTESIAN_POINT('',(1.991237523625,10.342691162831));
#210 = CARTESIAN_POINT('',(1.991237523625,9.611588719084));
#211 = CARTESIAN_POINT('',(1.992930463789,9.119062376785));
#212 = CARTESIAN_POINT('',(1.996366143028,8.632854406124));
#213 = CARTESIAN_POINT('',(2.001561695626,8.163873925961));
#214 = CARTESIAN_POINT('',(2.008502607258,7.72336539611));
#215 = CARTESIAN_POINT('',(2.017145897083,7.322757388007));
#216 = CARTESIAN_POINT('',(2.027419636625,6.973818612034));
#217 = CARTESIAN_POINT('',(2.051413236451,6.39524777102));
#218 = CARTESIAN_POINT('',(2.06493234473,6.177562659324));
#219 = CARTESIAN_POINT('',(2.079382418586,6.047498631694));
#220 = CARTESIAN_POINT('',(2.094296217551,6.010257781559));
#221 = CARTESIAN_POINT('',(2.109169901144,6.06517914365));
#222 = CARTESIAN_POINT('',(2.123491009863,6.205830836));
#223 = CARTESIAN_POINT('',(2.136782848745,6.419974024736));
#224 = CARTESIAN_POINT('',(2.160699624165,6.961358595304));
#225 = CARTESIAN_POINT('',(2.171605089471,7.296538339831));
#226 = CARTESIAN_POINT('',(2.181123720856,7.686196434345));
#227 = CARTESIAN_POINT('',(2.189019164204,8.120572557488));
#228 = CARTESIAN_POINT('',(2.195102327,8.589498885335));
#229 = CARTESIAN_POINT('',(2.19923343811,9.082690300916));
#230 = CARTESIAN_POINT('',(2.201321660853,9.589764205397));
#231 = CARTESIAN_POINT('',(2.201321660853,10.27681823856));
#232 = CARTESIAN_POINT('',(2.201070882902,10.453607082022));
#233 = CARTESIAN_POINT('',(2.200569475281,10.629841582837));
#234 = CARTESIAN_POINT('',(2.199818873693,10.804997287374));
#235 = CARTESIAN_POINT('',(2.198821800788,10.978552162189));
#236 = CARTESIAN_POINT('',(2.197582265687,11.149988520294));
#237 = CARTESIAN_POINT('',(2.196105563504,11.318794947424));
#238 = CARTESIAN_POINT('',(2.192786797346,11.64084411289));
#239 = CARTESIAN_POINT('',(2.190969904346,11.794426929993));
#240 = CARTESIAN_POINT('',(2.188952457512,11.944860965131));
#241 = CARTESIAN_POINT('',(2.186739808911,12.091793675123));
#242 = CARTESIAN_POINT('',(2.18433781098,12.234875719184));
#243 = CARTESIAN_POINT('',(2.181752826468,12.373760990009));
#244 = CARTESIAN_POINT('',(2.178991738379,12.50810664486));
#245 = CARTESIAN_POINT('',(2.171182800113,12.853182511112));
#246 = CARTESIAN_POINT('',(2.165832654134,13.055398567987));
#247 = CARTESIAN_POINT('',(2.160042108195,13.242740618958));
#248 = CARTESIAN_POINT('',(2.153844313549,13.413724519337));
#249 = CARTESIAN_POINT('',(2.147275064688,13.566861964792));
#250 = CARTESIAN_POINT('',(2.140372935703,13.700659455938));
#251 = CARTESIAN_POINT('',(2.133179474765,13.813616930805));
#252 = CARTESIAN_POINT('',(2.121828345726,13.951857990771));
#253 = CARTESIAN_POINT('',(2.11784922376,13.993312482797));
#254 = CARTESIAN_POINT('',(2.113811362616,14.02833746049));
#255 = CARTESIAN_POINT('',(2.109724380083,14.056706350521));
#256 = CARTESIAN_POINT('',(2.105598181218,14.078218402572));
#257 = CARTESIAN_POINT('',(2.101442899579,14.092699004919));
#258 = CARTESIAN_POINT('',(2.097268838463,14.1));
#259 = CARTESIAN_POINT('',(2.093086412141,14.1));
#260 = ( GEOMETRIC_REPRESENTATION_CONTEXT(2) 
PARAMETRIC_REPRESENTATION_CONTEXT() REPRESENTATION_CONTEXT('2D SPACE',''
  ) );
#261 = PCURVE('',#262,#267);
#262 = CYLINDRICAL_SURFACE('',#263,4.);
#263 = AXIS2_PLACEMENT_3D('',#264,#265,#266);
#264 = CARTESIAN_POINT('',(-22.,-50.,188.1));
#265 = DIRECTION('',(0.,1.,0.));
#266 = DIRECTION('',(0.,-0.,1.));
#267 = DEFINITIONAL_REPRESENTATION('',(#268),#341);
#268 = B_SPLINE_CURVE_WITH_KNOTS('',8,(#269,#270,#271,#272,#273,#274,
    #275,#276,#277,#278,#279,#280,#281,#282,#283,#284,#285,#286,#287,
    #288,#289,#290,#291,#292,#293,#294,#295,#296,#297,#298,#299,#300,
    #301,#302,#303,#304,#305,#306,#307,#308,#309,#310,#311,#312,#313,
    #314,#315,#316,#317,#318,#319,#320,#321,#322,#323,#324,#325,#326,
    #327,#328,#329,#330,#331,#332,#333,#334,#335,#336,#337,#338,#339,
    #340),.UNSPECIFIED.,.F.,.F.,(9,7,7,7,7,7,7,7,7,7,9),(0.,
    8.233330942477E-02,0.164736399807,0.245387295281,0.407695665746,
    0.575604369773,0.745042164917,0.803759512465,0.859181709175,
    0.951480071464,1.),.UNSPECIFIED.);
#269 = CARTESIAN_POINT('',(0.,88.220544213813));
#270 = CARTESIAN_POINT('',(6.794668039749E-02,88.376986462294));
#271 = CARTESIAN_POINT('',(0.136460396182,88.531794167449));
#272 = CARTESIAN_POINT('',(0.205351128449,88.683389217358));
#273 = CARTESIAN_POINT('',(0.274453599791,88.830341289884));
#274 = CARTESIAN_POINT('',(0.343612907685,88.97139962404));
#275 = CARTESIAN_POINT('',(0.412671656611,89.105513010578));
#276 = CARTESIAN_POINT('',(0.481458588911,89.231838001828));
#277 = CARTESIAN_POINT('',(0.618156744037,89.467732602668));
#278 = CARTESIAN_POINT('',(0.685926077274,89.577045061531));
#279 = CARTESIAN_POINT('',(0.753109791911,89.677465105517));
#280 = CARTESIAN_POINT('',(0.819713135442,89.768878257762));
#281 = CARTESIAN_POINT('',(0.885727330398,89.851249490476));
#282 = CARTESIAN_POINT('',(0.95113001141,89.924613252563));
#283 = CARTESIAN_POINT('',(1.015882293936,89.989067210743));
#284 = CARTESIAN_POINT('',(1.142600923971,90.099287756302));
#285 = CARTESIAN_POINT('',(1.204711553932,90.145522094961));
#286 = CARTESIAN_POINT('',(1.26635734501,90.183712805543));
#287 = CARTESIAN_POINT('',(1.32763327153,90.214056250518));
#288 = CARTESIAN_POINT('',(1.388628778878,90.236703825187));
#289 = CARTESIAN_POINT('',(1.449430260698,90.251760713425));
#290 = CARTESIAN_POINT('',(1.510123536087,90.259284643421));
#291 = CARTESIAN_POINT('',(1.692899147024,90.259284643421));
#292 = CARTESIAN_POINT('',(1.816030086685,90.228811561018));
#293 = CARTESIAN_POINT('',(1.940358598997,90.166969921921));
#294 = CARTESIAN_POINT('',(2.066118107453,90.072803095515));
#295 = CARTESIAN_POINT('',(2.193631405164,89.945186628127));
#296 = CARTESIAN_POINT('',(2.323317451038,89.782836070175));
#297 = CARTESIAN_POINT('',(2.455746929341,89.584540799192));
#298 = CARTESIAN_POINT('',(2.732575843373,89.106828088902));
#299 = CARTESIAN_POINT('',(2.87368448207,88.830968888172));
#300 = CARTESIAN_POINT('',(3.014387549045,88.527402120848));
#301 = CARTESIAN_POINT('',(3.154195772152,88.203816901375));
#302 = CARTESIAN_POINT('',(3.292594027149,87.870416113586));
#303 = CARTESIAN_POINT('',(3.428977658962,87.539887402838));
#304 = CARTESIAN_POINT('',(3.56244023971,87.225669602143));
#305 = CARTESIAN_POINT('',(3.821476630969,86.649514619582));
#306 = CARTESIAN_POINT('',(3.950281033635,86.380710614211));
#307 = CARTESIAN_POINT('',(4.07804328929,86.141249962775));
#308 = CARTESIAN_POINT('',(4.205045522466,85.939356204436));
#309 = CARTESIAN_POINT('',(4.331601089721,85.782060693212));
#310 = CARTESIAN_POINT('',(4.458061523696,85.674653561833));
#311 = CARTESIAN_POINT('',(4.584830031734,85.620359346868));
#312 = CARTESIAN_POINT('',(4.756593540025,85.620359346868));
#313 = CARTESIAN_POINT('',(4.800790781294,85.626879407737));
#314 = CARTESIAN_POINT('',(4.84498099959,85.639916206349));
#315 = CARTESIAN_POINT('',(4.889164572108,85.659419453185));
#316 = CARTESIAN_POINT('',(4.933341517536,85.685293051955));
#317 = CARTESIAN_POINT('',(4.977511055736,85.717396259218));
#318 = CARTESIAN_POINT('',(5.021671167435,85.755544843999));
#319 = CARTESIAN_POINT('',(5.107487661665,85.841012250102));
#320 = CARTESIAN_POINT('',(5.149145019979,85.887695976775));
#321 = CARTESIAN_POINT('',(5.190804830509,85.939390805892));
#322 = CARTESIAN_POINT('',(5.232481195313,85.995904387679));
#323 = CARTESIAN_POINT('',(5.274187638653,86.057025889663));
#324 = CARTESIAN_POINT('',(5.315937028793,86.122527242208));
#325 = CARTESIAN_POINT('',(5.357741499803,86.192164384045));
#326 = CARTESIAN_POINT('',(5.469342793405,86.388106589547));
#327 = CARTESIAN_POINT('',(5.539302232218,86.521365971493));
#328 = CARTESIAN_POINT('',(5.609580475957,86.664351479256));
#329 = CARTESIAN_POINT('',(5.680267376022,86.815879372243));
#330 = CARTESIAN_POINT('',(5.751454407306,86.974704129159));
#331 = CARTESIAN_POINT('',(5.823237581046,87.139535260549));
#332 = CARTESIAN_POINT('',(5.895721712265,87.309054148384));
#333 = CARTESIAN_POINT('',(6.007561079098,87.572809754354));
#334 = CARTESIAN_POINT('',(6.046321540368,87.664613711317));
#335 = CARTESIAN_POINT('',(6.085297681227,87.757085127245));
#336 = CARTESIAN_POINT('',(6.124481495434,87.849966122429));
#337 = CARTESIAN_POINT('',(6.163866556173,87.943000803262));
#338 = CARTESIAN_POINT('',(6.203447857306,88.035937471703));
#339 = CARTESIAN_POINT('',(6.24322165464,88.12853083473));
#340 = CARTESIAN_POINT('',(6.28318530718,88.220544213813));
#341 = ( GEOMETRIC_REPRESENTATION_CONTEXT(2) 
PARAMETRIC_REPRESENTATION_CONTEXT() REPRESENTATION_CONTEXT('2D SPACE',''
  ) );
#342 = FACE_BOUND('',#343,.T.);
#343 = EDGE_LOOP('',(#344));
#344 = ORIENTED_EDGE('',*,*,#345,.F.);
#345 = EDGE_CURVE('',#346,#346,#348,.T.);
#346 = VERTEX_POINT('',#347);
#347 = CARTESIAN_POINT('',(22.,38.220544213813,192.1));
#348 = SURFACE_CURVE('',#349,(#422,#498),.PCURVE_S1.);
#349 = B_SPLINE_CURVE_WITH_KNOTS('',8,(#350,#351,#352,#353,#354,#355,
    #356,#357,#358,#359,#360,#361,#362,#363,#364,#365,#366,#367,#368,
    #369,#370,#371,#372,#373,#374,#375,#376,#377,#378,#379,#380,#381,
    #382,#383,#384,#385,#386,#387,#388,#389,#390,#391,#392,#393,#394,
    #395,#396,#397,#398,#399,#400,#401,#402,#403,#404,#405,#406,#407,
    #408,#409,#410,#411,#412,#413,#414,#415,#416,#417,#418,#419,#420,
    #421),.UNSPECIFIED.,.T.,.F.,(9,7,7,7,7,7,7,7,7,7,9),(0.,
    7.33197669556E-02,0.14052600164,0.215360992303,0.312974301871,
    0.472810201061,0.638995477079,0.754080197388,0.834906110874,
    0.917488021652,1.),.UNSPECIFIED.);
#350 = CARTESIAN_POINT('',(22.,38.220544213813,192.1));
#351 = CARTESIAN_POINT('',(22.242203878583,38.081130046944,192.1));
#352 = CARTESIAN_POINT('',(22.482462334774,37.940500426596,
    192.08323938574));
#353 = CARTESIAN_POINT('',(22.719488618921,37.799427421073,
    192.05018859327));
#354 = CARTESIAN_POINT('',(22.952056647976,37.658718070737,
    192.00142016384));
#355 = CARTESIAN_POINT('',(23.179012902117,37.519202972462,
    191.93760565727));
#356 = CARTESIAN_POINT('',(23.399286460822,37.381722206396,
    191.85951272119));
#357 = CARTESIAN_POINT('',(23.611897178396,37.247108605024,
    191.76800231617));
#358 = CARTESIAN_POINT('',(24.003011532679,36.996146153637,191.568719599
    ));
#359 = CARTESIAN_POINT('',(24.183090871301,36.87907553503,
    191.46283274813));
#360 = CARTESIAN_POINT('',(24.355706326683,36.765452064632,
    191.34694821001));
#361 = CARTESIAN_POINT('',(24.520403128629,36.655763718464,
    191.22164295273));
#362 = CARTESIAN_POINT('',(24.676761340735,36.550487726717,
    191.08748857634));
#363 = CARTESIAN_POINT('',(24.824391776225,36.450087407816,
    190.94505164257));
#364 = CARTESIAN_POINT('',(24.962931913794,36.355009002485,
    190.79489400457));
#365 = CARTESIAN_POINT('',(25.235807316469,36.166207874379,
    190.46239436436));
#366 = CARTESIAN_POINT('',(25.367965561126,36.073805121391,
    190.27822945765));
#367 = CARTESIAN_POINT('',(25.48793602714,35.9891334148,190.08593552496)
  );
#368 = CARTESIAN_POINT('',(25.595212670291,35.912802494133,
    189.88639063512));
#369 = CARTESIAN_POINT('',(25.689356369585,35.845360155675,
    189.68048980375));
#370 = CARTESIAN_POINT('',(25.769988654714,35.787284931721,
    189.46914132692));
#371 = CARTESIAN_POINT('',(25.836786713826,35.738979965872,
    189.25326346194));
#372 = CARTESIAN_POINT('',(25.958211366179,35.650925247763,
    188.74749338541));
#373 = CARTESIAN_POINT('',(26.002895351912,35.618290544129,
    188.45527742149));
#374 = CARTESIAN_POINT('',(26.022899865341,35.603603484983,
    188.15957591601));
#375 = CARTESIAN_POINT('',(26.017921863133,35.607242310134,
    187.8628690776));
#376 = CARTESIAN_POINT('',(25.987961856366,35.629208894752,
    187.56765060735));
#377 = CARTESIAN_POINT('',(25.933318227608,35.669127253261,
    187.27640257104));
#378 = CARTESIAN_POINT('',(25.854601040764,35.726255640112,
    186.99156950727));
#379 = CARTESIAN_POINT('',(25.586015539963,35.919465517639,
    186.2635366506));
#380 = CARTESIAN_POINT('',(25.357501832766,36.082502292424,
    185.83572271652));
#381 = CARTESIAN_POINT('',(25.070758917349,36.284351722031,
    185.43984630189));
#382 = CARTESIAN_POINT('',(24.729711057891,36.519772767465,
    185.0835952027));
#383 = CARTESIAN_POINT('',(24.339059614955,36.782638192377,
    184.77474008752));
#384 = CARTESIAN_POINT('',(23.904542370593,37.066231200007,
    184.52109066547));
#385 = CARTESIAN_POINT('',(23.433199552106,37.363578988713,
    184.33041999532));
#386 = CARTESIAN_POINT('',(22.414524300641,37.983794933746,
    184.08585770504));
#387 = CARTESIAN_POINT('',(21.861598045476,38.309228309985,
    184.03690357141));
#388 = CARTESIAN_POINT('',(21.2941124377,38.630145865239,184.07652178665
    ));
#389 = CARTESIAN_POINT('',(20.733855344775,38.933353613844,
    184.2091215066));
#390 = CARTESIAN_POINT('',(20.202679729899,39.208782041552,
    184.43162521772));
#391 = CARTESIAN_POINT('',(19.720598227365,39.449845828205,
    184.73379407571));
#392 = CARTESIAN_POINT('',(19.303218987562,39.652762988342,
    185.09844870542));
#393 = CARTESIAN_POINT('',(18.719569524346,39.930660829003,
    185.78181442619));
#394 = CARTESIAN_POINT('',(18.514143411881,40.026463912121,
    186.08181961242));
#395 = CARTESIAN_POINT('',(18.342641355415,40.10511243269,
    186.39809902801));
#396 = CARTESIAN_POINT('',(18.205391512852,40.167259419607,
    186.72690329906));
#397 = CARTESIAN_POINT('',(18.102546465569,40.213435680201,
    187.06474691412));
#398 = CARTESIAN_POINT('',(18.034117021429,40.244031024378,
    187.40832271164));
#399 = CARTESIAN_POINT('',(18.,40.259284643421,187.75444195566));
#400 = CARTESIAN_POINT('',(18.,40.259284643421,188.34269116283));
#401 = CARTESIAN_POINT('',(18.016828423102,40.251760713425,
    188.58546493018));
#402 = CARTESIAN_POINT('',(18.05050479111,40.236703825187,
    188.82730892689));
#403 = CARTESIAN_POINT('',(18.10105313159,40.214056250518,
    189.06720200824));
#404 = CARTESIAN_POINT('',(18.168496807718,40.183712805543,
    189.30409732421));
#405 = CARTESIAN_POINT('',(18.252853348122,40.145522094961,
    189.53690538361));
#406 = CARTESIAN_POINT('',(18.354129276729,40.099287756302,
    189.76447711828));
#407 = CARTESIAN_POINT('',(18.593068271505,39.989067210743,
    190.21150053595));
#408 = CARTESIAN_POINT('',(18.731698954828,39.924613252563,
    190.43108816576));
#409 = CARTESIAN_POINT('',(18.887978169343,39.851249490475,
    190.64237743003));
#410 = CARTESIAN_POINT('',(19.061429488051,39.768878257762,
    190.84346171789));
#411 = CARTESIAN_POINT('',(19.251350227112,39.677465105517,
    191.03251238392));
#412 = CARTESIAN_POINT('',(19.456834549206,39.577045061531,
    191.20778946837));
#413 = CARTESIAN_POINT('',(19.67679832335,39.467732602668,
    191.36765096799));
#414 = CARTESIAN_POINT('',(20.143015673042,39.231838001889,
    191.65334932733));
#415 = CARTESIAN_POINT('',(20.388766978532,39.105513010548,
    191.7789207911));
#416 = CARTESIAN_POINT('',(20.645202481862,38.971399623969,
    191.8854139606));
#417 = CARTESIAN_POINT('',(20.909967633145,38.830341289875,
    191.97143480699));
#418 = CARTESIAN_POINT('',(21.180508339938,38.683389217431,
    192.03606869737));
#419 = CARTESIAN_POINT('',(21.454157934764,38.531794167502,
    192.07889443455));
#420 = CARTESIAN_POINT('',(21.728213278551,38.376986462212,192.1));
#421 = CARTESIAN_POINT('',(22.,38.220544213813,192.1));
#422 = PCURVE('',#31,#423);
#423 = DEFINITIONAL_REPRESENTATION('',(#424),#497);
#424 = B_SPLINE_CURVE_WITH_KNOTS('',8,(#425,#426,#427,#428,#429,#430,
    #431,#432,#433,#434,#435,#436,#437,#438,#439,#440,#441,#442,#443,
    #444,#445,#446,#447,#448,#449,#450,#451,#452,#453,#454,#455,#456,
    #457,#458,#459,#460,#461,#462,#463,#464,#465,#466,#467,#468,#469,
    #470,#471,#472,#473,#474,#475,#476,#477,#478,#479,#480,#481,#482,
    #483,#484,#485,#486,#487,#488,#489,#490,#491,#492,#493,#494,#495,
    #496),.UNSPECIFIED.,.T.,.F.,(9,7,7,7,7,7,7,7,7,7,9),(0.,
    7.33197669556E-02,0.14052600164,0.215360992303,0.312974301871,
    0.472810201061,0.638995477079,0.754080197388,0.834906110874,
    0.917488021652,1.),.UNSPECIFIED.);
#425 = CARTESIAN_POINT('',(1.048506241449,14.1));
#426 = CARTESIAN_POINT('',(1.042169233864,14.1));
#427 = CARTESIAN_POINT('',(1.035856709224,14.083239385745));
#428 = CARTESIAN_POINT('',(1.029602302565,14.050188593276));
#429 = CARTESIAN_POINT('',(1.02343886177,14.001420163844));
#430 = CARTESIAN_POINT('',(1.017398134196,13.937605657273));
#431 = CARTESIAN_POINT('',(1.011510444075,13.859512721193));
#432 = CARTESIAN_POINT('',(1.005804360678,13.768002316177));
#433 = CARTESIAN_POINT('',(0.995266787122,13.568719599007));
#434 = CARTESIAN_POINT('',(0.99039638744,13.462832748135));
#435 = CARTESIAN_POINT('',(0.985710449514,13.346948210014));
#436 = CARTESIAN_POINT('',(0.981223491552,13.221642952736));
#437 = CARTESIAN_POINT('',(0.976949293106,13.087488576345));
#438 = CARTESIAN_POINT('',(0.972900929504,12.945051642574));
#439 = CARTESIAN_POINT('',(0.969090806294,12.794894004574));
#440 = CARTESIAN_POINT('',(0.961566463337,12.462394364369));
#441 = CARTESIAN_POINT('',(0.957909868751,12.278229457654));
#442 = CARTESIAN_POINT('',(0.954580195356,12.085935524965));
#443 = CARTESIAN_POINT('',(0.95159471517,11.886390635125));
#444 = CARTESIAN_POINT('',(0.948968700948,11.680489803759));
#445 = CARTESIAN_POINT('',(0.946715430737,11.469141326924));
#446 = CARTESIAN_POINT('',(0.944846182824,11.25326346194));
#447 = CARTESIAN_POINT('',(0.941445005234,10.74749338541));
#448 = CARTESIAN_POINT('',(0.940190307653,10.455277421496));
#449 = CARTESIAN_POINT('',(0.939627559778,10.159575916018));
#450 = CARTESIAN_POINT('',(0.939767381052,9.862869077602));
#451 = CARTESIAN_POINT('',(0.940609790372,9.567650607354));
#452 = CARTESIAN_POINT('',(0.942144282209,9.27640257104));
#453 = CARTESIAN_POINT('',(0.944349767414,8.991569507274));
#454 = CARTESIAN_POINT('',(0.951852257921,8.263536650604));
#455 = CARTESIAN_POINT('',(0.958217570231,7.835722716521));
#456 = CARTESIAN_POINT('',(0.966168862673,7.439846301898));
#457 = CARTESIAN_POINT('',(0.975565094127,7.0835952027));
#458 = CARTESIAN_POINT('',(0.986240407855,6.774740087521));
#459 = CARTESIAN_POINT('',(0.998004018565,6.521090665471));
#460 = CARTESIAN_POINT('',(1.010639540462,6.330419995323));
#461 = CARTESIAN_POINT('',(1.03768331195,6.085857705046));
#462 = CARTESIAN_POINT('',(1.052230153927,6.036903571412));
#463 = CARTESIAN_POINT('',(1.067009746519,6.076521786649));
#464 = CARTESIAN_POINT('',(1.081450250929,6.209121506606));
#465 = CARTESIAN_POINT('',(1.095014912604,6.431625217726));
#466 = CARTESIAN_POINT('',(1.107235714381,6.733794075719));
#467 = CARTESIAN_POINT('',(1.11775897752,7.098448705425));
#468 = CARTESIAN_POINT('',(1.132417292063,7.781814426192));
#469 = CARTESIAN_POINT('',(1.137556978197,8.081819612421));
#470 = CARTESIAN_POINT('',(1.141835225734,8.398099028016));
#471 = CARTESIAN_POINT('',(1.145251613469,8.726903299065));
#472 = CARTESIAN_POINT('',(1.147807976858,9.064746914129));
#473 = CARTESIAN_POINT('',(1.149507699213,9.408322711641));
#474 = CARTESIAN_POINT('',(1.150355129965,9.754441955663));
#475 = CARTESIAN_POINT('',(1.150355129965,10.342691162831));
#476 = CARTESIAN_POINT('',(1.149937132058,10.585464930188));
#477 = CARTESIAN_POINT('',(1.149100641193,10.827308926893));
#478 = CARTESIAN_POINT('',(1.147844631283,11.067202008246));
#479 = CARTESIAN_POINT('',(1.146167648897,11.304097324214));
#480 = CARTESIAN_POINT('',(1.14406791696,11.536905383613));
#481 = CARTESIAN_POINT('',(1.141543438442,11.764477118288));
#482 = CARTESIAN_POINT('',(1.135576641865,12.211500535959));
#483 = CARTESIAN_POINT('',(1.132109955395,12.431088165767));
#484 = CARTESIAN_POINT('',(1.128195203956,12.642377430038));
#485 = CARTESIAN_POINT('',(1.123841179809,12.843461717897));
#486 = CARTESIAN_POINT('',(1.119061841953,13.032512383926));
#487 = CARTESIAN_POINT('',(1.113875866291,13.207789468378));
#488 = CARTESIAN_POINT('',(1.108306208183,13.367650967997));
#489 = CARTESIAN_POINT('',(1.096458165353,13.653349327333));
#490 = CARTESIAN_POINT('',(1.090192575177,13.778920791106));
#491 = CARTESIAN_POINT('',(1.083630763329,13.885413960606));
#492 = CARTESIAN_POINT('',(1.076828526058,13.971434806999));
#493 = CARTESIAN_POINT('',(1.069847693176,14.036068697379));
#494 = CARTESIAN_POINT('',(1.062754359329,14.078894434552));
#495 = CARTESIAN_POINT('',(1.05561725274,14.1));
#496 = CARTESIAN_POINT('',(1.048506241449,14.1));
#497 = ( GEOMETRIC_REPRESENTATION_CONTEXT(2) 
PARAMETRIC_REPRESENTATION_CONTEXT() REPRESENTATION_CONTEXT('2D SPACE',''
  ) );
#498 = PCURVE('',#499,#504);
#499 = CYLINDRICAL_SURFACE('',#500,4.);
#500 = AXIS2_PLACEMENT_3D('',#501,#502,#503);
#501 = CARTESIAN_POINT('',(22.,-50.,188.1));
#502 = DIRECTION('',(0.,1.,0.));
#503 = DIRECTION('',(0.,-0.,1.));
#504 = DEFINITIONAL_REPRESENTATION('',(#505),#578);
#505 = B_SPLINE_CURVE_WITH_KNOTS('',8,(#506,#507,#508,#509,#510,#511,
    #512,#513,#514,#515,#516,#517,#518,#519,#520,#521,#522,#523,#524,
    #525,#526,#527,#528,#529,#530,#531,#532,#533,#534,#535,#536,#537,
    #538,#539,#540,#541,#542,#543,#544,#545,#546,#547,#548,#549,#550,
    #551,#552,#553,#554,#555,#556,#557,#558,#559,#560,#561,#562,#563,
    #564,#565,#566,#567,#568,#569,#570,#571,#572,#573,#574,#575,#576,
    #577),.UNSPECIFIED.,.F.,.F.,(9,7,7,7,7,7,7,7,7,7,9),(0.,
    7.33197669556E-02,0.14052600164,0.215360992303,0.312974301871,
    0.472810201061,0.638995477079,0.754080197388,0.834906110874,
    0.917488021652,1.),.UNSPECIFIED.);
#506 = CARTESIAN_POINT('',(0.,88.220544213813));
#507 = CARTESIAN_POINT('',(6.055096964581E-02,88.081130046944));
#508 = CARTESIAN_POINT('',(0.120615578919,87.940500426596));
#509 = CARTESIAN_POINT('',(0.180210448828,87.799427421073));
#510 = CARTESIAN_POINT('',(0.239344533544,87.658718070736));
#511 = CARTESIAN_POINT('',(0.298020788033,87.519202972462));
#512 = CARTESIAN_POINT('',(0.356236469472,87.381722206396));
#513 = CARTESIAN_POINT('',(0.413982072465,87.247108605024));
#514 = CARTESIAN_POINT('',(0.523721547896,86.996146153637));
#515 = CARTESIAN_POINT('',(0.575852458599,86.87907553503));
#516 = CARTESIAN_POINT('',(0.627675672853,86.765452064632));
#517 = CARTESIAN_POINT('',(0.679232439535,86.655763718464));
#518 = CARTESIAN_POINT('',(0.730562119227,86.550487726717));
#519 = CARTESIAN_POINT('',(0.781703089739,86.450087407816));
#520 = CARTESIAN_POINT('',(0.832693651648,86.355009002485));
#521 = CARTESIAN_POINT('',(0.94022765677,86.166207874379));
#522 = CARTESIAN_POINT('',(0.996778080602,86.073805121391));
#523 = CARTESIAN_POINT('',(1.053243609574,85.9891334148));
#524 = CARTESIAN_POINT('',(1.109647077684,85.912802494133));
#525 = CARTESIAN_POINT('',(1.166013657731,85.845360155675));
#526 = CARTESIAN_POINT('',(1.222370517096,85.787284931721));
#527 = CARTESIAN_POINT('',(1.278747220216,85.738979965872));
#528 = CARTESIAN_POINT('',(1.408782628017,85.650925247763));
#529 = CARTESIAN_POINT('',(1.48242577238,85.618290544129));
#530 = CARTESIAN_POINT('',(1.556084219518,85.603603484983));
#531 = CARTESIAN_POINT('',(1.629746183816,85.607242310134));
#532 = CARTESIAN_POINT('',(1.703404748972,85.629208894752));
#533 = CARTESIAN_POINT('',(1.777051565103,85.669127253261));
#534 = CARTESIAN_POINT('',(1.850669679401,85.726255640112));
#535 = CARTESIAN_POINT('',(2.044668714778,85.919465517639));
#536 = CARTESIAN_POINT('',(2.164784546975,86.082502292424));
#537 = CARTESIAN_POINT('',(2.285110995769,86.284351722031));
#538 = CARTESIAN_POINT('',(2.406105693396,86.519772767465));
#539 = CARTESIAN_POINT('',(2.528207056197,86.782638192377));
#540 = CARTESIAN_POINT('',(2.651862978204,87.066231200007));
#541 = CARTESIAN_POINT('',(2.777570914916,87.363578988713));
#542 = CARTESIAN_POINT('',(3.03947619142,87.983794933746));
#543 = CARTESIAN_POINT('',(3.176745494878,88.309228309985));
#544 = CARTESIAN_POINT('',(3.316010249579,88.630145865239));
#545 = CARTESIAN_POINT('',(3.456203671474,88.933353613844));
#546 = CARTESIAN_POINT('',(3.59641981725,89.208782041552));
#547 = CARTESIAN_POINT('',(3.735698032647,89.449845828205));
#548 = CARTESIAN_POINT('',(3.87278604704,89.652762988342));
#549 = CARTESIAN_POINT('',(4.097457390928,89.930660829003));
#550 = CARTESIAN_POINT('',(4.187842748002,90.026463912121));
#551 = CARTESIAN_POINT('',(4.276995638475,90.10511243269));
#552 = CARTESIAN_POINT('',(4.365171670116,90.167259419607));
#553 = CARTESIAN_POINT('',(4.452593933661,90.213435680201));
#554 = CARTESIAN_POINT('',(4.539469194844,90.244031024379));
#555 = CARTESIAN_POINT('',(4.6259994693,90.259284643421));
#556 = CARTESIAN_POINT('',(4.773061771092,90.259284643421));
#557 = CARTESIAN_POINT('',(4.833755046482,90.251760713425));
#558 = CARTESIAN_POINT('',(4.894556528302,90.236703825187));
#559 = CARTESIAN_POINT('',(4.95555203565,90.214056250518));
#560 = CARTESIAN_POINT('',(5.01682796217,90.183712805543));
#561 = CARTESIAN_POINT('',(5.078473753248,90.145522094961));
#562 = CARTESIAN_POINT('',(5.140584383208,90.099287756302));
#563 = CARTESIAN_POINT('',(5.267303013244,89.989067210743));
#564 = CARTESIAN_POINT('',(5.332055295769,89.924613252563));
#565 = CARTESIAN_POINT('',(5.397457976781,89.851249490475));
#566 = CARTESIAN_POINT('',(5.463472171738,89.768878257762));
#567 = CARTESIAN_POINT('',(5.530075515268,89.677465105517));
#568 = CARTESIAN_POINT('',(5.597259229906,89.577045061531));
#569 = CARTESIAN_POINT('',(5.665028563143,89.467732602668));
#570 = CARTESIAN_POINT('',(5.801726718233,89.231838001889));
#571 = CARTESIAN_POINT('',(5.870513650589,89.105513010548));
#572 = CARTESIAN_POINT('',(5.93957239953,88.971399623969));
#573 = CARTESIAN_POINT('',(6.008731707388,88.830341289875));
#574 = CARTESIAN_POINT('',(6.077834178695,88.683389217431));
#575 = CARTESIAN_POINT('',(6.146724910978,88.531794167502));
#576 = CARTESIAN_POINT('',(6.215238626817,88.376986462212));
#577 = CARTESIAN_POINT('',(6.28318530718,88.220544213813));
#578 = ( GEOMETRIC_REPRESENTATION_CONTEXT(2) 
PARAMETRIC_REPRESENTATION_CONTEXT() REPRESENTATION_CONTEXT('2D SPACE',''
  ) );
#579 = FACE_BOUND('',#580,.T.);
#580 = EDGE_LOOP('',(#581));
#581 = ORIENTED_EDGE('',*,*,#582,.T.);
#582 = EDGE_CURVE('',#583,#583,#585,.T.);
#583 = VERTEX_POINT('',#584);
#584 = CARTESIAN_POINT('',(-22.,-38.22054421381,192.1));
#585 = SURFACE_CURVE('',#586,(#659,#735),.PCURVE_S1.);
#586 = B_SPLINE_CURVE_WITH_KNOTS('',8,(#587,#588,#589,#590,#591,#592,
    #593,#594,#595,#596,#597,#598,#599,#600,#601,#602,#603,#604,#605,
    #606,#607,#608,#609,#610,#611,#612,#613,#614,#615,#616,#617,#618,
    #619,#620,#621,#622,#623,#624,#625,#626,#627,#628,#629,#630,#631,
    #632,#633,#634,#635,#636,#637,#638,#639,#640,#641,#642,#643,#644,
    #645,#646,#647,#648,#649,#650,#651,#652,#653,#654,#655,#656,#657,
    #658),.UNSPECIFIED.,.T.,.F.,(9,7,7,7,7,7,7,7,7,7,9),(0.,
    8.233330954996E-02,0.164736400033,0.245387295579,0.407695664562,
    0.575604368801,0.74504216416,0.803759511782,0.859181708563,
    0.951480070968,1.),.UNSPECIFIED.);
#587 = CARTESIAN_POINT('',(-22.,-38.22054421381,192.1));
#588 = CARTESIAN_POINT('',(-21.72821327841,-38.37698646229,192.1));
#589 = CARTESIAN_POINT('',(-21.45415793485,-38.53179416744,
    192.07889443453));
#590 = CARTESIAN_POINT('',(-21.18050834007,-38.68338921735,
    192.03606869741));
#591 = CARTESIAN_POINT('',(-20.90996763313,-38.83034128988,
    191.97143480703));
#592 = CARTESIAN_POINT('',(-20.64520248173,-38.97139962404,
    191.88541396056));
#593 = CARTESIAN_POINT('',(-20.38876697846,-39.10551301057,
    191.77892079104));
#594 = CARTESIAN_POINT('',(-20.14301567316,-39.23183800182,
    191.6533493274));
#595 = CARTESIAN_POINT('',(-19.67679832342,-39.46773260263,
    191.36765096804));
#596 = CARTESIAN_POINT('',(-19.45683454922,-39.57704506152,
    191.2077894684));
#597 = CARTESIAN_POINT('',(-19.25135022707,-39.67746510553,
    191.0325123839));
#598 = CARTESIAN_POINT('',(-19.061429488,-39.76887825778,190.84346171784
    ));
#599 = CARTESIAN_POINT('',(-18.88797816932,-39.85124949048,
    190.64237742999));
#600 = CARTESIAN_POINT('',(-18.73169895485,-39.92461325255,
    190.43108816578));
#601 = CARTESIAN_POINT('',(-18.59306827154,-39.98906721072,
    190.21150053603));
#602 = CARTESIAN_POINT('',(-18.35412927672,-40.0992877563,
    189.76447711828));
#603 = CARTESIAN_POINT('',(-18.25285334812,-40.14552209496,
    189.53690538361));
#604 = CARTESIAN_POINT('',(-18.16849680771,-40.18371280554,
    189.30409732421));
#605 = CARTESIAN_POINT('',(-18.10105313159,-40.21405625051,
    189.06720200824));
#606 = CARTESIAN_POINT('',(-18.05050479111,-40.23670382518,
    188.82730892689));
#607 = CARTESIAN_POINT('',(-18.0168284231,-40.25176071342,
    188.58546493018));
#608 = CARTESIAN_POINT('',(-18.,-40.25928464342,188.34269116283));
#609 = CARTESIAN_POINT('',(-18.,-40.25928464342,187.61158872398));
#610 = CARTESIAN_POINT('',(-18.0681563243,-40.22881155905,
    187.11906236257));
#611 = CARTESIAN_POINT('',(-18.20647526546,-40.16696992626,
    186.63285442052));
#612 = CARTESIAN_POINT('',(-18.41535401088,-40.07280309375,
    186.16387392722));
#613 = CARTESIAN_POINT('',(-18.69359316394,-39.94518662385,
    185.7233653816));
#614 = CARTESIAN_POINT('',(-19.0385070038,-39.78283607596,
    185.32275739938));
#615 = CARTESIAN_POINT('',(-19.44594095532,-39.58454079675,
    184.97381860907));
#616 = CARTESIAN_POINT('',(-20.39008275353,-39.1068280889,
    184.39524777102));
#617 = CARTESIAN_POINT('',(-20.91866949058,-38.83096888817,
    184.17756265932));
#618 = CARTESIAN_POINT('',(-21.47911022213,-38.52740212084,
    184.04749863169));
#619 = CARTESIAN_POINT('',(-22.05194906746,-38.20381690137,
    184.01025778156));
#620 = CARTESIAN_POINT('',(-22.61707543365,-37.87041611358,
    184.06517914365));
#621 = CARTESIAN_POINT('',(-23.15537914734,-37.53988740283,184.205830836
    ));
#622 = CARTESIAN_POINT('',(-23.65026682531,-37.22566960214,
    184.41997402473));
#623 = CARTESIAN_POINT('',(-24.53372615017,-36.64951461958,
    184.9613585953));
#624 = CARTESIAN_POINT('',(-24.93258943488,-36.38071061421,
    185.29653833983));
#625 = CARTESIAN_POINT('',(-25.27743442976,-36.14124996277,
    185.68619643434));
#626 = CARTESIAN_POINT('',(-25.56114767443,-35.93935620443,
    186.12057255748));
#627 = CARTESIAN_POINT('',(-25.77846388377,-35.78206069321,
    186.58949888533));
#628 = CARTESIAN_POINT('',(-25.92561711118,-35.67465356183,
    187.08269030091));
#629 = CARTESIAN_POINT('',(-26.,-35.62035934686,187.58976420539));
#630 = CARTESIAN_POINT('',(-26.,-35.62035934686,188.27681823856));
#631 = CARTESIAN_POINT('',(-25.99106705868,-35.62687940773,
    188.45360708202));
#632 = CARTESIAN_POINT('',(-25.97320691058,-35.63991620634,
    188.62984158283));
#633 = CARTESIAN_POINT('',(-25.94646118055,-35.65941945318,
    188.80499728737));
#634 = CARTESIAN_POINT('',(-25.91090835242,-35.68529305195,
    188.97855216218));
#635 = CARTESIAN_POINT('',(-25.86666473762,-35.71739625921,
    189.14998852029));
#636 = CARTESIAN_POINT('',(-25.81388544384,-35.75554484399,
    189.31879494742));
#637 = CARTESIAN_POINT('',(-25.69507523411,-35.8410122501,
    189.64084411289));
#638 = CARTESIAN_POINT('',(-25.62995489398,-35.88769597677,
    189.79442692999));
#639 = CARTESIAN_POINT('',(-25.55754458488,-35.93939080589,
    189.94486096513));
#640 = CARTESIAN_POINT('',(-25.47799741348,-35.99590438767,
    190.09179367512));
#641 = CARTESIAN_POINT('',(-25.39148093862,-36.05702588966,
    190.23487571918));
#642 = CARTESIAN_POINT('',(-25.29817877843,-36.1225272422,190.37376099)
  );
#643 = CARTESIAN_POINT('',(-25.19829221739,-36.19216438404,
    190.50810664486));
#644 = CARTESIAN_POINT('',(-24.91509577272,-36.38810658954,
    190.85318251111));
#645 = CARTESIAN_POINT('',(-24.72038638064,-36.52136597149,
    191.05539856798));
#646 = CARTESIAN_POINT('',(-24.50879880736,-36.66435147925,
    191.24274061895));
#647 = CARTESIAN_POINT('',(-24.28130882313,-36.81587937224,
    191.41372451933));
#648 = CARTESIAN_POINT('',(-24.03900121424,-36.97470412915,
    191.56686196479));
#649 = CARTESIAN_POINT('',(-23.78308910978,-37.13953526054,
    191.70065945593));
#650 = CARTESIAN_POINT('',(-23.51493421868,-37.30905414838,
    191.8136169308));
#651 = CARTESIAN_POINT('',(-23.08947198295,-37.57280975516,
    191.95185799119));
#652 = CARTESIAN_POINT('',(-22.93992065068,-37.66461371083,
    191.99331248276));
#653 = CARTESIAN_POINT('',(-22.78774002056,-37.75708512642,
    192.02833746017));
#654 = CARTESIAN_POINT('',(-22.63327471436,-37.84996612243,
    192.05670635034));
#655 = CARTESIAN_POINT('',(-22.47688597988,-37.94300080409,
    192.07821840269));
#656 = CARTESIAN_POINT('',(-22.31894973495,-38.03593747217,
    192.09269900513));
#657 = CARTESIAN_POINT('',(-22.15985461159,-38.1285308339,192.1));
#658 = CARTESIAN_POINT('',(-22.,-38.22054421381,192.1));
#659 = PCURVE('',#31,#660);
#660 = DEFINITIONAL_REPRESENTATION('',(#661),#734);
#661 = B_SPLINE_CURVE_WITH_KNOTS('',8,(#662,#663,#664,#665,#666,#667,
    #668,#669,#670,#671,#672,#673,#674,#675,#676,#677,#678,#679,#680,
    #681,#682,#683,#684,#685,#686,#687,#688,#689,#690,#691,#692,#693,
    #694,#695,#696,#697,#698,#699,#700,#701,#702,#703,#704,#705,#706,
    #707,#708,#709,#710,#711,#712,#713,#714,#715,#716,#717,#718,#719,
    #720,#721,#722,#723,#724,#725,#726,#727,#728,#729,#730,#731,#732,
    #733),.UNSPECIFIED.,.T.,.F.,(9,7,7,7,7,7,7,7,7,7,9),(0.,
    8.233330954996E-02,0.164736400033,0.245387295579,0.407695664562,
    0.575604368801,0.74504216416,0.803759511782,0.859181708563,
    0.951480070968,1.),.UNSPECIFIED.);
#662 = CARTESIAN_POINT('',(4.190098895039,14.1));
#663 = CARTESIAN_POINT('',(4.197209906333,14.1));
#664 = CARTESIAN_POINT('',(4.204347012916,14.078894434531));
#665 = CARTESIAN_POINT('',(4.211440346762,14.036068697411));
#666 = CARTESIAN_POINT('',(4.218421179648,13.971434807033));
#667 = CARTESIAN_POINT('',(4.225223416922,13.885413960563));
#668 = CARTESIAN_POINT('',(4.231785228768,13.778920791042));
#669 = CARTESIAN_POINT('',(4.238050818939,13.653349327407));
#670 = CARTESIAN_POINT('',(4.249898861771,13.36765096804));
#671 = CARTESIAN_POINT('',(4.25546851988,13.207789468405));
#672 = CARTESIAN_POINT('',(4.260654495544,13.032512383906));
#673 = CARTESIAN_POINT('',(4.2654338334,12.843461717843));
#674 = CARTESIAN_POINT('',(4.269787857546,12.642377429995));
#675 = CARTESIAN_POINT('',(4.273702608985,12.431088165785));
#676 = CARTESIAN_POINT('',(4.277169295454,12.211500536032));
#677 = CARTESIAN_POINT('',(4.283136092032,11.764477118288));
#678 = CARTESIAN_POINT('',(4.285660570549,11.536905383613));
#679 = CARTESIAN_POINT('',(4.287760302487,11.304097324214));
#680 = CARTESIAN_POINT('',(4.289437284873,11.067202008246));
#681 = CARTESIAN_POINT('',(4.290693294783,10.827308926893));
#682 = CARTESIAN_POINT('',(4.291529785648,10.585464930188));
#683 = CARTESIAN_POINT('',(4.291947783555,10.34269116283));
#684 = CARTESIAN_POINT('',(4.291947783555,9.611588723982));
#685 = CARTESIAN_POINT('',(4.29025484329,9.119062362575));
#686 = CARTESIAN_POINT('',(4.286819164374,8.632854420525));
#687 = CARTESIAN_POINT('',(4.281623611465,8.163873927229));
#688 = CARTESIAN_POINT('',(4.274682699702,7.723365381602));
#689 = CARTESIAN_POINT('',(4.266039410391,7.322757399387));
#690 = CARTESIAN_POINT('',(4.255765670432,6.973818609077));
#691 = CARTESIAN_POINT('',(4.231772070729,6.39524777102));
#692 = CARTESIAN_POINT('',(4.218252962449,6.177562659324));
#693 = CARTESIAN_POINT('',(4.203802888593,6.047498631694));
#694 = CARTESIAN_POINT('',(4.188889089628,6.01025778156));
#695 = CARTESIAN_POINT('',(4.174015406035,6.06517914365));
#696 = CARTESIAN_POINT('',(4.159694297317,6.205830836));
#697 = CARTESIAN_POINT('',(4.146402458434,6.419974024736));
#698 = CARTESIAN_POINT('',(4.122485683014,6.961358595304));
#699 = CARTESIAN_POINT('',(4.111580217708,7.296538339831));
#700 = CARTESIAN_POINT('',(4.102061586324,7.686196434344));
#701 = CARTESIAN_POINT('',(4.094166142975,8.120572557488));
#702 = CARTESIAN_POINT('',(4.088082980179,8.589498885335));
#703 = CARTESIAN_POINT('',(4.083951869069,9.082690300916));
#704 = CARTESIAN_POINT('',(4.081863646327,9.589764205397));
#705 = CARTESIAN_POINT('',(4.081863646327,10.27681823856));
#706 = CARTESIAN_POINT('',(4.082114424278,10.453607082022));
#707 = CARTESIAN_POINT('',(4.082615831899,10.629841582837));
#708 = CARTESIAN_POINT('',(4.083366433487,10.804997287374));
#709 = CARTESIAN_POINT('',(4.084363506391,10.978552162189));
#710 = CARTESIAN_POINT('',(4.085603041493,11.149988520294));
#711 = CARTESIAN_POINT('',(4.087079743676,11.318794947424));
#712 = CARTESIAN_POINT('',(4.090398509834,11.64084411289));
#713 = CARTESIAN_POINT('',(4.092215402834,11.794426929993));
#714 = CARTESIAN_POINT('',(4.094232849667,11.944860965131));
#715 = CARTESIAN_POINT('',(4.096445498268,12.091793675123));
#716 = CARTESIAN_POINT('',(4.098847496199,12.234875719185));
#717 = CARTESIAN_POINT('',(4.101432480711,12.373760990009));
#718 = CARTESIAN_POINT('',(4.1041935688,12.50810664486));
#719 = CARTESIAN_POINT('',(4.112002507067,12.853182511113));
#720 = CARTESIAN_POINT('',(4.117352653046,13.055398567987));
#721 = CARTESIAN_POINT('',(4.123143198984,13.242740618957));
#722 = CARTESIAN_POINT('',(4.129340993631,13.413724519337));
#723 = CARTESIAN_POINT('',(4.135910242491,13.566861964792));
#724 = CARTESIAN_POINT('',(4.142812371476,13.700659455938));
#725 = CARTESIAN_POINT('',(4.150005832414,13.813616930805));
#726 = CARTESIAN_POINT('',(4.161356961488,13.951857991198));
#727 = CARTESIAN_POINT('',(4.165336083398,13.993312482761));
#728 = CARTESIAN_POINT('',(4.169373944528,14.028337460177));
#729 = CARTESIAN_POINT('',(4.173460927098,14.056706350343));
#730 = CARTESIAN_POINT('',(4.177587125999,14.078218402691));
#731 = CARTESIAN_POINT('',(4.181742407621,14.092699005131));
#732 = CARTESIAN_POINT('',(4.185916468679,14.1));
#733 = CARTESIAN_POINT('',(4.190098895039,14.1));
#734 = ( GEOMETRIC_REPRESENTATION_CONTEXT(2) 
PARAMETRIC_REPRESENTATION_CONTEXT() REPRESENTATION_CONTEXT('2D SPACE',''
  ) );
#735 = PCURVE('',#736,#741);
#736 = CYLINDRICAL_SURFACE('',#737,4.);
#737 = AXIS2_PLACEMENT_3D('',#738,#739,#740);
#738 = CARTESIAN_POINT('',(-22.,-50.,188.1));
#739 = DIRECTION('',(0.,1.,0.));
#740 = DIRECTION('',(0.,-0.,1.));
#741 = DEFINITIONAL_REPRESENTATION('',(#742),#815);
#742 = B_SPLINE_CURVE_WITH_KNOTS('',8,(#743,#744,#745,#746,#747,#748,
    #749,#750,#751,#752,#753,#754,#755,#756,#757,#758,#759,#760,#761,
    #762,#763,#764,#765,#766,#767,#768,#769,#770,#771,#772,#773,#774,
    #775,#776,#777,#778,#779,#780,#781,#782,#783,#784,#785,#786,#787,
    #788,#789,#790,#791,#792,#793,#794,#795,#796,#797,#798,#799,#800,
    #801,#802,#803,#804,#805,#806,#807,#808,#809,#810,#811,#812,#813,
    #814),.UNSPECIFIED.,.F.,.F.,(9,7,7,7,7,7,7,7,7,7,9),(0.,
    8.233330954996E-02,0.164736400033,0.245387295579,0.407695664562,
    0.575604368801,0.74504216416,0.803759511782,0.859181708563,
    0.951480070968,1.),.UNSPECIFIED.);
#743 = CARTESIAN_POINT('',(0.,11.779455786187));
#744 = CARTESIAN_POINT('',(6.794668039752E-02,11.623013537706));
#745 = CARTESIAN_POINT('',(0.136460396182,11.468205832551));
#746 = CARTESIAN_POINT('',(0.205351128449,11.316610782642));
#747 = CARTESIAN_POINT('',(0.274453599791,11.169658710116));
#748 = CARTESIAN_POINT('',(0.343612907685,11.02860037596));
#749 = CARTESIAN_POINT('',(0.412671656611,10.894486989422));
#750 = CARTESIAN_POINT('',(0.481458588911,10.768161998172));
#751 = CARTESIAN_POINT('',(0.618156744017,10.532267397367));
#752 = CARTESIAN_POINT('',(0.685926077266,10.422954938478));
#753 = CARTESIAN_POINT('',(0.753109791921,10.322534894464));
#754 = CARTESIAN_POINT('',(0.81971313546,10.231121742214));
#755 = CARTESIAN_POINT('',(0.88572733041,10.148750509515));
#756 = CARTESIAN_POINT('',(0.951130011404,10.075386747448));
#757 = CARTESIAN_POINT('',(1.015882293915,10.010932789275));
#758 = CARTESIAN_POINT('',(1.142600923971,9.900712243698));
#759 = CARTESIAN_POINT('',(1.204711553932,9.854477905039));
#760 = CARTESIAN_POINT('',(1.26635734501,9.816287194457));
#761 = CARTESIAN_POINT('',(1.32763327153,9.785943749482));
#762 = CARTESIAN_POINT('',(1.388628778878,9.763296174813));
#763 = CARTESIAN_POINT('',(1.449430260698,9.748239286575));
#764 = CARTESIAN_POINT('',(1.510123536087,9.740715356579));
#765 = CARTESIAN_POINT('',(1.692899145799,9.740715356579));
#766 = CARTESIAN_POINT('',(1.816030090691,9.771188440941));
#767 = CARTESIAN_POINT('',(1.940358594352,9.83303007374));
#768 = CARTESIAN_POINT('',(2.066118107617,9.927196906241));
#769 = CARTESIAN_POINT('',(2.193631409815,10.054813376142));
#770 = CARTESIAN_POINT('',(2.323317446688,10.217163924036));
#771 = CARTESIAN_POINT('',(2.455746930756,10.415459203249));
#772 = CARTESIAN_POINT('',(2.732575843373,10.893171911098));
#773 = CARTESIAN_POINT('',(2.87368448207,11.169031111827));
#774 = CARTESIAN_POINT('',(3.014387549046,11.472597879154));
#775 = CARTESIAN_POINT('',(3.154195772151,11.796183098622));
#776 = CARTESIAN_POINT('',(3.29259402715,12.129583886416));
#777 = CARTESIAN_POINT('',(3.428977658962,12.460112597162));
#778 = CARTESIAN_POINT('',(3.56244023971,12.774330397857));
#779 = CARTESIAN_POINT('',(3.821476630969,13.350485380418));
#780 = CARTESIAN_POINT('',(3.950281033635,13.619289385789));
#781 = CARTESIAN_POINT('',(4.078043289291,13.858750037225));
#782 = CARTESIAN_POINT('',(4.205045522466,14.060643795564));
#783 = CARTESIAN_POINT('',(4.331601089721,14.217939306788));
#784 = CARTESIAN_POINT('',(4.458061523696,14.325346438167));
#785 = CARTESIAN_POINT('',(4.584830031734,14.379640653132));
#786 = CARTESIAN_POINT('',(4.756593540025,14.379640653132));
#787 = CARTESIAN_POINT('',(4.800790781294,14.373120592263));
#788 = CARTESIAN_POINT('',(4.84498099959,14.360083793651));
#789 = CARTESIAN_POINT('',(4.889164572108,14.340580546815));
#790 = CARTESIAN_POINT('',(4.933341517536,14.314706948045));
#791 = CARTESIAN_POINT('',(4.977511055736,14.282603740782));
#792 = CARTESIAN_POINT('',(5.021671167435,14.244455156001));
#793 = CARTESIAN_POINT('',(5.107487661665,14.158987749898));
#794 = CARTESIAN_POINT('',(5.149145019979,14.112304023225));
#795 = CARTESIAN_POINT('',(5.190804830509,14.060609194109));
#796 = CARTESIAN_POINT('',(5.232481195313,14.004095612321));
#797 = CARTESIAN_POINT('',(5.274187638653,13.942974110337));
#798 = CARTESIAN_POINT('',(5.315937028793,13.877472757792));
#799 = CARTESIAN_POINT('',(5.357741499803,13.807835615955));
#800 = CARTESIAN_POINT('',(5.469342793405,13.611893410453));
#801 = CARTESIAN_POINT('',(5.539302232218,13.478634028507));
#802 = CARTESIAN_POINT('',(5.609580475957,13.335648520744));
#803 = CARTESIAN_POINT('',(5.680267376022,13.184120627757));
#804 = CARTESIAN_POINT('',(5.751454407306,13.025295870841));
#805 = CARTESIAN_POINT('',(5.823237581046,12.860464739451));
#806 = CARTESIAN_POINT('',(5.895721712265,12.690945851616));
#807 = CARTESIAN_POINT('',(6.007561079443,12.427190244832));
#808 = CARTESIAN_POINT('',(6.046321540162,12.335386289162));
#809 = CARTESIAN_POINT('',(6.085297680876,12.24291487358));
#810 = CARTESIAN_POINT('',(6.12448149544,12.150033877567));
#811 = CARTESIAN_POINT('',(6.16386655653,12.056999195908));
#812 = CARTESIAN_POINT('',(6.203447857507,11.964062527824));
#813 = CARTESIAN_POINT('',(6.243221654282,11.871469166095));
#814 = CARTESIAN_POINT('',(6.28318530718,11.779455786187));
#815 = ( GEOMETRIC_REPRESENTATION_CONTEXT(2) 
PARAMETRIC_REPRESENTATION_CONTEXT() REPRESENTATION_CONTEXT('2D SPACE',''
  ) );
#816 = FACE_BOUND('',#817,.T.);
#817 = EDGE_LOOP('',(#818));
#818 = ORIENTED_EDGE('',*,*,#819,.T.);
#819 = EDGE_CURVE('',#820,#820,#822,.T.);
#820 = VERTEX_POINT('',#821);
#821 = CARTESIAN_POINT('',(22.,-38.22054421381,192.1));
#822 = SURFACE_CURVE('',#823,(#896,#972),.PCURVE_S1.);
#823 = B_SPLINE_CURVE_WITH_KNOTS('',8,(#824,#825,#826,#827,#828,#829,
    #830,#831,#832,#833,#834,#835,#836,#837,#838,#839,#840,#841,#842,
    #843,#844,#845,#846,#847,#848,#849,#850,#851,#852,#853,#854,#855,
    #856,#857,#858,#859,#860,#861,#862,#863,#864,#865,#866,#867,#868,
    #869,#870,#871,#872,#873,#874,#875,#876,#877,#878,#879,#880,#881,
    #882,#883,#884,#885,#886,#887,#888,#889,#890,#891,#892,#893,#894,
    #895),.UNSPECIFIED.,.T.,.F.,(9,7,7,7,7,7,7,7,7,7,9),(0.,
    7.331976686779E-02,0.140526001472,0.215360992045,0.312974301496,
    0.472810201663,0.638995477479,0.754080197645,0.83490611103,
    0.917488021708,1.),.UNSPECIFIED.);
#824 = CARTESIAN_POINT('',(22.,-38.22054421381,192.1));
#825 = CARTESIAN_POINT('',(22.242203878583,-38.08113004694,192.1));
#826 = CARTESIAN_POINT('',(22.482462334774,-37.94050042659,
    192.08323938574));
#827 = CARTESIAN_POINT('',(22.719488618921,-37.79942742107,
    192.05018859327));
#828 = CARTESIAN_POINT('',(22.952056647976,-37.65871807073,
    192.00142016384));
#829 = CARTESIAN_POINT('',(23.179012902117,-37.51920297246,
    191.93760565727));
#830 = CARTESIAN_POINT('',(23.399286460822,-37.38172220639,
    191.85951272119));
#831 = CARTESIAN_POINT('',(23.611897178396,-37.24710860502,
    191.76800231617));
#832 = CARTESIAN_POINT('',(24.003011532679,-36.99614615363,191.568719599
    ));
#833 = CARTESIAN_POINT('',(24.183090871301,-36.87907553503,
    191.46283274813));
#834 = CARTESIAN_POINT('',(24.355706326683,-36.76545206463,
    191.34694821001));
#835 = CARTESIAN_POINT('',(24.520403128629,-36.65576371846,
    191.22164295273));
#836 = CARTESIAN_POINT('',(24.676761340735,-36.55048772671,
    191.08748857634));
#837 = CARTESIAN_POINT('',(24.824391776225,-36.45008740781,
    190.94505164257));
#838 = CARTESIAN_POINT('',(24.962931913794,-36.35500900248,
    190.79489400457));
#839 = CARTESIAN_POINT('',(25.235807316469,-36.16620787437,
    190.46239436436));
#840 = CARTESIAN_POINT('',(25.367965561126,-36.07380512139,
    190.27822945765));
#841 = CARTESIAN_POINT('',(25.48793602714,-35.9891334148,190.08593552496
    ));
#842 = CARTESIAN_POINT('',(25.595212670292,-35.91280249413,
    189.88639063512));
#843 = CARTESIAN_POINT('',(25.689356369585,-35.84536015567,
    189.68048980375));
#844 = CARTESIAN_POINT('',(25.769988654714,-35.78728493172,
    189.46914132692));
#845 = CARTESIAN_POINT('',(25.836786713826,-35.73897996587,
    189.25326346194));
#846 = CARTESIAN_POINT('',(25.958211366179,-35.65092524776,
    188.74749338541));
#847 = CARTESIAN_POINT('',(26.002895351912,-35.61829054412,
    188.45527742149));
#848 = CARTESIAN_POINT('',(26.022899865341,-35.60360348498,
    188.15957591601));
#849 = CARTESIAN_POINT('',(26.017921863133,-35.60724231013,
    187.8628690776));
#850 = CARTESIAN_POINT('',(25.987961856366,-35.62920889475,
    187.56765060735));
#851 = CARTESIAN_POINT('',(25.933318227608,-35.66912725326,
    187.27640257104));
#852 = CARTESIAN_POINT('',(25.854601040764,-35.72625564011,
    186.99156950727));
#853 = CARTESIAN_POINT('',(25.586015538744,-35.91946551851,
    186.2635366473));
#854 = CARTESIAN_POINT('',(25.35750183877,-36.08250228838,185.8357227252
    ));
#855 = CARTESIAN_POINT('',(25.070758908413,-36.28435172781,
    185.43984629425));
#856 = CARTESIAN_POINT('',(24.729711059634,-36.5197727665,
    185.08359520098));
#857 = CARTESIAN_POINT('',(24.339059623812,-36.78263818663,
    184.77474009523));
#858 = CARTESIAN_POINT('',(23.904542360776,-37.06623120615,
    184.52109066054));
#859 = CARTESIAN_POINT('',(23.433199555778,-37.36357898647,
    184.3304199962));
#860 = CARTESIAN_POINT('',(22.41452430063,-37.98379493375,
    184.08585770504));
#861 = CARTESIAN_POINT('',(21.861598045512,-38.30922830996,
    184.03690357142));
#862 = CARTESIAN_POINT('',(21.294112437655,-38.63014586526,
    184.07652178662));
#863 = CARTESIAN_POINT('',(20.733855344792,-38.93335361383,
    184.20912150665));
#864 = CARTESIAN_POINT('',(20.202679729917,-39.20878204154,
    184.43162521767));
#865 = CARTESIAN_POINT('',(19.720598227344,-39.44984582821,
    184.73379407574));
#866 = CARTESIAN_POINT('',(19.303218987569,-39.65276298833,
    185.09844870541));
#867 = CARTESIAN_POINT('',(18.719569524347,-39.930660829,185.78181442619
    ));
#868 = CARTESIAN_POINT('',(18.514143411881,-40.02646391212,
    186.08181961242));
#869 = CARTESIAN_POINT('',(18.342641355415,-40.10511243269,
    186.39809902801));
#870 = CARTESIAN_POINT('',(18.205391512852,-40.1672594196,
    186.72690329906));
#871 = CARTESIAN_POINT('',(18.102546465569,-40.2134356802,
    187.06474691412));
#872 = CARTESIAN_POINT('',(18.034117021429,-40.24403102437,
    187.40832271164));
#873 = CARTESIAN_POINT('',(18.,-40.25928464342,187.75444195566));
#874 = CARTESIAN_POINT('',(18.,-40.25928464342,188.34269116283));
#875 = CARTESIAN_POINT('',(18.016828423102,-40.25176071342,
    188.58546493018));
#876 = CARTESIAN_POINT('',(18.05050479111,-40.23670382518,
    188.82730892689));
#877 = CARTESIAN_POINT('',(18.10105313159,-40.21405625051,
    189.06720200824));
#878 = CARTESIAN_POINT('',(18.168496807718,-40.18371280554,
    189.30409732421));
#879 = CARTESIAN_POINT('',(18.252853348122,-40.14552209496,
    189.53690538361));
#880 = CARTESIAN_POINT('',(18.354129276729,-40.0992877563,
    189.76447711828));
#881 = CARTESIAN_POINT('',(18.593068271508,-39.98906721074,
    190.21150053596));
#882 = CARTESIAN_POINT('',(18.731698954829,-39.92461325256,
    190.43108816576));
#883 = CARTESIAN_POINT('',(18.887978169341,-39.85124949047,
    190.64237743003));
#884 = CARTESIAN_POINT('',(19.061429488048,-39.76887825776,
    190.84346171789));
#885 = CARTESIAN_POINT('',(19.251350227109,-39.67746510551,
    191.03251238392));
#886 = CARTESIAN_POINT('',(19.456834549208,-39.57704506153,
    191.20778946838));
#887 = CARTESIAN_POINT('',(19.676798323355,-39.46773260266,191.367650968
    ));
#888 = CARTESIAN_POINT('',(20.143015673163,-39.23183800182,
    191.6533493274));
#889 = CARTESIAN_POINT('',(20.388766978468,-39.10551301057,
    191.77892079104));
#890 = CARTESIAN_POINT('',(20.645202481732,-38.97139962404,
    191.88541396056));
#891 = CARTESIAN_POINT('',(20.909967633135,-38.83034128988,
    191.97143480703));
#892 = CARTESIAN_POINT('',(21.180508340071,-38.68338921735,
    192.03606869741));
#893 = CARTESIAN_POINT('',(21.454157934851,-38.53179416744,
    192.07889443453));
#894 = CARTESIAN_POINT('',(21.72821327841,-38.37698646229,192.1));
#895 = CARTESIAN_POINT('',(22.,-38.22054421381,192.1));
#896 = PCURVE('',#31,#897);
#897 = DEFINITIONAL_REPRESENTATION('',(#898),#971);
#898 = B_SPLINE_CURVE_WITH_KNOTS('',8,(#899,#900,#901,#902,#903,#904,
    #905,#906,#907,#908,#909,#910,#911,#912,#913,#914,#915,#916,#917,
    #918,#919,#920,#921,#922,#923,#924,#925,#926,#927,#928,#929,#930,
    #931,#932,#933,#934,#935,#936,#937,#938,#939,#940,#941,#942,#943,
    #944,#945,#946,#947,#948,#949,#950,#951,#952,#953,#954,#955,#956,
    #957,#958,#959,#960,#961,#962,#963,#964,#965,#966,#967,#968,#969,
    #970),.UNSPECIFIED.,.T.,.F.,(9,7,7,7,7,7,7,7,7,7,9),(0.,
    7.331976686779E-02,0.140526001472,0.215360992045,0.312974301496,
    0.472810201663,0.638995477479,0.754080197645,0.83490611103,
    0.917488021708,1.),.UNSPECIFIED.);
#899 = CARTESIAN_POINT('',(5.234679065731,14.1));
#900 = CARTESIAN_POINT('',(5.241016073316,14.1));
#901 = CARTESIAN_POINT('',(5.247328597956,14.083239385745));
#902 = CARTESIAN_POINT('',(5.253583004614,14.050188593276));
#903 = CARTESIAN_POINT('',(5.25974644541,14.001420163844));
#904 = CARTESIAN_POINT('',(5.265787172984,13.937605657273));
#905 = CARTESIAN_POINT('',(5.271674863105,13.859512721193));
#906 = CARTESIAN_POINT('',(5.277380946501,13.768002316177));
#907 = CARTESIAN_POINT('',(5.287918520058,13.568719599007));
#908 = CARTESIAN_POINT('',(5.29278891974,13.462832748135));
#909 = CARTESIAN_POINT('',(5.297474857666,13.346948210014));
#910 = CARTESIAN_POINT('',(5.301961815627,13.221642952736));
#911 = CARTESIAN_POINT('',(5.306236014074,13.087488576345));
#912 = CARTESIAN_POINT('',(5.310284377676,12.945051642574));
#913 = CARTESIAN_POINT('',(5.314094500885,12.794894004574));
#914 = CARTESIAN_POINT('',(5.321618843843,12.462394364369));
#915 = CARTESIAN_POINT('',(5.325275438429,12.278229457655));
#916 = CARTESIAN_POINT('',(5.328605111824,12.085935524965));
#917 = CARTESIAN_POINT('',(5.33159059201,11.886390635125));
#918 = CARTESIAN_POINT('',(5.334216606232,11.680489803759));
#919 = CARTESIAN_POINT('',(5.336469876443,11.469141326924));
#920 = CARTESIAN_POINT('',(5.338339124356,11.25326346194));
#921 = CARTESIAN_POINT('',(5.341740301946,10.74749338541));
#922 = CARTESIAN_POINT('',(5.342994999526,10.455277421496));
#923 = CARTESIAN_POINT('',(5.343557747402,10.159575916018));
#924 = CARTESIAN_POINT('',(5.343417926127,9.862869077602));
#925 = CARTESIAN_POINT('',(5.342575516807,9.567650607354));
#926 = CARTESIAN_POINT('',(5.341041024971,9.27640257104));
#927 = CARTESIAN_POINT('',(5.338835539765,8.991569507274));
#928 = CARTESIAN_POINT('',(5.331333049224,8.2635366473));
#929 = CARTESIAN_POINT('',(5.324967737113,7.835722725207));
#930 = CARTESIAN_POINT('',(5.317016444265,7.439846294259));
#931 = CARTESIAN_POINT('',(5.307620213097,7.083595200983));
#932 = CARTESIAN_POINT('',(5.296944899564,6.774740095238));
#933 = CARTESIAN_POINT('',(5.285181288351,6.521090660543));
#934 = CARTESIAN_POINT('',(5.272545766815,6.330419996205));
#935 = CARTESIAN_POINT('',(5.245501995229,6.085857705043));
#936 = CARTESIAN_POINT('',(5.230955153253,6.036903571423));
#937 = CARTESIAN_POINT('',(5.21617556066,6.076521786621));
#938 = CARTESIAN_POINT('',(5.201735056251,6.209121506652));
#939 = CARTESIAN_POINT('',(5.188170394576,6.431625217678));
#940 = CARTESIAN_POINT('',(5.175949592798,6.733794075749));
#941 = CARTESIAN_POINT('',(5.16542632966,7.098448705416));
#942 = CARTESIAN_POINT('',(5.150768015116,7.781814426192));
#943 = CARTESIAN_POINT('',(5.145628328983,8.081819612421));
#944 = CARTESIAN_POINT('',(5.141350081446,8.398099028016));
#945 = CARTESIAN_POINT('',(5.13793369371,8.726903299065));
#946 = CARTESIAN_POINT('',(5.135377330322,9.064746914129));
#947 = CARTESIAN_POINT('',(5.133677607966,9.408322711641));
#948 = CARTESIAN_POINT('',(5.132830177215,9.754441955663));
#949 = CARTESIAN_POINT('',(5.132830177215,10.342691162831));
#950 = CARTESIAN_POINT('',(5.133248175121,10.585464930188));
#951 = CARTESIAN_POINT('',(5.134084665986,10.827308926893));
#952 = CARTESIAN_POINT('',(5.135340675897,11.067202008246));
#953 = CARTESIAN_POINT('',(5.137017658282,11.304097324215));
#954 = CARTESIAN_POINT('',(5.13911739022,11.536905383613));
#955 = CARTESIAN_POINT('',(5.141641868738,11.764477118288));
#956 = CARTESIAN_POINT('',(5.147608665314,12.211500535964));
#957 = CARTESIAN_POINT('',(5.151075351784,12.431088165769));
#958 = CARTESIAN_POINT('',(5.154990103224,12.642377430034));
#959 = CARTESIAN_POINT('',(5.159344127371,12.843461717893));
#960 = CARTESIAN_POINT('',(5.164123465226,13.032512383925));
#961 = CARTESIAN_POINT('',(5.169309440889,13.20778946838));
#962 = CARTESIAN_POINT('',(5.174879098996,13.367650968));
#963 = CARTESIAN_POINT('',(5.18672714183,13.653349327407));
#964 = CARTESIAN_POINT('',(5.192992732001,13.778920791042));
#965 = CARTESIAN_POINT('',(5.199554543847,13.885413960563));
#966 = CARTESIAN_POINT('',(5.206356781122,13.971434807034));
#967 = CARTESIAN_POINT('',(5.213337614007,14.036068697411));
#968 = CARTESIAN_POINT('',(5.220430947853,14.078894434531));
#969 = CARTESIAN_POINT('',(5.227568054436,14.1));
#970 = CARTESIAN_POINT('',(5.234679065731,14.1));
#971 = ( GEOMETRIC_REPRESENTATION_CONTEXT(2) 
PARAMETRIC_REPRESENTATION_CONTEXT() REPRESENTATION_CONTEXT('2D SPACE',''
  ) );
#972 = PCURVE('',#973,#978);
#973 = CYLINDRICAL_SURFACE('',#974,4.);
#974 = AXIS2_PLACEMENT_3D('',#975,#976,#977);
#975 = CARTESIAN_POINT('',(22.,-50.,188.1));
#976 = DIRECTION('',(0.,1.,0.));
#977 = DIRECTION('',(0.,-0.,1.));
#978 = DEFINITIONAL_REPRESENTATION('',(#979),#1052);
#979 = B_SPLINE_CURVE_WITH_KNOTS('',8,(#980,#981,#982,#983,#984,#985,
    #986,#987,#988,#989,#990,#991,#992,#993,#994,#995,#996,#997,#998,
    #999,#1000,#1001,#1002,#1003,#1004,#1005,#1006,#1007,#1008,#1009,
    #1010,#1011,#1012,#1013,#1014,#1015,#1016,#1017,#1018,#1019,#1020,
    #1021,#1022,#1023,#1024,#1025,#1026,#1027,#1028,#1029,#1030,#1031,
    #1032,#1033,#1034,#1035,#1036,#1037,#1038,#1039,#1040,#1041,#1042,
    #1043,#1044,#1045,#1046,#1047,#1048,#1049,#1050,#1051),
  .UNSPECIFIED.,.F.,.F.,(9,7,7,7,7,7,7,7,7,7,9),(0.,7.331976686779E-02,
    0.140526001472,0.215360992045,0.312974301496,0.472810201663,
    0.638995477479,0.754080197645,0.83490611103,0.917488021708,1.),
  .UNSPECIFIED.);
#980 = CARTESIAN_POINT('',(0.,11.779455786187));
#981 = CARTESIAN_POINT('',(6.055096964579E-02,11.918869953056));
#982 = CARTESIAN_POINT('',(0.120615578919,12.059499573404));
#983 = CARTESIAN_POINT('',(0.180210448828,12.200572578927));
#984 = CARTESIAN_POINT('',(0.239344533544,12.341281929264));
#985 = CARTESIAN_POINT('',(0.298020788033,12.480797027538));
#986 = CARTESIAN_POINT('',(0.356236469472,12.618277793604));
#987 = CARTESIAN_POINT('',(0.413982072465,12.752891394976));
#988 = CARTESIAN_POINT('',(0.523721547896,13.003853846363));
#989 = CARTESIAN_POINT('',(0.575852458599,13.12092446497));
#990 = CARTESIAN_POINT('',(0.627675672853,13.234547935368));
#991 = CARTESIAN_POINT('',(0.679232439535,13.344236281536));
#992 = CARTESIAN_POINT('',(0.730562119227,13.449512273283));
#993 = CARTESIAN_POINT('',(0.781703089739,13.549912592184));
#994 = CARTESIAN_POINT('',(0.832693651648,13.644990997515));
#995 = CARTESIAN_POINT('',(0.94022765677,13.833792125621));
#996 = CARTESIAN_POINT('',(0.996778080602,13.926194878609));
#997 = CARTESIAN_POINT('',(1.053243609574,14.0108665852));
#998 = CARTESIAN_POINT('',(1.109647077684,14.087197505867));
#999 = CARTESIAN_POINT('',(1.166013657731,14.154639844325));
#1000 = CARTESIAN_POINT('',(1.222370517096,14.212715068279));
#1001 = CARTESIAN_POINT('',(1.278747220216,14.261020034128));
#1002 = CARTESIAN_POINT('',(1.408782628017,14.349074752237));
#1003 = CARTESIAN_POINT('',(1.48242577238,14.381709455871));
#1004 = CARTESIAN_POINT('',(1.556084219518,14.396396515017));
#1005 = CARTESIAN_POINT('',(1.629746183816,14.392757689866));
#1006 = CARTESIAN_POINT('',(1.703404748972,14.370791105248));
#1007 = CARTESIAN_POINT('',(1.777051565103,14.330872746739));
#1008 = CARTESIAN_POINT('',(1.850669679401,14.273744359888));
#1009 = CARTESIAN_POINT('',(2.044668715658,14.080534481484));
#1010 = CARTESIAN_POINT('',(2.164784544136,13.917497711613));
#1011 = CARTESIAN_POINT('',(2.285110998983,13.715648272188));
#1012 = CARTESIAN_POINT('',(2.406105693351,13.4802272335));
#1013 = CARTESIAN_POINT('',(2.528207052985,13.217361813361));
#1014 = CARTESIAN_POINT('',(2.651862981141,12.933768793845));
#1015 = CARTESIAN_POINT('',(2.777570913971,12.636421013523));
#1016 = CARTESIAN_POINT('',(3.039476191423,12.016205066247));
#1017 = CARTESIAN_POINT('',(3.17674549487,11.690771690037));
#1018 = CARTESIAN_POINT('',(3.316010249588,11.369854134734));
#1019 = CARTESIAN_POINT('',(3.456203671475,11.066646386167));
#1020 = CARTESIAN_POINT('',(3.59641981724,10.791217958455));
#1021 = CARTESIAN_POINT('',(3.735698032655,10.550154171785));
#1022 = CARTESIAN_POINT('',(3.872786047037,10.347237011662));
#1023 = CARTESIAN_POINT('',(4.097457390928,10.069339170997));
#1024 = CARTESIAN_POINT('',(4.187842748002,9.973536087879));
#1025 = CARTESIAN_POINT('',(4.276995638475,9.89488756731));
#1026 = CARTESIAN_POINT('',(4.365171670116,9.832740580393));
#1027 = CARTESIAN_POINT('',(4.452593933661,9.786564319799));
#1028 = CARTESIAN_POINT('',(4.539469194844,9.755968975622));
#1029 = CARTESIAN_POINT('',(4.625999469301,9.740715356579));
#1030 = CARTESIAN_POINT('',(4.773061771092,9.740715356579));
#1031 = CARTESIAN_POINT('',(4.833755046482,9.748239286575));
#1032 = CARTESIAN_POINT('',(4.894556528302,9.763296174813));
#1033 = CARTESIAN_POINT('',(4.95555203565,9.785943749482));
#1034 = CARTESIAN_POINT('',(5.01682796217,9.816287194457));
#1035 = CARTESIAN_POINT('',(5.078473753248,9.854477905039));
#1036 = CARTESIAN_POINT('',(5.140584383208,9.900712243698));
#1037 = CARTESIAN_POINT('',(5.267303013246,10.010932789258));
#1038 = CARTESIAN_POINT('',(5.33205529577,10.075386747438));
#1039 = CARTESIAN_POINT('',(5.397457976781,10.148750509524));
#1040 = CARTESIAN_POINT('',(5.463472171737,10.231121742237));
#1041 = CARTESIAN_POINT('',(5.530075515268,10.322534894481));
#1042 = CARTESIAN_POINT('',(5.597259229906,10.422954938469));
#1043 = CARTESIAN_POINT('',(5.665028563144,10.532267397334));
#1044 = CARTESIAN_POINT('',(5.801726718268,10.768161998172));
#1045 = CARTESIAN_POINT('',(5.870513650569,10.894486989422));
#1046 = CARTESIAN_POINT('',(5.939572399495,11.02860037596));
#1047 = CARTESIAN_POINT('',(6.008731707388,11.169658710116));
#1048 = CARTESIAN_POINT('',(6.077834178731,11.316610782642));
#1049 = CARTESIAN_POINT('',(6.146724910998,11.468205832551));
#1050 = CARTESIAN_POINT('',(6.215238626782,11.623013537706));
#1051 = CARTESIAN_POINT('',(6.28318530718,11.779455786187));
#1052 = ( GEOMETRIC_REPRESENTATION_CONTEXT(2) 
PARAMETRIC_REPRESENTATION_CONTEXT() REPRESENTATION_CONTEXT('2D SPACE',''
  ) );
#1053 = ADVANCED_FACE('',(#1054,#1057,#1163),#43,.T.);
#1054 = FACE_BOUND('',#1055,.T.);
#1055 = EDGE_LOOP('',(#1056));
#1056 = ORIENTED_EDGE('',*,*,#21,.T.);
#1057 = FACE_BOUND('',#1058,.T.);
#1058 = EDGE_LOOP('',(#1059,#1087,#1113,#1139));
#1059 = ORIENTED_EDGE('',*,*,#1060,.T.);
#1060 = EDGE_CURVE('',#1061,#1063,#1065,.T.);
#1061 = VERTEX_POINT('',#1062);
#1062 = CARTESIAN_POINT('',(-8.1,-6.,198.));
#1063 = VERTEX_POINT('',#1064);
#1064 = CARTESIAN_POINT('',(-37.2,-6.,198.));
#1065 = SURFACE_CURVE('',#1066,(#1070,#1076),.PCURVE_S1.);
#1066 = LINE('',#1067,#1068);
#1067 = CARTESIAN_POINT('',(-18.6,-6.,198.));
#1068 = VECTOR('',#1069,1.);
#1069 = DIRECTION('',(-1.,-0.,0.));
#1070 = PCURVE('',#43,#1071);
#1071 = DEFINITIONAL_REPRESENTATION('',(#1072),#1075);
#1072 = B_SPLINE_CURVE_WITH_KNOTS('',1,(#1073,#1074),.UNSPECIFIED.,.F.,
  .F.,(2,2),(-10.5,18.6),.PIECEWISE_BEZIER_KNOTS.);
#1073 = CARTESIAN_POINT('',(-8.1,-6.));
#1074 = CARTESIAN_POINT('',(-37.2,-6.));
#1075 = ( GEOMETRIC_REPRESENTATION_CONTEXT(2) 
PARAMETRIC_REPRESENTATION_CONTEXT() REPRESENTATION_CONTEXT('2D SPACE',''
  ) );
#1076 = PCURVE('',#1077,#1082);
#1077 = PLANE('',#1078);
#1078 = AXIS2_PLACEMENT_3D('',#1079,#1080,#1081);
#1079 = CARTESIAN_POINT('',(-37.2,-6.,177.));
#1080 = DIRECTION('',(-0.,1.,0.));
#1081 = DIRECTION('',(0.,0.,1.));
#1082 = DEFINITIONAL_REPRESENTATION('',(#1083),#1086);
#1083 = B_SPLINE_CURVE_WITH_KNOTS('',1,(#1084,#1085),.UNSPECIFIED.,.F.,
  .F.,(2,2),(-10.5,18.6),.PIECEWISE_BEZIER_KNOTS.);
#1084 = CARTESIAN_POINT('',(21.,29.1));
#1085 = CARTESIAN_POINT('',(21.,0.));
#1086 = ( GEOMETRIC_REPRESENTATION_CONTEXT(2) 
PARAMETRIC_REPRESENTATION_CONTEXT() REPRESENTATION_CONTEXT('2D SPACE',''
  ) );
#1087 = ORIENTED_EDGE('',*,*,#1088,.T.);
#1088 = EDGE_CURVE('',#1063,#1089,#1091,.T.);
#1089 = VERTEX_POINT('',#1090);
#1090 = CARTESIAN_POINT('',(-37.2,6.,198.));
#1091 = SURFACE_CURVE('',#1092,(#1096,#1102),.PCURVE_S1.);
#1092 = LINE('',#1093,#1094);
#1093 = CARTESIAN_POINT('',(-37.2,-3.,198.));
#1094 = VECTOR('',#1095,1.);
#1095 = DIRECTION('',(-0.,1.,0.));
#1096 = PCURVE('',#43,#1097);
#1097 = DEFINITIONAL_REPRESENTATION('',(#1098),#1101);
#1098 = B_SPLINE_CURVE_WITH_KNOTS('',1,(#1099,#1100),.UNSPECIFIED.,.F.,
  .F.,(2,2),(-3.,9.),.PIECEWISE_BEZIER_KNOTS.);
#1099 = CARTESIAN_POINT('',(-37.2,-6.));
#1100 = CARTESIAN_POINT('',(-37.2,6.));
#1101 = ( GEOMETRIC_REPRESENTATION_CONTEXT(2) 
PARAMETRIC_REPRESENTATION_CONTEXT() REPRESENTATION_CONTEXT('2D SPACE',''
  ) );
#1102 = PCURVE('',#1103,#1108);
#1103 = PLANE('',#1104);
#1104 = AXIS2_PLACEMENT_3D('',#1105,#1106,#1107);
#1105 = CARTESIAN_POINT('',(-37.2,-6.,177.));
#1106 = DIRECTION('',(1.,0.,-0.));
#1107 = DIRECTION('',(0.,0.,1.));
#1108 = DEFINITIONAL_REPRESENTATION('',(#1109),#1112);
#1109 = B_SPLINE_CURVE_WITH_KNOTS('',1,(#1110,#1111),.UNSPECIFIED.,.F.,
  .F.,(2,2),(-3.,9.),.PIECEWISE_BEZIER_KNOTS.);
#1110 = CARTESIAN_POINT('',(21.,0.));
#1111 = CARTESIAN_POINT('',(21.,-12.));
#1112 = ( GEOMETRIC_REPRESENTATION_CONTEXT(2) 
PARAMETRIC_REPRESENTATION_CONTEXT() REPRESENTATION_CONTEXT('2D SPACE',''
  ) );
#1113 = ORIENTED_EDGE('',*,*,#1114,.F.);
#1114 = EDGE_CURVE('',#1115,#1089,#1117,.T.);
#1115 = VERTEX_POINT('',#1116);
#1116 = CARTESIAN_POINT('',(-8.1,6.,198.));
#1117 = SURFACE_CURVE('',#1118,(#1122,#1128),.PCURVE_S1.);
#1118 = LINE('',#1119,#1120);
#1119 = CARTESIAN_POINT('',(-18.6,6.,198.));
#1120 = VECTOR('',#1121,1.);
#1121 = DIRECTION('',(-1.,-0.,0.));
#1122 = PCURVE('',#43,#1123);
#1123 = DEFINITIONAL_REPRESENTATION('',(#1124),#1127);
#1124 = B_SPLINE_CURVE_WITH_KNOTS('',1,(#1125,#1126),.UNSPECIFIED.,.F.,
  .F.,(2,2),(-10.5,18.6),.PIECEWISE_BEZIER_KNOTS.);
#1125 = CARTESIAN_POINT('',(-8.1,6.));
#1126 = CARTESIAN_POINT('',(-37.2,6.));
#1127 = ( GEOMETRIC_REPRESENTATION_CONTEXT(2) 
PARAMETRIC_REPRESENTATION_CONTEXT() REPRESENTATION_CONTEXT('2D SPACE',''
  ) );
#1128 = PCURVE('',#1129,#1134);
#1129 = PLANE('',#1130);
#1130 = AXIS2_PLACEMENT_3D('',#1131,#1132,#1133);
#1131 = CARTESIAN_POINT('',(-37.2,6.,177.));
#1132 = DIRECTION('',(-0.,1.,0.));
#1133 = DIRECTION('',(0.,0.,1.));
#1134 = DEFINITIONAL_REPRESENTATION('',(#1135),#1138);
#1135 = B_SPLINE_CURVE_WITH_KNOTS('',1,(#1136,#1137),.UNSPECIFIED.,.F.,
  .F.,(2,2),(-10.5,18.6),.PIECEWISE_BEZIER_KNOTS.);
#1136 = CARTESIAN_POINT('',(21.,29.1));
#1137 = CARTESIAN_POINT('',(21.,0.));
#1138 = ( GEOMETRIC_REPRESENTATION_CONTEXT(2) 
PARAMETRIC_REPRESENTATION_CONTEXT() REPRESENTATION_CONTEXT('2D SPACE',''
  ) );
#1139 = ORIENTED_EDGE('',*,*,#1140,.F.);
#1140 = EDGE_CURVE('',#1061,#1115,#1141,.T.);
#1141 = SURFACE_CURVE('',#1142,(#1146,#1152),.PCURVE_S1.);
#1142 = LINE('',#1143,#1144);
#1143 = CARTESIAN_POINT('',(-8.1,-3.,198.));
#1144 = VECTOR('',#1145,1.);
#1145 = DIRECTION('',(-0.,1.,0.));
#1146 = PCURVE('',#43,#1147);
#1147 = DEFINITIONAL_REPRESENTATION('',(#1148),#1151);
#1148 = B_SPLINE_CURVE_WITH_KNOTS('',1,(#1149,#1150),.UNSPECIFIED.,.F.,
  .F.,(2,2),(-3.,9.),.PIECEWISE_BEZIER_KNOTS.);
#1149 = CARTESIAN_POINT('',(-8.1,-6.));
#1150 = CARTESIAN_POINT('',(-8.1,6.));
#1151 = ( GEOMETRIC_REPRESENTATION_CONTEXT(2) 
PARAMETRIC_REPRESENTATION_CONTEXT() REPRESENTATION_CONTEXT('2D SPACE',''
  ) );
#1152 = PCURVE('',#1153,#1158);
#1153 = PLANE('',#1154);
#1154 = AXIS2_PLACEMENT_3D('',#1155,#1156,#1157);
#1155 = CARTESIAN_POINT('',(-8.1,-6.,177.));
#1156 = DIRECTION('',(1.,0.,-0.));
#1157 = DIRECTION('',(0.,0.,1.));
#1158 = DEFINITIONAL_REPRESENTATION('',(#1159),#1162);
#1159 = B_SPLINE_CURVE_WITH_KNOTS('',1,(#1160,#1161),.UNSPECIFIED.,.F.,
  .F.,(2,2),(-3.,9.),.PIECEWISE_BEZIER_KNOTS.);
#1160 = CARTESIAN_POINT('',(21.,0.));
#1161 = CARTESIAN_POINT('',(21.,-12.));
#1162 = ( GEOMETRIC_REPRESENTATION_CONTEXT(2) 
PARAMETRIC_REPRESENTATION_CONTEXT() REPRESENTATION_CONTEXT('2D SPACE',''
  ) );
#1163 = FACE_BOUND('',#1164,.T.);
#1164 = EDGE_LOOP('',(#1165,#1193,#1219,#1245));
#1165 = ORIENTED_EDGE('',*,*,#1166,.T.);
#1166 = EDGE_CURVE('',#1167,#1169,#1171,.T.);
#1167 = VERTEX_POINT('',#1168);
#1168 = CARTESIAN_POINT('',(37.2,-6.,198.));
#1169 = VERTEX_POINT('',#1170);
#1170 = CARTESIAN_POINT('',(8.1,-6.,198.));
#1171 = SURFACE_CURVE('',#1172,(#1176,#1182),.PCURVE_S1.);
#1172 = LINE('',#1173,#1174);
#1173 = CARTESIAN_POINT('',(4.05,-6.,198.));
#1174 = VECTOR('',#1175,1.);
#1175 = DIRECTION('',(-1.,-0.,0.));
#1176 = PCURVE('',#43,#1177);
#1177 = DEFINITIONAL_REPRESENTATION('',(#1178),#1181);
#1178 = B_SPLINE_CURVE_WITH_KNOTS('',1,(#1179,#1180),.UNSPECIFIED.,.F.,
  .F.,(2,2),(-33.15,-4.05),.PIECEWISE_BEZIER_KNOTS.);
#1179 = CARTESIAN_POINT('',(37.2,-6.));
#1180 = CARTESIAN_POINT('',(8.1,-6.));
#1181 = ( GEOMETRIC_REPRESENTATION_CONTEXT(2) 
PARAMETRIC_REPRESENTATION_CONTEXT() REPRESENTATION_CONTEXT('2D SPACE',''
  ) );
#1182 = PCURVE('',#1183,#1188);
#1183 = PLANE('',#1184);
#1184 = AXIS2_PLACEMENT_3D('',#1185,#1186,#1187);
#1185 = CARTESIAN_POINT('',(8.1,-6.,177.));
#1186 = DIRECTION('',(-0.,1.,0.));
#1187 = DIRECTION('',(0.,0.,1.));
#1188 = DEFINITIONAL_REPRESENTATION('',(#1189),#1192);
#1189 = B_SPLINE_CURVE_WITH_KNOTS('',1,(#1190,#1191),.UNSPECIFIED.,.F.,
  .F.,(2,2),(-33.15,-4.05),.PIECEWISE_BEZIER_KNOTS.);
#1190 = CARTESIAN_POINT('',(21.,29.1));
#1191 = CARTESIAN_POINT('',(21.,0.));
#1192 = ( GEOMETRIC_REPRESENTATION_CONTEXT(2) 
PARAMETRIC_REPRESENTATION_CONTEXT() REPRESENTATION_CONTEXT('2D SPACE',''
  ) );
#1193 = ORIENTED_EDGE('',*,*,#1194,.T.);
#1194 = EDGE_CURVE('',#1169,#1195,#1197,.T.);
#1195 = VERTEX_POINT('',#1196);
#1196 = CARTESIAN_POINT('',(8.1,6.,198.));
#1197 = SURFACE_CURVE('',#1198,(#1202,#1208),.PCURVE_S1.);
#1198 = LINE('',#1199,#1200);
#1199 = CARTESIAN_POINT('',(8.1,-3.,198.));
#1200 = VECTOR('',#1201,1.);
#1201 = DIRECTION('',(-0.,1.,0.));
#1202 = PCURVE('',#43,#1203);
#1203 = DEFINITIONAL_REPRESENTATION('',(#1204),#1207);
#1204 = B_SPLINE_CURVE_WITH_KNOTS('',1,(#1205,#1206),.UNSPECIFIED.,.F.,
  .F.,(2,2),(-3.,9.),.PIECEWISE_BEZIER_KNOTS.);
#1205 = CARTESIAN_POINT('',(8.1,-6.));
#1206 = CARTESIAN_POINT('',(8.1,6.));
#1207 = ( GEOMETRIC_REPRESENTATION_CONTEXT(2) 
PARAMETRIC_REPRESENTATION_CONTEXT() REPRESENTATION_CONTEXT('2D SPACE',''
  ) );
#1208 = PCURVE('',#1209,#1214);
#1209 = PLANE('',#1210);
#1210 = AXIS2_PLACEMENT_3D('',#1211,#1212,#1213);
#1211 = CARTESIAN_POINT('',(8.1,-6.,177.));
#1212 = DIRECTION('',(1.,0.,-0.));
#1213 = DIRECTION('',(0.,0.,1.));
#1214 = DEFINITIONAL_REPRESENTATION('',(#1215),#1218);
#1215 = B_SPLINE_CURVE_WITH_KNOTS('',1,(#1216,#1217),.UNSPECIFIED.,.F.,
  .F.,(2,2),(-3.,9.),.PIECEWISE_BEZIER_KNOTS.);
#1216 = CARTESIAN_POINT('',(21.,0.));
#1217 = CARTESIAN_POINT('',(21.,-12.));
#1218 = ( GEOMETRIC_REPRESENTATION_CONTEXT(2) 
PARAMETRIC_REPRESENTATION_CONTEXT() REPRESENTATION_CONTEXT('2D SPACE',''
  ) );
#1219 = ORIENTED_EDGE('',*,*,#1220,.F.);
#1220 = EDGE_CURVE('',#1221,#1195,#1223,.T.);
#1221 = VERTEX_POINT('',#1222);
#1222 = CARTESIAN_POINT('',(37.2,6.,198.));
#1223 = SURFACE_CURVE('',#1224,(#1228,#1234),.PCURVE_S1.);
#1224 = LINE('',#1225,#1226);
#1225 = CARTESIAN_POINT('',(4.05,6.,198.));
#1226 = VECTOR('',#1227,1.);
#1227 = DIRECTION('',(-1.,-0.,0.));
#1228 = PCURVE('',#43,#1229);
#1229 = DEFINITIONAL_REPRESENTATION('',(#1230),#1233);
#1230 = B_SPLINE_CURVE_WITH_KNOTS('',1,(#1231,#1232),.UNSPECIFIED.,.F.,
  .F.,(2,2),(-33.15,-4.05),.PIECEWISE_BEZIER_KNOTS.);
#1231 = CARTESIAN_POINT('',(37.2,6.));
#1232 = CARTESIAN_POINT('',(8.1,6.));
#1233 = ( GEOMETRIC_REPRESENTATION_CONTEXT(2) 
PARAMETRIC_REPRESENTATION_CONTEXT() REPRESENTATION_CONTEXT('2D SPACE',''
  ) );
#1234 = PCURVE('',#1235,#1240);
#1235 = PLANE('',#1236);
#1236 = AXIS2_PLACEMENT_3D('',#1237,#1238,#1239);
#1237 = CARTESIAN_POINT('',(8.1,6.,177.));
#1238 = DIRECTION('',(-0.,1.,0.));
#1239 = DIRECTION('',(0.,0.,1.));
#1240 = DEFINITIONAL_REPRESENTATION('',(#1241),#1244);
#1241 = B_SPLINE_CURVE_WITH_KNOTS('',1,(#1242,#1243),.UNSPECIFIED.,.F.,
  .F.,(2,2),(-33.15,-4.05),.PIECEWISE_BEZIER_KNOTS.);
#1242 = CARTESIAN_POINT('',(21.,29.1));
#1243 = CARTESIAN_POINT('',(21.,0.));
#1244 = ( GEOMETRIC_REPRESENTATION_CONTEXT(2) 
PARAMETRIC_REPRESENTATION_CONTEXT() REPRESENTATION_CONTEXT('2D SPACE',''
  ) );
#1245 = ORIENTED_EDGE('',*,*,#1246,.F.);
#1246 = EDGE_CURVE('',#1167,#1221,#1247,.T.);
#1247 = SURFACE_CURVE('',#1248,(#1252,#1258),.PCURVE_S1.);
#1248 = LINE('',#1249,#1250);
#1249 = CARTESIAN_POINT('',(37.2,-3.,198.));
#1250 = VECTOR('',#1251,1.);
#1251 = DIRECTION('',(-0.,1.,0.));
#1252 = PCURVE('',#43,#1253);
#1253 = DEFINITIONAL_REPRESENTATION('',(#1254),#1257);
#1254 = B_SPLINE_CURVE_WITH_KNOTS('',1,(#1255,#1256),.UNSPECIFIED.,.F.,
  .F.,(2,2),(-3.,9.),.PIECEWISE_BEZIER_KNOTS.);
#1255 = CARTESIAN_POINT('',(37.2,-6.));
#1256 = CARTESIAN_POINT('',(37.2,6.));
#1257 = ( GEOMETRIC_REPRESENTATION_CONTEXT(2) 
PARAMETRIC_REPRESENTATION_CONTEXT() REPRESENTATION_CONTEXT('2D SPACE',''
  ) );
#1258 = PCURVE('',#1259,#1264);
#1259 = PLANE('',#1260);
#1260 = AXIS2_PLACEMENT_3D('',#1261,#1262,#1263);
#1261 = CARTESIAN_POINT('',(37.2,-6.,177.));
#1262 = DIRECTION('',(1.,0.,-0.));
#1263 = DIRECTION('',(0.,0.,1.));
#1264 = DEFINITIONAL_REPRESENTATION('',(#1265),#1268);
#1265 = B_SPLINE_CURVE_WITH_KNOTS('',1,(#1266,#1267),.UNSPECIFIED.,.F.,
  .F.,(2,2),(-3.,9.),.PIECEWISE_BEZIER_KNOTS.);
#1266 = CARTESIAN_POINT('',(21.,0.));
#1267 = CARTESIAN_POINT('',(21.,-12.));
#1268 = ( GEOMETRIC_REPRESENTATION_CONTEXT(2) 
PARAMETRIC_REPRESENTATION_CONTEXT() REPRESENTATION_CONTEXT('2D SPACE',''
  ) );
#1269 = ADVANCED_FACE('',(#1270,#1273,#1359),#93,.F.);
#1270 = FACE_BOUND('',#1271,.F.);
#1271 = EDGE_LOOP('',(#1272));
#1272 = ORIENTED_EDGE('',*,*,#78,.T.);
#1273 = FACE_BOUND('',#1274,.F.);
#1274 = EDGE_LOOP('',(#1275,#1298,#1319,#1340));
#1275 = ORIENTED_EDGE('',*,*,#1276,.T.);
#1276 = EDGE_CURVE('',#1277,#1279,#1281,.T.);
#1277 = VERTEX_POINT('',#1278);
#1278 = CARTESIAN_POINT('',(-8.1,-6.,178.));
#1279 = VERTEX_POINT('',#1280);
#1280 = CARTESIAN_POINT('',(-37.2,-6.,178.));
#1281 = SURFACE_CURVE('',#1282,(#1286,#1292),.PCURVE_S1.);
#1282 = LINE('',#1283,#1284);
#1283 = CARTESIAN_POINT('',(-18.6,-6.,178.));
#1284 = VECTOR('',#1285,1.);
#1285 = DIRECTION('',(-1.,-0.,0.));
#1286 = PCURVE('',#93,#1287);
#1287 = DEFINITIONAL_REPRESENTATION('',(#1288),#1291);
#1288 = B_SPLINE_CURVE_WITH_KNOTS('',1,(#1289,#1290),.UNSPECIFIED.,.F.,
  .F.,(2,2),(-10.5,18.6),.PIECEWISE_BEZIER_KNOTS.);
#1289 = CARTESIAN_POINT('',(-8.1,-6.));
#1290 = CARTESIAN_POINT('',(-37.2,-6.));
#1291 = ( GEOMETRIC_REPRESENTATION_CONTEXT(2) 
PARAMETRIC_REPRESENTATION_CONTEXT() REPRESENTATION_CONTEXT('2D SPACE',''
  ) );
#1292 = PCURVE('',#1077,#1293);
#1293 = DEFINITIONAL_REPRESENTATION('',(#1294),#1297);
#1294 = B_SPLINE_CURVE_WITH_KNOTS('',1,(#1295,#1296),.UNSPECIFIED.,.F.,
  .F.,(2,2),(-10.5,18.6),.PIECEWISE_BEZIER_KNOTS.);
#1295 = CARTESIAN_POINT('',(1.,29.1));
#1296 = CARTESIAN_POINT('',(1.,0.));
#1297 = ( GEOMETRIC_REPRESENTATION_CONTEXT(2) 
PARAMETRIC_REPRESENTATION_CONTEXT() REPRESENTATION_CONTEXT('2D SPACE',''
  ) );
#1298 = ORIENTED_EDGE('',*,*,#1299,.T.);
#1299 = EDGE_CURVE('',#1279,#1300,#1302,.T.);
#1300 = VERTEX_POINT('',#1301);
#1301 = CARTESIAN_POINT('',(-37.2,6.,178.));
#1302 = SURFACE_CURVE('',#1303,(#1307,#1313),.PCURVE_S1.);
#1303 = LINE('',#1304,#1305);
#1304 = CARTESIAN_POINT('',(-37.2,-3.,178.));
#1305 = VECTOR('',#1306,1.);
#1306 = DIRECTION('',(-0.,1.,0.));
#1307 = PCURVE('',#93,#1308);
#1308 = DEFINITIONAL_REPRESENTATION('',(#1309),#1312);
#1309 = B_SPLINE_CURVE_WITH_KNOTS('',1,(#1310,#1311),.UNSPECIFIED.,.F.,
  .F.,(2,2),(-3.,9.),.PIECEWISE_BEZIER_KNOTS.);
#1310 = CARTESIAN_POINT('',(-37.2,-6.));
#1311 = CARTESIAN_POINT('',(-37.2,6.));
#1312 = ( GEOMETRIC_REPRESENTATION_CONTEXT(2) 
PARAMETRIC_REPRESENTATION_CONTEXT() REPRESENTATION_CONTEXT('2D SPACE',''
  ) );
#1313 = PCURVE('',#1103,#1314);
#1314 = DEFINITIONAL_REPRESENTATION('',(#1315),#1318);
#1315 = B_SPLINE_CURVE_WITH_KNOTS('',1,(#1316,#1317),.UNSPECIFIED.,.F.,
  .F.,(2,2),(-3.,9.),.PIECEWISE_BEZIER_KNOTS.);
#1316 = CARTESIAN_POINT('',(1.,0.));
#1317 = CARTESIAN_POINT('',(1.,-12.));
#1318 = ( GEOMETRIC_REPRESENTATION_CONTEXT(2) 
PARAMETRIC_REPRESENTATION_CONTEXT() REPRESENTATION_CONTEXT('2D SPACE',''
  ) );
#1319 = ORIENTED_EDGE('',*,*,#1320,.F.);
#1320 = EDGE_CURVE('',#1321,#1300,#1323,.T.);
#1321 = VERTEX_POINT('',#1322);
#1322 = CARTESIAN_POINT('',(-8.1,6.,178.));
#1323 = SURFACE_CURVE('',#1324,(#1328,#1334),.PCURVE_S1.);
#1324 = LINE('',#1325,#1326);
#1325 = CARTESIAN_POINT('',(-18.6,6.,178.));
#1326 = VECTOR('',#1327,1.);
#1327 = DIRECTION('',(-1.,-0.,0.));
#1328 = PCURVE('',#93,#1329);
#1329 = DEFINITIONAL_REPRESENTATION('',(#1330),#1333);
#1330 = B_SPLINE_CURVE_WITH_KNOTS('',1,(#1331,#1332),.UNSPECIFIED.,.F.,
  .F.,(2,2),(-10.5,18.6),.PIECEWISE_BEZIER_KNOTS.);
#1331 = CARTESIAN_POINT('',(-8.1,6.));
#1332 = CARTESIAN_POINT('',(-37.2,6.));
#1333 = ( GEOMETRIC_REPRESENTATION_CONTEXT(2) 
PARAMETRIC_REPRESENTATION_CONTEXT() REPRESENTATION_CONTEXT('2D SPACE',''
  ) );
#1334 = PCURVE('',#1129,#1335);
#1335 = DEFINITIONAL_REPRESENTATION('',(#1336),#1339);
#1336 = B_SPLINE_CURVE_WITH_KNOTS('',1,(#1337,#1338),.UNSPECIFIED.,.F.,
  .F.,(2,2),(-10.5,18.6),.PIECEWISE_BEZIER_KNOTS.);
#1337 = CARTESIAN_POINT('',(1.,29.1));
#1338 = CARTESIAN_POINT('',(1.,0.));
#1339 = ( GEOMETRIC_REPRESENTATION_CONTEXT(2) 
PARAMETRIC_REPRESENTATION_CONTEXT() REPRESENTATION_CONTEXT('2D SPACE',''
  ) );
#1340 = ORIENTED_EDGE('',*,*,#1341,.F.);
#1341 = EDGE_CURVE('',#1277,#1321,#1342,.T.);
#1342 = SURFACE_CURVE('',#1343,(#1347,#1353),.PCURVE_S1.);
#1343 = LINE('',#1344,#1345);
#1344 = CARTESIAN_POINT('',(-8.1,-3.,178.));
#1345 = VECTOR('',#1346,1.);
#1346 = DIRECTION('',(-0.,1.,0.));
#1347 = PCURVE('',#93,#1348);
#1348 = DEFINITIONAL_REPRESENTATION('',(#1349),#1352);
#1349 = B_SPLINE_CURVE_WITH_KNOTS('',1,(#1350,#1351),.UNSPECIFIED.,.F.,
  .F.,(2,2),(-3.,9.),.PIECEWISE_BEZIER_KNOTS.);
#1350 = CARTESIAN_POINT('',(-8.1,-6.));
#1351 = CARTESIAN_POINT('',(-8.1,6.));
#1352 = ( GEOMETRIC_REPRESENTATION_CONTEXT(2) 
PARAMETRIC_REPRESENTATION_CONTEXT() REPRESENTATION_CONTEXT('2D SPACE',''
  ) );
#1353 = PCURVE('',#1153,#1354);
#1354 = DEFINITIONAL_REPRESENTATION('',(#1355),#1358);
#1355 = B_SPLINE_CURVE_WITH_KNOTS('',1,(#1356,#1357),.UNSPECIFIED.,.F.,
  .F.,(2,2),(-3.,9.),.PIECEWISE_BEZIER_KNOTS.);
#1356 = CARTESIAN_POINT('',(1.,0.));
#1357 = CARTESIAN_POINT('',(1.,-12.));
#1358 = ( GEOMETRIC_REPRESENTATION_CONTEXT(2) 
PARAMETRIC_REPRESENTATION_CONTEXT() REPRESENTATION_CONTEXT('2D SPACE',''
  ) );
#1359 = FACE_BOUND('',#1360,.F.);
#1360 = EDGE_LOOP('',(#1361,#1384,#1405,#1426));
#1361 = ORIENTED_EDGE('',*,*,#1362,.T.);
#1362 = EDGE_CURVE('',#1363,#1365,#1367,.T.);
#1363 = VERTEX_POINT('',#1364);
#1364 = CARTESIAN_POINT('',(37.2,-6.,178.));
#1365 = VERTEX_POINT('',#1366);
#1366 = CARTESIAN_POINT('',(8.1,-6.,178.));
#1367 = SURFACE_CURVE('',#1368,(#1372,#1378),.PCURVE_S1.);
#1368 = LINE('',#1369,#1370);
#1369 = CARTESIAN_POINT('',(4.05,-6.,178.));
#1370 = VECTOR('',#1371,1.);
#1371 = DIRECTION('',(-1.,-0.,0.));
#1372 = PCURVE('',#93,#1373);
#1373 = DEFINITIONAL_REPRESENTATION('',(#1374),#1377);
#1374 = B_SPLINE_CURVE_WITH_KNOTS('',1,(#1375,#1376),.UNSPECIFIED.,.F.,
  .F.,(2,2),(-33.15,-4.05),.PIECEWISE_BEZIER_KNOTS.);
#1375 = CARTESIAN_POINT('',(37.2,-6.));
#1376 = CARTESIAN_POINT('',(8.1,-6.));
#1377 = ( GEOMETRIC_REPRESENTATION_CONTEXT(2) 
PARAMETRIC_REPRESENTATION_CONTEXT() REPRESENTATION_CONTEXT('2D SPACE',''
  ) );
#1378 = PCURVE('',#1183,#1379);
#1379 = DEFINITIONAL_REPRESENTATION('',(#1380),#1383);
#1380 = B_SPLINE_CURVE_WITH_KNOTS('',1,(#1381,#1382),.UNSPECIFIED.,.F.,
  .F.,(2,2),(-33.15,-4.05),.PIECEWISE_BEZIER_KNOTS.);
#1381 = CARTESIAN_POINT('',(1.,29.1));
#1382 = CARTESIAN_POINT('',(1.,0.));
#1383 = ( GEOMETRIC_REPRESENTATION_CONTEXT(2) 
PARAMETRIC_REPRESENTATION_CONTEXT() REPRESENTATION_CONTEXT('2D SPACE',''
  ) );
#1384 = ORIENTED_EDGE('',*,*,#1385,.T.);
#1385 = EDGE_CURVE('',#1365,#1386,#1388,.T.);
#1386 = VERTEX_POINT('',#1387);
#1387 = CARTESIAN_POINT('',(8.1,6.,178.));
#1388 = SURFACE_CURVE('',#1389,(#1393,#1399),.PCURVE_S1.);
#1389 = LINE('',#1390,#1391);
#1390 = CARTESIAN_POINT('',(8.1,-3.,178.));
#1391 = VECTOR('',#1392,1.);
#1392 = DIRECTION('',(-0.,1.,0.));
#1393 = PCURVE('',#93,#1394);
#1394 = DEFINITIONAL_REPRESENTATION('',(#1395),#1398);
#1395 = B_SPLINE_CURVE_WITH_KNOTS('',1,(#1396,#1397),.UNSPECIFIED.,.F.,
  .F.,(2,2),(-3.,9.),.PIECEWISE_BEZIER_KNOTS.);
#1396 = CARTESIAN_POINT('',(8.1,-6.));
#1397 = CARTESIAN_POINT('',(8.1,6.));
#1398 = ( GEOMETRIC_REPRESENTATION_CONTEXT(2) 
PARAMETRIC_REPRESENTATION_CONTEXT() REPRESENTATION_CONTEXT('2D SPACE',''
  ) );
#1399 = PCURVE('',#1209,#1400);
#1400 = DEFINITIONAL_REPRESENTATION('',(#1401),#1404);
#1401 = B_SPLINE_CURVE_WITH_KNOTS('',1,(#1402,#1403),.UNSPECIFIED.,.F.,
  .F.,(2,2),(-3.,9.),.PIECEWISE_BEZIER_KNOTS.);
#1402 = CARTESIAN_POINT('',(1.,0.));
#1403 = CARTESIAN_POINT('',(1.,-12.));
#1404 = ( GEOMETRIC_REPRESENTATION_CONTEXT(2) 
PARAMETRIC_REPRESENTATION_CONTEXT() REPRESENTATION_CONTEXT('2D SPACE',''
  ) );
#1405 = ORIENTED_EDGE('',*,*,#1406,.F.);
#1406 = EDGE_CURVE('',#1407,#1386,#1409,.T.);
#1407 = VERTEX_POINT('',#1408);
#1408 = CARTESIAN_POINT('',(37.2,6.,178.));
#1409 = SURFACE_CURVE('',#1410,(#1414,#1420),.PCURVE_S1.);
#1410 = LINE('',#1411,#1412);
#1411 = CARTESIAN_POINT('',(4.05,6.,178.));
#1412 = VECTOR('',#1413,1.);
#1413 = DIRECTION('',(-1.,-0.,0.));
#1414 = PCURVE('',#93,#1415);
#1415 = DEFINITIONAL_REPRESENTATION('',(#1416),#1419);
#1416 = B_SPLINE_CURVE_WITH_KNOTS('',1,(#1417,#1418),.UNSPECIFIED.,.F.,
  .F.,(2,2),(-33.15,-4.05),.PIECEWISE_BEZIER_KNOTS.);
#1417 = CARTESIAN_POINT('',(37.2,6.));
#1418 = CARTESIAN_POINT('',(8.1,6.));
#1419 = ( GEOMETRIC_REPRESENTATION_CONTEXT(2) 
PARAMETRIC_REPRESENTATION_CONTEXT() REPRESENTATION_CONTEXT('2D SPACE',''
  ) );
#1420 = PCURVE('',#1235,#1421);
#1421 = DEFINITIONAL_REPRESENTATION('',(#1422),#1425);
#1422 = B_SPLINE_CURVE_WITH_KNOTS('',1,(#1423,#1424),.UNSPECIFIED.,.F.,
  .F.,(2,2),(-33.15,-4.05),.PIECEWISE_BEZIER_KNOTS.);
#1423 = CARTESIAN_POINT('',(1.,29.1));
#1424 = CARTESIAN_POINT('',(1.,0.));
#1425 = ( GEOMETRIC_REPRESENTATION_CONTEXT(2) 
PARAMETRIC_REPRESENTATION_CONTEXT() REPRESENTATION_CONTEXT('2D SPACE',''
  ) );
#1426 = ORIENTED_EDGE('',*,*,#1427,.F.);
#1427 = EDGE_CURVE('',#1363,#1407,#1428,.T.);
#1428 = SURFACE_CURVE('',#1429,(#1433,#1439),.PCURVE_S1.);
#1429 = LINE('',#1430,#1431);
#1430 = CARTESIAN_POINT('',(37.2,-3.,178.));
#1431 = VECTOR('',#1432,1.);
#1432 = DIRECTION('',(-0.,1.,0.));
#1433 = PCURVE('',#93,#1434);
#1434 = DEFINITIONAL_REPRESENTATION('',(#1435),#1438);
#1435 = B_SPLINE_CURVE_WITH_KNOTS('',1,(#1436,#1437),.UNSPECIFIED.,.F.,
  .F.,(2,2),(-3.,9.),.PIECEWISE_BEZIER_KNOTS.);
#1436 = CARTESIAN_POINT('',(37.2,-6.));
#1437 = CARTESIAN_POINT('',(37.2,6.));
#1438 = ( GEOMETRIC_REPRESENTATION_CONTEXT(2) 
PARAMETRIC_REPRESENTATION_CONTEXT() REPRESENTATION_CONTEXT('2D SPACE',''
  ) );
#1439 = PCURVE('',#1259,#1440);
#1440 = DEFINITIONAL_REPRESENTATION('',(#1441),#1444);
#1441 = B_SPLINE_CURVE_WITH_KNOTS('',1,(#1442,#1443),.UNSPECIFIED.,.F.,
  .F.,(2,2),(-3.,9.),.PIECEWISE_BEZIER_KNOTS.);
#1442 = CARTESIAN_POINT('',(1.,0.));
#1443 = CARTESIAN_POINT('',(1.,-12.));
#1444 = ( GEOMETRIC_REPRESENTATION_CONTEXT(2) 
PARAMETRIC_REPRESENTATION_CONTEXT() REPRESENTATION_CONTEXT('2D SPACE',''
  ) );
#1445 = ADVANCED_FACE('',(#1446),#262,.F.);
#1446 = FACE_BOUND('',#1447,.F.);
#1447 = EDGE_LOOP('',(#1448,#1449,#1472,#1494));
#1448 = ORIENTED_EDGE('',*,*,#108,.F.);
#1449 = ORIENTED_EDGE('',*,*,#1450,.F.);
#1450 = EDGE_CURVE('',#1451,#109,#1453,.T.);
#1451 = VERTEX_POINT('',#1452);
#1452 = CARTESIAN_POINT('',(-22.,6.,192.1));
#1453 = SEAM_CURVE('',#1454,(#1458,#1465),.PCURVE_S1.);
#1454 = LINE('',#1455,#1456);
#1455 = CARTESIAN_POINT('',(-22.,-50.,192.1));
#1456 = VECTOR('',#1457,1.);
#1457 = DIRECTION('',(0.,1.,0.));
#1458 = PCURVE('',#262,#1459);
#1459 = DEFINITIONAL_REPRESENTATION('',(#1460),#1464);
#1460 = LINE('',#1461,#1462);
#1461 = CARTESIAN_POINT('',(6.28318530718,-0.));
#1462 = VECTOR('',#1463,1.);
#1463 = DIRECTION('',(0.,1.));
#1464 = ( GEOMETRIC_REPRESENTATION_CONTEXT(2) 
PARAMETRIC_REPRESENTATION_CONTEXT() REPRESENTATION_CONTEXT('2D SPACE',''
  ) );
#1465 = PCURVE('',#262,#1466);
#1466 = DEFINITIONAL_REPRESENTATION('',(#1467),#1471);
#1467 = LINE('',#1468,#1469);
#1468 = CARTESIAN_POINT('',(0.,-0.));
#1469 = VECTOR('',#1470,1.);
#1470 = DIRECTION('',(0.,1.));
#1471 = ( GEOMETRIC_REPRESENTATION_CONTEXT(2) 
PARAMETRIC_REPRESENTATION_CONTEXT() REPRESENTATION_CONTEXT('2D SPACE',''
  ) );
#1472 = ORIENTED_EDGE('',*,*,#1473,.T.);
#1473 = EDGE_CURVE('',#1451,#1451,#1474,.T.);
#1474 = SURFACE_CURVE('',#1475,(#1480,#1487),.PCURVE_S1.);
#1475 = CIRCLE('',#1476,4.);
#1476 = AXIS2_PLACEMENT_3D('',#1477,#1478,#1479);
#1477 = CARTESIAN_POINT('',(-22.,6.,188.1));
#1478 = DIRECTION('',(0.,1.,0.));
#1479 = DIRECTION('',(0.,-0.,1.));
#1480 = PCURVE('',#262,#1481);
#1481 = DEFINITIONAL_REPRESENTATION('',(#1482),#1486);
#1482 = LINE('',#1483,#1484);
#1483 = CARTESIAN_POINT('',(0.,56.));
#1484 = VECTOR('',#1485,1.);
#1485 = DIRECTION('',(1.,0.));
#1486 = ( GEOMETRIC_REPRESENTATION_CONTEXT(2) 
PARAMETRIC_REPRESENTATION_CONTEXT() REPRESENTATION_CONTEXT('2D SPACE',''
  ) );
#1487 = PCURVE('',#1129,#1488);
#1488 = DEFINITIONAL_REPRESENTATION('',(#1489),#1493);
#1489 = CIRCLE('',#1490,4.);
#1490 = AXIS2_PLACEMENT_2D('',#1491,#1492);
#1491 = CARTESIAN_POINT('',(11.1,15.2));
#1492 = DIRECTION('',(1.,0.));
#1493 = ( GEOMETRIC_REPRESENTATION_CONTEXT(2) 
PARAMETRIC_REPRESENTATION_CONTEXT() REPRESENTATION_CONTEXT('2D SPACE',''
  ) );
#1494 = ORIENTED_EDGE('',*,*,#1450,.T.);
#1495 = ADVANCED_FACE('',(#1496),#499,.F.);
#1496 = FACE_BOUND('',#1497,.F.);
#1497 = EDGE_LOOP('',(#1498,#1499,#1522,#1544));
#1498 = ORIENTED_EDGE('',*,*,#345,.F.);
#1499 = ORIENTED_EDGE('',*,*,#1500,.F.);
#1500 = EDGE_CURVE('',#1501,#346,#1503,.T.);
#1501 = VERTEX_POINT('',#1502);
#1502 = CARTESIAN_POINT('',(22.,6.,192.1));
#1503 = SEAM_CURVE('',#1504,(#1508,#1515),.PCURVE_S1.);
#1504 = LINE('',#1505,#1506);
#1505 = CARTESIAN_POINT('',(22.,-50.,192.1));
#1506 = VECTOR('',#1507,1.);
#1507 = DIRECTION('',(0.,1.,0.));
#1508 = PCURVE('',#499,#1509);
#1509 = DEFINITIONAL_REPRESENTATION('',(#1510),#1514);
#1510 = LINE('',#1511,#1512);
#1511 = CARTESIAN_POINT('',(6.28318530718,-0.));
#1512 = VECTOR('',#1513,1.);
#1513 = DIRECTION('',(0.,1.));
#1514 = ( GEOMETRIC_REPRESENTATION_CONTEXT(2) 
PARAMETRIC_REPRESENTATION_CONTEXT() REPRESENTATION_CONTEXT('2D SPACE',''
  ) );
#1515 = PCURVE('',#499,#1516);
#1516 = DEFINITIONAL_REPRESENTATION('',(#1517),#1521);
#1517 = LINE('',#1518,#1519);
#1518 = CARTESIAN_POINT('',(0.,-0.));
#1519 = VECTOR('',#1520,1.);
#1520 = DIRECTION('',(0.,1.));
#1521 = ( GEOMETRIC_REPRESENTATION_CONTEXT(2) 
PARAMETRIC_REPRESENTATION_CONTEXT() REPRESENTATION_CONTEXT('2D SPACE',''
  ) );
#1522 = ORIENTED_EDGE('',*,*,#1523,.T.);
#1523 = EDGE_CURVE('',#1501,#1501,#1524,.T.);
#1524 = SURFACE_CURVE('',#1525,(#1530,#1537),.PCURVE_S1.);
#1525 = CIRCLE('',#1526,4.);
#1526 = AXIS2_PLACEMENT_3D('',#1527,#1528,#1529);
#1527 = CARTESIAN_POINT('',(22.,6.,188.1));
#1528 = DIRECTION('',(0.,1.,0.));
#1529 = DIRECTION('',(0.,-0.,1.));
#1530 = PCURVE('',#499,#1531);
#1531 = DEFINITIONAL_REPRESENTATION('',(#1532),#1536);
#1532 = LINE('',#1533,#1534);
#1533 = CARTESIAN_POINT('',(0.,56.));
#1534 = VECTOR('',#1535,1.);
#1535 = DIRECTION('',(1.,0.));
#1536 = ( GEOMETRIC_REPRESENTATION_CONTEXT(2) 
PARAMETRIC_REPRESENTATION_CONTEXT() REPRESENTATION_CONTEXT('2D SPACE',''
  ) );
#1537 = PCURVE('',#1235,#1538);
#1538 = DEFINITIONAL_REPRESENTATION('',(#1539),#1543);
#1539 = CIRCLE('',#1540,4.);
#1540 = AXIS2_PLACEMENT_2D('',#1541,#1542);
#1541 = CARTESIAN_POINT('',(11.1,13.9));
#1542 = DIRECTION('',(1.,0.));
#1543 = ( GEOMETRIC_REPRESENTATION_CONTEXT(2) 
PARAMETRIC_REPRESENTATION_CONTEXT() REPRESENTATION_CONTEXT('2D SPACE',''
  ) );
#1544 = ORIENTED_EDGE('',*,*,#1500,.T.);
#1545 = ADVANCED_FACE('',(#1546),#736,.F.);
#1546 = FACE_BOUND('',#1547,.F.);
#1547 = EDGE_LOOP('',(#1548,#1572,#1593,#1594));
#1548 = ORIENTED_EDGE('',*,*,#1549,.F.);
#1549 = EDGE_CURVE('',#1550,#1550,#1552,.T.);
#1550 = VERTEX_POINT('',#1551);
#1551 = CARTESIAN_POINT('',(-22.,-6.,192.1));
#1552 = SURFACE_CURVE('',#1553,(#1558,#1565),.PCURVE_S1.);
#1553 = CIRCLE('',#1554,4.);
#1554 = AXIS2_PLACEMENT_3D('',#1555,#1556,#1557);
#1555 = CARTESIAN_POINT('',(-22.,-6.,188.1));
#1556 = DIRECTION('',(0.,1.,0.));
#1557 = DIRECTION('',(0.,-0.,1.));
#1558 = PCURVE('',#736,#1559);
#1559 = DEFINITIONAL_REPRESENTATION('',(#1560),#1564);
#1560 = LINE('',#1561,#1562);
#1561 = CARTESIAN_POINT('',(0.,44.));
#1562 = VECTOR('',#1563,1.);
#1563 = DIRECTION('',(1.,0.));
#1564 = ( GEOMETRIC_REPRESENTATION_CONTEXT(2) 
PARAMETRIC_REPRESENTATION_CONTEXT() REPRESENTATION_CONTEXT('2D SPACE',''
  ) );
#1565 = PCURVE('',#1077,#1566);
#1566 = DEFINITIONAL_REPRESENTATION('',(#1567),#1571);
#1567 = CIRCLE('',#1568,4.);
#1568 = AXIS2_PLACEMENT_2D('',#1569,#1570);
#1569 = CARTESIAN_POINT('',(11.1,15.2));
#1570 = DIRECTION('',(1.,0.));
#1571 = ( GEOMETRIC_REPRESENTATION_CONTEXT(2) 
PARAMETRIC_REPRESENTATION_CONTEXT() REPRESENTATION_CONTEXT('2D SPACE',''
  ) );
#1572 = ORIENTED_EDGE('',*,*,#1573,.F.);
#1573 = EDGE_CURVE('',#583,#1550,#1574,.T.);
#1574 = SEAM_CURVE('',#1575,(#1579,#1586),.PCURVE_S1.);
#1575 = LINE('',#1576,#1577);
#1576 = CARTESIAN_POINT('',(-22.,-50.,192.1));
#1577 = VECTOR('',#1578,1.);
#1578 = DIRECTION('',(0.,1.,0.));
#1579 = PCURVE('',#736,#1580);
#1580 = DEFINITIONAL_REPRESENTATION('',(#1581),#1585);
#1581 = LINE('',#1582,#1583);
#1582 = CARTESIAN_POINT('',(6.28318530718,-0.));
#1583 = VECTOR('',#1584,1.);
#1584 = DIRECTION('',(0.,1.));
#1585 = ( GEOMETRIC_REPRESENTATION_CONTEXT(2) 
PARAMETRIC_REPRESENTATION_CONTEXT() REPRESENTATION_CONTEXT('2D SPACE',''
  ) );
#1586 = PCURVE('',#736,#1587);
#1587 = DEFINITIONAL_REPRESENTATION('',(#1588),#1592);
#1588 = LINE('',#1589,#1590);
#1589 = CARTESIAN_POINT('',(0.,-0.));
#1590 = VECTOR('',#1591,1.);
#1591 = DIRECTION('',(0.,1.));
#1592 = ( GEOMETRIC_REPRESENTATION_CONTEXT(2) 
PARAMETRIC_REPRESENTATION_CONTEXT() REPRESENTATION_CONTEXT('2D SPACE',''
  ) );
#1593 = ORIENTED_EDGE('',*,*,#582,.T.);
#1594 = ORIENTED_EDGE('',*,*,#1573,.T.);
#1595 = ADVANCED_FACE('',(#1596),#973,.F.);
#1596 = FACE_BOUND('',#1597,.F.);
#1597 = EDGE_LOOP('',(#1598,#1622,#1643,#1644));
#1598 = ORIENTED_EDGE('',*,*,#1599,.F.);
#1599 = EDGE_CURVE('',#1600,#1600,#1602,.T.);
#1600 = VERTEX_POINT('',#1601);
#1601 = CARTESIAN_POINT('',(22.,-6.,192.1));
#1602 = SURFACE_CURVE('',#1603,(#1608,#1615),.PCURVE_S1.);
#1603 = CIRCLE('',#1604,4.);
#1604 = AXIS2_PLACEMENT_3D('',#1605,#1606,#1607);
#1605 = CARTESIAN_POINT('',(22.,-6.,188.1));
#1606 = DIRECTION('',(0.,1.,0.));
#1607 = DIRECTION('',(0.,-0.,1.));
#1608 = PCURVE('',#973,#1609);
#1609 = DEFINITIONAL_REPRESENTATION('',(#1610),#1614);
#1610 = LINE('',#1611,#1612);
#1611 = CARTESIAN_POINT('',(0.,44.));
#1612 = VECTOR('',#1613,1.);
#1613 = DIRECTION('',(1.,0.));
#1614 = ( GEOMETRIC_REPRESENTATION_CONTEXT(2) 
PARAMETRIC_REPRESENTATION_CONTEXT() REPRESENTATION_CONTEXT('2D SPACE',''
  ) );
#1615 = PCURVE('',#1183,#1616);
#1616 = DEFINITIONAL_REPRESENTATION('',(#1617),#1621);
#1617 = CIRCLE('',#1618,4.);
#1618 = AXIS2_PLACEMENT_2D('',#1619,#1620);
#1619 = CARTESIAN_POINT('',(11.1,13.9));
#1620 = DIRECTION('',(1.,0.));
#1621 = ( GEOMETRIC_REPRESENTATION_CONTEXT(2) 
PARAMETRIC_REPRESENTATION_CONTEXT() REPRESENTATION_CONTEXT('2D SPACE',''
  ) );
#1622 = ORIENTED_EDGE('',*,*,#1623,.F.);
#1623 = EDGE_CURVE('',#820,#1600,#1624,.T.);
#1624 = SEAM_CURVE('',#1625,(#1629,#1636),.PCURVE_S1.);
#1625 = LINE('',#1626,#1627);
#1626 = CARTESIAN_POINT('',(22.,-50.,192.1));
#1627 = VECTOR('',#1628,1.);
#1628 = DIRECTION('',(0.,1.,0.));
#1629 = PCURVE('',#973,#1630);
#1630 = DEFINITIONAL_REPRESENTATION('',(#1631),#1635);
#1631 = LINE('',#1632,#1633);
#1632 = CARTESIAN_POINT('',(6.28318530718,-0.));
#1633 = VECTOR('',#1634,1.);
#1634 = DIRECTION('',(0.,1.));
#1635 = ( GEOMETRIC_REPRESENTATION_CONTEXT(2) 
PARAMETRIC_REPRESENTATION_CONTEXT() REPRESENTATION_CONTEXT('2D SPACE',''
  ) );
#1636 = PCURVE('',#973,#1637);
#1637 = DEFINITIONAL_REPRESENTATION('',(#1638),#1642);
#1638 = LINE('',#1639,#1640);
#1639 = CARTESIAN_POINT('',(0.,-0.));
#1640 = VECTOR('',#1641,1.);
#1641 = DIRECTION('',(0.,1.));
#1642 = ( GEOMETRIC_REPRESENTATION_CONTEXT(2) 
PARAMETRIC_REPRESENTATION_CONTEXT() REPRESENTATION_CONTEXT('2D SPACE',''
  ) );
#1643 = ORIENTED_EDGE('',*,*,#819,.T.);
#1644 = ORIENTED_EDGE('',*,*,#1623,.T.);
#1645 = ADVANCED_FACE('',(#1646,#1692),#1077,.T.);
#1646 = FACE_BOUND('',#1647,.T.);
#1647 = EDGE_LOOP('',(#1648,#1669,#1670,#1691));
#1648 = ORIENTED_EDGE('',*,*,#1649,.F.);
#1649 = EDGE_CURVE('',#1277,#1061,#1650,.T.);
#1650 = SURFACE_CURVE('',#1651,(#1655,#1662),.PCURVE_S1.);
#1651 = LINE('',#1652,#1653);
#1652 = CARTESIAN_POINT('',(-8.1,-6.,177.));
#1653 = VECTOR('',#1654,1.);
#1654 = DIRECTION('',(0.,0.,1.));
#1655 = PCURVE('',#1077,#1656);
#1656 = DEFINITIONAL_REPRESENTATION('',(#1657),#1661);
#1657 = LINE('',#1658,#1659);
#1658 = CARTESIAN_POINT('',(0.,29.1));
#1659 = VECTOR('',#1660,1.);
#1660 = DIRECTION('',(1.,0.));
#1661 = ( GEOMETRIC_REPRESENTATION_CONTEXT(2) 
PARAMETRIC_REPRESENTATION_CONTEXT() REPRESENTATION_CONTEXT('2D SPACE',''
  ) );
#1662 = PCURVE('',#1153,#1663);
#1663 = DEFINITIONAL_REPRESENTATION('',(#1664),#1668);
#1664 = LINE('',#1665,#1666);
#1665 = CARTESIAN_POINT('',(0.,0.));
#1666 = VECTOR('',#1667,1.);
#1667 = DIRECTION('',(1.,0.));
#1668 = ( GEOMETRIC_REPRESENTATION_CONTEXT(2) 
PARAMETRIC_REPRESENTATION_CONTEXT() REPRESENTATION_CONTEXT('2D SPACE',''
  ) );
#1669 = ORIENTED_EDGE('',*,*,#1276,.T.);
#1670 = ORIENTED_EDGE('',*,*,#1671,.T.);
#1671 = EDGE_CURVE('',#1279,#1063,#1672,.T.);
#1672 = SURFACE_CURVE('',#1673,(#1677,#1684),.PCURVE_S1.);
#1673 = LINE('',#1674,#1675);
#1674 = CARTESIAN_POINT('',(-37.2,-6.,177.));
#1675 = VECTOR('',#1676,1.);
#1676 = DIRECTION('',(0.,0.,1.));
#1677 = PCURVE('',#1077,#1678);
#1678 = DEFINITIONAL_REPRESENTATION('',(#1679),#1683);
#1679 = LINE('',#1680,#1681);
#1680 = CARTESIAN_POINT('',(0.,0.));
#1681 = VECTOR('',#1682,1.);
#1682 = DIRECTION('',(1.,0.));
#1683 = ( GEOMETRIC_REPRESENTATION_CONTEXT(2) 
PARAMETRIC_REPRESENTATION_CONTEXT() REPRESENTATION_CONTEXT('2D SPACE',''
  ) );
#1684 = PCURVE('',#1103,#1685);
#1685 = DEFINITIONAL_REPRESENTATION('',(#1686),#1690);
#1686 = LINE('',#1687,#1688);
#1687 = CARTESIAN_POINT('',(0.,0.));
#1688 = VECTOR('',#1689,1.);
#1689 = DIRECTION('',(1.,0.));
#1690 = ( GEOMETRIC_REPRESENTATION_CONTEXT(2) 
PARAMETRIC_REPRESENTATION_CONTEXT() REPRESENTATION_CONTEXT('2D SPACE',''
  ) );
#1691 = ORIENTED_EDGE('',*,*,#1060,.F.);
#1692 = FACE_BOUND('',#1693,.T.);
#1693 = EDGE_LOOP('',(#1694));
#1694 = ORIENTED_EDGE('',*,*,#1549,.F.);
#1695 = ADVANCED_FACE('',(#1696),#1153,.F.);
#1696 = FACE_BOUND('',#1697,.F.);
#1697 = EDGE_LOOP('',(#1698,#1699,#1700,#1721));
#1698 = ORIENTED_EDGE('',*,*,#1649,.F.);
#1699 = ORIENTED_EDGE('',*,*,#1341,.T.);
#1700 = ORIENTED_EDGE('',*,*,#1701,.T.);
#1701 = EDGE_CURVE('',#1321,#1115,#1702,.T.);
#1702 = SURFACE_CURVE('',#1703,(#1707,#1714),.PCURVE_S1.);
#1703 = LINE('',#1704,#1705);
#1704 = CARTESIAN_POINT('',(-8.1,6.,177.));
#1705 = VECTOR('',#1706,1.);
#1706 = DIRECTION('',(0.,0.,1.));
#1707 = PCURVE('',#1153,#1708);
#1708 = DEFINITIONAL_REPRESENTATION('',(#1709),#1713);
#1709 = LINE('',#1710,#1711);
#1710 = CARTESIAN_POINT('',(0.,-12.));
#1711 = VECTOR('',#1712,1.);
#1712 = DIRECTION('',(1.,0.));
#1713 = ( GEOMETRIC_REPRESENTATION_CONTEXT(2) 
PARAMETRIC_REPRESENTATION_CONTEXT() REPRESENTATION_CONTEXT('2D SPACE',''
  ) );
#1714 = PCURVE('',#1129,#1715);
#1715 = DEFINITIONAL_REPRESENTATION('',(#1716),#1720);
#1716 = LINE('',#1717,#1718);
#1717 = CARTESIAN_POINT('',(0.,29.1));
#1718 = VECTOR('',#1719,1.);
#1719 = DIRECTION('',(1.,0.));
#1720 = ( GEOMETRIC_REPRESENTATION_CONTEXT(2) 
PARAMETRIC_REPRESENTATION_CONTEXT() REPRESENTATION_CONTEXT('2D SPACE',''
  ) );
#1721 = ORIENTED_EDGE('',*,*,#1140,.F.);
#1722 = ADVANCED_FACE('',(#1723,#1749),#1129,.F.);
#1723 = FACE_BOUND('',#1724,.F.);
#1724 = EDGE_LOOP('',(#1725,#1726,#1727,#1748));
#1725 = ORIENTED_EDGE('',*,*,#1701,.F.);
#1726 = ORIENTED_EDGE('',*,*,#1320,.T.);
#1727 = ORIENTED_EDGE('',*,*,#1728,.T.);
#1728 = EDGE_CURVE('',#1300,#1089,#1729,.T.);
#1729 = SURFACE_CURVE('',#1730,(#1734,#1741),.PCURVE_S1.);
#1730 = LINE('',#1731,#1732);
#1731 = CARTESIAN_POINT('',(-37.2,6.,177.));
#1732 = VECTOR('',#1733,1.);
#1733 = DIRECTION('',(0.,0.,1.));
#1734 = PCURVE('',#1129,#1735);
#1735 = DEFINITIONAL_REPRESENTATION('',(#1736),#1740);
#1736 = LINE('',#1737,#1738);
#1737 = CARTESIAN_POINT('',(0.,0.));
#1738 = VECTOR('',#1739,1.);
#1739 = DIRECTION('',(1.,0.));
#1740 = ( GEOMETRIC_REPRESENTATION_CONTEXT(2) 
PARAMETRIC_REPRESENTATION_CONTEXT() REPRESENTATION_CONTEXT('2D SPACE',''
  ) );
#1741 = PCURVE('',#1103,#1742);
#1742 = DEFINITIONAL_REPRESENTATION('',(#1743),#1747);
#1743 = LINE('',#1744,#1745);
#1744 = CARTESIAN_POINT('',(0.,-12.));
#1745 = VECTOR('',#1746,1.);
#1746 = DIRECTION('',(1.,0.));
#1747 = ( GEOMETRIC_REPRESENTATION_CONTEXT(2) 
PARAMETRIC_REPRESENTATION_CONTEXT() REPRESENTATION_CONTEXT('2D SPACE',''
  ) );
#1748 = ORIENTED_EDGE('',*,*,#1114,.F.);
#1749 = FACE_BOUND('',#1750,.F.);
#1750 = EDGE_LOOP('',(#1751));
#1751 = ORIENTED_EDGE('',*,*,#1473,.F.);
#1752 = ADVANCED_FACE('',(#1753),#1103,.T.);
#1753 = FACE_BOUND('',#1754,.T.);
#1754 = EDGE_LOOP('',(#1755,#1756,#1757,#1758));
#1755 = ORIENTED_EDGE('',*,*,#1671,.F.);
#1756 = ORIENTED_EDGE('',*,*,#1299,.T.);
#1757 = ORIENTED_EDGE('',*,*,#1728,.T.);
#1758 = ORIENTED_EDGE('',*,*,#1088,.F.);
#1759 = ADVANCED_FACE('',(#1760,#1806),#1183,.T.);
#1760 = FACE_BOUND('',#1761,.T.);
#1761 = EDGE_LOOP('',(#1762,#1783,#1784,#1805));
#1762 = ORIENTED_EDGE('',*,*,#1763,.F.);
#1763 = EDGE_CURVE('',#1363,#1167,#1764,.T.);
#1764 = SURFACE_CURVE('',#1765,(#1769,#1776),.PCURVE_S1.);
#1765 = LINE('',#1766,#1767);
#1766 = CARTESIAN_POINT('',(37.2,-6.,177.));
#1767 = VECTOR('',#1768,1.);
#1768 = DIRECTION('',(0.,0.,1.));
#1769 = PCURVE('',#1183,#1770);
#1770 = DEFINITIONAL_REPRESENTATION('',(#1771),#1775);
#1771 = LINE('',#1772,#1773);
#1772 = CARTESIAN_POINT('',(0.,29.1));
#1773 = VECTOR('',#1774,1.);
#1774 = DIRECTION('',(1.,0.));
#1775 = ( GEOMETRIC_REPRESENTATION_CONTEXT(2) 
PARAMETRIC_REPRESENTATION_CONTEXT() REPRESENTATION_CONTEXT('2D SPACE',''
  ) );
#1776 = PCURVE('',#1259,#1777);
#1777 = DEFINITIONAL_REPRESENTATION('',(#1778),#1782);
#1778 = LINE('',#1779,#1780);
#1779 = CARTESIAN_POINT('',(0.,0.));
#1780 = VECTOR('',#1781,1.);
#1781 = DIRECTION('',(1.,0.));
#1782 = ( GEOMETRIC_REPRESENTATION_CONTEXT(2) 
PARAMETRIC_REPRESENTATION_CONTEXT() REPRESENTATION_CONTEXT('2D SPACE',''
  ) );
#1783 = ORIENTED_EDGE('',*,*,#1362,.T.);
#1784 = ORIENTED_EDGE('',*,*,#1785,.T.);
#1785 = EDGE_CURVE('',#1365,#1169,#1786,.T.);
#1786 = SURFACE_CURVE('',#1787,(#1791,#1798),.PCURVE_S1.);
#1787 = LINE('',#1788,#1789);
#1788 = CARTESIAN_POINT('',(8.1,-6.,177.));
#1789 = VECTOR('',#1790,1.);
#1790 = DIRECTION('',(0.,0.,1.));
#1791 = PCURVE('',#1183,#1792);
#1792 = DEFINITIONAL_REPRESENTATION('',(#1793),#1797);
#1793 = LINE('',#1794,#1795);
#1794 = CARTESIAN_POINT('',(0.,0.));
#1795 = VECTOR('',#1796,1.);
#1796 = DIRECTION('',(1.,0.));
#1797 = ( GEOMETRIC_REPRESENTATION_CONTEXT(2) 
PARAMETRIC_REPRESENTATION_CONTEXT() REPRESENTATION_CONTEXT('2D SPACE',''
  ) );
#1798 = PCURVE('',#1209,#1799);
#1799 = DEFINITIONAL_REPRESENTATION('',(#1800),#1804);
#1800 = LINE('',#1801,#1802);
#1801 = CARTESIAN_POINT('',(0.,0.));
#1802 = VECTOR('',#1803,1.);
#1803 = DIRECTION('',(1.,0.));
#1804 = ( GEOMETRIC_REPRESENTATION_CONTEXT(2) 
PARAMETRIC_REPRESENTATION_CONTEXT() REPRESENTATION_CONTEXT('2D SPACE',''
  ) );
#1805 = ORIENTED_EDGE('',*,*,#1166,.F.);
#1806 = FACE_BOUND('',#1807,.T.);
#1807 = EDGE_LOOP('',(#1808));
#1808 = ORIENTED_EDGE('',*,*,#1599,.F.);
#1809 = ADVANCED_FACE('',(#1810),#1259,.F.);
#1810 = FACE_BOUND('',#1811,.F.);
#1811 = EDGE_LOOP('',(#1812,#1813,#1814,#1835));
#1812 = ORIENTED_EDGE('',*,*,#1763,.F.);
#1813 = ORIENTED_EDGE('',*,*,#1427,.T.);
#1814 = ORIENTED_EDGE('',*,*,#1815,.T.);
#1815 = EDGE_CURVE('',#1407,#1221,#1816,.T.);
#1816 = SURFACE_CURVE('',#1817,(#1821,#1828),.PCURVE_S1.);
#1817 = LINE('',#1818,#1819);
#1818 = CARTESIAN_POINT('',(37.2,6.,177.));
#1819 = VECTOR('',#1820,1.);
#1820 = DIRECTION('',(0.,0.,1.));
#1821 = PCURVE('',#1259,#1822);
#1822 = DEFINITIONAL_REPRESENTATION('',(#1823),#1827);
#1823 = LINE('',#1824,#1825);
#1824 = CARTESIAN_POINT('',(0.,-12.));
#1825 = VECTOR('',#1826,1.);
#1826 = DIRECTION('',(1.,0.));
#1827 = ( GEOMETRIC_REPRESENTATION_CONTEXT(2) 
PARAMETRIC_REPRESENTATION_CONTEXT() REPRESENTATION_CONTEXT('2D SPACE',''
  ) );
#1828 = PCURVE('',#1235,#1829);
#1829 = DEFINITIONAL_REPRESENTATION('',(#1830),#1834);
#1830 = LINE('',#1831,#1832);
#1831 = CARTESIAN_POINT('',(0.,29.1));
#1832 = VECTOR('',#1833,1.);
#1833 = DIRECTION('',(1.,0.));
#1834 = ( GEOMETRIC_REPRESENTATION_CONTEXT(2) 
PARAMETRIC_REPRESENTATION_CONTEXT() REPRESENTATION_CONTEXT('2D SPACE',''
  ) );
#1835 = ORIENTED_EDGE('',*,*,#1246,.F.);
#1836 = ADVANCED_FACE('',(#1837),#1209,.T.);
#1837 = FACE_BOUND('',#1838,.T.);
#1838 = EDGE_LOOP('',(#1839,#1840,#1841,#1862));
#1839 = ORIENTED_EDGE('',*,*,#1785,.F.);
#1840 = ORIENTED_EDGE('',*,*,#1385,.T.);
#1841 = ORIENTED_EDGE('',*,*,#1842,.T.);
#1842 = EDGE_CURVE('',#1386,#1195,#1843,.T.);
#1843 = SURFACE_CURVE('',#1844,(#1848,#1855),.PCURVE_S1.);
#1844 = LINE('',#1845,#1846);
#1845 = CARTESIAN_POINT('',(8.1,6.,177.));
#1846 = VECTOR('',#1847,1.);
#1847 = DIRECTION('',(0.,0.,1.));
#1848 = PCURVE('',#1209,#1849);
#1849 = DEFINITIONAL_REPRESENTATION('',(#1850),#1854);
#1850 = LINE('',#1851,#1852);
#1851 = CARTESIAN_POINT('',(0.,-12.));
#1852 = VECTOR('',#1853,1.);
#1853 = DIRECTION('',(1.,0.));
#1854 = ( GEOMETRIC_REPRESENTATION_CONTEXT(2) 
PARAMETRIC_REPRESENTATION_CONTEXT() REPRESENTATION_CONTEXT('2D SPACE',''
  ) );
#1855 = PCURVE('',#1235,#1856);
#1856 = DEFINITIONAL_REPRESENTATION('',(#1857),#1861);
#1857 = LINE('',#1858,#1859);
#1858 = CARTESIAN_POINT('',(0.,0.));
#1859 = VECTOR('',#1860,1.);
#1860 = DIRECTION('',(1.,0.));
#1861 = ( GEOMETRIC_REPRESENTATION_CONTEXT(2) 
PARAMETRIC_REPRESENTATION_CONTEXT() REPRESENTATION_CONTEXT('2D SPACE',''
  ) );
#1862 = ORIENTED_EDGE('',*,*,#1194,.F.);
#1863 = ADVANCED_FACE('',(#1864,#1870),#1235,.F.);
#1864 = FACE_BOUND('',#1865,.F.);
#1865 = EDGE_LOOP('',(#1866,#1867,#1868,#1869));
#1866 = ORIENTED_EDGE('',*,*,#1815,.F.);
#1867 = ORIENTED_EDGE('',*,*,#1406,.T.);
#1868 = ORIENTED_EDGE('',*,*,#1842,.T.);
#1869 = ORIENTED_EDGE('',*,*,#1220,.F.);
#1870 = FACE_BOUND('',#1871,.F.);
#1871 = EDGE_LOOP('',(#1872));
#1872 = ORIENTED_EDGE('',*,*,#1523,.F.);
#1873 = ( GEOMETRIC_REPRESENTATION_CONTEXT(3) 
GLOBAL_UNCERTAINTY_ASSIGNED_CONTEXT((#1877)) 
GLOBAL_UNIT_ASSIGNED_CONTEXT((#1874,#1875,#1876)) REPRESENTATION_CONTEXT
('Context #1','3D Context with UNIT and UNCERTAINTY') );
#1874 = ( LENGTH_UNIT() NAMED_UNIT(*) SI_UNIT(.MILLI.,.METRE.) );
#1875 = ( NAMED_UNIT(*) PLANE_ANGLE_UNIT() SI_UNIT($,.RADIAN.) );
#1876 = ( NAMED_UNIT(*) SI_UNIT($,.STERADIAN.) SOLID_ANGLE_UNIT() );
#1877 = UNCERTAINTY_MEASURE_WITH_UNIT(LENGTH_MEASURE(2.E-07),#1874,
  'distance_accuracy_value','confusion accuracy');
#1878 = PRODUCT_RELATED_PRODUCT_CATEGORY('part',$,(#7));
ENDSEC;
END-ISO-10303-21;
