ISO-10303-21;
HEADER;
FILE_DESCRIPTION(('Open CASCADE Model'),'2;1');
FILE_NAME('Open CASCADE Shape Model','2026-09-23T09:45:03',('Author'),(
    'Open CASCADE'),'Open CASCADE STEP processor 7.9','Open CASCADE 7.9'
  ,'Unknown');
FILE_SCHEMA(('AUTOMOTIVE_DESIGN { 1 0 10303 214 1 1 1 1 }'));
ENDSEC;
DATA;
#1 = APPLICATION_PROTOCOL_DEFINITION('international standard',
  'automotive_design',2000,#2);
#2 = APPLICATION_CONTEXT(
  'core data for automotive mechanical design processes');
#3 = SHAPE_DEFINITION_REPRESENTATION(#4,#10);
#4 = PRODUCT_DEFINITION_SHAPE('','',#5);
#5 = PRODUCT_DEFINITION('design','',#6,#9);
#6 = PRODUCT_DEFINITION_FORMATION('','',#7);
#7 = PRODUCT('Open CASCADE STEP translator 7.9 100',
  'Open CASCADE STEP translator 7.9 100','',(#8));
#8 = PRODUCT_CONTEXT('',#2,'mechanical');
#9 = PRODUCT_DEFINITION_CONTEXT('part definition',#2,'design');
#10 = ADVANCED_BREP_SHAPE_REPRESENTATION('',(#11,#15),#1824);
#11 = AXIS2_PLACEMENT_3D('',#12,#13,#14);
#12 = CARTESIAN_POINT('',(0.,0.,0.));
#13 = DIRECTION('',(0.,0.,1.));
#14 = DIRECTION('',(1.,0.,-0.));
#15 = MANIFOLD_SOLID_BREP('',#16);
#16 = CLOSED_SHELL('',(#17,#467,#799,#1232,#1258,#1263,#1490,#1516,#1521
    ,#1656,#1704,#1730,#1756,#1762,#1788,#1793,#1819));
#17 = ADVANCED_FACE('',(#18),#33,.T.);
#18 = FACE_BOUND('',#19,.F.);
#19 = EDGE_LOOP('',(#20,#66,#107,#143,#198,#221,#254,#293,#319,#320,#403
    ,#439));
#20 = ORIENTED_EDGE('',*,*,#21,.T.);
#21 = EDGE_CURVE('',#22,#24,#26,.T.);
#22 = VERTEX_POINT('',#23);
#23 = CARTESIAN_POINT('',(3.325394200589E+04,1.107495339939E+04,
    6.633414310136E+03));
#24 = VERTEX_POINT('',#25);
#25 = CARTESIAN_POINT('',(3.325841263612E+04,1.107495339939E+04,
    6.634514195283E+03));
#26 = SURFACE_CURVE('',#27,(#32,#49),.PCURVE_S1.);
#27 = ELLIPSE('',#28,15.825817601769,10.);
#28 = AXIS2_PLACEMENT_3D('',#29,#30,#31);
#29 = CARTESIAN_POINT('',(3.325841263612E+04,1.107495339939E+04,
    6.648E+03));
#30 = DIRECTION('',(-0.,-1.,0.));
#31 = DIRECTION('',(-0.50066439164,0.,-0.865641477139));
#32 = PCURVE('',#33,#38);
#33 = CYLINDRICAL_SURFACE('',#34,10.);
#34 = AXIS2_PLACEMENT_3D('',#35,#36,#37);
#35 = CARTESIAN_POINT('',(3.325841263612E+04,1.107495339939E+04,
    6.648E+03));
#36 = DIRECTION('',(-0.388048518651,0.631878886237,-0.670930264856));
#37 = DIRECTION('',(-0.,0.727975165996,0.685603498892));
#38 = DEFINITIONAL_REPRESENTATION('',(#39),#48);
#39 = B_SPLINE_CURVE_WITH_KNOTS('',7,(#40,#41,#42,#43,#44,#45,#46,#47),
  .UNSPECIFIED.,.F.,.F.,(8,8),(0.350382676843,1.570796268297),
  .PIECEWISE_BEZIER_KNOTS.);
#40 = CARTESIAN_POINT('',(-3.141592653425,11.520802196366));
#41 = CARTESIAN_POINT('',(-3.315937452204,10.786737721896));
#42 = CARTESIAN_POINT('',(-3.490282250982,9.644119719628));
#43 = CARTESIAN_POINT('',(-3.664627049765,8.129403728739));
#44 = CARTESIAN_POINT('',(-3.838971848537,6.309412408882));
#45 = CARTESIAN_POINT('',(-4.013316647321,4.277050918203));
#46 = CARTESIAN_POINT('',(-4.187661446099,2.138526433293));
#47 = CARTESIAN_POINT('',(-4.362006244878,7.175440259743E-07));
#48 = ( GEOMETRIC_REPRESENTATION_CONTEXT(2) 
PARAMETRIC_REPRESENTATION_CONTEXT() REPRESENTATION_CONTEXT('2D SPACE',''
  ) );
#49 = PCURVE('',#50,#55);
#50 = CYLINDRICAL_SURFACE('',#51,10.);
#51 = AXIS2_PLACEMENT_3D('',#52,#53,#54);
#52 = CARTESIAN_POINT('',(3.325841263612E+04,1.107495339939E+04,
    6.648E+03));
#53 = DIRECTION('',(-0.388048518651,-0.631878886237,-0.670930264856));
#54 = DIRECTION('',(0.,0.727975165996,-0.685603498892));
#55 = DEFINITIONAL_REPRESENTATION('',(#56),#65);
#56 = B_SPLINE_CURVE_WITH_KNOTS('',7,(#57,#58,#59,#60,#61,#62,#63,#64),
  .UNSPECIFIED.,.F.,.F.,(8,8),(0.350382676843,1.570796268297),
  .PIECEWISE_BEZIER_KNOTS.);
#57 = CARTESIAN_POINT('',(-6.283185307344,11.520802196363));
#58 = CARTESIAN_POINT('',(-6.108840508565,10.786737721892));
#59 = CARTESIAN_POINT('',(-5.934495709788,9.644119719641));
#60 = CARTESIAN_POINT('',(-5.760150911003,8.129403728715));
#61 = CARTESIAN_POINT('',(-5.585806112233,6.309412408925));
#62 = CARTESIAN_POINT('',(-5.411461313448,4.277050918172));
#63 = CARTESIAN_POINT('',(-5.23711651467,2.138526433293));
#64 = CARTESIAN_POINT('',(-5.062771715891,7.175440259743E-07));
#65 = ( GEOMETRIC_REPRESENTATION_CONTEXT(2) 
PARAMETRIC_REPRESENTATION_CONTEXT() REPRESENTATION_CONTEXT('2D SPACE',''
  ) );
#66 = ORIENTED_EDGE('',*,*,#67,.T.);
#67 = EDGE_CURVE('',#24,#68,#70,.T.);
#68 = VERTEX_POINT('',#69);
#69 = CARTESIAN_POINT('',(3.325841263612E+04,1.109262138331E+04,
    6.629240099343E+03));
#70 = SURFACE_CURVE('',#71,(#76,#89),.PCURVE_S1.);
#71 = ELLIPSE('',#72,25.76997339085,10.);
#72 = AXIS2_PLACEMENT_3D('',#73,#74,#75);
#73 = CARTESIAN_POINT('',(3.325841263612E+04,1.107495339939E+04,
    6.648E+03));
#74 = DIRECTION('',(1.,0.,0.));
#75 = DIRECTION('',(-0.,0.685603498892,-0.727975165996));
#76 = PCURVE('',#33,#77);
#77 = DEFINITIONAL_REPRESENTATION('',(#78),#88);
#78 = B_SPLINE_CURVE_WITH_KNOTS('',8,(#79,#80,#81,#82,#83,#84,#85,#86,
    #87),.UNSPECIFIED.,.F.,.F.,(9,9),(4.712388980385,6.28318530718),
  .PIECEWISE_BEZIER_KNOTS.);
#79 = CARTESIAN_POINT('',(-3.14159265359,0.));
#80 = CARTESIAN_POINT('',(-3.33794219444,4.663421588269));
#81 = CARTESIAN_POINT('',(-3.534291735282,9.326844283765));
#82 = CARTESIAN_POINT('',(-3.730641276145,13.716292883561));
#83 = CARTESIAN_POINT('',(-3.926990816959,17.557847101853));
#84 = CARTESIAN_POINT('',(-4.123340357843,20.611208941307));
#85 = CARTESIAN_POINT('',(-4.319689898683,22.704140763759));
#86 = CARTESIAN_POINT('',(-4.516039439535,23.750611119824));
#87 = CARTESIAN_POINT('',(-4.712388980385,23.750611119824));
#88 = ( GEOMETRIC_REPRESENTATION_CONTEXT(2) 
PARAMETRIC_REPRESENTATION_CONTEXT() REPRESENTATION_CONTEXT('2D SPACE',''
  ) );
#89 = PCURVE('',#90,#95);
#90 = CYLINDRICAL_SURFACE('',#91,10.);
#91 = AXIS2_PLACEMENT_3D('',#92,#93,#94);
#92 = CARTESIAN_POINT('',(3.325841263612E+04,1.107495339939E+04,
    6.648E+03));
#93 = DIRECTION('',(0.388048518651,0.631878886237,-0.670930264856));
#94 = DIRECTION('',(-0.,0.727975165996,0.685603498892));
#95 = DEFINITIONAL_REPRESENTATION('',(#96),#106);
#96 = B_SPLINE_CURVE_WITH_KNOTS('',8,(#97,#98,#99,#100,#101,#102,#103,
    #104,#105),.UNSPECIFIED.,.F.,.F.,(9,9),(4.712388980385,6.28318530718
    ),.PIECEWISE_BEZIER_KNOTS.);
#97 = CARTESIAN_POINT('',(-3.14159265359,0.));
#98 = CARTESIAN_POINT('',(-2.94524311274,4.663421588269));
#99 = CARTESIAN_POINT('',(-2.74889357189,9.326844283787));
#100 = CARTESIAN_POINT('',(-2.552544031048,13.716292883531));
#101 = CARTESIAN_POINT('',(-2.356194490183,17.557847101925));
#102 = CARTESIAN_POINT('',(-2.159844949349,20.611208941351));
#103 = CARTESIAN_POINT('',(-1.963495408489,22.704140763744));
#104 = CARTESIAN_POINT('',(-1.767145867644,23.750611119825));
#105 = CARTESIAN_POINT('',(-1.570796326795,23.750611119825));
#106 = ( GEOMETRIC_REPRESENTATION_CONTEXT(2) 
PARAMETRIC_REPRESENTATION_CONTEXT() REPRESENTATION_CONTEXT('2D SPACE',''
  ) );
#107 = ORIENTED_EDGE('',*,*,#108,.T.);
#108 = EDGE_CURVE('',#68,#109,#111,.T.);
#109 = VERTEX_POINT('',#110);
#110 = CARTESIAN_POINT('',(3.325841263612E+04,1.108499562206E+04,
    6.651730692193E+03));
#111 = SURFACE_CURVE('',#112,(#117,#130),.PCURVE_S1.);
#112 = ELLIPSE('',#113,25.76997339085,10.);
#113 = AXIS2_PLACEMENT_3D('',#114,#115,#116);
#114 = CARTESIAN_POINT('',(3.325841263612E+04,1.107495339939E+04,
    6.648E+03));
#115 = DIRECTION('',(1.,0.,0.));
#116 = DIRECTION('',(-0.,0.685603498892,-0.727975165996));
#117 = PCURVE('',#33,#118);
#118 = DEFINITIONAL_REPRESENTATION('',(#119),#129);
#119 = B_SPLINE_CURVE_WITH_KNOTS('',8,(#120,#121,#122,#123,#124,#125,
    #126,#127,#128),.UNSPECIFIED.,.F.,.F.,(9,9),(0.,1.57079595612),
  .PIECEWISE_BEZIER_KNOTS.);
#120 = CARTESIAN_POINT('',(-4.712388980385,23.750611119824));
#121 = CARTESIAN_POINT('',(-4.9087384749,23.750611119824));
#122 = CARTESIAN_POINT('',(-5.105087969416,22.704141257653));
#123 = CARTESIAN_POINT('',(-5.30143746391,20.611210422903));
#124 = CARTESIAN_POINT('',(-5.497786958469,17.557849984179));
#125 = CARTESIAN_POINT('',(-5.694136452919,13.716297416009));
#126 = CARTESIAN_POINT('',(-5.890485947478,9.326850498752));
#127 = CARTESIAN_POINT('',(-6.08683544199,4.663429291542));
#128 = CARTESIAN_POINT('',(-6.283184936505,8.803741366137E-06));
#129 = ( GEOMETRIC_REPRESENTATION_CONTEXT(2) 
PARAMETRIC_REPRESENTATION_CONTEXT() REPRESENTATION_CONTEXT('2D SPACE',''
  ) );
#130 = PCURVE('',#90,#131);
#131 = DEFINITIONAL_REPRESENTATION('',(#132),#142);
#132 = B_SPLINE_CURVE_WITH_KNOTS('',8,(#133,#134,#135,#136,#137,#138,
    #139,#140,#141),.UNSPECIFIED.,.F.,.F.,(9,9),(0.,1.57079595612),
  .PIECEWISE_BEZIER_KNOTS.);
#133 = CARTESIAN_POINT('',(-1.570796326795,23.750611119825));
#134 = CARTESIAN_POINT('',(-1.37444683228,23.750611119825));
#135 = CARTESIAN_POINT('',(-1.178097337761,22.704141257653));
#136 = CARTESIAN_POINT('',(-0.981747843265,20.611210422889));
#137 = CARTESIAN_POINT('',(-0.785398348707,17.55784998415));
#138 = CARTESIAN_POINT('',(-0.589048854238,13.716297416038));
#139 = CARTESIAN_POINT('',(-0.392699359698,9.326850498715));
#140 = CARTESIAN_POINT('',(-0.196349865189,4.663429291545));
#141 = CARTESIAN_POINT('',(-3.706743882503E-07,8.803744094621E-06));
#142 = ( GEOMETRIC_REPRESENTATION_CONTEXT(2) 
PARAMETRIC_REPRESENTATION_CONTEXT() REPRESENTATION_CONTEXT('2D SPACE',''
  ) );
#143 = ORIENTED_EDGE('',*,*,#144,.T.);
#144 = EDGE_CURVE('',#109,#145,#147,.T.);
#145 = VERTEX_POINT('',#146);
#146 = CARTESIAN_POINT('',(3.32566376266E+04,1.108512348818E+04,
    6.651787069244E+03));
#147 = SURFACE_CURVE('',#148,(#161,#177),.PCURVE_S1.);
#148 = B_SPLINE_CURVE_WITH_KNOTS('',6,(#149,#150,#151,#152,#153,#154,
    #155,#156,#157,#158,#159,#160),.UNSPECIFIED.,.F.,.F.,(7,5,7),(0.,
    0.373854108531,1.),.UNSPECIFIED.);
#149 = CARTESIAN_POINT('',(3.32647974782E+04,1.108204634951E+04,
    6.650987281417E+03));
#150 = CARTESIAN_POINT('',(3.326439008639E+04,1.108238562101E+04,
    6.65105245651E+03));
#151 = CARTESIAN_POINT('',(3.326396608887E+04,1.108270910179E+04,
    6.651119413791E+03));
#152 = CARTESIAN_POINT('',(3.326352546877E+04,1.108301526761E+04,
    6.651187173379E+03));
#153 = CARTESIAN_POINT('',(3.326306839244E+04,1.108330247253E+04,
    6.651254645396E+03));
#154 = CARTESIAN_POINT('',(3.326259524173E+04,1.108356898999E+04,
    6.651320646514E+03));
#155 = CARTESIAN_POINT('',(3.326128815773E+04,1.10842216428E+04,
    6.651489959427E+03));
#156 = CARTESIAN_POINT('',(3.326042687409E+04,1.108456679247E+04,
    6.651588304906E+03));
#157 = CARTESIAN_POINT('',(3.325952443443E+04,1.108484063411E+04,
    6.651673384012E+03));
#158 = CARTESIAN_POINT('',(3.32585856795E+04,1.108503257776E+04,
    6.651738787218E+03));
#159 = CARTESIAN_POINT('',(3.325761956325E+04,1.108513175707E+04,
    6.651778289322E+03));
#160 = CARTESIAN_POINT('',(3.32566376266E+04,1.108512348818E+04,
    6.651787069244E+03));
#161 = PCURVE('',#33,#162);
#162 = DEFINITIONAL_REPRESENTATION('',(#163),#176);
#163 = B_SPLINE_CURVE_WITH_KNOTS('',6,(#164,#165,#166,#167,#168,#169,
    #170,#171,#172,#173,#174,#175),.UNSPECIFIED.,.F.,.F.,(7,5,7),(0.,
    0.373854108531,1.),.UNSPECIFIED.);
#164 = CARTESIAN_POINT('',(-5.517861705083,-6.E-07));
#165 = CARTESIAN_POINT('',(-5.559963026778,0.328737739668));
#166 = CARTESIAN_POINT('',(-5.602795613856,0.65274636024));
#167 = CARTESIAN_POINT('',(-5.646380724924,0.971726099346));
#168 = CARTESIAN_POINT('',(-5.690739759106,1.285303600123));
#169 = CARTESIAN_POINT('',(-5.735896960211,1.593033640491));
#170 = CARTESIAN_POINT('',(-5.858918712537,2.399046015839));
#171 = CARTESIAN_POINT('',(-5.938230717644,2.885375692884));
#172 = CARTESIAN_POINT('',(-6.020088746187,3.351518663917));
#173 = CARTESIAN_POINT('',(-6.104698959489,3.793205276244));
#174 = CARTESIAN_POINT('',(-6.192218185302,4.204271410396));
#175 = CARTESIAN_POINT('',(-6.28318530718,4.57419482489));
#176 = ( GEOMETRIC_REPRESENTATION_CONTEXT(2) 
PARAMETRIC_REPRESENTATION_CONTEXT() REPRESENTATION_CONTEXT('2D SPACE',''
  ) );
#177 = PCURVE('',#178,#183);
#178 = TOROIDAL_SURFACE('',#179,120.,30.);
#179 = AXIS2_PLACEMENT_3D('',#180,#181,#182);
#180 = CARTESIAN_POINT('',(3.325841263612E+04,1.107495339939E+04,6.8E+03
    ));
#181 = DIRECTION('',(-0.,-1.,-0.));
#182 = DIRECTION('',(-0.,-0.,1.));
#183 = DEFINITIONAL_REPRESENTATION('',(#184),#197);
#184 = B_SPLINE_CURVE_WITH_KNOTS('',6,(#185,#186,#187,#188,#189,#190,
    #191,#192,#193,#194,#195,#196),.UNSPECIFIED.,.F.,.F.,(7,5,7),(0.,
    0.373854108531,1.),.UNSPECIFIED.);
#185 = CARTESIAN_POINT('',(-3.098771214701,6.044493556987));
#186 = CARTESIAN_POINT('',(-3.101481438105,6.032854518452));
#187 = CARTESIAN_POINT('',(-3.104305984375,6.021717639454));
#188 = CARTESIAN_POINT('',(-3.107245664052,6.011138774301));
#189 = CARTESIAN_POINT('',(-3.110299954382,6.001179989795));
#190 = CARTESIAN_POINT('',(-3.113466680845,5.991908221817));
#191 = CARTESIAN_POINT('',(-3.122227989881,5.969137521549));
#192 = CARTESIAN_POINT('',(-3.128014525546,5.957020066345));
#193 = CARTESIAN_POINT('',(-3.134090658209,5.947352140558));
#194 = CARTESIAN_POINT('',(-3.14042220951,5.940549420858));
#195 = CARTESIAN_POINT('',(-3.146943223834,5.937035429859));
#196 = CARTESIAN_POINT('',(-3.153568158446,5.93732840806));
#197 = ( GEOMETRIC_REPRESENTATION_CONTEXT(2) 
PARAMETRIC_REPRESENTATION_CONTEXT() REPRESENTATION_CONTEXT('2D SPACE',''
  ) );
#198 = ORIENTED_EDGE('',*,*,#199,.T.);
#199 = EDGE_CURVE('',#145,#200,#202,.T.);
#200 = VERTEX_POINT('',#201);
#201 = CARTESIAN_POINT('',(3.256841263612E+04,1.220579479489E+04,
    5.461856034989E+03));
#202 = SEAM_CURVE('',#203,(#207,#214),.PCURVE_S1.);
#203 = LINE('',#204,#205);
#204 = CARTESIAN_POINT('',(3.325841263612E+04,1.108223315105E+04,
    6.654856034989E+03));
#205 = VECTOR('',#206,1.);
#206 = DIRECTION('',(-0.388048518651,0.631878886237,-0.670930264856));
#207 = PCURVE('',#33,#208);
#208 = DEFINITIONAL_REPRESENTATION('',(#209),#213);
#209 = LINE('',#210,#211);
#210 = CARTESIAN_POINT('',(-0.,-0.));
#211 = VECTOR('',#212,1.);
#212 = DIRECTION('',(-0.,1.));
#213 = ( GEOMETRIC_REPRESENTATION_CONTEXT(2) 
PARAMETRIC_REPRESENTATION_CONTEXT() REPRESENTATION_CONTEXT('2D SPACE',''
  ) );
#214 = PCURVE('',#33,#215);
#215 = DEFINITIONAL_REPRESENTATION('',(#216),#220);
#216 = LINE('',#217,#218);
#217 = CARTESIAN_POINT('',(-6.28318530718,-0.));
#218 = VECTOR('',#219,1.);
#219 = DIRECTION('',(-0.,1.));
#220 = ( GEOMETRIC_REPRESENTATION_CONTEXT(2) 
PARAMETRIC_REPRESENTATION_CONTEXT() REPRESENTATION_CONTEXT('2D SPACE',''
  ) );
#221 = ORIENTED_EDGE('',*,*,#222,.F.);
#222 = EDGE_CURVE('',#223,#200,#225,.T.);
#223 = VERTEX_POINT('',#224);
#224 = CARTESIAN_POINT('',(3.257707288505E+04,1.219852445238E+04,
    5.45E+03));
#225 = SURFACE_CURVE('',#226,(#231,#238),.PCURVE_S1.);
#226 = CIRCLE('',#227,10.);
#227 = AXIS2_PLACEMENT_3D('',#228,#229,#230);
#228 = CARTESIAN_POINT('',(3.256841263612E+04,1.219851504323E+04,
    5.455E+03));
#229 = DIRECTION('',(0.388048518651,-0.631878886237,0.670930264856));
#230 = DIRECTION('',(-0.,0.727975165996,0.685603498892));
#231 = PCURVE('',#33,#232);
#232 = DEFINITIONAL_REPRESENTATION('',(#233),#237);
#233 = LINE('',#234,#235);
#234 = CARTESIAN_POINT('',(-0.,1.778128163969E+03));
#235 = VECTOR('',#236,1.);
#236 = DIRECTION('',(-1.,0.));
#237 = ( GEOMETRIC_REPRESENTATION_CONTEXT(2) 
PARAMETRIC_REPRESENTATION_CONTEXT() REPRESENTATION_CONTEXT('2D SPACE',''
  ) );
#238 = PCURVE('',#239,#244);
#239 = PLANE('',#240);
#240 = AXIS2_PLACEMENT_3D('',#241,#242,#243);
#241 = CARTESIAN_POINT('',(3.256841263612E+04,1.219851504323E+04,
    5.455E+03));
#242 = DIRECTION('',(-0.388048518651,0.631878886237,-0.670930264856));
#243 = DIRECTION('',(0.,-0.727975165996,-0.685603498892));
#244 = DEFINITIONAL_REPRESENTATION('',(#245),#253);
#245 = ( BOUNDED_CURVE() B_SPLINE_CURVE(2,(#246,#247,#248,#249,#250,#251
,#252),.UNSPECIFIED.,.T.,.F.) B_SPLINE_CURVE_WITH_KNOTS((1,2,2,2,2,1),(
    -2.094395102393,0.,2.094395102393,4.188790204786,6.28318530718,
8.377580409573),.UNSPECIFIED.) CURVE() GEOMETRIC_REPRESENTATION_ITEM() 
RATIONAL_B_SPLINE_CURVE((1.,0.5,1.,0.5,1.,0.5,1.)) REPRESENTATION_ITEM(
  '') );
#246 = CARTESIAN_POINT('',(-10.,0.));
#247 = CARTESIAN_POINT('',(-10.,17.320508075691));
#248 = CARTESIAN_POINT('',(5.000000000001,8.660254037845));
#249 = CARTESIAN_POINT('',(20.000000000002,2.449293598295E-15));
#250 = CARTESIAN_POINT('',(5.000000000001,-8.660254037845));
#251 = CARTESIAN_POINT('',(-10.,-17.32050807569));
#252 = CARTESIAN_POINT('',(-10.,0.));
#253 = ( GEOMETRIC_REPRESENTATION_CONTEXT(2) 
PARAMETRIC_REPRESENTATION_CONTEXT() REPRESENTATION_CONTEXT('2D SPACE',''
  ) );
#254 = ORIENTED_EDGE('',*,*,#255,.T.);
#255 = EDGE_CURVE('',#223,#256,#258,.T.);
#256 = VERTEX_POINT('',#257);
#257 = CARTESIAN_POINT('',(3.256448735626E+04,1.219079544622E+04,
    5.45E+03));
#258 = SURFACE_CURVE('',#259,(#264,#277),.PCURVE_S1.);
#259 = ELLIPSE('',#260,14.904678658581,10.);
#260 = AXIS2_PLACEMENT_3D('',#261,#262,#263);
#261 = CARTESIAN_POINT('',(3.256552076689E+04,1.22032240191E+04,5.45E+03
    ));
#262 = DIRECTION('',(-0.,0.,-1.));
#263 = DIRECTION('',(-0.523314654329,0.852139526465,0.));
#264 = PCURVE('',#33,#265);
#265 = DEFINITIONAL_REPRESENTATION('',(#266),#276);
#266 = B_SPLINE_CURVE_WITH_KNOTS('',8,(#267,#268,#269,#270,#271,#272,
    #273,#274,#275),.UNSPECIFIED.,.F.,.F.,(9,9),(2.310799400645,
    3.972385906535),.PIECEWISE_BEZIER_KNOTS.);
#267 = CARTESIAN_POINT('',(-4.363220355797,1.778128164569E+03));
#268 = CARTESIAN_POINT('',(-4.155522042561,1.776433009195E+03));
#269 = CARTESIAN_POINT('',(-3.94782372933,1.775105263333E+03));
#270 = CARTESIAN_POINT('',(-3.740125416063,1.774256358758E+03));
#271 = CARTESIAN_POINT('',(-3.532427102866,1.773963909779E+03));
#272 = CARTESIAN_POINT('',(-3.324728789592,1.774256358761E+03));
#273 = CARTESIAN_POINT('',(-3.117030476381,1.775105263333E+03));
#274 = CARTESIAN_POINT('',(-2.909332163144,1.776433009195E+03));
#275 = CARTESIAN_POINT('',(-2.701633849908,1.778128164569E+03));
#276 = ( GEOMETRIC_REPRESENTATION_CONTEXT(2) 
PARAMETRIC_REPRESENTATION_CONTEXT() REPRESENTATION_CONTEXT('2D SPACE',''
  ) );
#277 = PCURVE('',#278,#283);
#278 = PLANE('',#279);
#279 = AXIS2_PLACEMENT_3D('',#280,#281,#282);
#280 = CARTESIAN_POINT('',(3.250841263612E+04,1.225851504323E+04,
    5.45E+03));
#281 = DIRECTION('',(-0.,-0.,1.));
#282 = DIRECTION('',(-1.,0.,0.));
#283 = DEFINITIONAL_REPRESENTATION('',(#284),#292);
#284 = ( BOUNDED_CURVE() B_SPLINE_CURVE(2,(#285,#286,#287,#288,#289,#290
,#291),.UNSPECIFIED.,.T.,.F.) B_SPLINE_CURVE_WITH_KNOTS((1,2,2,2,2,1),(
    -2.094395102393,0.,2.094395102393,4.188790204786,6.28318530718,
8.377580409573),.UNSPECIFIED.) CURVE() GEOMETRIC_REPRESENTATION_ITEM() 
RATIONAL_B_SPLINE_CURVE((1.,0.5,1.,0.5,1.,0.5,1.)) REPRESENTATION_ITEM(
  '') );
#285 = CARTESIAN_POINT('',(-49.30829400268,42.590158310506));
#286 = CARTESIAN_POINT('',(-64.06778355243,33.526082614076));
#287 = CARTESIAN_POINT('',(-68.3877939177,57.109419183652));
#288 = CARTESIAN_POINT('',(-72.70780428298,80.692755753228));
#289 = CARTESIAN_POINT('',(-53.62830436795,66.173494880081));
#290 = CARTESIAN_POINT('',(-34.54880445293,51.654234006935));
#291 = CARTESIAN_POINT('',(-49.30829400268,42.590158310506));
#292 = ( GEOMETRIC_REPRESENTATION_CONTEXT(2) 
PARAMETRIC_REPRESENTATION_CONTEXT() REPRESENTATION_CONTEXT('2D SPACE',''
  ) );
#293 = ORIENTED_EDGE('',*,*,#294,.F.);
#294 = EDGE_CURVE('',#200,#256,#295,.T.);
#295 = SURFACE_CURVE('',#296,(#301,#308),.PCURVE_S1.);
#296 = CIRCLE('',#297,10.);
#297 = AXIS2_PLACEMENT_3D('',#298,#299,#300);
#298 = CARTESIAN_POINT('',(3.256841263612E+04,1.219851504323E+04,
    5.455E+03));
#299 = DIRECTION('',(0.388048518651,-0.631878886237,0.670930264856));
#300 = DIRECTION('',(-0.,0.727975165996,0.685603498892));
#301 = PCURVE('',#33,#302);
#302 = DEFINITIONAL_REPRESENTATION('',(#303),#307);
#303 = LINE('',#304,#305);
#304 = CARTESIAN_POINT('',(-0.,1.778128163969E+03));
#305 = VECTOR('',#306,1.);
#306 = DIRECTION('',(-1.,0.));
#307 = ( GEOMETRIC_REPRESENTATION_CONTEXT(2) 
PARAMETRIC_REPRESENTATION_CONTEXT() REPRESENTATION_CONTEXT('2D SPACE',''
  ) );
#308 = PCURVE('',#239,#309);
#309 = DEFINITIONAL_REPRESENTATION('',(#310),#318);
#310 = ( BOUNDED_CURVE() B_SPLINE_CURVE(2,(#311,#312,#313,#314,#315,#316
,#317),.UNSPECIFIED.,.T.,.F.) B_SPLINE_CURVE_WITH_KNOTS((1,2,2,2,2,1),(
    -2.094395102393,0.,2.094395102393,4.188790204786,6.28318530718,
8.377580409573),.UNSPECIFIED.) CURVE() GEOMETRIC_REPRESENTATION_ITEM() 
RATIONAL_B_SPLINE_CURVE((1.,0.5,1.,0.5,1.,0.5,1.)) REPRESENTATION_ITEM(
  '') );
#311 = CARTESIAN_POINT('',(-10.,0.));
#312 = CARTESIAN_POINT('',(-10.,17.320508075691));
#313 = CARTESIAN_POINT('',(5.000000000001,8.660254037845));
#314 = CARTESIAN_POINT('',(20.000000000002,2.449293598295E-15));
#315 = CARTESIAN_POINT('',(5.000000000001,-8.660254037845));
#316 = CARTESIAN_POINT('',(-10.,-17.32050807569));
#317 = CARTESIAN_POINT('',(-10.,0.));
#318 = ( GEOMETRIC_REPRESENTATION_CONTEXT(2) 
PARAMETRIC_REPRESENTATION_CONTEXT() REPRESENTATION_CONTEXT('2D SPACE',''
  ) );
#319 = ORIENTED_EDGE('',*,*,#199,.F.);
#320 = ORIENTED_EDGE('',*,*,#321,.T.);
#321 = EDGE_CURVE('',#145,#322,#324,.T.);
#322 = VERTEX_POINT('',#323);
#323 = CARTESIAN_POINT('',(3.324841734756E+04,1.107495339939E+04,
    6.650333389807E+03));
#324 = SURFACE_CURVE('',#325,(#349,#376),.PCURVE_S1.);
#325 = B_SPLINE_CURVE_WITH_KNOTS('',8,(#326,#327,#328,#329,#330,#331,
    #332,#333,#334,#335,#336,#337,#338,#339,#340,#341,#342,#343,#344,
    #345,#346,#347,#348),.UNSPECIFIED.,.F.,.F.,(9,7,7,9),(0.,
    0.266417371669,0.610393757068,1.),.UNSPECIFIED.);
#326 = CARTESIAN_POINT('',(3.32566376266E+04,1.108512348818E+04,
    6.651787069244E+03));
#327 = CARTESIAN_POINT('',(3.325613303049E+04,1.108511923898E+04,
    6.651791581056E+03));
#328 = CARTESIAN_POINT('',(3.325562484301E+04,1.108508815983E+04,
    6.651788455005E+03));
#329 = CARTESIAN_POINT('',(3.325511446003E+04,1.108502825079E+04,
    6.651776969041E+03));
#330 = CARTESIAN_POINT('',(3.325460390822E+04,1.108493767287E+04,
    6.651756640577E+03));
#331 = CARTESIAN_POINT('',(3.325409584496E+04,1.108481474806E+04,
    6.651727226488E+03));
#332 = CARTESIAN_POINT('',(3.325359355841E+04,1.108465795932E+04,
    6.651688723114E+03));
#333 = CARTESIAN_POINT('',(3.325310096748E+04,1.108446595056E+04,
    6.651641366256E+03));
#334 = CARTESIAN_POINT('',(3.325200502096E+04,1.108394260436E+04,
    6.651513670594E+03));
#335 = CARTESIAN_POINT('',(3.325140637527E+04,1.108358511404E+04,
    6.651427355314E+03));
#336 = CARTESIAN_POINT('',(3.325084467639E+04,1.108316565717E+04,
    6.651328659081E+03));
#337 = CARTESIAN_POINT('',(3.325033328007E+04,1.10826886565E+04,
    6.651221244452E+03));
#338 = CARTESIAN_POINT('',(3.324988179694E+04,1.10821614648E+04,
    6.651109831147E+03));
#339 = CARTESIAN_POINT('',(3.324949615681E+04,1.108159426928E+04,
    6.650999493543E+03));
#340 = CARTESIAN_POINT('',(3.324917803523E+04,1.108100052244E+04,
    6.650894865213E+03));
#341 = CARTESIAN_POINT('',(3.324863769538E+04,1.107971382575E+04,
    6.650691321655E+03));
#342 = CARTESIAN_POINT('',(3.32484327522E+04,1.107901567403E+04,
    6.65059461169E+03));
#343 = CARTESIAN_POINT('',(3.324830130708E+04,1.107831395676E+04,
    6.650512400275E+03));
#344 = CARTESIAN_POINT('',(3.324823309907E+04,1.107761701491E+04,
    6.65044606263E+03));
#345 = CARTESIAN_POINT('',(3.324821838949E+04,1.107693051133E+04,
    6.650395685685E+03));
#346 = CARTESIAN_POINT('',(3.324824850774E+04,1.107625760614E+04,
    6.650360660406E+03));
#347 = CARTESIAN_POINT('',(3.32483164928E+04,1.107559906792E+04,
    6.65034012526E+03));
#348 = CARTESIAN_POINT('',(3.324841734757E+04,1.107495339939E+04,
    6.650333389806E+03));
#349 = PCURVE('',#33,#350);
#350 = DEFINITIONAL_REPRESENTATION('',(#351),#375);
#351 = B_SPLINE_CURVE_WITH_KNOTS('',8,(#352,#353,#354,#355,#356,#357,
    #358,#359,#360,#361,#362,#363,#364,#365,#366,#367,#368,#369,#370,
    #371,#372,#373,#374),.UNSPECIFIED.,.F.,.F.,(9,7,7,9),(0.,
    0.266417371669,0.610393757068,1.),.UNSPECIFIED.);
#352 = CARTESIAN_POINT('',(0.,4.57419482489));
#353 = CARTESIAN_POINT('',(-4.674604548034E-02,4.764290503429));
#354 = CARTESIAN_POINT('',(-9.431781076387E-02,4.943951006827));
#355 = CARTESIAN_POINT('',(-0.142779740999,5.111855383868));
#356 = CARTESIAN_POINT('',(-0.192163068353,5.266378967726));
#357 = CARTESIAN_POINT('',(-0.242465812009,5.405593375966));
#358 = CARTESIAN_POINT('',(-0.293652778169,5.527266510547));
#359 = CARTESIAN_POINT('',(-0.345655560052,5.628862557817));
#360 = CARTESIAN_POINT('',(-0.466436400901,5.809126453547));
#361 = CARTESIAN_POINT('',(-0.53619928182,5.87345097374));
#362 = CARTESIAN_POINT('',(-0.606580243443,5.892589738817));
#363 = CARTESIAN_POINT('',(-0.676791641678,5.861697398782));
#364 = CARTESIAN_POINT('',(-0.746149018883,5.778524015932));
#365 = CARTESIAN_POINT('',(-0.8139778802,5.643801062594));
#366 = CARTESIAN_POINT('',(-0.8795331979,5.462269886951));
#367 = CARTESIAN_POINT('',(-1.012615430456,4.995475030659));
#368 = CARTESIAN_POINT('',(-1.07950782295,4.698741237393));
#369 = CARTESIAN_POINT('',(-1.142656727669,4.361506124234));
#370 = CARTESIAN_POINT('',(-1.202238039604,3.992099231917));
#371 = CARTESIAN_POINT('',(-1.258467257676,3.59781955918));
#372 = CARTESIAN_POINT('',(-1.311623899893,3.184437160476));
#373 = CARTESIAN_POINT('',(-1.362043792545,2.755716907394));
#374 = CARTESIAN_POINT('',(-1.410127938933,2.313115073779));
#375 = ( GEOMETRIC_REPRESENTATION_CONTEXT(2) 
PARAMETRIC_REPRESENTATION_CONTEXT() REPRESENTATION_CONTEXT('2D SPACE',''
  ) );
#376 = PCURVE('',#178,#377);
#377 = DEFINITIONAL_REPRESENTATION('',(#378),#402);
#378 = B_SPLINE_CURVE_WITH_KNOTS('',8,(#379,#380,#381,#382,#383,#384,
    #385,#386,#387,#388,#389,#390,#391,#392,#393,#394,#395,#396,#397,
    #398,#399,#400,#401),.UNSPECIFIED.,.F.,.F.,(9,7,7,9),(0.,
    0.266417371669,0.610393757068,1.),.UNSPECIFIED.);
#379 = CARTESIAN_POINT('',(-3.153568158446,5.93732840806));
#380 = CARTESIAN_POINT('',(-3.156972569713,5.937478963249));
#381 = CARTESIAN_POINT('',(-3.160400623981,5.938579902687));
#382 = CARTESIAN_POINT('',(-3.163841800743,5.94070245399));
#383 = CARTESIAN_POINT('',(-3.167281423303,5.943909507283));
#384 = CARTESIAN_POINT('',(-3.170700658776,5.948255615199));
#385 = CARTESIAN_POINT('',(-3.17407651809,5.953786992875));
#386 = CARTESIAN_POINT('',(-3.177381855979,5.960541517956));
#387 = CARTESIAN_POINT('',(-3.184721488349,5.978886990609));
#388 = CARTESIAN_POINT('',(-3.188720204454,5.991378769047));
#389 = CARTESIAN_POINT('',(-3.192459622368,6.005975677028));
#390 = CARTESIAN_POINT('',(-3.195850647011,6.022490951272));
#391 = CARTESIAN_POINT('',(-3.198831443693,6.040638712352));
#392 = CARTESIAN_POINT('',(-3.201366382674,6.060050257187));
#393 = CARTESIAN_POINT('',(-3.203448363539,6.080264135118));
#394 = CARTESIAN_POINT('',(-3.206968939335,6.123878087072));
#395 = CARTESIAN_POINT('',(-3.208292357014,6.147429536035));
#396 = CARTESIAN_POINT('',(-3.209130349643,6.171000981308));
#397 = CARTESIAN_POINT('',(-3.209553892802,6.194334789078));
#398 = CARTESIAN_POINT('',(-3.209628720681,6.217266394806));
#399 = CARTESIAN_POINT('',(-3.209412534145,6.239711746633));
#400 = CARTESIAN_POINT('',(-3.208951185186,6.261663022981));
#401 = CARTESIAN_POINT('',(-3.208277322321,6.28318530718));
#402 = ( GEOMETRIC_REPRESENTATION_CONTEXT(2) 
PARAMETRIC_REPRESENTATION_CONTEXT() REPRESENTATION_CONTEXT('2D SPACE',''
  ) );
#403 = ORIENTED_EDGE('',*,*,#404,.T.);
#404 = EDGE_CURVE('',#322,#405,#407,.T.);
#405 = VERTEX_POINT('',#406);
#406 = CARTESIAN_POINT('',(3.325048921278E+04,1.107495339939E+04,
    6.634300515874E+03));
#407 = SURFACE_CURVE('',#408,(#413,#426),.PCURVE_S1.);
#408 = ELLIPSE('',#409,15.825817601769,10.);
#409 = AXIS2_PLACEMENT_3D('',#410,#411,#412);
#410 = CARTESIAN_POINT('',(3.325841263612E+04,1.107495339939E+04,
    6.648E+03));
#411 = DIRECTION('',(-0.,-1.,0.));
#412 = DIRECTION('',(-0.50066439164,0.,-0.865641477139));
#413 = PCURVE('',#33,#414);
#414 = DEFINITIONAL_REPRESENTATION('',(#415),#425);
#415 = B_SPLINE_CURVE_WITH_KNOTS('',8,(#416,#417,#418,#419,#420,#421,
    #422,#423,#424),.UNSPECIFIED.,.F.,.F.,(9,9),(4.712389045132,
    6.28318530718),.PIECEWISE_BEZIER_KNOTS.);
#416 = CARTESIAN_POINT('',(-1.220413714534,7.941962394398E-07));
#417 = CARTESIAN_POINT('',(-1.41676324729,2.408438143716));
#418 = CARTESIAN_POINT('',(-1.613112780043,4.816876030058));
#419 = CARTESIAN_POINT('',(-1.809462312806,7.083819191794));
#420 = CARTESIAN_POINT('',(-2.005811845527,9.067800732177));
#421 = CARTESIAN_POINT('',(-2.202161378333,10.644718081614));
#422 = CARTESIAN_POINT('',(-2.39851091106,11.725618632319));
#423 = CARTESIAN_POINT('',(-2.594860443826,12.266071203303));
#424 = CARTESIAN_POINT('',(-2.791209976582,12.266071203303));
#425 = ( GEOMETRIC_REPRESENTATION_CONTEXT(2) 
PARAMETRIC_REPRESENTATION_CONTEXT() REPRESENTATION_CONTEXT('2D SPACE',''
  ) );
#426 = PCURVE('',#50,#427);
#427 = DEFINITIONAL_REPRESENTATION('',(#428),#438);
#428 = B_SPLINE_CURVE_WITH_KNOTS('',8,(#429,#430,#431,#432,#433,#434,
    #435,#436,#437),.UNSPECIFIED.,.F.,.F.,(9,9),(4.712389045132,
    6.28318530718),.PIECEWISE_BEZIER_KNOTS.);
#429 = CARTESIAN_POINT('',(-1.921178939056,7.94192601461E-07));
#430 = CARTESIAN_POINT('',(-1.7248294063,2.408438143712));
#431 = CARTESIAN_POINT('',(-1.528479873544,4.816876030095));
#432 = CARTESIAN_POINT('',(-1.332130340785,7.083819191681));
#433 = CARTESIAN_POINT('',(-1.135780808041,9.067800732308));
#434 = CARTESIAN_POINT('',(-0.939431275262,10.644718081479));
#435 = CARTESIAN_POINT('',(-0.743081742527,11.725618632358));
#436 = CARTESIAN_POINT('',(-0.546732209764,12.266071203299));
#437 = CARTESIAN_POINT('',(-0.350382677008,12.266071203299));
#438 = ( GEOMETRIC_REPRESENTATION_CONTEXT(2) 
PARAMETRIC_REPRESENTATION_CONTEXT() REPRESENTATION_CONTEXT('2D SPACE',''
  ) );
#439 = ORIENTED_EDGE('',*,*,#440,.T.);
#440 = EDGE_CURVE('',#405,#22,#441,.T.);
#441 = SURFACE_CURVE('',#442,(#447,#457),.PCURVE_S1.);
#442 = ELLIPSE('',#443,15.825817601769,10.);
#443 = AXIS2_PLACEMENT_3D('',#444,#445,#446);
#444 = CARTESIAN_POINT('',(3.325841263612E+04,1.107495339939E+04,
    6.648E+03));
#445 = DIRECTION('',(-0.,-1.,0.));
#446 = DIRECTION('',(-0.50066439164,0.,-0.865641477139));
#447 = PCURVE('',#33,#448);
#448 = DEFINITIONAL_REPRESENTATION('',(#449),#456);
#449 = B_SPLINE_CURVE_WITH_KNOTS('',5,(#450,#451,#452,#453,#454,#455),
  .UNSPECIFIED.,.F.,.F.,(6,6),(0.,0.350382676843),
  .PIECEWISE_BEZIER_KNOTS.);
#450 = CARTESIAN_POINT('',(-2.791209976582,12.266071203303));
#451 = CARTESIAN_POINT('',(-2.861286511951,12.266071203303));
#452 = CARTESIAN_POINT('',(-2.931363047317,12.19077782013));
#453 = CARTESIAN_POINT('',(-3.001439582688,12.04018657667));
#454 = CARTESIAN_POINT('',(-3.071516118056,11.815853700445));
#455 = CARTESIAN_POINT('',(-3.141592653425,11.520802196366));
#456 = ( GEOMETRIC_REPRESENTATION_CONTEXT(2) 
PARAMETRIC_REPRESENTATION_CONTEXT() REPRESENTATION_CONTEXT('2D SPACE',''
  ) );
#457 = PCURVE('',#50,#458);
#458 = DEFINITIONAL_REPRESENTATION('',(#459),#466);
#459 = B_SPLINE_CURVE_WITH_KNOTS('',5,(#460,#461,#462,#463,#464,#465),
  .UNSPECIFIED.,.F.,.F.,(6,6),(0.,0.350382676843),
  .PIECEWISE_BEZIER_KNOTS.);
#460 = CARTESIAN_POINT('',(-0.350382677008,12.266071203299));
#461 = CARTESIAN_POINT('',(-0.280306141639,12.266071203299));
#462 = CARTESIAN_POINT('',(-0.210229606273,12.190777820127));
#463 = CARTESIAN_POINT('',(-0.140153070901,12.040186576676));
#464 = CARTESIAN_POINT('',(-7.007653553345E-02,11.815853700442));
#465 = CARTESIAN_POINT('',(-1.648004399613E-10,11.520802196363));
#466 = ( GEOMETRIC_REPRESENTATION_CONTEXT(2) 
PARAMETRIC_REPRESENTATION_CONTEXT() REPRESENTATION_CONTEXT('2D SPACE',''
  ) );
#467 = ADVANCED_FACE('',(#468),#50,.T.);
#468 = FACE_BOUND('',#469,.F.);
#469 = EDGE_LOOP('',(#470,#493,#494,#495,#620,#661,#695,#696,#697,#736,
    #769));
#470 = ORIENTED_EDGE('',*,*,#471,.F.);
#471 = EDGE_CURVE('',#22,#472,#474,.T.);
#472 = VERTEX_POINT('',#473);
#473 = CARTESIAN_POINT('',(3.256948611822E+04,9.960419512013E+03,
    5.45E+03));
#474 = SEAM_CURVE('',#475,(#479,#486),.PCURVE_S1.);
#475 = LINE('',#476,#477);
#476 = CARTESIAN_POINT('',(3.325841263612E+04,1.108223315105E+04,
    6.641143965011E+03));
#477 = VECTOR('',#478,1.);
#478 = DIRECTION('',(-0.388048518651,-0.631878886237,-0.670930264856));
#479 = PCURVE('',#50,#480);
#480 = DEFINITIONAL_REPRESENTATION('',(#481),#485);
#481 = LINE('',#482,#483);
#482 = CARTESIAN_POINT('',(-0.,-0.));
#483 = VECTOR('',#484,1.);
#484 = DIRECTION('',(-0.,1.));
#485 = ( GEOMETRIC_REPRESENTATION_CONTEXT(2) 
PARAMETRIC_REPRESENTATION_CONTEXT() REPRESENTATION_CONTEXT('2D SPACE',''
  ) );
#486 = PCURVE('',#50,#487);
#487 = DEFINITIONAL_REPRESENTATION('',(#488),#492);
#488 = LINE('',#489,#490);
#489 = CARTESIAN_POINT('',(-6.28318530718,-0.));
#490 = VECTOR('',#491,1.);
#491 = DIRECTION('',(-0.,1.));
#492 = ( GEOMETRIC_REPRESENTATION_CONTEXT(2) 
PARAMETRIC_REPRESENTATION_CONTEXT() REPRESENTATION_CONTEXT('2D SPACE',''
  ) );
#493 = ORIENTED_EDGE('',*,*,#440,.F.);
#494 = ORIENTED_EDGE('',*,*,#404,.F.);
#495 = ORIENTED_EDGE('',*,*,#496,.F.);
#496 = EDGE_CURVE('',#497,#322,#499,.T.);
#497 = VERTEX_POINT('',#498);
#498 = CARTESIAN_POINT('',(3.325841263612E+04,1.106491117672E+04,
    6.651730692193E+03));
#499 = SURFACE_CURVE('',#500,(#538,#579),.PCURVE_S1.);
#500 = B_SPLINE_CURVE_WITH_KNOTS('',8,(#501,#502,#503,#504,#505,#506,
    #507,#508,#509,#510,#511,#512,#513,#514,#515,#516,#517,#518,#519,
    #520,#521,#522,#523,#524,#525,#526,#527,#528,#529,#530,#531,#532,
    #533,#534,#535,#536,#537),.UNSPECIFIED.,.F.,.F.,(9,7,7,7,7,9),(0.,
    0.229985188998,0.439213445857,0.576583749997,0.815836349596,1.),
  .UNSPECIFIED.);
#501 = CARTESIAN_POINT('',(3.32647974782E+04,1.106786044927E+04,
    6.650987281417E+03));
#502 = CARTESIAN_POINT('',(3.326430654557E+04,1.106745160588E+04,
    6.651065821484E+03));
#503 = CARTESIAN_POINT('',(3.326379270768E+04,1.106706465157E+04,
    6.651146816775E+03));
#504 = CARTESIAN_POINT('',(3.326325587759E+04,1.106670177864E+04,
    6.651228825109E+03));
#505 = CARTESIAN_POINT('',(3.3262696259E+04,1.106636539437E+04,
    6.651310246849E+03));
#506 = CARTESIAN_POINT('',(3.326211437926E+04,1.106605808543E+04,
    6.651389330667E+03));
#507 = CARTESIAN_POINT('',(3.326151112173E+04,1.106578256637E+04,
    6.651464218841E+03));
#508 = CARTESIAN_POINT('',(3.326088770959E+04,1.106554168837E+04,
    6.651533007966E+03));
#509 = CARTESIAN_POINT('',(3.325966143045E+04,1.106515381073E+04,
    6.651649107223E+03));
#510 = CARTESIAN_POINT('',(3.325906219885E+04,1.106500038127E+04,
    6.651697862617E+03));
#511 = CARTESIAN_POINT('',(3.325844869299E+04,1.106488059985E+04,
    6.651738479363E+03));
#512 = CARTESIAN_POINT('',(3.325782241967E+04,1.10647970675E+04,
    6.651769497235E+03));
#513 = CARTESIAN_POINT('',(3.325718559807E+04,1.106475268223E+04,
    6.651789583578E+03));
#514 = CARTESIAN_POINT('',(3.325654115985E+04,1.106475063898E+04,
    6.651797533306E+03));
#515 = CARTESIAN_POINT('',(3.325589274907E+04,1.106479442965E+04,
    6.651792268909E+03));
#516 = CARTESIAN_POINT('',(3.32548192556E+04,1.106494917433E+04,
    6.651760084548E+03));
#517 = CARTESIAN_POINT('',(3.325439392903E+04,1.106503175549E+04,
    6.651741315419E+03));
#518 = CARTESIAN_POINT('',(3.325397024985E+04,1.106513689718E+04,
    6.651716242437E+03));
#519 = CARTESIAN_POINT('',(3.325355003557E+04,1.106526566141E+04,
    6.651684751732E+03));
#520 = CARTESIAN_POINT('',(3.325313541387E+04,1.106541886156E+04,
    6.651646906178E+03));
#521 = CARTESIAN_POINT('',(3.325272882261E+04,1.10655970624E+04,
    6.651602945396E+03));
#522 = CARTESIAN_POINT('',(3.325233300984E+04,1.106580058007E+04,
    6.651553285755E+03));
#523 = CARTESIAN_POINT('',(3.325128576065E+04,1.106642815202E+04,
    6.651403137593E+03));
#524 = CARTESIAN_POINT('',(3.325065673265E+04,1.106690669808E+04,
    6.651291589224E+03));
#525 = CARTESIAN_POINT('',(3.325009265955E+04,1.106745881709E+04,
    6.651168683329E+03));
#526 = CARTESIAN_POINT('',(3.324960837459E+04,1.106807200255E+04,
    6.651041585045E+03));
#527 = CARTESIAN_POINT('',(3.324921046541E+04,1.106873115152E+04,
    6.650917635648E+03));
#528 = CARTESIAN_POINT('',(3.324889854819E+04,1.106941933694E+04,
    6.650802925897E+03));
#529 = CARTESIAN_POINT('',(3.324866674797E+04,1.1070118642E+04,
    6.650701572017E+03));
#530 = CARTESIAN_POINT('',(3.324838089227E+04,1.107134375716E+04,
    6.650549350897E+03));
#531 = CARTESIAN_POINT('',(3.324829720816E+04,1.107187669069E+04,
    6.650491704288E+03));
#532 = CARTESIAN_POINT('',(3.324824961536E+04,1.107240657503E+04,
    6.650443123648E+03));
#533 = CARTESIAN_POINT('',(3.324823380607E+04,1.1072931071E+04,
    6.650403728535E+03));
#534 = CARTESIAN_POINT('',(3.324824584892E+04,1.107344857637E+04,
    6.650373374354E+03));
#535 = CARTESIAN_POINT('',(3.324828228964E+04,1.107395818638E+04,
    6.650351762565E+03));
#536 = CARTESIAN_POINT('',(3.32483402246E+04,1.107445966105E+04,
    6.650338540363E+03));
#537 = CARTESIAN_POINT('',(3.324841734756E+04,1.107495339939E+04,
    6.650333389807E+03));
#538 = PCURVE('',#50,#539);
#539 = DEFINITIONAL_REPRESENTATION('',(#540),#578);
#540 = B_SPLINE_CURVE_WITH_KNOTS('',8,(#541,#542,#543,#544,#545,#546,
    #547,#548,#549,#550,#551,#552,#553,#554,#555,#556,#557,#558,#559,
    #560,#561,#562,#563,#564,#565,#566,#567,#568,#569,#570,#571,#572,
    #573,#574,#575,#576,#577),.UNSPECIFIED.,.F.,.F.,(9,7,7,7,7,9),(0.,
    0.229985188998,0.439213445857,0.576583749997,0.815836349596,1.),
  .UNSPECIFIED.);
#541 = CARTESIAN_POINT('',(-3.906916255686,-6.E-07));
#542 = CARTESIAN_POINT('',(-3.856181527639,0.396149677244));
#543 = CARTESIAN_POINT('',(-3.804441744401,0.785709777065));
#544 = CARTESIAN_POINT('',(-3.751658329586,1.168295767971));
#545 = CARTESIAN_POINT('',(-3.697796965582,1.543380742189));
#546 = CARTESIAN_POINT('',(-3.642822102811,1.910300616869));
#547 = CARTESIAN_POINT('',(-3.586693081549,2.268243738593));
#548 = CARTESIAN_POINT('',(-3.529354479665,2.616210920064));
#549 = CARTESIAN_POINT('',(-3.417364682112,3.259263903841));
#550 = CARTESIAN_POINT('',(-3.362963048105,3.556032205244));
#551 = CARTESIAN_POINT('',(-3.30743506161,3.842538591369));
#552 = CARTESIAN_POINT('',(-3.250709236549,4.117534525108));
#553 = CARTESIAN_POINT('',(-3.192715936755,4.379221782861));
#554 = CARTESIAN_POINT('',(-3.133387375973,4.625252454539));
#555 = CARTESIAN_POINT('',(-3.072657617861,4.852728943559));
#556 = CARTESIAN_POINT('',(-2.969627977703,5.193110058717));
#557 = CARTESIAN_POINT('',(-2.928162146631,5.318568889375));
#558 = CARTESIAN_POINT('',(-2.886050485517,5.433362372772));
#559 = CARTESIAN_POINT('',(-2.843303391726,5.536190571024));
#560 = CARTESIAN_POINT('',(-2.799956257243,5.625671694411));
#561 = CARTESIAN_POINT('',(-2.75606946867,5.700342101382));
#562 = CARTESIAN_POINT('',(-2.711728407229,5.758656298549));
#563 = CARTESIAN_POINT('',(-2.589217367327,5.869229276083));
#564 = CARTESIAN_POINT('',(-2.509715175221,5.885780685023));
#565 = CARTESIAN_POINT('',(-2.430560776725,5.838257358987));
#566 = CARTESIAN_POINT('',(-2.352878222538,5.723998557116));
#567 = CARTESIAN_POINT('',(-2.27753123579,5.545065710621));
#568 = CARTESIAN_POINT('',(-2.20523643165,5.308217132139));
#569 = CARTESIAN_POINT('',(-2.136665413377,5.024292148291));
#570 = CARTESIAN_POINT('',(-2.023043507955,4.463223384978));
#571 = CARTESIAN_POINT('',(-1.975818227959,4.197624286716));
#572 = CARTESIAN_POINT('',(-1.930664205651,3.913864094742));
#573 = CARTESIAN_POINT('',(-1.887459671371,3.615012313805));
#574 = CARTESIAN_POINT('',(-1.846078429162,3.303703923179));
#575 = CARTESIAN_POINT('',(-1.806385542123,2.98205135725));
#576 = CARTESIAN_POINT('',(-1.768234335074,2.651569697818));
#577 = CARTESIAN_POINT('',(-1.731464714523,2.313115078148));
#578 = ( GEOMETRIC_REPRESENTATION_CONTEXT(2) 
PARAMETRIC_REPRESENTATION_CONTEXT() REPRESENTATION_CONTEXT('2D SPACE',''
  ) );
#579 = PCURVE('',#178,#580);
#580 = DEFINITIONAL_REPRESENTATION('',(#581),#619);
#581 = B_SPLINE_CURVE_WITH_KNOTS('',8,(#582,#583,#584,#585,#586,#587,
    #588,#589,#590,#591,#592,#593,#594,#595,#596,#597,#598,#599,#600,
    #601,#602,#603,#604,#605,#606,#607,#608,#609,#610,#611,#612,#613,
    #614,#615,#616,#617,#618),.UNSPECIFIED.,.F.,.F.,(9,7,7,7,7,9),(0.,
    0.229985188998,0.439213445857,0.576583749997,0.815836349596,1.),
  .UNSPECIFIED.);
#582 = CARTESIAN_POINT('',(-3.098771214701,6.521877057372));
#583 = CARTESIAN_POINT('',(-3.102037203553,6.535902827372));
#584 = CARTESIAN_POINT('',(-3.105460898845,6.549232379206));
#585 = CARTESIAN_POINT('',(-3.109043912056,6.561785196712));
#586 = CARTESIAN_POINT('',(-3.112785756828,6.573470541991));
#587 = CARTESIAN_POINT('',(-3.116683523393,6.58418851859));
#588 = CARTESIAN_POINT('',(-3.120731526927,6.593832303821));
#589 = CARTESIAN_POINT('',(-3.124921304211,6.602288942088));
#590 = CARTESIAN_POINT('',(-3.133173374486,6.615938185969));
#591 = CARTESIAN_POINT('',(-3.137210326159,6.621355276153));
#592 = CARTESIAN_POINT('',(-3.141347187261,6.62559401195));
#593 = CARTESIAN_POINT('',(-3.145572832943,6.628553840804));
#594 = CARTESIAN_POINT('',(-3.149871014253,6.63012700728));
#595 = CARTESIAN_POINT('',(-3.154220358143,6.630198553067));
#596 = CARTESIAN_POINT('',(-3.158594367462,6.628646316971));
#597 = CARTESIAN_POINT('',(-3.165828641083,6.623170762764));
#598 = CARTESIAN_POINT('',(-3.168693150956,6.620250409516));
#599 = CARTESIAN_POINT('',(-3.171544080072,6.616536076885));
#600 = CARTESIAN_POINT('',(-3.174368596752,6.611993948585));
#601 = CARTESIAN_POINT('',(-3.177151908147,6.606600190338));
#602 = CARTESIAN_POINT('',(-3.179877260239,6.600340949875));
#603 = CARTESIAN_POINT('',(-3.18252593784,6.593212356933));
#604 = CARTESIAN_POINT('',(-3.189520812722,6.571301452509));
#605 = CARTESIAN_POINT('',(-3.193707533938,6.554662600704));
#606 = CARTESIAN_POINT('',(-3.19744472364,6.535567027245));
#607 = CARTESIAN_POINT('',(-3.200636202535,6.514493594643));
#608 = CARTESIAN_POINT('',(-3.20324412845,6.491989683746));
#609 = CARTESIAN_POINT('',(-3.205277104191,6.468631793535));
#610 = CARTESIAN_POINT('',(-3.206778740663,6.445009686147));
#611 = CARTESIAN_POINT('',(-3.208616633014,6.40377753512));
#612 = CARTESIAN_POINT('',(-3.209147983499,6.385892518392));
#613 = CARTESIAN_POINT('',(-3.209442668371,6.368152068558));
#614 = CARTESIAN_POINT('',(-3.209529895248,6.350624319069));
#615 = CARTESIAN_POINT('',(-3.209435994358,6.333352879182));
#616 = CARTESIAN_POINT('',(-3.209183870291,6.316359066962));
#617 = CARTESIAN_POINT('',(-3.208792620768,6.299643251904));
#618 = CARTESIAN_POINT('',(-3.208277322407,6.28318530718));
#619 = ( GEOMETRIC_REPRESENTATION_CONTEXT(2) 
PARAMETRIC_REPRESENTATION_CONTEXT() REPRESENTATION_CONTEXT('2D SPACE',''
  ) );
#620 = ORIENTED_EDGE('',*,*,#621,.T.);
#621 = EDGE_CURVE('',#497,#622,#624,.T.);
#622 = VERTEX_POINT('',#623);
#623 = CARTESIAN_POINT('',(3.325841263612E+04,1.105728541547E+04,
    6.629240099343E+03));
#624 = SURFACE_CURVE('',#625,(#630,#643),.PCURVE_S1.);
#625 = ELLIPSE('',#626,25.76997339085,10.);
#626 = AXIS2_PLACEMENT_3D('',#627,#628,#629);
#627 = CARTESIAN_POINT('',(3.325841263612E+04,1.107495339939E+04,
    6.648E+03));
#628 = DIRECTION('',(1.,0.,-0.));
#629 = DIRECTION('',(-0.,-0.685603498892,-0.727975165996));
#630 = PCURVE('',#50,#631);
#631 = DEFINITIONAL_REPRESENTATION('',(#632),#642);
#632 = B_SPLINE_CURVE_WITH_KNOTS('',8,(#633,#634,#635,#636,#637,#638,
    #639,#640,#641),.UNSPECIFIED.,.F.,.F.,(9,9),(4.712388980385,
    6.28318530718),.PIECEWISE_BEZIER_KNOTS.);
#633 = CARTESIAN_POINT('',(-3.14159265359,0.));
#634 = CARTESIAN_POINT('',(-3.337942194439,4.663421588269));
#635 = CARTESIAN_POINT('',(-3.534291735287,9.326844283718));
#636 = CARTESIAN_POINT('',(-3.730641276126,13.716292883633));
#637 = CARTESIAN_POINT('',(-3.926990816981,17.557847101751));
#638 = CARTESIAN_POINT('',(-4.123340357821,20.611208941329));
#639 = CARTESIAN_POINT('',(-4.319689898685,22.704140763748));
#640 = CARTESIAN_POINT('',(-4.516039439535,23.75061111982));
#641 = CARTESIAN_POINT('',(-4.712388980385,23.75061111982));
#642 = ( GEOMETRIC_REPRESENTATION_CONTEXT(2) 
PARAMETRIC_REPRESENTATION_CONTEXT() REPRESENTATION_CONTEXT('2D SPACE',''
  ) );
#643 = PCURVE('',#644,#649);
#644 = CYLINDRICAL_SURFACE('',#645,10.);
#645 = AXIS2_PLACEMENT_3D('',#646,#647,#648);
#646 = CARTESIAN_POINT('',(3.325841263612E+04,1.107495339939E+04,
    6.648E+03));
#647 = DIRECTION('',(0.388048518651,-0.631878886237,-0.670930264856));
#648 = DIRECTION('',(0.,0.727975165996,-0.685603498892));
#649 = DEFINITIONAL_REPRESENTATION('',(#650),#660);
#650 = B_SPLINE_CURVE_WITH_KNOTS('',8,(#651,#652,#653,#654,#655,#656,
    #657,#658,#659),.UNSPECIFIED.,.F.,.F.,(9,9),(4.712388980385,
    6.28318530718),.PIECEWISE_BEZIER_KNOTS.);
#651 = CARTESIAN_POINT('',(-3.14159265359,0.));
#652 = CARTESIAN_POINT('',(-2.94524311274,4.663421588269));
#653 = CARTESIAN_POINT('',(-2.748893571892,9.32684428372));
#654 = CARTESIAN_POINT('',(-2.552544031036,13.716292883655));
#655 = CARTESIAN_POINT('',(-2.356194490192,17.55784710178));
#656 = CARTESIAN_POINT('',(-2.159844949332,20.611208941307));
#657 = CARTESIAN_POINT('',(-1.963495408495,22.704140763763));
#658 = CARTESIAN_POINT('',(-1.767145867644,23.75061111982));
#659 = CARTESIAN_POINT('',(-1.570796326795,23.75061111982));
#660 = ( GEOMETRIC_REPRESENTATION_CONTEXT(2) 
PARAMETRIC_REPRESENTATION_CONTEXT() REPRESENTATION_CONTEXT('2D SPACE',''
  ) );
#661 = ORIENTED_EDGE('',*,*,#662,.T.);
#662 = EDGE_CURVE('',#622,#24,#663,.T.);
#663 = SURFACE_CURVE('',#664,(#669,#682),.PCURVE_S1.);
#664 = ELLIPSE('',#665,25.76997339085,10.);
#665 = AXIS2_PLACEMENT_3D('',#666,#667,#668);
#666 = CARTESIAN_POINT('',(3.325841263612E+04,1.107495339939E+04,
    6.648E+03));
#667 = DIRECTION('',(1.,0.,-0.));
#668 = DIRECTION('',(-0.,-0.685603498892,-0.727975165996));
#669 = PCURVE('',#50,#670);
#670 = DEFINITIONAL_REPRESENTATION('',(#671),#681);
#671 = B_SPLINE_CURVE_WITH_KNOTS('',8,(#672,#673,#674,#675,#676,#677,
    #678,#679,#680),.UNSPECIFIED.,.F.,.F.,(9,9),(0.,1.570796326795),
  .PIECEWISE_BEZIER_KNOTS.);
#672 = CARTESIAN_POINT('',(-4.712388980385,23.75061111982));
#673 = CARTESIAN_POINT('',(-4.908738521234,23.75061111982));
#674 = CARTESIAN_POINT('',(-5.105088062091,22.704140763772));
#675 = CARTESIAN_POINT('',(-5.30143760291,20.611208941278));
#676 = CARTESIAN_POINT('',(-5.497787143813,17.557847101925));
#677 = CARTESIAN_POINT('',(-5.694136684608,13.716292883553));
#678 = CARTESIAN_POINT('',(-5.890486225489,9.326844283753));
#679 = CARTESIAN_POINT('',(-6.08683576633,4.663421588269));
#680 = CARTESIAN_POINT('',(-6.283185307179,0.));
#681 = ( GEOMETRIC_REPRESENTATION_CONTEXT(2) 
PARAMETRIC_REPRESENTATION_CONTEXT() REPRESENTATION_CONTEXT('2D SPACE',''
  ) );
#682 = PCURVE('',#644,#683);
#683 = DEFINITIONAL_REPRESENTATION('',(#684),#694);
#684 = B_SPLINE_CURVE_WITH_KNOTS('',8,(#685,#686,#687,#688,#689,#690,
    #691,#692,#693),.UNSPECIFIED.,.F.,.F.,(9,9),(0.,1.570796326795),
  .PIECEWISE_BEZIER_KNOTS.);
#685 = CARTESIAN_POINT('',(-1.570796326795,23.75061111982));
#686 = CARTESIAN_POINT('',(-1.374446785946,23.75061111982));
#687 = CARTESIAN_POINT('',(-1.178097245092,22.704140763803));
#688 = CARTESIAN_POINT('',(-0.981747704264,20.61120894114));
#689 = CARTESIAN_POINT('',(-0.785398163367,17.557847102129));
#690 = CARTESIAN_POINT('',(-0.589048622572,13.716292883459));
#691 = CARTESIAN_POINT('',(-0.392699081689,9.326844283769));
#692 = CARTESIAN_POINT('',(-0.19634954085,4.663421588269));
#693 = CARTESIAN_POINT('',(-3.637978807092E-13,0.));
#694 = ( GEOMETRIC_REPRESENTATION_CONTEXT(2) 
PARAMETRIC_REPRESENTATION_CONTEXT() REPRESENTATION_CONTEXT('2D SPACE',''
  ) );
#695 = ORIENTED_EDGE('',*,*,#21,.F.);
#696 = ORIENTED_EDGE('',*,*,#471,.T.);
#697 = ORIENTED_EDGE('',*,*,#698,.T.);
#698 = EDGE_CURVE('',#472,#699,#701,.T.);
#699 = VERTEX_POINT('',#700);
#700 = CARTESIAN_POINT('',(3.257707288505E+04,9.951382346407E+03,
    5.45E+03));
#701 = SURFACE_CURVE('',#702,(#707,#720),.PCURVE_S1.);
#702 = ELLIPSE('',#703,14.904678658581,10.);
#703 = AXIS2_PLACEMENT_3D('',#704,#705,#706);
#704 = CARTESIAN_POINT('',(3.256552076689E+04,9.946682779681E+03,
    5.45E+03));
#705 = DIRECTION('',(0.,0.,-1.));
#706 = DIRECTION('',(-0.523314654329,-0.852139526465,-0.));
#707 = PCURVE('',#50,#708);
#708 = DEFINITIONAL_REPRESENTATION('',(#709),#719);
#709 = B_SPLINE_CURVE_WITH_KNOTS('',8,(#710,#711,#712,#713,#714,#715,
    #716,#717,#718),.UNSPECIFIED.,.F.,.F.,(9,9),(2.750758204327,
    3.972385906535),.PIECEWISE_BEZIER_KNOTS.);
#710 = CARTESIAN_POINT('',(-6.28318530718,1.77536180346E+03));
#711 = CARTESIAN_POINT('',(-6.130481844404,1.774718858055E+03));
#712 = CARTESIAN_POINT('',(-5.977778381625,1.774348236311E+03));
#713 = CARTESIAN_POINT('',(-5.825074918859,1.774272783727E+03));
#714 = CARTESIAN_POINT('',(-5.67237145607,1.774501799339E+03));
#715 = CARTESIAN_POINT('',(-5.519667993301,1.775029329233E+03));
#716 = CARTESIAN_POINT('',(-5.366964530526,1.775834149695E+03));
#717 = CARTESIAN_POINT('',(-5.214261067748,1.776881856443E+03));
#718 = CARTESIAN_POINT('',(-5.061557604972,1.778128164569E+03));
#719 = ( GEOMETRIC_REPRESENTATION_CONTEXT(2) 
PARAMETRIC_REPRESENTATION_CONTEXT() REPRESENTATION_CONTEXT('2D SPACE',''
  ) );
#720 = PCURVE('',#721,#726);
#721 = PLANE('',#722);
#722 = AXIS2_PLACEMENT_3D('',#723,#724,#725);
#723 = CARTESIAN_POINT('',(3.250841263612E+04,1.225851504323E+04,
    5.45E+03));
#724 = DIRECTION('',(-0.,-0.,1.));
#725 = DIRECTION('',(-1.,0.,0.));
#726 = DEFINITIONAL_REPRESENTATION('',(#727),#735);
#727 = ( BOUNDED_CURVE() B_SPLINE_CURVE(2,(#728,#729,#730,#731,#732,#733
,#734),.UNSPECIFIED.,.T.,.F.) B_SPLINE_CURVE_WITH_KNOTS((1,2,2,2,2,1),(
    -2.094395102393,0.,2.094395102393,4.188790204786,6.28318530718,
8.377580409573),.UNSPECIFIED.) CURVE() GEOMETRIC_REPRESENTATION_ITEM() 
RATIONAL_B_SPLINE_CURVE((1.,0.5,1.,0.5,1.,0.5,1.)) REPRESENTATION_ITEM(
  '') );
#728 = CARTESIAN_POINT('',(-49.30829400268,2.324533129361E+03));
#729 = CARTESIAN_POINT('',(-34.54880445293,2.315469053664E+03));
#730 = CARTESIAN_POINT('',(-53.62830436795,2.300949792791E+03));
#731 = CARTESIAN_POINT('',(-72.70780428298,2.286430531918E+03));
#732 = CARTESIAN_POINT('',(-68.3877939177,2.310013868488E+03));
#733 = CARTESIAN_POINT('',(-64.06778355243,2.333597205057E+03));
#734 = CARTESIAN_POINT('',(-49.30829400268,2.324533129361E+03));
#735 = ( GEOMETRIC_REPRESENTATION_CONTEXT(2) 
PARAMETRIC_REPRESENTATION_CONTEXT() REPRESENTATION_CONTEXT('2D SPACE',''
  ) );
#736 = ORIENTED_EDGE('',*,*,#737,.F.);
#737 = EDGE_CURVE('',#738,#699,#740,.T.);
#738 = VERTEX_POINT('',#739);
#739 = CARTESIAN_POINT('',(3.256448735626E+04,9.959111352566E+03,
    5.45E+03));
#740 = SURFACE_CURVE('',#741,(#746,#753),.PCURVE_S1.);
#741 = CIRCLE('',#742,10.);
#742 = AXIS2_PLACEMENT_3D('',#743,#744,#745);
#743 = CARTESIAN_POINT('',(3.256841263612E+04,9.951391755556E+03,
    5.455E+03));
#744 = DIRECTION('',(0.388048518651,0.631878886237,0.670930264856));
#745 = DIRECTION('',(0.,0.727975165996,-0.685603498892));
#746 = PCURVE('',#50,#747);
#747 = DEFINITIONAL_REPRESENTATION('',(#748),#752);
#748 = LINE('',#749,#750);
#749 = CARTESIAN_POINT('',(-0.,1.778128163969E+03));
#750 = VECTOR('',#751,1.);
#751 = DIRECTION('',(-1.,0.));
#752 = ( GEOMETRIC_REPRESENTATION_CONTEXT(2) 
PARAMETRIC_REPRESENTATION_CONTEXT() REPRESENTATION_CONTEXT('2D SPACE',''
  ) );
#753 = PCURVE('',#754,#759);
#754 = PLANE('',#755);
#755 = AXIS2_PLACEMENT_3D('',#756,#757,#758);
#756 = CARTESIAN_POINT('',(3.256841263612E+04,9.951391755556E+03,
    5.455E+03));
#757 = DIRECTION('',(-0.388048518651,-0.631878886237,-0.670930264856));
#758 = DIRECTION('',(-0.,-0.727975165996,0.685603498892));
#759 = DEFINITIONAL_REPRESENTATION('',(#760),#768);
#760 = ( BOUNDED_CURVE() B_SPLINE_CURVE(2,(#761,#762,#763,#764,#765,#766
,#767),.UNSPECIFIED.,.T.,.F.) B_SPLINE_CURVE_WITH_KNOTS((1,2,2,2,2,1),(
    -2.094395102393,0.,2.094395102393,4.188790204786,6.28318530718,
8.377580409573),.UNSPECIFIED.) CURVE() GEOMETRIC_REPRESENTATION_ITEM() 
RATIONAL_B_SPLINE_CURVE((1.,0.5,1.,0.5,1.,0.5,1.)) REPRESENTATION_ITEM(
  '') );
#761 = CARTESIAN_POINT('',(-10.,0.));
#762 = CARTESIAN_POINT('',(-10.,17.320508075691));
#763 = CARTESIAN_POINT('',(5.000000000001,8.660254037845));
#764 = CARTESIAN_POINT('',(20.000000000002,2.449293598295E-15));
#765 = CARTESIAN_POINT('',(5.000000000001,-8.660254037845));
#766 = CARTESIAN_POINT('',(-10.,-17.32050807569));
#767 = CARTESIAN_POINT('',(-10.,0.));
#768 = ( GEOMETRIC_REPRESENTATION_CONTEXT(2) 
PARAMETRIC_REPRESENTATION_CONTEXT() REPRESENTATION_CONTEXT('2D SPACE',''
  ) );
#769 = ORIENTED_EDGE('',*,*,#770,.T.);
#770 = EDGE_CURVE('',#738,#472,#771,.T.);
#771 = SURFACE_CURVE('',#772,(#777,#788),.PCURVE_S1.);
#772 = ELLIPSE('',#773,14.904678658581,10.);
#773 = AXIS2_PLACEMENT_3D('',#774,#775,#776);
#774 = CARTESIAN_POINT('',(3.256552076689E+04,9.946682779681E+03,
    5.45E+03));
#775 = DIRECTION('',(0.,0.,-1.));
#776 = DIRECTION('',(-0.523314654329,-0.852139526465,-0.));
#777 = PCURVE('',#50,#778);
#778 = DEFINITIONAL_REPRESENTATION('',(#779),#787);
#779 = B_SPLINE_CURVE_WITH_KNOTS('',6,(#780,#781,#782,#783,#784,#785,
    #786),.UNSPECIFIED.,.F.,.F.,(7,7),(2.310799400645,2.750758204327),
  .PIECEWISE_BEZIER_KNOTS.);
#780 = CARTESIAN_POINT('',(-0.439958803682,1.778128164569E+03));
#781 = CARTESIAN_POINT('',(-0.366632336402,1.777529701572E+03));
#782 = CARTESIAN_POINT('',(-0.29330586912,1.776979322019E+03));
#783 = CARTESIAN_POINT('',(-0.219979401843,1.776482817772E+03));
#784 = CARTESIAN_POINT('',(-0.14665293456,1.776045205917E+03));
#785 = CARTESIAN_POINT('',(-7.332646728064E-02,1.775670538536E+03));
#786 = CARTESIAN_POINT('',(-3.637978807092E-13,1.77536180346E+03));
#787 = ( GEOMETRIC_REPRESENTATION_CONTEXT(2) 
PARAMETRIC_REPRESENTATION_CONTEXT() REPRESENTATION_CONTEXT('2D SPACE',''
  ) );
#788 = PCURVE('',#721,#789);
#789 = DEFINITIONAL_REPRESENTATION('',(#790),#798);
#790 = ( BOUNDED_CURVE() B_SPLINE_CURVE(2,(#791,#792,#793,#794,#795,#796
,#797),.UNSPECIFIED.,.T.,.F.) B_SPLINE_CURVE_WITH_KNOTS((1,2,2,2,2,1),(
    -2.094395102393,0.,2.094395102393,4.188790204786,6.28318530718,
8.377580409573),.UNSPECIFIED.) CURVE() GEOMETRIC_REPRESENTATION_ITEM() 
RATIONAL_B_SPLINE_CURVE((1.,0.5,1.,0.5,1.,0.5,1.)) REPRESENTATION_ITEM(
  '') );
#791 = CARTESIAN_POINT('',(-49.30829400268,2.324533129361E+03));
#792 = CARTESIAN_POINT('',(-34.54880445293,2.315469053664E+03));
#793 = CARTESIAN_POINT('',(-53.62830436795,2.300949792791E+03));
#794 = CARTESIAN_POINT('',(-72.70780428298,2.286430531918E+03));
#795 = CARTESIAN_POINT('',(-68.3877939177,2.310013868488E+03));
#796 = CARTESIAN_POINT('',(-64.06778355243,2.333597205057E+03));
#797 = CARTESIAN_POINT('',(-49.30829400268,2.324533129361E+03));
#798 = ( GEOMETRIC_REPRESENTATION_CONTEXT(2) 
PARAMETRIC_REPRESENTATION_CONTEXT() REPRESENTATION_CONTEXT('2D SPACE',''
  ) );
#799 = ADVANCED_FACE('',(#800,#950),#178,.F.);
#800 = FACE_BOUND('',#801,.T.);
#801 = EDGE_LOOP('',(#802,#841,#878,#915));
#802 = ORIENTED_EDGE('',*,*,#803,.F.);
#803 = EDGE_CURVE('',#804,#806,#808,.T.);
#804 = VERTEX_POINT('',#805);
#805 = CARTESIAN_POINT('',(3.326194242418E+04,1.107495339939E+04,
    6.650041537097E+03));
#806 = VERTEX_POINT('',#807);
#807 = CARTESIAN_POINT('',(3.325841263612E+04,1.107716356653E+04,
    6.650081524751E+03));
#808 = SURFACE_CURVE('',#809,(#816,#826),.PCURVE_S1.);
#809 = B_SPLINE_CURVE_WITH_KNOTS('',5,(#810,#811,#812,#813,#814,#815),
  .UNSPECIFIED.,.F.,.F.,(6,6),(0.,1.),.PIECEWISE_BEZIER_KNOTS.);
#810 = CARTESIAN_POINT('',(3.326194242418E+04,1.107495339939E+04,
    6.650041537097E+03));
#811 = CARTESIAN_POINT('',(3.326104431037E+04,1.1075482501E+04,
    6.6500203969E+03));
#812 = CARTESIAN_POINT('',(3.326015443036E+04,1.107602628346E+04,
    6.650017845271E+03));
#813 = CARTESIAN_POINT('',(3.325927391294E+04,1.107658518318E+04,
    6.650034946079E+03));
#814 = CARTESIAN_POINT('',(3.325840418326E+04,1.107715960534E+04,
    6.650072905202E+03));
#815 = CARTESIAN_POINT('',(3.325754699465E+04,1.107774996866E+04,
    6.650133131051E+03));
#816 = PCURVE('',#178,#817);
#817 = DEFINITIONAL_REPRESENTATION('',(#818),#825);
#818 = B_SPLINE_CURVE_WITH_KNOTS('',5,(#819,#820,#821,#822,#823,#824),
  .UNSPECIFIED.,.F.,.F.,(6,6),(0.,1.),.PIECEWISE_BEZIER_KNOTS.);
#819 = CARTESIAN_POINT('',(-3.118058560891,6.28318530718));
#820 = CARTESIAN_POINT('',(-3.12404764473,6.265548586923));
#821 = CARTESIAN_POINT('',(-3.129978935682,6.247422511065));
#822 = CARTESIAN_POINT('',(-3.135847519449,6.228781065662));
#823 = CARTESIAN_POINT('',(-3.141646861552,6.209595632944));
#824 = CARTESIAN_POINT('',(-3.147368659031,6.189830792229));
#825 = ( GEOMETRIC_REPRESENTATION_CONTEXT(2) 
PARAMETRIC_REPRESENTATION_CONTEXT() REPRESENTATION_CONTEXT('2D SPACE',''
  ) );
#826 = PCURVE('',#827,#832);
#827 = PLANE('',#828);
#828 = AXIS2_PLACEMENT_3D('',#829,#830,#831);
#829 = CARTESIAN_POINT('',(3.325841263612E+04,1.107495339939E+04,
    6.648E+03));
#830 = DIRECTION('',(0.388048518651,0.631878886237,-0.670930264856));
#831 = DIRECTION('',(0.,-0.727975165996,-0.685603498892));
#832 = DEFINITIONAL_REPRESENTATION('',(#833),#840);
#833 = B_SPLINE_CURVE_WITH_KNOTS('',5,(#834,#835,#836,#837,#838,#839),
  .UNSPECIFIED.,.F.,.F.,(6,6),(0.,1.),.PIECEWISE_BEZIER_KNOTS.);
#834 = CARTESIAN_POINT('',(-1.399684976659,-3.829903312268));
#835 = CARTESIAN_POINT('',(-1.770364014597,-2.855428643663));
#836 = CARTESIAN_POINT('',(-2.164474734218,-1.889887840425));
#837 = CARTESIAN_POINT('',(-2.583064222665,-0.934505662488));
#838 = CARTESIAN_POINT('',(-3.027254200362,9.17155676143E-03));
#839 = CARTESIAN_POINT('',(-3.498315088651,0.939241424963));
#840 = ( GEOMETRIC_REPRESENTATION_CONTEXT(2) 
PARAMETRIC_REPRESENTATION_CONTEXT() REPRESENTATION_CONTEXT('2D SPACE',''
  ) );
#841 = ORIENTED_EDGE('',*,*,#842,.F.);
#842 = EDGE_CURVE('',#843,#804,#845,.T.);
#843 = VERTEX_POINT('',#844);
#844 = CARTESIAN_POINT('',(3.325841263612E+04,1.107274323225E+04,
    6.650081524751E+03));
#845 = SURFACE_CURVE('',#846,(#853,#863),.PCURVE_S1.);
#846 = B_SPLINE_CURVE_WITH_KNOTS('',5,(#847,#848,#849,#850,#851,#852),
  .UNSPECIFIED.,.F.,.F.,(6,6),(0.,1.),.PIECEWISE_BEZIER_KNOTS.);
#847 = CARTESIAN_POINT('',(3.325754699465E+04,1.107215683012E+04,
    6.650133131051E+03));
#848 = CARTESIAN_POINT('',(3.325840418283E+04,1.107274719315E+04,
    6.650072905232E+03));
#849 = CARTESIAN_POINT('',(3.325927391294E+04,1.107332161563E+04,
    6.650034946057E+03));
#850 = CARTESIAN_POINT('',(3.326015443041E+04,1.107388051534E+04,
    6.650017845289E+03));
#851 = CARTESIAN_POINT('',(3.326104430999E+04,1.107442429756E+04,
    6.650020396891E+03));
#852 = CARTESIAN_POINT('',(3.326194242418E+04,1.107495339939E+04,
    6.650041537097E+03));
#853 = PCURVE('',#178,#854);
#854 = DEFINITIONAL_REPRESENTATION('',(#855),#862);
#855 = B_SPLINE_CURVE_WITH_KNOTS('',5,(#856,#857,#858,#859,#860,#861),
  .UNSPECIFIED.,.F.,.F.,(6,6),(0.,1.),.PIECEWISE_BEZIER_KNOTS.);
#856 = CARTESIAN_POINT('',(-3.147368659031,6.37653982213));
#857 = CARTESIAN_POINT('',(-3.141646864413,6.356774991295));
#858 = CARTESIAN_POINT('',(-3.135847519419,6.337589547809));
#859 = CARTESIAN_POINT('',(-3.129978935356,6.318948102943));
#860 = CARTESIAN_POINT('',(-3.124047647235,6.300822034811));
#861 = CARTESIAN_POINT('',(-3.118058560891,6.28318530718));
#862 = ( GEOMETRIC_REPRESENTATION_CONTEXT(2) 
PARAMETRIC_REPRESENTATION_CONTEXT() REPRESENTATION_CONTEXT('2D SPACE',''
  ) );
#863 = PCURVE('',#864,#869);
#864 = PLANE('',#865);
#865 = AXIS2_PLACEMENT_3D('',#866,#867,#868);
#866 = CARTESIAN_POINT('',(3.325841263612E+04,1.107495339939E+04,
    6.648E+03));
#867 = DIRECTION('',(0.388048518651,-0.631878886237,-0.670930264856));
#868 = DIRECTION('',(-0.,-0.727975165996,0.685603498892));
#869 = DEFINITIONAL_REPRESENTATION('',(#870),#877);
#870 = B_SPLINE_CURVE_WITH_KNOTS('',5,(#871,#872,#873,#874,#875,#876),
  .UNSPECIFIED.,.F.,.F.,(6,6),(0.,1.),.PIECEWISE_BEZIER_KNOTS.);
#871 = CARTESIAN_POINT('',(3.49831508865,0.93924142496));
#872 = CARTESIAN_POINT('',(3.027254435836,9.172021695122E-03));
#873 = CARTESIAN_POINT('',(2.583064188994,-0.93450566681));
#874 = CARTESIAN_POINT('',(2.164474738519,-1.889887893609));
#875 = CARTESIAN_POINT('',(1.770364169604,-2.855428236173));
#876 = CARTESIAN_POINT('',(1.399684976656,-3.829903312268));
#877 = ( GEOMETRIC_REPRESENTATION_CONTEXT(2) 
PARAMETRIC_REPRESENTATION_CONTEXT() REPRESENTATION_CONTEXT('2D SPACE',''
  ) );
#878 = ORIENTED_EDGE('',*,*,#879,.F.);
#879 = EDGE_CURVE('',#880,#843,#882,.T.);
#880 = VERTEX_POINT('',#881);
#881 = CARTESIAN_POINT('',(3.325488284807E+04,1.107495339939E+04,
    6.650041537097E+03));
#882 = SURFACE_CURVE('',#883,(#890,#900),.PCURVE_S1.);
#883 = B_SPLINE_CURVE_WITH_KNOTS('',5,(#884,#885,#886,#887,#888,#889),
  .UNSPECIFIED.,.F.,.F.,(6,6),(0.,1.),.PIECEWISE_BEZIER_KNOTS.);
#884 = CARTESIAN_POINT('',(3.325488284807E+04,1.107495339939E+04,
    6.650041537097E+03));
#885 = CARTESIAN_POINT('',(3.325578096238E+04,1.107442429749E+04,
    6.650020396888E+03));
#886 = CARTESIAN_POINT('',(3.32566708419E+04,1.107388051529E+04,
    6.650017845293E+03));
#887 = CARTESIAN_POINT('',(3.325755135926E+04,1.107332161566E+04,
    6.650034946059E+03));
#888 = CARTESIAN_POINT('',(3.325842108932E+04,1.107274719322E+04,
    6.650072905225E+03));
#889 = CARTESIAN_POINT('',(3.32592782776E+04,1.107215683012E+04,
    6.650133131051E+03));
#890 = PCURVE('',#178,#891);
#891 = DEFINITIONAL_REPRESENTATION('',(#892),#899);
#892 = B_SPLINE_CURVE_WITH_KNOTS('',5,(#893,#894,#895,#896,#897,#898),
  .UNSPECIFIED.,.F.,.F.,(6,6),(0.,1.),.PIECEWISE_BEZIER_KNOTS.);
#893 = CARTESIAN_POINT('',(-3.165126746288,6.28318530718));
#894 = CARTESIAN_POINT('',(-3.159137659118,6.300822037246));
#895 = CARTESIAN_POINT('',(-3.153206371383,6.318948104419));
#896 = CARTESIAN_POINT('',(-3.14733778805,6.337589547003));
#897 = CARTESIAN_POINT('',(-3.141538443435,6.356774988987));
#898 = CARTESIAN_POINT('',(-3.135816648148,6.37653982213));
#899 = ( GEOMETRIC_REPRESENTATION_CONTEXT(2) 
PARAMETRIC_REPRESENTATION_CONTEXT() REPRESENTATION_CONTEXT('2D SPACE',''
  ) );
#900 = PCURVE('',#901,#906);
#901 = PLANE('',#902);
#902 = AXIS2_PLACEMENT_3D('',#903,#904,#905);
#903 = CARTESIAN_POINT('',(3.325841263612E+04,1.107495339939E+04,
    6.648E+03));
#904 = DIRECTION('',(-0.388048518651,-0.631878886237,-0.670930264856));
#905 = DIRECTION('',(-0.,-0.727975165996,0.685603498892));
#906 = DEFINITIONAL_REPRESENTATION('',(#907),#914);
#907 = B_SPLINE_CURVE_WITH_KNOTS('',5,(#908,#909,#910,#911,#912,#913),
  .UNSPECIFIED.,.F.,.F.,(6,6),(0.,1.),.PIECEWISE_BEZIER_KNOTS.);
#908 = CARTESIAN_POINT('',(1.399684976656,3.829903312271));
#909 = CARTESIAN_POINT('',(1.770364220792,2.855428101608));
#910 = CARTESIAN_POINT('',(2.164474773118,1.889887821741));
#911 = CARTESIAN_POINT('',(2.583064172787,0.934505714176));
#912 = CARTESIAN_POINT('',(3.027254380819,-9.171913061436E-03));
#913 = CARTESIAN_POINT('',(3.49831508865,-0.939241424963));
#914 = ( GEOMETRIC_REPRESENTATION_CONTEXT(2) 
PARAMETRIC_REPRESENTATION_CONTEXT() REPRESENTATION_CONTEXT('2D SPACE',''
  ) );
#915 = ORIENTED_EDGE('',*,*,#916,.F.);
#916 = EDGE_CURVE('',#806,#880,#917,.T.);
#917 = SURFACE_CURVE('',#918,(#925,#935),.PCURVE_S1.);
#918 = B_SPLINE_CURVE_WITH_KNOTS('',5,(#919,#920,#921,#922,#923,#924),
  .UNSPECIFIED.,.F.,.F.,(6,6),(0.,1.),.PIECEWISE_BEZIER_KNOTS.);
#919 = CARTESIAN_POINT('',(3.32592782776E+04,1.107774996866E+04,
    6.650133131051E+03));
#920 = CARTESIAN_POINT('',(3.325842108936E+04,1.10771596056E+04,
    6.650072905228E+03));
#921 = CARTESIAN_POINT('',(3.325755135928E+04,1.107658518313E+04,
    6.650034946058E+03));
#922 = CARTESIAN_POINT('',(3.325667084187E+04,1.107602628347E+04,
    6.650017845292E+03));
#923 = CARTESIAN_POINT('',(3.325578096233E+04,1.107548250126E+04,
    6.65002039689E+03));
#924 = CARTESIAN_POINT('',(3.325488284807E+04,1.107495339939E+04,
    6.650041537097E+03));
#925 = PCURVE('',#178,#926);
#926 = DEFINITIONAL_REPRESENTATION('',(#927),#934);
#927 = B_SPLINE_CURVE_WITH_KNOTS('',5,(#928,#929,#930,#931,#932,#933),
  .UNSPECIFIED.,.F.,.F.,(6,6),(0.,1.),.PIECEWISE_BEZIER_KNOTS.);
#928 = CARTESIAN_POINT('',(-3.135816648148,6.189830792229));
#929 = CARTESIAN_POINT('',(-3.141538443116,6.209595624268));
#930 = CARTESIAN_POINT('',(-3.147337787942,6.228781067076));
#931 = CARTESIAN_POINT('',(-3.153206371589,6.247422510615));
#932 = CARTESIAN_POINT('',(-3.159137659448,6.265548578086));
#933 = CARTESIAN_POINT('',(-3.165126746288,6.28318530718));
#934 = ( GEOMETRIC_REPRESENTATION_CONTEXT(2) 
PARAMETRIC_REPRESENTATION_CONTEXT() REPRESENTATION_CONTEXT('2D SPACE',''
  ) );
#935 = PCURVE('',#936,#941);
#936 = PLANE('',#937);
#937 = AXIS2_PLACEMENT_3D('',#938,#939,#940);
#938 = CARTESIAN_POINT('',(3.325841263612E+04,1.107495339939E+04,
    6.648E+03));
#939 = DIRECTION('',(-0.388048518651,0.631878886237,-0.670930264856));
#940 = DIRECTION('',(0.,-0.727975165996,-0.685603498892));
#941 = DEFINITIONAL_REPRESENTATION('',(#942),#949);
#942 = B_SPLINE_CURVE_WITH_KNOTS('',5,(#943,#944,#945,#946,#947,#948),
  .UNSPECIFIED.,.F.,.F.,(6,6),(0.,1.),.PIECEWISE_BEZIER_KNOTS.);
#943 = CARTESIAN_POINT('',(-3.498315088651,-0.93924142496));
#944 = CARTESIAN_POINT('',(-3.027254407127,-9.171965004498E-03));
#945 = CARTESIAN_POINT('',(-2.583064178045,0.934505696514));
#946 = CARTESIAN_POINT('',(-2.164474757537,1.88988785525));
#947 = CARTESIAN_POINT('',(-1.770364200345,2.855428155359));
#948 = CARTESIAN_POINT('',(-1.399684976659,3.829903312268));
#949 = ( GEOMETRIC_REPRESENTATION_CONTEXT(2) 
PARAMETRIC_REPRESENTATION_CONTEXT() REPRESENTATION_CONTEXT('2D SPACE',''
  ) );
#950 = FACE_BOUND('',#951,.T.);
#951 = EDGE_LOOP('',(#952,#953,#954,#955,#1080,#1184));
#952 = ORIENTED_EDGE('',*,*,#144,.T.);
#953 = ORIENTED_EDGE('',*,*,#321,.T.);
#954 = ORIENTED_EDGE('',*,*,#496,.F.);
#955 = ORIENTED_EDGE('',*,*,#956,.F.);
#956 = EDGE_CURVE('',#957,#497,#959,.T.);
#957 = VERTEX_POINT('',#958);
#958 = CARTESIAN_POINT('',(3.326840792468E+04,1.107495339939E+04,
    6.650333389807E+03));
#959 = SURFACE_CURVE('',#960,(#998,#1039),.PCURVE_S1.);
#960 = B_SPLINE_CURVE_WITH_KNOTS('',8,(#961,#962,#963,#964,#965,#966,
    #967,#968,#969,#970,#971,#972,#973,#974,#975,#976,#977,#978,#979,
    #980,#981,#982,#983,#984,#985,#986,#987,#988,#989,#990,#991,#992,
    #993,#994,#995,#996,#997),.UNSPECIFIED.,.F.,.F.,(9,7,7,7,7,9),(0.,
    0.177168906806,0.291665539056,0.45479678856,0.800177161275,1.),
  .UNSPECIFIED.);
#961 = CARTESIAN_POINT('',(3.326840792468E+04,1.107495339939E+04,
    6.650333389807E+03));
#962 = CARTESIAN_POINT('',(3.326848246588E+04,1.107447618938E+04,
    6.650338367944E+03));
#963 = CARTESIAN_POINT('',(3.326853908407E+04,1.107399174019E+04,
    6.650350886476E+03));
#964 = CARTESIAN_POINT('',(3.326857569253E+04,1.107349971118E+04,
    6.650371232969E+03));
#965 = CARTESIAN_POINT('',(3.326858968859E+04,1.107300030549E+04,
    6.650399723775E+03));
#966 = CARTESIAN_POINT('',(3.32685779905E+04,1.107249429432E+04,
    6.650436630774E+03));
#967 = CARTESIAN_POINT('',(3.326853709425E+04,1.107198304644E+04,
    6.650482099008E+03));
#968 = CARTESIAN_POINT('',(3.326846315057E+04,1.10714685629E+04,
    6.650536055217E+03));
#969 = CARTESIAN_POINT('',(3.326828026997E+04,1.10706206648E+04,
    6.650638208857E+03));
#970 = CARTESIAN_POINT('',(3.326819299108E+04,1.107028770116E+04,
    6.65068167681E+03));
#971 = CARTESIAN_POINT('',(3.326808919165E+04,1.106995558867E+04,
    6.650728372047E+03));
#972 = CARTESIAN_POINT('',(3.326796788756E+04,1.106962553643E+04,
    6.650778070768E+03));
#973 = CARTESIAN_POINT('',(3.326782822651E+04,1.106929898219E+04,
    6.65083044585E+03));
#974 = CARTESIAN_POINT('',(3.32676695823E+04,1.106897757258E+04,
    6.650885051088E+03));
#975 = CARTESIAN_POINT('',(3.326749169122E+04,1.106866313282E+04,
    6.650941316177E+03));
#976 = CARTESIAN_POINT('',(3.326701442346E+04,1.106792232702E+04,
    6.651080120177E+03));
#977 = CARTESIAN_POINT('',(3.326669501305E+04,1.106750433303E+04,
    6.651163820949E+03));
#978 = CARTESIAN_POINT('',(3.326633819972E+04,1.106711085506E+04,
    6.651247436085E+03));
#979 = CARTESIAN_POINT('',(3.326594712957E+04,1.106674702028E+04,
    6.651328658762E+03));
#980 = CARTESIAN_POINT('',(3.326552611803E+04,1.106641632016E+04,
    6.651405361719E+03));
#981 = CARTESIAN_POINT('',(3.326508034495E+04,1.106612092581E+04,
    6.651475773049E+03));
#982 = CARTESIAN_POINT('',(3.326461567314E+04,1.106586186034E+04,
    6.65153858529E+03));
#983 = CARTESIAN_POINT('',(3.326312858099E+04,1.106516724529E+04,
    6.651708253318E+03));
#984 = CARTESIAN_POINT('',(3.326206503969E+04,1.106485882078E+04,
    6.651785685428E+03));
#985 = CARTESIAN_POINT('',(3.326098058547E+04,1.106469790172E+04,
    6.651821516119E+03));
#986 = CARTESIAN_POINT('',(3.325990120117E+04,1.106466844131E+04,
    6.651817498795E+03));
#987 = CARTESIAN_POINT('',(3.325884603336E+04,1.106475450316E+04,
    6.651779141398E+03));
#988 = CARTESIAN_POINT('',(3.325782715443E+04,1.106494090448E+04,
    6.651713571015E+03));
#989 = CARTESIAN_POINT('',(3.325684967213E+04,1.106521505277E+04,
    6.651627394404E+03));
#990 = CARTESIAN_POINT('',(3.325537035338E+04,1.106577610828E+04,
    6.65146753129E+03));
#991 = CARTESIAN_POINT('',(3.325484312949E+04,1.106600839376E+04,
    6.651404044259E+03));
#992 = CARTESIAN_POINT('',(3.325433167179E+04,1.106626539337E+04,
    6.651336898228E+03));
#993 = CARTESIAN_POINT('',(3.325383664583E+04,1.106654529527E+04,
    6.651267317217E+03));
#994 = CARTESIAN_POINT('',(3.325335853547E+04,1.106684636413E+04,
    6.651196486955E+03));
#995 = CARTESIAN_POINT('',(3.325289763636E+04,1.106716693872E+04,
    6.65112552827E+03));
#996 = CARTESIAN_POINT('',(3.325245406901E+04,1.106750545209E+04,
    6.651055477463E+03));
#997 = CARTESIAN_POINT('',(3.325202779405E+04,1.106786044927E+04,
    6.650987281417E+03));
#998 = PCURVE('',#178,#999);
#999 = DEFINITIONAL_REPRESENTATION('',(#1000),#1038);
#1000 = B_SPLINE_CURVE_WITH_KNOTS('',8,(#1001,#1002,#1003,#1004,#1005,
    #1006,#1007,#1008,#1009,#1010,#1011,#1012,#1013,#1014,#1015,#1016,
    #1017,#1018,#1019,#1020,#1021,#1022,#1023,#1024,#1025,#1026,#1027,
    #1028,#1029,#1030,#1031,#1032,#1033,#1034,#1035,#1036,#1037),
  .UNSPECIFIED.,.F.,.F.,(9,7,7,7,7,9),(0.,0.177168906806,0.291665539056,
    0.45479678856,0.800177161275,1.),.UNSPECIFIED.);
#1001 = CARTESIAN_POINT('',(-3.074907984773,6.28318530718));
#1002 = CARTESIAN_POINT('',(-3.074409936488,6.299092307408));
#1003 = CARTESIAN_POINT('',(-3.074027758816,6.315240607493));
#1004 = CARTESIAN_POINT('',(-3.073775092849,6.331647723725));
#1005 = CARTESIAN_POINT('',(-3.073669055259,6.348313752735));
#1006 = CARTESIAN_POINT('',(-3.073730071693,6.365220895485));
#1007 = CARTESIAN_POINT('',(-3.073981588595,6.38233227987));
#1008 = CARTESIAN_POINT('',(-3.074449663472,6.399590081921));
#1009 = CARTESIAN_POINT('',(-3.075623066241,6.42810796617));
#1010 = CARTESIAN_POINT('',(-3.076185724713,6.439326008161));
#1011 = CARTESIAN_POINT('',(-3.076857533646,6.450536970222));
#1012 = CARTESIAN_POINT('',(-3.077645371084,6.461702199544));
#1013 = CARTESIAN_POINT('',(-3.078555328364,6.472774855569));
#1014 = CARTESIAN_POINT('',(-3.079592079503,6.483700218122));
#1015 = CARTESIAN_POINT('',(-3.080757945984,6.494416368171));
#1016 = CARTESIAN_POINT('',(-3.083894376954,6.519729261889));
#1017 = CARTESIAN_POINT('',(-3.085999860585,6.534068847334));
#1018 = CARTESIAN_POINT('',(-3.088359170925,6.547625575465));
#1019 = CARTESIAN_POINT('',(-3.090952931866,6.560215571013));
#1020 = CARTESIAN_POINT('',(-3.093753476388,6.571705878872));
#1021 = CARTESIAN_POINT('',(-3.096726691784,6.582006665324));
#1022 = CARTESIAN_POINT('',(-3.099833216291,6.591068343338));
#1023 = CARTESIAN_POINT('',(-3.109794641839,6.61542592489));
#1024 = CARTESIAN_POINT('',(-3.116946315562,6.626343379829));
#1025 = CARTESIAN_POINT('',(-3.124259699541,6.632075943736));
#1026 = CARTESIAN_POINT('',(-3.131549183451,6.63312443527));
#1027 = CARTESIAN_POINT('',(-3.138674597633,6.630055427485));
#1028 = CARTESIAN_POINT('',(-3.145547956892,6.623439787467));
#1029 = CARTESIAN_POINT('',(-3.152131195453,6.613760273209));
#1030 = CARTESIAN_POINT('',(-3.162073741201,6.594070608817));
#1031 = CARTESIAN_POINT('',(-3.165612692367,6.585938388014));
#1032 = CARTESIAN_POINT('',(-3.169040860975,6.576966577637));
#1033 = CARTESIAN_POINT('',(-3.172353777769,6.567226675981));
#1034 = CARTESIAN_POINT('',(-3.175548449332,6.556786508093));
#1035 = CARTESIAN_POINT('',(-3.178623345207,6.54570985698));
#1036 = CARTESIAN_POINT('',(-3.181578246603,6.534055580875));
#1037 = CARTESIAN_POINT('',(-3.184414092478,6.521877057372));
#1038 = ( GEOMETRIC_REPRESENTATION_CONTEXT(2) 
PARAMETRIC_REPRESENTATION_CONTEXT() REPRESENTATION_CONTEXT('2D SPACE',''
  ) );
#1039 = PCURVE('',#644,#1040);
#1040 = DEFINITIONAL_REPRESENTATION('',(#1041),#1079);
#1041 = B_SPLINE_CURVE_WITH_KNOTS('',8,(#1042,#1043,#1044,#1045,#1046,
    #1047,#1048,#1049,#1050,#1051,#1052,#1053,#1054,#1055,#1056,#1057,
    #1058,#1059,#1060,#1061,#1062,#1063,#1064,#1065,#1066,#1067,#1068,
    #1069,#1070,#1071,#1072,#1073,#1074,#1075,#1076,#1077,#1078),
  .UNSPECIFIED.,.F.,.F.,(9,7,7,7,7,9),(0.,0.177168906806,0.291665539056,
    0.45479678856,0.800177161275,1.),.UNSPECIFIED.);
#1042 = CARTESIAN_POINT('',(-4.551720592656,2.313115078143));
#1043 = CARTESIAN_POINT('',(-4.51618186821,2.640239625145));
#1044 = CARTESIAN_POINT('',(-4.47935160077,2.95992438142));
#1045 = CARTESIAN_POINT('',(-4.441086654835,3.271381903637));
#1046 = CARTESIAN_POINT('',(-4.401254677449,3.573261625744));
#1047 = CARTESIAN_POINT('',(-4.359732844382,3.863697950995));
#1048 = CARTESIAN_POINT('',(-4.316405345999,4.140368946986));
#1049 = CARTESIAN_POINT('',(-4.2711596128,4.400565643721));
#1050 = CARTESIAN_POINT('',(-4.193327331269,4.796830041219));
#1051 = CARTESIAN_POINT('',(-4.161935770483,4.944190325248));
#1052 = CARTESIAN_POINT('',(-4.129698953456,5.082436734261));
#1053 = CARTESIAN_POINT('',(-4.096624141317,5.210573522104));
#1054 = CARTESIAN_POINT('',(-4.062735676665,5.327580963893));
#1055 = CARTESIAN_POINT('',(-4.028077569189,5.432474947878));
#1056 = CARTESIAN_POINT('',(-3.992719658584,5.524382470205));
#1057 = CARTESIAN_POINT('',(-3.905551307278,5.714151166222));
#1058 = CARTESIAN_POINT('',(-3.853035584115,5.798168624855));
#1059 = CARTESIAN_POINT('',(-3.799700185353,5.852238242065));
#1060 = CARTESIAN_POINT('',(-3.745930986648,5.875888807679));
#1061 = CARTESIAN_POINT('',(-3.69206012816,5.870015992806));
#1062 = CARTESIAN_POINT('',(-3.638394196799,5.836446770514));
#1063 = CARTESIAN_POINT('',(-3.585238850245,5.777686925963));
#1064 = CARTESIAN_POINT('',(-3.422167606667,5.525700190735));
#1065 = CARTESIAN_POINT('',(-3.315405706422,5.255929958051));
#1066 = CARTESIAN_POINT('',(-3.212516668702,4.912750566767));
#1067 = CARTESIAN_POINT('',(-3.113430712905,4.515207839527));
#1068 = CARTESIAN_POINT('',(-3.018063256756,4.0771060103));
#1069 = CARTESIAN_POINT('',(-2.926242979911,3.607941642506));
#1070 = CARTESIAN_POINT('',(-2.837582091615,3.113221063801));
#1071 = CARTESIAN_POINT('',(-2.701414031785,2.29191148606));
#1072 = CARTESIAN_POINT('',(-2.652444300164,1.983142121389));
#1073 = CARTESIAN_POINT('',(-2.604361589692,1.667329388704));
#1074 = CARTESIAN_POINT('',(-2.557132450671,1.34505520658));
#1075 = CARTESIAN_POINT('',(-2.510731060753,1.016808304061));
#1076 = CARTESIAN_POINT('',(-2.465134756837,0.683001098235));
#1077 = CARTESIAN_POINT('',(-2.420321825634,0.343975200422));
#1078 = CARTESIAN_POINT('',(-2.376269051493,-6.E-07));
#1079 = ( GEOMETRIC_REPRESENTATION_CONTEXT(2) 
PARAMETRIC_REPRESENTATION_CONTEXT() REPRESENTATION_CONTEXT('2D SPACE',''
  ) );
#1080 = ORIENTED_EDGE('',*,*,#1081,.T.);
#1081 = EDGE_CURVE('',#957,#1082,#1084,.T.);
#1082 = VERTEX_POINT('',#1083);
#1083 = CARTESIAN_POINT('',(3.326018764565E+04,1.108512348818E+04,
    6.651787069244E+03));
#1084 = SURFACE_CURVE('',#1085,(#1116,#1150),.PCURVE_S1.);
#1085 = B_SPLINE_CURVE_WITH_KNOTS('',8,(#1086,#1087,#1088,#1089,#1090,
    #1091,#1092,#1093,#1094,#1095,#1096,#1097,#1098,#1099,#1100,#1101,
    #1102,#1103,#1104,#1105,#1106,#1107,#1108,#1109,#1110,#1111,#1112,
    #1113,#1114,#1115),.UNSPECIFIED.,.F.,.F.,(9,7,7,7,9),(0.,
    0.381259977677,0.58085966601,0.717095379808,1.),.UNSPECIFIED.);
#1086 = CARTESIAN_POINT('',(3.32684079247E+04,1.107495339939E+04,
    6.650333389808E+03));
#1087 = CARTESIAN_POINT('',(3.326850670044E+04,1.107558575808E+04,
    6.650339986417E+03));
#1088 = CARTESIAN_POINT('',(3.326857393166E+04,1.107623036058E+04,
    6.650359818575E+03));
#1089 = CARTESIAN_POINT('',(3.326860495321E+04,1.107688867282E+04,
    6.650393528312E+03));
#1090 = CARTESIAN_POINT('',(3.326859327407E+04,1.107756006579E+04,
    6.650441921472E+03));
#1091 = CARTESIAN_POINT('',(3.326853081818E+04,1.107824170206E+04,
    6.650505584936E+03));
#1092 = CARTESIAN_POINT('',(3.32684084812E+04,1.107892843359E+04,
    6.650584485229E+03));
#1093 = CARTESIAN_POINT('',(3.32682166301E+04,1.107961263227E+04,
    6.650677436688E+03));
#1094 = CARTESIAN_POINT('',(3.326780598122E+04,1.10806354591E+04,
    6.650836255541E+03));
#1095 = CARTESIAN_POINT('',(3.326764372625E+04,1.108098304241E+04,
    6.650893868092E+03));
#1096 = CARTESIAN_POINT('',(3.32674595731E+04,1.108132442422E+04,
    6.65095398007E+03));
#1097 = CARTESIAN_POINT('',(3.326725313853E+04,1.108165724358E+04,
    6.651015911313E+03));
#1098 = CARTESIAN_POINT('',(3.32670245085E+04,1.108197914161E+04,
    6.651078851319E+03));
#1099 = CARTESIAN_POINT('',(3.326677434036E+04,1.108228781278E+04,
    6.651141886256E+03));
#1100 = CARTESIAN_POINT('',(3.326650399901E+04,1.108258107447E+04,
    6.65120404598E+03));
#1101 = CARTESIAN_POINT('',(3.326601902032E+04,1.10830452848E+04,
    6.651305552908E+03));
#1102 = CARTESIAN_POINT('',(3.326581382653E+04,1.108322558632E+04,
    6.651345901284E+03));
#1103 = CARTESIAN_POINT('',(3.326560083562E+04,1.108339735826E+04,
    6.651385127133E+03));
#1104 = CARTESIAN_POINT('',(3.326538072438E+04,1.108356019146E+04,
    6.651422970464E+03));
#1105 = CARTESIAN_POINT('',(3.326515418726E+04,1.10837137862E+04,
    6.651459204678E+03));
#1106 = CARTESIAN_POINT('',(3.326492193634E+04,1.108385795213E+04,
    6.651493636569E+03));
#1107 = CARTESIAN_POINT('',(3.326468470137E+04,1.108399260833E+04,
    6.651526106323E+03));
#1108 = CARTESIAN_POINT('',(3.326394179408E+04,1.108437771931E+04,
    6.651619576565E+03));
#1109 = CARTESIAN_POINT('',(3.326342237869E+04,1.108459620936E+04,
    6.65167350375E+03));
#1110 = CARTESIAN_POINT('',(3.326289051725E+04,1.108477448908E+04,
    6.651717548018E+03));
#1111 = CARTESIAN_POINT('',(3.326235102128E+04,1.108491404421E+04,
    6.651751313749E+03));
#1112 = CARTESIAN_POINT('',(3.32618079801E+04,1.108501661065E+04,
    6.651774730762E+03));
#1113 = CARTESIAN_POINT('',(3.326126476083E+04,1.108508417437E+04,
    6.651788054313E+03));
#1114 = CARTESIAN_POINT('',(3.326072400843E+04,1.108511897147E+04,
    6.651791865096E+03));
#1115 = CARTESIAN_POINT('',(3.326018764565E+04,1.108512348818E+04,
    6.651787069244E+03));
#1116 = PCURVE('',#178,#1117);
#1117 = DEFINITIONAL_REPRESENTATION('',(#1118),#1149);
#1118 = B_SPLINE_CURVE_WITH_KNOTS('',8,(#1119,#1120,#1121,#1122,#1123,
    #1124,#1125,#1126,#1127,#1128,#1129,#1130,#1131,#1132,#1133,#1134,
    #1135,#1136,#1137,#1138,#1139,#1140,#1141,#1142,#1143,#1144,#1145,
    #1146,#1147,#1148),.UNSPECIFIED.,.F.,.F.,(9,7,7,7,9),(0.,
    0.381259977677,0.58085966601,0.717095379808,1.),.UNSPECIFIED.);
#1119 = CARTESIAN_POINT('',(-3.074907984688,6.28318530718));
#1120 = CARTESIAN_POINT('',(-3.074248012864,6.262106684373));
#1121 = CARTESIAN_POINT('',(-3.07379199069,6.24061993239));
#1122 = CARTESIAN_POINT('',(-3.073570397166,6.218661929918));
#1123 = CARTESIAN_POINT('',(-3.073625983219,6.196237001023));
#1124 = CARTESIAN_POINT('',(-3.074012472199,6.173419867108));
#1125 = CARTESIAN_POINT('',(-3.074791262237,6.150359571379));
#1126 = CARTESIAN_POINT('',(-3.07602885007,6.127290871266));
#1127 = CARTESIAN_POINT('',(-3.078701930149,6.092645335839));
#1128 = CARTESIAN_POINT('',(-3.079761196493,6.080842629191));
#1129 = CARTESIAN_POINT('',(-3.080966788352,6.069219045454));
#1130 = CARTESIAN_POINT('',(-3.082321936068,6.057854101697));
#1131 = CARTESIAN_POINT('',(-3.083826804673,6.046828850699));
#1132 = CARTESIAN_POINT('',(-3.085477741044,6.036224377603));
#1133 = CARTESIAN_POINT('',(-3.087266273222,6.026119366907));
#1134 = CARTESIAN_POINT('',(-3.090482293429,6.010079022209));
#1135 = CARTESIAN_POINT('',(-3.091844932491,6.003835555221));
#1136 = CARTESIAN_POINT('',(-3.093261333671,5.997875166223));
#1137 = CARTESIAN_POINT('',(-3.094727077328,5.992213704359));
#1138 = CARTESIAN_POINT('',(-3.096237583421,5.986863283774));
#1139 = CARTESIAN_POINT('',(-3.097788111515,5.981832283615));
#1140 = CARTESIAN_POINT('',(-3.099373760779,5.977125348029));
#1141 = CARTESIAN_POINT('',(-3.104344622511,5.963643883378));
#1142 = CARTESIAN_POINT('',(-3.107827661436,5.955964824255));
#1143 = CARTESIAN_POINT('',(-3.111400649929,5.949678772652));
#1144 = CARTESIAN_POINT('',(-3.115030366899,5.944746078794));
#1145 = CARTESIAN_POINT('',(-3.118688307,5.941114879269));
#1146 = CARTESIAN_POINT('',(-3.122350680624,5.938721097032));
#1147 = CARTESIAN_POINT('',(-3.125998413909,5.9374884414));
#1148 = CARTESIAN_POINT('',(-3.129617148734,5.93732840806));
#1149 = ( GEOMETRIC_REPRESENTATION_CONTEXT(2) 
PARAMETRIC_REPRESENTATION_CONTEXT() REPRESENTATION_CONTEXT('2D SPACE',''
  ) );
#1150 = PCURVE('',#90,#1151);
#1151 = DEFINITIONAL_REPRESENTATION('',(#1152),#1183);
#1152 = B_SPLINE_CURVE_WITH_KNOTS('',8,(#1153,#1154,#1155,#1156,#1157,
    #1158,#1159,#1160,#1161,#1162,#1163,#1164,#1165,#1166,#1167,#1168,
    #1169,#1170,#1171,#1172,#1173,#1174,#1175,#1176,#1177,#1178,#1179,
    #1180,#1181,#1182),.UNSPECIFIED.,.F.,.F.,(9,7,7,7,9),(0.,
    0.381259977677,0.58085966601,0.717095379808,1.),.UNSPECIFIED.);
#1153 = CARTESIAN_POINT('',(-4.873057367979,2.313115082517));
#1154 = CARTESIAN_POINT('',(-4.920150305482,2.746593100888));
#1155 = CARTESIAN_POINT('',(-4.969476188987,3.166686793953));
#1156 = CARTESIAN_POINT('',(-5.02141536317,3.572081381318));
#1157 = CARTESIAN_POINT('',(-5.076288034674,3.959319914554));
#1158 = CARTESIAN_POINT('',(-5.134361812699,4.323081823302));
#1159 = CARTESIAN_POINT('',(-5.195845623429,4.656603700117));
#1160 = CARTESIAN_POINT('',(-5.260909753142,4.952122917324));
#1161 = CARTESIAN_POINT('',(-5.365567795955,5.332517526616));
#1162 = CARTESIAN_POINT('',(-5.402488568869,5.450531277115));
#1163 = CARTESIAN_POINT('',(-5.440283502095,5.554451938862));
#1164 = CARTESIAN_POINT('',(-5.478856436935,5.643095284126));
#1165 = CARTESIAN_POINT('',(-5.518094911887,5.715547952915));
#1166 = CARTESIAN_POINT('',(-5.557865415973,5.771221330907));
#1167 = CARTESIAN_POINT('',(-5.5980038044,5.809916800024));
#1168 = CARTESIAN_POINT('',(-5.665799699744,5.846942171669));
#1169 = CARTESIAN_POINT('',(-5.693387468653,5.854174805271));
#1170 = CARTESIAN_POINT('',(-5.721006777903,5.85374524571));
#1171 = CARTESIAN_POINT('',(-5.748608665184,5.845832031869));
#1172 = CARTESIAN_POINT('',(-5.77614920527,5.830667276142));
#1173 = CARTESIAN_POINT('',(-5.803589510018,5.808536664426));
#1174 = CARTESIAN_POINT('',(-5.830895728367,5.779779456127));
#1175 = CARTESIAN_POINT('',(-5.9144043697,5.672126864388));
#1176 = CARTESIAN_POINT('',(-5.970007855337,5.572446360359));
#1177 = CARTESIAN_POINT('',(-6.024723945749,5.449158873071));
#1178 = CARTESIAN_POINT('',(-6.078464031295,5.305335754981));
#1179 = CARTESIAN_POINT('',(-6.131176450196,5.143707810009));
#1180 = CARTESIAN_POINT('',(-6.182846488537,4.966665293533));
#1181 = CARTESIAN_POINT('',(-6.233496380262,4.776257912393));
#1182 = CARTESIAN_POINT('',(-6.28318530718,4.57419482489));
#1183 = ( GEOMETRIC_REPRESENTATION_CONTEXT(2) 
PARAMETRIC_REPRESENTATION_CONTEXT() REPRESENTATION_CONTEXT('2D SPACE',''
  ) );
#1184 = ORIENTED_EDGE('',*,*,#1185,.T.);
#1185 = EDGE_CURVE('',#1082,#109,#1186,.T.);
#1186 = SURFACE_CURVE('',#1187,(#1200,#1216),.PCURVE_S1.);
#1187 = B_SPLINE_CURVE_WITH_KNOTS('',6,(#1188,#1189,#1190,#1191,#1192,
    #1193,#1194,#1195,#1196,#1197,#1198,#1199),.UNSPECIFIED.,.F.,.F.,(7,
    5,7),(0.,0.641687641136,1.),.UNSPECIFIED.);
#1188 = CARTESIAN_POINT('',(3.326018764565E+04,1.108512348818E+04,
    6.651787069244E+03));
#1189 = CARTESIAN_POINT('',(3.325918140511E+04,1.108513196173E+04,
    6.651778072011E+03));
#1190 = CARTESIAN_POINT('',(3.325819169683E+04,1.108502760488E+04,
    6.65173681294E+03));
#1191 = CARTESIAN_POINT('',(3.325723101553E+04,1.108482617556E+04,
    6.651668467352E+03));
#1192 = CARTESIAN_POINT('',(3.325630895673E+04,1.108453931119E+04,
    6.651579788579E+03));
#1193 = CARTESIAN_POINT('',(3.325543053551E+04,1.108417838763E+04,
    6.651477678816E+03));
#1194 = CARTESIAN_POINT('',(3.325413204025E+04,1.108351328182E+04,
    6.651306914331E+03));
#1195 = CARTESIAN_POINT('',(3.325368110744E+04,1.108325455783E+04,
    6.651243432317E+03));
#1196 = CARTESIAN_POINT('',(3.325324498391E+04,1.108297702671E+04,
    6.651178734075E+03));
#1197 = CARTESIAN_POINT('',(3.325282398914E+04,1.108268220203E+04,
    6.651113854511E+03));
#1198 = CARTESIAN_POINT('',(3.325241826363E+04,1.108237152837E+04,
    6.651049749271E+03));
#1199 = CARTESIAN_POINT('',(3.325202779405E+04,1.108204634951E+04,
    6.650987281417E+03));
#1200 = PCURVE('',#178,#1201);
#1201 = DEFINITIONAL_REPRESENTATION('',(#1202),#1215);
#1202 = B_SPLINE_CURVE_WITH_KNOTS('',6,(#1203,#1204,#1205,#1206,#1207,
    #1208,#1209,#1210,#1211,#1212,#1213,#1214),.UNSPECIFIED.,.F.,.F.,(7,
    5,7),(0.,0.641687641136,1.),.UNSPECIFIED.);
#1203 = CARTESIAN_POINT('',(-3.129617148734,5.93732840806));
#1204 = CARTESIAN_POINT('',(-3.136406056908,5.937028178364));
#1205 = CARTESIAN_POINT('',(-3.143086384094,5.940725607088));
#1206 = CARTESIAN_POINT('',(-3.149565564216,5.947864587019));
#1207 = CARTESIAN_POINT('',(-3.155772952023,5.957990176191));
#1208 = CARTESIAN_POINT('',(-3.161673286315,5.970655778156));
#1209 = CARTESIAN_POINT('',(-3.170374376982,5.993845662418));
#1210 = CARTESIAN_POINT('',(-3.1733916335,6.002841035962));
#1211 = CARTESIAN_POINT('',(-3.176305360264,6.012459893216));
#1212 = CARTESIAN_POINT('',(-3.179113770018,6.022643680008));
#1213 = CARTESIAN_POINT('',(-3.181816446189,6.033337980208));
#1214 = CARTESIAN_POINT('',(-3.184414092478,6.044493556987));
#1215 = ( GEOMETRIC_REPRESENTATION_CONTEXT(2) 
PARAMETRIC_REPRESENTATION_CONTEXT() REPRESENTATION_CONTEXT('2D SPACE',''
  ) );
#1216 = PCURVE('',#90,#1217);
#1217 = DEFINITIONAL_REPRESENTATION('',(#1218),#1231);
#1218 = B_SPLINE_CURVE_WITH_KNOTS('',6,(#1219,#1220,#1221,#1222,#1223,
    #1224,#1225,#1226,#1227,#1228,#1229,#1230),.UNSPECIFIED.,.F.,.F.,(7,
    5,7),(0.,0.641687641136,1.),.UNSPECIFIED.);
#1219 = CARTESIAN_POINT('',(0.,4.57419482489));
#1220 = CARTESIAN_POINT('',(-9.321864644595E-02,4.195115446803));
#1221 = CARTESIAN_POINT('',(-0.182824239881,3.77280168391));
#1222 = CARTESIAN_POINT('',(-0.269388399436,3.318586913331));
#1223 = CARTESIAN_POINT('',(-0.353070005175,2.839017103288));
#1224 = CARTESIAN_POINT('',(-0.434088722665,2.338595604193));
#1225 = CARTESIAN_POINT('',(-0.556653213747,1.52902118045));
#1226 = CARTESIAN_POINT('',(-0.599807755804,1.233147147582));
#1227 = CARTESIAN_POINT('',(-0.642231824071,0.931952009316));
#1228 = CARTESIAN_POINT('',(-0.683946674732,0.625821786263));
#1229 = CARTESIAN_POINT('',(-0.724971082835,0.315082624222));
#1230 = CARTESIAN_POINT('',(-0.765323602097,-6.E-07));
#1231 = ( GEOMETRIC_REPRESENTATION_CONTEXT(2) 
PARAMETRIC_REPRESENTATION_CONTEXT() REPRESENTATION_CONTEXT('2D SPACE',''
  ) );
#1232 = ADVANCED_FACE('',(#1233),#239,.T.);
#1233 = FACE_BOUND('',#1234,.F.);
#1234 = EDGE_LOOP('',(#1235,#1236,#1237));
#1235 = ORIENTED_EDGE('',*,*,#222,.T.);
#1236 = ORIENTED_EDGE('',*,*,#294,.T.);
#1237 = ORIENTED_EDGE('',*,*,#1238,.F.);
#1238 = EDGE_CURVE('',#223,#256,#1239,.T.);
#1239 = SURFACE_CURVE('',#1240,(#1244,#1251),.PCURVE_S1.);
#1240 = LINE('',#1241,#1242);
#1241 = CARTESIAN_POINT('',(3.256237398053E+04,1.218949758307E+04,
    5.45E+03));
#1242 = VECTOR('',#1243,1.);
#1243 = DIRECTION('',(-0.852139526465,-0.523314654329,-0.));
#1244 = PCURVE('',#239,#1245);
#1245 = DEFINITIONAL_REPRESENTATION('',(#1246),#1250);
#1246 = LINE('',#1247,#1248);
#1247 = CARTESIAN_POINT('',(9.992504550642,6.552083783371));
#1248 = VECTOR('',#1249,1.);
#1249 = DIRECTION('',(0.380960072353,0.924591489942));
#1250 = ( GEOMETRIC_REPRESENTATION_CONTEXT(2) 
PARAMETRIC_REPRESENTATION_CONTEXT() REPRESENTATION_CONTEXT('2D SPACE',''
  ) );
#1251 = PCURVE('',#278,#1252);
#1252 = DEFINITIONAL_REPRESENTATION('',(#1253),#1257);
#1253 = LINE('',#1254,#1255);
#1254 = CARTESIAN_POINT('',(-53.9613444064,69.017460159097));
#1255 = VECTOR('',#1256,1.);
#1256 = DIRECTION('',(0.852139526465,0.523314654329));
#1257 = ( GEOMETRIC_REPRESENTATION_CONTEXT(2) 
PARAMETRIC_REPRESENTATION_CONTEXT() REPRESENTATION_CONTEXT('2D SPACE',''
  ) );
#1258 = ADVANCED_FACE('',(#1259),#278,.F.);
#1259 = FACE_BOUND('',#1260,.T.);
#1260 = EDGE_LOOP('',(#1261,#1262));
#1261 = ORIENTED_EDGE('',*,*,#1238,.F.);
#1262 = ORIENTED_EDGE('',*,*,#255,.T.);
#1263 = ADVANCED_FACE('',(#1264),#90,.T.);
#1264 = FACE_BOUND('',#1265,.F.);
#1265 = EDGE_LOOP('',(#1266,#1298,#1332,#1333,#1356,#1389,#1428,#1454,
    #1455,#1456,#1457,#1458));
#1266 = ORIENTED_EDGE('',*,*,#1267,.T.);
#1267 = EDGE_CURVE('',#1268,#1270,#1272,.T.);
#1268 = VERTEX_POINT('',#1269);
#1269 = CARTESIAN_POINT('',(3.326288326636E+04,1.107495339938E+04,
    6.633414310127E+03));
#1270 = VERTEX_POINT('',#1271);
#1271 = CARTESIAN_POINT('',(3.326633605946E+04,1.107495339939E+04,
    6.634300515874E+03));
#1272 = SURFACE_CURVE('',#1273,(#1278,#1288),.PCURVE_S1.);
#1273 = ELLIPSE('',#1274,15.825817601769,10.);
#1274 = AXIS2_PLACEMENT_3D('',#1275,#1276,#1277);
#1275 = CARTESIAN_POINT('',(3.325841263612E+04,1.107495339939E+04,
    6.648E+03));
#1276 = DIRECTION('',(-0.,-1.,0.));
#1277 = DIRECTION('',(0.50066439164,-0.,-0.865641477139));
#1278 = PCURVE('',#90,#1279);
#1279 = DEFINITIONAL_REPRESENTATION('',(#1280),#1287);
#1280 = B_SPLINE_CURVE_WITH_KNOTS('',5,(#1281,#1282,#1283,#1284,#1285,
    #1286),.UNSPECIFIED.,.F.,.F.,(6,6),(5.932802630554,6.28318530718),
  .PIECEWISE_BEZIER_KNOTS.);
#1281 = CARTESIAN_POINT('',(-3.141592653973,11.520802197285));
#1282 = CARTESIAN_POINT('',(-3.211669189298,11.815853701005));
#1283 = CARTESIAN_POINT('',(-3.281745724622,12.040186576948));
#1284 = CARTESIAN_POINT('',(-3.351822259949,12.190777820232));
#1285 = CARTESIAN_POINT('',(-3.421898795273,12.266071203303));
#1286 = CARTESIAN_POINT('',(-3.491975330598,12.266071203303));
#1287 = ( GEOMETRIC_REPRESENTATION_CONTEXT(2) 
PARAMETRIC_REPRESENTATION_CONTEXT() REPRESENTATION_CONTEXT('2D SPACE',''
  ) );
#1288 = PCURVE('',#644,#1289);
#1289 = DEFINITIONAL_REPRESENTATION('',(#1290),#1297);
#1290 = B_SPLINE_CURVE_WITH_KNOTS('',5,(#1291,#1292,#1293,#1294,#1295,
    #1296),.UNSPECIFIED.,.F.,.F.,(6,6),(5.932802630554,6.28318530718),
  .PIECEWISE_BEZIER_KNOTS.);
#1291 = CARTESIAN_POINT('',(-6.283185306797,11.520802197283));
#1292 = CARTESIAN_POINT('',(-6.213108771472,11.815853701003));
#1293 = CARTESIAN_POINT('',(-6.143032236148,12.040186576929));
#1294 = CARTESIAN_POINT('',(-6.072955700819,12.190777820241));
#1295 = CARTESIAN_POINT('',(-6.002879165497,12.266071203299));
#1296 = CARTESIAN_POINT('',(-5.932802630172,12.266071203299));
#1297 = ( GEOMETRIC_REPRESENTATION_CONTEXT(2) 
PARAMETRIC_REPRESENTATION_CONTEXT() REPRESENTATION_CONTEXT('2D SPACE',''
  ) );
#1298 = ORIENTED_EDGE('',*,*,#1299,.T.);
#1299 = EDGE_CURVE('',#1270,#957,#1300,.T.);
#1300 = SURFACE_CURVE('',#1301,(#1306,#1319),.PCURVE_S1.);
#1301 = ELLIPSE('',#1302,15.825817601769,10.);
#1302 = AXIS2_PLACEMENT_3D('',#1303,#1304,#1305);
#1303 = CARTESIAN_POINT('',(3.325841263612E+04,1.107495339939E+04,
    6.648E+03));
#1304 = DIRECTION('',(-0.,-1.,0.));
#1305 = DIRECTION('',(0.50066439164,-0.,-0.865641477139));
#1306 = PCURVE('',#90,#1307);
#1307 = DEFINITIONAL_REPRESENTATION('',(#1308),#1318);
#1308 = B_SPLINE_CURVE_WITH_KNOTS('',8,(#1309,#1310,#1311,#1312,#1313,
    #1314,#1315,#1316,#1317),.UNSPECIFIED.,.F.,.F.,(9,9),(0.,
    1.570796180436),.PIECEWISE_BEZIER_KNOTS.);
#1309 = CARTESIAN_POINT('',(-3.491975330598,12.266071203303));
#1310 = CARTESIAN_POINT('',(-3.688324853153,12.266071203303));
#1311 = CARTESIAN_POINT('',(-3.884674375699,11.725618688486));
#1312 = CARTESIAN_POINT('',(-4.081023898281,10.644718250052));
#1313 = CARTESIAN_POINT('',(-4.277373420769,9.067801059886));
#1314 = CARTESIAN_POINT('',(-4.47372294339,7.083819707172));
#1315 = CARTESIAN_POINT('',(-4.670072465919,4.816876736743));
#1316 = CARTESIAN_POINT('',(-4.866421988479,2.40843901964));
#1317 = CARTESIAN_POINT('',(-5.062771511034,1.795252501324E-06));
#1318 = ( GEOMETRIC_REPRESENTATION_CONTEXT(2) 
PARAMETRIC_REPRESENTATION_CONTEXT() REPRESENTATION_CONTEXT('2D SPACE',''
  ) );
#1319 = PCURVE('',#644,#1320);
#1320 = DEFINITIONAL_REPRESENTATION('',(#1321),#1331);
#1321 = B_SPLINE_CURVE_WITH_KNOTS('',8,(#1322,#1323,#1324,#1325,#1326,
    #1327,#1328,#1329,#1330),.UNSPECIFIED.,.F.,.F.,(9,9),(0.,
    1.570796180436),.PIECEWISE_BEZIER_KNOTS.);
#1322 = CARTESIAN_POINT('',(-5.932802630172,12.266071203299));
#1323 = CARTESIAN_POINT('',(-5.736453107617,12.266071203299));
#1324 = CARTESIAN_POINT('',(-5.54010358506,11.725618688489));
#1325 = CARTESIAN_POINT('',(-5.343754062511,10.644718250067));
#1326 = CARTESIAN_POINT('',(-5.147404539966,9.067801059944));
#1327 = CARTESIAN_POINT('',(-4.951055017387,7.083819707143));
#1328 = CARTESIAN_POINT('',(-4.754705494846,4.816876736773));
#1329 = CARTESIAN_POINT('',(-4.55835597229,2.408439019636));
#1330 = CARTESIAN_POINT('',(-4.362006449735,1.795247953851E-06));
#1331 = ( GEOMETRIC_REPRESENTATION_CONTEXT(2) 
PARAMETRIC_REPRESENTATION_CONTEXT() REPRESENTATION_CONTEXT('2D SPACE',''
  ) );
#1332 = ORIENTED_EDGE('',*,*,#1081,.T.);
#1333 = ORIENTED_EDGE('',*,*,#1334,.T.);
#1334 = EDGE_CURVE('',#1082,#1335,#1337,.T.);
#1335 = VERTEX_POINT('',#1336);
#1336 = CARTESIAN_POINT('',(3.394841263612E+04,1.220579479489E+04,
    5.461856034989E+03));
#1337 = SEAM_CURVE('',#1338,(#1342,#1349),.PCURVE_S1.);
#1338 = LINE('',#1339,#1340);
#1339 = CARTESIAN_POINT('',(3.325841263612E+04,1.108223315105E+04,
    6.654856034989E+03));
#1340 = VECTOR('',#1341,1.);
#1341 = DIRECTION('',(0.388048518651,0.631878886237,-0.670930264856));
#1342 = PCURVE('',#90,#1343);
#1343 = DEFINITIONAL_REPRESENTATION('',(#1344),#1348);
#1344 = LINE('',#1345,#1346);
#1345 = CARTESIAN_POINT('',(-0.,-0.));
#1346 = VECTOR('',#1347,1.);
#1347 = DIRECTION('',(-0.,1.));
#1348 = ( GEOMETRIC_REPRESENTATION_CONTEXT(2) 
PARAMETRIC_REPRESENTATION_CONTEXT() REPRESENTATION_CONTEXT('2D SPACE',''
  ) );
#1349 = PCURVE('',#90,#1350);
#1350 = DEFINITIONAL_REPRESENTATION('',(#1351),#1355);
#1351 = LINE('',#1352,#1353);
#1352 = CARTESIAN_POINT('',(-6.28318530718,-0.));
#1353 = VECTOR('',#1354,1.);
#1354 = DIRECTION('',(-0.,1.));
#1355 = ( GEOMETRIC_REPRESENTATION_CONTEXT(2) 
PARAMETRIC_REPRESENTATION_CONTEXT() REPRESENTATION_CONTEXT('2D SPACE',''
  ) );
#1356 = ORIENTED_EDGE('',*,*,#1357,.F.);
#1357 = EDGE_CURVE('',#1358,#1335,#1360,.T.);
#1358 = VERTEX_POINT('',#1359);
#1359 = CARTESIAN_POINT('',(3.395233791599E+04,1.219079544622E+04,
    5.45E+03));
#1360 = SURFACE_CURVE('',#1361,(#1366,#1373),.PCURVE_S1.);
#1361 = CIRCLE('',#1362,10.);
#1362 = AXIS2_PLACEMENT_3D('',#1363,#1364,#1365);
#1363 = CARTESIAN_POINT('',(3.394841263612E+04,1.219851504323E+04,
    5.455E+03));
#1364 = DIRECTION('',(-0.388048518651,-0.631878886237,0.670930264856));
#1365 = DIRECTION('',(-0.,0.727975165996,0.685603498892));
#1366 = PCURVE('',#90,#1367);
#1367 = DEFINITIONAL_REPRESENTATION('',(#1368),#1372);
#1368 = LINE('',#1369,#1370);
#1369 = CARTESIAN_POINT('',(-0.,1.778128163969E+03));
#1370 = VECTOR('',#1371,1.);
#1371 = DIRECTION('',(-1.,0.));
#1372 = ( GEOMETRIC_REPRESENTATION_CONTEXT(2) 
PARAMETRIC_REPRESENTATION_CONTEXT() REPRESENTATION_CONTEXT('2D SPACE',''
  ) );
#1373 = PCURVE('',#1374,#1379);
#1374 = PLANE('',#1375);
#1375 = AXIS2_PLACEMENT_3D('',#1376,#1377,#1378);
#1376 = CARTESIAN_POINT('',(3.394841263612E+04,1.219851504323E+04,
    5.455E+03));
#1377 = DIRECTION('',(0.388048518651,0.631878886237,-0.670930264856));
#1378 = DIRECTION('',(0.,-0.727975165996,-0.685603498892));
#1379 = DEFINITIONAL_REPRESENTATION('',(#1380),#1388);
#1380 = ( BOUNDED_CURVE() B_SPLINE_CURVE(2,(#1381,#1382,#1383,#1384,
#1385,#1386,#1387),.UNSPECIFIED.,.T.,.F.) B_SPLINE_CURVE_WITH_KNOTS((1,2
    ,2,2,2,1),(-2.094395102393,0.,2.094395102393,4.188790204786,
6.28318530718,8.377580409573),.UNSPECIFIED.) CURVE() 
GEOMETRIC_REPRESENTATION_ITEM() RATIONAL_B_SPLINE_CURVE((1.,0.5,1.,0.5,
1.,0.5,1.)) REPRESENTATION_ITEM('') );
#1381 = CARTESIAN_POINT('',(-10.,0.));
#1382 = CARTESIAN_POINT('',(-10.,17.320508075691));
#1383 = CARTESIAN_POINT('',(5.000000000001,8.660254037845));
#1384 = CARTESIAN_POINT('',(20.000000000002,2.449293598295E-15));
#1385 = CARTESIAN_POINT('',(5.000000000001,-8.660254037845));
#1386 = CARTESIAN_POINT('',(-10.,-17.32050807569));
#1387 = CARTESIAN_POINT('',(-10.,0.));
#1388 = ( GEOMETRIC_REPRESENTATION_CONTEXT(2) 
PARAMETRIC_REPRESENTATION_CONTEXT() REPRESENTATION_CONTEXT('2D SPACE',''
  ) );
#1389 = ORIENTED_EDGE('',*,*,#1390,.T.);
#1390 = EDGE_CURVE('',#1358,#1391,#1393,.T.);
#1391 = VERTEX_POINT('',#1392);
#1392 = CARTESIAN_POINT('',(3.39397523872E+04,1.219852445238E+04,
    5.45E+03));
#1393 = SURFACE_CURVE('',#1394,(#1399,#1412),.PCURVE_S1.);
#1394 = ELLIPSE('',#1395,14.904678658581,10.);
#1395 = AXIS2_PLACEMENT_3D('',#1396,#1397,#1398);
#1396 = CARTESIAN_POINT('',(3.395130450536E+04,1.22032240191E+04,
    5.45E+03));
#1397 = DIRECTION('',(-0.,0.,-1.));
#1398 = DIRECTION('',(0.523314654329,0.852139526465,-0.));
#1399 = PCURVE('',#90,#1400);
#1400 = DEFINITIONAL_REPRESENTATION('',(#1401),#1411);
#1401 = B_SPLINE_CURVE_WITH_KNOTS('',8,(#1402,#1403,#1404,#1405,#1406,
    #1407,#1408,#1409,#1410),.UNSPECIFIED.,.F.,.F.,(9,9),(2.310799400645
    ,3.972385906535),.PIECEWISE_BEZIER_KNOTS.);
#1402 = CARTESIAN_POINT('',(-3.581551457272,1.778128164569E+03));
#1403 = CARTESIAN_POINT('',(-3.373853144036,1.776433009195E+03));
#1404 = CARTESIAN_POINT('',(-3.166154830792,1.775105263334E+03));
#1405 = CARTESIAN_POINT('',(-2.958456517585,1.774256358757E+03));
#1406 = CARTESIAN_POINT('',(-2.750758204287,1.77396390979E+03));
#1407 = CARTESIAN_POINT('',(-2.543059891117,1.774256358752E+03));
#1408 = CARTESIAN_POINT('',(-2.335361577845,1.775105263334E+03));
#1409 = CARTESIAN_POINT('',(-2.127663264618,1.776433009195E+03));
#1410 = CARTESIAN_POINT('',(-1.919964951382,1.778128164569E+03));
#1411 = ( GEOMETRIC_REPRESENTATION_CONTEXT(2) 
PARAMETRIC_REPRESENTATION_CONTEXT() REPRESENTATION_CONTEXT('2D SPACE',''
  ) );
#1412 = PCURVE('',#1413,#1418);
#1413 = PLANE('',#1414);
#1414 = AXIS2_PLACEMENT_3D('',#1415,#1416,#1417);
#1415 = CARTESIAN_POINT('',(3.250841263612E+04,1.225851504323E+04,
    5.45E+03));
#1416 = DIRECTION('',(-0.,-0.,1.));
#1417 = DIRECTION('',(-1.,0.,0.));
#1418 = DEFINITIONAL_REPRESENTATION('',(#1419),#1427);
#1419 = ( BOUNDED_CURVE() B_SPLINE_CURVE(2,(#1420,#1421,#1422,#1423,
#1424,#1425,#1426),.UNSPECIFIED.,.T.,.F.) B_SPLINE_CURVE_WITH_KNOTS((1,2
    ,2,2,2,1),(-2.094395102393,0.,2.094395102393,4.188790204786,
6.28318530718,8.377580409573),.UNSPECIFIED.) CURVE() 
GEOMETRIC_REPRESENTATION_ITEM() RATIONAL_B_SPLINE_CURVE((1.,0.5,1.,0.5,
1.,0.5,1.)) REPRESENTATION_ITEM('') );
#1420 = CARTESIAN_POINT('',(-1.450691705997E+03,42.590158310507));
#1421 = CARTESIAN_POINT('',(-1.465451195547E+03,51.654234006936));
#1422 = CARTESIAN_POINT('',(-1.446371695632E+03,66.173494880081));
#1423 = CARTESIAN_POINT('',(-1.427292195717E+03,80.692755753225));
#1424 = CARTESIAN_POINT('',(-1.431612206082E+03,57.109419183651));
#1425 = CARTESIAN_POINT('',(-1.435932216448E+03,33.526082614078));
#1426 = CARTESIAN_POINT('',(-1.450691705997E+03,42.590158310507));
#1427 = ( GEOMETRIC_REPRESENTATION_CONTEXT(2) 
PARAMETRIC_REPRESENTATION_CONTEXT() REPRESENTATION_CONTEXT('2D SPACE',''
  ) );
#1428 = ORIENTED_EDGE('',*,*,#1429,.F.);
#1429 = EDGE_CURVE('',#1335,#1391,#1430,.T.);
#1430 = SURFACE_CURVE('',#1431,(#1436,#1443),.PCURVE_S1.);
#1431 = CIRCLE('',#1432,10.);
#1432 = AXIS2_PLACEMENT_3D('',#1433,#1434,#1435);
#1433 = CARTESIAN_POINT('',(3.394841263612E+04,1.219851504323E+04,
    5.455E+03));
#1434 = DIRECTION('',(-0.388048518651,-0.631878886237,0.670930264856));
#1435 = DIRECTION('',(-0.,0.727975165996,0.685603498892));
#1436 = PCURVE('',#90,#1437);
#1437 = DEFINITIONAL_REPRESENTATION('',(#1438),#1442);
#1438 = LINE('',#1439,#1440);
#1439 = CARTESIAN_POINT('',(-0.,1.778128163969E+03));
#1440 = VECTOR('',#1441,1.);
#1441 = DIRECTION('',(-1.,0.));
#1442 = ( GEOMETRIC_REPRESENTATION_CONTEXT(2) 
PARAMETRIC_REPRESENTATION_CONTEXT() REPRESENTATION_CONTEXT('2D SPACE',''
  ) );
#1443 = PCURVE('',#1374,#1444);
#1444 = DEFINITIONAL_REPRESENTATION('',(#1445),#1453);
#1445 = ( BOUNDED_CURVE() B_SPLINE_CURVE(2,(#1446,#1447,#1448,#1449,
#1450,#1451,#1452),.UNSPECIFIED.,.T.,.F.) B_SPLINE_CURVE_WITH_KNOTS((1,2
    ,2,2,2,1),(-2.094395102393,0.,2.094395102393,4.188790204786,
6.28318530718,8.377580409573),.UNSPECIFIED.) CURVE() 
GEOMETRIC_REPRESENTATION_ITEM() RATIONAL_B_SPLINE_CURVE((1.,0.5,1.,0.5,
1.,0.5,1.)) REPRESENTATION_ITEM('') );
#1446 = CARTESIAN_POINT('',(-10.,0.));
#1447 = CARTESIAN_POINT('',(-10.,17.320508075691));
#1448 = CARTESIAN_POINT('',(5.000000000001,8.660254037845));
#1449 = CARTESIAN_POINT('',(20.000000000002,2.449293598295E-15));
#1450 = CARTESIAN_POINT('',(5.000000000001,-8.660254037845));
#1451 = CARTESIAN_POINT('',(-10.,-17.32050807569));
#1452 = CARTESIAN_POINT('',(-10.,0.));
#1453 = ( GEOMETRIC_REPRESENTATION_CONTEXT(2) 
PARAMETRIC_REPRESENTATION_CONTEXT() REPRESENTATION_CONTEXT('2D SPACE',''
  ) );
#1454 = ORIENTED_EDGE('',*,*,#1334,.F.);
#1455 = ORIENTED_EDGE('',*,*,#1185,.T.);
#1456 = ORIENTED_EDGE('',*,*,#108,.F.);
#1457 = ORIENTED_EDGE('',*,*,#67,.F.);
#1458 = ORIENTED_EDGE('',*,*,#1459,.T.);
#1459 = EDGE_CURVE('',#24,#1268,#1460,.T.);
#1460 = SURFACE_CURVE('',#1461,(#1466,#1478),.PCURVE_S1.);
#1461 = ELLIPSE('',#1462,15.825817601769,10.);
#1462 = AXIS2_PLACEMENT_3D('',#1463,#1464,#1465);
#1463 = CARTESIAN_POINT('',(3.325841263612E+04,1.107495339939E+04,
    6.648E+03));
#1464 = DIRECTION('',(-0.,-1.,0.));
#1465 = DIRECTION('',(0.50066439164,-0.,-0.865641477139));
#1466 = PCURVE('',#90,#1467);
#1467 = DEFINITIONAL_REPRESENTATION('',(#1468),#1477);
#1468 = B_SPLINE_CURVE_WITH_KNOTS('',7,(#1469,#1470,#1471,#1472,#1473,
    #1474,#1475,#1476),.UNSPECIFIED.,.F.,.F.,(8,8),(4.712388955927,
    5.932802630554),.PIECEWISE_BEZIER_KNOTS.);
#1469 = CARTESIAN_POINT('',(-1.921178979345,-2.999995558639E-07));
#1470 = CARTESIAN_POINT('',(-2.095523790006,2.138525561495));
#1471 = CARTESIAN_POINT('',(-2.269868600665,4.277050228226));
#1472 = CARTESIAN_POINT('',(-2.444213411339,6.309411915101));
#1473 = CARTESIAN_POINT('',(-2.618558221979,8.129403421197));
#1474 = CARTESIAN_POINT('',(-2.792903032656,9.644119565635));
#1475 = CARTESIAN_POINT('',(-2.967247843311,10.786737673223));
#1476 = CARTESIAN_POINT('',(-3.141592653973,11.520802197285));
#1477 = ( GEOMETRIC_REPRESENTATION_CONTEXT(2) 
PARAMETRIC_REPRESENTATION_CONTEXT() REPRESENTATION_CONTEXT('2D SPACE',''
  ) );
#1478 = PCURVE('',#644,#1479);
#1479 = DEFINITIONAL_REPRESENTATION('',(#1480),#1489);
#1480 = B_SPLINE_CURVE_WITH_KNOTS('',7,(#1481,#1482,#1483,#1484,#1485,
    #1486,#1487,#1488),.UNSPECIFIED.,.F.,.F.,(8,8),(4.712388955927,
    5.932802630554),.PIECEWISE_BEZIER_KNOTS.);
#1481 = CARTESIAN_POINT('',(-1.220413674245,-3.000004653586E-07));
#1482 = CARTESIAN_POINT('',(-1.046068863584,2.138525561494));
#1483 = CARTESIAN_POINT('',(-0.871724052923,4.277050228223));
#1484 = CARTESIAN_POINT('',(-0.697379242258,6.309411915095));
#1485 = CARTESIAN_POINT('',(-0.523034431606,8.129403421212));
#1486 = CARTESIAN_POINT('',(-0.348689620936,9.644119565619));
#1487 = CARTESIAN_POINT('',(-0.174344810279,10.786737673222));
#1488 = CARTESIAN_POINT('',(3.823519278967E-10,11.520802197283));
#1489 = ( GEOMETRIC_REPRESENTATION_CONTEXT(2) 
PARAMETRIC_REPRESENTATION_CONTEXT() REPRESENTATION_CONTEXT('2D SPACE',''
  ) );
#1490 = ADVANCED_FACE('',(#1491),#721,.F.);
#1491 = FACE_BOUND('',#1492,.T.);
#1492 = EDGE_LOOP('',(#1493,#1514,#1515));
#1493 = ORIENTED_EDGE('',*,*,#1494,.F.);
#1494 = EDGE_CURVE('',#738,#699,#1495,.T.);
#1495 = SURFACE_CURVE('',#1496,(#1500,#1507),.PCURVE_S1.);
#1496 = LINE('',#1497,#1498);
#1497 = CARTESIAN_POINT('',(3.203457993136E+04,1.028453730956E+04,
    5.45E+03));
#1498 = VECTOR('',#1499,1.);
#1499 = DIRECTION('',(0.852139526465,-0.523314654329,-0.));
#1500 = PCURVE('',#721,#1501);
#1501 = DEFINITIONAL_REPRESENTATION('',(#1502),#1506);
#1502 = LINE('',#1503,#1504);
#1503 = CARTESIAN_POINT('',(473.83270476709,1.973977733671E+03));
#1504 = VECTOR('',#1505,1.);
#1505 = DIRECTION('',(-0.852139526465,0.523314654329));
#1506 = ( GEOMETRIC_REPRESENTATION_CONTEXT(2) 
PARAMETRIC_REPRESENTATION_CONTEXT() REPRESENTATION_CONTEXT('2D SPACE',''
  ) );
#1507 = PCURVE('',#754,#1508);
#1508 = DEFINITIONAL_REPRESENTATION('',(#1509),#1513);
#1509 = LINE('',#1510,#1511);
#1510 = CARTESIAN_POINT('',(-245.9497074688,579.22107888545));
#1511 = VECTOR('',#1512,1.);
#1512 = DIRECTION('',(0.380960072353,-0.924591489942));
#1513 = ( GEOMETRIC_REPRESENTATION_CONTEXT(2) 
PARAMETRIC_REPRESENTATION_CONTEXT() REPRESENTATION_CONTEXT('2D SPACE',''
  ) );
#1514 = ORIENTED_EDGE('',*,*,#770,.T.);
#1515 = ORIENTED_EDGE('',*,*,#698,.T.);
#1516 = ADVANCED_FACE('',(#1517),#754,.T.);
#1517 = FACE_BOUND('',#1518,.F.);
#1518 = EDGE_LOOP('',(#1519,#1520));
#1519 = ORIENTED_EDGE('',*,*,#1494,.F.);
#1520 = ORIENTED_EDGE('',*,*,#737,.T.);
#1521 = ADVANCED_FACE('',(#1522),#644,.T.);
#1522 = FACE_BOUND('',#1523,.F.);
#1523 = EDGE_LOOP('',(#1524,#1547,#1548,#1549,#1550,#1551,#1552,#1553,
    #1554,#1591,#1624));
#1524 = ORIENTED_EDGE('',*,*,#1525,.F.);
#1525 = EDGE_CURVE('',#1268,#1526,#1528,.T.);
#1526 = VERTEX_POINT('',#1527);
#1527 = CARTESIAN_POINT('',(3.394733915403E+04,9.960419512013E+03,
    5.45E+03));
#1528 = SEAM_CURVE('',#1529,(#1533,#1540),.PCURVE_S1.);
#1529 = LINE('',#1530,#1531);
#1530 = CARTESIAN_POINT('',(3.325841263612E+04,1.108223315105E+04,
    6.641143965011E+03));
#1531 = VECTOR('',#1532,1.);
#1532 = DIRECTION('',(0.388048518651,-0.631878886237,-0.670930264856));
#1533 = PCURVE('',#644,#1534);
#1534 = DEFINITIONAL_REPRESENTATION('',(#1535),#1539);
#1535 = LINE('',#1536,#1537);
#1536 = CARTESIAN_POINT('',(-0.,-0.));
#1537 = VECTOR('',#1538,1.);
#1538 = DIRECTION('',(-0.,1.));
#1539 = ( GEOMETRIC_REPRESENTATION_CONTEXT(2) 
PARAMETRIC_REPRESENTATION_CONTEXT() REPRESENTATION_CONTEXT('2D SPACE',''
  ) );
#1540 = PCURVE('',#644,#1541);
#1541 = DEFINITIONAL_REPRESENTATION('',(#1542),#1546);
#1542 = LINE('',#1543,#1544);
#1543 = CARTESIAN_POINT('',(-6.28318530718,-0.));
#1544 = VECTOR('',#1545,1.);
#1545 = DIRECTION('',(-0.,1.));
#1546 = ( GEOMETRIC_REPRESENTATION_CONTEXT(2) 
PARAMETRIC_REPRESENTATION_CONTEXT() REPRESENTATION_CONTEXT('2D SPACE',''
  ) );
#1547 = ORIENTED_EDGE('',*,*,#1459,.F.);
#1548 = ORIENTED_EDGE('',*,*,#662,.F.);
#1549 = ORIENTED_EDGE('',*,*,#621,.F.);
#1550 = ORIENTED_EDGE('',*,*,#956,.F.);
#1551 = ORIENTED_EDGE('',*,*,#1299,.F.);
#1552 = ORIENTED_EDGE('',*,*,#1267,.F.);
#1553 = ORIENTED_EDGE('',*,*,#1525,.T.);
#1554 = ORIENTED_EDGE('',*,*,#1555,.T.);
#1555 = EDGE_CURVE('',#1526,#1556,#1558,.T.);
#1556 = VERTEX_POINT('',#1557);
#1557 = CARTESIAN_POINT('',(3.395233791599E+04,9.959111352566E+03,
    5.45E+03));
#1558 = SURFACE_CURVE('',#1559,(#1564,#1575),.PCURVE_S1.);
#1559 = ELLIPSE('',#1560,14.904678658581,10.);
#1560 = AXIS2_PLACEMENT_3D('',#1561,#1562,#1563);
#1561 = CARTESIAN_POINT('',(3.395130450536E+04,9.946682779681E+03,
    5.45E+03));
#1562 = DIRECTION('',(0.,0.,-1.));
#1563 = DIRECTION('',(0.523314654329,-0.852139526465,-0.));
#1564 = PCURVE('',#644,#1565);
#1565 = DEFINITIONAL_REPRESENTATION('',(#1566),#1574);
#1566 = B_SPLINE_CURVE_WITH_KNOTS('',6,(#1567,#1568,#1569,#1570,#1571,
    #1572,#1573),.UNSPECIFIED.,.F.,.F.,(7,7),(3.532427102853,
    3.972385906534),.PIECEWISE_BEZIER_KNOTS.);
#1567 = CARTESIAN_POINT('',(-6.28318530718,1.77536180346E+03));
#1568 = CARTESIAN_POINT('',(-6.2098588399,1.775670538536E+03));
#1569 = CARTESIAN_POINT('',(-6.136532372617,1.776045205918E+03));
#1570 = CARTESIAN_POINT('',(-6.063205905341,1.776482817772E+03));
#1571 = CARTESIAN_POINT('',(-5.989879438058,1.776979322019E+03));
#1572 = CARTESIAN_POINT('',(-5.916552970778,1.777529701572E+03));
#1573 = CARTESIAN_POINT('',(-5.843226503498,1.778128164569E+03));
#1574 = ( GEOMETRIC_REPRESENTATION_CONTEXT(2) 
PARAMETRIC_REPRESENTATION_CONTEXT() REPRESENTATION_CONTEXT('2D SPACE',''
  ) );
#1575 = PCURVE('',#1576,#1581);
#1576 = PLANE('',#1577);
#1577 = AXIS2_PLACEMENT_3D('',#1578,#1579,#1580);
#1578 = CARTESIAN_POINT('',(3.250841263612E+04,1.225851504323E+04,
    5.45E+03));
#1579 = DIRECTION('',(-0.,-0.,1.));
#1580 = DIRECTION('',(-1.,0.,0.));
#1581 = DEFINITIONAL_REPRESENTATION('',(#1582),#1590);
#1582 = ( BOUNDED_CURVE() B_SPLINE_CURVE(2,(#1583,#1584,#1585,#1586,
#1587,#1588,#1589),.UNSPECIFIED.,.T.,.F.) B_SPLINE_CURVE_WITH_KNOTS((1,2
    ,2,2,2,1),(-2.094395102393,0.,2.094395102393,4.188790204786,
6.28318530718,8.377580409573),.UNSPECIFIED.) CURVE() 
GEOMETRIC_REPRESENTATION_ITEM() RATIONAL_B_SPLINE_CURVE((1.,0.5,1.,0.5,
1.,0.5,1.)) REPRESENTATION_ITEM('') );
#1583 = CARTESIAN_POINT('',(-1.450691705997E+03,2.324533129361E+03));
#1584 = CARTESIAN_POINT('',(-1.435932216448E+03,2.333597205057E+03));
#1585 = CARTESIAN_POINT('',(-1.431612206082E+03,2.310013868488E+03));
#1586 = CARTESIAN_POINT('',(-1.427292195717E+03,2.286430531918E+03));
#1587 = CARTESIAN_POINT('',(-1.446371695632E+03,2.300949792791E+03));
#1588 = CARTESIAN_POINT('',(-1.465451195547E+03,2.315469053664E+03));
#1589 = CARTESIAN_POINT('',(-1.450691705997E+03,2.324533129361E+03));
#1590 = ( GEOMETRIC_REPRESENTATION_CONTEXT(2) 
PARAMETRIC_REPRESENTATION_CONTEXT() REPRESENTATION_CONTEXT('2D SPACE',''
  ) );
#1591 = ORIENTED_EDGE('',*,*,#1592,.F.);
#1592 = EDGE_CURVE('',#1593,#1556,#1595,.T.);
#1593 = VERTEX_POINT('',#1594);
#1594 = CARTESIAN_POINT('',(3.39397523872E+04,9.951382346407E+03,
    5.45E+03));
#1595 = SURFACE_CURVE('',#1596,(#1601,#1608),.PCURVE_S1.);
#1596 = CIRCLE('',#1597,10.);
#1597 = AXIS2_PLACEMENT_3D('',#1598,#1599,#1600);
#1598 = CARTESIAN_POINT('',(3.394841263612E+04,9.951391755556E+03,
    5.455E+03));
#1599 = DIRECTION('',(-0.388048518651,0.631878886237,0.670930264856));
#1600 = DIRECTION('',(0.,0.727975165996,-0.685603498892));
#1601 = PCURVE('',#644,#1602);
#1602 = DEFINITIONAL_REPRESENTATION('',(#1603),#1607);
#1603 = LINE('',#1604,#1605);
#1604 = CARTESIAN_POINT('',(-0.,1.778128163969E+03));
#1605 = VECTOR('',#1606,1.);
#1606 = DIRECTION('',(-1.,0.));
#1607 = ( GEOMETRIC_REPRESENTATION_CONTEXT(2) 
PARAMETRIC_REPRESENTATION_CONTEXT() REPRESENTATION_CONTEXT('2D SPACE',''
  ) );
#1608 = PCURVE('',#1609,#1614);
#1609 = PLANE('',#1610);
#1610 = AXIS2_PLACEMENT_3D('',#1611,#1612,#1613);
#1611 = CARTESIAN_POINT('',(3.394841263612E+04,9.951391755556E+03,
    5.455E+03));
#1612 = DIRECTION('',(0.388048518651,-0.631878886237,-0.670930264856));
#1613 = DIRECTION('',(-0.,-0.727975165996,0.685603498892));
#1614 = DEFINITIONAL_REPRESENTATION('',(#1615),#1623);
#1615 = ( BOUNDED_CURVE() B_SPLINE_CURVE(2,(#1616,#1617,#1618,#1619,
#1620,#1621,#1622),.UNSPECIFIED.,.T.,.F.) B_SPLINE_CURVE_WITH_KNOTS((1,2
    ,2,2,2,1),(-2.094395102393,0.,2.094395102393,4.188790204786,
6.28318530718,8.377580409573),.UNSPECIFIED.) CURVE() 
GEOMETRIC_REPRESENTATION_ITEM() RATIONAL_B_SPLINE_CURVE((1.,0.5,1.,0.5,
1.,0.5,1.)) REPRESENTATION_ITEM('') );
#1616 = CARTESIAN_POINT('',(-10.,0.));
#1617 = CARTESIAN_POINT('',(-10.,17.320508075691));
#1618 = CARTESIAN_POINT('',(5.000000000001,8.660254037845));
#1619 = CARTESIAN_POINT('',(20.000000000002,2.449293598295E-15));
#1620 = CARTESIAN_POINT('',(5.000000000001,-8.660254037845));
#1621 = CARTESIAN_POINT('',(-10.,-17.32050807569));
#1622 = CARTESIAN_POINT('',(-10.,0.));
#1623 = ( GEOMETRIC_REPRESENTATION_CONTEXT(2) 
PARAMETRIC_REPRESENTATION_CONTEXT() REPRESENTATION_CONTEXT('2D SPACE',''
  ) );
#1624 = ORIENTED_EDGE('',*,*,#1625,.T.);
#1625 = EDGE_CURVE('',#1593,#1526,#1626,.T.);
#1626 = SURFACE_CURVE('',#1627,(#1632,#1645),.PCURVE_S1.);
#1627 = ELLIPSE('',#1628,14.904678658581,10.);
#1628 = AXIS2_PLACEMENT_3D('',#1629,#1630,#1631);
#1629 = CARTESIAN_POINT('',(3.395130450536E+04,9.946682779681E+03,
    5.45E+03));
#1630 = DIRECTION('',(0.,0.,-1.));
#1631 = DIRECTION('',(0.523314654329,-0.852139526465,-0.));
#1632 = PCURVE('',#644,#1633);
#1633 = DEFINITIONAL_REPRESENTATION('',(#1634),#1644);
#1634 = B_SPLINE_CURVE_WITH_KNOTS('',8,(#1635,#1636,#1637,#1638,#1639,
    #1640,#1641,#1642,#1643),.UNSPECIFIED.,.F.,.F.,(9,9),(2.310799400645
    ,3.532427102853),.PIECEWISE_BEZIER_KNOTS.);
#1635 = CARTESIAN_POINT('',(-1.221627702208,1.778128164569E+03));
#1636 = CARTESIAN_POINT('',(-1.068924239432,1.776881856443E+03));
#1637 = CARTESIAN_POINT('',(-0.916220776656,1.775834149698E+03));
#1638 = CARTESIAN_POINT('',(-0.763517313882,1.775029329222E+03));
#1639 = CARTESIAN_POINT('',(-0.610813851097,1.774501799347E+03));
#1640 = CARTESIAN_POINT('',(-0.458110388332,1.774272783724E+03));
#1641 = CARTESIAN_POINT('',(-0.305406925549,1.774348236313E+03));
#1642 = CARTESIAN_POINT('',(-0.152703462776,1.774718858055E+03));
#1643 = CARTESIAN_POINT('',(-3.637978807092E-13,1.77536180346E+03));
#1644 = ( GEOMETRIC_REPRESENTATION_CONTEXT(2) 
PARAMETRIC_REPRESENTATION_CONTEXT() REPRESENTATION_CONTEXT('2D SPACE',''
  ) );
#1645 = PCURVE('',#1576,#1646);
#1646 = DEFINITIONAL_REPRESENTATION('',(#1647),#1655);
#1647 = ( BOUNDED_CURVE() B_SPLINE_CURVE(2,(#1648,#1649,#1650,#1651,
#1652,#1653,#1654),.UNSPECIFIED.,.T.,.F.) B_SPLINE_CURVE_WITH_KNOTS((1,2
    ,2,2,2,1),(-2.094395102393,0.,2.094395102393,4.188790204786,
6.28318530718,8.377580409573),.UNSPECIFIED.) CURVE() 
GEOMETRIC_REPRESENTATION_ITEM() RATIONAL_B_SPLINE_CURVE((1.,0.5,1.,0.5,
1.,0.5,1.)) REPRESENTATION_ITEM('') );
#1648 = CARTESIAN_POINT('',(-1.450691705997E+03,2.324533129361E+03));
#1649 = CARTESIAN_POINT('',(-1.435932216448E+03,2.333597205057E+03));
#1650 = CARTESIAN_POINT('',(-1.431612206082E+03,2.310013868488E+03));
#1651 = CARTESIAN_POINT('',(-1.427292195717E+03,2.286430531918E+03));
#1652 = CARTESIAN_POINT('',(-1.446371695632E+03,2.300949792791E+03));
#1653 = CARTESIAN_POINT('',(-1.465451195547E+03,2.315469053664E+03));
#1654 = CARTESIAN_POINT('',(-1.450691705997E+03,2.324533129361E+03));
#1655 = ( GEOMETRIC_REPRESENTATION_CONTEXT(2) 
PARAMETRIC_REPRESENTATION_CONTEXT() REPRESENTATION_CONTEXT('2D SPACE',''
  ) );
#1656 = ADVANCED_FACE('',(#1657),#827,.F.);
#1657 = FACE_BOUND('',#1658,.T.);
#1658 = EDGE_LOOP('',(#1659,#1682,#1703));
#1659 = ORIENTED_EDGE('',*,*,#1660,.F.);
#1660 = EDGE_CURVE('',#1661,#806,#1663,.T.);
#1661 = VERTEX_POINT('',#1662);
#1662 = CARTESIAN_POINT('',(3.325841263612E+04,1.107495339939E+04,
    6.648E+03));
#1663 = SURFACE_CURVE('',#1664,(#1668,#1675),.PCURVE_S1.);
#1664 = LINE('',#1665,#1666);
#1665 = CARTESIAN_POINT('',(3.325841263612E+04,1.107495339939E+04,
    6.648E+03));
#1666 = VECTOR('',#1667,1.);
#1667 = DIRECTION('',(-0.,0.727975165996,0.685603498892));
#1668 = PCURVE('',#827,#1669);
#1669 = DEFINITIONAL_REPRESENTATION('',(#1670),#1674);
#1670 = LINE('',#1671,#1672);
#1671 = CARTESIAN_POINT('',(-0.,0.));
#1672 = VECTOR('',#1673,1.);
#1673 = DIRECTION('',(-1.,-2.775557561563E-17));
#1674 = ( GEOMETRIC_REPRESENTATION_CONTEXT(2) 
PARAMETRIC_REPRESENTATION_CONTEXT() REPRESENTATION_CONTEXT('2D SPACE',''
  ) );
#1675 = PCURVE('',#936,#1676);
#1676 = DEFINITIONAL_REPRESENTATION('',(#1677),#1681);
#1677 = LINE('',#1678,#1679);
#1678 = CARTESIAN_POINT('',(-0.,0.));
#1679 = VECTOR('',#1680,1.);
#1680 = DIRECTION('',(-1.,2.775557561563E-17));
#1681 = ( GEOMETRIC_REPRESENTATION_CONTEXT(2) 
PARAMETRIC_REPRESENTATION_CONTEXT() REPRESENTATION_CONTEXT('2D SPACE',''
  ) );
#1682 = ORIENTED_EDGE('',*,*,#1683,.T.);
#1683 = EDGE_CURVE('',#1661,#804,#1684,.T.);
#1684 = SURFACE_CURVE('',#1685,(#1689,#1696),.PCURVE_S1.);
#1685 = LINE('',#1686,#1687);
#1686 = CARTESIAN_POINT('',(3.325841263612E+04,1.107495339939E+04,
    6.648E+03));
#1687 = VECTOR('',#1688,1.);
#1688 = DIRECTION('',(0.865641477139,-0.,0.50066439164));
#1689 = PCURVE('',#827,#1690);
#1690 = DEFINITIONAL_REPRESENTATION('',(#1691),#1695);
#1691 = LINE('',#1692,#1693);
#1692 = CARTESIAN_POINT('',(-0.,0.));
#1693 = VECTOR('',#1694,1.);
#1694 = DIRECTION('',(-0.343257258679,-0.939241424962));
#1695 = ( GEOMETRIC_REPRESENTATION_CONTEXT(2) 
PARAMETRIC_REPRESENTATION_CONTEXT() REPRESENTATION_CONTEXT('2D SPACE',''
  ) );
#1696 = PCURVE('',#864,#1697);
#1697 = DEFINITIONAL_REPRESENTATION('',(#1698),#1702);
#1698 = LINE('',#1699,#1700);
#1699 = CARTESIAN_POINT('',(-0.,-0.));
#1700 = VECTOR('',#1701,1.);
#1701 = DIRECTION('',(0.343257258679,-0.939241424962));
#1702 = ( GEOMETRIC_REPRESENTATION_CONTEXT(2) 
PARAMETRIC_REPRESENTATION_CONTEXT() REPRESENTATION_CONTEXT('2D SPACE',''
  ) );
#1703 = ORIENTED_EDGE('',*,*,#803,.T.);
#1704 = ADVANCED_FACE('',(#1705),#864,.F.);
#1705 = FACE_BOUND('',#1706,.T.);
#1706 = EDGE_LOOP('',(#1707,#1728,#1729));
#1707 = ORIENTED_EDGE('',*,*,#1708,.F.);
#1708 = EDGE_CURVE('',#843,#1661,#1709,.T.);
#1709 = SURFACE_CURVE('',#1710,(#1714,#1721),.PCURVE_S1.);
#1710 = LINE('',#1711,#1712);
#1711 = CARTESIAN_POINT('',(3.325841263612E+04,1.107495339939E+04,
    6.648E+03));
#1712 = VECTOR('',#1713,1.);
#1713 = DIRECTION('',(0.,0.727975165996,-0.685603498892));
#1714 = PCURVE('',#864,#1715);
#1715 = DEFINITIONAL_REPRESENTATION('',(#1716),#1720);
#1716 = LINE('',#1717,#1718);
#1717 = CARTESIAN_POINT('',(-0.,-0.));
#1718 = VECTOR('',#1719,1.);
#1719 = DIRECTION('',(-1.,2.775557561563E-17));
#1720 = ( GEOMETRIC_REPRESENTATION_CONTEXT(2) 
PARAMETRIC_REPRESENTATION_CONTEXT() REPRESENTATION_CONTEXT('2D SPACE',''
  ) );
#1721 = PCURVE('',#901,#1722);
#1722 = DEFINITIONAL_REPRESENTATION('',(#1723),#1727);
#1723 = LINE('',#1724,#1725);
#1724 = CARTESIAN_POINT('',(-0.,0.));
#1725 = VECTOR('',#1726,1.);
#1726 = DIRECTION('',(-1.,-2.775557561563E-17));
#1727 = ( GEOMETRIC_REPRESENTATION_CONTEXT(2) 
PARAMETRIC_REPRESENTATION_CONTEXT() REPRESENTATION_CONTEXT('2D SPACE',''
  ) );
#1728 = ORIENTED_EDGE('',*,*,#842,.T.);
#1729 = ORIENTED_EDGE('',*,*,#1683,.F.);
#1730 = ADVANCED_FACE('',(#1731),#901,.F.);
#1731 = FACE_BOUND('',#1732,.T.);
#1732 = EDGE_LOOP('',(#1733,#1754,#1755));
#1733 = ORIENTED_EDGE('',*,*,#1734,.F.);
#1734 = EDGE_CURVE('',#880,#1661,#1735,.T.);
#1735 = SURFACE_CURVE('',#1736,(#1740,#1747),.PCURVE_S1.);
#1736 = LINE('',#1737,#1738);
#1737 = CARTESIAN_POINT('',(3.325841263612E+04,1.107495339939E+04,
    6.648E+03));
#1738 = VECTOR('',#1739,1.);
#1739 = DIRECTION('',(0.865641477139,-0.,-0.50066439164));
#1740 = PCURVE('',#901,#1741);
#1741 = DEFINITIONAL_REPRESENTATION('',(#1742),#1746);
#1742 = LINE('',#1743,#1744);
#1743 = CARTESIAN_POINT('',(-0.,0.));
#1744 = VECTOR('',#1745,1.);
#1745 = DIRECTION('',(-0.343257258679,-0.939241424962));
#1746 = ( GEOMETRIC_REPRESENTATION_CONTEXT(2) 
PARAMETRIC_REPRESENTATION_CONTEXT() REPRESENTATION_CONTEXT('2D SPACE',''
  ) );
#1747 = PCURVE('',#936,#1748);
#1748 = DEFINITIONAL_REPRESENTATION('',(#1749),#1753);
#1749 = LINE('',#1750,#1751);
#1750 = CARTESIAN_POINT('',(-0.,0.));
#1751 = VECTOR('',#1752,1.);
#1752 = DIRECTION('',(0.343257258679,-0.939241424962));
#1753 = ( GEOMETRIC_REPRESENTATION_CONTEXT(2) 
PARAMETRIC_REPRESENTATION_CONTEXT() REPRESENTATION_CONTEXT('2D SPACE',''
  ) );
#1754 = ORIENTED_EDGE('',*,*,#879,.T.);
#1755 = ORIENTED_EDGE('',*,*,#1708,.T.);
#1756 = ADVANCED_FACE('',(#1757),#936,.F.);
#1757 = FACE_BOUND('',#1758,.T.);
#1758 = EDGE_LOOP('',(#1759,#1760,#1761));
#1759 = ORIENTED_EDGE('',*,*,#1734,.T.);
#1760 = ORIENTED_EDGE('',*,*,#1660,.T.);
#1761 = ORIENTED_EDGE('',*,*,#916,.T.);
#1762 = ADVANCED_FACE('',(#1763),#1374,.T.);
#1763 = FACE_BOUND('',#1764,.F.);
#1764 = EDGE_LOOP('',(#1765,#1766,#1767));
#1765 = ORIENTED_EDGE('',*,*,#1357,.T.);
#1766 = ORIENTED_EDGE('',*,*,#1429,.T.);
#1767 = ORIENTED_EDGE('',*,*,#1768,.F.);
#1768 = EDGE_CURVE('',#1358,#1391,#1769,.T.);
#1769 = SURFACE_CURVE('',#1770,(#1774,#1781),.PCURVE_S1.);
#1770 = LINE('',#1771,#1772);
#1771 = CARTESIAN_POINT('',(3.340984496229E+04,1.252395040937E+04,
    5.45E+03));
#1772 = VECTOR('',#1773,1.);
#1773 = DIRECTION('',(-0.852139526465,0.523314654329,0.));
#1774 = PCURVE('',#1374,#1775);
#1775 = DEFINITIONAL_REPRESENTATION('',(#1776),#1780);
#1776 = LINE('',#1777,#1778);
#1777 = CARTESIAN_POINT('',(-233.4808471923,584.35863202621));
#1778 = VECTOR('',#1779,1.);
#1779 = DIRECTION('',(-0.380960072353,0.924591489942));
#1780 = ( GEOMETRIC_REPRESENTATION_CONTEXT(2) 
PARAMETRIC_REPRESENTATION_CONTEXT() REPRESENTATION_CONTEXT('2D SPACE',''
  ) );
#1781 = PCURVE('',#1413,#1782);
#1782 = DEFINITIONAL_REPRESENTATION('',(#1783),#1787);
#1783 = LINE('',#1784,#1785);
#1784 = CARTESIAN_POINT('',(-901.4323261701,-265.43536614));
#1785 = VECTOR('',#1786,1.);
#1786 = DIRECTION('',(0.852139526465,-0.523314654329));
#1787 = ( GEOMETRIC_REPRESENTATION_CONTEXT(2) 
PARAMETRIC_REPRESENTATION_CONTEXT() REPRESENTATION_CONTEXT('2D SPACE',''
  ) );
#1788 = ADVANCED_FACE('',(#1789),#1413,.F.);
#1789 = FACE_BOUND('',#1790,.T.);
#1790 = EDGE_LOOP('',(#1791,#1792));
#1791 = ORIENTED_EDGE('',*,*,#1768,.F.);
#1792 = ORIENTED_EDGE('',*,*,#1390,.T.);
#1793 = ADVANCED_FACE('',(#1794),#1576,.F.);
#1794 = FACE_BOUND('',#1795,.T.);
#1795 = EDGE_LOOP('',(#1796,#1817,#1818));
#1796 = ORIENTED_EDGE('',*,*,#1797,.F.);
#1797 = EDGE_CURVE('',#1593,#1556,#1798,.T.);
#1798 = SURFACE_CURVE('',#1799,(#1803,#1810),.PCURVE_S1.);
#1799 = LINE('',#1800,#1801);
#1800 = CARTESIAN_POINT('',(3.393763901147E+04,9.950084483257E+03,
    5.45E+03));
#1801 = VECTOR('',#1802,1.);
#1802 = DIRECTION('',(0.852139526465,0.523314654329,-0.));
#1803 = PCURVE('',#1576,#1804);
#1804 = DEFINITIONAL_REPRESENTATION('',(#1805),#1809);
#1805 = LINE('',#1806,#1807);
#1806 = CARTESIAN_POINT('',(-1.429226375344E+03,2.30843055997E+03));
#1807 = VECTOR('',#1808,1.);
#1808 = DIRECTION('',(-0.852139526465,-0.523314654329));
#1809 = ( GEOMETRIC_REPRESENTATION_CONTEXT(2) 
PARAMETRIC_REPRESENTATION_CONTEXT() REPRESENTATION_CONTEXT('2D SPACE',''
  ) );
#1810 = PCURVE('',#1609,#1811);
#1811 = DEFINITIONAL_REPRESENTATION('',(#1812),#1816);
#1812 = LINE('',#1813,#1814);
#1813 = CARTESIAN_POINT('',(-2.476355725802,11.689636924139));
#1814 = VECTOR('',#1815,1.);
#1815 = DIRECTION('',(-0.380960072353,-0.924591489942));
#1816 = ( GEOMETRIC_REPRESENTATION_CONTEXT(2) 
PARAMETRIC_REPRESENTATION_CONTEXT() REPRESENTATION_CONTEXT('2D SPACE',''
  ) );
#1817 = ORIENTED_EDGE('',*,*,#1625,.T.);
#1818 = ORIENTED_EDGE('',*,*,#1555,.T.);
#1819 = ADVANCED_FACE('',(#1820),#1609,.T.);
#1820 = FACE_BOUND('',#1821,.F.);
#1821 = EDGE_LOOP('',(#1822,#1823));
#1822 = ORIENTED_EDGE('',*,*,#1797,.F.);
#1823 = ORIENTED_EDGE('',*,*,#1592,.T.);
#1824 = ( GEOMETRIC_REPRESENTATION_CONTEXT(3) 
GLOBAL_UNCERTAINTY_ASSIGNED_CONTEXT((#1828)) 
GLOBAL_UNIT_ASSIGNED_CONTEXT((#1825,#1826,#1827)) REPRESENTATION_CONTEXT
('Context #1','3D Context with UNIT and UNCERTAINTY') );
#1825 = ( LENGTH_UNIT() NAMED_UNIT(*) SI_UNIT(.MILLI.,.METRE.) );
#1826 = ( NAMED_UNIT(*) PLANE_ANGLE_UNIT() SI_UNIT($,.RADIAN.) );
#1827 = ( NAMED_UNIT(*) SI_UNIT($,.STERADIAN.) SOLID_ANGLE_UNIT() );
#1828 = UNCERTAINTY_MEASURE_WITH_UNIT(LENGTH_MEASURE(2.E-05),#1825,
  'distance_accuracy_value','confusion accuracy');
#1829 = PRODUCT_RELATED_PRODUCT_CATEGORY('part',$,(#7));
ENDSEC;
END-ISO-10303-21;
