ISO-10303-21;
HEADER;
FILE_DESCRIPTION(('Open CASCADE Model'),'2;1');
FILE_NAME('Open CASCADE Shape Model','2026-09-23T09:53:46',('Author'),(
    'Open CASCADE'),'Open CASCADE STEP processor 7.9','Open CASCADE 7.9'
  ,'Unknown');
FILE_SCHEMA(('AUTOMOTIVE_DESIGN { 1 0 10303 214 1 1 1 1 }'));
ENDSEC;
DATA;
#1 = APPLICATION_PROTOCOL_DEFINITION('international standard',
  'automotive_design',2000,#2);
#2 = APPLICATION_CONTEXT(
  'core data for automotive mechanical design processes');
#3 = SHAPE_DEFINITION_REPRESENTATION(#4,#10);
#4 = PRODUCT_DEFINITION_SHAPE('','',#5);
#5 = PRODUCT_DEFINITION('design','',#6,#9);
#6 = PRODUCT_DEFINITION_FORMATION('','',#7);
#7 = PRODUCT('Open CASCADE STEP translator 7.9 98',
  'Open CASCADE STEP translator 7.9 98','',(#8));
#8 = PRODUCT_CONTEXT('',#2,'mechanical');
#9 = PRODUCT_DEFINITION_CONTEXT('part definition',#2,'design');
#10 = ADVANCED_BREP_SHAPE_REPRESENTATION('',(#11,#15),#1730);
#11 = AXIS2_PLACEMENT_3D('',#12,#13,#14);
#12 = CARTESIAN_POINT('',(0.,0.,0.));
#13 = DIRECTION('',(0.,0.,1.));
#14 = DIRECTION('',(1.,0.,-0.));
#15 = MANIFOLD_SOLID_BREP('',#16);
#16 = CLOSED_SHELL('',(#17,#137,#213,#262,#311,#373,#380,#956,#1656,
    #1687,#1693,#1724));
#17 = ADVANCED_FACE('',(#18),#32,.F.);
#18 = FACE_BOUND('',#19,.T.);
#19 = EDGE_LOOP('',(#20,#55,#83,#111));
#20 = ORIENTED_EDGE('',*,*,#21,.F.);
#21 = EDGE_CURVE('',#22,#24,#26,.T.);
#22 = VERTEX_POINT('',#23);
#23 = CARTESIAN_POINT('',(3.310841263612E+04,1.114995339939E+04,7.E+03)
  );
#24 = VERTEX_POINT('',#25);
#25 = CARTESIAN_POINT('',(3.310841263612E+04,1.114995339939E+04,7.35E+03
    ));
#26 = SURFACE_CURVE('',#27,(#31,#43),.PCURVE_S1.);
#27 = LINE('',#28,#29);
#28 = CARTESIAN_POINT('',(3.310841263612E+04,1.114995339939E+04,7.E+03)
  );
#29 = VECTOR('',#30,1.);
#30 = DIRECTION('',(-0.,-0.,1.));
#31 = PCURVE('',#32,#37);
#32 = PLANE('',#33);
#33 = AXIS2_PLACEMENT_3D('',#34,#35,#36);
#34 = CARTESIAN_POINT('',(3.310841263612E+04,1.114995339939E+04,7.E+03)
  );
#35 = DIRECTION('',(1.,-0.,-0.));
#36 = DIRECTION('',(0.,0.,-1.));
#37 = DEFINITIONAL_REPRESENTATION('',(#38),#42);
#38 = LINE('',#39,#40);
#39 = CARTESIAN_POINT('',(-0.,0.));
#40 = VECTOR('',#41,1.);
#41 = DIRECTION('',(-1.,0.));
#42 = ( GEOMETRIC_REPRESENTATION_CONTEXT(2) 
PARAMETRIC_REPRESENTATION_CONTEXT() REPRESENTATION_CONTEXT('2D SPACE',''
  ) );
#43 = PCURVE('',#44,#49);
#44 = PLANE('',#45);
#45 = AXIS2_PLACEMENT_3D('',#46,#47,#48);
#46 = CARTESIAN_POINT('',(3.310841263612E+04,1.114995339939E+04,7.E+03)
  );
#47 = DIRECTION('',(-0.,-1.,-0.));
#48 = DIRECTION('',(0.,0.,-1.));
#49 = DEFINITIONAL_REPRESENTATION('',(#50),#54);
#50 = LINE('',#51,#52);
#51 = CARTESIAN_POINT('',(-0.,0.));
#52 = VECTOR('',#53,1.);
#53 = DIRECTION('',(-1.,0.));
#54 = ( GEOMETRIC_REPRESENTATION_CONTEXT(2) 
PARAMETRIC_REPRESENTATION_CONTEXT() REPRESENTATION_CONTEXT('2D SPACE',''
  ) );
#55 = ORIENTED_EDGE('',*,*,#56,.T.);
#56 = EDGE_CURVE('',#22,#57,#59,.T.);
#57 = VERTEX_POINT('',#58);
#58 = CARTESIAN_POINT('',(3.310841263612E+04,1.099995339939E+04,7.E+03)
  );
#59 = SURFACE_CURVE('',#60,(#64,#71),.PCURVE_S1.);
#60 = LINE('',#61,#62);
#61 = CARTESIAN_POINT('',(3.310841263612E+04,1.114995339939E+04,7.E+03)
  );
#62 = VECTOR('',#63,1.);
#63 = DIRECTION('',(-0.,-1.,-0.));
#64 = PCURVE('',#32,#65);
#65 = DEFINITIONAL_REPRESENTATION('',(#66),#70);
#66 = LINE('',#67,#68);
#67 = CARTESIAN_POINT('',(-0.,0.));
#68 = VECTOR('',#69,1.);
#69 = DIRECTION('',(-0.,-1.));
#70 = ( GEOMETRIC_REPRESENTATION_CONTEXT(2) 
PARAMETRIC_REPRESENTATION_CONTEXT() REPRESENTATION_CONTEXT('2D SPACE',''
  ) );
#71 = PCURVE('',#72,#77);
#72 = PLANE('',#73);
#73 = AXIS2_PLACEMENT_3D('',#74,#75,#76);
#74 = CARTESIAN_POINT('',(3.310841263612E+04,1.114995339939E+04,7.E+03)
  );
#75 = DIRECTION('',(-0.,-0.,1.));
#76 = DIRECTION('',(-1.,0.,0.));
#77 = DEFINITIONAL_REPRESENTATION('',(#78),#82);
#78 = LINE('',#79,#80);
#79 = CARTESIAN_POINT('',(-0.,-0.));
#80 = VECTOR('',#81,1.);
#81 = DIRECTION('',(-0.,1.));
#82 = ( GEOMETRIC_REPRESENTATION_CONTEXT(2) 
PARAMETRIC_REPRESENTATION_CONTEXT() REPRESENTATION_CONTEXT('2D SPACE',''
  ) );
#83 = ORIENTED_EDGE('',*,*,#84,.T.);
#84 = EDGE_CURVE('',#57,#85,#87,.T.);
#85 = VERTEX_POINT('',#86);
#86 = CARTESIAN_POINT('',(3.310841263612E+04,1.099995339939E+04,7.35E+03
    ));
#87 = SURFACE_CURVE('',#88,(#92,#99),.PCURVE_S1.);
#88 = LINE('',#89,#90);
#89 = CARTESIAN_POINT('',(3.310841263612E+04,1.099995339939E+04,7.E+03)
  );
#90 = VECTOR('',#91,1.);
#91 = DIRECTION('',(-0.,-0.,1.));
#92 = PCURVE('',#32,#93);
#93 = DEFINITIONAL_REPRESENTATION('',(#94),#98);
#94 = LINE('',#95,#96);
#95 = CARTESIAN_POINT('',(-0.,-150.));
#96 = VECTOR('',#97,1.);
#97 = DIRECTION('',(-1.,0.));
#98 = ( GEOMETRIC_REPRESENTATION_CONTEXT(2) 
PARAMETRIC_REPRESENTATION_CONTEXT() REPRESENTATION_CONTEXT('2D SPACE',''
  ) );
#99 = PCURVE('',#100,#105);
#100 = PLANE('',#101);
#101 = AXIS2_PLACEMENT_3D('',#102,#103,#104);
#102 = CARTESIAN_POINT('',(3.310841263612E+04,1.099995339939E+04,7.E+03)
  );
#103 = DIRECTION('',(-0.,-1.,-0.));
#104 = DIRECTION('',(0.,0.,-1.));
#105 = DEFINITIONAL_REPRESENTATION('',(#106),#110);
#106 = LINE('',#107,#108);
#107 = CARTESIAN_POINT('',(-0.,0.));
#108 = VECTOR('',#109,1.);
#109 = DIRECTION('',(-1.,0.));
#110 = ( GEOMETRIC_REPRESENTATION_CONTEXT(2) 
PARAMETRIC_REPRESENTATION_CONTEXT() REPRESENTATION_CONTEXT('2D SPACE',''
  ) );
#111 = ORIENTED_EDGE('',*,*,#112,.F.);
#112 = EDGE_CURVE('',#24,#85,#113,.T.);
#113 = SURFACE_CURVE('',#114,(#118,#125),.PCURVE_S1.);
#114 = LINE('',#115,#116);
#115 = CARTESIAN_POINT('',(3.310841263612E+04,1.114995339939E+04,
    7.35E+03));
#116 = VECTOR('',#117,1.);
#117 = DIRECTION('',(-0.,-1.,-0.));
#118 = PCURVE('',#32,#119);
#119 = DEFINITIONAL_REPRESENTATION('',(#120),#124);
#120 = LINE('',#121,#122);
#121 = CARTESIAN_POINT('',(-350.,0.));
#122 = VECTOR('',#123,1.);
#123 = DIRECTION('',(-0.,-1.));
#124 = ( GEOMETRIC_REPRESENTATION_CONTEXT(2) 
PARAMETRIC_REPRESENTATION_CONTEXT() REPRESENTATION_CONTEXT('2D SPACE',''
  ) );
#125 = PCURVE('',#126,#131);
#126 = PLANE('',#127);
#127 = AXIS2_PLACEMENT_3D('',#128,#129,#130);
#128 = CARTESIAN_POINT('',(3.310841263612E+04,1.114995339939E+04,
    7.35E+03));
#129 = DIRECTION('',(-0.,-0.,1.));
#130 = DIRECTION('',(-1.,0.,0.));
#131 = DEFINITIONAL_REPRESENTATION('',(#132),#136);
#132 = LINE('',#133,#134);
#133 = CARTESIAN_POINT('',(-0.,-0.));
#134 = VECTOR('',#135,1.);
#135 = DIRECTION('',(-0.,1.));
#136 = ( GEOMETRIC_REPRESENTATION_CONTEXT(2) 
PARAMETRIC_REPRESENTATION_CONTEXT() REPRESENTATION_CONTEXT('2D SPACE',''
  ) );
#137 = ADVANCED_FACE('',(#138),#44,.F.);
#138 = FACE_BOUND('',#139,.T.);
#139 = EDGE_LOOP('',(#140,#163,#164,#187));
#140 = ORIENTED_EDGE('',*,*,#141,.F.);
#141 = EDGE_CURVE('',#22,#142,#144,.T.);
#142 = VERTEX_POINT('',#143);
#143 = CARTESIAN_POINT('',(3.340841263612E+04,1.114995339939E+04,7.E+03)
  );
#144 = SURFACE_CURVE('',#145,(#149,#156),.PCURVE_S1.);
#145 = LINE('',#146,#147);
#146 = CARTESIAN_POINT('',(3.310841263612E+04,1.114995339939E+04,7.E+03)
  );
#147 = VECTOR('',#148,1.);
#148 = DIRECTION('',(1.,-0.,-0.));
#149 = PCURVE('',#44,#150);
#150 = DEFINITIONAL_REPRESENTATION('',(#151),#155);
#151 = LINE('',#152,#153);
#152 = CARTESIAN_POINT('',(-0.,0.));
#153 = VECTOR('',#154,1.);
#154 = DIRECTION('',(-0.,1.));
#155 = ( GEOMETRIC_REPRESENTATION_CONTEXT(2) 
PARAMETRIC_REPRESENTATION_CONTEXT() REPRESENTATION_CONTEXT('2D SPACE',''
  ) );
#156 = PCURVE('',#72,#157);
#157 = DEFINITIONAL_REPRESENTATION('',(#158),#162);
#158 = LINE('',#159,#160);
#159 = CARTESIAN_POINT('',(-0.,-0.));
#160 = VECTOR('',#161,1.);
#161 = DIRECTION('',(-1.,0.));
#162 = ( GEOMETRIC_REPRESENTATION_CONTEXT(2) 
PARAMETRIC_REPRESENTATION_CONTEXT() REPRESENTATION_CONTEXT('2D SPACE',''
  ) );
#163 = ORIENTED_EDGE('',*,*,#21,.T.);
#164 = ORIENTED_EDGE('',*,*,#165,.T.);
#165 = EDGE_CURVE('',#24,#166,#168,.T.);
#166 = VERTEX_POINT('',#167);
#167 = CARTESIAN_POINT('',(3.340841263612E+04,1.114995339939E+04,
    7.35E+03));
#168 = SURFACE_CURVE('',#169,(#173,#180),.PCURVE_S1.);
#169 = LINE('',#170,#171);
#170 = CARTESIAN_POINT('',(3.310841263612E+04,1.114995339939E+04,
    7.35E+03));
#171 = VECTOR('',#172,1.);
#172 = DIRECTION('',(1.,-0.,-0.));
#173 = PCURVE('',#44,#174);
#174 = DEFINITIONAL_REPRESENTATION('',(#175),#179);
#175 = LINE('',#176,#177);
#176 = CARTESIAN_POINT('',(-350.,0.));
#177 = VECTOR('',#178,1.);
#178 = DIRECTION('',(-0.,1.));
#179 = ( GEOMETRIC_REPRESENTATION_CONTEXT(2) 
PARAMETRIC_REPRESENTATION_CONTEXT() REPRESENTATION_CONTEXT('2D SPACE',''
  ) );
#180 = PCURVE('',#126,#181);
#181 = DEFINITIONAL_REPRESENTATION('',(#182),#186);
#182 = LINE('',#183,#184);
#183 = CARTESIAN_POINT('',(-0.,-0.));
#184 = VECTOR('',#185,1.);
#185 = DIRECTION('',(-1.,0.));
#186 = ( GEOMETRIC_REPRESENTATION_CONTEXT(2) 
PARAMETRIC_REPRESENTATION_CONTEXT() REPRESENTATION_CONTEXT('2D SPACE',''
  ) );
#187 = ORIENTED_EDGE('',*,*,#188,.F.);
#188 = EDGE_CURVE('',#142,#166,#189,.T.);
#189 = SURFACE_CURVE('',#190,(#194,#201),.PCURVE_S1.);
#190 = LINE('',#191,#192);
#191 = CARTESIAN_POINT('',(3.340841263612E+04,1.114995339939E+04,7.E+03)
  );
#192 = VECTOR('',#193,1.);
#193 = DIRECTION('',(-0.,-0.,1.));
#194 = PCURVE('',#44,#195);
#195 = DEFINITIONAL_REPRESENTATION('',(#196),#200);
#196 = LINE('',#197,#198);
#197 = CARTESIAN_POINT('',(-0.,300.));
#198 = VECTOR('',#199,1.);
#199 = DIRECTION('',(-1.,0.));
#200 = ( GEOMETRIC_REPRESENTATION_CONTEXT(2) 
PARAMETRIC_REPRESENTATION_CONTEXT() REPRESENTATION_CONTEXT('2D SPACE',''
  ) );
#201 = PCURVE('',#202,#207);
#202 = PLANE('',#203);
#203 = AXIS2_PLACEMENT_3D('',#204,#205,#206);
#204 = CARTESIAN_POINT('',(3.340841263612E+04,1.114995339939E+04,7.E+03)
  );
#205 = DIRECTION('',(1.,-0.,-0.));
#206 = DIRECTION('',(0.,0.,-1.));
#207 = DEFINITIONAL_REPRESENTATION('',(#208),#212);
#208 = LINE('',#209,#210);
#209 = CARTESIAN_POINT('',(-0.,0.));
#210 = VECTOR('',#211,1.);
#211 = DIRECTION('',(-1.,0.));
#212 = ( GEOMETRIC_REPRESENTATION_CONTEXT(2) 
PARAMETRIC_REPRESENTATION_CONTEXT() REPRESENTATION_CONTEXT('2D SPACE',''
  ) );
#213 = ADVANCED_FACE('',(#214),#126,.T.);
#214 = FACE_BOUND('',#215,.F.);
#215 = EDGE_LOOP('',(#216,#217,#218,#241));
#216 = ORIENTED_EDGE('',*,*,#112,.F.);
#217 = ORIENTED_EDGE('',*,*,#165,.T.);
#218 = ORIENTED_EDGE('',*,*,#219,.T.);
#219 = EDGE_CURVE('',#166,#220,#222,.T.);
#220 = VERTEX_POINT('',#221);
#221 = CARTESIAN_POINT('',(3.340841263612E+04,1.099995339939E+04,
    7.35E+03));
#222 = SURFACE_CURVE('',#223,(#227,#234),.PCURVE_S1.);
#223 = LINE('',#224,#225);
#224 = CARTESIAN_POINT('',(3.340841263612E+04,1.114995339939E+04,
    7.35E+03));
#225 = VECTOR('',#226,1.);
#226 = DIRECTION('',(-0.,-1.,-0.));
#227 = PCURVE('',#126,#228);
#228 = DEFINITIONAL_REPRESENTATION('',(#229),#233);
#229 = LINE('',#230,#231);
#230 = CARTESIAN_POINT('',(-300.,-0.));
#231 = VECTOR('',#232,1.);
#232 = DIRECTION('',(-0.,1.));
#233 = ( GEOMETRIC_REPRESENTATION_CONTEXT(2) 
PARAMETRIC_REPRESENTATION_CONTEXT() REPRESENTATION_CONTEXT('2D SPACE',''
  ) );
#234 = PCURVE('',#202,#235);
#235 = DEFINITIONAL_REPRESENTATION('',(#236),#240);
#236 = LINE('',#237,#238);
#237 = CARTESIAN_POINT('',(-350.,0.));
#238 = VECTOR('',#239,1.);
#239 = DIRECTION('',(-0.,-1.));
#240 = ( GEOMETRIC_REPRESENTATION_CONTEXT(2) 
PARAMETRIC_REPRESENTATION_CONTEXT() REPRESENTATION_CONTEXT('2D SPACE',''
  ) );
#241 = ORIENTED_EDGE('',*,*,#242,.F.);
#242 = EDGE_CURVE('',#85,#220,#243,.T.);
#243 = SURFACE_CURVE('',#244,(#248,#255),.PCURVE_S1.);
#244 = LINE('',#245,#246);
#245 = CARTESIAN_POINT('',(3.310841263612E+04,1.099995339939E+04,
    7.35E+03));
#246 = VECTOR('',#247,1.);
#247 = DIRECTION('',(1.,-0.,-0.));
#248 = PCURVE('',#126,#249);
#249 = DEFINITIONAL_REPRESENTATION('',(#250),#254);
#250 = LINE('',#251,#252);
#251 = CARTESIAN_POINT('',(-0.,150.));
#252 = VECTOR('',#253,1.);
#253 = DIRECTION('',(-1.,0.));
#254 = ( GEOMETRIC_REPRESENTATION_CONTEXT(2) 
PARAMETRIC_REPRESENTATION_CONTEXT() REPRESENTATION_CONTEXT('2D SPACE',''
  ) );
#255 = PCURVE('',#100,#256);
#256 = DEFINITIONAL_REPRESENTATION('',(#257),#261);
#257 = LINE('',#258,#259);
#258 = CARTESIAN_POINT('',(-350.,0.));
#259 = VECTOR('',#260,1.);
#260 = DIRECTION('',(-0.,1.));
#261 = ( GEOMETRIC_REPRESENTATION_CONTEXT(2) 
PARAMETRIC_REPRESENTATION_CONTEXT() REPRESENTATION_CONTEXT('2D SPACE',''
  ) );
#262 = ADVANCED_FACE('',(#263),#100,.T.);
#263 = FACE_BOUND('',#264,.F.);
#264 = EDGE_LOOP('',(#265,#288,#289,#290));
#265 = ORIENTED_EDGE('',*,*,#266,.F.);
#266 = EDGE_CURVE('',#57,#267,#269,.T.);
#267 = VERTEX_POINT('',#268);
#268 = CARTESIAN_POINT('',(3.340841263612E+04,1.099995339939E+04,7.E+03)
  );
#269 = SURFACE_CURVE('',#270,(#274,#281),.PCURVE_S1.);
#270 = LINE('',#271,#272);
#271 = CARTESIAN_POINT('',(3.310841263612E+04,1.099995339939E+04,7.E+03)
  );
#272 = VECTOR('',#273,1.);
#273 = DIRECTION('',(1.,-0.,-0.));
#274 = PCURVE('',#100,#275);
#275 = DEFINITIONAL_REPRESENTATION('',(#276),#280);
#276 = LINE('',#277,#278);
#277 = CARTESIAN_POINT('',(-0.,0.));
#278 = VECTOR('',#279,1.);
#279 = DIRECTION('',(-0.,1.));
#280 = ( GEOMETRIC_REPRESENTATION_CONTEXT(2) 
PARAMETRIC_REPRESENTATION_CONTEXT() REPRESENTATION_CONTEXT('2D SPACE',''
  ) );
#281 = PCURVE('',#72,#282);
#282 = DEFINITIONAL_REPRESENTATION('',(#283),#287);
#283 = LINE('',#284,#285);
#284 = CARTESIAN_POINT('',(-0.,150.));
#285 = VECTOR('',#286,1.);
#286 = DIRECTION('',(-1.,0.));
#287 = ( GEOMETRIC_REPRESENTATION_CONTEXT(2) 
PARAMETRIC_REPRESENTATION_CONTEXT() REPRESENTATION_CONTEXT('2D SPACE',''
  ) );
#288 = ORIENTED_EDGE('',*,*,#84,.T.);
#289 = ORIENTED_EDGE('',*,*,#242,.T.);
#290 = ORIENTED_EDGE('',*,*,#291,.F.);
#291 = EDGE_CURVE('',#267,#220,#292,.T.);
#292 = SURFACE_CURVE('',#293,(#297,#304),.PCURVE_S1.);
#293 = LINE('',#294,#295);
#294 = CARTESIAN_POINT('',(3.340841263612E+04,1.099995339939E+04,7.E+03)
  );
#295 = VECTOR('',#296,1.);
#296 = DIRECTION('',(-0.,-0.,1.));
#297 = PCURVE('',#100,#298);
#298 = DEFINITIONAL_REPRESENTATION('',(#299),#303);
#299 = LINE('',#300,#301);
#300 = CARTESIAN_POINT('',(-0.,300.));
#301 = VECTOR('',#302,1.);
#302 = DIRECTION('',(-1.,0.));
#303 = ( GEOMETRIC_REPRESENTATION_CONTEXT(2) 
PARAMETRIC_REPRESENTATION_CONTEXT() REPRESENTATION_CONTEXT('2D SPACE',''
  ) );
#304 = PCURVE('',#202,#305);
#305 = DEFINITIONAL_REPRESENTATION('',(#306),#310);
#306 = LINE('',#307,#308);
#307 = CARTESIAN_POINT('',(-0.,-150.));
#308 = VECTOR('',#309,1.);
#309 = DIRECTION('',(-1.,0.));
#310 = ( GEOMETRIC_REPRESENTATION_CONTEXT(2) 
PARAMETRIC_REPRESENTATION_CONTEXT() REPRESENTATION_CONTEXT('2D SPACE',''
  ) );
#311 = ADVANCED_FACE('',(#312,#338),#72,.F.);
#312 = FACE_BOUND('',#313,.T.);
#313 = EDGE_LOOP('',(#314,#315,#316,#337));
#314 = ORIENTED_EDGE('',*,*,#56,.F.);
#315 = ORIENTED_EDGE('',*,*,#141,.T.);
#316 = ORIENTED_EDGE('',*,*,#317,.T.);
#317 = EDGE_CURVE('',#142,#267,#318,.T.);
#318 = SURFACE_CURVE('',#319,(#323,#330),.PCURVE_S1.);
#319 = LINE('',#320,#321);
#320 = CARTESIAN_POINT('',(3.340841263612E+04,1.114995339939E+04,7.E+03)
  );
#321 = VECTOR('',#322,1.);
#322 = DIRECTION('',(-0.,-1.,-0.));
#323 = PCURVE('',#72,#324);
#324 = DEFINITIONAL_REPRESENTATION('',(#325),#329);
#325 = LINE('',#326,#327);
#326 = CARTESIAN_POINT('',(-300.,-0.));
#327 = VECTOR('',#328,1.);
#328 = DIRECTION('',(-0.,1.));
#329 = ( GEOMETRIC_REPRESENTATION_CONTEXT(2) 
PARAMETRIC_REPRESENTATION_CONTEXT() REPRESENTATION_CONTEXT('2D SPACE',''
  ) );
#330 = PCURVE('',#202,#331);
#331 = DEFINITIONAL_REPRESENTATION('',(#332),#336);
#332 = LINE('',#333,#334);
#333 = CARTESIAN_POINT('',(-0.,0.));
#334 = VECTOR('',#335,1.);
#335 = DIRECTION('',(-0.,-1.));
#336 = ( GEOMETRIC_REPRESENTATION_CONTEXT(2) 
PARAMETRIC_REPRESENTATION_CONTEXT() REPRESENTATION_CONTEXT('2D SPACE',''
  ) );
#337 = ORIENTED_EDGE('',*,*,#266,.F.);
#338 = FACE_BOUND('',#339,.T.);
#339 = EDGE_LOOP('',(#340));
#340 = ORIENTED_EDGE('',*,*,#341,.F.);
#341 = EDGE_CURVE('',#342,#342,#344,.T.);
#342 = VERTEX_POINT('',#343);
#343 = CARTESIAN_POINT('',(3.328841263612E+04,1.107495339939E+04,7.E+03)
  );
#344 = SURFACE_CURVE('',#345,(#350,#361),.PCURVE_S1.);
#345 = CIRCLE('',#346,30.);
#346 = AXIS2_PLACEMENT_3D('',#347,#348,#349);
#347 = CARTESIAN_POINT('',(3.325841263612E+04,1.107495339939E+04,7.E+03)
  );
#348 = DIRECTION('',(0.,0.,-1.));
#349 = DIRECTION('',(1.,-0.,-0.));
#350 = PCURVE('',#72,#351);
#351 = DEFINITIONAL_REPRESENTATION('',(#352),#360);
#352 = ( BOUNDED_CURVE() B_SPLINE_CURVE(2,(#353,#354,#355,#356,#357,#358
,#359),.UNSPECIFIED.,.T.,.F.) B_SPLINE_CURVE_WITH_KNOTS((1,2,2,2,2,1),(
    -2.094395102393,0.,2.094395102393,4.188790204786,6.28318530718,
8.377580409573),.UNSPECIFIED.) CURVE() GEOMETRIC_REPRESENTATION_ITEM() 
RATIONAL_B_SPLINE_CURVE((1.,0.5,1.,0.5,1.,0.5,1.)) REPRESENTATION_ITEM(
  '') );
#353 = CARTESIAN_POINT('',(-180.,75.));
#354 = CARTESIAN_POINT('',(-180.,126.96152422706));
#355 = CARTESIAN_POINT('',(-135.,100.98076211353));
#356 = CARTESIAN_POINT('',(-90.,75.));
#357 = CARTESIAN_POINT('',(-135.,49.019237886467));
#358 = CARTESIAN_POINT('',(-180.,23.038475772934));
#359 = CARTESIAN_POINT('',(-180.,75.));
#360 = ( GEOMETRIC_REPRESENTATION_CONTEXT(2) 
PARAMETRIC_REPRESENTATION_CONTEXT() REPRESENTATION_CONTEXT('2D SPACE',''
  ) );
#361 = PCURVE('',#362,#367);
#362 = CYLINDRICAL_SURFACE('',#363,30.);
#363 = AXIS2_PLACEMENT_3D('',#364,#365,#366);
#364 = CARTESIAN_POINT('',(3.325841263612E+04,1.107495339939E+04,6.9E+03
    ));
#365 = DIRECTION('',(-0.,-0.,1.));
#366 = DIRECTION('',(1.,-0.,-0.));
#367 = DEFINITIONAL_REPRESENTATION('',(#368),#372);
#368 = LINE('',#369,#370);
#369 = CARTESIAN_POINT('',(-0.,100.));
#370 = VECTOR('',#371,1.);
#371 = DIRECTION('',(-1.,0.));
#372 = ( GEOMETRIC_REPRESENTATION_CONTEXT(2) 
PARAMETRIC_REPRESENTATION_CONTEXT() REPRESENTATION_CONTEXT('2D SPACE',''
  ) );
#373 = ADVANCED_FACE('',(#374),#202,.T.);
#374 = FACE_BOUND('',#375,.F.);
#375 = EDGE_LOOP('',(#376,#377,#378,#379));
#376 = ORIENTED_EDGE('',*,*,#188,.F.);
#377 = ORIENTED_EDGE('',*,*,#317,.T.);
#378 = ORIENTED_EDGE('',*,*,#291,.T.);
#379 = ORIENTED_EDGE('',*,*,#219,.F.);
#380 = ADVANCED_FACE('',(#381),#362,.T.);
#381 = FACE_BOUND('',#382,.F.);
#382 = EDGE_LOOP('',(#383,#406,#407,#408,#538,#663,#818));
#383 = ORIENTED_EDGE('',*,*,#384,.T.);
#384 = EDGE_CURVE('',#385,#342,#387,.T.);
#385 = VERTEX_POINT('',#386);
#386 = CARTESIAN_POINT('',(3.328841263612E+04,1.107495339939E+04,
    6.946969384567E+03));
#387 = SEAM_CURVE('',#388,(#392,#399),.PCURVE_S1.);
#388 = LINE('',#389,#390);
#389 = CARTESIAN_POINT('',(3.328841263612E+04,1.107495339939E+04,6.9E+03
    ));
#390 = VECTOR('',#391,1.);
#391 = DIRECTION('',(-0.,-0.,1.));
#392 = PCURVE('',#362,#393);
#393 = DEFINITIONAL_REPRESENTATION('',(#394),#398);
#394 = LINE('',#395,#396);
#395 = CARTESIAN_POINT('',(-6.28318530718,-0.));
#396 = VECTOR('',#397,1.);
#397 = DIRECTION('',(-0.,1.));
#398 = ( GEOMETRIC_REPRESENTATION_CONTEXT(2) 
PARAMETRIC_REPRESENTATION_CONTEXT() REPRESENTATION_CONTEXT('2D SPACE',''
  ) );
#399 = PCURVE('',#362,#400);
#400 = DEFINITIONAL_REPRESENTATION('',(#401),#405);
#401 = LINE('',#402,#403);
#402 = CARTESIAN_POINT('',(-0.,-0.));
#403 = VECTOR('',#404,1.);
#404 = DIRECTION('',(-0.,1.));
#405 = ( GEOMETRIC_REPRESENTATION_CONTEXT(2) 
PARAMETRIC_REPRESENTATION_CONTEXT() REPRESENTATION_CONTEXT('2D SPACE',''
  ) );
#406 = ORIENTED_EDGE('',*,*,#341,.F.);
#407 = ORIENTED_EDGE('',*,*,#384,.F.);
#408 = ORIENTED_EDGE('',*,*,#409,.T.);
#409 = EDGE_CURVE('',#385,#410,#412,.T.);
#410 = VERTEX_POINT('',#411);
#411 = CARTESIAN_POINT('',(3.325841263612E+04,1.104495339939E+04,
    6.92E+03));
#412 = SURFACE_CURVE('',#413,(#451,#492),.PCURVE_S1.);
#413 = B_SPLINE_CURVE_WITH_KNOTS('',6,(#414,#415,#416,#417,#418,#419,
    #420,#421,#422,#423,#424,#425,#426,#427,#428,#429,#430,#431,#432,
    #433,#434,#435,#436,#437,#438,#439,#440,#441,#442,#443,#444,#445,
    #446,#447,#448,#449,#450),.UNSPECIFIED.,.F.,.F.,(7,5,5,5,5,5,5,7),(
    0.,8.352436779736E-02,0.1746556421,0.297205094631,0.47425698317,
    0.594294250776,0.795663747394,1.),.UNSPECIFIED.);
#414 = CARTESIAN_POINT('',(3.328841263612E+04,1.107495339939E+04,
    6.946969384567E+03));
#415 = CARTESIAN_POINT('',(3.328841263612E+04,1.107407952536E+04,
    6.946969384567E+03));
#416 = CARTESIAN_POINT('',(3.328838208986E+04,1.107320558639E+04,
    6.946944443641E+03));
#417 = CARTESIAN_POINT('',(3.328832098903E+04,1.10723348465E+04,
    6.946894555055E+03));
#418 = CARTESIAN_POINT('',(3.328822985176E+04,1.107147031178E+04,
    6.946820109943E+03));
#419 = CARTESIAN_POINT('',(3.32881096134E+04,1.107061474982E+04,
    6.946721808979E+03));
#420 = CARTESIAN_POINT('',(3.328780004778E+04,1.106884977546E+04,
    6.946468413926E+03));
#421 = CARTESIAN_POINT('',(3.328760540754E+04,1.106794245298E+04,
    6.946308947984E+03));
#422 = CARTESIAN_POINT('',(3.32873793018E+04,1.106705190545E+04,
    6.946123472335E+03));
#423 = CARTESIAN_POINT('',(3.32871237829E+04,1.106618055304E+04,
    6.945913526965E+03));
#424 = CARTESIAN_POINT('',(3.328684104813E+04,1.106533021161E+04,
    6.945680758396E+03));
#425 = CARTESIAN_POINT('',(3.328611946027E+04,1.106338866579E+04,
    6.945085334916E+03));
#426 = CARTESIAN_POINT('',(3.328566040403E+04,1.106231553306E+04,
    6.944705579077E+03));
#427 = CARTESIAN_POINT('',(3.328516138049E+04,1.106128558066E+04,
    6.944291477319E+03));
#428 = CARTESIAN_POINT('',(3.328462755771E+04,1.106030003432E+04,
    6.943846887802E+03));
#429 = CARTESIAN_POINT('',(3.32840635527E+04,1.105935905114E+04,
    6.943375262137E+03));
#430 = CARTESIAN_POINT('',(3.32826203581E+04,1.105716595232E+04,
    6.942163168072E+03));
#431 = CARTESIAN_POINT('',(3.328171283816E+04,1.105596202205E+04,
    6.941396661262E+03));
#432 = CARTESIAN_POINT('',(3.328076205491E+04,1.105484765632E+04,
    6.940588376676E+03));
#433 = CARTESIAN_POINT('',(3.327977741859E+04,1.105381936274E+04,
    6.939745292282E+03));
#434 = CARTESIAN_POINT('',(3.327876628481E+04,1.105287285122E+04,
    6.938872898931E+03));
#435 = CARTESIAN_POINT('',(3.327703378616E+04,1.105141428116E+04,
    6.937366104487E+03));
#436 = CARTESIAN_POINT('',(3.327632408203E+04,1.105086057122E+04,
    6.936745634617E+03));
#437 = CARTESIAN_POINT('',(3.327560640164E+04,1.105034114354E+04,
    6.936114772484E+03));
#438 = CARTESIAN_POINT('',(3.327488222472E+04,1.10498547567E+04,
    6.935474610848E+03));
#439 = CARTESIAN_POINT('',(3.327415280588E+04,1.104940022196E+04,
    6.934826077866E+03));
#440 = CARTESIAN_POINT('',(3.327218847564E+04,1.104826545569E+04,
    6.933069204105E+03));
#441 = CARTESIAN_POINT('',(3.327094607377E+04,1.104764105395E+04,
    6.931947178158E+03));
#442 = CARTESIAN_POINT('',(3.326969678712E+04,1.104709783336E+04,
    6.930807371863E+03));
#443 = CARTESIAN_POINT('',(3.326844448391E+04,1.104663138728E+04,
    6.929652663996E+03));
#444 = CARTESIAN_POINT('',(3.326719220802E+04,1.104623778256E+04,
    6.9284853514E+03));
#445 = CARTESIAN_POINT('',(3.326467380151E+04,1.104558479647E+04,
    6.926111494998E+03));
#446 = CARTESIAN_POINT('',(3.326340788269E+04,1.104532751423E+04,
    6.924904762396E+03));
#447 = CARTESIAN_POINT('',(3.3262146908E+04,1.104513832916E+04,
    6.923688745676E+03));
#448 = CARTESIAN_POINT('',(3.32608929515E+04,1.10450144184E+04,
    6.922465060752E+03));
#449 = CARTESIAN_POINT('',(3.325964773238E+04,1.104495339928E+04,
    6.921235096258E+03));
#450 = CARTESIAN_POINT('',(3.325841263612E+04,1.104495339939E+04,
    6.92E+03));
#451 = PCURVE('',#362,#452);
#452 = DEFINITIONAL_REPRESENTATION('',(#453),#491);
#453 = B_SPLINE_CURVE_WITH_KNOTS('',6,(#454,#455,#456,#457,#458,#459,
    #460,#461,#462,#463,#464,#465,#466,#467,#468,#469,#470,#471,#472,
    #473,#474,#475,#476,#477,#478,#479,#480,#481,#482,#483,#484,#485,
    #486,#487,#488,#489,#490),.UNSPECIFIED.,.F.,.F.,(7,5,5,5,5,5,5,7),(
    0.,8.352436779736E-02,0.1746556421,0.297205094631,0.47425698317,
    0.594294250776,0.795663747394,1.),.UNSPECIFIED.);
#454 = CARTESIAN_POINT('',(0.,46.969384566991));
#455 = CARTESIAN_POINT('',(-2.91291342516E-02,46.969384566991));
#456 = CARTESIAN_POINT('',(-5.826043240535E-02,46.944443641121));
#457 = CARTESIAN_POINT('',(-8.732958956035E-02,46.894555055062));
#458 = CARTESIAN_POINT('',(-0.11628090074,46.820109943001));
#459 = CARTESIAN_POINT('',(-0.145063238353,46.721808979396));
#460 = CARTESIAN_POINT('',(-0.204793794197,46.468413926154));
#461 = CARTESIAN_POINT('',(-0.235703986698,46.308947984468));
#462 = CARTESIAN_POINT('',(-0.26629912551,46.12347233494));
#463 = CARTESIAN_POINT('',(-0.296537872236,45.913526964781));
#464 = CARTESIAN_POINT('',(-0.326390193748,45.680758395786));
#465 = CARTESIAN_POINT('',(-0.395433571661,45.085334916011));
#466 = CARTESIAN_POINT('',(-0.434294570476,44.705579077498));
#467 = CARTESIAN_POINT('',(-0.472382329528,44.291477319194));
#468 = CARTESIAN_POINT('',(-0.509689242325,43.846887801711));
#469 = CARTESIAN_POINT('',(-0.546225714043,43.375262137427));
#470 = CARTESIAN_POINT('',(-0.6337375743,42.163168072083));
#471 = CARTESIAN_POINT('',(-0.683890361868,41.396661262392));
#472 = CARTESIAN_POINT('',(-0.732590818738,40.588376676144));
#473 = CARTESIAN_POINT('',(-0.779937980299,39.745292281725));
#474 = CARTESIAN_POINT('',(-0.826041342004,38.87289893121));
#475 = CARTESIAN_POINT('',(-0.90153216704,37.366104487228));
#476 = CARTESIAN_POINT('',(-0.93151647727,36.745634616958));
#477 = CARTESIAN_POINT('',(-0.961019280768,36.114772483966));
#478 = CARTESIAN_POINT('',(-0.990071947683,35.474610848298));
#479 = CARTESIAN_POINT('',(-1.018704278413,34.826077866198));
#480 = CARTESIAN_POINT('',(-1.094322381775,33.069204104812));
#481 = CARTESIAN_POINT('',(-1.140593478029,31.947178157864));
#482 = CARTESIAN_POINT('',(-1.185900940335,30.807371863186));
#483 = CARTESIAN_POINT('',(-1.230354006487,29.652663996458));
#484 = CARTESIAN_POINT('',(-1.274053391653,28.485351399831));
#485 = CARTESIAN_POINT('',(-1.360776207873,26.111494998277));
#486 = CARTESIAN_POINT('',(-1.40377528017,24.904762395693));
#487 = CARTESIAN_POINT('',(-1.446195047836,23.68874567596));
#488 = CARTESIAN_POINT('',(-1.488119124305,22.465060751765));
#489 = CARTESIAN_POINT('',(-1.52962645661,21.235096258193));
#490 = CARTESIAN_POINT('',(-1.570796326795,20.));
#491 = ( GEOMETRIC_REPRESENTATION_CONTEXT(2) 
PARAMETRIC_REPRESENTATION_CONTEXT() REPRESENTATION_CONTEXT('2D SPACE',''
  ) );
#492 = PCURVE('',#493,#498);
#493 = TOROIDAL_SURFACE('',#494,120.,30.);
#494 = AXIS2_PLACEMENT_3D('',#495,#496,#497);
#495 = CARTESIAN_POINT('',(3.325841263612E+04,1.107495339939E+04,6.8E+03
    ));
#496 = DIRECTION('',(-0.,-1.,-0.));
#497 = DIRECTION('',(-0.,-0.,1.));
#498 = DEFINITIONAL_REPRESENTATION('',(#499),#537);
#499 = B_SPLINE_CURVE_WITH_KNOTS('',6,(#500,#501,#502,#503,#504,#505,
    #506,#507,#508,#509,#510,#511,#512,#513,#514,#515,#516,#517,#518,
    #519,#520,#521,#522,#523,#524,#525,#526,#527,#528,#529,#530,#531,
    #532,#533,#534,#535,#536),.UNSPECIFIED.,.F.,.F.,(7,5,5,5,5,5,5,7),(
    0.,8.352436779736E-02,0.1746556421,0.297205094631,0.47425698317,
    0.594294250776,0.795663747394,1.),.UNSPECIFIED.);
#500 = CARTESIAN_POINT('',(-0.20135792079,0.));
#501 = CARTESIAN_POINT('',(-0.20135792079,2.91291342516E-02));
#502 = CARTESIAN_POINT('',(-0.201191647897,5.826043240532E-02));
#503 = CARTESIAN_POINT('',(-0.200859057595,8.732958956047E-02));
#504 = CARTESIAN_POINT('',(-0.200362502133,0.11628090074));
#505 = CARTESIAN_POINT('',(-0.19970614827,0.145063238353));
#506 = CARTESIAN_POINT('',(-0.198011752708,0.204793794197));
#507 = CARTESIAN_POINT('',(-0.196944293959,0.235703986698));
#508 = CARTESIAN_POINT('',(-0.195700881092,0.26629912551));
#509 = CARTESIAN_POINT('',(-0.194290684296,0.296537872236));
#510 = CARTESIAN_POINT('',(-0.192723479207,0.326390193748));
#511 = CARTESIAN_POINT('',(-0.188703625039,0.395433571661));
#512 = CARTESIAN_POINT('',(-0.186132067906,0.434294570477));
#513 = CARTESIAN_POINT('',(-0.183317617393,0.472382329527));
#514 = CARTESIAN_POINT('',(-0.180282976721,0.509689242326));
#515 = CARTESIAN_POINT('',(-0.177048435376,0.546225714043));
#516 = CARTESIAN_POINT('',(-0.168692657508,0.633737574299));
#517 = CARTESIAN_POINT('',(-0.163373773479,0.683890361869));
#518 = CARTESIAN_POINT('',(-0.157722537705,0.732590818738));
#519 = CARTESIAN_POINT('',(-0.151778962574,0.7799379803));
#520 = CARTESIAN_POINT('',(-0.145574538497,0.826041342004));
#521 = CARTESIAN_POINT('',(-0.134759279142,0.90153216704));
#522 = CARTESIAN_POINT('',(-0.130279409805,0.931516477271));
#523 = CARTESIAN_POINT('',(-0.125696486655,0.961019280766));
#524 = CARTESIAN_POINT('',(-0.12101649895,0.990071947684));
#525 = CARTESIAN_POINT('',(-0.116244475661,1.018704278413));
#526 = CARTESIAN_POINT('',(-0.103231226586,1.094322381775));
#527 = CARTESIAN_POINT('',(-9.483113836547E-02,1.140593478029));
#528 = CARTESIAN_POINT('',(-8.620235020943E-02,1.185900940335));
#529 = CARTESIAN_POINT('',(-7.735978770757E-02,1.230354006486));
#530 = CARTESIAN_POINT('',(-6.831518667982E-02,1.274053391653));
#531 = CARTESIAN_POINT('',(-4.970102309813E-02,1.360776207873));
#532 = CARTESIAN_POINT('',(-4.012675431028E-02,1.403775280171));
#533 = CARTESIAN_POINT('',(-3.036212478641E-02,1.446195047834));
#534 = CARTESIAN_POINT('',(-2.041505107934E-02,1.488119124307));
#535 = CARTESIAN_POINT('',(-1.029246880834E-02,1.529626456609));
#536 = CARTESIAN_POINT('',(0.,1.570796326795));
#537 = ( GEOMETRIC_REPRESENTATION_CONTEXT(2) 
PARAMETRIC_REPRESENTATION_CONTEXT() REPRESENTATION_CONTEXT('2D SPACE',''
  ) );
#538 = ORIENTED_EDGE('',*,*,#539,.F.);
#539 = EDGE_CURVE('',#540,#410,#542,.T.);
#540 = VERTEX_POINT('',#541);
#541 = CARTESIAN_POINT('',(3.322841263612E+04,1.107495339939E+04,
    6.946969384567E+03));
#542 = SURFACE_CURVE('',#543,(#581,#622),.PCURVE_S1.);
#543 = B_SPLINE_CURVE_WITH_KNOTS('',6,(#544,#545,#546,#547,#548,#549,
    #550,#551,#552,#553,#554,#555,#556,#557,#558,#559,#560,#561,#562,
    #563,#564,#565,#566,#567,#568,#569,#570,#571,#572,#573,#574,#575,
    #576,#577,#578,#579,#580),.UNSPECIFIED.,.F.,.F.,(7,5,5,5,5,5,5,7),(
    0.,8.352436779617E-02,0.174655642098,0.297205094629,0.474256983168,
    0.594294250774,0.795663747393,1.),.UNSPECIFIED.);
#544 = CARTESIAN_POINT('',(3.322841263612E+04,1.107495339939E+04,
    6.946969384567E+03));
#545 = CARTESIAN_POINT('',(3.322841263612E+04,1.107407952536E+04,
    6.946969384567E+03));
#546 = CARTESIAN_POINT('',(3.322844318238E+04,1.107320558639E+04,
    6.946944443641E+03));
#547 = CARTESIAN_POINT('',(3.322850428322E+04,1.10723348465E+04,
    6.946894555055E+03));
#548 = CARTESIAN_POINT('',(3.322859542049E+04,1.107147031178E+04,
    6.946820109943E+03));
#549 = CARTESIAN_POINT('',(3.322871565885E+04,1.107061474982E+04,
    6.946721808979E+03));
#550 = CARTESIAN_POINT('',(3.322902522447E+04,1.106884977546E+04,
    6.946468413926E+03));
#551 = CARTESIAN_POINT('',(3.32292198647E+04,1.106794245298E+04,
    6.946308947984E+03));
#552 = CARTESIAN_POINT('',(3.322944597045E+04,1.106705190545E+04,
    6.946123472335E+03));
#553 = CARTESIAN_POINT('',(3.322970148934E+04,1.106618055304E+04,
    6.945913526965E+03));
#554 = CARTESIAN_POINT('',(3.322998422411E+04,1.106533021161E+04,
    6.945680758396E+03));
#555 = CARTESIAN_POINT('',(3.323070581197E+04,1.106338866579E+04,
    6.945085334916E+03));
#556 = CARTESIAN_POINT('',(3.323116486822E+04,1.106231553306E+04,
    6.944705579078E+03));
#557 = CARTESIAN_POINT('',(3.323166389175E+04,1.106128558066E+04,
    6.944291477319E+03));
#558 = CARTESIAN_POINT('',(3.323219771454E+04,1.106030003432E+04,
    6.943846887802E+03));
#559 = CARTESIAN_POINT('',(3.323276171955E+04,1.105935905114E+04,
    6.943375262137E+03));
#560 = CARTESIAN_POINT('',(3.323420491414E+04,1.105716595232E+04,
    6.942163168072E+03));
#561 = CARTESIAN_POINT('',(3.323511243409E+04,1.105596202205E+04,
    6.941396661262E+03));
#562 = CARTESIAN_POINT('',(3.323606321733E+04,1.105484765632E+04,
    6.940588376676E+03));
#563 = CARTESIAN_POINT('',(3.323704785366E+04,1.105381936274E+04,
    6.939745292282E+03));
#564 = CARTESIAN_POINT('',(3.323805898743E+04,1.105287285122E+04,
    6.938872898931E+03));
#565 = CARTESIAN_POINT('',(3.323979148608E+04,1.105141428116E+04,
    6.937366104487E+03));
#566 = CARTESIAN_POINT('',(3.324050119021E+04,1.105086057122E+04,
    6.936745634617E+03));
#567 = CARTESIAN_POINT('',(3.32412188706E+04,1.105034114354E+04,
    6.936114772484E+03));
#568 = CARTESIAN_POINT('',(3.324194304752E+04,1.10498547567E+04,
    6.935474610848E+03));
#569 = CARTESIAN_POINT('',(3.324267246636E+04,1.104940022196E+04,
    6.934826077866E+03));
#570 = CARTESIAN_POINT('',(3.324463679661E+04,1.104826545569E+04,
    6.933069204105E+03));
#571 = CARTESIAN_POINT('',(3.324587919848E+04,1.104764105395E+04,
    6.931947178158E+03));
#572 = CARTESIAN_POINT('',(3.324712848513E+04,1.104709783336E+04,
    6.930807371863E+03));
#573 = CARTESIAN_POINT('',(3.324838078834E+04,1.104663138728E+04,
    6.929652663996E+03));
#574 = CARTESIAN_POINT('',(3.324963306423E+04,1.104623778256E+04,
    6.9284853514E+03));
#575 = CARTESIAN_POINT('',(3.325215147074E+04,1.104558479647E+04,
    6.926111494998E+03));
#576 = CARTESIAN_POINT('',(3.325341738955E+04,1.104532751423E+04,
    6.924904762396E+03));
#577 = CARTESIAN_POINT('',(3.325467836425E+04,1.104513832916E+04,
    6.923688745676E+03));
#578 = CARTESIAN_POINT('',(3.325593232074E+04,1.10450144184E+04,
    6.922465060752E+03));
#579 = CARTESIAN_POINT('',(3.325717753986E+04,1.104495339928E+04,
    6.921235096258E+03));
#580 = CARTESIAN_POINT('',(3.325841263612E+04,1.104495339939E+04,
    6.92E+03));
#581 = PCURVE('',#362,#582);
#582 = DEFINITIONAL_REPRESENTATION('',(#583),#621);
#583 = B_SPLINE_CURVE_WITH_KNOTS('',6,(#584,#585,#586,#587,#588,#589,
    #590,#591,#592,#593,#594,#595,#596,#597,#598,#599,#600,#601,#602,
    #603,#604,#605,#606,#607,#608,#609,#610,#611,#612,#613,#614,#615,
    #616,#617,#618,#619,#620),.UNSPECIFIED.,.F.,.F.,(7,5,5,5,5,5,5,7),(
    0.,8.352436779617E-02,0.174655642098,0.297205094629,0.474256983168,
    0.594294250774,0.795663747393,1.),.UNSPECIFIED.);
#584 = CARTESIAN_POINT('',(-3.14159265359,46.969384566991));
#585 = CARTESIAN_POINT('',(-3.112463519338,46.969384566991));
#586 = CARTESIAN_POINT('',(-3.083332221185,46.944443641122));
#587 = CARTESIAN_POINT('',(-3.05426306403,46.89455505506));
#588 = CARTESIAN_POINT('',(-3.025311752851,46.820109943004));
#589 = CARTESIAN_POINT('',(-2.996529415238,46.721808979398));
#590 = CARTESIAN_POINT('',(-2.936798859394,46.468413926157));
#591 = CARTESIAN_POINT('',(-2.905888666893,46.30894798448));
#592 = CARTESIAN_POINT('',(-2.87529352808,46.12347233493));
#593 = CARTESIAN_POINT('',(-2.845054781355,45.913526964799));
#594 = CARTESIAN_POINT('',(-2.815202459843,45.68075839579));
#595 = CARTESIAN_POINT('',(-2.74615908193,45.085334916019));
#596 = CARTESIAN_POINT('',(-2.707298083114,44.705579077515));
#597 = CARTESIAN_POINT('',(-2.669210324063,44.291477319194));
#598 = CARTESIAN_POINT('',(-2.631903411265,43.846887801728));
#599 = CARTESIAN_POINT('',(-2.595366939548,43.375262137437));
#600 = CARTESIAN_POINT('',(-2.507855079291,42.163168072095));
#601 = CARTESIAN_POINT('',(-2.457702291722,41.396661262417));
#602 = CARTESIAN_POINT('',(-2.409001834853,40.588376676145));
#603 = CARTESIAN_POINT('',(-2.361654673291,39.745292281747));
#604 = CARTESIAN_POINT('',(-2.315551311587,38.872898931226));
#605 = CARTESIAN_POINT('',(-2.240060486551,37.366104487243));
#606 = CARTESIAN_POINT('',(-2.21007617632,36.745634616991));
#607 = CARTESIAN_POINT('',(-2.180573372824,36.114772483959));
#608 = CARTESIAN_POINT('',(-2.151520705907,35.474610848338));
#609 = CARTESIAN_POINT('',(-2.122888375178,34.826077866214));
#610 = CARTESIAN_POINT('',(-2.047270271816,33.069204104829));
#611 = CARTESIAN_POINT('',(-2.000999175561,31.9471781579));
#612 = CARTESIAN_POINT('',(-1.955691713257,30.807371863191));
#613 = CARTESIAN_POINT('',(-1.911238647104,29.652663996486));
#614 = CARTESIAN_POINT('',(-1.867539261937,28.485351399852));
#615 = CARTESIAN_POINT('',(-1.780816445717,26.111494998296));
#616 = CARTESIAN_POINT('',(-1.737817373419,24.904762395721));
#617 = CARTESIAN_POINT('',(-1.695397605757,23.688745675934));
#618 = CARTESIAN_POINT('',(-1.653473529283,22.465060751809));
#619 = CARTESIAN_POINT('',(-1.611966196981,21.235096258186));
#620 = CARTESIAN_POINT('',(-1.570796326795,20.));
#621 = ( GEOMETRIC_REPRESENTATION_CONTEXT(2) 
PARAMETRIC_REPRESENTATION_CONTEXT() REPRESENTATION_CONTEXT('2D SPACE',''
  ) );
#622 = PCURVE('',#493,#623);
#623 = DEFINITIONAL_REPRESENTATION('',(#624),#662);
#624 = B_SPLINE_CURVE_WITH_KNOTS('',6,(#625,#626,#627,#628,#629,#630,
    #631,#632,#633,#634,#635,#636,#637,#638,#639,#640,#641,#642,#643,
    #644,#645,#646,#647,#648,#649,#650,#651,#652,#653,#654,#655,#656,
    #657,#658,#659,#660,#661),.UNSPECIFIED.,.F.,.F.,(7,5,5,5,5,5,5,7),(
    0.,8.352436779617E-02,0.174655642098,0.297205094629,0.474256983168,
    0.594294250774,0.795663747393,1.),.UNSPECIFIED.);
#625 = CARTESIAN_POINT('',(-6.081827386389,0.));
#626 = CARTESIAN_POINT('',(-6.081827386389,2.912913425147E-02));
#627 = CARTESIAN_POINT('',(-6.081993659283,5.826043240491E-02));
#628 = CARTESIAN_POINT('',(-6.082326249585,8.732958956025E-02));
#629 = CARTESIAN_POINT('',(-6.082822805046,0.116280900739));
#630 = CARTESIAN_POINT('',(-6.08347915891,0.145063238352));
#631 = CARTESIAN_POINT('',(-6.085173554472,0.204793794196));
#632 = CARTESIAN_POINT('',(-6.08624101322,0.235703986696));
#633 = CARTESIAN_POINT('',(-6.087484426087,0.26629912551));
#634 = CARTESIAN_POINT('',(-6.088894622883,0.296537872235));
#635 = CARTESIAN_POINT('',(-6.090461827972,0.326390193747));
#636 = CARTESIAN_POINT('',(-6.09448168214,0.39543357166));
#637 = CARTESIAN_POINT('',(-6.097053239274,0.434294570476));
#638 = CARTESIAN_POINT('',(-6.099867689786,0.472382329527));
#639 = CARTESIAN_POINT('',(-6.102902330458,0.509689242325));
#640 = CARTESIAN_POINT('',(-6.106136871804,0.546225714042));
#641 = CARTESIAN_POINT('',(-6.114492649672,0.633737574299));
#642 = CARTESIAN_POINT('',(-6.119811533701,0.683890361867));
#643 = CARTESIAN_POINT('',(-6.125462769474,0.732590818738));
#644 = CARTESIAN_POINT('',(-6.131406344606,0.779937980298));
#645 = CARTESIAN_POINT('',(-6.137610768682,0.826041342003));
#646 = CARTESIAN_POINT('',(-6.148426028037,0.901532167039));
#647 = CARTESIAN_POINT('',(-6.152905897374,0.93151647727));
#648 = CARTESIAN_POINT('',(-6.157488820525,0.961019280766));
#649 = CARTESIAN_POINT('',(-6.162168808229,0.990071947682));
#650 = CARTESIAN_POINT('',(-6.166940831519,1.018704278412));
#651 = CARTESIAN_POINT('',(-6.179954080593,1.094322381774));
#652 = CARTESIAN_POINT('',(-6.188354168814,1.140593478028));
#653 = CARTESIAN_POINT('',(-6.19698295697,1.185900940334));
#654 = CARTESIAN_POINT('',(-6.205825519472,1.230354006485));
#655 = CARTESIAN_POINT('',(-6.2148701205,1.274053391653));
#656 = CARTESIAN_POINT('',(-6.233484284081,1.360776207873));
#657 = CARTESIAN_POINT('',(-6.243058552869,1.40377528017));
#658 = CARTESIAN_POINT('',(-6.252823182392,1.446195047835));
#659 = CARTESIAN_POINT('',(-6.262770256101,1.488119124305));
#660 = CARTESIAN_POINT('',(-6.272892838371,1.529626456609));
#661 = CARTESIAN_POINT('',(-6.28318530718,1.570796326795));
#662 = ( GEOMETRIC_REPRESENTATION_CONTEXT(2) 
PARAMETRIC_REPRESENTATION_CONTEXT() REPRESENTATION_CONTEXT('2D SPACE',''
  ) );
#663 = ORIENTED_EDGE('',*,*,#664,.T.);
#664 = EDGE_CURVE('',#540,#665,#667,.T.);
#665 = VERTEX_POINT('',#666);
#666 = CARTESIAN_POINT('',(3.325841263612E+04,1.110495339939E+04,
    6.92E+03));
#667 = SURFACE_CURVE('',#668,(#716,#767),.PCURVE_S1.);
#668 = B_SPLINE_CURVE_WITH_KNOTS('',6,(#669,#670,#671,#672,#673,#674,
    #675,#676,#677,#678,#679,#680,#681,#682,#683,#684,#685,#686,#687,
    #688,#689,#690,#691,#692,#693,#694,#695,#696,#697,#698,#699,#700,
    #701,#702,#703,#704,#705,#706,#707,#708,#709,#710,#711,#712,#713,
    #714,#715),.UNSPECIFIED.,.F.,.F.,(7,5,5,5,5,5,5,5,5,7),(0.,
    8.590965151805E-02,0.177281513652,0.300236474247,0.477912199916,
    0.593893208955,0.790519844336,0.895199111847,0.945897161469,1.),
  .UNSPECIFIED.);
#669 = CARTESIAN_POINT('',(3.322841263612E+04,1.107495339939E+04,
    6.946969384567E+03));
#670 = CARTESIAN_POINT('',(3.322841263612E+04,1.107585123077E+04,
    6.946969384567E+03));
#671 = CARTESIAN_POINT('',(3.322844488021E+04,1.107674913596E+04,
    6.946943057374E+03));
#672 = CARTESIAN_POINT('',(3.322850937806E+04,1.107764356648E+04,
    6.946890395139E+03));
#673 = CARTESIAN_POINT('',(3.322860555085E+04,1.107853126894E+04,
    6.946811834894E+03));
#674 = CARTESIAN_POINT('',(3.322873235935E+04,1.107940926126E+04,
    6.946708154983E+03));
#675 = CARTESIAN_POINT('',(3.322905429412E+04,1.108119541675E+04,
    6.946444598848E+03));
#676 = CARTESIAN_POINT('',(3.322925327098E+04,1.108210205609E+04,
    6.946281552758E+03));
#677 = CARTESIAN_POINT('',(3.322948360865E+04,1.108299160072E+04,
    6.94609256828E+03));
#678 = CARTESIAN_POINT('',(3.322974322702E+04,1.108386167019E+04,
    6.945879206071E+03));
#679 = CARTESIAN_POINT('',(3.323002991182E+04,1.108471049023E+04,
    6.945643125321E+03));
#680 = CARTESIAN_POINT('',(3.323076067527E+04,1.108664874979E+04,
    6.945039961176E+03));
#681 = CARTESIAN_POINT('',(3.323122488911E+04,1.108771990036E+04,
    6.944655815894E+03));
#682 = CARTESIAN_POINT('',(3.323172881957E+04,1.108874755055E+04,
    6.944237492408E+03));
#683 = CARTESIAN_POINT('',(3.323226729482E+04,1.108973054823E+04,
    6.943788851261E+03));
#684 = CARTESIAN_POINT('',(3.32328357063E+04,1.109066879549E+04,
    6.943313337459E+03));
#685 = CARTESIAN_POINT('',(3.323428929687E+04,1.109285513624E+04,
    6.94209195083E+03));
#686 = CARTESIAN_POINT('',(3.323520257694E+04,1.109405485065E+04,
    6.941320184499E+03));
#687 = CARTESIAN_POINT('',(3.323615869819E+04,1.109516479033E+04,
    6.940506906683E+03));
#688 = CARTESIAN_POINT('',(3.323714829847E+04,1.109618851755E+04,
    6.939659059069E+03));
#689 = CARTESIAN_POINT('',(3.323816406609E+04,1.109713036465E+04,
    6.938782099335E+03));
#690 = CARTESIAN_POINT('',(3.323987770676E+04,1.109855918087E+04,
    6.937290677102E+03));
#691 = CARTESIAN_POINT('',(3.324056338187E+04,1.109909044842E+04,
    6.936690897963E+03));
#692 = CARTESIAN_POINT('',(3.324125639343E+04,1.10995898618E+04,
    6.936081507569E+03));
#693 = CARTESIAN_POINT('',(3.324195542055E+04,1.11000585358E+04,
    6.935463481284E+03));
#694 = CARTESIAN_POINT('',(3.324265933685E+04,1.110049753811E+04,
    6.934837652182E+03));
#695 = CARTESIAN_POINT('',(3.3244567284E+04,1.110160354689E+04,
    6.93313164898E+03));
#696 = CARTESIAN_POINT('',(3.324577859721E+04,1.110221676616E+04,
    6.932038249713E+03));
#697 = CARTESIAN_POINT('',(3.324699665239E+04,1.110275253209E+04,
    6.930927794404E+03));
#698 = CARTESIAN_POINT('',(3.324821782256E+04,1.110321496528E+04,
    6.929802981139E+03));
#699 = CARTESIAN_POINT('',(3.324943923947E+04,1.110360775077E+04,
    6.92866597154E+03));
#700 = CARTESIAN_POINT('',(3.325130800739E+04,1.11041077463E+04,
    6.926907384239E+03));
#701 = CARTESIAN_POINT('',(3.325195668914E+04,1.110426260028E+04,
    6.926293435391E+03));
#702 = CARTESIAN_POINT('',(3.325260446293E+04,1.1104399073E+04,
    6.92567676393E+03));
#703 = CARTESIAN_POINT('',(3.325325101605E+04,1.110451759418E+04,
    6.925057609304E+03));
#704 = CARTESIAN_POINT('',(3.325389606685E+04,1.110461855484E+04,
    6.924436189917E+03));
#705 = CARTESIAN_POINT('',(3.325485092368E+04,1.110474287605E+04,
    6.923510737061E+03));
#706 = CARTESIAN_POINT('',(3.325516299357E+04,1.110477952524E+04,
    6.923207393345E+03));
#707 = CARTESIAN_POINT('',(3.325547551165E+04,1.110481225085E+04,
    6.922902716341E+03));
#708 = CARTESIAN_POINT('',(3.325578841624E+04,1.110484104616E+04,
    6.922596751488E+03));
#709 = CARTESIAN_POINT('',(3.325610164552E+04,1.110486590576E+04,
    6.922289545163E+03));
#710 = CARTESIAN_POINT('',(3.325674968314E+04,1.11049091502E+04,
    6.921652032575E+03));
#711 = CARTESIAN_POINT('',(3.325708361859E+04,1.11049269274E+04,
    6.921322455293E+03));
#712 = CARTESIAN_POINT('',(3.325741691152E+04,1.110494020092E+04,
    6.920992438464E+03));
#713 = CARTESIAN_POINT('',(3.325774953164E+04,1.110494901201E+04,
    6.920662007461E+03));
#714 = CARTESIAN_POINT('',(3.325808144967E+04,1.110495339939E+04,
    6.920331186835E+03));
#715 = CARTESIAN_POINT('',(3.325841263612E+04,1.110495339939E+04,
    6.919999999764E+03));
#716 = PCURVE('',#362,#717);
#717 = DEFINITIONAL_REPRESENTATION('',(#718),#766);
#718 = B_SPLINE_CURVE_WITH_KNOTS('',6,(#719,#720,#721,#722,#723,#724,
    #725,#726,#727,#728,#729,#730,#731,#732,#733,#734,#735,#736,#737,
    #738,#739,#740,#741,#742,#743,#744,#745,#746,#747,#748,#749,#750,
    #751,#752,#753,#754,#755,#756,#757,#758,#759,#760,#761,#762,#763,
    #764,#765),.UNSPECIFIED.,.F.,.F.,(7,5,5,5,5,5,5,5,5,7),(0.,
    8.590965151805E-02,0.177281513652,0.300236474247,0.477912199916,
    0.593893208955,0.790519844336,0.895199111847,0.945897161469,1.),
  .UNSPECIFIED.);
#719 = CARTESIAN_POINT('',(-3.14159265359,46.969384566991));
#720 = CARTESIAN_POINT('',(-3.171520366036,46.969384566991));
#721 = CARTESIAN_POINT('',(-3.201450538114,46.9430573738));
#722 = CARTESIAN_POINT('',(-3.231313144406,46.89039513921));
#723 = CARTESIAN_POINT('',(-3.261047997412,46.811834894457));
#724 = CARTESIAN_POINT('',(-3.290600088479,46.708154982977));
#725 = CARTESIAN_POINT('',(-3.351097962111,46.444598847897));
#726 = CARTESIAN_POINT('',(-3.382016518585,46.281552758021));
#727 = CARTESIAN_POINT('',(-3.412614301488,46.092568280439));
#728 = CARTESIAN_POINT('',(-3.442850818566,45.87920607143));
#729 = CARTESIAN_POINT('',(-3.472696912029,45.643125321383));
#730 = CARTESIAN_POINT('',(-3.541744925277,45.039961175524));
#731 = CARTESIAN_POINT('',(-3.580613172724,44.655815894304));
#732 = CARTESIAN_POINT('',(-3.618703610846,44.237492407633));
#733 = CARTESIAN_POINT('',(-3.656010113134,43.788851261376));
#734 = CARTESIAN_POINT('',(-3.692544293518,43.313337459421));
#735 = CARTESIAN_POINT('',(-3.780059444314,42.091950829943));
#736 = CARTESIAN_POINT('',(-3.830216109774,41.320184498671));
#737 = CARTESIAN_POINT('',(-3.878920365526,40.506906683314));
#738 = CARTESIAN_POINT('',(-3.92627251336,39.659059069097));
#739 = CARTESIAN_POINT('',(-3.972382862781,38.782099335486));
#740 = CARTESIAN_POINT('',(-4.046754901664,37.290677101569));
#741 = CARTESIAN_POINT('',(-4.075649938479,36.690897962793));
#742 = CARTESIAN_POINT('',(-4.104098441374,36.08150756942));
#743 = CARTESIAN_POINT('',(-4.13212860527,35.4634812838));
#744 = CARTESIAN_POINT('',(-4.159767228795,34.837652181959));
#745 = CARTESIAN_POINT('',(-4.233278510795,33.131648980308));
#746 = CARTESIAN_POINT('',(-4.278462034569,32.038249713331));
#747 = CARTESIAN_POINT('',(-4.322722991588,30.927794403679));
#748 = CARTESIAN_POINT('',(-4.366163606461,29.802981139283));
#749 = CARTESIAN_POINT('',(-4.408878132496,28.665971539983));
#750 = CARTESIAN_POINT('',(-4.473361455826,26.907384239327));
#751 = CARTESIAN_POINT('',(-4.49558360182,26.293435391341));
#752 = CARTESIAN_POINT('',(-4.517638379881,25.676763930336));
#753 = CARTESIAN_POINT('',(-4.539538048922,25.057609303713));
#754 = CARTESIAN_POINT('',(-4.561294277811,24.436189916594));
#755 = CARTESIAN_POINT('',(-4.593391479647,23.510737060652));
#756 = CARTESIAN_POINT('',(-4.603864470403,23.207393345481));
#757 = CARTESIAN_POINT('',(-4.614337458395,22.902716341234));
#758 = CARTESIAN_POINT('',(-4.624810442923,22.596751488167));
#759 = CARTESIAN_POINT('',(-4.635283423263,22.289545162624));
#760 = CARTESIAN_POINT('',(-4.656932720065,21.652032575109));
#761 = CARTESIAN_POINT('',(-4.668078655553,21.322455293021));
#762 = CARTESIAN_POINT('',(-4.679195738368,20.99243846434));
#763 = CARTESIAN_POINT('',(-4.690285497816,20.662007460808));
#764 = CARTESIAN_POINT('',(-4.701349431971,20.331186835154));
#765 = CARTESIAN_POINT('',(-4.712388980385,19.999999763908));
#766 = ( GEOMETRIC_REPRESENTATION_CONTEXT(2) 
PARAMETRIC_REPRESENTATION_CONTEXT() REPRESENTATION_CONTEXT('2D SPACE',''
  ) );
#767 = PCURVE('',#493,#768);
#768 = DEFINITIONAL_REPRESENTATION('',(#769),#817);
#769 = B_SPLINE_CURVE_WITH_KNOTS('',6,(#770,#771,#772,#773,#774,#775,
    #776,#777,#778,#779,#780,#781,#782,#783,#784,#785,#786,#787,#788,
    #789,#790,#791,#792,#793,#794,#795,#796,#797,#798,#799,#800,#801,
    #802,#803,#804,#805,#806,#807,#808,#809,#810,#811,#812,#813,#814,
    #815,#816),.UNSPECIFIED.,.F.,.F.,(7,5,5,5,5,5,5,5,5,7),(0.,
    8.590965151805E-02,0.177281513652,0.300236474247,0.477912199916,
    0.593893208955,0.790519844336,0.895199111847,0.945897161469,1.),
  .UNSPECIFIED.);
#770 = CARTESIAN_POINT('',(-6.081827386389,6.28318530718));
#771 = CARTESIAN_POINT('',(-6.081827386389,6.253257594733));
#772 = CARTESIAN_POINT('',(-6.082002901078,6.223327422655));
#773 = CARTESIAN_POINT('',(-6.082353982306,6.193464816364));
#774 = CARTESIAN_POINT('',(-6.082878001179,6.163729963357));
#775 = CARTESIAN_POINT('',(-6.083570330354,6.134177872291));
#776 = CARTESIAN_POINT('',(-6.08533296151,6.073679998658));
#777 = CARTESIAN_POINT('',(-6.086424603642,6.042761442185));
#778 = CARTESIAN_POINT('',(-6.087691838705,6.012163659281));
#779 = CARTESIAN_POINT('',(-6.089125375402,5.981927142204));
#780 = CARTESIAN_POINT('',(-6.09071536428,5.95208104874));
#781 = CARTESIAN_POINT('',(-6.094788838438,5.883033035492));
#782 = CARTESIAN_POINT('',(-6.09739110634,5.844164788046));
#783 = CARTESIAN_POINT('',(-6.100235455561,5.806074349922));
#784 = CARTESIAN_POINT('',(-6.103299176559,5.768767847636));
#785 = CARTESIAN_POINT('',(-6.106562025621,5.732233667251));
#786 = CARTESIAN_POINT('',(-6.114986402736,5.644718516455));
#787 = CARTESIAN_POINT('',(-6.120344976805,5.594561850996));
#788 = CARTESIAN_POINT('',(-6.126034816265,5.545857595242));
#789 = CARTESIAN_POINT('',(-6.132016141333,5.49850544741));
#790 = CARTESIAN_POINT('',(-6.1382576751,5.452395097988));
#791 = CARTESIAN_POINT('',(-6.148971011793,5.378023059105));
#792 = CARTESIAN_POINT('',(-6.153304092241,5.349128022291));
#793 = CARTESIAN_POINT('',(-6.157732787778,5.320679519394));
#794 = CARTESIAN_POINT('',(-6.162251756426,5.2926493555));
#795 = CARTESIAN_POINT('',(-6.166856487091,5.265010731975));
#796 = CARTESIAN_POINT('',(-6.179489296757,5.191499449974));
#797 = CARTESIAN_POINT('',(-6.18767055926,5.146315926201));
#798 = CARTESIAN_POINT('',(-6.19607011913,5.102054969182));
#799 = CARTESIAN_POINT('',(-6.204673974689,5.058614354308));
#800 = CARTESIAN_POINT('',(-6.213471074317,5.015899828274));
#801 = CARTESIAN_POINT('',(-6.227236506657,4.951416504944));
#802 = CARTESIAN_POINT('',(-6.232071387496,4.929194358949));
#803 = CARTESIAN_POINT('',(-6.236957513653,4.907139580889));
#804 = CARTESIAN_POINT('',(-6.241893713249,4.885239911848));
#805 = CARTESIAN_POINT('',(-6.246878920469,4.863483682959));
#806 = CARTESIAN_POINT('',(-6.254349885243,4.831386481122));
#807 = CARTESIAN_POINT('',(-6.256806065516,4.820913490366));
#808 = CARTESIAN_POINT('',(-6.259280521275,4.810440502375));
#809 = CARTESIAN_POINT('',(-6.261773034995,4.799967517846));
#810 = CARTESIAN_POINT('',(-6.264283376053,4.789494537506));
#811 = CARTESIAN_POINT('',(-6.269508996209,4.767845240704));
#812 = CARTESIAN_POINT('',(-6.272219383156,4.756699309935));
#813 = CARTESIAN_POINT('',(-6.274942330857,4.745582217456));
#814 = CARTESIAN_POINT('',(-6.277677717305,4.734492457267));
#815 = CARTESIAN_POINT('',(-6.280425420071,4.723428541552));
#816 = CARTESIAN_POINT('',(-6.28318530718,4.712388972515));
#817 = ( GEOMETRIC_REPRESENTATION_CONTEXT(2) 
PARAMETRIC_REPRESENTATION_CONTEXT() REPRESENTATION_CONTEXT('2D SPACE',''
  ) );
#818 = ORIENTED_EDGE('',*,*,#819,.T.);
#819 = EDGE_CURVE('',#665,#385,#820,.T.);
#820 = SURFACE_CURVE('',#821,(#864,#910),.PCURVE_S1.);
#821 = B_SPLINE_CURVE_WITH_KNOTS('',6,(#822,#823,#824,#825,#826,#827,
    #828,#829,#830,#831,#832,#833,#834,#835,#836,#837,#838,#839,#840,
    #841,#842,#843,#844,#845,#846,#847,#848,#849,#850,#851,#852,#853,
    #854,#855,#856,#857,#858,#859,#860,#861,#862,#863),.UNSPECIFIED.,.F.
  ,.F.,(7,5,5,5,5,5,5,5,7),(0.,6.504780554221E-02,0.185801834391,
    0.361709842081,0.52261772749,0.700096439489,0.8229150629,
    0.914185608404,1.),.UNSPECIFIED.);
#822 = CARTESIAN_POINT('',(3.325841263612E+04,1.110495339939E+04,
    6.919999999757E+03));
#823 = CARTESIAN_POINT('',(3.325880581151E+04,1.110495339939E+04,
    6.920393176045E+03));
#824 = CARTESIAN_POINT('',(3.325920001842E+04,1.11049472159E+04,
    6.920785835514E+03));
#825 = CARTESIAN_POINT('',(3.325959520587E+04,1.110493478818E+04,
    6.921177940423E+03));
#826 = CARTESIAN_POINT('',(3.325999132792E+04,1.110491605061E+04,
    6.921569447785E+03));
#827 = CARTESIAN_POINT('',(3.326038832982E+04,1.110489093266E+04,
    6.921960316214E+03));
#828 = CARTESIAN_POINT('',(3.326152468063E+04,1.110480074485E+04,
    6.923074836353E+03));
#829 = CARTESIAN_POINT('',(3.326226604546E+04,1.110471988265E+04,
    6.923796812848E+03));
#830 = CARTESIAN_POINT('',(3.326300990537E+04,1.110461628656E+04,
    6.924516153493E+03));
#831 = CARTESIAN_POINT('',(3.326375586798E+04,1.110448941216E+04,
    6.925232549106E+03));
#832 = CARTESIAN_POINT('',(3.326450349307E+04,1.110433864912E+04,
    6.925945658876E+03));
#833 = CARTESIAN_POINT('',(3.326634309871E+04,1.110390789583E+04,
    6.927688602172E+03));
#834 = CARTESIAN_POINT('',(3.326743634619E+04,1.110360034395E+04,
    6.928714285008E+03));
#835 = CARTESIAN_POINT('',(3.326853057918E+04,1.110323853959E+04,
    6.92973106846E+03));
#836 = CARTESIAN_POINT('',(3.326962394537E+04,1.110282003569E+04,
    6.930737551979E+03));
#837 = CARTESIAN_POINT('',(3.327071417523E+04,1.110234208798E+04,
    6.931732041448E+03));
#838 = CARTESIAN_POINT('',(3.327279042809E+04,1.110130690995E+04,
    6.933609410096E+03));
#839 = CARTESIAN_POINT('',(3.327377731022E+04,1.110075996442E+04,
    6.934494485401E+03));
#840 = CARTESIAN_POINT('',(3.327475714519E+04,1.110015811854E+04,
    6.935366274164E+03));
#841 = CARTESIAN_POINT('',(3.327572726351E+04,1.109949864304E+04,
    6.93622279394E+03));
#842 = CARTESIAN_POINT('',(3.327668435132E+04,1.109877864617E+04,
    6.937061595556E+03));
#843 = CARTESIAN_POINT('',(3.327866120616E+04,1.109713036465E+04,
    6.938782099335E+03));
#844 = CARTESIAN_POINT('',(3.327967697378E+04,1.109618851755E+04,
    6.939659059069E+03));
#845 = CARTESIAN_POINT('',(3.328066657406E+04,1.109516479033E+04,
    6.940506906683E+03));
#846 = CARTESIAN_POINT('',(3.32816226953E+04,1.109405485065E+04,
    6.941320184499E+03));
#847 = CARTESIAN_POINT('',(3.328253597538E+04,1.109285513624E+04,
    6.94209195083E+03));
#848 = CARTESIAN_POINT('',(3.328398956595E+04,1.109066879549E+04,
    6.943313337459E+03));
#849 = CARTESIAN_POINT('',(3.328455797743E+04,1.108973054823E+04,
    6.943788851261E+03));
#850 = CARTESIAN_POINT('',(3.328509645267E+04,1.108874755055E+04,
    6.944237492408E+03));
#851 = CARTESIAN_POINT('',(3.328560038313E+04,1.108771990036E+04,
    6.944655815894E+03));
#852 = CARTESIAN_POINT('',(3.328606459698E+04,1.108664874979E+04,
    6.945039961176E+03));
#853 = CARTESIAN_POINT('',(3.328679536042E+04,1.108471049023E+04,
    6.945643125321E+03));
#854 = CARTESIAN_POINT('',(3.328708204523E+04,1.108386167019E+04,
    6.945879206071E+03));
#855 = CARTESIAN_POINT('',(3.328734166359E+04,1.108299160072E+04,
    6.94609256828E+03));
#856 = CARTESIAN_POINT('',(3.328757200126E+04,1.108210205609E+04,
    6.946281552758E+03));
#857 = CARTESIAN_POINT('',(3.328777097812E+04,1.108119541675E+04,
    6.946444598848E+03));
#858 = CARTESIAN_POINT('',(3.32880929129E+04,1.107940926126E+04,
    6.946708154983E+03));
#859 = CARTESIAN_POINT('',(3.32882197214E+04,1.107853126894E+04,
    6.946811834894E+03));
#860 = CARTESIAN_POINT('',(3.328831589418E+04,1.107764356648E+04,
    6.946890395139E+03));
#861 = CARTESIAN_POINT('',(3.328838039204E+04,1.107674913596E+04,
    6.946943057374E+03));
#862 = CARTESIAN_POINT('',(3.328841263612E+04,1.107585123077E+04,
    6.946969384567E+03));
#863 = CARTESIAN_POINT('',(3.328841263612E+04,1.107495339939E+04,
    6.946969384567E+03));
#864 = PCURVE('',#362,#865);
#865 = DEFINITIONAL_REPRESENTATION('',(#866),#909);
#866 = B_SPLINE_CURVE_WITH_KNOTS('',6,(#867,#868,#869,#870,#871,#872,
    #873,#874,#875,#876,#877,#878,#879,#880,#881,#882,#883,#884,#885,
    #886,#887,#888,#889,#890,#891,#892,#893,#894,#895,#896,#897,#898,
    #899,#900,#901,#902,#903,#904,#905,#906,#907,#908),.UNSPECIFIED.,.F.
  ,.F.,(7,5,5,5,5,5,5,5,7),(0.,6.504780554221E-02,0.185801834391,
    0.361709842081,0.52261772749,0.700096439489,0.8229150629,
    0.914185608404,1.),.UNSPECIFIED.);
#867 = CARTESIAN_POINT('',(-4.712388980385,19.999999757377));
#868 = CARTESIAN_POINT('',(-4.725494826734,20.393176045255));
#869 = CARTESIAN_POINT('',(-4.738635057084,20.785835513661));
#870 = CARTESIAN_POINT('',(-4.751812024058,21.177940422863));
#871 = CARTESIAN_POINT('',(-4.765028354482,21.569447784972));
#872 = CARTESIAN_POINT('',(-4.778286510606,21.960316214441));
#873 = CARTESIAN_POINT('',(-4.816283981456,23.07483635304));
#874 = CARTESIAN_POINT('',(-4.841131926804,23.796812848222));
#875 = CARTESIAN_POINT('',(-4.866149857965,24.516153493342));
#876 = CARTESIAN_POINT('',(-4.891354927417,25.232549106328));
#877 = CARTESIAN_POINT('',(-4.916765189277,25.94565887624));
#878 = CARTESIAN_POINT('',(-4.979743997727,27.688602171765));
#879 = CARTESIAN_POINT('',(-5.017563134437,28.71428500825));
#880 = CARTESIAN_POINT('',(-5.055920240957,29.731068460138));
#881 = CARTESIAN_POINT('',(-5.09487967809,30.737551979322));
#882 = CARTESIAN_POINT('',(-5.1345111354,31.732041448093));
#883 = CARTESIAN_POINT('',(-5.211844608813,33.609410095851));
#884 = CARTESIAN_POINT('',(-5.249419305228,34.494485400832));
#885 = CARTESIAN_POINT('',(-5.287691025522,35.366274163624));
#886 = CARTESIAN_POINT('',(-5.326727219722,36.222793939646));
#887 = CARTESIAN_POINT('',(-5.366599559312,37.061595556443));
#888 = CARTESIAN_POINT('',(-5.452395097988,38.782099335485));
#889 = CARTESIAN_POINT('',(-5.49850544741,39.659059069092));
#890 = CARTESIAN_POINT('',(-5.545857595243,40.506906683321));
#891 = CARTESIAN_POINT('',(-5.594561850996,41.320184498665));
#892 = CARTESIAN_POINT('',(-5.644718516455,42.091950829942));
#893 = CARTESIAN_POINT('',(-5.732233667251,43.313337459423));
#894 = CARTESIAN_POINT('',(-5.768767847635,43.788851261362));
#895 = CARTESIAN_POINT('',(-5.806074349923,44.237492407649));
#896 = CARTESIAN_POINT('',(-5.844164788045,44.655815894294));
#897 = CARTESIAN_POINT('',(-5.883033035492,45.039961175527));
#898 = CARTESIAN_POINT('',(-5.95208104874,45.643125321384));
#899 = CARTESIAN_POINT('',(-5.981927142204,45.879206071431));
#900 = CARTESIAN_POINT('',(-6.012163659281,46.092568280436));
#901 = CARTESIAN_POINT('',(-6.042761442185,46.281552758022));
#902 = CARTESIAN_POINT('',(-6.073679998658,46.444598847897));
#903 = CARTESIAN_POINT('',(-6.13417787229,46.708154982977));
#904 = CARTESIAN_POINT('',(-6.163729963357,46.811834894458));
#905 = CARTESIAN_POINT('',(-6.193464816363,46.890395139207));
#906 = CARTESIAN_POINT('',(-6.223327422656,46.943057373802));
#907 = CARTESIAN_POINT('',(-6.253257594733,46.969384566991));
#908 = CARTESIAN_POINT('',(-6.28318530718,46.969384566991));
#909 = ( GEOMETRIC_REPRESENTATION_CONTEXT(2) 
PARAMETRIC_REPRESENTATION_CONTEXT() REPRESENTATION_CONTEXT('2D SPACE',''
  ) );
#910 = PCURVE('',#493,#911);
#911 = DEFINITIONAL_REPRESENTATION('',(#912),#955);
#912 = B_SPLINE_CURVE_WITH_KNOTS('',6,(#913,#914,#915,#916,#917,#918,
    #919,#920,#921,#922,#923,#924,#925,#926,#927,#928,#929,#930,#931,
    #932,#933,#934,#935,#936,#937,#938,#939,#940,#941,#942,#943,#944,
    #945,#946,#947,#948,#949,#950,#951,#952,#953,#954),.UNSPECIFIED.,.F.
  ,.F.,(7,5,5,5,5,5,5,5,7),(0.,6.504780554221E-02,0.185801834391,
    0.361709842081,0.52261772749,0.700096439489,0.8229150629,
    0.914185608404,1.),.UNSPECIFIED.);
#913 = CARTESIAN_POINT('',(0.,4.712388972297));
#914 = CARTESIAN_POINT('',(-3.276461596566E-03,4.725494848541));
#915 = CARTESIAN_POINT('',(-6.535754631173E-03,4.738635026596));
#916 = CARTESIAN_POINT('',(-9.777644381455E-03,4.751812046837));
#917 = CARTESIAN_POINT('',(-1.300195430081E-02,4.765028346921));
#918 = CARTESIAN_POINT('',(-1.620845152296E-02,4.778286510605));
#919 = CARTESIAN_POINT('',(-2.531597842411E-02,4.816283981456));
#920 = CARTESIAN_POINT('',(-3.117288986126E-02,4.841131926804));
#921 = CARTESIAN_POINT('',(-3.696631479142E-02,4.866149857965));
#922 = CARTESIAN_POINT('',(-4.269473934116E-02,4.891354927417));
#923 = CARTESIAN_POINT('',(-4.835649913867E-02,4.916765189277));
#924 = CARTESIAN_POINT('',(-6.209781137315E-02,4.979743997727));
#925 = CARTESIAN_POINT('',(-7.010017737341E-02,5.017563134437));
#926 = CARTESIAN_POINT('',(-7.795181667502E-02,5.055920240958));
#927 = CARTESIAN_POINT('',(-8.564568129874E-02,5.094879678089));
#928 = CARTESIAN_POINT('',(-9.317312261919E-02,5.1345111354));
#929 = CARTESIAN_POINT('',(-0.10724783867,5.211844608813));
#930 = CARTESIAN_POINT('',(-0.113823286275,5.249419305227));
#931 = CARTESIAN_POINT('',(-0.120242814104,5.287691025523));
#932 = CARTESIAN_POINT('',(-0.126495747926,5.326727219722));
#933 = CARTESIAN_POINT('',(-0.132568733407,5.366599559312));
#934 = CARTESIAN_POINT('',(-0.144927632079,5.452395097988));
#935 = CARTESIAN_POINT('',(-0.151169165847,5.49850544741));
#936 = CARTESIAN_POINT('',(-0.157150490915,5.545857595243));
#937 = CARTESIAN_POINT('',(-0.162840330375,5.594561850995));
#938 = CARTESIAN_POINT('',(-0.168198904444,5.644718516455));
#939 = CARTESIAN_POINT('',(-0.176623281559,5.732233667251));
#940 = CARTESIAN_POINT('',(-0.179886130621,5.768767847635));
#941 = CARTESIAN_POINT('',(-0.182949851618,5.806074349923));
#942 = CARTESIAN_POINT('',(-0.18579420084,5.844164788045));
#943 = CARTESIAN_POINT('',(-0.188396468742,5.883033035492));
#944 = CARTESIAN_POINT('',(-0.1924699429,5.95208104874));
#945 = CARTESIAN_POINT('',(-0.194059931778,5.981927142204));
#946 = CARTESIAN_POINT('',(-0.195493468474,6.012163659281));
#947 = CARTESIAN_POINT('',(-0.196760703537,6.042761442185));
#948 = CARTESIAN_POINT('',(-0.19785234567,6.073679998658));
#949 = CARTESIAN_POINT('',(-0.199614976826,6.13417787229));
#950 = CARTESIAN_POINT('',(-0.200307306001,6.163729963357));
#951 = CARTESIAN_POINT('',(-0.200831324873,6.193464816363));
#952 = CARTESIAN_POINT('',(-0.201182406102,6.223327422656));
#953 = CARTESIAN_POINT('',(-0.20135792079,6.253257594733));
#954 = CARTESIAN_POINT('',(-0.20135792079,6.28318530718));
#955 = ( GEOMETRIC_REPRESENTATION_CONTEXT(2) 
PARAMETRIC_REPRESENTATION_CONTEXT() REPRESENTATION_CONTEXT('2D SPACE',''
  ) );
#956 = ADVANCED_FACE('',(#957),#493,.T.);
#957 = FACE_BOUND('',#958,.F.);
#958 = EDGE_LOOP('',(#959,#960,#982,#983,#1098,#1165,#1189,#1256,#1339,
    #1340,#1341,#1342,#1452,#1515,#1516,#1578));
#959 = ORIENTED_EDGE('',*,*,#409,.F.);
#960 = ORIENTED_EDGE('',*,*,#961,.T.);
#961 = EDGE_CURVE('',#385,#540,#962,.T.);
#962 = SEAM_CURVE('',#963,(#968,#975),.PCURVE_S1.);
#963 = CIRCLE('',#964,150.);
#964 = AXIS2_PLACEMENT_3D('',#965,#966,#967);
#965 = CARTESIAN_POINT('',(3.325841263612E+04,1.107495339939E+04,6.8E+03
    ));
#966 = DIRECTION('',(0.,1.,0.));
#967 = DIRECTION('',(-0.,-0.,1.));
#968 = PCURVE('',#493,#969);
#969 = DEFINITIONAL_REPRESENTATION('',(#970),#974);
#970 = LINE('',#971,#972);
#971 = CARTESIAN_POINT('',(-0.,6.28318530718));
#972 = VECTOR('',#973,1.);
#973 = DIRECTION('',(-1.,0.));
#974 = ( GEOMETRIC_REPRESENTATION_CONTEXT(2) 
PARAMETRIC_REPRESENTATION_CONTEXT() REPRESENTATION_CONTEXT('2D SPACE',''
  ) );
#975 = PCURVE('',#493,#976);
#976 = DEFINITIONAL_REPRESENTATION('',(#977),#981);
#977 = LINE('',#978,#979);
#978 = CARTESIAN_POINT('',(-0.,0.));
#979 = VECTOR('',#980,1.);
#980 = DIRECTION('',(-1.,0.));
#981 = ( GEOMETRIC_REPRESENTATION_CONTEXT(2) 
PARAMETRIC_REPRESENTATION_CONTEXT() REPRESENTATION_CONTEXT('2D SPACE',''
  ) );
#982 = ORIENTED_EDGE('',*,*,#539,.T.);
#983 = ORIENTED_EDGE('',*,*,#984,.F.);
#984 = EDGE_CURVE('',#985,#410,#987,.T.);
#985 = VERTEX_POINT('',#986);
#986 = CARTESIAN_POINT('',(3.324007930279E+04,1.105120705464E+04,6.9E+03
    ));
#987 = SURFACE_CURVE('',#988,(#1021,#1057),.PCURVE_S1.);
#988 = B_SPLINE_CURVE_WITH_KNOTS('',6,(#989,#990,#991,#992,#993,#994,
    #995,#996,#997,#998,#999,#1000,#1001,#1002,#1003,#1004,#1005,#1006,
    #1007,#1008,#1009,#1010,#1011,#1012,#1013,#1014,#1015,#1016,#1017,
    #1018,#1019,#1020),.UNSPECIFIED.,.F.,.F.,(7,5,5,5,5,5,7),(0.,
    0.281662026875,0.580613301628,0.812583873803,0.927532744777,
    0.984736646604,1.),.UNSPECIFIED.);
#989 = CARTESIAN_POINT('',(3.324007930229E+04,1.105120705503E+04,
    6.8999999994E+03));
#990 = CARTESIAN_POINT('',(3.324084461763E+04,1.105061619433E+04,
    6.90091837781E+03));
#991 = CARTESIAN_POINT('',(3.324162350128E+04,1.105006209845E+04,
    6.901842917163E+03));
#992 = CARTESIAN_POINT('',(3.324241516434E+04,1.104954322958E+04,
    6.902772416221E+03));
#993 = CARTESIAN_POINT('',(3.324321893014E+04,1.104905854239E+04,
    6.903705893549E+03));
#994 = CARTESIAN_POINT('',(3.324403421222E+04,1.104860726555E+04,
    6.904642535643E+03));
#995 = CARTESIAN_POINT('',(3.324573754984E+04,1.104774478723E+04,
    6.906578482336E+03));
#996 = CARTESIAN_POINT('',(3.324662697238E+04,1.104733775997E+04,
    6.907578072168E+03));
#997 = CARTESIAN_POINT('',(3.324752818289E+04,1.104696715385E+04,
    6.908579648204E+03));
#998 = CARTESIAN_POINT('',(3.324844060192E+04,1.104663267369E+04,
    6.909582493466E+03));
#999 = CARTESIAN_POINT('',(3.324936366952E+04,1.104633424861E+04,
    6.910585962289E+03));
#1000 = CARTESIAN_POINT('',(3.325102094849E+04,1.104586854637E+04,
    6.912368150742E+03));
#1001 = CARTESIAN_POINT('',(3.32517511274E+04,1.104568686818E+04,
    6.913146843067E+03));
#1002 = CARTESIAN_POINT('',(3.325248712993E+04,1.104552705454E+04,
    6.913925277045E+03));
#1003 = CARTESIAN_POINT('',(3.325322868906E+04,1.104538925118E+04,
    6.914703180381E+03));
#1004 = CARTESIAN_POINT('',(3.32539755269E+04,1.104527367623E+04,
    6.915480284129E+03));
#1005 = CARTESIAN_POINT('',(3.325509990934E+04,1.104513449993E+04,
    6.916640873848E+03));
#1006 = CARTESIAN_POINT('',(3.325547368873E+04,1.10450939134E+04,
    6.91702516324E+03));
#1007 = CARTESIAN_POINT('',(3.325584865715E+04,1.10450588901E+04,
    6.91740915743E+03));
#1008 = CARTESIAN_POINT('',(3.325622477766E+04,1.104502946907E+04,
    6.917792823054E+03));
#1009 = CARTESIAN_POINT('',(3.325660201192E+04,1.104500569357E+04,
    6.918176126221E+03));
#1010 = CARTESIAN_POINT('',(3.325716858407E+04,1.104497861234E+04,
    6.918749584497E+03));
#1011 = CARTESIAN_POINT('',(3.325735691561E+04,1.104497103299E+04,
    6.918939837505E+03));
#1012 = CARTESIAN_POINT('',(3.32575453015E+04,1.104496487363E+04,
    6.919129780176E+03));
#1013 = CARTESIAN_POINT('',(3.325773372837E+04,1.104496013473E+04,
    6.919319401271E+03));
#1014 = CARTESIAN_POINT('',(3.325792218283E+04,1.104495681659E+04,
    6.919508689682E+03));
#1015 = CARTESIAN_POINT('',(3.325816093938E+04,1.104495441311E+04,
    6.919748049355E+03));
#1016 = CARTESIAN_POINT('',(3.325821124462E+04,1.104495400788E+04,
    6.919798456055E+03));
#1017 = CARTESIAN_POINT('',(3.325826156695E+04,1.104495370376E+04,
    6.919848854555E+03));
#1018 = CARTESIAN_POINT('',(3.325831190628E+04,1.104495350089E+04,
    6.919899244801E+03));
#1019 = CARTESIAN_POINT('',(3.325836226261E+04,1.104495339939E+04,
    6.919949626656E+03));
#1020 = CARTESIAN_POINT('',(3.325841263612E+04,1.104495339939E+04,
    6.919999999901E+03));
#1021 = PCURVE('',#493,#1022);
#1022 = DEFINITIONAL_REPRESENTATION('',(#1023),#1056);
#1023 = B_SPLINE_CURVE_WITH_KNOTS('',6,(#1024,#1025,#1026,#1027,#1028,
    #1029,#1030,#1031,#1032,#1033,#1034,#1035,#1036,#1037,#1038,#1039,
    #1040,#1041,#1042,#1043,#1044,#1045,#1046,#1047,#1048,#1049,#1050,
    #1051,#1052,#1053,#1054,#1055),.UNSPECIFIED.,.F.,.F.,(7,5,5,5,5,5,7)
  ,(0.,0.281662026875,0.580613301628,0.812583873803,0.927532744777,
    0.984736646604,1.),.UNSPECIFIED.);
#1024 = CARTESIAN_POINT('',(-6.101865526876,2.228259904232));
#1025 = CARTESIAN_POINT('',(-6.110898757186,2.196031139854));
#1026 = CARTESIAN_POINT('',(-6.119910987607,2.164193286513));
#1027 = CARTESIAN_POINT('',(-6.128889069112,2.132675607391));
#1028 = CARTESIAN_POINT('',(-6.137822767393,2.101421603494));
#1029 = CARTESIAN_POINT('',(-6.146704017942,2.070381155246));
#1030 = CARTESIAN_POINT('',(-6.164890820867,2.006739555464));
#1031 = CARTESIAN_POINT('',(-6.174188653701,1.974160599086));
#1032 = CARTESIAN_POINT('',(-6.183412567927,1.94171619555));
#1033 = CARTESIAN_POINT('',(-6.192556370552,1.909359393204));
#1034 = CARTESIAN_POINT('',(-6.201614955881,1.877046702714));
#1035 = CARTESIAN_POINT('',(-6.217543820179,1.819664435339));
#1036 = CARTESIAN_POINT('',(-6.224449575104,1.794594396098));
#1037 = CARTESIAN_POINT('',(-6.231299449802,1.769506274882));
#1038 = CARTESIAN_POINT('',(-6.238091620618,1.744381594279));
#1039 = CARTESIAN_POINT('',(-6.244824414927,1.719202296904));
#1040 = CARTESIAN_POINT('',(-6.254802427468,1.681436852646));
#1041 = CARTESIAN_POINT('',(-6.258093595929,1.668905708963));
#1042 = CARTESIAN_POINT('',(-6.261369610613,1.656354491441));
#1043 = CARTESIAN_POINT('',(-6.264630283086,1.643780998135));
#1044 = CARTESIAN_POINT('',(-6.267875427284,1.631183021034));
#1045 = CARTESIAN_POINT('',(-6.272711975119,1.612275720928));
#1046 = CARTESIAN_POINT('',(-6.27431350705,1.605993099775));
#1047 = CARTESIAN_POINT('',(-6.275909384676,1.599710482391));
#1048 = CARTESIAN_POINT('',(-6.277499539469,1.593427868593));
#1049 = CARTESIAN_POINT('',(-6.279083905002,1.587145258241));
#1050 = CARTESIAN_POINT('',(-6.281083601256,1.579186303158));
#1051 = CARTESIAN_POINT('',(-6.281504505597,1.577509415292));
#1052 = CARTESIAN_POINT('',(-6.281925128308,1.575831978816));
#1053 = CARTESIAN_POINT('',(-6.282345468869,1.574153987614));
#1054 = CARTESIAN_POINT('',(-6.282765527903,1.572475438275));
#1055 = CARTESIAN_POINT('',(-6.28318530718,1.570796330092));
#1056 = ( GEOMETRIC_REPRESENTATION_CONTEXT(2) 
PARAMETRIC_REPRESENTATION_CONTEXT() REPRESENTATION_CONTEXT('2D SPACE',''
  ) );
#1057 = PCURVE('',#1058,#1063);
#1058 = CYLINDRICAL_SURFACE('',#1059,30.);
#1059 = AXIS2_PLACEMENT_3D('',#1060,#1061,#1062);
#1060 = CARTESIAN_POINT('',(3.325841263612E+04,1.107495339939E+04,
    6.9E+03));
#1061 = DIRECTION('',(-0.,-0.,1.));
#1062 = DIRECTION('',(1.,-0.,-0.));
#1063 = DEFINITIONAL_REPRESENTATION('',(#1064),#1097);
#1064 = B_SPLINE_CURVE_WITH_KNOTS('',6,(#1065,#1066,#1067,#1068,#1069,
    #1070,#1071,#1072,#1073,#1074,#1075,#1076,#1077,#1078,#1079,#1080,
    #1081,#1082,#1083,#1084,#1085,#1086,#1087,#1088,#1089,#1090,#1091,
    #1092,#1093,#1094,#1095,#1096),.UNSPECIFIED.,.F.,.F.,(7,5,5,5,5,5,7)
  ,(0.,0.281662026875,0.580613301628,0.812583873803,0.927532744777,
    0.984736646604,1.),.UNSPECIFIED.);
#1065 = CARTESIAN_POINT('',(-2.228259904232,-6.E-07));
#1066 = CARTESIAN_POINT('',(-2.196031139853,0.918377810272));
#1067 = CARTESIAN_POINT('',(-2.164193286514,1.842917163479));
#1068 = CARTESIAN_POINT('',(-2.132675607391,2.772416221093));
#1069 = CARTESIAN_POINT('',(-2.101421603494,3.705893548696));
#1070 = CARTESIAN_POINT('',(-2.070381155246,4.642535642797));
#1071 = CARTESIAN_POINT('',(-2.006739555464,6.578482336117));
#1072 = CARTESIAN_POINT('',(-1.974160599086,7.578072167689));
#1073 = CARTESIAN_POINT('',(-1.94171619555,8.57964820428));
#1074 = CARTESIAN_POINT('',(-1.909359393204,9.582493466355));
#1075 = CARTESIAN_POINT('',(-1.877046702714,10.585962289129));
#1076 = CARTESIAN_POINT('',(-1.819664435339,12.368150741746));
#1077 = CARTESIAN_POINT('',(-1.794594396098,13.146843066793));
#1078 = CARTESIAN_POINT('',(-1.769506274882,13.925277044716));
#1079 = CARTESIAN_POINT('',(-1.744381594279,14.703180381232));
#1080 = CARTESIAN_POINT('',(-1.719202296904,15.480284128741));
#1081 = CARTESIAN_POINT('',(-1.681436852646,16.640873848133));
#1082 = CARTESIAN_POINT('',(-1.668905708963,17.025163239517));
#1083 = CARTESIAN_POINT('',(-1.656354491441,17.409157430422));
#1084 = CARTESIAN_POINT('',(-1.643780998135,17.792823053985));
#1085 = CARTESIAN_POINT('',(-1.631183021034,18.176126221419));
#1086 = CARTESIAN_POINT('',(-1.612275720928,18.749584497351));
#1087 = CARTESIAN_POINT('',(-1.605993099776,18.939837504779));
#1088 = CARTESIAN_POINT('',(-1.599710482392,19.129780175655));
#1089 = CARTESIAN_POINT('',(-1.593427868593,19.319401271142));
#1090 = CARTESIAN_POINT('',(-1.58714525824,19.508689682204));
#1091 = CARTESIAN_POINT('',(-1.579186303157,19.748049355158));
#1092 = CARTESIAN_POINT('',(-1.577509410904,19.7984560546));
#1093 = CARTESIAN_POINT('',(-1.575831974252,19.848854554741));
#1094 = CARTESIAN_POINT('',(-1.574153988386,19.899244800634));
#1095 = CARTESIAN_POINT('',(-1.572475443899,19.949626655574));
#1096 = CARTESIAN_POINT('',(-1.570796326795,19.999999901096));
#1097 = ( GEOMETRIC_REPRESENTATION_CONTEXT(2) 
PARAMETRIC_REPRESENTATION_CONTEXT() REPRESENTATION_CONTEXT('2D SPACE',''
  ) );
#1098 = ORIENTED_EDGE('',*,*,#1099,.T.);
#1099 = EDGE_CURVE('',#985,#1100,#1102,.T.);
#1100 = VERTEX_POINT('',#1101);
#1101 = CARTESIAN_POINT('',(3.325841263612E+04,1.105259271962E+04,
    6.9E+03));
#1102 = SURFACE_CURVE('',#1103,(#1120,#1140),.PCURVE_S1.);
#1103 = B_SPLINE_CURVE_WITH_KNOTS('',8,(#1104,#1105,#1106,#1107,#1108,
    #1109,#1110,#1111,#1112,#1113,#1114,#1115,#1116,#1117,#1118,#1119),
  .UNSPECIFIED.,.F.,.F.,(9,7,9),(0.,0.309042860718,1.),.UNSPECIFIED.);
#1104 = CARTESIAN_POINT('',(3.322241263612E+04,1.10482731803E+04,6.9E+03
    ));
#1105 = CARTESIAN_POINT('',(3.322379434995E+04,1.104851380452E+04,
    6.9E+03));
#1106 = CARTESIAN_POINT('',(3.322517563032E+04,1.104875687223E+04,
    6.9E+03));
#1107 = CARTESIAN_POINT('',(3.322655671922E+04,1.104900107362E+04,
    6.9E+03));
#1108 = CARTESIAN_POINT('',(3.322793785717E+04,1.104924506662E+04,
    6.9E+03));
#1109 = CARTESIAN_POINT('',(3.32293192841E+04,1.104948747221E+04,6.9E+03
    ));
#1110 = CARTESIAN_POINT('',(3.323070123908E+04,1.104972687554E+04,
    6.9E+03));
#1111 = CARTESIAN_POINT('',(3.323208395924E+04,1.104996183261E+04,
    6.9E+03));
#1112 = CARTESIAN_POINT('',(3.323656139083E+04,1.105070299216E+04,
    6.9E+03));
#1113 = CARTESIAN_POINT('',(3.323966057479E+04,1.105118565457E+04,
    6.9E+03));
#1114 = CARTESIAN_POINT('',(3.324276739578E+04,1.105162245349E+04,
    6.9E+03));
#1115 = CARTESIAN_POINT('',(3.324588300347E+04,1.105199644833E+04,
    6.9E+03));
#1116 = CARTESIAN_POINT('',(3.324900745254E+04,1.105229103095E+04,
    6.9E+03));
#1117 = CARTESIAN_POINT('',(3.32521395134E+04,1.105249216104E+04,6.9E+03
    ));
#1118 = CARTESIAN_POINT('',(3.325527619027E+04,1.105259271962E+04,
    6.9E+03));
#1119 = CARTESIAN_POINT('',(3.325841263612E+04,1.105259271962E+04,
    6.9E+03));
#1120 = PCURVE('',#493,#1121);
#1121 = DEFINITIONAL_REPRESENTATION('',(#1122),#1139);
#1122 = B_SPLINE_CURVE_WITH_KNOTS('',8,(#1123,#1124,#1125,#1126,#1127,
    #1128,#1129,#1130,#1131,#1132,#1133,#1134,#1135,#1136,#1137,#1138),
  .UNSPECIFIED.,.F.,.F.,(9,7,9),(0.,0.309042860718,1.),.UNSPECIFIED.);
#1123 = CARTESIAN_POINT('',(-5.937629726598,2.045691547469));
#1124 = CARTESIAN_POINT('',(-5.949861612455,2.063233134028));
#1125 = CARTESIAN_POINT('',(-5.962212776155,2.080268861221));
#1126 = CARTESIAN_POINT('',(-5.974681815744,2.096780515389));
#1127 = CARTESIAN_POINT('',(-5.987267035715,2.11274714802));
#1128 = CARTESIAN_POINT('',(-5.999966436117,2.128145065256));
#1129 = CARTESIAN_POINT('',(-6.012777695325,2.142947945751));
#1130 = CARTESIAN_POINT('',(-6.025698146494,2.157127086908));
#1131 = CARTESIAN_POINT('',(-6.067849585106,2.200890248216));
#1132 = CARTESIAN_POINT('',(-6.097509574035,2.227862005917));
#1133 = CARTESIAN_POINT('',(-6.127666871405,2.251217743933));
#1134 = CARTESIAN_POINT('',(-6.158265180546,2.270552673996));
#1135 = CARTESIAN_POINT('',(-6.189227497894,2.28543938047));
#1136 = CARTESIAN_POINT('',(-6.220454080899,2.295496085075));
#1137 = CARTESIAN_POINT('',(-6.25182084862,2.300523983022));
#1138 = CARTESIAN_POINT('',(-6.28318530718,2.300523983022));
#1139 = ( GEOMETRIC_REPRESENTATION_CONTEXT(2) 
PARAMETRIC_REPRESENTATION_CONTEXT() REPRESENTATION_CONTEXT('2D SPACE',''
  ) );
#1140 = PCURVE('',#1141,#1146);
#1141 = PLANE('',#1142);
#1142 = AXIS2_PLACEMENT_3D('',#1143,#1144,#1145);
#1143 = CARTESIAN_POINT('',(3.325841263612E+04,1.107495339939E+04,
    6.9E+03));
#1144 = DIRECTION('',(-0.,-0.,1.));
#1145 = DIRECTION('',(-1.,0.,0.));
#1146 = DEFINITIONAL_REPRESENTATION('',(#1147),#1164);
#1147 = B_SPLINE_CURVE_WITH_KNOTS('',8,(#1148,#1149,#1150,#1151,#1152,
    #1153,#1154,#1155,#1156,#1157,#1158,#1159,#1160,#1161,#1162,#1163),
  .UNSPECIFIED.,.F.,.F.,(9,7,9),(0.,0.309042860718,1.),.UNSPECIFIED.);
#1148 = CARTESIAN_POINT('',(36.,26.680219090664));
#1149 = CARTESIAN_POINT('',(34.618286173623,26.43959486874));
#1150 = CARTESIAN_POINT('',(33.23700580169,26.196527161657));
#1151 = CARTESIAN_POINT('',(31.855916905217,25.952325767485));
#1152 = CARTESIAN_POINT('',(30.474778948177,25.708332774844));
#1153 = CARTESIAN_POINT('',(29.093352024116,25.465927183594));
#1154 = CARTESIAN_POINT('',(27.711397038038,25.226523853929));
#1155 = CARTESIAN_POINT('',(26.328676883582,24.991566783898));
#1156 = CARTESIAN_POINT('',(21.851245290803,24.250407230724));
#1157 = CARTESIAN_POINT('',(18.752061332947,23.76774482473));
#1158 = CARTESIAN_POINT('',(15.645240342768,23.330945899233));
#1159 = CARTESIAN_POINT('',(12.52963265447,22.956951062093));
#1160 = CARTESIAN_POINT('',(9.405183578398,22.662368437126));
#1161 = CARTESIAN_POINT('',(6.273122726074,22.461238352458));
#1162 = CARTESIAN_POINT('',(3.136445855962,22.360679774996));
#1163 = CARTESIAN_POINT('',(0.,22.360679774996));
#1164 = ( GEOMETRIC_REPRESENTATION_CONTEXT(2) 
PARAMETRIC_REPRESENTATION_CONTEXT() REPRESENTATION_CONTEXT('2D SPACE',''
  ) );
#1165 = ORIENTED_EDGE('',*,*,#1166,.T.);
#1166 = EDGE_CURVE('',#1100,#1167,#1169,.T.);
#1167 = VERTEX_POINT('',#1168);
#1168 = CARTESIAN_POINT('',(3.325841263612E+04,1.109731407917E+04,
    6.9E+03));
#1169 = SEAM_CURVE('',#1170,(#1175,#1182),.PCURVE_S1.);
#1170 = CIRCLE('',#1171,30.);
#1171 = AXIS2_PLACEMENT_3D('',#1172,#1173,#1174);
#1172 = CARTESIAN_POINT('',(3.325841263612E+04,1.107495339939E+04,
    6.92E+03));
#1173 = DIRECTION('',(1.,-0.,2.449293598295E-16));
#1174 = DIRECTION('',(-2.449293598295E-16,-0.,1.));
#1175 = PCURVE('',#493,#1176);
#1176 = DEFINITIONAL_REPRESENTATION('',(#1177),#1181);
#1177 = LINE('',#1178,#1179);
#1178 = CARTESIAN_POINT('',(-0.,-0.));
#1179 = VECTOR('',#1180,1.);
#1180 = DIRECTION('',(-0.,1.));
#1181 = ( GEOMETRIC_REPRESENTATION_CONTEXT(2) 
PARAMETRIC_REPRESENTATION_CONTEXT() REPRESENTATION_CONTEXT('2D SPACE',''
  ) );
#1182 = PCURVE('',#493,#1183);
#1183 = DEFINITIONAL_REPRESENTATION('',(#1184),#1188);
#1184 = LINE('',#1185,#1186);
#1185 = CARTESIAN_POINT('',(-6.28318530718,-0.));
#1186 = VECTOR('',#1187,1.);
#1187 = DIRECTION('',(-0.,1.));
#1188 = ( GEOMETRIC_REPRESENTATION_CONTEXT(2) 
PARAMETRIC_REPRESENTATION_CONTEXT() REPRESENTATION_CONTEXT('2D SPACE',''
  ) );
#1189 = ORIENTED_EDGE('',*,*,#1190,.T.);
#1190 = EDGE_CURVE('',#1167,#1191,#1193,.T.);
#1191 = VERTEX_POINT('',#1192);
#1192 = CARTESIAN_POINT('',(3.324007930279E+04,1.109869974414E+04,
    6.9E+03));
#1193 = SURFACE_CURVE('',#1194,(#1211,#1231),.PCURVE_S1.);
#1194 = B_SPLINE_CURVE_WITH_KNOTS('',8,(#1195,#1196,#1197,#1198,#1199,
    #1200,#1201,#1202,#1203,#1204,#1205,#1206,#1207,#1208,#1209,#1210),
  .UNSPECIFIED.,.F.,.F.,(9,7,9),(0.,0.682383698335,1.),.UNSPECIFIED.);
#1195 = CARTESIAN_POINT('',(3.325841263612E+04,1.109731407917E+04,
    6.9E+03));
#1196 = CARTESIAN_POINT('',(3.325531512271E+04,1.109731407917E+04,
    6.9E+03));
#1197 = CARTESIAN_POINT('',(3.325221737051E+04,1.109741215672E+04,
    6.9E+03));
#1198 = CARTESIAN_POINT('',(3.32491240483E+04,1.109760832622E+04,6.9E+03
    ));
#1199 = CARTESIAN_POINT('',(3.324603807094E+04,1.109789581597E+04,
    6.9E+03));
#1200 = CARTESIAN_POINT('',(3.324296067731E+04,1.109826126882E+04,
    6.9E+03));
#1201 = CARTESIAN_POINT('',(3.323989186997E+04,1.109868877443E+04,
    6.9E+03));
#1202 = CARTESIAN_POINT('',(3.323683059712E+04,1.109916203447E+04,
    6.9E+03));
#1203 = CARTESIAN_POINT('',(3.323235251969E+04,1.109989940648E+04,
    6.9E+03));
#1204 = CARTESIAN_POINT('',(3.323093130197E+04,1.110014010457E+04,
    6.9E+03));
#1205 = CARTESIAN_POINT('',(3.322951092632E+04,1.11003857111E+04,6.9E+03
    ));
#1206 = CARTESIAN_POINT('',(3.322809113665E+04,1.110063465482E+04,
    6.9E+03));
#1207 = CARTESIAN_POINT('',(3.322667167396E+04,1.110088539643E+04,
    6.9E+03));
#1208 = CARTESIAN_POINT('',(3.322525227781E+04,1.110113643673E+04,
    6.9E+03));
#1209 = CARTESIAN_POINT('',(3.322383268649E+04,1.110138631799E+04,
    6.9E+03));
#1210 = CARTESIAN_POINT('',(3.322241263612E+04,1.110163361848E+04,
    6.9E+03));
#1211 = PCURVE('',#493,#1212);
#1212 = DEFINITIONAL_REPRESENTATION('',(#1213),#1230);
#1213 = B_SPLINE_CURVE_WITH_KNOTS('',8,(#1214,#1215,#1216,#1217,#1218,
    #1219,#1220,#1221,#1222,#1223,#1224,#1225,#1226,#1227,#1228,#1229),
  .UNSPECIFIED.,.F.,.F.,(9,7,9),(0.,0.682383698335,1.),.UNSPECIFIED.);
#1214 = CARTESIAN_POINT('',(-6.28318530718,3.982661324158));
#1215 = CARTESIAN_POINT('',(-6.252210173017,3.982661324158));
#1216 = CARTESIAN_POINT('',(-6.221232651935,3.987565173089));
#1217 = CARTESIAN_POINT('',(-6.190389997683,3.997373833648));
#1218 = CARTESIAN_POINT('',(-6.159802020758,4.011898238075));
#1219 = CARTESIAN_POINT('',(-6.129565509493,4.030775051602));
#1220 = CARTESIAN_POINT('',(-6.099755532848,4.053594009417));
#1221 = CARTESIAN_POINT('',(-6.070427330483,4.079964163438));
#1222 = CARTESIAN_POINT('',(-6.028209282455,4.123314495148));
#1223 = CARTESIAN_POINT('',(-6.014911700695,4.137779978938));
#1224 = CARTESIAN_POINT('',(-6.001729052531,4.152908531049));
#1225 = CARTESIAN_POINT('',(-5.98866428465,4.168668695289));
#1226 = CARTESIAN_POINT('',(-5.975719950724,4.185031652554));
#1227 = CARTESIAN_POINT('',(-5.962898239271,4.20197151586));
#1228 = CARTESIAN_POINT('',(-5.950200993994,4.219465470552));
#1229 = CARTESIAN_POINT('',(-5.937629726598,4.23749375971));
#1230 = ( GEOMETRIC_REPRESENTATION_CONTEXT(2) 
PARAMETRIC_REPRESENTATION_CONTEXT() REPRESENTATION_CONTEXT('2D SPACE',''
  ) );
#1231 = PCURVE('',#1232,#1237);
#1232 = PLANE('',#1233);
#1233 = AXIS2_PLACEMENT_3D('',#1234,#1235,#1236);
#1234 = CARTESIAN_POINT('',(3.325841263612E+04,1.107495339939E+04,
    6.9E+03));
#1235 = DIRECTION('',(-0.,-0.,1.));
#1236 = DIRECTION('',(-1.,0.,0.));
#1237 = DEFINITIONAL_REPRESENTATION('',(#1238),#1255);
#1238 = B_SPLINE_CURVE_WITH_KNOTS('',8,(#1239,#1240,#1241,#1242,#1243,
    #1244,#1245,#1246,#1247,#1248,#1249,#1250,#1251,#1252,#1253,#1254),
  .UNSPECIFIED.,.F.,.F.,(9,7,9),(0.,0.682383698335,1.),.UNSPECIFIED.);
#1239 = CARTESIAN_POINT('',(0.,-22.360679775));
#1240 = CARTESIAN_POINT('',(3.097513416302,-22.360679775));
#1241 = CARTESIAN_POINT('',(6.19526561239,-22.45875732686));
#1242 = CARTESIAN_POINT('',(9.288587819115,-22.65492683055));
#1243 = CARTESIAN_POINT('',(12.374565186758,-22.94241657931));
#1244 = CARTESIAN_POINT('',(15.451958812439,-23.30786943006));
#1245 = CARTESIAN_POINT('',(18.520766150577,-23.73537504268));
#1246 = CARTESIAN_POINT('',(21.582039006214,-24.20863507424));
#1247 = CARTESIAN_POINT('',(26.060116431698,-24.94600708815));
#1248 = CARTESIAN_POINT('',(27.481334157179,-25.1867051751));
#1249 = CARTESIAN_POINT('',(28.90170980637,-25.43231170747));
#1250 = CARTESIAN_POINT('',(30.321499477199,-25.68125542942));
#1251 = CARTESIAN_POINT('',(31.740962160722,-25.93199703973));
#1252 = CARTESIAN_POINT('',(33.160358315872,-26.18303734068));
#1253 = CARTESIAN_POINT('',(34.579949634979,-26.43291859496));
#1254 = CARTESIAN_POINT('',(36.,-26.68021909066));
#1255 = ( GEOMETRIC_REPRESENTATION_CONTEXT(2) 
PARAMETRIC_REPRESENTATION_CONTEXT() REPRESENTATION_CONTEXT('2D SPACE',''
  ) );
#1256 = ORIENTED_EDGE('',*,*,#1257,.F.);
#1257 = EDGE_CURVE('',#665,#1191,#1258,.T.);
#1258 = SURFACE_CURVE('',#1259,(#1282,#1308),.PCURVE_S1.);
#1259 = B_SPLINE_CURVE_WITH_KNOTS('',6,(#1260,#1261,#1262,#1263,#1264,
    #1265,#1266,#1267,#1268,#1269,#1270,#1271,#1272,#1273,#1274,#1275,
    #1276,#1277,#1278,#1279,#1280,#1281),.UNSPECIFIED.,.F.,.F.,(7,5,5,5,
    7),(0.,8.572804263311E-03,0.412554321142,0.711689860638,1.),
  .UNSPECIFIED.);
#1260 = CARTESIAN_POINT('',(3.325841263612E+04,1.110495339939E+04,
    6.919999999764E+03));
#1261 = CARTESIAN_POINT('',(3.325838418906E+04,1.110495339939E+04,
    6.919971553257E+03));
#1262 = CARTESIAN_POINT('',(3.32583557479E+04,1.110495336702E+04,
    6.919943103797E+03));
#1263 = CARTESIAN_POINT('',(3.325832731219E+04,1.110495330231E+04,
    6.919914651627E+03));
#1264 = CARTESIAN_POINT('',(3.325829888174E+04,1.110495320527E+04,
    6.919886196868E+03));
#1265 = CARTESIAN_POINT('',(3.32582704566E+04,1.110495307593E+04,
    6.919857739522E+03));
#1266 = CARTESIAN_POINT('',(3.325690280451E+04,1.110494529847E+04,
    6.918488138944E+03));
#1267 = CARTESIAN_POINT('',(3.325557574074E+04,1.110486600659E+04,
    6.917141172311E+03));
#1268 = CARTESIAN_POINT('',(3.325426261702E+04,1.110471741134E+04,
    6.915789859913E+03));
#1269 = CARTESIAN_POINT('',(3.325296504676E+04,1.110450120147E+04,
    6.914435654626E+03));
#1270 = CARTESIAN_POINT('',(3.325168448253E+04,1.110421851324E+04,
    6.913079977005E+03));
#1271 = CARTESIAN_POINT('',(3.324948757256E+04,1.110361144417E+04,
    6.910720334821E+03));
#1272 = CARTESIAN_POINT('',(3.324856298456E+04,1.110331693283E+04,
    6.909716435124E+03));
#1273 = CARTESIAN_POINT('',(3.324764900402E+04,1.110298634007E+04,
    6.908713103768E+03));
#1274 = CARTESIAN_POINT('',(3.324674619088E+04,1.11026196104E+04,
    6.907710983375E+03));
#1275 = CARTESIAN_POINT('',(3.324585512314E+04,1.110221646541E+04,
    6.906710785967E+03));
#1276 = CARTESIAN_POINT('',(3.32441294826E+04,1.110135205052E+04,
    6.904751932683E+03));
#1277 = CARTESIAN_POINT('',(3.324329405953E+04,1.11008934254E+04,
    6.903793114323E+03));
#1278 = CARTESIAN_POINT('',(3.324247065401E+04,1.110039986669E+04,
    6.90283755074E+03));
#1279 = CARTESIAN_POINT('',(3.324165989085E+04,1.109987056244E+04,
    6.901886106351E+03));
#1280 = CARTESIAN_POINT('',(3.32408624922E+04,1.109930440449E+04,
    6.9009398273E+03));
#1281 = CARTESIAN_POINT('',(3.324007930229E+04,1.109869974375E+04,
    6.8999999994E+03));
#1282 = PCURVE('',#493,#1283);
#1283 = DEFINITIONAL_REPRESENTATION('',(#1284),#1307);
#1284 = B_SPLINE_CURVE_WITH_KNOTS('',6,(#1285,#1286,#1287,#1288,#1289,
    #1290,#1291,#1292,#1293,#1294,#1295,#1296,#1297,#1298,#1299,#1300,
    #1301,#1302,#1303,#1304,#1305,#1306),.UNSPECIFIED.,.F.,.F.,(7,5,5,5,
    7),(0.,8.572804263311E-03,0.412554321142,0.711689860638,1.),
  .UNSPECIFIED.);
#1285 = CARTESIAN_POINT('',(-6.28318530718,4.712388972515));
#1286 = CARTESIAN_POINT('',(-6.282948248358,4.711440755624));
#1287 = CARTESIAN_POINT('',(-6.282711103781,4.710492710034));
#1288 = CARTESIAN_POINT('',(-6.282473869735,4.709544842396));
#1289 = CARTESIAN_POINT('',(-6.282236544505,4.70859715534));
#1290 = CARTESIAN_POINT('',(-6.281999128373,4.707649647474));
#1291 = CARTESIAN_POINT('',(-6.270569541248,4.662060507432));
#1292 = CARTESIAN_POINT('',(-6.259178737492,4.617810719893));
#1293 = CARTESIAN_POINT('',(-6.247596607858,4.573852397761));
#1294 = CARTESIAN_POINT('',(-6.23583129805,4.530093233552));
#1295 = CARTESIAN_POINT('',(-6.223891750915,4.486439892003));
#1296 = CARTESIAN_POINT('',(-6.20282532174,4.410465142807));
#1297 = CARTESIAN_POINT('',(-6.193772954453,4.378144089629));
#1298 = CARTESIAN_POINT('',(-6.184634876113,4.34578273766));
#1299 = CARTESIAN_POINT('',(-6.175416137233,4.313337768345));
#1300 = CARTESIAN_POINT('',(-6.166122854281,4.280762470763));
#1301 = CARTESIAN_POINT('',(-6.147740871885,4.216427855945));
#1302 = CARTESIAN_POINT('',(-6.138657230321,4.184682674573));
#1303 = CARTESIAN_POINT('',(-6.129518072762,4.152717497053));
#1304 = CARTESIAN_POINT('',(-6.12033194313,4.120478974493));
#1305 = CARTESIAN_POINT('',(-6.111109735778,4.08790689687));
#1306 = CARTESIAN_POINT('',(-6.101865526876,4.054925402947));
#1307 = ( GEOMETRIC_REPRESENTATION_CONTEXT(2) 
PARAMETRIC_REPRESENTATION_CONTEXT() REPRESENTATION_CONTEXT('2D SPACE',''
  ) );
#1308 = PCURVE('',#1309,#1314);
#1309 = CYLINDRICAL_SURFACE('',#1310,30.);
#1310 = AXIS2_PLACEMENT_3D('',#1311,#1312,#1313);
#1311 = CARTESIAN_POINT('',(3.325841263612E+04,1.107495339939E+04,
    6.9E+03));
#1312 = DIRECTION('',(-0.,-0.,1.));
#1313 = DIRECTION('',(1.,-0.,-0.));
#1314 = DEFINITIONAL_REPRESENTATION('',(#1315),#1338);
#1315 = B_SPLINE_CURVE_WITH_KNOTS('',6,(#1316,#1317,#1318,#1319,#1320,
    #1321,#1322,#1323,#1324,#1325,#1326,#1327,#1328,#1329,#1330,#1331,
    #1332,#1333,#1334,#1335,#1336,#1337),.UNSPECIFIED.,.F.,.F.,(7,5,5,5,
    7),(0.,8.572804263311E-03,0.412554321142,0.711689860638,1.),
  .UNSPECIFIED.);
#1316 = CARTESIAN_POINT('',(-4.712388980385,19.999999763908));
#1317 = CARTESIAN_POINT('',(-4.711440745102,19.971553257148));
#1318 = CARTESIAN_POINT('',(-4.710492706271,19.943103797258));
#1319 = CARTESIAN_POINT('',(-4.709544847796,19.914651626961));
#1320 = CARTESIAN_POINT('',(-4.708597161568,19.886196868239));
#1321 = CARTESIAN_POINT('',(-4.707649647471,19.857739522334));
#1322 = CARTESIAN_POINT('',(-4.662060507449,18.488138943933));
#1323 = CARTESIAN_POINT('',(-4.617810719861,17.141172311048));
#1324 = CARTESIAN_POINT('',(-4.573852397789,15.789859913273));
#1325 = CARTESIAN_POINT('',(-4.530093233542,14.435654626236));
#1326 = CARTESIAN_POINT('',(-4.486439892003,13.079977004771));
#1327 = CARTESIAN_POINT('',(-4.410465142807,10.720334820566));
#1328 = CARTESIAN_POINT('',(-4.378144089628,9.716435124378));
#1329 = CARTESIAN_POINT('',(-4.345782737659,8.713103768454));
#1330 = CARTESIAN_POINT('',(-4.313337768345,7.710983375136));
#1331 = CARTESIAN_POINT('',(-4.280762470763,6.710785967317));
#1332 = CARTESIAN_POINT('',(-4.216427855945,4.751932682533));
#1333 = CARTESIAN_POINT('',(-4.184682674574,3.793114322919));
#1334 = CARTESIAN_POINT('',(-4.152717497053,2.837550740073));
#1335 = CARTESIAN_POINT('',(-4.120478974493,1.886106351087));
#1336 = CARTESIAN_POINT('',(-4.08790689687,0.939827300352));
#1337 = CARTESIAN_POINT('',(-4.054925402947,-6.E-07));
#1338 = ( GEOMETRIC_REPRESENTATION_CONTEXT(2) 
PARAMETRIC_REPRESENTATION_CONTEXT() REPRESENTATION_CONTEXT('2D SPACE',''
  ) );
#1339 = ORIENTED_EDGE('',*,*,#664,.F.);
#1340 = ORIENTED_EDGE('',*,*,#961,.F.);
#1341 = ORIENTED_EDGE('',*,*,#819,.F.);
#1342 = ORIENTED_EDGE('',*,*,#1343,.F.);
#1343 = EDGE_CURVE('',#1344,#665,#1346,.T.);
#1344 = VERTEX_POINT('',#1345);
#1345 = CARTESIAN_POINT('',(3.327674596946E+04,1.109869974414E+04,
    6.9E+03));
#1346 = SURFACE_CURVE('',#1347,(#1380,#1416),.PCURVE_S1.);
#1347 = B_SPLINE_CURVE_WITH_KNOTS('',6,(#1348,#1349,#1350,#1351,#1352,
    #1353,#1354,#1355,#1356,#1357,#1358,#1359,#1360,#1361,#1362,#1363,
    #1364,#1365,#1366,#1367,#1368,#1369,#1370,#1371,#1372,#1373,#1374,
    #1375,#1376,#1377,#1378,#1379),.UNSPECIFIED.,.F.,.F.,(7,5,5,5,5,5,7)
  ,(0.,0.288250403775,0.587323964866,0.819285827535,0.934198653439,
    0.991379474683,1.),.UNSPECIFIED.);
#1348 = CARTESIAN_POINT('',(3.327674596996E+04,1.109869974375E+04,
    6.8999999994E+03));
#1349 = CARTESIAN_POINT('',(3.327596278004E+04,1.109930440449E+04,
    6.9009398273E+03));
#1350 = CARTESIAN_POINT('',(3.32751653814E+04,1.109987056244E+04,
    6.90188610635E+03));
#1351 = CARTESIAN_POINT('',(3.327435461824E+04,1.110039986669E+04,
    6.902837550739E+03));
#1352 = CARTESIAN_POINT('',(3.327353121271E+04,1.11008934254E+04,
    6.903793114321E+03));
#1353 = CARTESIAN_POINT('',(3.327269578965E+04,1.110135205052E+04,
    6.904751932681E+03));
#1354 = CARTESIAN_POINT('',(3.327097014911E+04,1.110221646541E+04,
    6.906710785965E+03));
#1355 = CARTESIAN_POINT('',(3.327007908137E+04,1.11026196104E+04,
    6.907710983373E+03));
#1356 = CARTESIAN_POINT('',(3.326917626822E+04,1.110298634006E+04,
    6.908713103766E+03));
#1357 = CARTESIAN_POINT('',(3.326826228769E+04,1.110331693282E+04,
    6.909716435122E+03));
#1358 = CARTESIAN_POINT('',(3.326733769968E+04,1.110361144417E+04,
    6.910720334818E+03));
#1359 = CARTESIAN_POINT('',(3.326567812E+04,1.110407003351E+04,
    6.912502844931E+03));
#1360 = CARTESIAN_POINT('',(3.326494714916E+04,1.110424854841E+04,
    6.9132814496E+03));
#1361 = CARTESIAN_POINT('',(3.326421038595E+04,1.110440518688E+04,
    6.9140597646E+03));
#1362 = CARTESIAN_POINT('',(3.326346809809E+04,1.110453979698E+04,
    6.914837518186E+03));
#1363 = CARTESIAN_POINT('',(3.326272056457E+04,1.110465215456E+04,
    6.915614441478E+03));
#1364 = CARTESIAN_POINT('',(3.326159529644E+04,1.110478646188E+04,
    6.916774608717E+03));
#1365 = CARTESIAN_POINT('',(3.326122130158E+04,1.110482542257E+04,
    6.917158679682E+03));
#1366 = CARTESIAN_POINT('',(3.326084612702E+04,1.110485881502E+04,
    6.917542447946E+03));
#1367 = CARTESIAN_POINT('',(3.326046980989E+04,1.110488659948E+04,
    6.9179258801E+03));
#1368 = CARTESIAN_POINT('',(3.326009238873E+04,1.110490873201E+04,
    6.918308942182E+03));
#1369 = CARTESIAN_POINT('',(3.325952556855E+04,1.110493334132E+04,
    6.91888201072E+03));
#1370 = CARTESIAN_POINT('',(3.325933717185E+04,1.110494009802E+04,
    6.919072117656E+03));
#1371 = CARTESIAN_POINT('',(3.325914872677E+04,1.1104945434E+04,
    6.919261909141E+03));
#1372 = CARTESIAN_POINT('',(3.325896024672E+04,1.110494934885E+04,
    6.919451373961E+03));
#1373 = CARTESIAN_POINT('',(3.325877174507E+04,1.110495184232E+04,
    6.919640501046E+03));
#1374 = CARTESIAN_POINT('',(3.325855481565E+04,1.110495307593E+04,
    6.91985773952E+03));
#1375 = CARTESIAN_POINT('',(3.32585263905E+04,1.110495320527E+04,
    6.919886196864E+03));
#1376 = CARTESIAN_POINT('',(3.325849796005E+04,1.110495330231E+04,
    6.919914651622E+03));
#1377 = CARTESIAN_POINT('',(3.325846952435E+04,1.110495336702E+04,
    6.919943103795E+03));
#1378 = CARTESIAN_POINT('',(3.325844108319E+04,1.110495339939E+04,
    6.919971553256E+03));
#1379 = CARTESIAN_POINT('',(3.325841263612E+04,1.110495339939E+04,
    6.919999999757E+03));
#1380 = PCURVE('',#493,#1381);
#1381 = DEFINITIONAL_REPRESENTATION('',(#1382),#1415);
#1382 = B_SPLINE_CURVE_WITH_KNOTS('',6,(#1383,#1384,#1385,#1386,#1387,
    #1388,#1389,#1390,#1391,#1392,#1393,#1394,#1395,#1396,#1397,#1398,
    #1399,#1400,#1401,#1402,#1403,#1404,#1405,#1406,#1407,#1408,#1409,
    #1410,#1411,#1412,#1413,#1414),.UNSPECIFIED.,.F.,.F.,(7,5,5,5,5,5,7)
  ,(0.,0.288250403775,0.587323964866,0.819285827535,0.934198653439,
    0.991379474683,1.),.UNSPECIFIED.);
#1383 = CARTESIAN_POINT('',(-0.181319780303,4.054925402947));
#1384 = CARTESIAN_POINT('',(-0.172075571406,4.087906896856));
#1385 = CARTESIAN_POINT('',(-0.162853364057,4.120478974467));
#1386 = CARTESIAN_POINT('',(-0.153667234429,4.152717497014));
#1387 = CARTESIAN_POINT('',(-0.144528076874,4.184682674522));
#1388 = CARTESIAN_POINT('',(-0.135444435313,4.21642785588));
#1389 = CARTESIAN_POINT('',(-0.11706245292,4.280762470686));
#1390 = CARTESIAN_POINT('',(-0.107769169968,4.313337768268));
#1391 = CARTESIAN_POINT('',(-9.855043108823E-02,4.345782737583));
#1392 = CARTESIAN_POINT('',(-8.941235274855E-02,4.378144089552));
#1393 = CARTESIAN_POINT('',(-8.035998546104E-02,4.41046514273));
#1394 = CARTESIAN_POINT('',(-6.444607983051E-02,4.467857640478));
#1395 = CARTESIAN_POINT('',(-5.754883463907E-02,4.492928075901));
#1396 = CARTESIAN_POINT('',(-5.070767465551E-02,4.518018749816));
#1397 = CARTESIAN_POINT('',(-4.39244081905E-02,4.543148090472));
#1398 = CARTESIAN_POINT('',(-3.72006973355E-02,4.56833412781));
#1399 = CARTESIAN_POINT('',(-2.723743897179E-02,4.60610929345));
#1400 = CARTESIAN_POINT('',(-2.395180266861E-02,4.618641846152));
#1401 = CARTESIAN_POINT('',(-2.068135329455E-02,4.631194968236));
#1402 = CARTESIAN_POINT('',(-1.742627857686E-02,4.643770859935));
#1403 = CARTESIAN_POINT('',(-1.418676411201E-02,4.656371728664));
#1404 = CARTESIAN_POINT('',(-9.35883945758E-03,4.675283533727));
#1405 = CARTESIAN_POINT('',(-7.760301802616E-03,4.68156728255));
#1406 = CARTESIAN_POINT('',(-6.167450536649E-03,4.687851034936));
#1407 = CARTESIAN_POINT('',(-4.580353605512E-03,4.69413479069));
#1408 = CARTESIAN_POINT('',(-2.999076765064E-03,4.700418549973));
#1409 = CARTESIAN_POINT('',(-1.186178828235E-03,4.707649647385));
#1410 = CARTESIAN_POINT('',(-9.487626707785E-04,4.708597155184));
#1411 = CARTESIAN_POINT('',(-7.114374480736E-04,4.709544842237));
#1412 = CARTESIAN_POINT('',(-4.742034473059E-04,4.710492709948));
#1413 = CARTESIAN_POINT('',(-2.37058903596E-04,4.711440755588));
#1414 = CARTESIAN_POINT('',(0.,4.712388972297));
#1415 = ( GEOMETRIC_REPRESENTATION_CONTEXT(2) 
PARAMETRIC_REPRESENTATION_CONTEXT() REPRESENTATION_CONTEXT('2D SPACE',''
  ) );
#1416 = PCURVE('',#1309,#1417);
#1417 = DEFINITIONAL_REPRESENTATION('',(#1418),#1451);
#1418 = B_SPLINE_CURVE_WITH_KNOTS('',6,(#1419,#1420,#1421,#1422,#1423,
    #1424,#1425,#1426,#1427,#1428,#1429,#1430,#1431,#1432,#1433,#1434,
    #1435,#1436,#1437,#1438,#1439,#1440,#1441,#1442,#1443,#1444,#1445,
    #1446,#1447,#1448,#1449,#1450),.UNSPECIFIED.,.F.,.F.,(7,5,5,5,5,5,7)
  ,(0.,0.288250403775,0.587323964866,0.819285827535,0.934198653439,
    0.991379474683,1.),.UNSPECIFIED.);
#1419 = CARTESIAN_POINT('',(-5.369852557822,-6.E-07));
#1420 = CARTESIAN_POINT('',(-5.336871063913,0.939827299969));
#1421 = CARTESIAN_POINT('',(-5.304298986302,1.886106350319));
#1422 = CARTESIAN_POINT('',(-5.272060463756,2.83755073891));
#1423 = CARTESIAN_POINT('',(-5.240095286248,3.793114321365));
#1424 = CARTESIAN_POINT('',(-5.208350104889,4.751932680581));
#1425 = CARTESIAN_POINT('',(-5.144015490084,6.710785964958));
#1426 = CARTESIAN_POINT('',(-5.111440192501,7.710983372771));
#1427 = CARTESIAN_POINT('',(-5.078995223186,8.713103766073));
#1428 = CARTESIAN_POINT('',(-5.046633871218,9.716435121995));
#1429 = CARTESIAN_POINT('',(-5.014312818039,10.720334818176));
#1430 = CARTESIAN_POINT('',(-4.956920320291,12.502844930765));
#1431 = CARTESIAN_POINT('',(-4.931849884868,13.281449599726));
#1432 = CARTESIAN_POINT('',(-4.906759210954,14.059764599606));
#1433 = CARTESIAN_POINT('',(-4.881629870297,14.837518185577));
#1434 = CARTESIAN_POINT('',(-4.85644383296,15.614441478248));
#1435 = CARTESIAN_POINT('',(-4.81866866732,16.774608717293));
#1436 = CARTESIAN_POINT('',(-4.806136114617,17.15867968182));
#1437 = CARTESIAN_POINT('',(-4.793582992533,17.542447946399));
#1438 = CARTESIAN_POINT('',(-4.781007100834,17.925880099716));
#1439 = CARTESIAN_POINT('',(-4.768406232106,18.308942181727));
#1440 = CARTESIAN_POINT('',(-4.749494427042,18.882010719526));
#1441 = CARTESIAN_POINT('',(-4.74321067822,19.07211765639));
#1442 = CARTESIAN_POINT('',(-4.736926925834,19.261909140805));
#1443 = CARTESIAN_POINT('',(-4.73064317008,19.451373960829));
#1444 = CARTESIAN_POINT('',(-4.724359410796,19.640501046016));
#1445 = CARTESIAN_POINT('',(-4.717128313384,19.857739519678));
#1446 = CARTESIAN_POINT('',(-4.716180799186,19.886196863545));
#1447 = CARTESIAN_POINT('',(-4.715233112988,19.914651622175));
#1448 = CARTESIAN_POINT('',(-4.714285254693,19.94310379467));
#1449 = CARTESIAN_POINT('',(-4.713337215997,19.971553256073));
#1450 = CARTESIAN_POINT('',(-4.712388980385,19.999999757377));
#1451 = ( GEOMETRIC_REPRESENTATION_CONTEXT(2) 
PARAMETRIC_REPRESENTATION_CONTEXT() REPRESENTATION_CONTEXT('2D SPACE',''
  ) );
#1452 = ORIENTED_EDGE('',*,*,#1453,.T.);
#1453 = EDGE_CURVE('',#1344,#1167,#1454,.T.);
#1454 = SURFACE_CURVE('',#1455,(#1473,#1494),.PCURVE_S1.);
#1455 = B_SPLINE_CURVE_WITH_KNOTS('',6,(#1456,#1457,#1458,#1459,#1460,
    #1461,#1462,#1463,#1464,#1465,#1466,#1467,#1468,#1469,#1470,#1471,
    #1472),.UNSPECIFIED.,.F.,.F.,(7,5,5,7),(0.,0.285488318557,
    0.680247386376,1.),.UNSPECIFIED.);
#1456 = CARTESIAN_POINT('',(3.329441263612E+04,1.110163361848E+04,
    6.9E+03));
#1457 = CARTESIAN_POINT('',(3.329271062714E+04,1.110133721515E+04,
    6.9E+03));
#1458 = CARTESIAN_POINT('',(3.329100930426E+04,1.110103691804E+04,
    6.9E+03));
#1459 = CARTESIAN_POINT('',(3.328930813955E+04,1.110073561992E+04,
    6.9E+03));
#1460 = CARTESIAN_POINT('',(3.328760660516E+04,1.110043632321E+04,
    6.9E+03));
#1461 = CARTESIAN_POINT('',(3.328590416856E+04,1.110014216715E+04,
    6.9E+03));
#1462 = CARTESIAN_POINT('',(3.328184428554E+04,1.109946116112E+04,
    6.9E+03));
#1463 = CARTESIAN_POINT('',(3.327948562577E+04,1.109908194097E+04,
    6.9E+03));
#1464 = CARTESIAN_POINT('',(3.327712289097E+04,1.109872716909E+04,
    6.9E+03));
#1465 = CARTESIAN_POINT('',(3.327475517078E+04,1.109840565295E+04,
    6.9E+03));
#1466 = CARTESIAN_POINT('',(3.32723821357E+04,1.10981260933E+04,6.9E+03)
  );
#1467 = CARTESIAN_POINT('',(3.326807822274E+04,1.109770853229E+04,
    6.9E+03));
#1468 = CARTESIAN_POINT('',(3.32661489817E+04,1.109755372603E+04,6.9E+03
    ));
#1469 = CARTESIAN_POINT('',(3.326421699943E+04,1.109743466432E+04,
    6.9E+03));
#1470 = CARTESIAN_POINT('',(3.326228294901E+04,1.10973542708E+04,6.9E+03
    ));
#1471 = CARTESIAN_POINT('',(3.326034776063E+04,1.109731407917E+04,
    6.9E+03));
#1472 = CARTESIAN_POINT('',(3.325841263612E+04,1.109731407917E+04,
    6.9E+03));
#1473 = PCURVE('',#493,#1474);
#1474 = DEFINITIONAL_REPRESENTATION('',(#1475),#1493);
#1475 = B_SPLINE_CURVE_WITH_KNOTS('',6,(#1476,#1477,#1478,#1479,#1480,
    #1481,#1482,#1483,#1484,#1485,#1486,#1487,#1488,#1489,#1490,#1491,
    #1492),.UNSPECIFIED.,.F.,.F.,(7,5,5,7),(0.,0.285488318557,
    0.680247386376,1.),.UNSPECIFIED.);
#1476 = CARTESIAN_POINT('',(-0.345555580582,4.23749375971));
#1477 = CARTESIAN_POINT('',(-0.330488220631,4.215885857064));
#1478 = CARTESIAN_POINT('',(-0.315230784594,4.195083845894));
#1479 = CARTESIAN_POINT('',(-0.299786421929,4.175128020592));
#1480 = CARTESIAN_POINT('',(-0.284159242395,4.156067917033));
#1481 = CARTESIAN_POINT('',(-0.268354379614,4.137962343827));
#1482 = CARTESIAN_POINT('',(-0.230287041945,4.097253000482));
#1483 = CARTESIAN_POINT('',(-0.207869121383,4.075580860684));
#1484 = CARTESIAN_POINT('',(-0.185140762856,4.056034635939));
#1485 = CARTESIAN_POINT('',(-0.162127267368,4.038819319554));
#1486 = CARTESIAN_POINT('',(-0.138864699369,4.024154273765));
#1487 = CARTESIAN_POINT('',(-9.639620248388E-02,4.002553025481));
#1488 = CARTESIAN_POINT('',(-7.725909536517E-02,3.994677664097));
#1489 = CARTESIAN_POINT('',(-5.801754664299E-02,3.988690522267));
#1490 = CARTESIAN_POINT('',(-3.870312870901E-02,3.984670921474));
#1491 = CARTESIAN_POINT('',(-1.935124505596E-02,3.982661324158));
#1492 = CARTESIAN_POINT('',(0.,3.982661324158));
#1493 = ( GEOMETRIC_REPRESENTATION_CONTEXT(2) 
PARAMETRIC_REPRESENTATION_CONTEXT() REPRESENTATION_CONTEXT('2D SPACE',''
  ) );
#1494 = PCURVE('',#1232,#1495);
#1495 = DEFINITIONAL_REPRESENTATION('',(#1496),#1514);
#1496 = B_SPLINE_CURVE_WITH_KNOTS('',6,(#1497,#1498,#1499,#1500,#1501,
    #1502,#1503,#1504,#1505,#1506,#1507,#1508,#1509,#1510,#1511,#1512,
    #1513),.UNSPECIFIED.,.F.,.F.,(7,5,5,7),(0.,0.285488318557,
    0.680247386376,1.),.UNSPECIFIED.);
#1497 = CARTESIAN_POINT('',(-36.,-26.68021909066));
#1498 = CARTESIAN_POINT('',(-34.29799102001,-26.3838157554));
#1499 = CARTESIAN_POINT('',(-32.5966681356,-26.08351865254));
#1500 = CARTESIAN_POINT('',(-30.89550342293,-25.78222052543));
#1501 = CARTESIAN_POINT('',(-29.1939690368,-25.48292382022));
#1502 = CARTESIAN_POINT('',(-27.49153243927,-25.18876776155));
#1503 = CARTESIAN_POINT('',(-23.43164941793,-24.50776173222));
#1504 = CARTESIAN_POINT('',(-21.0729896517,-24.12854158071));
#1505 = CARTESIAN_POINT('',(-18.71025484866,-23.7737697024));
#1506 = CARTESIAN_POINT('',(-16.34253465949,-23.45225355774));
#1507 = CARTESIAN_POINT('',(-13.9694995726,-23.17269390553));
#1508 = CARTESIAN_POINT('',(-9.665586616647,-22.75513289393));
#1509 = CARTESIAN_POINT('',(-7.736345579069,-22.60032663445));
#1510 = CARTESIAN_POINT('',(-5.804363304,-22.48126492982));
#1511 = CARTESIAN_POINT('',(-3.870312892155,-22.40087140527));
#1512 = CARTESIAN_POINT('',(-1.935124505595,-22.360679775));
#1513 = CARTESIAN_POINT('',(0.,-22.360679775));
#1514 = ( GEOMETRIC_REPRESENTATION_CONTEXT(2) 
PARAMETRIC_REPRESENTATION_CONTEXT() REPRESENTATION_CONTEXT('2D SPACE',''
  ) );
#1515 = ORIENTED_EDGE('',*,*,#1166,.F.);
#1516 = ORIENTED_EDGE('',*,*,#1517,.F.);
#1517 = EDGE_CURVE('',#1518,#1100,#1520,.T.);
#1518 = VERTEX_POINT('',#1519);
#1519 = CARTESIAN_POINT('',(3.327674596946E+04,1.105120705464E+04,
    6.9E+03));
#1520 = SURFACE_CURVE('',#1521,(#1538,#1558),.PCURVE_S1.);
#1521 = B_SPLINE_CURVE_WITH_KNOTS('',8,(#1522,#1523,#1524,#1525,#1526,
    #1527,#1528,#1529,#1530,#1531,#1532,#1533,#1534,#1535,#1536,#1537),
  .UNSPECIFIED.,.F.,.F.,(9,7,9),(0.,0.309042860701,1.),.UNSPECIFIED.);
#1522 = CARTESIAN_POINT('',(3.329441263612E+04,1.10482731803E+04,6.9E+03
    ));
#1523 = CARTESIAN_POINT('',(3.32930309223E+04,1.104851380452E+04,6.9E+03
    ));
#1524 = CARTESIAN_POINT('',(3.329164964192E+04,1.104875687223E+04,
    6.9E+03));
#1525 = CARTESIAN_POINT('',(3.329026855303E+04,1.104900107362E+04,
    6.9E+03));
#1526 = CARTESIAN_POINT('',(3.328888741507E+04,1.104924506662E+04,
    6.9E+03));
#1527 = CARTESIAN_POINT('',(3.328750598815E+04,1.104948747221E+04,
    6.9E+03));
#1528 = CARTESIAN_POINT('',(3.328612403316E+04,1.104972687554E+04,
    6.9E+03));
#1529 = CARTESIAN_POINT('',(3.328474131301E+04,1.104996183261E+04,
    6.9E+03));
#1530 = CARTESIAN_POINT('',(3.328026388141E+04,1.105070299216E+04,
    6.9E+03));
#1531 = CARTESIAN_POINT('',(3.327716469746E+04,1.105118565457E+04,
    6.9E+03));
#1532 = CARTESIAN_POINT('',(3.327405787647E+04,1.105162245349E+04,
    6.9E+03));
#1533 = CARTESIAN_POINT('',(3.327094226878E+04,1.105199644833E+04,
    6.9E+03));
#1534 = CARTESIAN_POINT('',(3.32678178197E+04,1.105229103095E+04,6.9E+03
    ));
#1535 = CARTESIAN_POINT('',(3.326468575885E+04,1.105249216104E+04,
    6.9E+03));
#1536 = CARTESIAN_POINT('',(3.326154908198E+04,1.105259271962E+04,
    6.9E+03));
#1537 = CARTESIAN_POINT('',(3.325841263612E+04,1.105259271962E+04,
    6.9E+03));
#1538 = PCURVE('',#493,#1539);
#1539 = DEFINITIONAL_REPRESENTATION('',(#1540),#1557);
#1540 = B_SPLINE_CURVE_WITH_KNOTS('',8,(#1541,#1542,#1543,#1544,#1545,
    #1546,#1547,#1548,#1549,#1550,#1551,#1552,#1553,#1554,#1555,#1556),
  .UNSPECIFIED.,.F.,.F.,(9,7,9),(0.,0.309042860701,1.),.UNSPECIFIED.);
#1541 = CARTESIAN_POINT('',(-0.345555580582,2.045691547469));
#1542 = CARTESIAN_POINT('',(-0.333323694726,2.063233134027));
#1543 = CARTESIAN_POINT('',(-0.320972531026,2.08026886122));
#1544 = CARTESIAN_POINT('',(-0.308503491438,2.096780515386));
#1545 = CARTESIAN_POINT('',(-0.295918271467,2.112747148017));
#1546 = CARTESIAN_POINT('',(-0.283218871066,2.128145065251));
#1547 = CARTESIAN_POINT('',(-0.270407611858,2.142947945746));
#1548 = CARTESIAN_POINT('',(-0.257487160691,2.157127086903));
#1549 = CARTESIAN_POINT('',(-0.215335722079,2.200890248212));
#1550 = CARTESIAN_POINT('',(-0.185675733148,2.227862005913));
#1551 = CARTESIAN_POINT('',(-0.155518435778,2.25121774393));
#1552 = CARTESIAN_POINT('',(-0.124920126636,2.270552673995));
#1553 = CARTESIAN_POINT('',(-9.395780928792E-02,2.285439380469));
#1554 = CARTESIAN_POINT('',(-6.273122628187E-02,2.295496085075));
#1555 = CARTESIAN_POINT('',(-3.136445856026E-02,2.300523983022));
#1556 = CARTESIAN_POINT('',(0.,2.300523983022));
#1557 = ( GEOMETRIC_REPRESENTATION_CONTEXT(2) 
PARAMETRIC_REPRESENTATION_CONTEXT() REPRESENTATION_CONTEXT('2D SPACE',''
  ) );
#1558 = PCURVE('',#1141,#1559);
#1559 = DEFINITIONAL_REPRESENTATION('',(#1560),#1577);
#1560 = B_SPLINE_CURVE_WITH_KNOTS('',8,(#1561,#1562,#1563,#1564,#1565,
    #1566,#1567,#1568,#1569,#1570,#1571,#1572,#1573,#1574,#1575,#1576),
  .UNSPECIFIED.,.F.,.F.,(9,7,9),(0.,0.309042860701,1.),.UNSPECIFIED.);
#1561 = CARTESIAN_POINT('',(-36.,26.680219090666));
#1562 = CARTESIAN_POINT('',(-34.61828617369,26.439594868752));
#1563 = CARTESIAN_POINT('',(-33.23700580183,26.196527161683));
#1564 = CARTESIAN_POINT('',(-31.85591690542,25.952325767521));
#1565 = CARTESIAN_POINT('',(-30.47477894846,25.708332774893));
#1566 = CARTESIAN_POINT('',(-29.09335202447,25.465927183657));
#1567 = CARTESIAN_POINT('',(-27.71139703846,25.226523854004));
#1568 = CARTESIAN_POINT('',(-26.32867688408,24.991566783985));
#1569 = CARTESIAN_POINT('',(-21.8512452913,24.250407230804));
#1570 = CARTESIAN_POINT('',(-18.75206133339,23.76774482479));
#1571 = CARTESIAN_POINT('',(-15.64524034308,23.330945899281));
#1572 = CARTESIAN_POINT('',(-12.52963265482,22.956951062111));
#1573 = CARTESIAN_POINT('',(-9.405183578565,22.662368437148));
#1574 = CARTESIAN_POINT('',(-6.273122726248,22.461238352462));
#1575 = CARTESIAN_POINT('',(-3.136445856027,22.360679774996));
#1576 = CARTESIAN_POINT('',(0.,22.360679774996));
#1577 = ( GEOMETRIC_REPRESENTATION_CONTEXT(2) 
PARAMETRIC_REPRESENTATION_CONTEXT() REPRESENTATION_CONTEXT('2D SPACE',''
  ) );
#1578 = ORIENTED_EDGE('',*,*,#1579,.F.);
#1579 = EDGE_CURVE('',#410,#1518,#1580,.T.);
#1580 = SURFACE_CURVE('',#1581,(#1604,#1630),.PCURVE_S1.);
#1581 = B_SPLINE_CURVE_WITH_KNOTS('',6,(#1582,#1583,#1584,#1585,#1586,
    #1587,#1588,#1589,#1590,#1591,#1592,#1593,#1594,#1595,#1596,#1597,
    #1598,#1599,#1600,#1601,#1602,#1603),.UNSPECIFIED.,.F.,.F.,(7,5,5,5,
    7),(0.,7.224048342657E-02,0.419245488991,0.718269470871,1.),
  .UNSPECIFIED.);
#1582 = CARTESIAN_POINT('',(3.325841263612E+04,1.104495339939E+04,
    6.919999999901E+03));
#1583 = CARTESIAN_POINT('',(3.325865234762E+04,1.104495339939E+04,
    6.919760288804E+03));
#1584 = CARTESIAN_POINT('',(3.325889167589E+04,1.104495569785E+04,
    6.919520385446E+03));
#1585 = CARTESIAN_POINT('',(3.325913061098E+04,1.104496028101E+04,
    6.919280299451E+03));
#1586 = CARTESIAN_POINT('',(3.325936914219E+04,1.104496713577E+04,
    6.919040039627E+03));
#1587 = CARTESIAN_POINT('',(3.325960725899E+04,1.104497624971E+04,
    6.918799614447E+03));
#1588 = CARTESIAN_POINT('',(3.326098670323E+04,1.104504218489E+04,
    6.917403404429E+03));
#1589 = CARTESIAN_POINT('',(3.326211865406E+04,1.104514861295E+04,
    6.916244178785E+03));
#1590 = CARTESIAN_POINT('',(3.326323974786E+04,1.104530558924E+04,
    6.915082267232E+03));
#1591 = CARTESIAN_POINT('',(3.326434900118E+04,1.104551216738E+04,
    6.913918577718E+03));
#1592 = CARTESIAN_POINT('',(3.326544550576E+04,1.104576771703E+04,
    6.912754012937E+03));
#1593 = CARTESIAN_POINT('',(3.326746160273E+04,1.104633424861E+04,
    6.910585962289E+03));
#1594 = CARTESIAN_POINT('',(3.326838467033E+04,1.104663267369E+04,
    6.909582493466E+03));
#1595 = CARTESIAN_POINT('',(3.326929708935E+04,1.104696715385E+04,
    6.908579648204E+03));
#1596 = CARTESIAN_POINT('',(3.327019829986E+04,1.104733775997E+04,
    6.907578072168E+03));
#1597 = CARTESIAN_POINT('',(3.32710877224E+04,1.104774478723E+04,
    6.906578482336E+03));
#1598 = CARTESIAN_POINT('',(3.327279106002E+04,1.104860726555E+04,
    6.904642535643E+03));
#1599 = CARTESIAN_POINT('',(3.32736063421E+04,1.104905854239E+04,
    6.903705893549E+03));
#1600 = CARTESIAN_POINT('',(3.327441010791E+04,1.104954322958E+04,
    6.902772416221E+03));
#1601 = CARTESIAN_POINT('',(3.327520177097E+04,1.105006209845E+04,
    6.901842917163E+03));
#1602 = CARTESIAN_POINT('',(3.327598065462E+04,1.105061619433E+04,
    6.90091837781E+03));
#1603 = CARTESIAN_POINT('',(3.327674596996E+04,1.105120705503E+04,
    6.8999999994E+03));
#1604 = PCURVE('',#493,#1605);
#1605 = DEFINITIONAL_REPRESENTATION('',(#1606),#1629);
#1606 = B_SPLINE_CURVE_WITH_KNOTS('',6,(#1607,#1608,#1609,#1610,#1611,
    #1612,#1613,#1614,#1615,#1616,#1617,#1618,#1619,#1620,#1621,#1622,
    #1623,#1624,#1625,#1626,#1627,#1628),.UNSPECIFIED.,.F.,.F.,(7,5,5,5,
    7),(0.,7.224048342657E-02,0.419245488991,0.718269470871,1.),
  .UNSPECIFIED.);
#1607 = CARTESIAN_POINT('',(0.,1.570796330092));
#1608 = CARTESIAN_POINT('',(-1.997595781922E-03,1.578786699981));
#1609 = CARTESIAN_POINT('',(-4.00157493742E-03,1.586764324768));
#1610 = CARTESIAN_POINT('',(-6.011897648374E-03,1.59472974437));
#1611 = CARTESIAN_POINT('',(-8.02851549067E-03,1.602683516086));
#1612 = CARTESIAN_POINT('',(-1.005137940459E-02,1.610626200283));
#1613 = CARTESIAN_POINT('',(-2.182701648184E-02,1.656660171577));
#1614 = CARTESIAN_POINT('',(-3.171655289671E-02,1.694518218083));
#1615 = CARTESIAN_POINT('',(-4.174428996459E-02,1.732194759763));
#1616 = CARTESIAN_POINT('',(-5.190495352485E-02,1.769748855576));
#1617 = CARTESIAN_POINT('',(-6.219272347007E-02,1.807240582182));
#1618 = CARTESIAN_POINT('',(-8.157035129847E-02,1.877046702714));
#1619 = CARTESIAN_POINT('',(-9.062893662723E-02,1.909359393204));
#1620 = CARTESIAN_POINT('',(-9.977273925273E-02,1.94171619555));
#1621 = CARTESIAN_POINT('',(-0.108996653478,1.974160599086));
#1622 = CARTESIAN_POINT('',(-0.118294486313,2.006739555464));
#1623 = CARTESIAN_POINT('',(-0.136481289237,2.070381155246));
#1624 = CARTESIAN_POINT('',(-0.145362539787,2.101421603494));
#1625 = CARTESIAN_POINT('',(-0.154296238068,2.132675607391));
#1626 = CARTESIAN_POINT('',(-0.163274319573,2.164193286514));
#1627 = CARTESIAN_POINT('',(-0.172286549994,2.196031139853));
#1628 = CARTESIAN_POINT('',(-0.181319780303,2.228259904232));
#1629 = ( GEOMETRIC_REPRESENTATION_CONTEXT(2) 
PARAMETRIC_REPRESENTATION_CONTEXT() REPRESENTATION_CONTEXT('2D SPACE',''
  ) );
#1630 = PCURVE('',#1058,#1631);
#1631 = DEFINITIONAL_REPRESENTATION('',(#1632),#1655);
#1632 = B_SPLINE_CURVE_WITH_KNOTS('',6,(#1633,#1634,#1635,#1636,#1637,
    #1638,#1639,#1640,#1641,#1642,#1643,#1644,#1645,#1646,#1647,#1648,
    #1649,#1650,#1651,#1652,#1653,#1654),.UNSPECIFIED.,.F.,.F.,(7,5,5,5,
    7),(0.,7.224048342657E-02,0.419245488991,0.718269470871,1.),
  .UNSPECIFIED.);
#1633 = CARTESIAN_POINT('',(-1.570796326795,19.999999901096));
#1634 = CARTESIAN_POINT('',(-1.562805943676,19.760288804268));
#1635 = CARTESIAN_POINT('',(-1.554828334711,19.520385445842));
#1636 = CARTESIAN_POINT('',(-1.546862913335,19.280299450787));
#1637 = CARTESIAN_POINT('',(-1.538909132908,19.040039627356));
#1638 = CARTESIAN_POINT('',(-1.530966453307,18.799614446622));
#1639 = CARTESIAN_POINT('',(-1.484932482013,17.403404429147));
#1640 = CARTESIAN_POINT('',(-1.447074435507,16.244178785437));
#1641 = CARTESIAN_POINT('',(-1.409397893826,15.082267231706));
#1642 = CARTESIAN_POINT('',(-1.371843798015,13.918577717715));
#1643 = CARTESIAN_POINT('',(-1.334352071408,12.754012936586));
#1644 = CARTESIAN_POINT('',(-1.264545950876,10.585962289129));
#1645 = CARTESIAN_POINT('',(-1.232233260386,9.582493466356));
#1646 = CARTESIAN_POINT('',(-1.19987645804,8.579648204279));
#1647 = CARTESIAN_POINT('',(-1.167432054504,7.578072167689));
#1648 = CARTESIAN_POINT('',(-1.134853098125,6.578482336116));
#1649 = CARTESIAN_POINT('',(-1.071211498344,4.642535642797));
#1650 = CARTESIAN_POINT('',(-1.040171050096,3.705893548699));
#1651 = CARTESIAN_POINT('',(-1.008917046199,2.772416221089));
#1652 = CARTESIAN_POINT('',(-0.977399367076,1.842917163484));
#1653 = CARTESIAN_POINT('',(-0.945561513736,0.918377810272));
#1654 = CARTESIAN_POINT('',(-0.913332749357,-6.E-07));
#1655 = ( GEOMETRIC_REPRESENTATION_CONTEXT(2) 
PARAMETRIC_REPRESENTATION_CONTEXT() REPRESENTATION_CONTEXT('2D SPACE',''
  ) );
#1656 = ADVANCED_FACE('',(#1657),#1058,.T.);
#1657 = FACE_BOUND('',#1658,.F.);
#1658 = EDGE_LOOP('',(#1659,#1660,#1661));
#1659 = ORIENTED_EDGE('',*,*,#984,.T.);
#1660 = ORIENTED_EDGE('',*,*,#1579,.T.);
#1661 = ORIENTED_EDGE('',*,*,#1662,.T.);
#1662 = EDGE_CURVE('',#1518,#985,#1663,.T.);
#1663 = SURFACE_CURVE('',#1664,(#1669,#1676),.PCURVE_S1.);
#1664 = CIRCLE('',#1665,30.);
#1665 = AXIS2_PLACEMENT_3D('',#1666,#1667,#1668);
#1666 = CARTESIAN_POINT('',(3.325841263612E+04,1.107495339939E+04,
    6.9E+03));
#1667 = DIRECTION('',(0.,0.,-1.));
#1668 = DIRECTION('',(1.,-0.,-0.));
#1669 = PCURVE('',#1058,#1670);
#1670 = DEFINITIONAL_REPRESENTATION('',(#1671),#1675);
#1671 = LINE('',#1672,#1673);
#1672 = CARTESIAN_POINT('',(-0.,0.));
#1673 = VECTOR('',#1674,1.);
#1674 = DIRECTION('',(-1.,0.));
#1675 = ( GEOMETRIC_REPRESENTATION_CONTEXT(2) 
PARAMETRIC_REPRESENTATION_CONTEXT() REPRESENTATION_CONTEXT('2D SPACE',''
  ) );
#1676 = PCURVE('',#1141,#1677);
#1677 = DEFINITIONAL_REPRESENTATION('',(#1678),#1686);
#1678 = ( BOUNDED_CURVE() B_SPLINE_CURVE(2,(#1679,#1680,#1681,#1682,
#1683,#1684,#1685),.UNSPECIFIED.,.T.,.F.) B_SPLINE_CURVE_WITH_KNOTS((1,2
    ,2,2,2,1),(-2.094395102393,0.,2.094395102393,4.188790204786,
6.28318530718,8.377580409573),.UNSPECIFIED.) CURVE() 
GEOMETRIC_REPRESENTATION_ITEM() RATIONAL_B_SPLINE_CURVE((1.,0.5,1.,0.5,
1.,0.5,1.)) REPRESENTATION_ITEM('') );
#1679 = CARTESIAN_POINT('',(-30.,0.));
#1680 = CARTESIAN_POINT('',(-30.,51.961524227066));
#1681 = CARTESIAN_POINT('',(15.,25.980762113533));
#1682 = CARTESIAN_POINT('',(60.,7.347880794884E-15));
#1683 = CARTESIAN_POINT('',(15.,-25.98076211353));
#1684 = CARTESIAN_POINT('',(-30.,-51.96152422706));
#1685 = CARTESIAN_POINT('',(-30.,0.));
#1686 = ( GEOMETRIC_REPRESENTATION_CONTEXT(2) 
PARAMETRIC_REPRESENTATION_CONTEXT() REPRESENTATION_CONTEXT('2D SPACE',''
  ) );
#1687 = ADVANCED_FACE('',(#1688),#1141,.F.);
#1688 = FACE_BOUND('',#1689,.T.);
#1689 = EDGE_LOOP('',(#1690,#1691,#1692));
#1690 = ORIENTED_EDGE('',*,*,#1517,.F.);
#1691 = ORIENTED_EDGE('',*,*,#1662,.T.);
#1692 = ORIENTED_EDGE('',*,*,#1099,.T.);
#1693 = ADVANCED_FACE('',(#1694),#1232,.F.);
#1694 = FACE_BOUND('',#1695,.T.);
#1695 = EDGE_LOOP('',(#1696,#1722,#1723));
#1696 = ORIENTED_EDGE('',*,*,#1697,.T.);
#1697 = EDGE_CURVE('',#1191,#1344,#1698,.T.);
#1698 = SURFACE_CURVE('',#1699,(#1704,#1715),.PCURVE_S1.);
#1699 = CIRCLE('',#1700,30.);
#1700 = AXIS2_PLACEMENT_3D('',#1701,#1702,#1703);
#1701 = CARTESIAN_POINT('',(3.325841263612E+04,1.107495339939E+04,
    6.9E+03));
#1702 = DIRECTION('',(0.,0.,-1.));
#1703 = DIRECTION('',(1.,-0.,-0.));
#1704 = PCURVE('',#1232,#1705);
#1705 = DEFINITIONAL_REPRESENTATION('',(#1706),#1714);
#1706 = ( BOUNDED_CURVE() B_SPLINE_CURVE(2,(#1707,#1708,#1709,#1710,
#1711,#1712,#1713),.UNSPECIFIED.,.T.,.F.) B_SPLINE_CURVE_WITH_KNOTS((1,2
    ,2,2,2,1),(-2.094395102393,0.,2.094395102393,4.188790204786,
6.28318530718,8.377580409573),.UNSPECIFIED.) CURVE() 
GEOMETRIC_REPRESENTATION_ITEM() RATIONAL_B_SPLINE_CURVE((1.,0.5,1.,0.5,
1.,0.5,1.)) REPRESENTATION_ITEM('') );
#1707 = CARTESIAN_POINT('',(-30.,0.));
#1708 = CARTESIAN_POINT('',(-30.,51.961524227066));
#1709 = CARTESIAN_POINT('',(15.,25.980762113533));
#1710 = CARTESIAN_POINT('',(60.,7.347880794884E-15));
#1711 = CARTESIAN_POINT('',(15.,-25.98076211353));
#1712 = CARTESIAN_POINT('',(-30.,-51.96152422706));
#1713 = CARTESIAN_POINT('',(-30.,0.));
#1714 = ( GEOMETRIC_REPRESENTATION_CONTEXT(2) 
PARAMETRIC_REPRESENTATION_CONTEXT() REPRESENTATION_CONTEXT('2D SPACE',''
  ) );
#1715 = PCURVE('',#1309,#1716);
#1716 = DEFINITIONAL_REPRESENTATION('',(#1717),#1721);
#1717 = LINE('',#1718,#1719);
#1718 = CARTESIAN_POINT('',(-0.,0.));
#1719 = VECTOR('',#1720,1.);
#1720 = DIRECTION('',(-1.,0.));
#1721 = ( GEOMETRIC_REPRESENTATION_CONTEXT(2) 
PARAMETRIC_REPRESENTATION_CONTEXT() REPRESENTATION_CONTEXT('2D SPACE',''
  ) );
#1722 = ORIENTED_EDGE('',*,*,#1453,.T.);
#1723 = ORIENTED_EDGE('',*,*,#1190,.T.);
#1724 = ADVANCED_FACE('',(#1725),#1309,.T.);
#1725 = FACE_BOUND('',#1726,.F.);
#1726 = EDGE_LOOP('',(#1727,#1728,#1729));
#1727 = ORIENTED_EDGE('',*,*,#1343,.T.);
#1728 = ORIENTED_EDGE('',*,*,#1257,.T.);
#1729 = ORIENTED_EDGE('',*,*,#1697,.T.);
#1730 = ( GEOMETRIC_REPRESENTATION_CONTEXT(3) 
GLOBAL_UNCERTAINTY_ASSIGNED_CONTEXT((#1734)) 
GLOBAL_UNIT_ASSIGNED_CONTEXT((#1731,#1732,#1733)) REPRESENTATION_CONTEXT
('Context #1','3D Context with UNIT and UNCERTAINTY') );
#1731 = ( LENGTH_UNIT() NAMED_UNIT(*) SI_UNIT(.MILLI.,.METRE.) );
#1732 = ( NAMED_UNIT(*) PLANE_ANGLE_UNIT() SI_UNIT($,.RADIAN.) );
#1733 = ( NAMED_UNIT(*) SI_UNIT($,.STERADIAN.) SOLID_ANGLE_UNIT() );
#1734 = UNCERTAINTY_MEASURE_WITH_UNIT(LENGTH_MEASURE(2.E-07),#1731,
  'distance_accuracy_value','confusion accuracy');
#1735 = PRODUCT_RELATED_PRODUCT_CATEGORY('part',$,(#7));
ENDSEC;
END-ISO-10303-21;
